case_id,particle_id,event,event_time_ns,x_mm,y_mm,z_mm,Kperp_eV,Ktotal_eV,status_final
transport_highfield_10,1,timeout,nan,2.71440950673119,-0.31365554066248885,89.15951033072844,2439.3579565016316,2439.4363789332588,nan
transport_highfield_10,2,timeout,nan,-3.1370267657914,-2.0171378369437254,117.84158240126547,2531.832549454399,2541.8219141032473,nan
transport_highfield_10,3,timeout,nan,1.0415079802208815,-3.131503116491413,151.69590146983933,3065.343337412578,3110.883006333329,nan
transport_highfield_10,4,is_backward,59.800000000000004,1.9343712656590744,9.056676226490868,0.06444298617247178,29371.78282916384,30030.727172675917,nan
transport_highfield_10,5,is_backward,29.900000000000002,-8.533089134941367,7.878725048430846,0.06945795787552128,52258.798929701356,56404.68125546596,nan
transport_highfield_10,6,timeout,nan,-0.060899184293054624,0.38276103427493235,224.55727833641257,889.6102289011999,915.9119598272731,nan
transport_highfield_10,7,timeout,nan,1.1979363050306642,1.8487969049034536,171.90231423099638,1559.66801853623,1573.7135131104335,nan
transport_highfield_10,8,timeout,nan,-2.634153909292988,2.103580607580497,185.914819167696,3103.6584060305204,3126.346392201958,nan
transport_highfield_10,9,timeout,nan,-3.1394806367379955,-4.305718552212946,275.12280716972407,2983.321920565476,3166.423467657794,nan
transport_highfield_10,10,timeout,nan,-2.239190365588794,2.917432766651556,205.73972305611014,2332.0426342328724,2364.0624321867203,nan
transport_highfield_10_v2,1,timeout,nan,2.71440950673119,-0.31365554066248885,89.15951033072844,2439.3579565016316,2439.4363789332588,1.0
transport_highfield_10_v2,2,timeout,nan,-3.1370267657914,-2.0171378369437254,117.84158240126547,2531.832549454399,2541.8219141032473,1.0
transport_highfield_10_v2,3,timeout,nan,1.0415079802208815,-3.131503116491413,151.69590146983933,3065.343337412578,3110.883006333329,1.0
transport_highfield_10_v2,4,is_backward,59.800000000000004,1.9343712656590744,9.056676226490868,0.06444298617247178,29371.78282916384,30030.727172675917,4.0
transport_highfield_10_v2,5,is_backward,29.900000000000002,-8.533089134941367,7.878725048430846,0.06945795787552128,52258.798929701356,56404.68125546596,4.0
transport_highfield_10_v2,6,timeout,nan,-0.060899184293054624,0.38276103427493235,224.55727833641257,889.6102289011999,915.9119598272731,1.0
transport_highfield_10_v2,7,timeout,nan,1.1979363050306642,1.8487969049034536,171.90231423099638,1559.66801853623,1573.7135131104335,1.0
transport_highfield_10_v2,8,timeout,nan,-2.634153909292988,2.103580607580497,185.914819167696,3103.6584060305204,3126.346392201958,1.0
transport_highfield_10_v2,9,timeout,nan,-3.1394806367379955,-4.305718552212946,275.12280716972407,2983.321920565476,3166.423467657794,1.0
transport_highfield_10_v2,10,timeout,nan,-2.239190365588794,2.917432766651556,205.73972305611014,2332.0426342328724,2364.0624321867203,1.0
transport_highfield_smoke,1,timeout,nan,2.719034851279669,-0.29598707348775155,89.15928422733985,2435.032945689271,2435.111311125897,nan
transport_highfield_smoke,2,timeout,nan,-3.1184257267975806,-2.0176475443195714,117.84139764873969,2527.392152130599,2537.3720310181648,nan
transport_lowfield_1e24_a60,1,timeout,nan,2.714183811072972,-0.31474800257883245,89.15907308656251,2439.611319832697,2439.6896743119064,nan
transport_lowfield_1e24_a60,2,timeout,nan,-3.138165847451458,-2.017167547410244,117.84058425401179,2532.0892093565417,2542.0764696945007,nan
transport_lowfield_1e24_a60,3,timeout,nan,1.0407805559414505,-3.1325424604383416,151.69302255903258,3065.594633249506,3111.108910170947,nan
transport_lowfield_1e24_a60,4,is_backward,59.800000000000004,1.9377472892030079,9.054934338477315,0.06467409454579687,29372.65934108814,30031.603008423983,nan
transport_lowfield_1e24_a60,5,is_backward,29.900000000000002,-8.529662305059976,7.8824866754759855,0.06964986852081394,52259.928679794335,56405.7649427004,nan
transport_lowfield_1e24_a60,6,timeout,nan,-0.05955741845533811,0.38249864499443054,224.4658066954061,888.8224770528956,914.3871384367692,nan
transport_lowfield_1e24_a60,7,timeout,nan,1.198326731245472,1.8479431722102302,171.8944095768183,1559.7915363960315,1573.7916818783972,nan
transport_lowfield_1e24_a60,8,timeout,nan,-2.6331534643500114,2.1044121465096057,185.8976771073764,3103.825748616041,3126.373160163788,nan
transport_lowfield_1e24_a60,9,timeout,nan,-3.1443026468043667,-4.309783308308014,274.50268726466174,2972.02869515817,3134.566887611915,nan
transport_lowfield_1e24_a60,10,timeout,nan,-2.237949192202106,2.9171790523310417,205.6971519687544,2331.869238389098,2363.4789035342155,nan
transport_lowfield_1e24_a60,11,timeout,nan,0.38607780185503093,2.6129067510537967,89.96853165691743,1829.8484092171775,1829.9615581176936,nan
transport_lowfield_1e24_a60,12,is_backward,83.60000000000001,-3.469858795512395,-5.30145718966813,0.06646128819685153,10055.152245213705,10216.446593006927,nan
transport_lowfield_1e24_a60,13,timeout,nan,0.9353386219056852,-2.1685798020511315,112.0923313521911,1223.9093206014227,1228.0115287608194,nan
transport_lowfield_1e24_a60,14,timeout,nan,-1.7303304359294094,-0.6305345623686955,216.27388799398636,1820.8304486651384,1857.2706892787467,nan
transport_lowfield_1e24_a60,15,timeout,nan,2.1136655880241344,-2.072571339618041,148.37456181698093,2635.4801302412598,2676.175743877564,nan
transport_lowfield_1e24_a60,16,timeout,nan,1.629209543190123,1.7216659214556975,167.16146776006764,2335.6598451862988,2361.1283065404496,nan
transport_lowfield_1e24_a60,17,timeout,nan,0.4200218035413731,-1.1965040682462,212.28930280079538,1381.7545535031704,1407.3474550132303,nan
transport_lowfield_1e24_a60,18,timeout,nan,2.2414647782862316,-0.41311759316927993,87.06701583251744,1542.2918946642628,1542.3046496103473,nan
transport_lowfield_1e24_a60,19,timeout,nan,-1.1676321657220303,2.6839664777103995,134.67099392599908,2882.9621081691052,2911.6306155752436,nan
transport_lowfield_1e24_a60,20,timeout,nan,-0.2974407594964919,-0.7272596934162587,180.27652350682968,1054.736957419189,1062.1032935046414,nan
transport_lowfield_1e24_a60,21,timeout,nan,2.642500964984838,1.1486124930875825,48.51871831611858,2693.618931977637,2701.902361385722,nan
transport_lowfield_1e24_a60,22,is_backward,80.70000000000002,5.260346243186196,-1.4371334226711396,0.06581067914387993,9051.553563931711,9221.81535220386,nan
transport_lowfield_1e24_a60,23,is_backward,72.00000000000001,-4.868356187172023,2.366871915030431,0.09950155455645446,12512.510005612354,12794.463976922978,nan
transport_lowfield_1e24_a60,24,timeout,nan,-0.05978324475695595,2.1075617690137656,3.621847899098884,1878.1052278210652,1905.8854556255383,nan
transport_lowfield_1e24_a60,25,timeout,nan,-0.08773840911432029,-2.1362628521586915,54.6406191026272,2074.217165390618,2079.095609544416,nan
transport_lowfield_1e24_a60,26,is_backward,37.60000000000001,-6.064013105709586,6.621337766789307,0.09036475201811862,49421.237246851575,51818.41840676282,nan
transport_lowfield_1e24_a60,27,timeout,nan,-1.3931763208166088,-0.5958671695191137,92.15135830302488,1512.4700439937326,1512.7083011007498,nan
transport_lowfield_1e24_a60,28,timeout,nan,-3.2032593688046096,3.5593596757800854,87.98909204499941,2221.551234990589,2221.581711994855,nan
transport_lowfield_1e24_a60,29,is_backward,58.20000000000001,8.015140315225848,3.436580865276685,0.06439576628302718,27431.73584765411,28124.989868254605,nan
transport_lowfield_1e24_a60,30,is_backward,83.00000000000001,4.914284549337884,3.1866004303475735,0.05177132858721101,10773.731549411179,10944.709689630412,nan
transport_lowfield_1e24_a60,31,timeout,nan,-2.7726955976504537,3.021576752915625,239.6356804786878,4082.7973257490958,4197.649831828084,nan
transport_lowfield_1e24_a60,32,timeout,nan,-1.436365074438305,0.45699598629676275,210.79279666572756,1659.1683242434253,1687.568214295098,nan
transport_lowfield_1e24_a60,33,is_backward,59.60000000000001,5.270390317299002,-5.148856856998596,0.08595000001885911,28350.224807429335,29007.39498889977,nan
transport_lowfield_1e24_a60,34,timeout,nan,-2.755403478976115,0.17385781788321777,140.7776430323273,2740.059862996525,2775.137301611135,nan
transport_lowfield_1e24_a60,35,timeout,nan,1.431314688471534,-2.020502801213326,16.340769342852468,2008.7429106834286,2030.021246725237,nan
transport_lowfield_1e24_a60,36,timeout,nan,-2.480807117449415,-0.8173685683789844,100.74796928156171,1941.6324453302345,1943.173179519503,nan
transport_lowfield_1e24_a60,37,timeout,nan,-2.476333168461571,3.813626463766496,67.44531367567954,2916.6545644462167,2918.9987748560575,nan
transport_lowfield_1e24_a60,38,timeout,nan,-2.1376815575602035,-2.3417589790650193,89.86784895139927,2779.211115093303,2779.331456328856,nan
transport_lowfield_1e24_a60,39,timeout,nan,1.5773156357428448,-0.6192232377591261,89.9672666955935,1238.9586316613131,1239.0585973213672,nan
transport_lowfield_1e24_a60,40,timeout,nan,1.0301693470953786,3.0892346414766187,208.92286659689913,1103.9993015589866,1122.7777581383157,nan
transport_lowfield_1e24_a60,41,timeout,nan,-1.3602872539698916,-1.6036192597153691,126.02505761451991,1715.4640602182878,1729.1989001024776,nan
transport_lowfield_1e24_a60,42,timeout,nan,3.3408586916730925,1.9673282506657446,123.64309436210041,1877.7836667641325,1890.261182060191,nan
transport_lowfield_1e24_a60,43,timeout,nan,-2.93844482421706,-0.7800048624430047,181.89007624434424,1046.412778677021,1053.458618556307,nan
transport_lowfield_1e24_a60,44,timeout,nan,-2.150459612468824,1.9287530223997726,43.577870085922896,2593.319414333364,2603.4679753714813,nan
transport_lowfield_1e24_a60,45,timeout,nan,2.8442618875245476,1.361365041054757,87.68054213149983,3153.028069393525,3153.0494316580407,nan
transport_lowfield_1e24_a60,46,timeout,nan,0.5632376074677524,3.206196364357542,59.85000644781518,2995.434784600404,3000.001706990211,nan
transport_lowfield_1e24_a60,47,is_backward,47.2,-3.4202068677441555,8.164642190953177,0.022136030585337235,36735.9051737772,38029.54233135369,nan
transport_lowfield_1e24_a60,48,timeout,nan,1.2407080378199191,2.1401645563490086,42.99218983650109,1450.8497711285736,1457.5514328321908,nan
transport_lowfield_1e24_a60,49,timeout,nan,-3.7990990054963745,0.5251519732759591,141.00133918214624,2482.538554062679,2515.9953493166468,nan
transport_lowfield_1e24_a60,50,timeout,nan,-3.529785585119416,-1.264936597060336,90.49555013606458,2176.2892447764225,2176.4384370690937,nan
transport_lowfield_1e24_a60,51,timeout,nan,2.1817571890737795,-0.7325213879939779,193.64350233520747,2292.061901875808,2312.637868387207,nan
transport_lowfield_1e24_a60,52,timeout,nan,-0.38397060729447563,1.4404394770225837,147.32171884442704,804.6640044891604,823.2904101814323,nan
transport_lowfield_1e24_a60,53,timeout,nan,-1.7244327322854005,1.6326856249361246,4.788597416497157,1961.329482610409,1989.264462737151,nan
transport_lowfield_1e24_a60,54,timeout,nan,-3.729217358978634,1.2012617653669113,103.45161668923342,2391.4939624221706,2393.998053458246,nan
transport_lowfield_1e24_a60,55,timeout,nan,-2.041856250013431,1.907646620530079,164.83943700041252,2656.755001866693,2688.154320636084,nan
transport_lowfield_1e24_a60,56,timeout,nan,-2.140321415370461,5.323339889094783,227.19483211656853,3194.587550796172,3269.083276596252,nan
transport_lowfield_1e24_a60,57,timeout,nan,-0.49131747593663244,2.1681294108169706,77.57924539798805,2119.806892992697,2120.1934704867526,nan
transport_lowfield_1e24_a60,58,timeout,nan,0.7106321802408571,-1.0467389325794543,62.03078950844963,1319.1453332038743,1321.1960551808654,nan
transport_lowfield_1e24_a60,59,timeout,nan,0.2516231248497721,-2.7391756219357877,159.69197301884424,2084.086042656994,2115.344332689462,nan
transport_lowfield_1e24_a60,60,timeout,nan,-1.5714300087047626,-1.2662301357387742,53.50716784703591,1951.180944773203,1956.1589311865246,nan
transport_lowfield_1e24_a60,61,is_backward,84.40000000000002,-4.159095239155792,0.006002100372040067,0.09157037445147614,5832.68639973894,5948.115766618801,nan
transport_lowfield_1e24_a60,62,timeout,nan,-1.912992233815457,-3.9010663598216357,36.886439218248704,1988.9231044937505,1999.8827597186998,nan
transport_lowfield_1e24_a60,63,timeout,nan,-2.8846903363726075,1.035434634468864,116.49972592950411,2885.7933435617174,2895.490345650876,nan
transport_lowfield_1e24_a60,64,timeout,nan,-0.11934245399497799,2.15347624634753,4.197977424322387,1536.4696351460352,1559.9895239523114,nan
transport_lowfield_1e24_a60,65,timeout,nan,-2.168683644264433,0.34488696483426684,39.006412546322046,1419.229884917415,1427.009295611854,nan
transport_lowfield_1e24_a60,66,timeout,nan,-2.5240792142390913,0.39688735881220094,43.035651936275926,2252.706861064153,2262.0729505482245,nan
transport_lowfield_1e24_a60,67,timeout,nan,-0.9581645052150347,0.1351958380712043,303.0905675517432,1186.991118374362,1315.4861371211512,nan
transport_lowfield_1e24_a60,68,is_backward,67.4,1.9340636668305584,-6.412384205584879,0.06185665172723538,22872.692204996012,23309.97530999704,nan
transport_lowfield_1e24_a60,69,timeout,nan,-2.6370257526468084,-0.0895515054660884,275.0575549922275,2959.8173730270087,3123.2514254924113,nan
transport_lowfield_1e24_a60,70,timeout,nan,1.6526563618463495,1.7928326851589855,94.78360073282718,2281.8236610890867,2282.3921352174316,nan
transport_lowfield_1e24_a60,71,timeout,nan,3.2430516423600926,-2.1124089799229933,186.18509192554845,2786.1994397907924,2806.6433425973396,nan
transport_lowfield_1e24_a60,72,timeout,nan,-3.641777802740327,-1.0350723178033356,117.77915075658072,3006.6003015588126,3017.5293641950175,nan
transport_lowfield_1e24_a60,73,timeout,nan,-3.4102420929394257,1.833232987011709,189.75501377500007,3762.8796133048904,3791.5951466463243,nan
transport_lowfield_1e24_a60,74,timeout,nan,-1.4078428475001212,2.7622893912141144,54.87282351111828,2928.364565585433,2934.5821659213116,nan
transport_lowfield_1e24_a60,75,timeout,nan,-0.01554666958610438,3.750129372653392,192.02282414686766,3640.6996622826614,3670.350752226606,nan
transport_lowfield_1e24_a60,76,timeout,nan,-0.8635474641306617,3.2965037771658854,50.16188742783017,1448.4752167976555,1453.2288608440692,nan
transport_lowfield_1e24_a60,77,is_backward,50.2,3.487324645608203,-6.959558785511844,0.05663515710577243,31835.679747966886,32901.562811302996,nan
transport_lowfield_1e24_a60,78,timeout,nan,3.7866606772609366,-1.4544761645833653,111.43437248487523,3687.4996742377175,3694.7390952816395,nan
transport_lowfield_1e24_a60,79,timeout,nan,2.5385221967246596,0.43093956569947517,206.03960545425642,2648.0158993450036,2683.5620223453047,nan
transport_lowfield_1e24_a60,80,timeout,nan,-2.46978273537741,3.0806195512946073,140.76578539119208,3597.670927920724,3638.4500214539016,nan
transport_lowfield_1e24_a60,81,timeout,nan,-1.5081263877231381,-1.9437329660471623,22.78187579058185,1800.7066706479068,1817.0262943642683,nan
transport_lowfield_1e24_a60,82,timeout,nan,2.7903620075067246,-1.6976894281623498,129.2292780698843,3249.8166233007178,3273.301549035268,nan
transport_lowfield_1e24_a60,83,timeout,nan,3.9198028460564314,-1.4940815171320672,88.63727280603095,2685.975824636501,2686.030221593698,nan
transport_lowfield_1e24_a60,84,timeout,nan,-0.05650658053753987,-2.9114150083318644,43.694022194163516,2611.0931062777954,2621.2392846857038,nan
transport_lowfield_1e24_a60,85,timeout,nan,-0.01844319106691976,1.349527953050871,195.71574130218715,1065.3472897853712,1076.0732142653094,nan
transport_lowfield_1e24_a60,86,timeout,nan,-2.6750493831975213,-2.107564004976854,37.19637991855836,2388.5899280883145,2401.0023523654695,nan
transport_lowfield_1e24_a60,87,timeout,nan,1.4832076816063486,-2.8557516196806283,189.32260728378373,2132.1615990878677,2149.1288942960823,nan
transport_lowfield_1e24_a60,88,timeout,nan,-1.3003702814499831,-3.2390125335390456,74.95765382317771,1673.6483056070304,1674.1972333145914,nan
transport_lowfield_1e24_a60,89,timeout,nan,-0.37046312456639513,2.084466201454098,40.832618264869645,1986.0963518514934,1995.4523611894508,nan
transport_lowfield_1e24_a60,90,timeout,nan,2.1176581315752383,-2.7807613366686907,131.98657920795924,3313.769441394312,3341.036016702659,nan
transport_lowfield_1e24_a60,91,timeout,nan,-0.972554058006345,3.1404249317662085,83.9036027954292,3312.618727166585,3312.659510014777,nan
transport_lowfield_1e24_a60,92,timeout,nan,3.147432552647141,1.276329150327009,73.69612875660367,1898.416425262885,1899.182261321658,nan
transport_lowfield_1e24_a60,93,timeout,nan,0.7932005548691836,-3.6100934213270572,83.12677143792668,2821.6266283914006,2821.6879619551196,nan
transport_lowfield_1e24_a60,94,timeout,nan,-1.150416175298701,-3.2471340742335477,100.06533837698304,3164.3114159551446,3166.103211458182,nan
transport_lowfield_1e24_a60,95,timeout,nan,2.8333537435868528,1.332622373340438,8.063187508148252,2401.3010918817345,2431.3194205259074,nan
transport_lowfield_1e24_a60,96,timeout,nan,2.4552768559571736,0.9911212859610605,160.18812047678847,2622.848174285389,2659.1502347852193,nan
transport_lowfield_1e24_a60,97,timeout,nan,-1.7342816411709374,-0.5462704723945838,204.54899011215014,1912.886007360043,1938.6666747289087,nan
transport_lowfield_1e24_a60,98,timeout,nan,3.4539583229944184,0.05340026634665359,178.9408333272372,2376.8513322524045,2394.0830783683386,nan
transport_lowfield_1e24_a60,99,is_backward,50.900000000000006,-7.724693738143675,-0.2798518609543922,0.06477145697775688,30217.47998804533,31231.439872526276,nan
transport_lowfield_1e24_a60,100,timeout,nan,0.18523584337743065,-2.1412486790936143,66.6081743258004,1161.0113487735723,1162.232973030093,nan
transport_lowfield_1e24_a60,101,timeout,nan,1.9014101876908773,1.0045142085057932,68.14411475569857,1960.5806527677023,1962.1801873180211,nan
transport_lowfield_1e24_a60,102,timeout,nan,0.5145135487046602,-3.0079738814122026,195.7687215423938,2674.142711419596,2699.432940429039,nan
transport_lowfield_1e24_a60,103,timeout,nan,0.9680516112433981,-3.042422450137693,158.5012145754666,3039.4665719397767,3081.476894356775,nan
transport_lowfield_1e24_a60,104,timeout,nan,-1.5775833241649193,-2.508739920812217,177.30544262188025,1843.2012740836362,1856.9281994854948,nan
transport_lowfield_1e24_a60,105,timeout,nan,-2.366800154562046,3.720585109851429,61.563289831129175,2507.1534521252615,2510.6794012397972,nan
transport_lowfield_1e24_a60,106,timeout,nan,2.0739370312753302,1.05161342233402,233.48942999017072,2412.580212676906,2482.4367586450458,nan
transport_lowfield_1e24_a60,107,timeout,nan,-0.7942673014507552,2.0229565777938543,88.81886129908493,2047.2862102410654,2047.3476387437995,nan
transport_lowfield_1e24_a60,108,timeout,nan,-0.27571867777043696,3.4514695274424954,189.66467858576934,2970.137601648658,2993.2595049408487,nan
transport_lowfield_1e24_a60,109,timeout,nan,-0.18138727135171437,2.4953162246536227,60.005260783067826,2393.8457069115184,2397.668352459104,nan
transport_lowfield_1e24_a60,110,timeout,nan,0.8211499896624019,-2.3293656348971754,107.28803373938811,2390.1260378737543,2393.985517032089,nan
transport_lowfield_1e24_a60,111,timeout,nan,-1.0351718712292932,-0.5118945691149783,304.5942020955542,1348.3468218285584,1492.7998628175758,nan
transport_lowfield_1e24_a60,112,is_backward,81.10000000000002,-1.0328733515413668,-4.995133207995703,0.06364919830619362,8116.896526785681,8275.071626993653,nan
transport_lowfield_1e24_a60,113,timeout,nan,0.38918742615719615,-1.7335007834055163,25.173564846181524,1449.6717376254069,1462.5139701225212,nan
transport_lowfield_1e24_a60,114,is_backward,63.80000000000002,-1.9333281569582368,7.29983414947624,0.08400509221292052,22793.41308124103,23301.368047204185,nan
transport_lowfield_1e24_a60,115,timeout,nan,-0.2857032004815304,2.125125195871158,31.76802122838364,1626.4255311204968,1637.7420358649338,nan
transport_lowfield_1e24_a60,116,timeout,nan,-2.017641766875645,-2.050984079237235,71.66254598691788,2329.024607525061,2330.233528426477,nan
transport_lowfield_1e24_a60,117,timeout,nan,-2.6810275349232726,2.06175570145687,130.6933233946779,2996.8724986378484,3021.101374796463,nan
transport_lowfield_1e24_a60,118,timeout,nan,0.10719780091041622,-1.4131352450373649,85.03660664978935,1354.3479538541742,1354.34848516428,nan
transport_lowfield_1e24_a60,119,timeout,nan,-1.2180907190489827,0.3779086211052776,100.36137832039424,1341.6468119529661,1342.828559885854,nan
transport_lowfield_1e24_a60,120,timeout,nan,-1.18049683560094,1.9835741460493888,43.66833759629407,1173.3358006942822,1178.8316937224688,nan
transport_lowfield_1e24_a60,121,timeout,nan,-2.9381467099663983,0.679226041631334,110.77137886936691,3000.299775522495,3006.4418402457254,nan
transport_lowfield_1e24_a60,122,timeout,nan,0.9052425168111387,2.0646285073371797,86.63457418702971,2133.9195064168484,2133.9242168012893,nan
transport_lowfield_1e24_a60,123,timeout,nan,1.995910634332394,0.5976797714918486,100.2367540483716,2021.5668557032,2023.0239049523664,nan
transport_lowfield_1e24_a60,124,timeout,nan,2.0504027690236986,-2.728888175475908,177.83066731467284,2486.7759543014745,2505.090766452014,nan
transport_lowfield_1e24_a60,125,is_backward,35.60000000000001,4.72162007932191,9.95060437785853,0.03828644687561497,48476.61531860038,51200.99599633582,nan
transport_lowfield_1e24_a60,126,is_backward,38.50000000000001,10.063778740474447,6.1482878488908215,-1.8992066864217515e-17,41862.60204590296,44068.562047341846,nan
transport_lowfield_1e24_a60,127,timeout,nan,2.191713083311845,-1.1608037998049685,71.13947865759316,2386.068161689563,2387.3868967012777,nan
transport_lowfield_1e24_a60,128,timeout,nan,1.7504811722274523,2.7238844837525256,168.4619208782287,2789.0528449264093,2816.988489894032,nan
transport_lowfield_1e24_a60,129,timeout,nan,-1.424180074297297,-0.3438506387974707,72.80356357653336,1433.3627209459266,1434.0528294358603,nan
transport_lowfield_1e24_a60,130,timeout,nan,-0.9375593561714466,-3.0772453910301434,77.66754900015627,2394.9014631787973,2395.322834413154,nan
transport_lowfield_1e24_a60,131,timeout,nan,1.0913398896274478,2.8690138988864584,27.052800711353825,3058.2398830117113,3079.3653415265094,nan
transport_lowfield_1e24_a60,132,timeout,nan,1.92846954414953,0.7982080389345128,73.48304217151421,1776.5846949300255,1777.3334823501311,nan
transport_lowfield_1e24_a60,133,timeout,nan,-1.6855705838284956,2.3200345988259823,135.22267361673363,2489.1306423595697,2516.2268937127715,nan
transport_lowfield_1e24_a60,134,timeout,nan,-3.1201609798462946,1.6528751866663216,57.01329959603611,3584.0057096027504,3590.298812146643,nan
transport_lowfield_1e24_a60,135,timeout,nan,1.0556411253580744,-3.8703479640510055,16.368162388661815,4274.336106890528,4310.721303171674,nan
transport_lowfield_1e24_a60,136,timeout,nan,2.1021832839945196,-2.2482568683862922,78.88711236781265,3010.956418105167,3011.3322748282208,nan
transport_lowfield_1e24_a60,137,is_backward,50.2,-3.6976867292044653,-0.08512067103884152,0.059322207626951326,29153.800634231295,30194.6653895713,nan
transport_lowfield_1e24_a60,138,timeout,nan,3.427757087675468,-0.10028765012224658,125.83889497340009,3434.2041256393522,3454.180456030637,nan
transport_lowfield_1e24_a60,139,timeout,nan,2.035695787495269,-0.22902737001218898,44.57973847196496,1965.887492946914,1973.7832386953435,nan
transport_lowfield_1e24_a60,140,timeout,nan,-2.8545940343342675,0.48093178644208395,117.3262985513649,2573.669325599979,2583.3789563751648,nan
transport_lowfield_1e24_a60,141,timeout,nan,-1.4522680512010109,2.6633597289393722,154.5116121812216,1700.8345355907836,1731.3037643795221,nan
transport_lowfield_1e24_a60,142,timeout,nan,2.7336443332361964,-0.8875664698114877,142.9455419349277,2859.079214694883,2897.1370734975258,nan
transport_lowfield_1e24_a60,143,timeout,nan,0.6674268904924306,-2.239941979783326,119.17772683659567,1690.106672692651,1698.8508288495027,nan
transport_lowfield_1e24_a60,144,timeout,nan,-0.13926538812699377,-0.9745110126445223,256.5840086541549,1360.2504351715845,1430.2076299259948,nan
transport_lowfield_1e24_a60,145,timeout,nan,3.043148733635977,-0.8584329665190759,18.730606290928993,2227.6409356466424,2249.1587960117863,nan
transport_lowfield_1e24_a60,146,timeout,nan,-1.4842280421648828,-2.0334159493827744,211.01722653275183,2526.213550507181,2566.362241498277,nan
transport_lowfield_1e24_a60,147,timeout,nan,-0.6545325597219531,0.5564361267834901,111.75538185979141,994.0571735788056,997.5684703248144,nan
transport_lowfield_1e24_a60,148,timeout,nan,-1.1429579079177068,2.7526406132817463,112.19060153960031,2802.23641503774,2808.9267858899734,nan
transport_lowfield_1e24_a60,149,is_backward,24.400000000000002,-2.463449540505287,12.444065939797978,3.5045988192646677e-17,55079.37855286463,61747.866559800415,nan
transport_lowfield_1e24_a60,150,is_backward,85.60000000000001,-3.2062054334002053,1.9080134562185074,0.058901312032894816,6408.706132505856,6525.352248528067,nan
transport_lowfield_1e24_a60,151,timeout,nan,2.5760371805734295,0.5334025703279563,37.62573548650115,2589.627495865637,2602.5803130929708,nan
transport_lowfield_1e24_a60,152,timeout,nan,2.1096237857787092,2.02598713468984,38.59727035329634,2015.030589308115,2025.3859822877805,nan
transport_lowfield_1e24_a60,153,timeout,nan,0.12840554808809215,-3.977437085132057,37.61997162787624,2172.100500335379,2183.483449724799,nan
transport_lowfield_1e24_a60,154,timeout,nan,-1.4602147698206422,1.9438413564332389,79.62997974763822,2359.5942191501144,2359.8359644170237,nan
transport_lowfield_1e24_a60,155,timeout,nan,-0.28259272270896835,-2.47244370560079,184.37868245140493,2514.236768922984,2532.3740742791933,nan
transport_lowfield_1e24_a60,156,timeout,nan,-1.2618941351635509,2.5616967126616483,58.139882208134345,2584.2494901663963,2588.8598796437677,nan
transport_lowfield_1e24_a60,157,timeout,nan,1.0994902657514105,-4.255156290204349,306.24993479020014,3225.690322989795,3494.9710978133094,nan
transport_lowfield_1e24_a60,158,timeout,nan,2.0680198124922717,-0.7749051133662448,107.54414206934085,2136.836847063337,2140.556182847011,nan
transport_lowfield_1e24_a60,159,timeout,nan,0.35300635618259,2.0125947172912966,22.108666575701193,2008.7416405007618,2026.8223992164167,nan
transport_lowfield_1e24_a60,160,timeout,nan,0.8533592551705396,1.641502350976811,30.067257014963197,1810.8073812212529,1823.8267433015735,nan
transport_lowfield_1e24_a60,161,timeout,nan,-1.636093559711931,0.9618604203960662,187.23766224136185,1579.246296890036,1591.179295390992,nan
transport_lowfield_1e24_a60,162,timeout,nan,1.6188182553959276,-1.7311339828056616,2.0388656430375174,1991.109859324271,2021.2045418046805,nan
transport_lowfield_1e24_a60,163,timeout,nan,-2.5922425402020233,-0.38919961093470823,31.996021081160688,2431.9233312761994,2447.121230615015,nan
transport_lowfield_1e24_a60,164,timeout,nan,-1.5208089550013768,-1.0515212250194503,66.76591838011173,1689.722939475471,1691.3597161408993,nan
transport_lowfield_1e24_a60,165,timeout,nan,2.8567907149634966,1.1760278654249934,181.1591711727435,2436.827830076866,2454.4395561272945,nan
transport_lowfield_1e24_a60,166,timeout,nan,-1.7446090449535536,-3.5815311215112353,110.91688945655697,3083.2380932240994,3089.4989365212487,nan
transport_lowfield_1e24_a60,167,timeout,nan,1.795928670959313,0.11681292134455389,37.713075556652626,1406.203345495154,1414.3295570943235,nan
transport_lowfield_1e24_a60,168,timeout,nan,3.49537823219401,-0.8782995314816676,170.91309469717754,2602.4900823483476,2626.1787497985447,nan
transport_lowfield_1e24_a60,169,timeout,nan,-0.6225126289501867,3.6913642594763774,216.98172357148357,3510.3805636350266,3571.9262509604946,nan
transport_lowfield_1e24_a60,170,timeout,nan,3.3433347416228063,0.8965252929649015,26.79833328540892,2354.1107063401614,2371.7402903457414,nan
transport_lowfield_1e24_a60,171,timeout,nan,-1.2237341068629288,1.1512667886117638,198.59528557570093,1657.0718900065858,1675.3597882591098,nan
transport_lowfield_1e24_a60,172,timeout,nan,1.5457742418211518,-2.785088593587983,95.56899021511059,3068.983707441596,3069.7580174441086,nan
transport_lowfield_1e24_a60,173,timeout,nan,2.902037358529474,-0.5064998426926588,120.9877111073765,2797.5686919822774,2810.743268856014,nan
transport_lowfield_1e24_a60,174,timeout,nan,4.7394057718188956,0.08376236077449847,78.69872611529189,3766.0761349679365,3766.557594489885,nan
transport_lowfield_1e24_a60,175,timeout,nan,-3.269420459788966,3.846865111299289,78.5358892559888,2521.456929762156,2521.8157705819112,nan
transport_lowfield_1e24_a60,176,timeout,nan,-4.102609106444249,-0.31569577775821167,36.63353771950999,3689.3555193872776,3706.6543104829625,nan
transport_lowfield_1e24_a60,177,timeout,nan,3.4227705834398803,-1.0143525552203827,303.8275838504718,3481.216198375631,3754.1904182972744,nan
transport_lowfield_1e24_a60,178,timeout,nan,-3.547254950687518,0.22897928289238165,110.16110404852536,2923.7498311969393,2929.4698650765586,nan
transport_lowfield_1e24_a60,179,timeout,nan,0.8715050086052384,0.30771517098528794,75.91205969967599,941.2758596214729,941.5453412864906,nan
transport_lowfield_1e24_a60,180,timeout,nan,3.3526296155658226,1.1803605451348176,181.35949334352264,2717.423887386034,2736.7922433979293,nan
transport_lowfield_1e24_a60,181,timeout,nan,0.34635473779638,2.1862884916630647,44.77670730654569,1321.057711578736,1326.8050369017321,nan
transport_lowfield_1e24_a60,182,timeout,nan,-1.8283683557554857,-2.5535627925865465,119.45638618651788,3033.036335776988,3045.430802167787,nan
transport_lowfield_1e24_a60,183,timeout,nan,0.749412461638487,-1.1620419546404561,287.9075142603965,1449.625734867773,1567.601087489672,nan
transport_lowfield_1e24_a60,184,timeout,nan,-2.869011286702035,0.6924171122685285,84.51262195044553,2412.9728777934006,2412.9856296751495,nan
transport_lowfield_1e24_a60,185,timeout,nan,2.5432395846048834,0.7386706354994381,54.08853124734482,2558.0985881294646,2563.9983728049046,nan
transport_lowfield_1e24_a60,186,timeout,nan,-0.07274507088310365,4.355490442798194,148.00370283572548,3084.1585178608416,3128.8225341560446,nan
transport_lowfield_1e24_a60,187,is_backward,34.50000000000001,-6.900736737270855,10.954965942334026,5.466009487750407e-18,46191.96100498169,49113.60685532983,nan
transport_lowfield_1e24_a60,188,timeout,nan,0.16175031331582304,2.8511875105528017,133.74502699410783,2837.113937687557,2864.343113654424,nan
transport_lowfield_1e24_a60,189,timeout,nan,1.87373179820239,0.41633546505155616,149.7105527275474,1620.082447479683,1650.179689879886,nan
transport_lowfield_1e24_a60,190,timeout,nan,2.969389747138501,-0.46266507666739,189.7326920446268,2982.210109505334,3005.675206363066,nan
transport_lowfield_1e24_a60,191,timeout,nan,-3.2013398152448582,0.5728538913250538,220.43817320742863,3109.4936928088932,3171.269020497516,nan
transport_lowfield_1e24_a60,192,timeout,nan,-1.4434023032356635,1.2282006230483509,69.08246929382535,1800.2141174922435,1801.5621184423933,nan
transport_lowfield_1e24_a60,193,timeout,nan,0.5508784077271102,0.4814238355957411,116.21801968341117,941.4118506574789,946.3308916234237,nan
transport_lowfield_1e24_a60,194,timeout,nan,1.1410527764790972,-3.308497401823575,194.87205811285023,3101.2668673650587,3129.2375192241843,nan
transport_lowfield_1e24_a60,195,timeout,nan,2.7218140100817596,-0.1446717921414698,54.64343878873332,2673.3001587539443,2679.197475790548,nan
transport_lowfield_1e24_a60,196,is_backward,28.600000000000005,-2.9110180536670383,-12.172104319780386,-1.058129439577833e-17,56605.73788843943,61277.18413728764,nan
transport_lowfield_1e24_a60,197,timeout,nan,-1.7433559587316125,-2.5115945549260554,53.08905532168925,3031.942352950121,3039.0188957906453,nan
transport_lowfield_1e24_a60,198,timeout,nan,-1.4606939401574242,1.0437104506969825,132.63591080857455,1400.5606820821556,1417.7630701304588,nan
transport_lowfield_1e24_a60,199,timeout,nan,3.6471101585395393,2.7961244594839747,31.6969484998047,1764.7104697897362,1776.791350024035,nan
transport_lowfield_1e24_a60,200,timeout,nan,0.028088722160222523,2.855569982490218,141.0266346704235,2728.6894534319176,2763.903914111422,nan
transport_lowfield_1e24_a60,201,timeout,nan,1.1864180535398037,-2.8963245755042775,93.83563299878853,2276.61874297889,2277.0712215050066,nan
transport_lowfield_1e24_a60,202,timeout,nan,-5.266497323113953,0.6882215665863041,94.35483181396634,3945.664746728969,3946.3172782767874,nan
transport_lowfield_1e24_a60,203,is_backward,92.90000000000002,1.9371659775806624,3.2995958400863947,0.08448181641489375,5543.846839441435,5625.66493465745,nan
transport_lowfield_1e24_a60,204,timeout,nan,-2.3635432766968605,0.3143248223185587,210.9367122199455,2470.8918675747736,2510.2433805316696,nan
transport_lowfield_1e24_a60,205,timeout,nan,-3.8315415121747938,4.556151953388966,158.66877815953615,2145.488965612586,2178.9186751436146,nan
transport_lowfield_1e24_a60,206,timeout,nan,3.228894333889695,-1.3689112011488047,122.23250865953017,3429.2156601634374,3445.156956577946,nan
transport_lowfield_1e24_a60,207,timeout,nan,-0.830096940130874,-4.140854296521768,254.30837123146955,3894.502392908256,4038.4416527102676,nan
transport_lowfield_1e24_a60,208,is_backward,63.40000000000001,3.9568618471132058,-4.029170517648369,0.09651638917111818,18476.717502822725,18955.212301591917,nan
transport_lowfield_1e24_a60,209,is_backward,26.200000000000003,-10.749748943277336,-0.5504775452907468,-1.580245842221304e-17,54778.43387779159,60440.221023326376,nan
transport_lowfield_1e24_a60,210,timeout,nan,2.1677606434709515,-0.9520303130005782,134.18791594252903,1502.245446031382,1521.534213723209,nan
transport_lowfield_1e24_a60,211,timeout,nan,-2.046238872437371,1.2816698741808628,69.00686968233182,2150.540349532451,2152.108039742831,nan
transport_lowfield_1e24_a60,212,timeout,nan,-1.24114386754898,2.7990716325366902,103.95912297028941,2376.9962190428564,2379.65944886889,nan
transport_lowfield_1e24_a60,213,timeout,nan,0.8213534776360314,2.0451397111672827,54.79972793657513,1892.670932085751,1897.175778144923,nan
transport_lowfield_1e24_a60,214,timeout,nan,2.2094727971549943,-1.5328228598325524,111.07736689735931,2431.7809984704177,2437.392907518282,nan
transport_lowfield_1e24_a60,215,timeout,nan,-2.847100610880245,-1.567400112557541,99.15277184654964,2142.4500138175554,2143.7063971424745,nan
transport_lowfield_1e24_a60,216,timeout,nan,2.3624094479241937,1.6935199552003828,116.38061461798097,2654.5931047843533,2663.7802036967305,nan
transport_lowfield_1e24_a60,217,timeout,nan,-2.49344238609467,-1.0172285459171873,167.234513531904,2636.9353164367685,2665.0015583809986,nan
transport_lowfield_1e24_a60,218,timeout,nan,-3.2899691711084214,1.139205917698918,73.86764838413015,1901.7897600706542,1902.5365389823626,nan
transport_lowfield_1e24_a60,219,timeout,nan,2.0638402567367145,-1.2806419024090423,148.74880876786156,2014.9238989622656,2049.488526133329,nan
transport_lowfield_1e24_a60,220,timeout,nan,1.0405909605712638,-1.1948791204065998,94.04738561426795,794.7550750669632,795.0359731471898,nan
transport_lowfield_1e24_a60,221,is_backward,58.50000000000001,4.33582653742595,4.446190038358715,0.03148455173299466,25409.886669401123,26077.70864931565,nan
transport_lowfield_1e24_a60,222,timeout,nan,0.8574791847946108,2.46799499767914,99.02744285821566,2065.419115147016,2066.628265750602,nan
transport_lowfield_1e24_a60,223,is_backward,56.80000000000001,-1.199109943593393,7.197056250527727,0.08904099411566856,25258.324172060762,25978.744731589486,nan
transport_lowfield_1e24_a60,224,timeout,nan,-3.017847785655573,-2.7037522988956755,79.16686520115834,2342.7085568221296,2342.987214336213,nan
transport_lowfield_1e24_a60,225,is_backward,64.2,-0.7688661225436532,-7.110617507965885,0.06139773441402743,19890.569284365436,20365.89434112995,nan
transport_lowfield_1e24_a60,226,timeout,nan,-2.8322657172036316,-1.796290808688887,143.74657718115358,2508.6494125626677,2544.636956028401,nan
transport_lowfield_1e24_a60,227,timeout,nan,1.357381911218378,-1.4875165743277745,132.81130913232,1948.8947229473217,1969.9813484167069,nan
transport_lowfield_1e24_a60,228,is_backward,51.500000000000014,-7.8727926509338,-2.9045308466104682,0.038769021768181436,29065.139911161787,30038.77942839816,nan
transport_lowfield_1e24_a60,229,timeout,nan,-2.646696862236068,0.5234936781056869,96.04340822195707,2154.9703313722143,2155.685526086369,nan
transport_lowfield_1e24_a60,230,timeout,nan,-3.4889434984577306,-2.950452767849967,72.75530061128221,4568.885134956159,4570.624608398974,nan
transport_lowfield_1e24_a60,231,timeout,nan,-0.13452115909671086,-2.5015251963391782,49.32473088557592,2117.6913864497214,2124.3475137194887,nan
transport_lowfield_1e24_a60,232,timeout,nan,2.3644856237204643,-1.4811676685906223,228.70856054426145,2847.4753761150137,2918.4642421531557,nan
transport_lowfield_1e24_a60,233,timeout,nan,-3.568598342510873,-0.8521811123406062,109.89002183243232,3416.8545674422535,3422.915894181477,nan
transport_lowfield_1e24_a60,234,timeout,nan,1.7632109391383093,-2.7734072092690933,137.99311485015846,2783.8060201869794,2816.205718007653,nan
transport_lowfield_1e24_a60,235,timeout,nan,0.5605480292684062,-2.6316393866522647,205.36866282876952,1443.7814508196282,1464.612321077157,nan
transport_lowfield_1e24_a60,236,timeout,nan,-1.8067036803287329,0.6500067703171171,78.32589165573734,1755.3165191314613,1755.5848029087174,nan
transport_lowfield_1e24_a60,237,is_backward,61.400000000000006,9.741142983946187,1.97014260064648,0.08208442438299772,24998.456781018376,25580.784355873104,nan
transport_lowfield_1e24_a60,238,timeout,nan,-4.088462981469153,-1.6181787054099306,24.635703865064446,4400.397309289005,4429.671268361284,nan
transport_lowfield_1e24_a60,239,timeout,nan,-1.5958809019749332,-0.10975986165668417,51.550942674841494,1355.9935834775508,1360.1786465889918,nan
transport_lowfield_1e24_a60,240,timeout,nan,-1.340935120613463,-2.5377562412456287,35.62187674954673,2363.366191692501,2376.4338023184164,nan
transport_lowfield_1e24_a60,241,timeout,nan,1.4953700944985444,-0.3089998462766743,66.69501236919686,1511.4531433060454,1512.9591752324804,nan
transport_lowfield_1e24_a60,242,timeout,nan,2.3643016052435626,-0.9647799768661823,6.125358162070934,2576.427044608044,2609.523264476506,nan
transport_lowfield_1e24_a60,243,timeout,nan,-0.3418254287043214,-1.3024520662147505,118.79968223092935,1106.2784111067554,1112.873843621226,nan
transport_lowfield_1e24_a60,244,timeout,nan,2.6998784514985137,-4.335353158325023,140.58077681280986,3431.850838734024,3471.6313568514734,nan
transport_lowfield_1e24_a60,245,is_backward,55.80000000000001,-4.7601408672976895,-5.3540761606627525,0.061935491705976495,25718.701707551827,26478.821303367222,nan
transport_lowfield_1e24_a60,246,timeout,nan,-2.794357763288448,-0.9187335926822038,86.41712679186631,2260.7970957398434,2260.7993389477874,nan
transport_lowfield_1e24_a60,247,is_backward,40.10000000000001,9.224585482164501,-5.220701710713817,1.1911400820763599e-18,47048.45714542372,49092.821259220866,nan
transport_lowfield_1e24_a60,248,timeout,nan,1.9351272600371814,0.10607196435439732,189.74014163920774,1521.181216623063,1533.4974643431178,nan
transport_lowfield_1e24_a60,249,timeout,nan,0.3826482340446052,2.531526547189716,54.275515484317374,2480.3776943343128,2486.0805003472897,nan
transport_lowfield_1e24_a60,250,timeout,nan,-3.238892383792218,-0.5886937243970579,179.06786083398472,1563.679382098643,1574.9671642304736,nan
transport_lowfield_1e24_a60,251,timeout,nan,3.266276148180482,1.2235206198833752,96.77448578947134,1872.5708678747228,1873.3315193611968,nan
transport_lowfield_1e24_a60,252,is_backward,44.50000000000001,-3.040294316650749,-9.44907355467758,0.060811196130720356,40260.12094857322,41789.42865198203,nan
transport_lowfield_1e24_a60,253,timeout,nan,-1.8189856079096047,1.9301815927849681,74.50058065520382,2385.3252437937244,2386.131082638118,nan
transport_lowfield_1e24_a60,254,timeout,nan,1.9488673946090116,-1.1113457019241708,55.30408676153745,2195.105216941314,2199.9966719542067,nan
transport_lowfield_1e24_a60,255,timeout,nan,-1.8878683128769536,-0.7544358920653517,197.85778819913662,2051.7980526884403,2073.3552891346426,nan
transport_lowfield_1e24_a60,256,timeout,nan,-0.2717151927073038,-2.3537965049242446,180.70844838269795,2382.6064377696403,2399.90844154186,nan
transport_lowfield_1e24_a60,257,is_backward,44.1,6.395684644175114,7.1310672956251695,0.015714300935093014,36747.586869984654,38281.52780294859,nan
transport_lowfield_1e24_a60,258,timeout,nan,-1.8973989613675601,1.8583524005455652,148.264390502409,2584.9200363261366,2624.987414002818,nan
transport_lowfield_1e24_a60,259,timeout,nan,1.1744637094582386,-1.668299759469734,71.07293725566558,1967.2613540540233,1968.4010649005993,nan
transport_lowfield_1e24_a60,260,timeout,nan,2.4098926756970522,3.2673091912423513,185.5050569808557,3011.5583728483216,3033.3838358005114,nan
transport_lowfield_1e24_a60,261,timeout,nan,2.3640248052348496,1.4303218479492577,128.02339765898498,2490.051574281441,2509.082892595989,nan
transport_lowfield_1e24_a60,262,is_backward,46.60000000000001,0.6732735949347997,-7.823718514978008,1.8502375941586123e-17,37762.41185559873,39107.28210226432,nan
transport_lowfield_1e24_a60,263,timeout,nan,-0.5005011174224775,3.1326250517272736,182.9779053798288,2731.7305720895392,2751.186751819374,nan
transport_lowfield_1e24_a60,264,is_backward,27.300000000000004,-11.409531602486126,-5.018156823916643,1.1507736681837721e-17,55534.48767283597,60716.342956939276,nan
transport_lowfield_1e24_a60,265,timeout,nan,-0.47661677534546637,0.39102703332538785,92.00484828999578,856.848941695043,857.0242121944153,nan
transport_lowfield_1e24_a60,266,timeout,nan,1.0472592429335161,2.745323588643999,148.07608549876895,1376.1902990841697,1403.237534818726,nan
transport_lowfield_1e24_a60,267,timeout,nan,-0.991008664894999,0.9144830517286082,63.07919064881218,1384.4916344920844,1386.4467714176124,nan
transport_lowfield_1e24_a60,268,timeout,nan,0.39769827951250314,-3.0291488821170587,234.84770798345832,2282.379416739251,2351.406793352521,nan
transport_lowfield_1e24_a60,269,timeout,nan,1.6975958642526843,0.4602504806930117,105.34230832897387,1582.0852760066077,1584.5712902481844,nan
transport_lowfield_1e24_a60,270,timeout,nan,-0.32326522250448086,2.910986338173137,161.55047663278305,2865.8028091099313,2903.006032770796,nan
transport_lowfield_1e24_a60,271,timeout,nan,-3.5121162769189134,0.3850552861781071,10.831846316975795,2457.119181543281,2485.628917988181,nan
transport_lowfield_1e24_a60,272,timeout,nan,0.8398467358669442,-1.9939267941464023,108.75186019164043,2092.0720913837736,2096.200743222125,nan
transport_lowfield_1e24_a60,273,is_backward,64.9,-4.746165919883403,-2.0978047753840703,0.06176099014055443,17878.357246153766,18321.146110441714,nan
transport_lowfield_1e24_a60,274,is_backward,31.500000000000004,15.596862368450806,1.0600853633999414,-2.1771393722395688e-17,52343.856993015004,56025.12923274235,nan
transport_lowfield_1e24_a60,275,is_backward,45.900000000000006,0.20869979480068135,-5.607564916312561,0.024225924263855777,39241.21408920262,40650.18898065615,nan
transport_lowfield_1e24_a60,276,timeout,nan,0.6585120605542181,-2.9459919748670216,110.85106029545221,1779.50448266944,1784.0901972384088,nan
transport_lowfield_1e24_a60,277,timeout,nan,2.377512466522527,-1.725559333044864,35.43015902214576,2542.068032342354,2555.950709439477,nan
transport_lowfield_1e24_a60,278,timeout,nan,1.1206939118506414,-1.1743750761574627,127.76928461777159,1289.4861537617173,1302.3036213789342,nan
transport_lowfield_1e24_a60,279,timeout,nan,2.4060915831010017,-0.9219056236122254,200.61698634403916,2600.4195306646593,2629.5531346032794,nan
transport_lowfield_1e24_a60,280,timeout,nan,-3.297697452239149,-2.7007724120881407,81.00817086992076,3485.1878962420274,3485.406092416439,nan
transport_lowfield_1e24_a60,281,timeout,nan,-2.105955276119296,1.3955071782503705,190.54101525265813,2158.223274873787,2175.843280647468,nan
transport_lowfield_1e24_a60,282,timeout,nan,3.1795294551402775,-0.3458238053550693,256.4296212332894,1573.4291999274274,1651.4536573210105,nan
transport_lowfield_1e24_a60,283,timeout,nan,-2.4478362398386717,-1.2320757979535735,55.90799883385811,2499.131292597873,2504.32572080994,nan
transport_lowfield_1e24_a60,284,is_backward,37.50000000000001,-9.58776473001133,3.1163872771235392,0.007539451405655026,42485.07608408929,44837.05735298525,nan
transport_lowfield_1e24_a60,285,timeout,nan,-3.794200602515055,0.019660992670909136,37.23535476937693,2177.4224835009945,2188.9959578598687,nan
transport_lowfield_1e24_a60,286,timeout,nan,-0.45727285354829766,-2.127381317819814,83.8548254747018,1891.5366100317322,1891.5552943067373,nan
transport_lowfield_1e24_a60,287,timeout,nan,-1.3794824418347111,1.1887083677000516,225.80723500447672,1947.894330035981,1997.6987372728265,nan
transport_lowfield_1e24_a60,288,timeout,nan,-0.7373189184878828,3.3568055744280323,89.2730697130527,3247.107537599426,3247.194398453757,nan
transport_lowfield_1e24_a60,289,timeout,nan,-0.17597076682403234,2.900171420306314,105.1061963710481,2679.714907647884,2682.962379619135,nan
transport_lowfield_1e24_a60,290,timeout,nan,-0.5179125452046052,1.2113075937537874,90.65596662364192,1245.1838151338807,1245.3163808878062,nan
transport_lowfield_1e24_a60,291,timeout,nan,-0.7294832471514523,-0.4836036952650179,15.705952755031248,1106.5035494215433,1120.1332470137243,nan
transport_lowfield_1e24_a60,292,timeout,nan,-0.8306260600630971,2.6974180650537196,160.93521562524361,2378.1247512733007,2411.1576359971573,nan
transport_lowfield_1e24_a60,293,timeout,nan,-1.2637303679646368,-0.8553170955116558,97.49583548313423,1301.7599597257934,1302.47388870025,nan
transport_lowfield_1e24_a60,294,timeout,nan,-1.0159346038200598,2.526641588609876,172.55304369860477,2495.459903319791,2516.953687085839,nan
transport_lowfield_1e24_a60,295,timeout,nan,2.070584214175871,2.05403231213516,98.21352468871639,2856.012033917017,2857.2501968982197,nan
transport_lowfield_1e24_a60,296,timeout,nan,-4.170458089480811,-1.5737600280334576,258.60215381918863,2464.5650041223334,2576.945914060813,nan
transport_lowfield_1e24_a60,297,is_backward,79.2,4.496769299646094,-2.586398879863416,0.06982388549409393,9141.109980145007,9322.474793275464,nan
transport_lowfield_1e24_a60,298,timeout,nan,-1.336530681807155,-1.6308987628473643,169.7227546839345,1480.8979776929195,1495.6094107097979,nan
transport_lowfield_1e24_a60,299,timeout,nan,-4.003849660749226,1.160220571473073,251.8011218197686,3221.451620772949,3342.845920485208,nan
transport_lowfield_1e24_a60,300,timeout,nan,-1.5440209194532961,1.8737673712207596,150.96275559296404,2344.830741988267,2383.0689126828715,nan
transport_lowfield_1e24_a60,301,timeout,nan,-1.4169826381375388,0.8709365661830643,82.64114276387197,1263.7979553046323,1263.8275372422845,nan
transport_lowfield_1e24_a60,302,timeout,nan,-2.307334041413934,-1.6196357084291908,81.22453198686597,1532.4922052490392,1532.5773109405834,nan
transport_lowfield_1e24_a60,303,timeout,nan,0.6418439684458168,0.3545834109588859,194.7695200432713,931.579683006807,940.6148811828124,nan
transport_lowfield_1e24_a60,304,timeout,nan,2.6859828211689685,-0.9501042997453086,60.22293381421004,2710.33537164494,2714.4646673413617,nan
transport_lowfield_1e24_a60,305,timeout,nan,-1.4666825441907385,-3.128824560722894,96.65083036752876,3518.049933711612,3519.0691110204543,nan
transport_lowfield_1e24_a60,306,timeout,nan,2.4486577144298924,1.930089967203715,177.60116658264468,3193.5113086408633,3216.900279921862,nan
transport_lowfield_1e24_a60,307,timeout,nan,0.007329340140165258,2.001712696574369,62.2203513678381,1561.1415828285187,1563.4555657971484,nan
transport_lowfield_1e24_a60,308,timeout,nan,1.1877319057644675,-3.0136008279481876,81.61210649065573,3138.9053697139157,3139.0591268944854,nan
transport_lowfield_1e24_a60,309,timeout,nan,-0.1984566409955536,1.6343321107339994,31.267583151097693,1644.3283214870216,1655.938471664366,nan
transport_lowfield_1e24_a60,310,timeout,nan,-1.6105052455074729,2.7598211983124044,1.8912114893707048,2820.453437413244,2859.404987239102,nan
transport_lowfield_1e24_a60,311,timeout,nan,0.9355925572236081,-1.52914975463963,50.15038589066524,1782.465549468543,1788.0582881725925,nan
transport_lowfield_1e24_a60,312,timeout,nan,1.8063529978768547,-2.4051694194875286,23.364066033699796,2392.052752767766,2411.8809379990685,nan
transport_lowfield_1e24_a60,313,is_backward,54.60000000000001,2.612722233837796,-10.043757965162849,-1.376428539288238e-17,30646.127643330914,31494.925639356927,nan
transport_lowfield_1e24_a60,314,timeout,nan,-3.1257992959479237,0.0861133149018712,94.49879532332345,1216.1480935218358,1216.5358839400817,nan
transport_lowfield_1e24_a60,315,timeout,nan,1.0003164953425157,-0.3409799375654282,236.40885668703538,1371.2162295452652,1419.5864379163033,nan
transport_lowfield_1e24_a60,316,timeout,nan,-2.613111904556161,1.4878531549029546,203.57346670209634,3089.393394995453,3126.4950250925203,nan
transport_lowfield_1e24_a60,317,is_backward,38.400000000000006,-1.6193593994883457,-13.302830203814956,-2.3849271421128894e-17,45483.68978193185,47738.176115942406,nan
transport_lowfield_1e24_a60,318,timeout,nan,0.3728509497900284,-3.366920464816234,66.4893295773576,3434.2861623230165,3437.190338092679,nan
transport_lowfield_1e24_a60,319,is_backward,67.70000000000002,-6.905492883591135,0.5825523777435284,0.07602693100076119,14855.191257317027,15219.342575918221,nan
transport_lowfield_1e24_a60,320,timeout,nan,0.05560438604090964,-4.995464848738951,83.38888819808294,4588.547184288576,4588.638782348227,nan
transport_lowfield_1e24_a60,321,timeout,nan,-4.395257826735056,-1.162737175198801,97.5285238326938,3497.750771264343,3498.9500504622747,nan
transport_lowfield_1e24_a60,322,timeout,nan,-3.1328946544915794,2.0604648410068322,124.51412308772325,3828.002274100961,3847.4794579298473,nan
transport_lowfield_1e24_a60,323,timeout,nan,2.6269209309299524,-0.3176551281214784,20.66740654841073,2491.5634228249087,2513.6743835569655,nan
transport_lowfield_1e24_a60,324,timeout,nan,-0.5636666142592994,-2.6440237773791995,91.87444544764892,1910.7584281481068,1910.9991509060596,nan
transport_lowfield_1e24_a60,325,timeout,nan,1.4252477470308558,-1.2081070227218753,199.7456008182371,1894.3403517350437,1915.806878442602,nan
transport_lowfield_1e24_a60,326,timeout,nan,-2.4662562719064147,-0.6585012922686674,169.73692388869864,2309.364074671902,2331.6738243873174,nan
transport_lowfield_1e24_a60,327,timeout,nan,1.800078359372921,0.41185695638265096,82.90448486768915,1537.5789783686446,1537.6106269020095,nan
transport_lowfield_1e24_a60,328,timeout,nan,-2.826486403839718,2.116896067106215,154.9473242958089,3453.583171207742,3501.9541093893026,nan
transport_lowfield_1e24_a60,329,timeout,nan,-2.1932665923224905,4.390325741438933,113.64612858661324,3351.0930527248197,3359.399581100873,nan
transport_lowfield_1e24_a60,330,timeout,nan,-2.868738747092846,1.2074072255529134,114.44062368184856,2234.7713621600465,2241.9068976872086,nan
transport_lowfield_1e24_a60,331,timeout,nan,-0.8550076686288808,1.5465887202671187,80.52587105436135,961.3193659861006,961.3875634868319,nan
transport_lowfield_1e24_a60,332,timeout,nan,-4.556979288195306,-2.0063678445387216,53.80709005238934,3585.879363824407,3593.5366077030735,nan
transport_lowfield_1e24_a60,333,timeout,nan,3.043014338073741,0.5452816411709205,141.95987053011686,2622.393729148844,2657.8967113778367,nan
transport_lowfield_1e24_a60,334,timeout,nan,-3.105381496225799,0.43226345735913235,58.05289930069188,2433.906951952097,2438.3415200311924,nan
transport_lowfield_1e24_a60,335,timeout,nan,-2.365240742403239,0.6723364174862083,25.383491896589618,2423.033553749029,2441.8545806177654,nan
transport_lowfield_1e24_a60,336,timeout,nan,1.843186062603159,0.4806730677671377,193.30297321136933,1491.0068060047595,1504.5700333771083,nan
transport_lowfield_1e24_a60,337,timeout,nan,-1.3348231650223998,0.12244406948872985,86.54048457115177,1275.9708123553214,1275.9774371695248,nan
transport_lowfield_1e24_a60,338,timeout,nan,-0.8620738692018228,1.0881199885155814,45.05650368160281,1358.6229902951416,1364.425068039813,nan
transport_lowfield_1e24_a60,339,timeout,nan,-0.1445297526731427,-1.3109836000035802,3.807657261533307,1413.0762562217844,1435.317897377948,nan
transport_lowfield_1e24_a60,340,timeout,nan,2.66140023223759,-0.8925254259159443,113.40384015332965,2754.249074672698,2761.6130918469617,nan
transport_lowfield_1e24_a60,341,timeout,nan,-2.5380357666638056,-0.712112974106128,254.4931894267981,2602.0354673273673,2711.2820936148723,nan
transport_lowfield_1e24_a60,342,timeout,nan,-4.141613758514554,1.0530623941252022,125.64012551229418,2697.140485942901,2714.494206275514,nan
transport_lowfield_1e24_a60,343,timeout,nan,-1.5311543373842302,-2.261401791192023,169.71958117617703,2712.8687042275533,2738.711502158363,nan
transport_lowfield_1e24_a60,344,is_backward,40.20000000000001,-6.165806988394476,-7.834937172082554,0.036481223961258004,43459.41684299437,45454.330134144686,nan
transport_lowfield_1e24_a60,345,timeout,nan,0.1658238471563314,-3.4354153253575004,200.15114972102901,2871.323088443418,2902.4049582236057,nan
transport_lowfield_1e24_a60,346,timeout,nan,-0.49630604554647606,1.7365557936461578,163.59688718352788,1811.5677770795812,1835.7670186873204,nan
transport_lowfield_1e24_a60,347,timeout,nan,2.5648986429939393,0.5507724829066492,292.61510766075475,2604.6364343136715,2796.516019302816,nan
transport_lowfield_1e24_a60,348,timeout,nan,3.0802915181029578,-1.9146921851698941,38.753994239974,2278.9411153192723,2290.2251149742465,nan
transport_lowfield_1e24_a60,349,timeout,nan,0.6395160995724962,2.3988593897008714,168.32659063993168,1749.156713467078,1767.6390931765798,nan
transport_lowfield_1e24_a60,350,timeout,nan,1.067628638376106,0.5070477852809995,185.8294521356502,1341.0128721571764,1350.7912166713947,nan
transport_lowfield_1e24_a60,351,timeout,nan,-2.4462811446105075,-1.679494031112385,219.9256744620725,2542.1388235048757,2594.563356825467,nan
transport_lowfield_1e24_a60,352,is_backward,49.60000000000001,3.4297744891233948,-8.692838437295086,0.016497063058305974,31741.70593829921,32841.12588428752,nan
transport_lowfield_1e24_a60,353,is_backward,85.80000000000001,-0.6035253049398331,-1.809778538708547,0.0917591401022305,4747.340681147497,4843.889672170565,nan
transport_lowfield_1e24_a60,354,timeout,nan,1.8328466037065583,2.444978614327958,32.377641953802296,2961.584806057817,2978.881099261435,nan
transport_lowfield_1e24_a60,355,is_backward,29.100000000000005,8.41878661706637,-6.9152084479071485,-2.329340604949326e-17,57994.75002338726,62492.527639512795,nan
transport_lowfield_1e24_a60,356,timeout,nan,2.0586367886566443,2.121320647535084,146.56411126931255,2747.8495391645542,2788.131678952738,nan
transport_lowfield_1e24_a60,357,timeout,nan,-1.3702531320628737,-2.91005623303027,126.11734734916772,2903.3963932677952,2921.9778024235893,nan
transport_lowfield_1e24_a60,358,timeout,nan,-0.09625223543009834,-2.3480081322767914,52.467094588874026,2263.988922786447,2269.901466025472,nan
transport_lowfield_1e24_a60,359,timeout,nan,1.3060132493913388,-2.904256210944206,141.56325900103423,1782.3252805704344,1810.2381964733577,nan
transport_lowfield_1e24_a60,360,timeout,nan,1.943265312484449,-3.1549336707480964,157.3998478162704,2763.697234583146,2804.2577598541006,nan
transport_lowfield_1e24_a60,361,timeout,nan,-0.7808483076233077,0.8332486412615904,211.17691491298217,1168.053062215616,1189.463124381834,nan
transport_lowfield_1e24_a60,362,timeout,nan,1.7736908237064746,1.766428112389899,88.32706777307247,2227.631433053968,2227.6747071899304,nan
transport_lowfield_1e24_a60,363,timeout,nan,-0.32994525407763015,4.257460746497631,67.47791565716352,4456.863560791354,4460.041953347327,nan
transport_lowfield_1e24_a60,364,timeout,nan,-1.296310757669747,1.869167161562748,121.87709249680113,1926.840010063238,1938.1778773200706,nan
transport_lowfield_1e24_a60,365,timeout,nan,0.8318185233926689,-3.9768735514322113,129.02374783435795,3188.8513734301982,3211.8459956915312,nan
transport_lowfield_1e24_a60,366,timeout,nan,-1.6874736253294815,0.6585297297380004,177.46501502626066,1778.6496519240338,1791.8578305835988,nan
transport_lowfield_1e24_a60,367,is_backward,76.00000000000001,-4.82164202780847,-0.47174960607011357,0.07216922588248618,11162.317096262872,11389.76336566363,nan
transport_lowfield_1e24_a60,368,timeout,nan,1.4792048026228952,1.5686815711536661,135.49897670786356,2123.370139125769,2148.415330317385,nan
transport_lowfield_1e24_a60,369,timeout,nan,1.0450403772559844,-2.418620443358451,63.22222942607361,2126.218763825264,2128.933820135464,nan
transport_lowfield_1e24_a60,370,timeout,nan,-2.4393898678822077,0.17942583702886028,212.8620006027535,2537.237472835159,2579.9839614255166,nan
transport_lowfield_1e24_a60,371,timeout,nan,1.1486846439749971,2.3018414813622736,186.22154563238428,2319.1823267692725,2336.400027445954,nan
transport_lowfield_1e24_a60,372,timeout,nan,0.9599529390689606,0.16772852369094787,9.649458363598905,1180.5692805512524,1197.3556171342566,nan
transport_lowfield_1e24_a60,373,timeout,nan,-2.7210466615119144,0.2150457310683676,194.18877396940616,2432.309703369304,2454.4054501179144,nan
transport_lowfield_1e24_a60,374,timeout,nan,-2.5950807854371924,1.034956230492795,44.02833951669659,2700.0138581240612,2710.2587461179296,nan
transport_lowfield_1e24_a60,375,timeout,nan,-0.6045582775507394,1.3032708281610306,113.05034730303778,1463.0004617618033,1467.9706340320317,nan
transport_lowfield_1e24_a60,376,timeout,nan,-0.8260276048390636,0.6024905714512457,180.71287633074203,1197.7951764255197,1206.1889862359596,nan
transport_lowfield_1e24_a60,377,timeout,nan,1.8402408076168957,0.7491308207625209,210.08772291442133,1303.6087580544252,1326.2315143559479,nan
transport_lowfield_1e24_a60,378,timeout,nan,0.8458950583241893,0.284520565296461,59.144683985319595,872.144137558511,873.9563752817393,nan
transport_lowfield_1e24_a60,379,timeout,nan,-0.8048075001167616,3.3297881302009587,169.57020880690928,1086.669401012601,1097.4913931004326,nan
transport_lowfield_1e24_a60,380,timeout,nan,-2.6392346404752147,2.0923428669385484,152.20279933636542,3281.2696597564154,3328.639022509237,nan
transport_lowfield_1e24_a60,381,timeout,nan,-0.6970542574191911,-2.8233675773573226,109.4469508890172,2877.7748146233175,2883.0662494465923,nan
transport_lowfield_1e24_a60,382,timeout,nan,1.2994373793481375,2.146409700775917,12.3216370267966,1975.020978828896,1998.3775434083975,nan
transport_lowfield_1e24_a60,383,timeout,nan,1.3688305976432649,-0.04680903277286697,45.267797482258594,1247.0315144939864,1252.3987445079176,nan
transport_lowfield_1e24_a60,384,timeout,nan,2.0669647223148697,-1.7478983434748006,94.52958939174997,2242.1762057287233,2242.707450993986,nan
transport_lowfield_1e24_a60,385,timeout,nan,-4.0282483023353945,-0.47260129202957735,47.3470807600931,2493.5309077618654,2501.8233558215647,nan
transport_lowfield_1e24_a60,386,is_backward,26.800000000000004,11.180207256750355,1.873988948812771,0.030480437076795864,56018.72885700534,61402.42279574434,nan
transport_lowfield_1e24_a60,387,timeout,nan,1.0584418648646965,2.031112004742005,140.79199506590848,2182.8255132622985,2213.574175802121,nan
transport_lowfield_1e24_a60,388,timeout,nan,-0.5637943788766256,2.221109692751975,72.46257395364385,1986.4389296343538,1987.3915120530987,nan
transport_lowfield_1e24_a60,389,timeout,nan,1.0626162977936857,-1.2227753124191714,38.90726320380052,1634.1609633654339,1642.877383993633,nan
transport_lowfield_1e24_a60,390,timeout,nan,1.7712206966980313,2.680220155862895,17.445546782760626,2815.946195266371,2842.3912689632834,nan
transport_lowfield_1e24_a60,391,is_backward,60.40000000000001,-4.58273137915712,6.986216145255875,0.06744630150679941,20611.80264231495,21181.832222857847,nan
transport_lowfield_1e24_a60,392,timeout,nan,-1.1850191671297197,-2.067029043908515,166.97889832957557,1900.286796450009,1921.7156833783044,nan
transport_lowfield_1e24_a60,393,timeout,nan,-0.4422333957916176,1.8909598834126498,194.25654942913766,1987.0635030588085,2005.4876751938134,nan
transport_lowfield_1e24_a60,394,timeout,nan,2.1994045122333152,2.427590348374056,21.24309126796388,2979.815124865614,3004.553868639845,nan
transport_lowfield_1e24_a60,395,timeout,nan,1.8371863112752844,-2.1243198048216487,192.79669597693436,2662.5721273138784,2685.469643018396,nan
transport_lowfield_1e24_a60,396,timeout,nan,0.19362027099204884,-0.9346411996206485,123.05077269324963,1077.6926121299648,1086.3184689746608,nan
transport_lowfield_1e24_a60,397,timeout,nan,-0.771073645971305,1.2854441186997823,191.47745014292363,1551.1266234070781,1564.3724939129902,nan
transport_lowfield_1e24_a60,398,timeout,nan,-0.023756838832412377,1.67633090997754,249.7816991340869,1910.1360760828236,1990.6926232503681,nan
transport_lowfield_1e24_a60,399,is_backward,56.10000000000001,5.453587839469094,3.219896313408068,0.0978366069870617,23026.880661426665,23749.842725428425,nan
transport_lowfield_1e24_a60,400,is_backward,24.300000000000004,-10.217369323046597,0.23448887229060278,8.07328277851755e-18,54522.76938042038,61253.71955453268,nan
transport_lowfield_1e24_a60,401,is_backward,54.00000000000001,5.127087521971069,0.46141406223625947,0.08437074208311902,28987.068395511502,29845.870637567143,nan
transport_lowfield_1e24_a60,402,timeout,nan,1.9091388267977722,0.06686787180791627,119.14226399894868,1787.079023125059,1796.09024611876,nan
transport_lowfield_1e24_a60,403,timeout,nan,1.4263492120268817,-2.5222979297461547,127.07171775628758,2446.2617585159032,2464.1239063567436,nan
transport_lowfield_1e24_a60,404,timeout,nan,-1.791474304453828,-0.47267678182218037,151.0131105901563,1720.625609680365,1751.9638150303476,nan
transport_lowfield_1e24_a60,405,timeout,nan,0.8690914494084188,-3.3822856460617956,136.07442025043173,3018.962688953736,3050.3747222505817,nan
transport_lowfield_1e24_a60,406,is_backward,55.400000000000006,5.8208045522729135,5.140182209909769,0.04653738022647664,26956.67981864946,27742.97798091411,nan
transport_lowfield_1e24_a60,407,timeout,nan,-1.3167031064576666,-2.2575069483469967,182.6541340861223,2014.9665826304936,2029.3203113573431,nan
transport_lowfield_1e24_a60,408,timeout,nan,-2.3458102814822177,-0.36466622497986884,15.582775180127951,2173.687249552046,2196.7188206221467,nan
transport_lowfield_1e24_a60,409,timeout,nan,0.7659242994170743,-0.7015510116164638,28.084012844233772,944.458712013014,952.7765020965034,nan
transport_lowfield_1e24_a60,410,timeout,nan,-1.7331071903123982,-3.4132079139379163,173.26985798915612,2154.196149676627,2172.4116263077785,nan
transport_lowfield_1e24_a60,411,timeout,nan,1.8690978175461883,1.6207147693392465,125.94191691955625,1575.9600109853263,1588.9389145932398,nan
transport_lowfield_1e24_a60,412,timeout,nan,1.9030768751339202,2.8328852750945583,103.62572388983357,3179.8508675553944,3182.8278020809166,nan
transport_lowfield_1e24_a60,413,timeout,nan,-0.8487678095480939,2.154657100955466,158.53143513457485,2000.7873416850566,2031.9503516730306,nan
transport_lowfield_1e24_a60,414,timeout,nan,-2.9268356605895502,0.834047145957448,126.49276518490792,1839.0662316148143,1853.756981184531,nan
transport_lowfield_1e24_a60,415,timeout,nan,-0.6223313338712909,-1.67771572949124,70.4183544008927,1750.203169857648,1751.327746164084,nan
transport_lowfield_1e24_a60,416,timeout,nan,-2.624009080867989,0.050617569787401645,197.38971259967644,2685.8948134724646,2712.718421386354,nan
transport_lowfield_1e24_a60,417,timeout,nan,3.649731801858666,0.41446392613300764,136.67779578691605,3815.713607649093,3852.185340075106,nan
transport_lowfield_1e24_a60,418,timeout,nan,1.9247520045206752,-3.2991588282335114,196.0043770741103,1935.3876736747109,1954.4373578866991,nan
transport_lowfield_1e24_a60,419,timeout,nan,-1.3382559475333873,2.8161509439568277,120.46296732023279,2762.982718600676,2775.6156400060563,nan
transport_lowfield_1e24_a60,420,timeout,nan,0.21440247072975355,-3.8231603813997523,48.39291852344882,2230.6550329771603,2237.908620900547,nan
transport_lowfield_1e24_a60,421,timeout,nan,-1.3874191533511173,-3.296828848855086,140.88410590516781,2109.3661733146323,2139.7440798327043,nan
transport_lowfield_1e24_a60,422,timeout,nan,-2.697043076389494,0.38838957938490837,242.7662841132763,2043.014744026954,2117.5257502213685,nan
transport_lowfield_1e24_a60,423,is_backward,43.60000000000001,-3.931886054208908,-11.531867765601397,-1.4558378780933287e-17,43673.89087870908,45312.54568233336,nan
transport_lowfield_1e24_a60,424,is_backward,60.600000000000016,-5.6304713473343195,1.2840015979535975,0.06482566259312827,22126.460644860133,22705.55579069765,nan
transport_lowfield_1e24_a60,425,timeout,nan,0.42970415769392484,-1.8539315516528694,69.8709595388878,1864.757395608276,1866.0223763572683,nan
transport_lowfield_1e24_a60,426,timeout,nan,-0.2417178653768917,-0.9870042467084819,173.83523012631906,981.9099609428152,989.8570572111963,nan
transport_lowfield_1e24_a60,427,timeout,nan,0.4099240013540771,-1.6192618744402203,152.107786607625,1689.0051666161194,1719.8255764900505,nan
transport_lowfield_1e24_a60,428,timeout,nan,1.509966103728566,-2.1582193446554707,199.8054060638162,2562.2920165218443,2590.275775865096,nan
transport_lowfield_1e24_a60,429,timeout,nan,1.5356237125403673,-1.3375809223664454,64.07869681011816,1945.8126150849482,1948.1676560811186,nan
transport_lowfield_1e24_a60,430,is_backward,95.70000000000002,-2.4927237464526484,1.6333905393175054,0.08765926231181254,2867.5533516480436,2915.3454908500426,nan
transport_lowfield_1e24_a60,431,timeout,nan,3.2633949828830007,0.33491309316633316,62.457793763639955,2492.9380351428567,2496.2049403927685,nan
transport_lowfield_1e24_a60,432,timeout,nan,0.9526908160228371,0.23513157724065695,181.45436191170748,577.6062236800931,581.2696417066016,nan
transport_lowfield_1e24_a60,433,timeout,nan,4.1241431108878865,-0.08325987995229037,189.17843265401268,1413.7741496339595,1424.8893788430246,nan
transport_lowfield_1e24_a60,434,timeout,nan,3.8589040662102487,1.2523175256239505,139.14294873152855,2249.5997885772294,2279.6159943848093,nan
transport_lowfield_1e24_a60,435,timeout,nan,-2.5280133578039887,0.6603380613932871,146.7617067275634,1910.7846794297113,1943.4263206736352,nan
transport_lowfield_1e24_a60,436,timeout,nan,-1.433700259156834,0.1219881327372199,228.69563053767405,515.8781735926746,533.8149799938486,nan
transport_lowfield_1e24_a60,437,timeout,nan,-0.43145707652834286,1.4394866291021888,107.5983069948408,1306.9888571624012,1309.80022668104,nan
transport_lowfield_1e24_a60,438,timeout,nan,4.184340290673223,-0.7782449310975023,147.2062030972787,1110.5112954626388,1133.8753595674707,nan
transport_lowfield_1e24_a60,439,timeout,nan,-0.14780115347493092,-3.7249817840439357,256.5907275811785,3745.6196377698425,3891.0394967546436,nan
transport_lowfield_1e24_a60,440,is_backward,86.80000000000001,3.6413168969178704,0.9503987737182107,0.08442623962466865,5804.524421409617,5909.621043368892,nan
transport_lowfield_1e24_a60,441,timeout,nan,1.385435946064279,-2.8589425018647803,81.20100656514282,3122.821368573791,3123.002878605959,nan
transport_lowfield_1e24_a60,442,timeout,nan,-3.0486828831875834,-3.272976613573387,28.003084102653947,1623.3043930086449,1636.1254001477907,nan
transport_lowfield_1e24_a60,443,timeout,nan,-2.9243247748518058,2.1833855771561423,163.64951770208407,2304.284953376455,2333.604507515161,nan
transport_lowfield_1e24_a60,444,timeout,nan,-0.7275969105452441,1.7913941999649603,103.25483286570305,1889.8813824377885,1892.0319538261429,nan
transport_lowfield_1e24_a60,445,timeout,nan,1.8478950960414118,-2.1614611756619,120.79030645778715,2304.521076641983,2316.1968937453125,nan
transport_lowfield_1e24_a60,446,timeout,nan,-3.245206582980175,-0.7099289068420591,181.98847517131577,2486.5575551900315,2504.318102660343,nan
transport_lowfield_1e24_a60,447,timeout,nan,-1.6375668803614483,0.640663823362443,163.65133116032501,1776.5202589761664,1800.2706179323775,nan
transport_lowfield_1e24_a60,448,is_backward,53.70000000000001,-1.1375915340030478,-7.05812861751888,0.036629324628216796,29828.89380698635,30708.437820782543,nan
transport_lowfield_1e24_a60,449,timeout,nan,1.3523917836130204,0.9344929752291289,82.53483217287213,1572.7547969481916,1572.7972704393092,nan
transport_lowfield_1e24_a60,450,timeout,nan,-0.555677720334062,-1.1348898005964665,75.21191297198234,1320.3254033131782,1320.7505011972587,nan
transport_lowfield_1e24_a60,451,timeout,nan,-2.9776920315124227,-1.366373365151473,119.06248131773253,3101.2015914894346,3113.397943155111,nan
transport_lowfield_1e24_a60,452,timeout,nan,-1.8897209865988323,1.9520839908677319,189.610336594975,2716.0183102829274,2737.3355908803983,nan
transport_lowfield_1e24_a60,453,timeout,nan,3.7851785207330932,0.7573560945509111,93.39248357791621,3248.3398369325164,3248.8090001086503,nan
transport_lowfield_1e24_a60,454,timeout,nan,-3.092281299698566,0.42797139177981763,2.880758940884849,2496.5530929393713,2531.4367724921717,nan
transport_lowfield_1e24_a60,455,timeout,nan,0.03414568560898372,-2.4153728669739647,217.39171503056252,2514.3480496049783,2562.8383836781013,nan
transport_lowfield_1e24_a60,456,timeout,nan,2.3431438028258205,0.5664977656270161,56.85789592349737,2126.9439843097384,2131.2758750929133,nan
transport_lowfield_1e24_a60,457,timeout,nan,-0.09203755819574577,1.7959688784124264,239.83775014982749,1981.1206290003024,2049.9107723507336,nan
transport_lowfield_1e24_a60,458,is_backward,84.9,-2.022969948585528,-3.9151208823203865,0.08649176771445845,7665.946721538334,7798.550567027542,nan
transport_lowfield_1e24_a60,459,timeout,nan,0.9503920569894396,2.512008415670821,19.15030450734985,2390.1440700368034,2412.5408593752295,nan
transport_lowfield_1e24_a60,460,timeout,nan,0.1697470141407594,-2.230323989827799,67.50024039904537,1537.7182205572067,1539.125590665932,nan
transport_lowfield_1e24_a60,461,timeout,nan,0.5459081297209292,2.076692999306267,237.43832831978764,1646.7843315203263,1703.790549089048,nan
transport_lowfield_1e24_a60,462,timeout,nan,-3.9721902985119693,1.0498113005836056,73.9706373619205,3249.2485084256823,3250.377829271095,nan
transport_lowfield_1e24_a60,463,timeout,nan,-0.9591110477799427,-3.4796640891567767,140.96394253424074,3609.751005460256,3650.922657314449,nan
transport_lowfield_1e24_a60,464,timeout,nan,-1.9759043756517083,-0.29849347240874574,200.01270649976226,1900.0655444454098,1921.88337792015,nan
transport_lowfield_1e24_a60,465,timeout,nan,-0.43087165517117143,-0.2587153333682314,109.24264196016605,723.6144751754485,725.9147185271114,nan
transport_lowfield_1e24_a60,466,timeout,nan,-2.633014761450554,1.7467355998130956,166.66495552932003,2343.256704537647,2369.3508555603153,nan
transport_lowfield_1e24_a60,467,timeout,nan,1.077498327673247,0.8223102122087607,17.494016683995472,1339.7182150865683,1354.8265545472118,nan
transport_lowfield_1e24_a60,468,timeout,nan,1.3988249328177809,-1.6876415522750623,153.53526486181087,1791.172570107972,1823.024466603079,nan
transport_lowfield_1e24_a60,469,timeout,nan,0.48780700330159843,2.017366724743263,141.66215735509215,2053.023234105169,2083.4136346737364,nan
transport_lowfield_1e24_a60,470,timeout,nan,-3.9254699588558757,-1.000117772612068,160.59926307800978,2838.8216154364836,2877.126749372421,nan
transport_lowfield_1e24_a60,471,timeout,nan,1.231587694595714,-1.7046646583285125,185.7374090010162,1990.1861651314973,2004.81272487486,nan
transport_lowfield_1e24_a60,472,timeout,nan,1.7459503585569798,2.1968510854715757,109.14483209090004,1269.4221749892677,1272.632761433651,nan
transport_lowfield_1e24_a60,473,timeout,nan,3.7465994013586705,-0.8337328077830976,104.04271302685814,3175.7032327351035,3178.8355178411493,nan
transport_lowfield_1e24_a60,474,timeout,nan,3.59234607022685,-0.3162310380958503,173.48203083468366,3778.55298988396,3808.87408346534,nan
transport_lowfield_1e24_a60,475,timeout,nan,1.7752362349687647,-0.5965471462937416,214.06185407674138,1774.9980206954867,1808.3517187322504,nan
transport_lowfield_1e24_a60,476,timeout,nan,1.1324540631466096,-2.630767049479414,214.4224618826555,2994.014408020397,3044.8393576997323,nan
transport_lowfield_1e24_a60,477,timeout,nan,3.865144069042655,1.1900791221420155,168.7127950277456,3006.619796873197,3036.1602822430254,nan
transport_lowfield_1e24_a60,478,is_backward,28.700000000000006,-12.811622362762561,-1.6949458627270302,-8.735027268559972e-19,58345.04386378872,62983.47645262132,nan
transport_lowfield_1e24_a60,479,timeout,nan,3.6339193973036292,-0.3905480814774612,164.05044200877188,3445.152074795554,3484.6094718987965,nan
transport_lowfield_1e24_a60,480,timeout,nan,4.1167562400242685,-1.098479604816336,50.24826409147278,2299.835589921042,2306.5878937813345,nan
transport_lowfield_1e24_a60,481,timeout,nan,-4.826696759518949,0.2703765438777484,233.50514272161283,2348.6050358419357,2417.177545581547,nan
transport_lowfield_1e24_a60,482,timeout,nan,2.536446362636056,2.595812128437923,69.40592161579987,3220.216341962833,3222.2614777352424,nan
transport_lowfield_1e24_a60,483,timeout,nan,-2.2178121541365297,0.25072429370408983,27.394407716223487,2180.5043475414686,2196.8474929817494,nan
transport_lowfield_1e24_a60,484,timeout,nan,-1.3722768704821364,2.9139600867662687,136.44328496218387,3266.5086747647533,3299.778045037374,nan
transport_lowfield_1e24_a60,485,timeout,nan,-1.8109524970500697,-0.464692698763824,127.22684917497729,1702.834381295817,1717.486861263488,nan
transport_lowfield_1e24_a60,486,timeout,nan,1.3686911428254824,-0.15371027368314608,238.66502007346438,1222.30029750046,1268.6130554284641,nan
transport_lowfield_1e24_a60,487,timeout,nan,2.663193478440894,-2.044196568320306,39.03518870705318,3289.1042738768556,3303.6541523260485,nan
transport_lowfield_1e24_a60,488,timeout,nan,2.125142810867379,1.9070096955733034,205.88263674434975,2608.75622021175,2643.6629124150527,nan
transport_lowfield_1e24_a60,489,timeout,nan,-1.067382146366403,2.73791696094399,113.89020230232511,1700.2623048260325,1706.0800290944173,nan
transport_lowfield_1e24_a60,490,timeout,nan,-6.440264581430531,-0.5297026190401152,34.54541002814568,2529.501329401059,2543.7975933864154,nan
transport_lowfield_1e24_a60,491,timeout,nan,-1.3426630121489551,-1.5491733068402551,166.65202315135613,2023.596894396888,2046.6116480275737,nan
transport_lowfield_1e24_a60,492,timeout,nan,1.441882490145024,-3.752857975097867,133.58487073259414,4102.173761617115,4135.095573174616,nan
transport_lowfield_1e24_a60,493,timeout,nan,2.6764721742497275,1.9747911390443238,67.58239650417062,3222.1100441221097,3224.59648613253,nan
transport_lowfield_1e24_a60,494,timeout,nan,-1.9287876293873347,2.355947335494476,17.73501792279823,2015.5384731080499,2036.0725568631983,nan
transport_lowfield_1e24_a60,495,timeout,nan,2.2952714194699864,-0.4546299184706884,16.77116166634822,2317.120960731266,2340.503341137129,nan
transport_lowfield_1e24_a60,496,timeout,nan,-0.10117631396807088,1.8837566031427389,141.86691238373308,1693.0469241486314,1720.26171280925,nan
transport_lowfield_1e24_a60,497,timeout,nan,-2.0765381109941123,-2.588967168599788,178.60778950223775,2856.983397785826,2877.8036110259977,nan
transport_lowfield_1e24_a60,498,timeout,nan,1.2493108762746636,0.305629836115236,6.322697682165096,1118.0255097399304,1135.4542496416348,nan
transport_lowfield_1e24_a60,499,timeout,nan,2.5892084149258454,1.6304012047010463,186.14848777887917,967.7077049519471,974.6053669755831,nan
transport_lowfield_1e24_a60,500,timeout,nan,0.885362589297738,2.666579078652263,40.787617302475184,2494.866923800928,2505.976054739713,nan
transport_lowfield_1e24_a60_v2,1,timeout,nan,2.714183811072972,-0.31474800257883245,89.15907308656251,2439.611319832697,2439.6896743119064,1.0
transport_lowfield_1e24_a60_v2,2,timeout,nan,-3.138165847451458,-2.017167547410244,117.84058425401179,2532.0892093565417,2542.0764696945007,1.0
transport_lowfield_1e24_a60_v2,3,timeout,nan,1.0407805559414505,-3.1325424604383416,151.69302255903258,3065.594633249506,3111.108910170947,1.0
transport_lowfield_1e24_a60_v2,4,is_backward,59.800000000000004,1.9377472892030079,9.054934338477315,0.06467409454579687,29372.65934108814,30031.603008423983,2.0
transport_lowfield_1e24_a60_v2,5,is_backward,29.900000000000002,-8.529662305059976,7.8824866754759855,0.06964986852081394,52259.928679794335,56405.7649427004,2.0
transport_lowfield_1e24_a60_v2,6,timeout,nan,-0.05955741845533811,0.38249864499443054,224.4658066954061,888.8224770528956,914.3871384367692,1.0
transport_lowfield_1e24_a60_v2,7,timeout,nan,1.198326731245472,1.8479431722102302,171.8944095768183,1559.7915363960315,1573.7916818783972,1.0
transport_lowfield_1e24_a60_v2,8,timeout,nan,-2.6331534643500114,2.1044121465096057,185.8976771073764,3103.825748616041,3126.373160163788,1.0
transport_lowfield_1e24_a60_v2,9,timeout,nan,-3.1443026468043667,-4.309783308308014,274.50268726466174,2972.02869515817,3134.566887611915,1.0
transport_lowfield_1e24_a60_v2,10,timeout,nan,-2.237949192202106,2.9171790523310417,205.6971519687544,2331.869238389098,2363.4789035342155,1.0
transport_lowfield_1e24_a60_v2,11,timeout,nan,0.38607780185503093,2.6129067510537967,89.96853165691743,1829.8484092171775,1829.9615581176936,1.0
transport_lowfield_1e24_a60_v2,12,is_backward,83.60000000000001,-3.469858795512395,-5.30145718966813,0.06646128819685153,10055.152245213705,10216.446593006927,2.0
transport_lowfield_1e24_a60_v2,13,timeout,nan,0.9353386219056852,-2.1685798020511315,112.0923313521911,1223.9093206014227,1228.0115287608194,1.0
transport_lowfield_1e24_a60_v2,14,timeout,nan,-1.7303304359294094,-0.6305345623686955,216.27388799398636,1820.8304486651384,1857.2706892787467,1.0
transport_lowfield_1e24_a60_v2,15,timeout,nan,2.1136655880241344,-2.072571339618041,148.37456181698093,2635.4801302412598,2676.175743877564,1.0
transport_lowfield_1e24_a60_v2,16,timeout,nan,1.629209543190123,1.7216659214556975,167.16146776006764,2335.6598451862988,2361.1283065404496,1.0
transport_lowfield_1e24_a60_v2,17,timeout,nan,0.4200218035413731,-1.1965040682462,212.28930280079538,1381.7545535031704,1407.3474550132303,1.0
transport_lowfield_1e24_a60_v2,18,timeout,nan,2.2414647782862316,-0.41311759316927993,87.06701583251744,1542.2918946642628,1542.3046496103473,1.0
transport_lowfield_1e24_a60_v2,19,timeout,nan,-1.1676321657220303,2.6839664777103995,134.67099392599908,2882.9621081691052,2911.6306155752436,1.0
transport_lowfield_1e24_a60_v2,20,timeout,nan,-0.2974407594964919,-0.7272596934162587,180.27652350682968,1054.736957419189,1062.1032935046414,1.0
transport_lowfield_1e24_a60_v2,21,timeout,nan,2.642500964984838,1.1486124930875825,48.51871831611858,2693.618931977637,2701.902361385722,1.0
transport_lowfield_1e24_a60_v2,22,is_backward,80.70000000000002,5.260346243186196,-1.4371334226711396,0.06581067914387993,9051.553563931711,9221.81535220386,2.0
transport_lowfield_1e24_a60_v2,23,is_backward,72.00000000000001,-4.868356187172023,2.366871915030431,0.09950155455645446,12512.510005612354,12794.463976922978,2.0
transport_lowfield_1e24_a60_v2,24,timeout,nan,-0.05978324475695595,2.1075617690137656,3.621847899098884,1878.1052278210652,1905.8854556255383,1.0
transport_lowfield_1e24_a60_v2,25,timeout,nan,-0.08773840911432029,-2.1362628521586915,54.6406191026272,2074.217165390618,2079.095609544416,1.0
transport_lowfield_1e24_a60_v2,26,is_backward,37.60000000000001,-6.064013105709586,6.621337766789307,0.09036475201811862,49421.237246851575,51818.41840676282,2.0
transport_lowfield_1e24_a60_v2,27,timeout,nan,-1.3931763208166088,-0.5958671695191137,92.15135830302488,1512.4700439937326,1512.7083011007498,1.0
transport_lowfield_1e24_a60_v2,28,timeout,nan,-3.2032593688046096,3.5593596757800854,87.98909204499941,2221.551234990589,2221.581711994855,1.0
transport_lowfield_1e24_a60_v2,29,is_backward,58.20000000000001,8.015140315225848,3.436580865276685,0.06439576628302718,27431.73584765411,28124.989868254605,2.0
transport_lowfield_1e24_a60_v2,30,is_backward,83.00000000000001,4.914284549337884,3.1866004303475735,0.05177132858721101,10773.731549411179,10944.709689630412,2.0
transport_lowfield_1e24_a60_v2,31,timeout,nan,-2.7726955976504537,3.021576752915625,239.6356804786878,4082.7973257490958,4197.649831828084,1.0
transport_lowfield_1e24_a60_v2,32,timeout,nan,-1.436365074438305,0.45699598629676275,210.79279666572756,1659.1683242434253,1687.568214295098,1.0
transport_lowfield_1e24_a60_v2,33,is_backward,59.60000000000001,5.270390317299002,-5.148856856998596,0.08595000001885911,28350.224807429335,29007.39498889977,2.0
transport_lowfield_1e24_a60_v2,34,timeout,nan,-2.755403478976115,0.17385781788321777,140.7776430323273,2740.059862996525,2775.137301611135,1.0
transport_lowfield_1e24_a60_v2,35,timeout,nan,1.431314688471534,-2.020502801213326,16.340769342852468,2008.7429106834286,2030.021246725237,1.0
transport_lowfield_1e24_a60_v2,36,timeout,nan,-2.480807117449415,-0.8173685683789844,100.74796928156171,1941.6324453302345,1943.173179519503,1.0
transport_lowfield_1e24_a60_v2,37,timeout,nan,-2.476333168461571,3.813626463766496,67.44531367567954,2916.6545644462167,2918.9987748560575,1.0
transport_lowfield_1e24_a60_v2,38,timeout,nan,-2.1376815575602035,-2.3417589790650193,89.86784895139927,2779.211115093303,2779.331456328856,1.0
transport_lowfield_1e24_a60_v2,39,timeout,nan,1.5773156357428448,-0.6192232377591261,89.9672666955935,1238.9586316613131,1239.0585973213672,1.0
transport_lowfield_1e24_a60_v2,40,timeout,nan,1.0301693470953786,3.0892346414766187,208.92286659689913,1103.9993015589866,1122.7777581383157,1.0
transport_lowfield_1e24_a60_v2,41,timeout,nan,-1.3602872539698916,-1.6036192597153691,126.02505761451991,1715.4640602182878,1729.1989001024776,1.0
transport_lowfield_1e24_a60_v2,42,timeout,nan,3.3408586916730925,1.9673282506657446,123.64309436210041,1877.7836667641325,1890.261182060191,1.0
transport_lowfield_1e24_a60_v2,43,timeout,nan,-2.93844482421706,-0.7800048624430047,181.89007624434424,1046.412778677021,1053.458618556307,1.0
transport_lowfield_1e24_a60_v2,44,timeout,nan,-2.150459612468824,1.9287530223997726,43.577870085922896,2593.319414333364,2603.4679753714813,1.0
transport_lowfield_1e24_a60_v2,45,timeout,nan,2.8442618875245476,1.361365041054757,87.68054213149983,3153.028069393525,3153.0494316580407,1.0
transport_lowfield_1e24_a60_v2,46,timeout,nan,0.5632376074677524,3.206196364357542,59.85000644781518,2995.434784600404,3000.001706990211,1.0
transport_lowfield_1e24_a60_v2,47,is_backward,47.2,-3.4202068677441555,8.164642190953177,0.022136030585337235,36735.9051737772,38029.54233135369,2.0
transport_lowfield_1e24_a60_v2,48,timeout,nan,1.2407080378199191,2.1401645563490086,42.99218983650109,1450.8497711285736,1457.5514328321908,1.0
transport_lowfield_1e24_a60_v2,49,timeout,nan,-3.7990990054963745,0.5251519732759591,141.00133918214624,2482.538554062679,2515.9953493166468,1.0
transport_lowfield_1e24_a60_v2,50,timeout,nan,-3.529785585119416,-1.264936597060336,90.49555013606458,2176.2892447764225,2176.4384370690937,1.0
transport_lowfield_1e24_a60_v2,51,timeout,nan,2.1817571890737795,-0.7325213879939779,193.64350233520747,2292.061901875808,2312.637868387207,1.0
transport_lowfield_1e24_a60_v2,52,timeout,nan,-0.38397060729447563,1.4404394770225837,147.32171884442704,804.6640044891604,823.2904101814323,1.0
transport_lowfield_1e24_a60_v2,53,timeout,nan,-1.7244327322854005,1.6326856249361246,4.788597416497157,1961.329482610409,1989.264462737151,1.0
transport_lowfield_1e24_a60_v2,54,timeout,nan,-3.729217358978634,1.2012617653669113,103.45161668923342,2391.4939624221706,2393.998053458246,1.0
transport_lowfield_1e24_a60_v2,55,timeout,nan,-2.041856250013431,1.907646620530079,164.83943700041252,2656.755001866693,2688.154320636084,1.0
transport_lowfield_1e24_a60_v2,56,timeout,nan,-2.140321415370461,5.323339889094783,227.19483211656853,3194.587550796172,3269.083276596252,1.0
transport_lowfield_1e24_a60_v2,57,timeout,nan,-0.49131747593663244,2.1681294108169706,77.57924539798805,2119.806892992697,2120.1934704867526,1.0
transport_lowfield_1e24_a60_v2,58,timeout,nan,0.7106321802408571,-1.0467389325794543,62.03078950844963,1319.1453332038743,1321.1960551808654,1.0
transport_lowfield_1e24_a60_v2,59,timeout,nan,0.2516231248497721,-2.7391756219357877,159.69197301884424,2084.086042656994,2115.344332689462,1.0
transport_lowfield_1e24_a60_v2,60,timeout,nan,-1.5714300087047626,-1.2662301357387742,53.50716784703591,1951.180944773203,1956.1589311865246,1.0
transport_lowfield_1e24_a60_v2,61,is_backward,84.40000000000002,-4.159095239155792,0.006002100372040067,0.09157037445147614,5832.68639973894,5948.115766618801,2.0
transport_lowfield_1e24_a60_v2,62,timeout,nan,-1.912992233815457,-3.9010663598216357,36.886439218248704,1988.9231044937505,1999.8827597186998,1.0
transport_lowfield_1e24_a60_v2,63,timeout,nan,-2.8846903363726075,1.035434634468864,116.49972592950411,2885.7933435617174,2895.490345650876,1.0
transport_lowfield_1e24_a60_v2,64,timeout,nan,-0.11934245399497799,2.15347624634753,4.197977424322387,1536.4696351460352,1559.9895239523114,1.0
transport_lowfield_1e24_a60_v2,65,timeout,nan,-2.168683644264433,0.34488696483426684,39.006412546322046,1419.229884917415,1427.009295611854,1.0
transport_lowfield_1e24_a60_v2,66,timeout,nan,-2.5240792142390913,0.39688735881220094,43.035651936275926,2252.706861064153,2262.0729505482245,1.0
transport_lowfield_1e24_a60_v2,67,timeout,nan,-0.9581645052150347,0.1351958380712043,303.0905675517432,1186.991118374362,1315.4861371211512,1.0
transport_lowfield_1e24_a60_v2,68,is_backward,67.4,1.9340636668305584,-6.412384205584879,0.06185665172723538,22872.692204996012,23309.97530999704,2.0
transport_lowfield_1e24_a60_v2,69,timeout,nan,-2.6370257526468084,-0.0895515054660884,275.0575549922275,2959.8173730270087,3123.2514254924113,1.0
transport_lowfield_1e24_a60_v2,70,timeout,nan,1.6526563618463495,1.7928326851589855,94.78360073282718,2281.8236610890867,2282.3921352174316,1.0
transport_lowfield_1e24_a60_v2,71,timeout,nan,3.2430516423600926,-2.1124089799229933,186.18509192554845,2786.1994397907924,2806.6433425973396,1.0
transport_lowfield_1e24_a60_v2,72,timeout,nan,-3.641777802740327,-1.0350723178033356,117.77915075658072,3006.6003015588126,3017.5293641950175,1.0
transport_lowfield_1e24_a60_v2,73,timeout,nan,-3.4102420929394257,1.833232987011709,189.75501377500007,3762.8796133048904,3791.5951466463243,1.0
transport_lowfield_1e24_a60_v2,74,timeout,nan,-1.4078428475001212,2.7622893912141144,54.87282351111828,2928.364565585433,2934.5821659213116,1.0
transport_lowfield_1e24_a60_v2,75,timeout,nan,-0.01554666958610438,3.750129372653392,192.02282414686766,3640.6996622826614,3670.350752226606,1.0
transport_lowfield_1e24_a60_v2,76,timeout,nan,-0.8635474641306617,3.2965037771658854,50.16188742783017,1448.4752167976555,1453.2288608440692,1.0
transport_lowfield_1e24_a60_v2,77,is_backward,50.2,3.487324645608203,-6.959558785511844,0.05663515710577243,31835.679747966886,32901.562811302996,2.0
transport_lowfield_1e24_a60_v2,78,timeout,nan,3.7866606772609366,-1.4544761645833653,111.43437248487523,3687.4996742377175,3694.7390952816395,1.0
transport_lowfield_1e24_a60_v2,79,timeout,nan,2.5385221967246596,0.43093956569947517,206.03960545425642,2648.0158993450036,2683.5620223453047,1.0
transport_lowfield_1e24_a60_v2,80,timeout,nan,-2.46978273537741,3.0806195512946073,140.76578539119208,3597.670927920724,3638.4500214539016,1.0
transport_lowfield_1e24_a60_v2,81,timeout,nan,-1.5081263877231381,-1.9437329660471623,22.78187579058185,1800.7066706479068,1817.0262943642683,1.0
transport_lowfield_1e24_a60_v2,82,timeout,nan,2.7903620075067246,-1.6976894281623498,129.2292780698843,3249.8166233007178,3273.301549035268,1.0
transport_lowfield_1e24_a60_v2,83,timeout,nan,3.9198028460564314,-1.4940815171320672,88.63727280603095,2685.975824636501,2686.030221593698,1.0
transport_lowfield_1e24_a60_v2,84,timeout,nan,-0.05650658053753987,-2.9114150083318644,43.694022194163516,2611.0931062777954,2621.2392846857038,1.0
transport_lowfield_1e24_a60_v2,85,timeout,nan,-0.01844319106691976,1.349527953050871,195.71574130218715,1065.3472897853712,1076.0732142653094,1.0
transport_lowfield_1e24_a60_v2,86,timeout,nan,-2.6750493831975213,-2.107564004976854,37.19637991855836,2388.5899280883145,2401.0023523654695,1.0
transport_lowfield_1e24_a60_v2,87,timeout,nan,1.4832076816063486,-2.8557516196806283,189.32260728378373,2132.1615990878677,2149.1288942960823,1.0
transport_lowfield_1e24_a60_v2,88,timeout,nan,-1.3003702814499831,-3.2390125335390456,74.95765382317771,1673.6483056070304,1674.1972333145914,1.0
transport_lowfield_1e24_a60_v2,89,timeout,nan,-0.37046312456639513,2.084466201454098,40.832618264869645,1986.0963518514934,1995.4523611894508,1.0
transport_lowfield_1e24_a60_v2,90,timeout,nan,2.1176581315752383,-2.7807613366686907,131.98657920795924,3313.769441394312,3341.036016702659,1.0
transport_lowfield_1e24_a60_v2,91,timeout,nan,-0.972554058006345,3.1404249317662085,83.9036027954292,3312.618727166585,3312.659510014777,1.0
transport_lowfield_1e24_a60_v2,92,timeout,nan,3.147432552647141,1.276329150327009,73.69612875660367,1898.416425262885,1899.182261321658,1.0
transport_lowfield_1e24_a60_v2,93,timeout,nan,0.7932005548691836,-3.6100934213270572,83.12677143792668,2821.6266283914006,2821.6879619551196,1.0
transport_lowfield_1e24_a60_v2,94,timeout,nan,-1.150416175298701,-3.2471340742335477,100.06533837698304,3164.3114159551446,3166.103211458182,1.0
transport_lowfield_1e24_a60_v2,95,timeout,nan,2.8333537435868528,1.332622373340438,8.063187508148252,2401.3010918817345,2431.3194205259074,1.0
transport_lowfield_1e24_a60_v2,96,timeout,nan,2.4552768559571736,0.9911212859610605,160.18812047678847,2622.848174285389,2659.1502347852193,1.0
transport_lowfield_1e24_a60_v2,97,timeout,nan,-1.7342816411709374,-0.5462704723945838,204.54899011215014,1912.886007360043,1938.6666747289087,1.0
transport_lowfield_1e24_a60_v2,98,timeout,nan,3.4539583229944184,0.05340026634665359,178.9408333272372,2376.8513322524045,2394.0830783683386,1.0
transport_lowfield_1e24_a60_v2,99,is_backward,50.900000000000006,-7.724693738143675,-0.2798518609543922,0.06477145697775688,30217.47998804533,31231.439872526276,2.0
transport_lowfield_1e24_a60_v2,100,timeout,nan,0.18523584337743065,-2.1412486790936143,66.6081743258004,1161.0113487735723,1162.232973030093,1.0
transport_lowfield_1e24_a60_v2,101,timeout,nan,1.9014101876908773,1.0045142085057932,68.14411475569857,1960.5806527677023,1962.1801873180211,1.0
transport_lowfield_1e24_a60_v2,102,timeout,nan,0.5145135487046602,-3.0079738814122026,195.7687215423938,2674.142711419596,2699.432940429039,1.0
transport_lowfield_1e24_a60_v2,103,timeout,nan,0.9680516112433981,-3.042422450137693,158.5012145754666,3039.4665719397767,3081.476894356775,1.0
transport_lowfield_1e24_a60_v2,104,timeout,nan,-1.5775833241649193,-2.508739920812217,177.30544262188025,1843.2012740836362,1856.9281994854948,1.0
transport_lowfield_1e24_a60_v2,105,timeout,nan,-2.366800154562046,3.720585109851429,61.563289831129175,2507.1534521252615,2510.6794012397972,1.0
transport_lowfield_1e24_a60_v2,106,timeout,nan,2.0739370312753302,1.05161342233402,233.48942999017072,2412.580212676906,2482.4367586450458,1.0
transport_lowfield_1e24_a60_v2,107,timeout,nan,-0.7942673014507552,2.0229565777938543,88.81886129908493,2047.2862102410654,2047.3476387437995,1.0
transport_lowfield_1e24_a60_v2,108,timeout,nan,-0.27571867777043696,3.4514695274424954,189.66467858576934,2970.137601648658,2993.2595049408487,1.0
transport_lowfield_1e24_a60_v2,109,timeout,nan,-0.18138727135171437,2.4953162246536227,60.005260783067826,2393.8457069115184,2397.668352459104,1.0
transport_lowfield_1e24_a60_v2,110,timeout,nan,0.8211499896624019,-2.3293656348971754,107.28803373938811,2390.1260378737543,2393.985517032089,1.0
transport_lowfield_1e24_a60_v2,111,timeout,nan,-1.0351718712292932,-0.5118945691149783,304.5942020955542,1348.3468218285584,1492.7998628175758,1.0
transport_lowfield_1e24_a60_v2,112,is_backward,81.10000000000002,-1.0328733515413668,-4.995133207995703,0.06364919830619362,8116.896526785681,8275.071626993653,2.0
transport_lowfield_1e24_a60_v2,113,timeout,nan,0.38918742615719615,-1.7335007834055163,25.173564846181524,1449.6717376254069,1462.5139701225212,1.0
transport_lowfield_1e24_a60_v2,114,is_backward,63.80000000000002,-1.9333281569582368,7.29983414947624,0.08400509221292052,22793.41308124103,23301.368047204185,2.0
transport_lowfield_1e24_a60_v2,115,timeout,nan,-0.2857032004815304,2.125125195871158,31.76802122838364,1626.4255311204968,1637.7420358649338,1.0
transport_lowfield_1e24_a60_v2,116,timeout,nan,-2.017641766875645,-2.050984079237235,71.66254598691788,2329.024607525061,2330.233528426477,1.0
transport_lowfield_1e24_a60_v2,117,timeout,nan,-2.6810275349232726,2.06175570145687,130.6933233946779,2996.8724986378484,3021.101374796463,1.0
transport_lowfield_1e24_a60_v2,118,timeout,nan,0.10719780091041622,-1.4131352450373649,85.03660664978935,1354.3479538541742,1354.34848516428,1.0
transport_lowfield_1e24_a60_v2,119,timeout,nan,-1.2180907190489827,0.3779086211052776,100.36137832039424,1341.6468119529661,1342.828559885854,1.0
transport_lowfield_1e24_a60_v2,120,timeout,nan,-1.18049683560094,1.9835741460493888,43.66833759629407,1173.3358006942822,1178.8316937224688,1.0
transport_lowfield_1e24_a60_v2,121,timeout,nan,-2.9381467099663983,0.679226041631334,110.77137886936691,3000.299775522495,3006.4418402457254,1.0
transport_lowfield_1e24_a60_v2,122,timeout,nan,0.9052425168111387,2.0646285073371797,86.63457418702971,2133.9195064168484,2133.9242168012893,1.0
transport_lowfield_1e24_a60_v2,123,timeout,nan,1.995910634332394,0.5976797714918486,100.2367540483716,2021.5668557032,2023.0239049523664,1.0
transport_lowfield_1e24_a60_v2,124,timeout,nan,2.0504027690236986,-2.728888175475908,177.83066731467284,2486.7759543014745,2505.090766452014,1.0
transport_lowfield_1e24_a60_v2,125,is_backward,35.60000000000001,4.72162007932191,9.95060437785853,0.03828644687561497,48476.61531860038,51200.99599633582,2.0
transport_lowfield_1e24_a60_v2,126,is_backward,38.50000000000001,10.063778740474447,6.1482878488908215,-1.8992066864217515e-17,41862.60204590296,44068.562047341846,2.0
transport_lowfield_1e24_a60_v2,127,timeout,nan,2.191713083311845,-1.1608037998049685,71.13947865759316,2386.068161689563,2387.3868967012777,1.0
transport_lowfield_1e24_a60_v2,128,timeout,nan,1.7504811722274523,2.7238844837525256,168.4619208782287,2789.0528449264093,2816.988489894032,1.0
transport_lowfield_1e24_a60_v2,129,timeout,nan,-1.424180074297297,-0.3438506387974707,72.80356357653336,1433.3627209459266,1434.0528294358603,1.0
transport_lowfield_1e24_a60_v2,130,timeout,nan,-0.9375593561714466,-3.0772453910301434,77.66754900015627,2394.9014631787973,2395.322834413154,1.0
transport_lowfield_1e24_a60_v2,131,timeout,nan,1.0913398896274478,2.8690138988864584,27.052800711353825,3058.2398830117113,3079.3653415265094,1.0
transport_lowfield_1e24_a60_v2,132,timeout,nan,1.92846954414953,0.7982080389345128,73.48304217151421,1776.5846949300255,1777.3334823501311,1.0
transport_lowfield_1e24_a60_v2,133,timeout,nan,-1.6855705838284956,2.3200345988259823,135.22267361673363,2489.1306423595697,2516.2268937127715,1.0
transport_lowfield_1e24_a60_v2,134,timeout,nan,-3.1201609798462946,1.6528751866663216,57.01329959603611,3584.0057096027504,3590.298812146643,1.0
transport_lowfield_1e24_a60_v2,135,timeout,nan,1.0556411253580744,-3.8703479640510055,16.368162388661815,4274.336106890528,4310.721303171674,1.0
transport_lowfield_1e24_a60_v2,136,timeout,nan,2.1021832839945196,-2.2482568683862922,78.88711236781265,3010.956418105167,3011.3322748282208,1.0
transport_lowfield_1e24_a60_v2,137,is_backward,50.2,-3.6976867292044653,-0.08512067103884152,0.059322207626951326,29153.800634231295,30194.6653895713,2.0
transport_lowfield_1e24_a60_v2,138,timeout,nan,3.427757087675468,-0.10028765012224658,125.83889497340009,3434.2041256393522,3454.180456030637,1.0
transport_lowfield_1e24_a60_v2,139,timeout,nan,2.035695787495269,-0.22902737001218898,44.57973847196496,1965.887492946914,1973.7832386953435,1.0
transport_lowfield_1e24_a60_v2,140,timeout,nan,-2.8545940343342675,0.48093178644208395,117.3262985513649,2573.669325599979,2583.3789563751648,1.0
transport_lowfield_1e24_a60_v2,141,timeout,nan,-1.4522680512010109,2.6633597289393722,154.5116121812216,1700.8345355907836,1731.3037643795221,1.0
transport_lowfield_1e24_a60_v2,142,timeout,nan,2.7336443332361964,-0.8875664698114877,142.9455419349277,2859.079214694883,2897.1370734975258,1.0
transport_lowfield_1e24_a60_v2,143,timeout,nan,0.6674268904924306,-2.239941979783326,119.17772683659567,1690.106672692651,1698.8508288495027,1.0
transport_lowfield_1e24_a60_v2,144,timeout,nan,-0.13926538812699377,-0.9745110126445223,256.5840086541549,1360.2504351715845,1430.2076299259948,1.0
transport_lowfield_1e24_a60_v2,145,timeout,nan,3.043148733635977,-0.8584329665190759,18.730606290928993,2227.6409356466424,2249.1587960117863,1.0
transport_lowfield_1e24_a60_v2,146,timeout,nan,-1.4842280421648828,-2.0334159493827744,211.01722653275183,2526.213550507181,2566.362241498277,1.0
transport_lowfield_1e24_a60_v2,147,timeout,nan,-0.6545325597219531,0.5564361267834901,111.75538185979141,994.0571735788056,997.5684703248144,1.0
transport_lowfield_1e24_a60_v2,148,timeout,nan,-1.1429579079177068,2.7526406132817463,112.19060153960031,2802.23641503774,2808.9267858899734,1.0
transport_lowfield_1e24_a60_v2,149,is_backward,24.400000000000002,-2.463449540505287,12.444065939797978,3.5045988192646677e-17,55079.37855286463,61747.866559800415,2.0
transport_lowfield_1e24_a60_v2,150,is_backward,85.60000000000001,-3.2062054334002053,1.9080134562185074,0.058901312032894816,6408.706132505856,6525.352248528067,2.0
transport_lowfield_1e24_a60_v2,151,timeout,nan,2.5760371805734295,0.5334025703279563,37.62573548650115,2589.627495865637,2602.5803130929708,1.0
transport_lowfield_1e24_a60_v2,152,timeout,nan,2.1096237857787092,2.02598713468984,38.59727035329634,2015.030589308115,2025.3859822877805,1.0
transport_lowfield_1e24_a60_v2,153,timeout,nan,0.12840554808809215,-3.977437085132057,37.61997162787624,2172.100500335379,2183.483449724799,1.0
transport_lowfield_1e24_a60_v2,154,timeout,nan,-1.4602147698206422,1.9438413564332389,79.62997974763822,2359.5942191501144,2359.8359644170237,1.0
transport_lowfield_1e24_a60_v2,155,timeout,nan,-0.28259272270896835,-2.47244370560079,184.37868245140493,2514.236768922984,2532.3740742791933,1.0
transport_lowfield_1e24_a60_v2,156,timeout,nan,-1.2618941351635509,2.5616967126616483,58.139882208134345,2584.2494901663963,2588.8598796437677,1.0
transport_lowfield_1e24_a60_v2,157,timeout,nan,1.0994902657514105,-4.255156290204349,306.24993479020014,3225.690322989795,3494.9710978133094,1.0
transport_lowfield_1e24_a60_v2,158,timeout,nan,2.0680198124922717,-0.7749051133662448,107.54414206934085,2136.836847063337,2140.556182847011,1.0
transport_lowfield_1e24_a60_v2,159,timeout,nan,0.35300635618259,2.0125947172912966,22.108666575701193,2008.7416405007618,2026.8223992164167,1.0
transport_lowfield_1e24_a60_v2,160,timeout,nan,0.8533592551705396,1.641502350976811,30.067257014963197,1810.8073812212529,1823.8267433015735,1.0
transport_lowfield_1e24_a60_v2,161,timeout,nan,-1.636093559711931,0.9618604203960662,187.23766224136185,1579.246296890036,1591.179295390992,1.0
transport_lowfield_1e24_a60_v2,162,timeout,nan,1.6188182553959276,-1.7311339828056616,2.0388656430375174,1991.109859324271,2021.2045418046805,1.0
transport_lowfield_1e24_a60_v2,163,timeout,nan,-2.5922425402020233,-0.38919961093470823,31.996021081160688,2431.9233312761994,2447.121230615015,1.0
transport_lowfield_1e24_a60_v2,164,timeout,nan,-1.5208089550013768,-1.0515212250194503,66.76591838011173,1689.722939475471,1691.3597161408993,1.0
transport_lowfield_1e24_a60_v2,165,timeout,nan,2.8567907149634966,1.1760278654249934,181.1591711727435,2436.827830076866,2454.4395561272945,1.0
transport_lowfield_1e24_a60_v2,166,timeout,nan,-1.7446090449535536,-3.5815311215112353,110.91688945655697,3083.2380932240994,3089.4989365212487,1.0
transport_lowfield_1e24_a60_v2,167,timeout,nan,1.795928670959313,0.11681292134455389,37.713075556652626,1406.203345495154,1414.3295570943235,1.0
transport_lowfield_1e24_a60_v2,168,timeout,nan,3.49537823219401,-0.8782995314816676,170.91309469717754,2602.4900823483476,2626.1787497985447,1.0
transport_lowfield_1e24_a60_v2,169,timeout,nan,-0.6225126289501867,3.6913642594763774,216.98172357148357,3510.3805636350266,3571.9262509604946,1.0
transport_lowfield_1e24_a60_v2,170,timeout,nan,3.3433347416228063,0.8965252929649015,26.79833328540892,2354.1107063401614,2371.7402903457414,1.0
transport_lowfield_1e24_a60_v2,171,timeout,nan,-1.2237341068629288,1.1512667886117638,198.59528557570093,1657.0718900065858,1675.3597882591098,1.0
transport_lowfield_1e24_a60_v2,172,timeout,nan,1.5457742418211518,-2.785088593587983,95.56899021511059,3068.983707441596,3069.7580174441086,1.0
transport_lowfield_1e24_a60_v2,173,timeout,nan,2.902037358529474,-0.5064998426926588,120.9877111073765,2797.5686919822774,2810.743268856014,1.0
transport_lowfield_1e24_a60_v2,174,timeout,nan,4.7394057718188956,0.08376236077449847,78.69872611529189,3766.0761349679365,3766.557594489885,1.0
transport_lowfield_1e24_a60_v2,175,timeout,nan,-3.269420459788966,3.846865111299289,78.5358892559888,2521.456929762156,2521.8157705819112,1.0
transport_lowfield_1e24_a60_v2,176,timeout,nan,-4.102609106444249,-0.31569577775821167,36.63353771950999,3689.3555193872776,3706.6543104829625,1.0
transport_lowfield_1e24_a60_v2,177,timeout,nan,3.4227705834398803,-1.0143525552203827,303.8275838504718,3481.216198375631,3754.1904182972744,1.0
transport_lowfield_1e24_a60_v2,178,timeout,nan,-3.547254950687518,0.22897928289238165,110.16110404852536,2923.7498311969393,2929.4698650765586,1.0
transport_lowfield_1e24_a60_v2,179,timeout,nan,0.8715050086052384,0.30771517098528794,75.91205969967599,941.2758596214729,941.5453412864906,1.0
transport_lowfield_1e24_a60_v2,180,timeout,nan,3.3526296155658226,1.1803605451348176,181.35949334352264,2717.423887386034,2736.7922433979293,1.0
transport_lowfield_1e24_a60_v2,181,timeout,nan,0.34635473779638,2.1862884916630647,44.77670730654569,1321.057711578736,1326.8050369017321,1.0
transport_lowfield_1e24_a60_v2,182,timeout,nan,-1.8283683557554857,-2.5535627925865465,119.45638618651788,3033.036335776988,3045.430802167787,1.0
transport_lowfield_1e24_a60_v2,183,timeout,nan,0.749412461638487,-1.1620419546404561,287.9075142603965,1449.625734867773,1567.601087489672,1.0
transport_lowfield_1e24_a60_v2,184,timeout,nan,-2.869011286702035,0.6924171122685285,84.51262195044553,2412.9728777934006,2412.9856296751495,1.0
transport_lowfield_1e24_a60_v2,185,timeout,nan,2.5432395846048834,0.7386706354994381,54.08853124734482,2558.0985881294646,2563.9983728049046,1.0
transport_lowfield_1e24_a60_v2,186,timeout,nan,-0.07274507088310365,4.355490442798194,148.00370283572548,3084.1585178608416,3128.8225341560446,1.0
transport_lowfield_1e24_a60_v2,187,is_backward,34.50000000000001,-6.900736737270855,10.954965942334026,5.466009487750407e-18,46191.96100498169,49113.60685532983,2.0
transport_lowfield_1e24_a60_v2,188,timeout,nan,0.16175031331582304,2.8511875105528017,133.74502699410783,2837.113937687557,2864.343113654424,1.0
transport_lowfield_1e24_a60_v2,189,timeout,nan,1.87373179820239,0.41633546505155616,149.7105527275474,1620.082447479683,1650.179689879886,1.0
transport_lowfield_1e24_a60_v2,190,timeout,nan,2.969389747138501,-0.46266507666739,189.7326920446268,2982.210109505334,3005.675206363066,1.0
transport_lowfield_1e24_a60_v2,191,timeout,nan,-3.2013398152448582,0.5728538913250538,220.43817320742863,3109.4936928088932,3171.269020497516,1.0
transport_lowfield_1e24_a60_v2,192,timeout,nan,-1.4434023032356635,1.2282006230483509,69.08246929382535,1800.2141174922435,1801.5621184423933,1.0
transport_lowfield_1e24_a60_v2,193,timeout,nan,0.5508784077271102,0.4814238355957411,116.21801968341117,941.4118506574789,946.3308916234237,1.0
transport_lowfield_1e24_a60_v2,194,timeout,nan,1.1410527764790972,-3.308497401823575,194.87205811285023,3101.2668673650587,3129.2375192241843,1.0
transport_lowfield_1e24_a60_v2,195,timeout,nan,2.7218140100817596,-0.1446717921414698,54.64343878873332,2673.3001587539443,2679.197475790548,1.0
transport_lowfield_1e24_a60_v2,196,is_backward,28.600000000000005,-2.9110180536670383,-12.172104319780386,-1.058129439577833e-17,56605.73788843943,61277.18413728764,2.0
transport_lowfield_1e24_a60_v2,197,timeout,nan,-1.7433559587316125,-2.5115945549260554,53.08905532168925,3031.942352950121,3039.0188957906453,1.0
transport_lowfield_1e24_a60_v2,198,timeout,nan,-1.4606939401574242,1.0437104506969825,132.63591080857455,1400.5606820821556,1417.7630701304588,1.0
transport_lowfield_1e24_a60_v2,199,timeout,nan,3.6471101585395393,2.7961244594839747,31.6969484998047,1764.7104697897362,1776.791350024035,1.0
transport_lowfield_1e24_a60_v2,200,timeout,nan,0.028088722160222523,2.855569982490218,141.0266346704235,2728.6894534319176,2763.903914111422,1.0
transport_lowfield_1e24_a60_v2,201,timeout,nan,1.1864180535398037,-2.8963245755042775,93.83563299878853,2276.61874297889,2277.0712215050066,1.0
transport_lowfield_1e24_a60_v2,202,timeout,nan,-5.266497323113953,0.6882215665863041,94.35483181396634,3945.664746728969,3946.3172782767874,1.0
transport_lowfield_1e24_a60_v2,203,is_backward,92.90000000000002,1.9371659775806624,3.2995958400863947,0.08448181641489375,5543.846839441435,5625.66493465745,2.0
transport_lowfield_1e24_a60_v2,204,timeout,nan,-2.3635432766968605,0.3143248223185587,210.9367122199455,2470.8918675747736,2510.2433805316696,1.0
transport_lowfield_1e24_a60_v2,205,timeout,nan,-3.8315415121747938,4.556151953388966,158.66877815953615,2145.488965612586,2178.9186751436146,1.0
transport_lowfield_1e24_a60_v2,206,timeout,nan,3.228894333889695,-1.3689112011488047,122.23250865953017,3429.2156601634374,3445.156956577946,1.0
transport_lowfield_1e24_a60_v2,207,timeout,nan,-0.830096940130874,-4.140854296521768,254.30837123146955,3894.502392908256,4038.4416527102676,1.0
transport_lowfield_1e24_a60_v2,208,is_backward,63.40000000000001,3.9568618471132058,-4.029170517648369,0.09651638917111818,18476.717502822725,18955.212301591917,2.0
transport_lowfield_1e24_a60_v2,209,is_backward,26.200000000000003,-10.749748943277336,-0.5504775452907468,-1.580245842221304e-17,54778.43387779159,60440.221023326376,2.0
transport_lowfield_1e24_a60_v2,210,timeout,nan,2.1677606434709515,-0.9520303130005782,134.18791594252903,1502.245446031382,1521.534213723209,1.0
transport_lowfield_1e24_a60_v2,211,timeout,nan,-2.046238872437371,1.2816698741808628,69.00686968233182,2150.540349532451,2152.108039742831,1.0
transport_lowfield_1e24_a60_v2,212,timeout,nan,-1.24114386754898,2.7990716325366902,103.95912297028941,2376.9962190428564,2379.65944886889,1.0
transport_lowfield_1e24_a60_v2,213,timeout,nan,0.8213534776360314,2.0451397111672827,54.79972793657513,1892.670932085751,1897.175778144923,1.0
transport_lowfield_1e24_a60_v2,214,timeout,nan,2.2094727971549943,-1.5328228598325524,111.07736689735931,2431.7809984704177,2437.392907518282,1.0
transport_lowfield_1e24_a60_v2,215,timeout,nan,-2.847100610880245,-1.567400112557541,99.15277184654964,2142.4500138175554,2143.7063971424745,1.0
transport_lowfield_1e24_a60_v2,216,timeout,nan,2.3624094479241937,1.6935199552003828,116.38061461798097,2654.5931047843533,2663.7802036967305,1.0
transport_lowfield_1e24_a60_v2,217,timeout,nan,-2.49344238609467,-1.0172285459171873,167.234513531904,2636.9353164367685,2665.0015583809986,1.0
transport_lowfield_1e24_a60_v2,218,timeout,nan,-3.2899691711084214,1.139205917698918,73.86764838413015,1901.7897600706542,1902.5365389823626,1.0
transport_lowfield_1e24_a60_v2,219,timeout,nan,2.0638402567367145,-1.2806419024090423,148.74880876786156,2014.9238989622656,2049.488526133329,1.0
transport_lowfield_1e24_a60_v2,220,timeout,nan,1.0405909605712638,-1.1948791204065998,94.04738561426795,794.7550750669632,795.0359731471898,1.0
transport_lowfield_1e24_a60_v2,221,is_backward,58.50000000000001,4.33582653742595,4.446190038358715,0.03148455173299466,25409.886669401123,26077.70864931565,2.0
transport_lowfield_1e24_a60_v2,222,timeout,nan,0.8574791847946108,2.46799499767914,99.02744285821566,2065.419115147016,2066.628265750602,1.0
transport_lowfield_1e24_a60_v2,223,is_backward,56.80000000000001,-1.199109943593393,7.197056250527727,0.08904099411566856,25258.324172060762,25978.744731589486,2.0
transport_lowfield_1e24_a60_v2,224,timeout,nan,-3.017847785655573,-2.7037522988956755,79.16686520115834,2342.7085568221296,2342.987214336213,1.0
transport_lowfield_1e24_a60_v2,225,is_backward,64.2,-0.7688661225436532,-7.110617507965885,0.06139773441402743,19890.569284365436,20365.89434112995,2.0
transport_lowfield_1e24_a60_v2,226,timeout,nan,-2.8322657172036316,-1.796290808688887,143.74657718115358,2508.6494125626677,2544.636956028401,1.0
transport_lowfield_1e24_a60_v2,227,timeout,nan,1.357381911218378,-1.4875165743277745,132.81130913232,1948.8947229473217,1969.9813484167069,1.0
transport_lowfield_1e24_a60_v2,228,is_backward,51.500000000000014,-7.8727926509338,-2.9045308466104682,0.038769021768181436,29065.139911161787,30038.77942839816,2.0
transport_lowfield_1e24_a60_v2,229,timeout,nan,-2.646696862236068,0.5234936781056869,96.04340822195707,2154.9703313722143,2155.685526086369,1.0
transport_lowfield_1e24_a60_v2,230,timeout,nan,-3.4889434984577306,-2.950452767849967,72.75530061128221,4568.885134956159,4570.624608398974,1.0
transport_lowfield_1e24_a60_v2,231,timeout,nan,-0.13452115909671086,-2.5015251963391782,49.32473088557592,2117.6913864497214,2124.3475137194887,1.0
transport_lowfield_1e24_a60_v2,232,timeout,nan,2.3644856237204643,-1.4811676685906223,228.70856054426145,2847.4753761150137,2918.4642421531557,1.0
transport_lowfield_1e24_a60_v2,233,timeout,nan,-3.568598342510873,-0.8521811123406062,109.89002183243232,3416.8545674422535,3422.915894181477,1.0
transport_lowfield_1e24_a60_v2,234,timeout,nan,1.7632109391383093,-2.7734072092690933,137.99311485015846,2783.8060201869794,2816.205718007653,1.0
transport_lowfield_1e24_a60_v2,235,timeout,nan,0.5605480292684062,-2.6316393866522647,205.36866282876952,1443.7814508196282,1464.612321077157,1.0
transport_lowfield_1e24_a60_v2,236,timeout,nan,-1.8067036803287329,0.6500067703171171,78.32589165573734,1755.3165191314613,1755.5848029087174,1.0
transport_lowfield_1e24_a60_v2,237,is_backward,61.400000000000006,9.741142983946187,1.97014260064648,0.08208442438299772,24998.456781018376,25580.784355873104,2.0
transport_lowfield_1e24_a60_v2,238,timeout,nan,-4.088462981469153,-1.6181787054099306,24.635703865064446,4400.397309289005,4429.671268361284,1.0
transport_lowfield_1e24_a60_v2,239,timeout,nan,-1.5958809019749332,-0.10975986165668417,51.550942674841494,1355.9935834775508,1360.1786465889918,1.0
transport_lowfield_1e24_a60_v2,240,timeout,nan,-1.340935120613463,-2.5377562412456287,35.62187674954673,2363.366191692501,2376.4338023184164,1.0
transport_lowfield_1e24_a60_v2,241,timeout,nan,1.4953700944985444,-0.3089998462766743,66.69501236919686,1511.4531433060454,1512.9591752324804,1.0
transport_lowfield_1e24_a60_v2,242,timeout,nan,2.3643016052435626,-0.9647799768661823,6.125358162070934,2576.427044608044,2609.523264476506,1.0
transport_lowfield_1e24_a60_v2,243,timeout,nan,-0.3418254287043214,-1.3024520662147505,118.79968223092935,1106.2784111067554,1112.873843621226,1.0
transport_lowfield_1e24_a60_v2,244,timeout,nan,2.6998784514985137,-4.335353158325023,140.58077681280986,3431.850838734024,3471.6313568514734,1.0
transport_lowfield_1e24_a60_v2,245,is_backward,55.80000000000001,-4.7601408672976895,-5.3540761606627525,0.061935491705976495,25718.701707551827,26478.821303367222,2.0
transport_lowfield_1e24_a60_v2,246,timeout,nan,-2.794357763288448,-0.9187335926822038,86.41712679186631,2260.7970957398434,2260.7993389477874,1.0
transport_lowfield_1e24_a60_v2,247,is_backward,40.10000000000001,9.224585482164501,-5.220701710713817,1.1911400820763599e-18,47048.45714542372,49092.821259220866,2.0
transport_lowfield_1e24_a60_v2,248,timeout,nan,1.9351272600371814,0.10607196435439732,189.74014163920774,1521.181216623063,1533.4974643431178,1.0
transport_lowfield_1e24_a60_v2,249,timeout,nan,0.3826482340446052,2.531526547189716,54.275515484317374,2480.3776943343128,2486.0805003472897,1.0
transport_lowfield_1e24_a60_v2,250,timeout,nan,-3.238892383792218,-0.5886937243970579,179.06786083398472,1563.679382098643,1574.9671642304736,1.0
transport_lowfield_1e24_a60_v2,251,timeout,nan,3.266276148180482,1.2235206198833752,96.77448578947134,1872.5708678747228,1873.3315193611968,1.0
transport_lowfield_1e24_a60_v2,252,is_backward,44.50000000000001,-3.040294316650749,-9.44907355467758,0.060811196130720356,40260.12094857322,41789.42865198203,2.0
transport_lowfield_1e24_a60_v2,253,timeout,nan,-1.8189856079096047,1.9301815927849681,74.50058065520382,2385.3252437937244,2386.131082638118,1.0
transport_lowfield_1e24_a60_v2,254,timeout,nan,1.9488673946090116,-1.1113457019241708,55.30408676153745,2195.105216941314,2199.9966719542067,1.0
transport_lowfield_1e24_a60_v2,255,timeout,nan,-1.8878683128769536,-0.7544358920653517,197.85778819913662,2051.7980526884403,2073.3552891346426,1.0
transport_lowfield_1e24_a60_v2,256,timeout,nan,-0.2717151927073038,-2.3537965049242446,180.70844838269795,2382.6064377696403,2399.90844154186,1.0
transport_lowfield_1e24_a60_v2,257,is_backward,44.1,6.395684644175114,7.1310672956251695,0.015714300935093014,36747.586869984654,38281.52780294859,2.0
transport_lowfield_1e24_a60_v2,258,timeout,nan,-1.8973989613675601,1.8583524005455652,148.264390502409,2584.9200363261366,2624.987414002818,1.0
transport_lowfield_1e24_a60_v2,259,timeout,nan,1.1744637094582386,-1.668299759469734,71.07293725566558,1967.2613540540233,1968.4010649005993,1.0
transport_lowfield_1e24_a60_v2,260,timeout,nan,2.4098926756970522,3.2673091912423513,185.5050569808557,3011.5583728483216,3033.3838358005114,1.0
transport_lowfield_1e24_a60_v2,261,timeout,nan,2.3640248052348496,1.4303218479492577,128.02339765898498,2490.051574281441,2509.082892595989,1.0
transport_lowfield_1e24_a60_v2,262,is_backward,46.60000000000001,0.6732735949347997,-7.823718514978008,1.8502375941586123e-17,37762.41185559873,39107.28210226432,2.0
transport_lowfield_1e24_a60_v2,263,timeout,nan,-0.5005011174224775,3.1326250517272736,182.9779053798288,2731.7305720895392,2751.186751819374,1.0
transport_lowfield_1e24_a60_v2,264,is_backward,27.300000000000004,-11.409531602486126,-5.018156823916643,1.1507736681837721e-17,55534.48767283597,60716.342956939276,2.0
transport_lowfield_1e24_a60_v2,265,timeout,nan,-0.47661677534546637,0.39102703332538785,92.00484828999578,856.848941695043,857.0242121944153,1.0
transport_lowfield_1e24_a60_v2,266,timeout,nan,1.0472592429335161,2.745323588643999,148.07608549876895,1376.1902990841697,1403.237534818726,1.0
transport_lowfield_1e24_a60_v2,267,timeout,nan,-0.991008664894999,0.9144830517286082,63.07919064881218,1384.4916344920844,1386.4467714176124,1.0
transport_lowfield_1e24_a60_v2,268,timeout,nan,0.39769827951250314,-3.0291488821170587,234.84770798345832,2282.379416739251,2351.406793352521,1.0
transport_lowfield_1e24_a60_v2,269,timeout,nan,1.6975958642526843,0.4602504806930117,105.34230832897387,1582.0852760066077,1584.5712902481844,1.0
transport_lowfield_1e24_a60_v2,270,timeout,nan,-0.32326522250448086,2.910986338173137,161.55047663278305,2865.8028091099313,2903.006032770796,1.0
transport_lowfield_1e24_a60_v2,271,timeout,nan,-3.5121162769189134,0.3850552861781071,10.831846316975795,2457.119181543281,2485.628917988181,1.0
transport_lowfield_1e24_a60_v2,272,timeout,nan,0.8398467358669442,-1.9939267941464023,108.75186019164043,2092.0720913837736,2096.200743222125,1.0
transport_lowfield_1e24_a60_v2,273,is_backward,64.9,-4.746165919883403,-2.0978047753840703,0.06176099014055443,17878.357246153766,18321.146110441714,2.0
transport_lowfield_1e24_a60_v2,274,is_backward,31.500000000000004,15.596862368450806,1.0600853633999414,-2.1771393722395688e-17,52343.856993015004,56025.12923274235,2.0
transport_lowfield_1e24_a60_v2,275,is_backward,45.900000000000006,0.20869979480068135,-5.607564916312561,0.024225924263855777,39241.21408920262,40650.18898065615,2.0
transport_lowfield_1e24_a60_v2,276,timeout,nan,0.6585120605542181,-2.9459919748670216,110.85106029545221,1779.50448266944,1784.0901972384088,1.0
transport_lowfield_1e24_a60_v2,277,timeout,nan,2.377512466522527,-1.725559333044864,35.43015902214576,2542.068032342354,2555.950709439477,1.0
transport_lowfield_1e24_a60_v2,278,timeout,nan,1.1206939118506414,-1.1743750761574627,127.76928461777159,1289.4861537617173,1302.3036213789342,1.0
transport_lowfield_1e24_a60_v2,279,timeout,nan,2.4060915831010017,-0.9219056236122254,200.61698634403916,2600.4195306646593,2629.5531346032794,1.0
transport_lowfield_1e24_a60_v2,280,timeout,nan,-3.297697452239149,-2.7007724120881407,81.00817086992076,3485.1878962420274,3485.406092416439,1.0
transport_lowfield_1e24_a60_v2,281,timeout,nan,-2.105955276119296,1.3955071782503705,190.54101525265813,2158.223274873787,2175.843280647468,1.0
transport_lowfield_1e24_a60_v2,282,timeout,nan,3.1795294551402775,-0.3458238053550693,256.4296212332894,1573.4291999274274,1651.4536573210105,1.0
transport_lowfield_1e24_a60_v2,283,timeout,nan,-2.4478362398386717,-1.2320757979535735,55.90799883385811,2499.131292597873,2504.32572080994,1.0
transport_lowfield_1e24_a60_v2,284,is_backward,37.50000000000001,-9.58776473001133,3.1163872771235392,0.007539451405655026,42485.07608408929,44837.05735298525,2.0
transport_lowfield_1e24_a60_v2,285,timeout,nan,-3.794200602515055,0.019660992670909136,37.23535476937693,2177.4224835009945,2188.9959578598687,1.0
transport_lowfield_1e24_a60_v2,286,timeout,nan,-0.45727285354829766,-2.127381317819814,83.8548254747018,1891.5366100317322,1891.5552943067373,1.0
transport_lowfield_1e24_a60_v2,287,timeout,nan,-1.3794824418347111,1.1887083677000516,225.80723500447672,1947.894330035981,1997.6987372728265,1.0
transport_lowfield_1e24_a60_v2,288,timeout,nan,-0.7373189184878828,3.3568055744280323,89.2730697130527,3247.107537599426,3247.194398453757,1.0
transport_lowfield_1e24_a60_v2,289,timeout,nan,-0.17597076682403234,2.900171420306314,105.1061963710481,2679.714907647884,2682.962379619135,1.0
transport_lowfield_1e24_a60_v2,290,timeout,nan,-0.5179125452046052,1.2113075937537874,90.65596662364192,1245.1838151338807,1245.3163808878062,1.0
transport_lowfield_1e24_a60_v2,291,timeout,nan,-0.7294832471514523,-0.4836036952650179,15.705952755031248,1106.5035494215433,1120.1332470137243,1.0
transport_lowfield_1e24_a60_v2,292,timeout,nan,-0.8306260600630971,2.6974180650537196,160.93521562524361,2378.1247512733007,2411.1576359971573,1.0
transport_lowfield_1e24_a60_v2,293,timeout,nan,-1.2637303679646368,-0.8553170955116558,97.49583548313423,1301.7599597257934,1302.47388870025,1.0
transport_lowfield_1e24_a60_v2,294,timeout,nan,-1.0159346038200598,2.526641588609876,172.55304369860477,2495.459903319791,2516.953687085839,1.0
transport_lowfield_1e24_a60_v2,295,timeout,nan,2.070584214175871,2.05403231213516,98.21352468871639,2856.012033917017,2857.2501968982197,1.0
transport_lowfield_1e24_a60_v2,296,timeout,nan,-4.170458089480811,-1.5737600280334576,258.60215381918863,2464.5650041223334,2576.945914060813,1.0
transport_lowfield_1e24_a60_v2,297,is_backward,79.2,4.496769299646094,-2.586398879863416,0.06982388549409393,9141.109980145007,9322.474793275464,2.0
transport_lowfield_1e24_a60_v2,298,timeout,nan,-1.336530681807155,-1.6308987628473643,169.7227546839345,1480.8979776929195,1495.6094107097979,1.0
transport_lowfield_1e24_a60_v2,299,timeout,nan,-4.003849660749226,1.160220571473073,251.8011218197686,3221.451620772949,3342.845920485208,1.0
transport_lowfield_1e24_a60_v2,300,timeout,nan,-1.5440209194532961,1.8737673712207596,150.96275559296404,2344.830741988267,2383.0689126828715,1.0
transport_lowfield_1e24_a60_v2,301,timeout,nan,-1.4169826381375388,0.8709365661830643,82.64114276387197,1263.7979553046323,1263.8275372422845,1.0
transport_lowfield_1e24_a60_v2,302,timeout,nan,-2.307334041413934,-1.6196357084291908,81.22453198686597,1532.4922052490392,1532.5773109405834,1.0
transport_lowfield_1e24_a60_v2,303,timeout,nan,0.6418439684458168,0.3545834109588859,194.7695200432713,931.579683006807,940.6148811828124,1.0
transport_lowfield_1e24_a60_v2,304,timeout,nan,2.6859828211689685,-0.9501042997453086,60.22293381421004,2710.33537164494,2714.4646673413617,1.0
transport_lowfield_1e24_a60_v2,305,timeout,nan,-1.4666825441907385,-3.128824560722894,96.65083036752876,3518.049933711612,3519.0691110204543,1.0
transport_lowfield_1e24_a60_v2,306,timeout,nan,2.4486577144298924,1.930089967203715,177.60116658264468,3193.5113086408633,3216.900279921862,1.0
transport_lowfield_1e24_a60_v2,307,timeout,nan,0.007329340140165258,2.001712696574369,62.2203513678381,1561.1415828285187,1563.4555657971484,1.0
transport_lowfield_1e24_a60_v2,308,timeout,nan,1.1877319057644675,-3.0136008279481876,81.61210649065573,3138.9053697139157,3139.0591268944854,1.0
transport_lowfield_1e24_a60_v2,309,timeout,nan,-0.1984566409955536,1.6343321107339994,31.267583151097693,1644.3283214870216,1655.938471664366,1.0
transport_lowfield_1e24_a60_v2,310,timeout,nan,-1.6105052455074729,2.7598211983124044,1.8912114893707048,2820.453437413244,2859.404987239102,1.0
transport_lowfield_1e24_a60_v2,311,timeout,nan,0.9355925572236081,-1.52914975463963,50.15038589066524,1782.465549468543,1788.0582881725925,1.0
transport_lowfield_1e24_a60_v2,312,timeout,nan,1.8063529978768547,-2.4051694194875286,23.364066033699796,2392.052752767766,2411.8809379990685,1.0
transport_lowfield_1e24_a60_v2,313,is_backward,54.60000000000001,2.612722233837796,-10.043757965162849,-1.376428539288238e-17,30646.127643330914,31494.925639356927,2.0
transport_lowfield_1e24_a60_v2,314,timeout,nan,-3.1257992959479237,0.0861133149018712,94.49879532332345,1216.1480935218358,1216.5358839400817,1.0
transport_lowfield_1e24_a60_v2,315,timeout,nan,1.0003164953425157,-0.3409799375654282,236.40885668703538,1371.2162295452652,1419.5864379163033,1.0
transport_lowfield_1e24_a60_v2,316,timeout,nan,-2.613111904556161,1.4878531549029546,203.57346670209634,3089.393394995453,3126.4950250925203,1.0
transport_lowfield_1e24_a60_v2,317,is_backward,38.400000000000006,-1.6193593994883457,-13.302830203814956,-2.3849271421128894e-17,45483.68978193185,47738.176115942406,2.0
transport_lowfield_1e24_a60_v2,318,timeout,nan,0.3728509497900284,-3.366920464816234,66.4893295773576,3434.2861623230165,3437.190338092679,1.0
transport_lowfield_1e24_a60_v2,319,is_backward,67.70000000000002,-6.905492883591135,0.5825523777435284,0.07602693100076119,14855.191257317027,15219.342575918221,2.0
transport_lowfield_1e24_a60_v2,320,timeout,nan,0.05560438604090964,-4.995464848738951,83.38888819808294,4588.547184288576,4588.638782348227,1.0
transport_lowfield_1e24_a60_v2,321,timeout,nan,-4.395257826735056,-1.162737175198801,97.5285238326938,3497.750771264343,3498.9500504622747,1.0
transport_lowfield_1e24_a60_v2,322,timeout,nan,-3.1328946544915794,2.0604648410068322,124.51412308772325,3828.002274100961,3847.4794579298473,1.0
transport_lowfield_1e24_a60_v2,323,timeout,nan,2.6269209309299524,-0.3176551281214784,20.66740654841073,2491.5634228249087,2513.6743835569655,1.0
transport_lowfield_1e24_a60_v2,324,timeout,nan,-0.5636666142592994,-2.6440237773791995,91.87444544764892,1910.7584281481068,1910.9991509060596,1.0
transport_lowfield_1e24_a60_v2,325,timeout,nan,1.4252477470308558,-1.2081070227218753,199.7456008182371,1894.3403517350437,1915.806878442602,1.0
transport_lowfield_1e24_a60_v2,326,timeout,nan,-2.4662562719064147,-0.6585012922686674,169.73692388869864,2309.364074671902,2331.6738243873174,1.0
transport_lowfield_1e24_a60_v2,327,timeout,nan,1.800078359372921,0.41185695638265096,82.90448486768915,1537.5789783686446,1537.6106269020095,1.0
transport_lowfield_1e24_a60_v2,328,timeout,nan,-2.826486403839718,2.116896067106215,154.9473242958089,3453.583171207742,3501.9541093893026,1.0
transport_lowfield_1e24_a60_v2,329,timeout,nan,-2.1932665923224905,4.390325741438933,113.64612858661324,3351.0930527248197,3359.399581100873,1.0
transport_lowfield_1e24_a60_v2,330,timeout,nan,-2.868738747092846,1.2074072255529134,114.44062368184856,2234.7713621600465,2241.9068976872086,1.0
transport_lowfield_1e24_a60_v2,331,timeout,nan,-0.8550076686288808,1.5465887202671187,80.52587105436135,961.3193659861006,961.3875634868319,1.0
transport_lowfield_1e24_a60_v2,332,timeout,nan,-4.556979288195306,-2.0063678445387216,53.80709005238934,3585.879363824407,3593.5366077030735,1.0
transport_lowfield_1e24_a60_v2,333,timeout,nan,3.043014338073741,0.5452816411709205,141.95987053011686,2622.393729148844,2657.8967113778367,1.0
transport_lowfield_1e24_a60_v2,334,timeout,nan,-3.105381496225799,0.43226345735913235,58.05289930069188,2433.906951952097,2438.3415200311924,1.0
transport_lowfield_1e24_a60_v2,335,timeout,nan,-2.365240742403239,0.6723364174862083,25.383491896589618,2423.033553749029,2441.8545806177654,1.0
transport_lowfield_1e24_a60_v2,336,timeout,nan,1.843186062603159,0.4806730677671377,193.30297321136933,1491.0068060047595,1504.5700333771083,1.0
transport_lowfield_1e24_a60_v2,337,timeout,nan,-1.3348231650223998,0.12244406948872985,86.54048457115177,1275.9708123553214,1275.9774371695248,1.0
transport_lowfield_1e24_a60_v2,338,timeout,nan,-0.8620738692018228,1.0881199885155814,45.05650368160281,1358.6229902951416,1364.425068039813,1.0
transport_lowfield_1e24_a60_v2,339,timeout,nan,-0.1445297526731427,-1.3109836000035802,3.807657261533307,1413.0762562217844,1435.317897377948,1.0
transport_lowfield_1e24_a60_v2,340,timeout,nan,2.66140023223759,-0.8925254259159443,113.40384015332965,2754.249074672698,2761.6130918469617,1.0
transport_lowfield_1e24_a60_v2,341,timeout,nan,-2.5380357666638056,-0.712112974106128,254.4931894267981,2602.0354673273673,2711.2820936148723,1.0
transport_lowfield_1e24_a60_v2,342,timeout,nan,-4.141613758514554,1.0530623941252022,125.64012551229418,2697.140485942901,2714.494206275514,1.0
transport_lowfield_1e24_a60_v2,343,timeout,nan,-1.5311543373842302,-2.261401791192023,169.71958117617703,2712.8687042275533,2738.711502158363,1.0
transport_lowfield_1e24_a60_v2,344,is_backward,40.20000000000001,-6.165806988394476,-7.834937172082554,0.036481223961258004,43459.41684299437,45454.330134144686,2.0
transport_lowfield_1e24_a60_v2,345,timeout,nan,0.1658238471563314,-3.4354153253575004,200.15114972102901,2871.323088443418,2902.4049582236057,1.0
transport_lowfield_1e24_a60_v2,346,timeout,nan,-0.49630604554647606,1.7365557936461578,163.59688718352788,1811.5677770795812,1835.7670186873204,1.0
transport_lowfield_1e24_a60_v2,347,timeout,nan,2.5648986429939393,0.5507724829066492,292.61510766075475,2604.6364343136715,2796.516019302816,1.0
transport_lowfield_1e24_a60_v2,348,timeout,nan,3.0802915181029578,-1.9146921851698941,38.753994239974,2278.9411153192723,2290.2251149742465,1.0
transport_lowfield_1e24_a60_v2,349,timeout,nan,0.6395160995724962,2.3988593897008714,168.32659063993168,1749.156713467078,1767.6390931765798,1.0
transport_lowfield_1e24_a60_v2,350,timeout,nan,1.067628638376106,0.5070477852809995,185.8294521356502,1341.0128721571764,1350.7912166713947,1.0
transport_lowfield_1e24_a60_v2,351,timeout,nan,-2.4462811446105075,-1.679494031112385,219.9256744620725,2542.1388235048757,2594.563356825467,1.0
transport_lowfield_1e24_a60_v2,352,is_backward,49.60000000000001,3.4297744891233948,-8.692838437295086,0.016497063058305974,31741.70593829921,32841.12588428752,2.0
transport_lowfield_1e24_a60_v2,353,is_backward,85.80000000000001,-0.6035253049398331,-1.809778538708547,0.0917591401022305,4747.340681147497,4843.889672170565,2.0
transport_lowfield_1e24_a60_v2,354,timeout,nan,1.8328466037065583,2.444978614327958,32.377641953802296,2961.584806057817,2978.881099261435,1.0
transport_lowfield_1e24_a60_v2,355,is_backward,29.100000000000005,8.41878661706637,-6.9152084479071485,-2.329340604949326e-17,57994.75002338726,62492.527639512795,2.0
transport_lowfield_1e24_a60_v2,356,timeout,nan,2.0586367886566443,2.121320647535084,146.56411126931255,2747.8495391645542,2788.131678952738,1.0
transport_lowfield_1e24_a60_v2,357,timeout,nan,-1.3702531320628737,-2.91005623303027,126.11734734916772,2903.3963932677952,2921.9778024235893,1.0
transport_lowfield_1e24_a60_v2,358,timeout,nan,-0.09625223543009834,-2.3480081322767914,52.467094588874026,2263.988922786447,2269.901466025472,1.0
transport_lowfield_1e24_a60_v2,359,timeout,nan,1.3060132493913388,-2.904256210944206,141.56325900103423,1782.3252805704344,1810.2381964733577,1.0
transport_lowfield_1e24_a60_v2,360,timeout,nan,1.943265312484449,-3.1549336707480964,157.3998478162704,2763.697234583146,2804.2577598541006,1.0
transport_lowfield_1e24_a60_v2,361,timeout,nan,-0.7808483076233077,0.8332486412615904,211.17691491298217,1168.053062215616,1189.463124381834,1.0
transport_lowfield_1e24_a60_v2,362,timeout,nan,1.7736908237064746,1.766428112389899,88.32706777307247,2227.631433053968,2227.6747071899304,1.0
transport_lowfield_1e24_a60_v2,363,timeout,nan,-0.32994525407763015,4.257460746497631,67.47791565716352,4456.863560791354,4460.041953347327,1.0
transport_lowfield_1e24_a60_v2,364,timeout,nan,-1.296310757669747,1.869167161562748,121.87709249680113,1926.840010063238,1938.1778773200706,1.0
transport_lowfield_1e24_a60_v2,365,timeout,nan,0.8318185233926689,-3.9768735514322113,129.02374783435795,3188.8513734301982,3211.8459956915312,1.0
transport_lowfield_1e24_a60_v2,366,timeout,nan,-1.6874736253294815,0.6585297297380004,177.46501502626066,1778.6496519240338,1791.8578305835988,1.0
transport_lowfield_1e24_a60_v2,367,is_backward,76.00000000000001,-4.82164202780847,-0.47174960607011357,0.07216922588248618,11162.317096262872,11389.76336566363,2.0
transport_lowfield_1e24_a60_v2,368,timeout,nan,1.4792048026228952,1.5686815711536661,135.49897670786356,2123.370139125769,2148.415330317385,1.0
transport_lowfield_1e24_a60_v2,369,timeout,nan,1.0450403772559844,-2.418620443358451,63.22222942607361,2126.218763825264,2128.933820135464,1.0
transport_lowfield_1e24_a60_v2,370,timeout,nan,-2.4393898678822077,0.17942583702886028,212.8620006027535,2537.237472835159,2579.9839614255166,1.0
transport_lowfield_1e24_a60_v2,371,timeout,nan,1.1486846439749971,2.3018414813622736,186.22154563238428,2319.1823267692725,2336.400027445954,1.0
transport_lowfield_1e24_a60_v2,372,timeout,nan,0.9599529390689606,0.16772852369094787,9.649458363598905,1180.5692805512524,1197.3556171342566,1.0
transport_lowfield_1e24_a60_v2,373,timeout,nan,-2.7210466615119144,0.2150457310683676,194.18877396940616,2432.309703369304,2454.4054501179144,1.0
transport_lowfield_1e24_a60_v2,374,timeout,nan,-2.5950807854371924,1.034956230492795,44.02833951669659,2700.0138581240612,2710.2587461179296,1.0
transport_lowfield_1e24_a60_v2,375,timeout,nan,-0.6045582775507394,1.3032708281610306,113.05034730303778,1463.0004617618033,1467.9706340320317,1.0
transport_lowfield_1e24_a60_v2,376,timeout,nan,-0.8260276048390636,0.6024905714512457,180.71287633074203,1197.7951764255197,1206.1889862359596,1.0
transport_lowfield_1e24_a60_v2,377,timeout,nan,1.8402408076168957,0.7491308207625209,210.08772291442133,1303.6087580544252,1326.2315143559479,1.0
transport_lowfield_1e24_a60_v2,378,timeout,nan,0.8458950583241893,0.284520565296461,59.144683985319595,872.144137558511,873.9563752817393,1.0
transport_lowfield_1e24_a60_v2,379,timeout,nan,-0.8048075001167616,3.3297881302009587,169.57020880690928,1086.669401012601,1097.4913931004326,1.0
transport_lowfield_1e24_a60_v2,380,timeout,nan,-2.6392346404752147,2.0923428669385484,152.20279933636542,3281.2696597564154,3328.639022509237,1.0
transport_lowfield_1e24_a60_v2,381,timeout,nan,-0.6970542574191911,-2.8233675773573226,109.4469508890172,2877.7748146233175,2883.0662494465923,1.0
transport_lowfield_1e24_a60_v2,382,timeout,nan,1.2994373793481375,2.146409700775917,12.3216370267966,1975.020978828896,1998.3775434083975,1.0
transport_lowfield_1e24_a60_v2,383,timeout,nan,1.3688305976432649,-0.04680903277286697,45.267797482258594,1247.0315144939864,1252.3987445079176,1.0
transport_lowfield_1e24_a60_v2,384,timeout,nan,2.0669647223148697,-1.7478983434748006,94.52958939174997,2242.1762057287233,2242.707450993986,1.0
transport_lowfield_1e24_a60_v2,385,timeout,nan,-4.0282483023353945,-0.47260129202957735,47.3470807600931,2493.5309077618654,2501.8233558215647,1.0
transport_lowfield_1e24_a60_v2,386,is_backward,26.800000000000004,11.180207256750355,1.873988948812771,0.030480437076795864,56018.72885700534,61402.42279574434,2.0
transport_lowfield_1e24_a60_v2,387,timeout,nan,1.0584418648646965,2.031112004742005,140.79199506590848,2182.8255132622985,2213.574175802121,1.0
transport_lowfield_1e24_a60_v2,388,timeout,nan,-0.5637943788766256,2.221109692751975,72.46257395364385,1986.4389296343538,1987.3915120530987,1.0
transport_lowfield_1e24_a60_v2,389,timeout,nan,1.0626162977936857,-1.2227753124191714,38.90726320380052,1634.1609633654339,1642.877383993633,1.0
transport_lowfield_1e24_a60_v2,390,timeout,nan,1.7712206966980313,2.680220155862895,17.445546782760626,2815.946195266371,2842.3912689632834,1.0
transport_lowfield_1e24_a60_v2,391,is_backward,60.40000000000001,-4.58273137915712,6.986216145255875,0.06744630150679941,20611.80264231495,21181.832222857847,2.0
transport_lowfield_1e24_a60_v2,392,timeout,nan,-1.1850191671297197,-2.067029043908515,166.97889832957557,1900.286796450009,1921.7156833783044,1.0
transport_lowfield_1e24_a60_v2,393,timeout,nan,-0.4422333957916176,1.8909598834126498,194.25654942913766,1987.0635030588085,2005.4876751938134,1.0
transport_lowfield_1e24_a60_v2,394,timeout,nan,2.1994045122333152,2.427590348374056,21.24309126796388,2979.815124865614,3004.553868639845,1.0
transport_lowfield_1e24_a60_v2,395,timeout,nan,1.8371863112752844,-2.1243198048216487,192.79669597693436,2662.5721273138784,2685.469643018396,1.0
transport_lowfield_1e24_a60_v2,396,timeout,nan,0.19362027099204884,-0.9346411996206485,123.05077269324963,1077.6926121299648,1086.3184689746608,1.0
transport_lowfield_1e24_a60_v2,397,timeout,nan,-0.771073645971305,1.2854441186997823,191.47745014292363,1551.1266234070781,1564.3724939129902,1.0
transport_lowfield_1e24_a60_v2,398,timeout,nan,-0.023756838832412377,1.67633090997754,249.7816991340869,1910.1360760828236,1990.6926232503681,1.0
transport_lowfield_1e24_a60_v2,399,is_backward,56.10000000000001,5.453587839469094,3.219896313408068,0.0978366069870617,23026.880661426665,23749.842725428425,2.0
transport_lowfield_1e24_a60_v2,400,is_backward,24.300000000000004,-10.217369323046597,0.23448887229060278,8.07328277851755e-18,54522.76938042038,61253.71955453268,2.0
transport_lowfield_1e24_a60_v2,401,is_backward,54.00000000000001,5.127087521971069,0.46141406223625947,0.08437074208311902,28987.068395511502,29845.870637567143,2.0
transport_lowfield_1e24_a60_v2,402,timeout,nan,1.9091388267977722,0.06686787180791627,119.14226399894868,1787.079023125059,1796.09024611876,1.0
transport_lowfield_1e24_a60_v2,403,timeout,nan,1.4263492120268817,-2.5222979297461547,127.07171775628758,2446.2617585159032,2464.1239063567436,1.0
transport_lowfield_1e24_a60_v2,404,timeout,nan,-1.791474304453828,-0.47267678182218037,151.0131105901563,1720.625609680365,1751.9638150303476,1.0
transport_lowfield_1e24_a60_v2,405,timeout,nan,0.8690914494084188,-3.3822856460617956,136.07442025043173,3018.962688953736,3050.3747222505817,1.0
transport_lowfield_1e24_a60_v2,406,is_backward,55.400000000000006,5.8208045522729135,5.140182209909769,0.04653738022647664,26956.67981864946,27742.97798091411,2.0
transport_lowfield_1e24_a60_v2,407,timeout,nan,-1.3167031064576666,-2.2575069483469967,182.6541340861223,2014.9665826304936,2029.3203113573431,1.0
transport_lowfield_1e24_a60_v2,408,timeout,nan,-2.3458102814822177,-0.36466622497986884,15.582775180127951,2173.687249552046,2196.7188206221467,1.0
transport_lowfield_1e24_a60_v2,409,timeout,nan,0.7659242994170743,-0.7015510116164638,28.084012844233772,944.458712013014,952.7765020965034,1.0
transport_lowfield_1e24_a60_v2,410,timeout,nan,-1.7331071903123982,-3.4132079139379163,173.26985798915612,2154.196149676627,2172.4116263077785,1.0
transport_lowfield_1e24_a60_v2,411,timeout,nan,1.8690978175461883,1.6207147693392465,125.94191691955625,1575.9600109853263,1588.9389145932398,1.0
transport_lowfield_1e24_a60_v2,412,timeout,nan,1.9030768751339202,2.8328852750945583,103.62572388983357,3179.8508675553944,3182.8278020809166,1.0
transport_lowfield_1e24_a60_v2,413,timeout,nan,-0.8487678095480939,2.154657100955466,158.53143513457485,2000.7873416850566,2031.9503516730306,1.0
transport_lowfield_1e24_a60_v2,414,timeout,nan,-2.9268356605895502,0.834047145957448,126.49276518490792,1839.0662316148143,1853.756981184531,1.0
transport_lowfield_1e24_a60_v2,415,timeout,nan,-0.6223313338712909,-1.67771572949124,70.4183544008927,1750.203169857648,1751.327746164084,1.0
transport_lowfield_1e24_a60_v2,416,timeout,nan,-2.624009080867989,0.050617569787401645,197.38971259967644,2685.8948134724646,2712.718421386354,1.0
transport_lowfield_1e24_a60_v2,417,timeout,nan,3.649731801858666,0.41446392613300764,136.67779578691605,3815.713607649093,3852.185340075106,1.0
transport_lowfield_1e24_a60_v2,418,timeout,nan,1.9247520045206752,-3.2991588282335114,196.0043770741103,1935.3876736747109,1954.4373578866991,1.0
transport_lowfield_1e24_a60_v2,419,timeout,nan,-1.3382559475333873,2.8161509439568277,120.46296732023279,2762.982718600676,2775.6156400060563,1.0
transport_lowfield_1e24_a60_v2,420,timeout,nan,0.21440247072975355,-3.8231603813997523,48.39291852344882,2230.6550329771603,2237.908620900547,1.0
transport_lowfield_1e24_a60_v2,421,timeout,nan,-1.3874191533511173,-3.296828848855086,140.88410590516781,2109.3661733146323,2139.7440798327043,1.0
transport_lowfield_1e24_a60_v2,422,timeout,nan,-2.697043076389494,0.38838957938490837,242.7662841132763,2043.014744026954,2117.5257502213685,1.0
transport_lowfield_1e24_a60_v2,423,is_backward,43.60000000000001,-3.931886054208908,-11.531867765601397,-1.4558378780933287e-17,43673.89087870908,45312.54568233336,2.0
transport_lowfield_1e24_a60_v2,424,is_backward,60.600000000000016,-5.6304713473343195,1.2840015979535975,0.06482566259312827,22126.460644860133,22705.55579069765,2.0
transport_lowfield_1e24_a60_v2,425,timeout,nan,0.42970415769392484,-1.8539315516528694,69.8709595388878,1864.757395608276,1866.0223763572683,1.0
transport_lowfield_1e24_a60_v2,426,timeout,nan,-0.2417178653768917,-0.9870042467084819,173.83523012631906,981.9099609428152,989.8570572111963,1.0
transport_lowfield_1e24_a60_v2,427,timeout,nan,0.4099240013540771,-1.6192618744402203,152.107786607625,1689.0051666161194,1719.8255764900505,1.0
transport_lowfield_1e24_a60_v2,428,timeout,nan,1.509966103728566,-2.1582193446554707,199.8054060638162,2562.2920165218443,2590.275775865096,1.0
transport_lowfield_1e24_a60_v2,429,timeout,nan,1.5356237125403673,-1.3375809223664454,64.07869681011816,1945.8126150849482,1948.1676560811186,1.0
transport_lowfield_1e24_a60_v2,430,is_backward,95.70000000000002,-2.4927237464526484,1.6333905393175054,0.08765926231181254,2867.5533516480436,2915.3454908500426,2.0
transport_lowfield_1e24_a60_v2,431,timeout,nan,3.2633949828830007,0.33491309316633316,62.457793763639955,2492.9380351428567,2496.2049403927685,1.0
transport_lowfield_1e24_a60_v2,432,timeout,nan,0.9526908160228371,0.23513157724065695,181.45436191170748,577.6062236800931,581.2696417066016,1.0
transport_lowfield_1e24_a60_v2,433,timeout,nan,4.1241431108878865,-0.08325987995229037,189.17843265401268,1413.7741496339595,1424.8893788430246,1.0
transport_lowfield_1e24_a60_v2,434,timeout,nan,3.8589040662102487,1.2523175256239505,139.14294873152855,2249.5997885772294,2279.6159943848093,1.0
transport_lowfield_1e24_a60_v2,435,timeout,nan,-2.5280133578039887,0.6603380613932871,146.7617067275634,1910.7846794297113,1943.4263206736352,1.0
transport_lowfield_1e24_a60_v2,436,timeout,nan,-1.433700259156834,0.1219881327372199,228.69563053767405,515.8781735926746,533.8149799938486,1.0
transport_lowfield_1e24_a60_v2,437,timeout,nan,-0.43145707652834286,1.4394866291021888,107.5983069948408,1306.9888571624012,1309.80022668104,1.0
transport_lowfield_1e24_a60_v2,438,timeout,nan,4.184340290673223,-0.7782449310975023,147.2062030972787,1110.5112954626388,1133.8753595674707,1.0
transport_lowfield_1e24_a60_v2,439,timeout,nan,-0.14780115347493092,-3.7249817840439357,256.5907275811785,3745.6196377698425,3891.0394967546436,1.0
transport_lowfield_1e24_a60_v2,440,is_backward,86.80000000000001,3.6413168969178704,0.9503987737182107,0.08442623962466865,5804.524421409617,5909.621043368892,2.0
transport_lowfield_1e24_a60_v2,441,timeout,nan,1.385435946064279,-2.8589425018647803,81.20100656514282,3122.821368573791,3123.002878605959,1.0
transport_lowfield_1e24_a60_v2,442,timeout,nan,-3.0486828831875834,-3.272976613573387,28.003084102653947,1623.3043930086449,1636.1254001477907,1.0
transport_lowfield_1e24_a60_v2,443,timeout,nan,-2.9243247748518058,2.1833855771561423,163.64951770208407,2304.284953376455,2333.604507515161,1.0
transport_lowfield_1e24_a60_v2,444,timeout,nan,-0.7275969105452441,1.7913941999649603,103.25483286570305,1889.8813824377885,1892.0319538261429,1.0
transport_lowfield_1e24_a60_v2,445,timeout,nan,1.8478950960414118,-2.1614611756619,120.79030645778715,2304.521076641983,2316.1968937453125,1.0
transport_lowfield_1e24_a60_v2,446,timeout,nan,-3.245206582980175,-0.7099289068420591,181.98847517131577,2486.5575551900315,2504.318102660343,1.0
transport_lowfield_1e24_a60_v2,447,timeout,nan,-1.6375668803614483,0.640663823362443,163.65133116032501,1776.5202589761664,1800.2706179323775,1.0
transport_lowfield_1e24_a60_v2,448,is_backward,53.70000000000001,-1.1375915340030478,-7.05812861751888,0.036629324628216796,29828.89380698635,30708.437820782543,2.0
transport_lowfield_1e24_a60_v2,449,timeout,nan,1.3523917836130204,0.9344929752291289,82.53483217287213,1572.7547969481916,1572.7972704393092,1.0
transport_lowfield_1e24_a60_v2,450,timeout,nan,-0.555677720334062,-1.1348898005964665,75.21191297198234,1320.3254033131782,1320.7505011972587,1.0
transport_lowfield_1e24_a60_v2,451,timeout,nan,-2.9776920315124227,-1.366373365151473,119.06248131773253,3101.2015914894346,3113.397943155111,1.0
transport_lowfield_1e24_a60_v2,452,timeout,nan,-1.8897209865988323,1.9520839908677319,189.610336594975,2716.0183102829274,2737.3355908803983,1.0
transport_lowfield_1e24_a60_v2,453,timeout,nan,3.7851785207330932,0.7573560945509111,93.39248357791621,3248.3398369325164,3248.8090001086503,1.0
transport_lowfield_1e24_a60_v2,454,timeout,nan,-3.092281299698566,0.42797139177981763,2.880758940884849,2496.5530929393713,2531.4367724921717,1.0
transport_lowfield_1e24_a60_v2,455,timeout,nan,0.03414568560898372,-2.4153728669739647,217.39171503056252,2514.3480496049783,2562.8383836781013,1.0
transport_lowfield_1e24_a60_v2,456,timeout,nan,2.3431438028258205,0.5664977656270161,56.85789592349737,2126.9439843097384,2131.2758750929133,1.0
transport_lowfield_1e24_a60_v2,457,timeout,nan,-0.09203755819574577,1.7959688784124264,239.83775014982749,1981.1206290003024,2049.9107723507336,1.0
transport_lowfield_1e24_a60_v2,458,is_backward,84.9,-2.022969948585528,-3.9151208823203865,0.08649176771445845,7665.946721538334,7798.550567027542,2.0
transport_lowfield_1e24_a60_v2,459,timeout,nan,0.9503920569894396,2.512008415670821,19.15030450734985,2390.1440700368034,2412.5408593752295,1.0
transport_lowfield_1e24_a60_v2,460,timeout,nan,0.1697470141407594,-2.230323989827799,67.50024039904537,1537.7182205572067,1539.125590665932,1.0
transport_lowfield_1e24_a60_v2,461,timeout,nan,0.5459081297209292,2.076692999306267,237.43832831978764,1646.7843315203263,1703.790549089048,1.0
transport_lowfield_1e24_a60_v2,462,timeout,nan,-3.9721902985119693,1.0498113005836056,73.9706373619205,3249.2485084256823,3250.377829271095,1.0
transport_lowfield_1e24_a60_v2,463,timeout,nan,-0.9591110477799427,-3.4796640891567767,140.96394253424074,3609.751005460256,3650.922657314449,1.0
transport_lowfield_1e24_a60_v2,464,timeout,nan,-1.9759043756517083,-0.29849347240874574,200.01270649976226,1900.0655444454098,1921.88337792015,1.0
transport_lowfield_1e24_a60_v2,465,timeout,nan,-0.43087165517117143,-0.2587153333682314,109.24264196016605,723.6144751754485,725.9147185271114,1.0
transport_lowfield_1e24_a60_v2,466,timeout,nan,-2.633014761450554,1.7467355998130956,166.66495552932003,2343.256704537647,2369.3508555603153,1.0
transport_lowfield_1e24_a60_v2,467,timeout,nan,1.077498327673247,0.8223102122087607,17.494016683995472,1339.7182150865683,1354.8265545472118,1.0
transport_lowfield_1e24_a60_v2,468,timeout,nan,1.3988249328177809,-1.6876415522750623,153.53526486181087,1791.172570107972,1823.024466603079,1.0
transport_lowfield_1e24_a60_v2,469,timeout,nan,0.48780700330159843,2.017366724743263,141.66215735509215,2053.023234105169,2083.4136346737364,1.0
transport_lowfield_1e24_a60_v2,470,timeout,nan,-3.9254699588558757,-1.000117772612068,160.59926307800978,2838.8216154364836,2877.126749372421,1.0
transport_lowfield_1e24_a60_v2,471,timeout,nan,1.231587694595714,-1.7046646583285125,185.7374090010162,1990.1861651314973,2004.81272487486,1.0
transport_lowfield_1e24_a60_v2,472,timeout,nan,1.7459503585569798,2.1968510854715757,109.14483209090004,1269.4221749892677,1272.632761433651,1.0
transport_lowfield_1e24_a60_v2,473,timeout,nan,3.7465994013586705,-0.8337328077830976,104.04271302685814,3175.7032327351035,3178.8355178411493,1.0
transport_lowfield_1e24_a60_v2,474,timeout,nan,3.59234607022685,-0.3162310380958503,173.48203083468366,3778.55298988396,3808.87408346534,1.0
transport_lowfield_1e24_a60_v2,475,timeout,nan,1.7752362349687647,-0.5965471462937416,214.06185407674138,1774.9980206954867,1808.3517187322504,1.0
transport_lowfield_1e24_a60_v2,476,timeout,nan,1.1324540631466096,-2.630767049479414,214.4224618826555,2994.014408020397,3044.8393576997323,1.0
transport_lowfield_1e24_a60_v2,477,timeout,nan,3.865144069042655,1.1900791221420155,168.7127950277456,3006.619796873197,3036.1602822430254,1.0
transport_lowfield_1e24_a60_v2,478,is_backward,28.700000000000006,-12.811622362762561,-1.6949458627270302,-8.735027268559972e-19,58345.04386378872,62983.47645262132,2.0
transport_lowfield_1e24_a60_v2,479,timeout,nan,3.6339193973036292,-0.3905480814774612,164.05044200877188,3445.152074795554,3484.6094718987965,1.0
transport_lowfield_1e24_a60_v2,480,timeout,nan,4.1167562400242685,-1.098479604816336,50.24826409147278,2299.835589921042,2306.5878937813345,1.0
transport_lowfield_1e24_a60_v2,481,timeout,nan,-4.826696759518949,0.2703765438777484,233.50514272161283,2348.6050358419357,2417.177545581547,1.0
transport_lowfield_1e24_a60_v2,482,timeout,nan,2.536446362636056,2.595812128437923,69.40592161579987,3220.216341962833,3222.2614777352424,1.0
transport_lowfield_1e24_a60_v2,483,timeout,nan,-2.2178121541365297,0.25072429370408983,27.394407716223487,2180.5043475414686,2196.8474929817494,1.0
transport_lowfield_1e24_a60_v2,484,timeout,nan,-1.3722768704821364,2.9139600867662687,136.44328496218387,3266.5086747647533,3299.778045037374,1.0
transport_lowfield_1e24_a60_v2,485,timeout,nan,-1.8109524970500697,-0.464692698763824,127.22684917497729,1702.834381295817,1717.486861263488,1.0
transport_lowfield_1e24_a60_v2,486,timeout,nan,1.3686911428254824,-0.15371027368314608,238.66502007346438,1222.30029750046,1268.6130554284641,1.0
transport_lowfield_1e24_a60_v2,487,timeout,nan,2.663193478440894,-2.044196568320306,39.03518870705318,3289.1042738768556,3303.6541523260485,1.0
transport_lowfield_1e24_a60_v2,488,timeout,nan,2.125142810867379,1.9070096955733034,205.88263674434975,2608.75622021175,2643.6629124150527,1.0
transport_lowfield_1e24_a60_v2,489,timeout,nan,-1.067382146366403,2.73791696094399,113.89020230232511,1700.2623048260325,1706.0800290944173,1.0
transport_lowfield_1e24_a60_v2,490,timeout,nan,-6.440264581430531,-0.5297026190401152,34.54541002814568,2529.501329401059,2543.7975933864154,1.0
transport_lowfield_1e24_a60_v2,491,timeout,nan,-1.3426630121489551,-1.5491733068402551,166.65202315135613,2023.596894396888,2046.6116480275737,1.0
transport_lowfield_1e24_a60_v2,492,timeout,nan,1.441882490145024,-3.752857975097867,133.58487073259414,4102.173761617115,4135.095573174616,1.0
transport_lowfield_1e24_a60_v2,493,timeout,nan,2.6764721742497275,1.9747911390443238,67.58239650417062,3222.1100441221097,3224.59648613253,1.0
transport_lowfield_1e24_a60_v2,494,timeout,nan,-1.9287876293873347,2.355947335494476,17.73501792279823,2015.5384731080499,2036.0725568631983,1.0
transport_lowfield_1e24_a60_v2,495,timeout,nan,2.2952714194699864,-0.4546299184706884,16.77116166634822,2317.120960731266,2340.503341137129,1.0
transport_lowfield_1e24_a60_v2,496,timeout,nan,-0.10117631396807088,1.8837566031427389,141.86691238373308,1693.0469241486314,1720.26171280925,1.0
transport_lowfield_1e24_a60_v2,497,timeout,nan,-2.0765381109941123,-2.588967168599788,178.60778950223775,2856.983397785826,2877.8036110259977,1.0
transport_lowfield_1e24_a60_v2,498,timeout,nan,1.2493108762746636,0.305629836115236,6.322697682165096,1118.0255097399304,1135.4542496416348,1.0
transport_lowfield_1e24_a60_v2,499,timeout,nan,2.5892084149258454,1.6304012047010463,186.14848777887917,967.7077049519471,974.6053669755831,1.0
transport_lowfield_1e24_a60_v2,500,timeout,nan,0.885362589297738,2.666579078652263,40.787617302475184,2494.866923800928,2505.976054739713,1.0
transport_short2,1,timeout,nan,0.574643058031878,0.30149731530021506,51.24703202333865,1.1904285907884333e-16,4.644891870786554e-13,1.0
transport_short2,2,timeout,nan,-2.9855768703902936,0.20119414149209797,69.18413639778808,6.846414141984455e-16,2.2087900760888328e-13,1.0
transport_short2_dv12_2,1,timeout,nan,0.594178902523528,0.34288295731566065,68.86410327252584,1.7960492743749743e-15,4.51122846116928e-13,1.0
transport_short2_dv12_2,2,timeout,nan,-2.9975393862791226,0.13544268056797057,79.66534520177257,4.070468052110024e-15,3.8473158403433454e-13,1.0
transport_short2_dv12_2_fixsel,1,timeout,nan,0.594178902523528,0.34288295731566065,68.86410327252584,1.7960492743749743e-15,4.51122846116928e-13,1.0
transport_short2_dv12_2_fixsel,2,timeout,nan,-2.9975393862791226,0.13544268056797057,79.66534520177257,4.070468052110024e-15,3.8473158403433454e-13,1.0
transport_short2_nostop,1,timeout,nan,15.363786022726686,-3.657776080835631,100.44938072098674,101622.2944105202,101791.37944463984,1.0
transport_short2_nostop,2,timeout,nan,-3.253654473270324,-15.085641723910502,118.96925944894993,102099.52933957211,102588.00720469648,1.0
transport_smoke3,1,timeout,nan,2.7332942187335987,-0.24557229301155858,89.92895265308096,2426.321512073653,2426.5652474261733,nan
transport_smoke3,2,timeout,nan,-3.059667194701042,-2.0181749753760405,119.4164117218069,2523.578931681222,2538.342462198382,nan
transport_zero_voltage_check,1,timeout,nan,2.7162703049738504,-0.30022106257061887,86.50610949383835,2434.796128765356,2434.9734799999246,1.0
transport_zero_voltage_check,2,timeout,nan,-3.131222265219587,-2.0248025634598292,112.90275091928085,2515.935945821684,2517.6430488205965,1.0
