*******************************************
***COMSOL 6.4.0.293 progress output file***
*******************************************
Thu Sep 03 14:37:58 CST 2026
COMSOL Multiphysics 6.4 (开发版本: 293) 在批处理模式下启动
正在运行: E:\imp\imp\project\muon-ion_beam\comsol_muon_stage1_feasibility\RunMuonTransportTuning.class
           当前进度:   2 % - 生成方程
Memory: 619/619 627/627
           当前进度:   3 % - 生成方程
Memory: 623/623 629/629
<---- Study 1 - Electrostatics stationary/解 1 (sol1) 中的“编译方程: 稳态” --------------
开始于 2026年9月3日 14:38:07。
几何形函数: 二次拉格朗日单元
几何形函数: 二次拉格朗日单元
在 Intel64 Family 6 Model 186 Stepping 2, GenuineIntel 上运行。
在以下位置使用 1 个插槽： 陈红星 上（共 1 个内核）。
可用内存：15.90 GB。
           当前进度:   7 % - 编译方程: 稳态
Memory: 647/647 652/652
           当前进度:   7 % - 正在创建可视化网格
Memory: 654/654 658/658
时间：1。
物理内存: 654 MB
虚拟内存: 658 MB
结束时间：2026年9月3日 14:38:08。
----- Study 1 - Electrostatics stationary/解 1 (sol1) 中的“编译方程: 稳态” ------------->
<---- Study 1 - Electrostatics stationary/解 1 (sol1) 中的“因变量 1” -----------------
开始于 2026年9月3日 14:38:08。
           当前进度:   7 % - 因变量 1
Memory: 654/654 657/658
求解时间：0 s。
物理内存: 654 MB
虚拟内存: 658 MB
结束时间：2026年9月3日 14:38:08。
----- Study 1 - Electrostatics stationary/解 1 (sol1) 中的“因变量 1” ---------------->
<---- Study 1 - Electrostatics stationary/解 1 (sol1) 中的“稳态求解器 1” ---------------
开始于 2026年9月3日 14:38:09。
线性求解器 
求解的自由度数：1534。
找到对称矩阵。
缩放因变量：
电势 (comp1.V): 1
已使用正交零空间函数。
Iter      SolEst     Damping    Stepsize #Res #Jac #Sol   LinErr   LinRes
   1        0.92   1.0000000        0.92    1    1    1  9.5e-16    1e-15
---------- 当前进度: 100 % - 
Memory: 664/665 669/673
求解时间：0 s。
物理内存: 665 MB
虚拟内存: 673 MB
结束时间：2026年9月3日 14:38:10。
----- Study 1 - Electrostatics stationary/解 1 (sol1) 中的“稳态求解器 1” -------------->
           当前进度:   2 % - 生成方程
Memory: 671/671 675/675
           当前进度:   3 % - 生成方程
Memory: 722/722 739/1204
<---- Study 2 - Charged particle tracing time dependent/解 2 (sol2) 中的“编译方程: 瞬态” -
开始于 2026年9月3日 14:38:11。
几何形函数: 二次拉格朗日单元
几何形函数: 二次拉格朗日单元
在 Intel64 Family 6 Model 186 Stepping 2, GenuineIntel 上运行。
在以下位置使用 1 个插槽： 陈红星 上（共 1 个内核）。
可用内存：15.90 GB。
           当前进度:   5 % - 编译方程: 瞬态
Memory: 741/742 745/1204
           当前进度:   5 % - 正在创建可视化网格
Memory: 744/744 747/1204
时间：1。
物理内存: 744 MB
虚拟内存: 752 MB
结束时间：2026年9月3日 14:38:11。
----- Study 2 - Charged particle tracing time dependent/解 2 (sol2) 中的“编译方程: 瞬态” >
<---- Study 2 - Charged particle tracing time dependent/解 2 (sol2) 中的“因变量 1” ---
开始于 2026年9月3日 14:38:11。
不求解变量的值: 解 1 (sol1).
           当前进度:   5 % - 因变量 1
Memory: 745/745 753/1204
求解时间：0 s。
物理内存: 745 MB
虚拟内存: 753 MB
结束时间：2026年9月3日 14:38:11。
----- Study 2 - Charged particle tracing time dependent/解 2 (sol2) 中的“因变量 1” -->
<---- Study 2 - Charged particle tracing time dependent/解 2 (sol2) 中的“瞬态求解器 1” -
开始于 2026年9月3日 14:38:11。
瞬态求解器（广义 α）
求解的自由度数：4（加上 4 个内部自由度）。
找到非对称矩阵。
缩放因变量：
颗粒位置 (comp1.qcpt): 4.3e-08
粒子位置，phi 分量 (comp1.qphi): 1
粒子速度，phi 分量 (comp1.vphi): 1.2e-06
Step        Time    Stepsize      Res  Jac  Sol Order Tfail NLfail LinIt   LinErr   LinRes
   0           0           - out    2    3    2                  0     0        0        0
   1     1.5e-11     1.5e-11       18    7   18     2     0      3    32  4.3e-10        -
   7  1.8571e-10   2.385e-11       35   10   35     2     0      3    76  5.6e-10        -
  13  2.7421e-10  1.2107e-11       51   13   51     2     0      3   118  1.3e-08        -
  18  3.2566e-10  8.8259e-12       70   16   70     2     0      3   169  4.8e-11        -
  23  3.6227e-10  6.4341e-12       86   19   86     2     0      3   213  6.7e-13        -
  30  4.0114e-10  5.2116e-12      108   21  108     2     0      3   271  5.1e-09        -
  39  4.5325e-10  5.2116e-12      138   25  138     2     2      3   344    2e-09        -
  48       5e-10  5.1326e-12 out  166   25  166     2     2      3   412  6.3e-09        -
  55  5.3593e-10  5.1326e-12      194   25  194     2     2      3   482  7.1e-11        -
  62  5.8008e-10  8.2273e-12      222   27  222     2     2      3   553  6.8e-07        -
  69  6.4654e-10  1.2172e-11      242   32  242     2     4      3   601  6.2e-07        -
  78  7.4209e-10    7.91e-12      268   33  268     2     4      3   677  2.9e-09        -
  91  8.4492e-10    7.91e-12      294   33  294     2     4      3   737  2.3e-11        -
 104  9.4775e-10    7.91e-12      322   33  322     2     4      3   793    2e-08        -
 112  1.0063e-09  6.3495e-12      344   35  344     2     4      3   838  1.9e-08        -
 124  1.1587e-09  1.2699e-11      368   36  368     2     4      3   892  6.7e-13        -
 135  1.2726e-09  7.5334e-12      390   37  390     2     4      3   937  5.5e-08        -
 147  1.4007e-09  1.5067e-11      414   38  414     2     4      3   978  4.2e-07        -
 156   1.524e-09  1.1999e-11      436   40  436     2     4      3  1027  7.3e-08        -
 170   1.692e-09  1.1999e-11      464   40  464     2     4      3  1083  5.4e-07        -
 182  1.8271e-09  1.1013e-11      488   40  488     2     4      3  1149  1.1e-18        -
 195  1.9703e-09  1.1013e-11      514   40  514     2     4      3  1227  7.7e-19        -
 203  2.0468e-09  9.3609e-12      534   42  534     2     4      3  1273  1.5e-08        -
 216  2.1685e-09  9.3609e-12      560   42  560     2     4      3  1325  6.9e-08        -
 228   2.274e-09  7.9886e-12      586   42  586     2     4      3  1387  1.1e-18        -
 239  2.3618e-09  7.9886e-12      614   42  614     2     4      3  1465  7.3e-07        -
 248  2.4273e-09  7.1897e-12      636   44  636     2     4      3  1507  1.6e-07        -
 260   2.504e-09  3.9729e-12      660   45  660     2     4      3  1543  3.5e-08        -
 274  2.5596e-09  3.9729e-12      688   45  688     2     4      3  1585  5.4e-09        -
 288  2.6152e-09  3.9729e-12      716   45  716     2     4      3  1627    5e-09        -
 302  2.6708e-09  3.9729e-12      744   45  744     2     4      3  1669  5.4e-09        -
 316  2.7265e-09  3.9729e-12      772   45  772     2     4      3  1711  5.9e-09        -
 329  2.7768e-09  3.8259e-12      798   45  798     2     4      3  1759  1.2e-08        -
 340  2.8189e-09  3.8259e-12      820   45  820     2     4      3  1803  1.2e-08        -
 353  2.8686e-09  3.8259e-12      846   45  846     2     4      3  1855  1.3e-08        -
 367  2.9222e-09  3.8259e-12      874   45  874     2     4      3  1911  1.3e-08        -
 380  2.9719e-09  3.8259e-12      900   45  900     2     4      3  1963  1.4e-08        -
           当前进度:   9 % - 组装矩阵
Memory: 755/755 760/1204
 389  3.0051e-09  5.1425e-12      918   47  918     2     4      3  1996  1.7e-07        -
 398  3.0514e-09  5.1425e-12      936   47  936     2     4      3  2023  2.4e-07        -
 404  3.0823e-09  5.1425e-12      948   47  948     2     4      3  2041  1.6e-07        -
 415  3.1388e-09  5.1425e-12      970   47  970     2     4      3  2074  2.2e-07        -
 426  3.1954e-09  5.1425e-12      992   47  992     2     4      3  2107  1.1e-07        -
 439  3.2583e-09   4.151e-12     1018   47 1018     2     4      3  2150  3.3e-07        -
 451  3.3081e-09   4.151e-12     1042   47 1042     2     4      3  2198  5.1e-07        -
 462  3.3828e-09   8.302e-12     1066   48 1066     2     4      3  2246  1.2e-09        -
 476  3.4954e-09  4.6214e-12     1094   49 1094     2     4      3  2301  3.1e-07        -
 487  3.5924e-09  9.2429e-12     1116   50 1116     2     4      3  2344  5.5e-09        -
 500  3.7126e-09  9.2429e-12     1142   50 1142     2     4      3  2396  1.5e-08        -
 510  3.7984e-09  9.6854e-12     1162   52 1162     2     4      3  2434  4.5e-09        -
 522  3.9147e-09  9.6854e-12     1186   52 1186     2     4      3  2482    2e-08        -
 533    5.25e-09     2.5e-10 out 1197   57 1197     2     4      3  2482        0        -
 554    1.05e-08     2.5e-10 out 1218   57 1218     2     4      3  2482        0        -
 575   1.575e-08     2.5e-10 out 1239   57 1239     2     4      3  2482        0        -
 597   2.125e-08     2.5e-10 out 1261   57 1261     2     4      3  2482        0        -
 620     2.7e-08     2.5e-10 out 1284   57 1284     2     4      3  2482        0        -
 642    3.25e-08     2.5e-10 out 1306   57 1306     2     4      3  2482        0        -
 665   3.825e-08     2.5e-10 out 1329   57 1329     2     4      3  2482        0        -
 687   4.375e-08     2.5e-10 out 1351   57 1351     2     4      3  2482        0        -
 707   4.875e-08     2.5e-10 out 1371   57 1371     2     4      3  2482        0        -
 728     5.4e-08     2.5e-10 out 1392   57 1392     2     4      3  2482        0        -
 750    5.95e-08     2.5e-10 out 1414   57 1414     2     4      3  2482        0        -
 770    6.45e-08     2.5e-10 out 1434   57 1434     2     4      3  2482        0        -
 791   6.975e-08     2.5e-10 out 1455   57 1455     2     4      3  2482        0        -
 814    7.55e-08     2.5e-10 out 1478   57 1478     2     4      3  2482        0        -
 834    8.05e-08     2.5e-10 out 1498   57 1498     2     4      3  2482        0        -
 853   8.525e-08     2.5e-10 out 1517   57 1517     2     4      3  2482        0        -
 875   9.075e-08     2.5e-10 out 1539   57 1539     2     4      3  2482        0        -
 896     9.6e-08     2.5e-10 out 1560   57 1560     2     4      3  2482        0        -
 918   1.015e-07     2.5e-10 out 1582   57 1582     2     4      3  2482        0        -
 936    1.06e-07     2.5e-10 out 1600   57 1600     2     4      3  2482        0        -
 956    1.11e-07     2.5e-10 out 1620   57 1620     2     4      3  2482        0        -
 975  1.1575e-07     2.5e-10 out 1639   57 1639     2     4      3  2482        0        -
 992     1.2e-07     2.5e-10 out 1656   57 1656     2     4      3  2482        0        -
---------- 当前进度: 100 % - 
Memory: 750/755 755/1204
求解时间：1 s。
物理内存: 755 MB
虚拟内存: 760 MB
结束时间：2026年9月3日 14:38:12。
----- Study 2 - Charged particle tracing time dependent/解 2 (sol2) 中的“瞬态求解器 1” >
           当前进度:   0 % - 
Memory: 751/755 756/1204
--------   当前进度:  89 % - 正在计算
Memory: 756/756 761/1204
---------- 当前进度: 100 % - 正在计算
-          当前进度:  10 % - 正在绘制
Memory: 755/757 759/1204
---------  当前进度:  99 % - 正在计算
Memory: 754/757 758/1204
---        当前进度:  30 % - 生成图像
Memory: 822/822 799/1204
           当前进度:   0 % - 正在绘制
Memory: 863/944 857/1204
           当前进度:   9 % - 正在计算
Memory: 863/944 858/1204
-          当前进度:  10 % - 正在绘制
Memory: 864/944 858/1204
---------- 当前进度: 100 % - 正在绘制
Memory: 864/944 867/1204
---        当前进度:  30 % - 生成图像
Memory: 874/944 860/1204
           当前进度:   2 % - 生成方程
Memory: 865/944 863/1204
           当前进度:   3 % - Study 2 - Charged particle tracing time dependent
Memory: 872/944 869/1204
<---- Study 2 - Charged particle tracing time dependent/解 2 (sol2) 中的“编译方程: 瞬态” -
开始于 2026年9月3日 14:38:18。
几何形函数: 二次拉格朗日单元
几何形函数: 二次拉格朗日单元
在 Intel64 Family 6 Model 186 Stepping 2, GenuineIntel 上运行。
在以下位置使用 1 个插槽： 陈红星 上（共 1 个内核）。
可用内存：15.90 GB。
           当前进度:   3 % - 生成方程
Memory: 874/944 871/1204
           当前进度:   5 % - 编译方程: 瞬态
Memory: 874/944 869/1204
           当前进度:   5 % - 正在创建可视化网格
Memory: 875/944 870/1204
时间：1。
物理内存: 876 MB
虚拟内存: 1216 MB
结束时间：2026年9月3日 14:38:18。
----- Study 2 - Charged particle tracing time dependent/解 2 (sol2) 中的“编译方程: 瞬态” >
<---- Study 2 - Charged particle tracing time dependent/解 2 (sol2) 中的“因变量 1” ---
开始于 2026年9月3日 14:38:18。
不求解变量的值: 解 1 (sol1).
           当前进度:   5 % - 因变量 1
Memory: 876/944 1215/1216
求解时间：0 s。
物理内存: 876 MB
虚拟内存: 1215 MB
结束时间：2026年9月3日 14:38:18。
----- Study 2 - Charged particle tracing time dependent/解 2 (sol2) 中的“因变量 1” -->
<---- Study 2 - Charged particle tracing time dependent/解 2 (sol2) 中的“瞬态求解器 1” -
开始于 2026年9月3日 14:38:18。
瞬态求解器（广义 α）
求解的自由度数：4（加上 4 个内部自由度）。
找到非对称矩阵。
缩放因变量：
颗粒位置 (comp1.qcpt): 4.3e-08
粒子位置，phi 分量 (comp1.qphi): 1
粒子速度，phi 分量 (comp1.vphi): 1.2e-06
Step        Time    Stepsize      Res  Jac  Sol Order Tfail NLfail LinIt   LinErr   LinRes
   0           0           - out    2    3    2                  0     0        0        0
   1     1.5e-11     1.5e-11       18    7   18     2     0      3    32  2.1e-09        -
   7  1.8572e-10  2.3855e-11       35   10   35     2     0      3    76  5.6e-10        -
  13  2.7419e-10  1.2097e-11       51   13   51     2     0      3   118  1.3e-08        -
  18   3.256e-10  8.8191e-12       70   16   70     2     0      3   169  4.7e-11        -
  23  3.6219e-10  6.4291e-12       86   19   86     2     0      3   213  7.2e-13        -
  29  3.9581e-10  5.2076e-12      105   21  105     2     0      3   264    2e-09        -
  36  4.3226e-10  5.2076e-12      126   21  126     2     0      3   313    4e-08        -
  42  4.7389e-10  5.6787e-12      148   24  148     2     1      3   369  1.4e-09        -
  48  5.0511e-10  5.1053e-12      167   27  167     2     1      3   418  2.5e-09        -
  57  5.5105e-10  5.1053e-12      194   27  194     2     1      3   481  1.3e-08        -
  62  5.8498e-10  8.3986e-12      211   29  211     2     1      3   523    7e-07        -
  67  6.3338e-10  1.1368e-11      226   34  226     2     3      3   559  6.3e-07        -
  75  7.1523e-10  1.0232e-11      250   34  250     2     3      3   631  2.2e-18        -
  84  7.8576e-10  7.1517e-12      270   35  270     2     3      3   679  8.1e-12        -
  97  8.7873e-10  7.1517e-12      296   35  296     2     3      3   726  4.7e-07        -
 109  9.6455e-10  7.1517e-12      320   35  320     2     3      3   776  1.5e-11        -
 118   1.028e-09  6.9964e-12      341   35  341     2     3      3   820  1.5e-07        -
 128  1.0979e-09  6.9964e-12      367   35  367     2     3      3   873  4.3e-07        -
 137  1.1609e-09  6.9964e-12      394   35  394     2     3      3   927  7.1e-07        -
 146  1.2239e-09  6.9964e-12      421   35  421     2     3      3   981  4.5e-07        -
 152  1.2742e-09  1.2122e-11      439   38  439     2     3      3  1018  6.5e-08        -
 164  1.4197e-09  1.2122e-11      463   38  463     2     3      3  1066  8.2e-07        -
 172  1.5098e-09  9.8406e-12      483   40  483     2     3      3  1113  1.4e-08        -
 184  1.6279e-09  9.8406e-12      507   40  507     2     3      3  1161  1.7e-07        -
 196  1.7431e-09  6.9128e-12      535   41  535     2     3      3  1220  2.4e-07        -
 206  1.8744e-09  1.3826e-11      555   43  555     2     3      3  1259  2.1e-07        -
 217   2.015e-09  1.4964e-11      577   45  577     2     3      3  1301  1.1e-10        -
 229  2.1945e-09  1.4964e-11      601   45  601     2     3      3  1349  2.6e-07        -
 238  2.3139e-09   1.277e-11      626   45  626     2     3      3  1420    4e-19        -
 247  2.4288e-09   1.277e-11      653   45  653     2     3      3  1501  3.4e-19        -
 253     2.5e-09  1.0069e-11 out  673   47  673     2     3      3  1555  7.3e-07        -
 264  2.6108e-09  1.0069e-11      695   47  695     2     3      3  1593  1.6e-08        -
 276  2.7316e-09  1.0069e-11      719   47  719     2     3      3  1641  2.9e-08        -
 287  2.9157e-09  1.8406e-11      741   48  741     2     3      3  1687  6.8e-08        -
 295  3.0437e-09  1.4566e-11      761   50  761     2     3      3  1731  3.7e-09        -
 307  3.2185e-09  1.4566e-11      785   50  785     2     3      3  1779  7.1e-09        -
 316  3.3517e-09  1.6945e-11      803   52  803     2     3      3  1813  1.9e-08        -
 326  3.5149e-09  1.4855e-11      826   52  826     2     3      3  1868    4e-19        -
 334  3.6337e-09  1.4855e-11      850   52  850     2     3      3  1940    5e-19        -
 341  3.7364e-09  1.3588e-11      874   53  874     2     3      3  2010  1.2e-10        -
 350  3.8587e-09  1.3588e-11      892   54  892     2     3      3  2046  4.2e-08        -
 359   3.981e-09  1.3588e-11      910   54  910     2     3      3  2082  8.9e-08        -
 364   4.057e-09  1.9002e-11      924   57  924     2     3      3  2112  5.6e-08        -
-          当前进度:  10 % - 组装矩阵
Memory: 885/944 1223/1226
 374   4.239e-09  1.0989e-11      944   58  944     2     3      3  2152  7.7e-11        -
 384  4.4478e-09  2.1977e-11      964   59  964     2     3      3  2192    6e-07        -
 390  4.5453e-09  1.5115e-11      980   61  980     2     3      3  2228  6.1e-08        -
 396   4.636e-09  1.5115e-11      992   61  992     2     3      3  2252    2e-07        -
 403  4.7384e-09  1.1639e-11     1010   62 1010     2     3      3  2292    8e-11        -
 412  4.9362e-09  2.3277e-11     1028   64 1028     2     3      3  2329  1.1e-13        -
 420  5.1013e-09  2.0252e-11     1055   64 1055     2     3      3  2409    3e-19        -
 426  5.2147e-09  1.8227e-11     1074   66 1074     2     3      3  2458  2.2e-07        -
 438  5.4267e-09  1.7665e-11     1098   66 1098     2     3      3  2527  9.8e-07        -
 447  5.5407e-09  1.0177e-11     1116   67 1116     2     3      3  2562  9.1e-08        -
 455  5.6221e-09  1.0177e-11     1132   67 1132     2     3      3  2586  2.3e-07        -
 465  5.7239e-09  1.0177e-11     1152   67 1152     2     3      3  2616  4.4e-07        -
 472  5.7819e-09  7.9664e-12     1170   69 1170     2     3      3  2648  4.6e-08        -
 483  5.8695e-09  7.9664e-12     1192   69 1192     2     3      3  2681  1.5e-07        -
 492  5.9412e-09  7.9664e-12     1210   69 1210     2     3      3  2708  2.7e-07        -
 500       6e-09  5.5047e-12 out 1230   71 1230     2     3      3  2742  5.3e-08        -
 507  6.0771e-09  1.1009e-11     1244   72 1244     2     3      3  2767  3.4e-07        -
 518  6.1982e-09  1.1009e-11     1266   72 1266     2     3      3  2801  1.6e-11        -
 527  6.2876e-09   9.401e-12     1290   72 1290     2     3      3  2849  4.9e-07        -
 536  6.3722e-09   9.401e-12     1318   72 1318     2     3      3  2905  2.7e-07        -
 544  6.4474e-09   9.401e-12     1346   72 1346     2     3      3  2961  2.3e-07        -
 550     6.5e-09  7.4869e-12 out 1368   74 1368     2     3      3  3006  1.1e-07        -
 562  6.5898e-09  7.4869e-12     1392   74 1392     2     3      3  3042  3.7e-07        -
 572  6.6647e-09  7.4869e-12     1412   74 1412     2     3      3  3072  6.3e-07        -
 583  6.7448e-09  5.2094e-12     1438   75 1438     2     3      3  3113  1.2e-08        -
 594  6.8021e-09  5.2094e-12     1460   76 1460     2     3      3  3146  7.6e-08        -
 607  6.8698e-09  5.2094e-12     1486   76 1486     2     3      3  3185  9.5e-08        -
 620  6.9375e-09  5.2094e-12     1512   76 1512     2     3      3  3224  4.9e-08        -
 632       7e-09  5.1837e-12 out 1537   76 1537     2     3      3  3263  4.7e-11        -
 645  7.0674e-09  5.1837e-12     1563   76 1563     2     3      3  3315  5.1e-10        -
 656  7.1244e-09  5.1837e-12     1585   76 1585     2     3      3  3359  6.7e-10        -
 668  7.1866e-09  5.1837e-12     1609   76 1609     2     3      3  3407  1.3e-09        -
 677  7.2333e-09  5.1837e-12     1627   76 1627     2     3      3  3441  4.4e-07        -
 685  7.2755e-09  6.3638e-12     1643   78 1643     2     3      3  3472  9.9e-14        -
 696  7.3455e-09  6.3638e-12     1665   78 1665     2     3      3  3527  1.4e-12        -
 706  7.4091e-09  6.3638e-12     1686   78 1686     2     3      3  3578  3.4e-12        -
 715  7.4664e-09  6.3638e-12     1709   78 1709     2     3      3  3628  1.7e-07        -
 724  7.5123e-09  4.0876e-12     1730   79 1730     2     3      3  3674  1.1e-13        -
 736  7.5613e-09  4.0876e-12     1754   79 1754     2     3      3  3734  3.9e-13        -
 746  7.6022e-09  4.0876e-12     1777   79 1777     2     3      3  3787  4.2e-13        -
 756  7.6431e-09  4.0876e-12     1803   79 1803     2     3      3  3843  9.8e-08        -
 765  7.6799e-09  4.0876e-12     1830   79 1830     2     3      3  3897  1.6e-07        -
 772  7.7085e-09  4.0876e-12     1851   79 1851     2     3      3  3939  2.2e-07        -
 781  7.7453e-09  4.0876e-12     1878   79 1878     2     3      3  3993  2.8e-07        -
 790  7.7832e-09  4.7418e-12     1896   81 1896     2     3      3  4035  5.4e-12        -
 803  7.8448e-09  4.7418e-12     1922   81 1922     2     3      3  4100  1.2e-11        -
 816  7.9065e-09  4.7418e-12     1948   81 1948     2     3      3  4165  9.9e-13        -
 829  7.9681e-09  4.7418e-12     1974   81 1974     2     3      3  4229  1.3e-11        -
 837  8.0041e-09   4.083e-12     1994   83 1994     2     3      3  4278  6.5e-07        -
-          当前进度:  13 % - 正在组装残差
Memory: 890/944 1227/1227
 848   8.049e-09   4.083e-12     2016   83 2016     2     3      3  4333    1e-12        -
 859  8.0939e-09   4.083e-12     2042   83 2042     2     3      3  4392  2.2e-12        -
 868  8.1307e-09   4.083e-12     2068   83 2068     2     3      3  4445  4.3e-08        -
 876  8.1633e-09   4.083e-12     2092   83 2092     2     3      3  4493  6.1e-08        -
 884   8.196e-09   4.083e-12     2116   83 2116     2     3      3  4541  7.9e-08        -
 893  8.2327e-09   4.083e-12     2143   83 2143     2     3      3  4595    1e-07        -
 901  8.2651e-09  5.0197e-12     2162   85 2162     2     3      3  4631  3.3e-07        -
 913  8.3253e-09  5.0197e-12     2186   85 2186     2     3      3  4686  2.6e-13        -
 926  8.3906e-09  5.0197e-12     2212   85 2212     2     3      3  4750  9.7e-13        -
 939  8.4558e-09  5.0197e-12     2238   85 2238     2     3      3  4805    1e-11        -
 950  8.5091e-09  4.5277e-12     2262   85 2262     2     3      3  4853  1.2e-07        -
 960  8.5543e-09  4.5277e-12     2287   85 2287     2     3      3  4903    5e-08        -
 970  8.5996e-09  4.5277e-12     2312   85 2312     2     3      3  4953  1.4e-08        -
 979   8.663e-09  9.0553e-12     2334   86 2334     2     3      3  4992  8.5e-09        -
 988  8.7427e-09  7.2809e-12     2356   87 2356     2     3      3  5027  3.6e-08        -
 999  8.8228e-09  7.2809e-12     2378   88 2378     2     3      3  5060    1e-07        -
1011  8.9102e-09  7.2809e-12     2402   88 2402     2     3      3  5096  2.9e-07        -
1023  8.9951e-09  4.8649e-12     2430   89 2430     2     3      3  5142  2.8e-08        -
1033  9.0876e-09  9.7298e-12     2450   91 2450     2     3      3  5172  2.3e-07        -
1046  9.2141e-09  9.7298e-12     2476   91 2476     2     3      3  5213  6.2e-07        -
1055  9.2912e-09  8.2423e-12     2504   91 2504     2     3      3  5271    6e-07        -
1063  9.3571e-09  8.2423e-12     2532   91 2532     2     3      3  5331  6.3e-07        -
1071  9.4231e-09  8.2423e-12     2560   91 2560     2     3      3  5391  6.6e-07        -
1079   9.489e-09  8.2423e-12     2589   91 2589     2     3      3  5456  4.4e-07        -
1090  9.5494e-09  5.4867e-12     2611   92 2611     2     3      3  5489  1.3e-08        -
1103  9.6207e-09  5.4867e-12     2637   92 2637     2     3      3  5528  3.2e-08        -
1116   9.692e-09  5.4867e-12     2663   92 2663     2     3      3  5567  4.7e-08        -
1127    9.75e-09  4.2928e-12 out 2688   92 2688     2     3      3  5608  1.7e-07        -
1134    9.78e-09  4.2928e-12     2713   92 2713     2     3      3  5658  1.9e-07        -
1142  9.8144e-09  4.2928e-12     2741   92 2741     2     3      3  5714  1.8e-07        -
1150  9.8487e-09  4.2928e-12     2770   92 2770     2     3      3  5772  1.7e-07        -
1157  9.8788e-09  4.2928e-12     2796   92 2796     2     3      3  5824  1.3e-07        -
1165  9.9097e-09  3.8636e-12     2816   94 2816     2     3      3  5856  1.1e-09        -
1177  9.9561e-09  3.8636e-12     2840   94 2840     2     3      3  5892  3.4e-09        -
1188  9.9973e-09  2.6541e-12     2866   95 2866     2     3      3  5933  2.4e-09        -
1194  1.0013e-08  2.6541e-12     2878   96 2878     2     3      3  5951  1.7e-10        -
1203  1.0037e-08  2.6541e-12     2896   96 2896     2     3      3  5978    5e-10        -
1215  1.0069e-08  2.6541e-12     2920   96 2920     2     3      3  6014  9.1e-10        -
1227  1.0101e-08  2.6541e-12     2944   96 2944     2     3      3  6050  1.3e-09        -
1240  1.0135e-08  2.6541e-12     2970   96 2970     2     3      3  6089  1.7e-09        -
1252  1.0167e-08  2.6541e-12     2994   96 2994     2     3      3  6125  2.1e-09        -
1263  1.0196e-08  2.6541e-12     3016   96 3016     2     3      3  6158  2.5e-09        -
1275  1.0228e-08  2.6541e-12     3040   96 3040     2     3      3  6194  2.9e-09        -
1286  1.0253e-08  1.5849e-12     3062   97 3062     2     3      3  6227  9.3e-12        -
1298  1.0272e-08  1.5849e-12     3086   97 3086     2     3      3  6263  4.5e-11        -
1310  1.0291e-08  1.5849e-12     3110   97 3110     2     3      3  6299  8.2e-11        -
1321  1.0313e-08  3.1698e-12     3132   98 3132     2     3      3  6332  1.8e-10        -
1334  1.0355e-08  3.1698e-12     3158   98 3158     2     3      3  6371  6.5e-10        -
1347  1.0396e-08  3.1698e-12     3184   98 3184     2     3      3  6410  1.2e-09        -
-          当前进度:  15 % - 正在组装残差
Memory: 882/944 1218/1227
1358  1.0431e-08  3.1698e-12     3206   98 3206     2     3      3  6443  1.6e-09        -
1370  1.0469e-08  3.1698e-12     3230   98 3230     2     3      3  6479  2.1e-09        -
1382  1.0506e-08  2.9633e-12     3254   98 3254     2     3      3  6519  1.8e-09        -
1394  1.0541e-08  2.9633e-12     3278   98 3278     2     3      3  6567  2.1e-09        -
1407   1.058e-08  2.9633e-12     3304   98 3304     2     3      3  6619  2.3e-09        -
1419  1.0616e-08  2.9633e-12     3328   98 3328     2     3      3  6667  2.6e-09        -
1431  1.0651e-08  2.9633e-12     3352   98 3352     2     3      3  6715    3e-09        -
1443  1.0687e-08  2.9633e-12     3376   98 3376     2     3      3  6763  3.3e-09        -
1456  1.0725e-08  2.9633e-12     3402   98 3402     2     3      3  6815  3.9e-09        -
1467  1.0754e-08  2.0229e-12     3424   99 3424     2     3      3  6855  1.4e-10        -
1479  1.0778e-08  2.0229e-12     3448   99 3448     2     3      3  6891  5.4e-11        -
1491  1.0803e-08  2.0229e-12     3472   99 3472     2     3      3  6927  8.1e-11        -
1503  1.0827e-08  2.0229e-12     3496   99 3496     2     3      3  6963  1.1e-10        -
1515  1.0851e-08  2.0229e-12     3520   99 3520     2     3      3  6999  1.4e-10        -
1527  1.0875e-08  2.0229e-12     3544   99 3544     2     3      3  7035  1.7e-10        -
1539    1.09e-08  2.0229e-12     3568   99 3568     2     3      3  7071    2e-10        -
1551  1.0924e-08  2.0229e-12     3592   99 3592     2     3      3  7107  2.2e-10        -
1562  1.0946e-08  2.0229e-12     3614   99 3614     2     3      3  7140  2.3e-10        -
1574   1.097e-08  2.0229e-12     3638   99 3638     2     3      3  7176  2.5e-10        -
1586  1.0995e-08  2.0229e-12     3662   99 3662     2     3      3  7212  2.7e-10        -
1596  1.1022e-08  3.2082e-12     3682  100 3682     2     3      3  7244  6.3e-09        -
1606  1.1055e-08  3.2082e-12     3702  100 3702     2     3      3  7274  2.3e-09        -
1615  1.1083e-08  3.2082e-12     3720  100 3720     2     3      3  7301  1.3e-09        -
1625  1.1115e-08  3.2082e-12     3740  100 3740     2     3      3  7331  1.2e-09        -
1636  1.1151e-08  3.2082e-12     3762  100 3762     2     3      3  7364  1.4e-09        -
1648  1.1189e-08  3.2082e-12     3786  100 3786     2     3      3  7400  1.8e-09        -
1660  1.1228e-08  3.2082e-12     3810  100 3810     2     3      3  7436  3.2e-09        -
1672  1.1265e-08  3.0869e-12     3834  100 3834     2     3      3  7479  2.9e-09        -
1684  1.1302e-08  3.0869e-12     3858  100 3858     2     3      3  7527    3e-09        -
1694  1.1333e-08  3.0869e-12     3878  100 3878     2     3      3  7567  3.1e-09        -
1706   1.137e-08  3.0869e-12     3902  100 3902     2     3      3  7615  3.2e-09        -
1718  1.1407e-08  3.0869e-12     3926  100 3926     2     3      3  7663  3.3e-09        -
1730  1.1444e-08  3.0869e-12     3950  100 3950     2     3      3  7711  3.5e-09        -
1742  1.1482e-08  3.0869e-12     3974  100 3974     2     3      3  7759  3.6e-09        -
1753  1.1515e-08  3.0681e-12     3996  100 3996     2     3      3  7803  4.3e-09        -
1765  1.1552e-08  3.0681e-12     4020  100 4020     2     3      3  7851  4.5e-09        -
1777  1.1589e-08  3.0681e-12     4044  100 4044     2     3      3  7899  4.8e-09        -
1789  1.1626e-08  3.0681e-12     4068  100 4068     2     3      3  7947    5e-09        -
1800   1.166e-08  3.0681e-12     4090  100 4090     2     3      3  7991  5.2e-09        -
1812  1.1696e-08  3.0681e-12     4114  100 4114     2     3      3  8039  5.4e-09        -
1824  1.1733e-08  3.0681e-12     4138  100 4138     2     3      3  8087  5.6e-09        -
1833  1.1757e-08  2.2743e-12     4163  100 4163     2     3      3  8137  1.4e-07        -
1840  1.1773e-08  2.2743e-12     4188  100 4188     2     3      3  8187    2e-07        -
1847  1.1789e-08  2.2743e-12     4214  100 4214     2     3      3  8239    2e-07        -
1854  1.1804e-08  2.0469e-12     4236  101 4236     2     3      3  8281  5.5e-10        -
1865  1.1827e-08  2.0469e-12     4258  101 4258     2     3      3  8314  9.6e-11        -
1877  1.1851e-08  2.0469e-12     4282  101 4282     2     3      3  8350  1.6e-10        -
1889  1.1876e-08  2.0469e-12     4306  101 4306     2     3      3  8386  2.5e-10        -
1901    1.19e-08  2.0469e-12     4330  101 4330     2     3      3  8422  3.4e-10        -
1913  1.1925e-08  2.0469e-12     4354  101 4354     2     3      3  8458  4.3e-10        -
-          当前进度:  16 % - 正在组装残差
Memory: 875/944 1211/1227
1924  1.1947e-08  2.0469e-12     4376  101 4376     2     3      3  8491  5.3e-10        -
1936  1.1972e-08  2.0469e-12     4400  101 4400     2     3      3  8527  6.3e-10        -
1948  1.1997e-08  2.0469e-12     4424  101 4424     2     3      3  8563  7.4e-10        -
1960  1.2017e-08  1.7313e-12     4448  101 4448     2     3      3  8611  5.5e-09        -
1972  1.2038e-08  1.7313e-12     4472  101 4472     2     3      3  8659  1.2e-08        -
1985  1.2061e-08  1.7313e-12     4498  101 4498     2     3      3  8711  2.4e-08        -
1998  1.2083e-08  1.7313e-12     4524  101 4524     2     3      3  8763  3.1e-08        -
2011  1.2106e-08  1.7313e-12     4550  101 4550     2     3      3  8815  3.4e-08        -
2024  1.2128e-08  1.7313e-12     4576  101 4576     2     3      3  8867  3.4e-08        -
2037  1.2151e-08  1.7313e-12     4602  101 4602     2     3      3  8919  3.5e-08        -
2048   1.217e-08  1.7313e-12     4624  101 4624     2     3      3  8963  3.5e-08        -
2061  1.2192e-08  1.7313e-12     4650  101 4650     2     3      3  9015  3.5e-08        -
2074  1.2215e-08  1.7313e-12     4676  101 4676     2     3      3  9067  3.5e-08        -
2087  1.2237e-08  1.7313e-12     4702  101 4702     2     3      3  9119  3.5e-08        -
2098  1.2254e-08  1.2142e-12     4724  102 4724     2     3      3  9158  2.8e-09        -
2111  1.2269e-08  1.2142e-12     4750  102 4750     2     3      3  9197  7.8e-10        -
2122  1.2283e-08  1.2142e-12     4772  102 4772     2     3      3  9230  5.7e-10        -
2135  1.2299e-08  1.2142e-12     4798  102 4798     2     3      3  9269    4e-10        -
2148  1.2314e-08  1.2142e-12     4824  102 4824     2     3      3  9308  3.7e-10        -
2161   1.233e-08  1.2142e-12     4850  102 4850     2     3      3  9347  3.3e-10        -
2174  1.2346e-08  1.2142e-12     4876  102 4876     2     3      3  9386  3.3e-10        -
2187  1.2362e-08  1.2142e-12     4902  102 4902     2     3      3  9425  3.2e-10        -
2199  1.2376e-08  1.2142e-12     4926  102 4926     2     3      3  9461  3.3e-10        -
2212  1.2392e-08  1.2142e-12     4952  102 4952     2     3      3  9500  3.5e-10        -
2225  1.2408e-08  1.2142e-12     4978  102 4978     2     3      3  9539  3.5e-10        -
2238  1.2424e-08  1.2142e-12     5004  102 5004     2     3      3  9578  3.8e-10        -
2251  1.2439e-08  1.2142e-12     5030  102 5030     2     3      3  9617  3.9e-10        -
2264  1.2455e-08  1.2142e-12     5056  102 5056     2     3      3  9656  4.2e-10        -
2277  1.2471e-08  1.2142e-12     5082  102 5082     2     3      3  9695  4.3e-10        -
2289  1.2486e-08  1.2142e-12     5106  102 5106     2     3      3  9731  4.5e-10        -
2299  1.2498e-08  1.2142e-12     5126  102 5126     2     3      3  9761  4.7e-10        -
2310   1.251e-08  1.1484e-12     5148  102 5148     2     3      3  9805  2.4e-09        -
2322  1.2524e-08  1.1484e-12     5172  102 5172     2     3      3  9853  2.4e-09        -
2335  1.2539e-08  1.1484e-12     5198  102 5198     2     3      3  9905  2.4e-09        -
2348  1.2554e-08  1.1484e-12     5224  102 5224     2     3      3  9957  2.4e-09        -
2360  1.2568e-08  1.1484e-12     5248  102 5248     2     3      3 10005  2.4e-09        -
2370  1.2579e-08  1.1484e-12     5268  102 5268     2     3      3 10045  2.4e-09        -
2382  1.2593e-08  1.1484e-12     5292  102 5292     2     3      3 10093  2.4e-09        -
2395  1.2608e-08  1.1484e-12     5318  102 5318     2     3      3 10145  2.4e-09        -
2408  1.2623e-08  1.1484e-12     5344  102 5344     2     3      3 10197  2.4e-09        -
2421  1.2638e-08  1.1484e-12     5370  102 5370     2     3      3 10249  2.4e-09        -
2434  1.2653e-08  1.1484e-12     5396  102 5396     2     3      3 10301  2.4e-09        -
2447  1.2668e-08  1.1484e-12     5422  102 5422     2     3      3 10353  2.4e-09        -
2460  1.2683e-08  1.1484e-12     5448  102 5448     2     3      3 10405  2.4e-09        -
2473  1.2698e-08  1.1484e-12     5474  102 5474     2     3      3 10457  2.4e-09        -
2486  1.2712e-08  1.1484e-12     5500  102 5500     2     3      3 10509  2.4e-09        -
2499  1.2727e-08  1.1484e-12     5526  102 5526     2     3      3 10561  2.4e-09        -
2512  1.2742e-08  1.1484e-12     5552  102 5552     2     3      3 10613  2.4e-09        -
-          当前进度:  17 % - 正在组装残差
Memory: 878/944 1214/1227
2524  1.2755e-08  9.7224e-13     5576  102 5576     2     3      3 10661  1.1e-08        -
2537  1.2768e-08  9.7224e-13     5602  102 5602     2     3      3 10713  1.1e-08        -
2550   1.278e-08  9.7224e-13     5628  102 5628     2     3      3 10765  1.1e-08        -
2563  1.2793e-08  9.7224e-13     5654  102 5654     2     3      3 10817  1.1e-08        -
2576  1.2805e-08  9.7224e-13     5680  102 5680     2     3      3 10869  1.1e-08        -
2589  1.2818e-08  9.7224e-13     5706  102 5706     2     3      3 10921  1.1e-08        -
2602  1.2831e-08  9.7224e-13     5732  102 5732     2     3      3 10973  1.1e-08        -
2615  1.2843e-08  9.7224e-13     5758  102 5758     2     3      3 11025  1.1e-08        -
2627  1.2855e-08  9.7224e-13     5782  102 5782     2     3      3 11073  1.1e-08        -
2639  1.2867e-08  9.7224e-13     5806  102 5806     2     3      3 11121  1.1e-08        -
2652  1.2879e-08  9.7224e-13     5832  102 5832     2     3      3 11173  1.1e-08        -
2664  1.2891e-08  9.7224e-13     5856  102 5856     2     3      3 11221  1.1e-08        -
2677  1.2904e-08  9.7224e-13     5882  102 5882     2     3      3 11273  1.1e-08        -
2690  1.2916e-08  9.7224e-13     5908  102 5908     2     3      3 11325  1.1e-08        -
2703  1.2929e-08  9.7224e-13     5934  102 5934     2     3      3 11377  1.1e-08        -
2716  1.2942e-08  9.7224e-13     5960  102 5960     2     3      3 11429  1.1e-08        -
2729  1.2954e-08  9.7224e-13     5986  102 5986     2     3      3 11481  1.1e-08        -
2742  1.2967e-08  9.7224e-13     6012  102 6012     2     3      3 11533  1.1e-08        -
2755  1.2979e-08  9.7224e-13     6038  102 6038     2     3      3 11585  1.1e-08        -
2768  1.2992e-08  9.7224e-13     6064  102 6064     2     3      3 11637  1.1e-08        -
2778  1.3001e-08  1.1054e-12     6083  104 6083     2     3      3 11673  1.2e-08        -
2790  1.3014e-08  1.1054e-12     6107  104 6107     2     3      3 11709  1.4e-09        -
2803  1.3029e-08  1.1054e-12     6133  104 6133     2     3      3 11748  7.5e-10        -
2816  1.3043e-08  1.1054e-12     6159  104 6159     2     3      3 11787  5.5e-10        -
2829  1.3057e-08  1.1054e-12     6185  104 6185     2     3      3 11826  4.8e-10        -
2842  1.3072e-08  1.1054e-12     6211  104 6211     2     3      3 11865  4.4e-10        -
2855  1.3086e-08  1.1054e-12     6237  104 6237     2     3      3 11904  4.5e-10        -
2868  1.3101e-08  1.1054e-12     6263  104 6263     2     3      3 11943  4.5e-10        -
2881  1.3115e-08  1.1054e-12     6289  104 6289     2     3      3 11982  4.8e-10        -
2893  1.3128e-08  1.1054e-12     6313  104 6313     2     3      3 12018    5e-10        -
2906  1.3143e-08  1.1054e-12     6339  104 6339     2     3      3 12057  5.3e-10        -
2919  1.3157e-08  1.1054e-12     6365  104 6365     2     3      3 12096  5.7e-10        -
2932  1.3171e-08  1.1054e-12     6391  104 6391     2     3      3 12135    6e-10        -
2945  1.3186e-08  1.1054e-12     6417  104 6417     2     3      3 12174  6.4e-10        -
2958    1.32e-08  1.1054e-12     6443  104 6443     2     3      3 12213  6.8e-10        -
2967   1.321e-08  1.1054e-12     6461  104 6461     2     3      3 12240  7.1e-10        -
2978  1.3222e-08  1.1054e-12     6483  104 6483     2     3      3 12273  7.4e-10        -
2985   1.323e-08  1.1054e-12     6497  104 6497     2     3      3 12294  7.7e-10        -
2995  1.3241e-08  1.1054e-12     6517  104 6517     2     3      3 12324  8.1e-10        -
3004   1.325e-08  6.3831e-13 out 6535  105 6535     2     3      3 12351  1.3e-09        -
3014  1.3263e-08  1.2766e-12     6555  106 6555     2     3      3 12381  2.2e-09        -
3024  1.3276e-08  1.2766e-12     6575  106 6575     2     3      3 12411  1.2e-09        -
3033  1.3287e-08  1.2766e-12     6593  106 6593     2     3      3 12438  9.1e-10        -
3044  1.3301e-08  1.2766e-12     6615  106 6615     2     3      3 12471  7.4e-10        -
3057  1.3318e-08  1.2766e-12     6641  106 6641     2     3      3 12510  7.3e-10        -
3069  1.3333e-08  1.2766e-12     6665  106 6665     2     3      3 12546  7.5e-10        -
3082   1.335e-08  1.2766e-12     6691  106 6691     2     3      3 12585  7.9e-10        -
3095  1.3366e-08  1.2766e-12     6717  106 6717     2     3      3 12624  8.8e-10        -
3107  1.3381e-08  1.2766e-12     6741  106 6741     2     3      3 12660  9.5e-10        -
3117  1.3394e-08  1.2766e-12     6761  106 6761     2     3      3 12690    1e-09        -
3130  1.3411e-08  1.2766e-12     6787  106 6787     2     3      3 12729  1.1e-09        -
3142  1.3426e-08  1.2766e-12     6811  106 6811     2     3      3 12765  1.2e-09        -
3154  1.3441e-08  1.2766e-12     6835  106 6835     2     3      3 12801  1.3e-09        -
3167  1.3458e-08  1.2766e-12     6861  106 6861     2     3      3 12840  1.4e-09        -
3180  1.3475e-08  1.2766e-12     6887  106 6887     2     3      3 12879  1.5e-09        -
3193  1.3491e-08  1.2766e-12     6913  106 6913     2     3      3 12918  1.6e-09        -
3206  1.3507e-08  1.1686e-12     6939  106 6939     2     3      3 12965  4.2e-09        -
3219  1.3522e-08  1.1686e-12     6965  106 6965     2     3      3 13017  4.2e-09        -
3232  1.3537e-08  1.1686e-12     6991  106 6991     2     3      3 13069    4e-09        -
3245  1.3553e-08  1.1686e-12     7017  106 7017     2     3      3 13121    4e-09        -
3258  1.3568e-08  1.1686e-12     7043  106 7043     2     3      3 13173  3.8e-09        -
3270  1.3582e-08  1.1686e-12     7067  106 7067     2     3      3 13221  3.7e-09        -
3282  1.3596e-08  1.1686e-12     7091  106 7091     2     3      3 13269  3.6e-09        -
3294   1.361e-08  1.1686e-12     7115  106 7115     2     3      3 13317  3.5e-09        -
3307  1.3625e-08  1.1686e-12     7141  106 7141     2     3      3 13369  3.4e-09        -
3318  1.3638e-08  1.1686e-12     7163  106 7163     2     3      3 13413  3.3e-09        -
3327  1.3648e-08  1.1686e-12     7181  106 7181     2     3      3 13449  3.2e-09        -
3338  1.3661e-08  1.1686e-12     7203  106 7203     2     3      3 13493  3.1e-09        -
3346  1.3671e-08  1.1686e-12     7219  106 7219     2     3      3 13525    3e-09        -
3358  1.3685e-08  1.1686e-12     7243  106 7243     2     3      3 13573  2.9e-09        -
3371    1.37e-08  1.1686e-12     7269  106 7269     2     3      3 13625  2.8e-09        -
3384  1.3715e-08  1.1686e-12     7295  106 7295     2     3      3 13677  2.6e-09        -
3396  1.3729e-08  1.1686e-12     7319  106 7319     2     3      3 13725  2.5e-09        -
3408  1.3743e-08  1.1686e-12     7343  106 7343     2     3      3 13773  2.4e-09        -
3420  1.3757e-08  1.1278e-12     7367  106 7367     2     3      3 13821  3.4e-09        -
3431  1.3769e-08  1.1278e-12     7389  106 7389     2     3      3 13865  3.3e-09        -
3438  1.3777e-08  1.1278e-12     7403  106 7403     2     3      3 13893  3.2e-09        -
3441   1.378e-08  1.1278e-12     7409  106 7409     2     3      3 13905  3.2e-09        -
3451  1.3792e-08  1.1278e-12     7429  106 7429     2     3      3 13945    3e-09        -
3457  1.3798e-08  1.1278e-12     7441  106 7441     2     3      3 13969  2.9e-09        -
3462  1.3804e-08  1.1278e-12     7451  106 7451     2     3      3 13989  2.9e-09        -
3467   1.381e-08  1.1278e-12     7461  106 7461     2     3      3 14009  2.8e-09        -
3472  1.3815e-08  1.1278e-12     7471  106 7471     2     3      3 14029  2.7e-09        -
3480  1.3824e-08  1.1278e-12     7487  106 7487     2     3      3 14061  2.6e-09        -
3488  1.3833e-08  1.1278e-12     7503  106 7503     2     3      3 14093  2.5e-09        -
3499  1.3846e-08  1.1278e-12     7525  106 7525     2     3      3 14137  2.4e-09        -
3511  1.3859e-08  1.1278e-12     7549  106 7549     2     3      3 14185  2.2e-09        -
3524  1.3874e-08  1.1278e-12     7575  106 7575     2     3      3 14237  2.1e-09        -
3536  1.3888e-08  1.1278e-12     7599  106 7599     2     3      3 14285  1.9e-09        -
3544  1.3897e-08  1.1278e-12     7615  106 7615     2     3      3 14317  1.8e-09        -
3556   1.391e-08  1.1278e-12     7639  106 7639     2     3      3 14365  1.7e-09        -
3566  1.3921e-08  1.1278e-12     7659  106 7659     2     3      3 14405  1.6e-09        -
3575  1.3932e-08  1.1278e-12     7677  106 7677     2     3      3 14441  1.5e-09        -
3586  1.3944e-08  1.1278e-12     7699  106 7699     2     3      3 14485  1.3e-09        -
3598  1.3958e-08  1.1278e-12     7723  106 7723     2     3      3 14533  1.2e-09        -
3611  1.3972e-08  1.1278e-12     7749  106 7749     2     3      3 14585  1.1e-09        -
3621  1.3983e-08  1.1278e-12     7769  106 7769     2     3      3 14625  9.9e-10        -
3633  1.3997e-08  1.1278e-12     7793  106 7793     2     3      3 14673  8.8e-10        -
3643  1.4007e-08  9.4116e-13     7813  106 7813     2     3      3 14713  2.8e-09        -
3655  1.4018e-08  9.4116e-13     7837  106 7837     2     3      3 14761  2.5e-09        -
-          当前进度:  18 % - 正在组装残差
Memory: 873/944 1213/1227
3666  1.4028e-08  9.4116e-13     7859  106 7859     2     3      3 14805  2.2e-09        -
3679   1.404e-08  9.4116e-13     7885  106 7885     2     3      3 14857    2e-09        -
3692  1.4053e-08  9.4116e-13     7911  106 7911     2     3      3 14909  1.7e-09        -
3705  1.4065e-08  9.4116e-13     7937  106 7937     2     3      3 14961  1.4e-09        -
3718  1.4077e-08  9.4116e-13     7963  106 7963     2     3      3 15013  1.2e-09        -
3730  1.4088e-08  9.4116e-13     7987  106 7987     2     3      3 15061    1e-09        -
3740  1.4098e-08  9.4116e-13     8007  106 8007     2     3      3 15101  8.6e-10        -
3750  1.4107e-08  9.4116e-13     8027  106 8027     2     3      3 15141  7.2e-10        -
3760  1.4117e-08  9.4116e-13     8047  106 8047     2     3      3 15181  5.9e-10        -
3770  1.4126e-08  9.4116e-13     8067  106 8067     2     3      3 15221  4.8e-10        -
3780  1.4136e-08  9.4116e-13     8087  106 8087     2     3      3 15261  3.7e-10        -
3791  1.4146e-08  9.4116e-13     8109  106 8109     2     3      3 15305  2.7e-10        -
3804  1.4158e-08  9.4116e-13     8135  106 8135     2     3      3 15357  1.7e-10        -
3817   1.417e-08  9.4116e-13     8161  106 8161     2     3      3 15409  9.7e-11        -
3830  1.4183e-08  9.4116e-13     8187  106 8187     2     3      3 15461  4.2e-11        -
3843  1.4195e-08  9.4116e-13     8213  106 8213     2     3      3 15513    1e-11        -
3856  1.4207e-08  9.4116e-13     8239  106 8239     2     3      3 15554  3.9e-07        -
3868  1.4218e-08  9.4116e-13     8266  106 8266     2     3      3 15605  1.8e-11        -
3878  1.4228e-08  9.4116e-13     8293  106 8293     2     3      3 15659  8.2e-11        -
3885  1.4234e-08  9.4116e-13     8314  108 8314     2     3      3 15699  6.4e-11        -
3898  1.4247e-08  9.4116e-13     8340  108 8340     2     3      3 15738  2.4e-11        -
3906  1.4253e-08  7.6749e-13     8366  108 8366     2     3      3 15787  5.7e-11        -
3917  1.4262e-08  7.6749e-13     8393  108 8393     2     3      3 15841  5.8e-10        -
3929  1.4271e-08  7.6749e-13     8419  108 8419     2     3      3 15893  3.5e-10        -
3942  1.4281e-08  7.6749e-13     8445  108 8445     2     3      3 15945    2e-10        -
3955  1.4291e-08  7.6749e-13     8471  108 8471     2     3      3 15997    3e-10        -
3968  1.4301e-08  7.6749e-13     8497  108 8497     2     3      3 16049  3.6e-10        -
3981  1.4311e-08  7.6749e-13     8523  108 8523     2     3      3 16101  4.5e-10        -
3994  1.4321e-08  7.6749e-13     8549  108 8549     2     3      3 16153  5.4e-10        -
4007  1.4331e-08  7.6749e-13     8575  108 8575     2     3      3 16205  6.4e-10        -
4018  1.4339e-08  7.6749e-13     8597  108 8597     2     3      3 16249  7.3e-10        -
4031  1.4349e-08  7.6749e-13     8623  108 8623     2     3      3 16301  8.5e-10        -
4044  1.4359e-08  7.6749e-13     8649  108 8649     2     3      3 16353  9.8e-10        -
4055  1.4367e-08  7.6749e-13     8671  108 8671     2     3      3 16397  1.1e-09        -
4068  1.4377e-08  7.6749e-13     8697  108 8697     2     3      3 16449  1.2e-09        -
4081  1.4387e-08  7.6749e-13     8723  108 8723     2     3      3 16501  1.4e-09        -
4094  1.4397e-08  7.6749e-13     8749  108 8749     2     3      3 16553  1.6e-09        -
4105  1.4406e-08  7.6749e-13     8771  108 8771     2     3      3 16597  1.7e-09        -
4117  1.4415e-08  7.6749e-13     8795  108 8795     2     3      3 16645  1.9e-09        -
4128  1.4423e-08  7.6749e-13     8817  108 8817     2     3      3 16689    2e-09        -
4140  1.4433e-08  7.6749e-13     8841  108 8841     2     3      3 16737  2.2e-09        -
4153  1.4443e-08  7.6749e-13     8867  108 8867     2     3      3 16789  2.4e-09        -
4165  1.4452e-08  7.6749e-13     8891  108 8891     2     3      3 16837  2.6e-09        -
4177  1.4461e-08  7.6749e-13     8915  108 8915     2     3      3 16885  2.9e-09        -
4190  1.4471e-08  7.6749e-13     8941  108 8941     2     3      3 16937  3.1e-09        -
4202   1.448e-08  7.6749e-13     8965  108 8965     2     3      3 16985  3.3e-09        -
4215   1.449e-08  7.6749e-13     8991  108 8991     2     3      3 17037  3.6e-09        -
4228    1.45e-08  6.6694e-13 out 9017  108 9017     2     3      3 17089  7.8e-09        -
4241  1.4509e-08  6.6694e-13     9043  108 9043     2     3      3 17141  8.8e-09        -
4252  1.4516e-08  6.6694e-13     9065  108 9065     2     3      3 17185  9.3e-09        -
4265  1.4525e-08  6.6694e-13     9091  108 9091     2     3      3 17237  9.8e-09        -
4278  1.4533e-08  6.6694e-13     9117  108 9117     2     3      3 17289    1e-08        -
4290  1.4541e-08  6.6694e-13     9141  108 9141     2     3      3 17337  1.1e-08        -
4303   1.455e-08  6.6694e-13     9167  108 9167     2     3      3 17389  1.2e-08        -
4316  1.4559e-08  6.6694e-13     9193  108 9193     2     3      3 17441  1.2e-08        -
4329  1.4567e-08  6.6694e-13     9219  108 9219     2     3      3 17493  1.3e-08        -
4342  1.4576e-08  6.6694e-13     9245  108 9245     2     3      3 17545  1.4e-08        -
4355  1.4585e-08  6.6694e-13     9271  108 9271     2     3      3 17597  1.4e-08        -
4368  1.4593e-08  6.6694e-13     9297  108 9297     2     3      3 17649  1.5e-08        -
4379  1.4601e-08  6.6694e-13     9319  108 9319     2     3      3 17693  1.6e-08        -
4388  1.4607e-08  6.6694e-13     9337  108 9337     2     3      3 17729  1.6e-08        -
4400  1.4615e-08  6.6694e-13     9361  108 9361     2     3      3 17777  1.7e-08        -
4412  1.4623e-08  6.6694e-13     9385  108 9385     2     3      3 17825  1.8e-08        -
4424  1.4631e-08  6.6694e-13     9409  108 9409     2     3      3 17873  1.8e-08        -
4437  1.4639e-08  6.6694e-13     9435  108 9435     2     3      3 17925  1.9e-08        -
4450  1.4648e-08  6.6694e-13     9461  108 9461     2     3      3 17977    2e-08        -
4462  1.4656e-08  6.6694e-13     9485  108 9485     2     3      3 18025  2.1e-08        -
4473  1.4663e-08  6.6694e-13     9507  108 9507     2     3      3 18069  2.2e-08        -
4482  1.4669e-08  6.6694e-13     9525  108 9525     2     3      3 18105  2.2e-08        -
4492  1.4676e-08  6.6694e-13     9545  108 9545     2     3      3 18145  2.3e-08        -
4500  1.4681e-08  6.6694e-13     9561  108 9561     2     3      3 18177  2.4e-08        -
4509  1.4687e-08  6.6694e-13     9579  108 9579     2     3      3 18213  2.4e-08        -
4519  1.4694e-08  6.6694e-13     9599  108 9599     2     3      3 18253  2.5e-08        -
4531  1.4702e-08  6.6694e-13     9623  108 9623     2     3      3 18301  2.6e-08        -
4541  1.4709e-08  6.6694e-13     9643  108 9643     2     3      3 18341  2.7e-08        -
4553  1.4717e-08  6.6694e-13     9667  108 9667     2     3      3 18389  2.8e-08        -
4565  1.4725e-08  6.6694e-13     9691  108 9691     2     3      3 18437  2.9e-08        -
4577  1.4733e-08  6.6694e-13     9715  108 9715     2     3      3 18485    3e-08        -
4589  1.4741e-08  6.6694e-13     9739  108 9739     2     3      3 18533  3.1e-08        -
4601  1.4749e-08  6.6694e-13     9763  108 9763     2     3      3 18581  3.2e-08        -
4609  1.4754e-08  6.1485e-13     9779  109 9779     2     3      3 18605  4.2e-10        -
4621  1.4761e-08  6.1485e-13     9803  109 9803     2     3      3 18641  4.8e-10        -
4633  1.4768e-08  6.1485e-13     9827  109 9827     2     3      3 18677  8.2e-10        -
4644  1.4775e-08  6.1485e-13     9849  109 9849     2     3      3 18710  1.2e-09        -
4656  1.4783e-08  6.1485e-13     9873  109 9873     2     3      3 18746  1.6e-09        -
4669  1.4791e-08  6.1485e-13     9899  109 9899     2     3      3 18785    2e-09        -
4681  1.4798e-08  6.1485e-13     9923  109 9923     2     3      3 18821  2.4e-09        -
4693  1.4805e-08  6.1485e-13     9947  109 9947     2     3      3 18857  2.8e-09        -
4706  1.4813e-08  6.1485e-13     9973  109 9973     2     3      3 18896  3.3e-09        -
4719  1.4821e-08  6.1485e-13     9999  109 9999     2     3      3 18935  3.8e-09        -
4731  1.4829e-08  6.1485e-13     10023  109 10023     2     3      3 18971  4.3e-09        -
4744  1.4837e-08  6.1485e-13     10049  109 10049     2     3      3 19010  4.9e-09        -
4757  1.4845e-08  6.1485e-13     10075  109 10075     2     3      3 19049  5.4e-09        -
4770  1.4853e-08  6.1485e-13     10101  109 10101     2     3      3 19088  6.1e-09        -
4782   1.486e-08  6.1485e-13     10125  109 10125     2     3      3 19124  6.7e-09        -
4795  1.4868e-08  6.1485e-13     10151  109 10151     2     3      3 19163  7.3e-09        -
4808  1.4876e-08  6.1485e-13     10177  109 10177     2     3      3 19202    8e-09        -
4821  1.4884e-08  6.1485e-13     10203  109 10203     2     3      3 19241  8.7e-09        -
4834  1.4892e-08  6.1485e-13     10229  109 10229     2     3      3 19280  9.4e-09        -
4844  1.4898e-08  6.1485e-13     10249  109 10249     2     3      3 19310    1e-08        -
4856  1.4906e-08  6.1485e-13     10273  109 10273     2     3      3 19346  1.1e-08        -
4868  1.4913e-08  6.1485e-13     10297  109 10297     2     3      3 19382  1.1e-08        -
4879   1.492e-08  6.1485e-13     10319  109 10319     2     3      3 19415  1.2e-08        -
4889  1.4926e-08  6.1485e-13     10339  109 10339     2     3      3 19445  1.3e-08        -
4899  1.4932e-08  6.1485e-13     10359  109 10359     2     3      3 19475  1.3e-08        -
4910  1.4939e-08  6.1485e-13     10381  109 10381     2     3      3 19508  1.4e-08        -
4915  1.4942e-08  6.1485e-13     10391  109 10391     2     3      3 19523  1.4e-08        -
4922  1.4946e-08  6.1485e-13     10405  109 10405     2     3      3 19544  1.5e-08        -
4931  1.4952e-08  6.1485e-13     10423  109 10423     2     3      3 19571  1.5e-08        -
4943  1.4959e-08  6.1485e-13     10447  109 10447     2     3      3 19607  1.6e-08        -
4952  1.4965e-08  6.1485e-13     10465  109 10465     2     3      3 19634  1.7e-08        -
4959  1.4969e-08  6.1485e-13     10479  109 10479     2     3      3 19655  1.7e-08        -
4967  1.4974e-08  6.1485e-13     10495  109 10495     2     3      3 19679  1.8e-08        -
4974  1.4978e-08  6.1485e-13     10509  109 10509     2     3      3 19700  1.9e-08        -
4983  1.4984e-08  6.1485e-13     10527  109 10527     2     3      3 19727  1.9e-08        -
4992  1.4989e-08  6.1485e-13     10545  109 10545     2     3      3 19754    2e-08        -
5003  1.4996e-08  6.1485e-13     10567  109 10567     2     3      3 19787  2.1e-08        -
5013  1.5001e-08  4.9194e-13     10587  109 10587     2     3      3 19822    3e-08        -
5023  1.5006e-08  4.9194e-13     10607  109 10607     2     3      3 19862  2.9e-08        -
5035  1.5012e-08  4.9194e-13     10631  109 10631     2     3      3 19910  2.9e-08        -
5047  1.5018e-08  4.9194e-13     10655  109 10655     2     3      3 19958    3e-08        -
5058  1.5024e-08  4.9194e-13     10677  109 10677     2     3      3 20002    3e-08        -
5070   1.503e-08  4.9194e-13     10701  109 10701     2     3      3 20050  3.1e-08        -
5082  1.5035e-08  4.9194e-13     10725  109 10725     2     3      3 20098  3.1e-08        -
5094  1.5041e-08  4.9194e-13     10749  109 10749     2     3      3 20146  3.1e-08        -
5106  1.5047e-08  4.9194e-13     10773  109 10773     2     3      3 20194  3.2e-08        -
5116  1.5052e-08  4.9194e-13     10793  109 10793     2     3      3 20234  3.2e-08        -
5126  1.5057e-08  4.9194e-13     10813  109 10813     2     3      3 20274  3.2e-08        -
5134  1.5061e-08  4.9194e-13     10829  109 10829     2     3      3 20306  3.3e-08        -
5146  1.5067e-08  4.9194e-13     10853  109 10853     2     3      3 20354  3.3e-08        -
5158  1.5073e-08  4.9194e-13     10877  109 10877     2     3      3 20402  3.4e-08        -
5170  1.5079e-08  4.9194e-13     10901  109 10901     2     3      3 20450  3.4e-08        -
5182  1.5085e-08  4.9194e-13     10925  109 10925     2     3      3 20498  3.4e-08        -
5194  1.5091e-08  4.9194e-13     10949  109 10949     2     3      3 20546  3.5e-08        -
5206  1.5096e-08  4.9194e-13     10973  109 10973     2     3      3 20594  3.5e-08        -
5218  1.5102e-08  4.9194e-13     10997  109 10997     2     3      3 20642  3.5e-08        -
5230  1.5108e-08  4.9194e-13     11021  109 11021     2     3      3 20690  3.6e-08        -
5240  1.5113e-08  4.9194e-13     11041  109 11041     2     3      3 20730  3.6e-08        -
5251  1.5119e-08  4.9194e-13     11063  109 11063     2     3      3 20774  3.6e-08        -
5263  1.5124e-08  4.9194e-13     11087  109 11087     2     3      3 20822  3.7e-08        -
5275   1.513e-08  4.9194e-13     11111  109 11111     2     3      3 20870  3.7e-08        -
5287  1.5136e-08  4.9194e-13     11135  109 11135     2     3      3 20918  3.7e-08        -
5299  1.5142e-08  4.9194e-13     11159  109 11159     2     3      3 20966  3.8e-08        -
5311  1.5148e-08  4.9194e-13     11183  109 11183     2     3      3 21014  3.8e-08        -
5323  1.5154e-08  4.9194e-13     11207  109 11207     2     3      3 21062  3.8e-08        -
5335   1.516e-08  4.9194e-13     11231  109 11231     2     3      3 21110  3.9e-08        -
5347  1.5166e-08  4.9194e-13     11255  109 11255     2     3      3 21158  3.9e-08        -
-          当前进度:  19 % - 正在组装残差
Memory: 880/944 1218/1227
5360  1.5172e-08  4.9194e-13     11281  109 11281     2     3      3 21210  3.9e-08        -
5371  1.5178e-08  4.9194e-13     11303  109 11303     2     3      3 21254  3.9e-08        -
5383  1.5183e-08  4.9194e-13     11327  109 11327     2     3      3 21302    4e-08        -
5395  1.5189e-08  4.9194e-13     11351  109 11351     2     3      3 21350    4e-08        -
5407  1.5195e-08  4.9194e-13     11375  109 11375     2     3      3 21398    4e-08        -
5419  1.5201e-08  4.9194e-13     11399  109 11399     2     3      3 21446    4e-08        -
5431  1.5207e-08  4.9194e-13     11423  109 11423     2     3      3 21494  4.1e-08        -
5443  1.5213e-08  4.9194e-13     11447  109 11447     2     3      3 21542  4.1e-08        -
5455  1.5219e-08  4.9194e-13     11471  109 11471     2     3      3 21590  4.1e-08        -
5467  1.5225e-08  4.9194e-13     11495  109 11495     2     3      3 21638  4.1e-08        -
5479  1.5231e-08  4.9194e-13     11519  109 11519     2     3      3 21686  4.1e-08        -
5491  1.5237e-08  4.9194e-13     11543  109 11543     2     3      3 21734  4.2e-08        -
5502  1.5242e-08  4.9194e-13     11565  109 11565     2     3      3 21778  4.2e-08        -
5514  1.5248e-08  4.9194e-13     11589  109 11589     2     3      3 21826  4.2e-08        -
5523  1.5252e-08  5.8673e-13     11607  111 11607     2     3      3 21856  4.1e-08        -
5535  1.5259e-08  5.8673e-13     11631  111 11631     2     3      3 21892    6e-09        -
5547  1.5266e-08  5.8673e-13     11655  111 11655     2     3      3 21928  2.1e-09        -
5559  1.5273e-08  5.8673e-13     11679  111 11679     2     3      3 21964  1.1e-09        -
5571  1.5281e-08  5.8673e-13     11703  111 11703     2     3      3 22000    2e-09        -
5581  1.5286e-08  5.8673e-13     11723  111 11723     2     3      3 22030  2.8e-09        -
5591  1.5292e-08  5.8673e-13     11743  111 11743     2     3      3 22060  3.6e-09        -
5603  1.5299e-08  5.8673e-13     11767  111 11767     2     3      3 22096  4.4e-09        -
5613  1.5305e-08  5.8673e-13     11787  111 11787     2     3      3 22126  5.1e-09        -
5623  1.5311e-08  5.8673e-13     11807  111 11807     2     3      3 22156  5.7e-09        -
5634  1.5317e-08  5.8673e-13     11829  111 11829     2     3      3 22189  6.2e-09        -
5645  1.5324e-08  5.8673e-13     11851  111 11851     2     3      3 22222  6.8e-09        -
5656   1.533e-08  5.8673e-13     11873  111 11873     2     3      3 22255  7.2e-09        -
5668  1.5337e-08  5.8673e-13     11897  111 11897     2     3      3 22291  7.6e-09        -
5679  1.5344e-08  5.8673e-13     11919  111 11919     2     3      3 22324    8e-09        -
5691  1.5351e-08  5.8673e-13     11943  111 11943     2     3      3 22360  8.4e-09        -
5703  1.5358e-08  5.8673e-13     11967  111 11967     2     3      3 22396  8.6e-09        -
5715  1.5365e-08  5.8673e-13     11991  111 11991     2     3      3 22432  8.8e-09        -
5727  1.5372e-08  5.8673e-13     12015  111 12015     2     3      3 22468    9e-09        -
5739  1.5379e-08  5.8673e-13     12039  111 12039     2     3      3 22504  9.1e-09        -
5751  1.5386e-08  5.8673e-13     12063  111 12063     2     3      3 22540  9.1e-09        -
5763  1.5393e-08  5.8673e-13     12087  111 12087     2     3      3 22576  9.1e-09        -
5775    1.54e-08  5.8673e-13     12111  111 12111     2     3      3 22612    9e-09        -
5787  1.5407e-08  5.8673e-13     12135  111 12135     2     3      3 22648  8.8e-09        -
5799  1.5414e-08  5.8673e-13     12159  111 12159     2     3      3 22684  8.7e-09        -
5811  1.5421e-08  5.8673e-13     12183  111 12183     2     3      3 22720  8.4e-09        -
5823  1.5428e-08  5.8673e-13     12207  111 12207     2     3      3 22756  8.1e-09        -
5835  1.5435e-08  5.8673e-13     12231  111 12231     2     3      3 22792  7.8e-09        -
5847  1.5442e-08  5.8673e-13     12255  111 12255     2     3      3 22828  7.4e-09        -
5859  1.5449e-08  5.8673e-13     12279  111 12279     2     3      3 22864    7e-09        -
5871  1.5457e-08  5.8673e-13     12303  111 12303     2     3      3 22900  6.6e-09        -
5883  1.5464e-08  5.8673e-13     12327  111 12327     2     3      3 22936  6.2e-09        -
5895  1.5471e-08  5.8673e-13     12351  111 12351     2     3      3 22972  5.7e-09        -
5905  1.5476e-08  5.8673e-13     12371  111 12371     2     3      3 23002  5.3e-09        -
5915  1.5482e-08  5.8673e-13     12391  111 12391     2     3      3 23032  4.9e-09        -
5925  1.5488e-08  5.8673e-13     12411  111 12411     2     3      3 23062  4.4e-09        -
5930  1.5491e-08  5.8673e-13     12421  111 12421     2     3      3 23077  4.2e-09        -
5933  1.5493e-08  5.8673e-13     12427  111 12427     2     3      3 23086  4.1e-09        -
5939  1.5496e-08  5.8673e-13     12439  111 12439     2     3      3 23104  3.9e-09        -
5947  1.5501e-08  6.3987e-13     12455  113 12455     2     3      3 23128  9.6e-08        -
5955  1.5506e-08  6.3987e-13     12471  113 12471     2     3      3 23152  1.1e-08        -
5966  1.5513e-08  6.3987e-13     12493  113 12493     2     3      3 23185  5.4e-09        -
5976  1.5519e-08  6.3987e-13     12513  113 12513     2     3      3 23215  4.6e-09        -
5985  1.5525e-08  6.3987e-13     12531  113 12531     2     3      3 23242  4.7e-09        -
5993   1.553e-08  6.3987e-13     12547  113 12547     2     3      3 23266  4.9e-09        -
6002  1.5536e-08  6.3987e-13     12565  113 12565     2     3      3 23293  5.3e-09        -
6011  1.5542e-08  6.3987e-13     12583  113 12583     2     3      3 23320  5.8e-09        -
6020  1.5547e-08  6.3987e-13     12601  113 12601     2     3      3 23347  6.3e-09        -
6029  1.5553e-08  6.3987e-13     12619  113 12619     2     3      3 23374  6.8e-09        -
6039   1.556e-08  6.3987e-13     12639  113 12639     2     3      3 23404  7.4e-09        -
6049  1.5566e-08  6.3987e-13     12659  113 12659     2     3      3 23434    8e-09        -
6059  1.5572e-08  6.3987e-13     12679  113 12679     2     3      3 23464  8.7e-09        -
6068  1.5578e-08  6.3987e-13     12697  113 12697     2     3      3 23491  9.3e-09        -
6077  1.5584e-08  6.3987e-13     12715  113 12715     2     3      3 23518  9.8e-09        -
6086   1.559e-08  6.3987e-13     12733  113 12733     2     3      3 23545    1e-08        -
6096  1.5596e-08  6.3987e-13     12753  113 12753     2     3      3 23575  1.1e-08        -
6106  1.5602e-08  6.3987e-13     12773  113 12773     2     3      3 23605  1.2e-08        -
6116  1.5609e-08  6.3987e-13     12793  113 12793     2     3      3 23635  1.2e-08        -
6124  1.5614e-08  6.3987e-13     12809  113 12809     2     3      3 23659  1.3e-08        -
6133   1.562e-08  6.3987e-13     12827  113 12827     2     3      3 23686  1.3e-08        -
6145  1.5627e-08  6.3987e-13     12851  113 12851     2     3      3 23722  1.4e-08        -
6156  1.5634e-08  6.3987e-13     12873  113 12873     2     3      3 23755  1.4e-08        -
6164  1.5639e-08  6.3987e-13     12889  113 12889     2     3      3 23779  1.5e-08        -
6172  1.5645e-08  6.3987e-13     12905  113 12905     2     3      3 23803  1.5e-08        -
6183  1.5652e-08  6.3987e-13     12927  113 12927     2     3      3 23836  1.6e-08        -
6194  1.5659e-08  6.3987e-13     12949  113 12949     2     3      3 23869  1.6e-08        -
6206  1.5666e-08  6.3987e-13     12973  113 12973     2     3      3 23905  1.7e-08        -
6218  1.5674e-08  6.3987e-13     12997  113 12997     2     3      3 23941  1.7e-08        -
6228   1.568e-08  6.3987e-13     13017  113 13017     2     3      3 23971  1.7e-08        -
6239  1.5687e-08  6.3987e-13     13039  113 13039     2     3      3 24004  1.8e-08        -
6251  1.5695e-08  6.3987e-13     13063  113 13063     2     3      3 24040  1.8e-08        -
6263  1.5703e-08  6.3987e-13     13087  113 13087     2     3      3 24076  1.8e-08        -
6274   1.571e-08  6.3987e-13     13109  113 13109     2     3      3 24109  1.9e-08        -
6285  1.5717e-08  6.3987e-13     13131  113 13131     2     3      3 24142  1.9e-08        -
6295  1.5723e-08  6.3987e-13     13151  113 13151     2     3      3 24172  1.9e-08        -
6306   1.573e-08  6.3987e-13     13173  113 13173     2     3      3 24205  1.9e-08        -
6318  1.5738e-08  6.3987e-13     13197  113 13197     2     3      3 24241  1.9e-08        -
6330  1.5746e-08  6.3987e-13     13221  113 13221     2     3      3 24277  1.9e-08        -
6341  1.5752e-08  5.4504e-13     13247  113 13247     2     3      3 24324  1.2e-08        -
6349  1.5757e-08  5.4504e-13     13271  113 13271     2     3      3 24372  1.1e-08        -
6357  1.5761e-08  5.4504e-13     13295  113 13295     2     3      3 24420  1.1e-08        -
6365  1.5765e-08  5.4504e-13     13319  113 13319     2     3      3 24468  1.1e-08        -
6374   1.577e-08  5.4504e-13     13346  113 13346     2     3      3 24522  1.1e-08        -
6382  1.5775e-08  5.4504e-13     13370  113 13370     2     3      3 24570  1.1e-08        -
6390  1.5779e-08  5.4504e-13     13394  113 13394     2     3      3 24618    1e-08        -
6398  1.5783e-08  5.4504e-13     13418  113 13418     2     3      3 24666    1e-08        -
6407  1.5788e-08  5.4504e-13     13444  113 13444     2     3      3 24718    1e-08        -
6414  1.5792e-08  5.4504e-13     13465  113 13465     2     3      3 24760  9.9e-09        -
6421  1.5796e-08  5.4504e-13     13486  113 13486     2     3      3 24802  9.9e-09        -
6429    1.58e-08  5.4504e-13     13510  113 13510     2     3      3 24850  9.7e-09        -
6438  1.5805e-08  5.4504e-13     13537  113 13537     2     3      3 24904  9.4e-09        -
6446  1.5809e-08  5.4504e-13     13561  113 13561     2     3      3 24952  9.3e-09        -
6454  1.5814e-08  5.4504e-13     13585  113 13585     2     3      3 25000  9.1e-09        -
6462  1.5818e-08  5.4504e-13     13609  113 13609     2     3      3 25048  8.9e-09        -
6469  1.5822e-08  5.4504e-13     13630  113 13630     2     3      3 25090    9e-09        -
6477  1.5826e-08  5.4504e-13     13654  113 13654     2     3      3 25138  8.8e-09        -
6485  1.5831e-08  5.4504e-13     13678  113 13678     2     3      3 25186  8.7e-09        -
6492  1.5834e-08  5.4504e-13     13699  113 13699     2     3      3 25228  8.3e-09        -
6497  1.5837e-08  5.4504e-13     13714  113 13714     2     3      3 25258  8.5e-09        -
6502   1.584e-08  5.4504e-13     13729  113 13729     2     3      3 25288  8.1e-09        -
6509  1.5844e-08  5.4504e-13     13750  113 13750     2     3      3 25330  8.3e-09        -
6515  1.5847e-08  5.4504e-13     13768  113 13768     2     3      3 25366  8.2e-09        -
6524  1.5852e-08  5.4504e-13     13793  113 13793     2     3      3 25416  7.7e-09        -
6533  1.5857e-08  5.4504e-13     13818  113 13818     2     3      3 25466    2e-08        -
6541  1.5861e-08  5.4504e-13     13842  113 13842     2     3      3 25514  7.7e-09        -
6550  1.5866e-08  5.4504e-13     13867  113 13867     2     3      3 25564  7.3e-09        -
6559  1.5871e-08  5.4504e-13     13894  113 13894     2     3      3 25618  7.4e-09        -
6568  1.5876e-08  5.4504e-13     13919  113 13919     2     3      3 25668    7e-09        -
6577  1.5881e-08  5.4504e-13     13946  113 13946     2     3      3 25722  7.2e-09        -
6586  1.5886e-08  5.4504e-13     13971  113 13971     2     3      3 25772  6.7e-09        -
6594   1.589e-08  5.4504e-13     13995  113 13995     2     3      3 25820  6.5e-09        -
6603  1.5895e-08  5.4504e-13     14020  113 14020     2     3      3 25870  6.8e-09        -
6610  1.5899e-08  5.4504e-13     14041  113 14041     2     3      3 25912  6.3e-09        -
6619  1.5904e-08  5.4504e-13     14066  113 14066     2     3      3 25962  6.5e-09        -
6627  1.5908e-08  5.4504e-13     14090  113 14090     2     3      3 26010  6.4e-09        -
6636  1.5913e-08  5.4504e-13     14115  113 14115     2     3      3 26060  5.9e-09        -
6645  1.5918e-08  5.4504e-13     14140  113 14140     2     3      3 26110  1.6e-08        -
6654  1.5923e-08  5.4504e-13     14167  113 14167     2     3      3 26164  5.6e-09        -
6663  1.5928e-08  5.4504e-13     14192  113 14192     2     3      3 26214  5.9e-09        -
6672  1.5933e-08  5.4504e-13     14219  113 14219     2     3      3 26268  5.3e-09        -
6681  1.5937e-08  5.4504e-13     14246  113 14246     2     3      3 26322  2.2e-09        -
6689  1.5942e-08  5.4504e-13     14271  113 14271     2     3      3 26372  5.6e-09        -
6698  1.5947e-08  5.4504e-13     14298  113 14298     2     3      3 26426  4.9e-09        -
6707  1.5952e-08  5.4504e-13     14323  113 14323     2     3      3 26476  5.4e-09        -
6716  1.5957e-08  5.4504e-13     14350  113 14350     2     3      3 26530  4.7e-09        -
6725  1.5961e-08  5.4504e-13     14375  113 14375     2     3      3 26580  5.2e-09        -
6733  1.5966e-08  5.4504e-13     14399  113 14399     2     3      3 26628  5.1e-09        -
6742  1.5971e-08  5.4504e-13     14424  113 14424     2     3      3 26678  4.4e-09        -
6750  1.5975e-08  5.4504e-13     14448  113 14448     2     3      3 26726  4.2e-09        -
6759   1.598e-08  5.4504e-13     14473  113 14473     2     3      3 26776  4.8e-09        -
6767  1.5984e-08  5.4504e-13     14496  113 14496     2     3      3 26822  1.2e-08        -
6774  1.5988e-08  5.4504e-13     14516  113 14516     2     3      3 26862    4e-09        -
6783  1.5993e-08  5.4504e-13     14541  113 14541     2     3      3 26912  4.5e-09        -
6790  1.5997e-08  5.4504e-13     14562  113 14562     2     3      3 26954  3.8e-09        -
6796     1.6e-08  4.5735e-13 out 14582  115 14582     2     3      3 26992  9.9e-10        -
-          当前进度:  19 % - 求解线性方程组
Memory: 886/944 1224/1229
6805  1.6008e-08  9.1471e-13     14600  116 14600     2     3      3 27019  7.3e-10        -
6818   1.602e-08  9.1471e-13     14626  116 14626     2     3      3 27058    7e-10        -
6829   1.603e-08  9.1471e-13     14648  116 14648     2     3      3 27091  1.1e-09        -
6840   1.604e-08  9.1471e-13     14670  116 14670     2     3      3 27124  1.3e-09        -
6853  1.6052e-08  9.1471e-13     14696  116 14696     2     3      3 27163  1.6e-09        -
6864  1.6062e-08  9.1471e-13     14718  116 14718     2     3      3 27196  1.7e-09        -
6871  1.6069e-08  9.1471e-13     14732  116 14732     2     3      3 27217  1.9e-09        -
6884   1.608e-08  9.1471e-13     14758  116 14758     2     3      3 27256    2e-09        -
6896  1.6091e-08  9.1471e-13     14782  116 14782     2     3      3 27292  2.1e-09        -
6909  1.6103e-08  9.1471e-13     14808  116 14808     2     3      3 27331  2.3e-09        -
6922  1.6115e-08  9.1471e-13     14834  116 14834     2     3      3 27370  2.3e-09        -
6934  1.6126e-08  9.1471e-13     14858  116 14858     2     3      3 27406  2.4e-09        -
6947  1.6138e-08  9.1471e-13     14884  116 14884     2     3      3 27445  2.4e-09        -
6960   1.615e-08  9.1471e-13     14910  116 14910     2     3      3 27484  2.4e-09        -
6973  1.6162e-08  9.1471e-13     14936  116 14936     2     3      3 27523  2.4e-09        -
6986  1.6174e-08  9.1471e-13     14962  116 14962     2     3      3 27562  2.3e-09        -
6998  1.6185e-08  9.1471e-13     14986  116 14986     2     3      3 27598  2.3e-09        -
7011  1.6197e-08  9.1471e-13     15012  116 15012     2     3      3 27637  2.2e-09        -
7022  1.6207e-08  9.1471e-13     15034  116 15034     2     3      3 27670  2.1e-09        -
7030  1.6214e-08  9.1471e-13     15050  116 15050     2     3      3 27694  2.1e-09        -
7041  1.6224e-08  9.1471e-13     15072  116 15072     2     3      3 27727    2e-09        -
7054  1.6236e-08  9.1471e-13     15098  116 15098     2     3      3 27766  1.9e-09        -
7066  1.6247e-08  9.1471e-13     15122  116 15122     2     3      3 27802  1.8e-09        -
7077  1.6254e-08  5.9959e-13     15144  117 15144     2     3      3 27835  5.3e-12        -
7090  1.6262e-08  5.9959e-13     15170  117 15170     2     3      3 27874  1.3e-11        -
7103   1.627e-08  5.9959e-13     15196  117 15196     2     3      3 27913  1.9e-11        -
7114  1.6276e-08  5.9959e-13     15218  117 15218     2     3      3 27946  2.4e-11        -
7122  1.6281e-08  5.9959e-13     15234  117 15234     2     3      3 27970  2.7e-11        -
7132  1.6287e-08  5.9959e-13     15254  117 15254     2     3      3 28000  2.9e-11        -
7139  1.6291e-08  5.9959e-13     15268  117 15268     2     3      3 28021    3e-11        -
7148  1.6297e-08  5.9959e-13     15286  117 15286     2     3      3 28048  3.2e-11        -
7157  1.6302e-08  5.9959e-13     15304  117 15304     2     3      3 28075  3.3e-11        -
7169  1.6309e-08  5.9959e-13     15328  117 15328     2     3      3 28111  3.3e-11        -
7180  1.6316e-08  5.9959e-13     15350  117 15350     2     3      3 28144  3.3e-11        -
7191  1.6323e-08  5.9959e-13     15372  117 15372     2     3      3 28172  2.8e-07        -
7203   1.633e-08  5.9959e-13     15396  117 15396     2     3      3 28202  1.9e-07        -
7214  1.6336e-08  5.9959e-13     15418  117 15418     2     3      3 28230  2.8e-11        -
7226  1.6344e-08  5.9959e-13     15442  117 15442     2     3      3 28260  2.5e-11        -
7239  1.6351e-08  5.9959e-13     15468  117 15468     2     3      3 28292  5.6e-08        -
7251  1.6359e-08  5.9959e-13     15492  117 15492     2     3      3 28322  3.1e-08        -
7263  1.6366e-08  5.9959e-13     15516  117 15516     2     3      3 28352  1.4e-08        -
7275  1.6373e-08  5.9959e-13     15540  117 15540     2     3      3 28382  3.6e-09        -
7288  1.6381e-08  5.9959e-13     15566  117 15566     2     3      3 28413  9.5e-09        -
7301  1.6389e-08  5.9959e-13     15592  117 15592     2     3      3 28445  4.5e-09        -
7314  1.6396e-08  5.9959e-13     15618  117 15618     2     3      3 28478  1.6e-11        -
7327  1.6404e-08  5.9959e-13     15644  117 15644     2     3      3 28510  3.8e-08        -
7340  1.6412e-08  5.9959e-13     15670  117 15670     2     3      3 28543  3.3e-11        -
7353   1.642e-08  5.9959e-13     15696  117 15696     2     3      3 28575    1e-07        -
7366  1.6427e-08  5.9959e-13     15722  117 15722     2     3      3 28608  5.1e-11        -
7379  1.6435e-08  5.9959e-13     15748  117 15748     2     3      3 28640  1.8e-07        -
7392  1.6443e-08  5.9959e-13     15774  117 15774     2     3      3 28673  7.2e-11        -
--         当前进度:  20 % - 求解线性方程组
Memory: 887/944 1224/1229
7404   1.645e-08  5.9959e-13     15798  117 15798     2     3      3 28703  8.2e-11        -
7416  1.6457e-08  5.9959e-13     15822  117 15822     2     3      3 28733  9.2e-11        -
7428  1.6465e-08  5.9959e-13     15846  117 15846     2     3      3 28763    1e-10        -
7439  1.6471e-08  5.9959e-13     15868  117 15868     2     3      3 28790  2.5e-07        -
7452  1.6479e-08  5.9959e-13     15894  117 15894     2     3      3 28823  1.2e-10        -
7463  1.6486e-08  5.9959e-13     15916  117 15916     2     3      3 28850  2.4e-07        -
7473  1.6492e-08  5.9959e-13     15936  117 15936     2     3      3 28875  2.4e-07        -
7486  1.6499e-08  5.8569e-13     15962  117 15962     2     3      3 28908  7.5e-07        -
7499  1.6507e-08  5.8569e-13     15988  117 15988     2     3      3 28940  2.9e-07        -
7511  1.6514e-08  5.8569e-13     16012  117 16012     2     3      3 28970  4.3e-07        -
7522   1.652e-08  5.8569e-13     16034  117 16034     2     3      3 28998    4e-07        -
7535  1.6528e-08  5.8569e-13     16060  117 16060     2     3      3 29030  6.4e-07        -
7548  1.6536e-08  5.8569e-13     16086  117 16086     2     3      3 29063  3.3e-07        -
7561  1.6543e-08  5.8569e-13     16112  117 16112     2     3      3 29095  9.9e-07        -
7574  1.6551e-08  5.8569e-13     16138  117 16138     2     3      3 29134  2.7e-07        -
7587  1.6559e-08  5.8569e-13     16164  117 16164     2     3      3 29173  5.4e-08        -
7600  1.6566e-08  5.8569e-13     16190  117 16190     2     3      3 29212  2.2e-07        -
7613  1.6574e-08  5.8569e-13     16216  117 16216     2     3      3 29251  6.7e-08        -
7626  1.6581e-08  5.8569e-13     16242  117 16242     2     3      3 29290  1.9e-07        -
7638  1.6588e-08  5.8569e-13     16266  117 16266     2     3      3 29326  1.8e-07        -
7650  1.6595e-08  5.8569e-13     16290  117 16290     2     3      3 29362  1.7e-07        -
7663  1.6603e-08  5.8569e-13     16316  117 16316     2     3      3 29401  8.4e-08        -
7676  1.6611e-08  5.8569e-13     16342  117 16342     2     3      3 29440  1.6e-07        -
7689  1.6618e-08  5.8569e-13     16368  117 16368     2     3      3 29479    9e-08        -
7700  1.6625e-08  5.8569e-13     16390  117 16390     2     3      3 29512  1.5e-07        -
7713  1.6632e-08  5.8569e-13     16416  117 16416     2     3      3 29551  9.4e-08        -
7726   1.664e-08  5.8569e-13     16442  117 16442     2     3      3 29590  1.4e-07        -
7739  1.6648e-08  5.8569e-13     16468  117 16468     2     3      3 29629  9.6e-08        -
7750  1.6654e-08  5.8569e-13     16490  117 16490     2     3      3 29662  1.4e-07        -
7763  1.6662e-08  5.8569e-13     16516  117 16516     2     3      3 29701  9.8e-08        -
7774  1.6668e-08  5.8569e-13     16538  117 16538     2     3      3 29734  1.3e-07        -
7785  1.6675e-08  5.8569e-13     16560  117 16560     2     3      3 29767    1e-07        -
7798  1.6682e-08  5.8569e-13     16586  117 16586     2     3      3 29806  1.3e-07        -
7809  1.6689e-08  5.8569e-13     16608  117 16608     2     3      3 29839    1e-07        -
7822  1.6696e-08  5.8569e-13     16634  117 16634     2     3      3 29878  1.3e-07        -
7835  1.6704e-08  5.8569e-13     16660  117 16660     2     3      3 29917    1e-07        -
7848  1.6711e-08  5.8569e-13     16686  117 16686     2     3      3 29956  1.3e-07        -
7860  1.6718e-08  5.8569e-13     16710  117 16710     2     3      3 29992  1.3e-07        -
7873  1.6726e-08  5.8569e-13     16736  117 16736     2     3      3 30031    1e-07        -
7885  1.6733e-08  5.8569e-13     16760  117 16760     2     3      3 30067    1e-07        -
7895  1.6739e-08  5.8569e-13     16780  117 16780     2     3      3 30097    1e-07        -
7906  1.6749e-08  1.1263e-12     16802  118 16802     2     3      3 30131  6.2e-10        -
7918  1.6762e-08  1.1263e-12     16826  118 16826     2     3      3 30179  6.5e-10        -
7925   1.677e-08  1.1263e-12     16840  118 16840     2     3      3 30207  6.3e-10        -
7936  1.6783e-08  1.1263e-12     16862  118 16862     2     3      3 30251  6.8e-10        -
7948  1.6796e-08  1.1263e-12     16886  118 16886     2     3      3 30299    7e-10        -
7959  1.6809e-08  1.1263e-12     16908  118 16908     2     3      3 30343    7e-10        -
7971  1.6822e-08  1.1263e-12     16932  118 16932     2     3      3 30391  7.2e-10        -
7984  1.6837e-08  1.1263e-12     16958  118 16958     2     3      3 30443  7.7e-10        -
--         当前进度:  20 % - 正在组装残差
Memory: 828/944 1164/1229
7995  1.6849e-08  1.1263e-12     16980  118 16980     2     3      3 30487  7.7e-10        -
8006  1.6862e-08  1.1263e-12     17002  118 17002     2     3      3 30531  8.1e-10        -
8017  1.6874e-08  1.1263e-12     17024  118 17024     2     3      3 30575    8e-10        -
8029  1.6887e-08  1.1263e-12     17048  118 17048     2     3      3 30623  8.2e-10        -
8042  1.6902e-08  1.1263e-12     17074  118 17074     2     3      3 30675  8.6e-10        -
8054  1.6916e-08  1.1263e-12     17098  118 17098     2     3      3 30723  8.8e-10        -
8067   1.693e-08  1.1263e-12     17124  118 17124     2     3      3 30775  8.9e-10        -
8080  1.6945e-08  1.1263e-12     17150  118 17150     2     3      3 30827  9.2e-10        -
8093  1.6959e-08  1.1263e-12     17176  118 17176     2     3      3 30879  9.3e-10        -
8106  1.6974e-08  1.1263e-12     17202  118 17202     2     3      3 30931  9.6e-10        -
8119  1.6989e-08  1.1263e-12     17228  118 17228     2     3      3 30983  9.7e-10        -
8132  1.7003e-08   1.104e-12     17254  118 17254     2     3      3 31035  1.5e-09        -
8145  1.7018e-08   1.104e-12     17280  118 17280     2     3      3 31087  1.6e-09        -
8157  1.7031e-08   1.104e-12     17304  118 17304     2     3      3 31135  1.6e-09        -
8169  1.7044e-08   1.104e-12     17328  118 17328     2     3      3 31183  1.6e-09        -
8181  1.7057e-08   1.104e-12     17352  118 17352     2     3      3 31231  1.6e-09        -
8193  1.7071e-08   1.104e-12     17376  118 17376     2     3      3 31279  1.7e-09        -
8206  1.7085e-08   1.104e-12     17402  118 17402     2     3      3 31331  1.7e-09        -
8219  1.7099e-08   1.104e-12     17428  118 17428     2     3      3 31383  1.7e-09        -
8232  1.7114e-08   1.104e-12     17454  118 17454     2     3      3 31435  1.7e-09        -
8244  1.7127e-08   1.104e-12     17478  118 17478     2     3      3 31483  1.8e-09        -
8256   1.714e-08   1.104e-12     17502  118 17502     2     3      3 31531  1.8e-09        -
8263  1.7148e-08   1.104e-12     17516  118 17516     2     3      3 31559  1.8e-09        -
8271  1.7157e-08   1.104e-12     17532  118 17532     2     3      3 31591  1.8e-09        -
8281  1.7168e-08   1.104e-12     17552  118 17552     2     3      3 31631  1.8e-09        -
8291  1.7179e-08   1.104e-12     17572  118 17572     2     3      3 31671  1.8e-09        -
8303  1.7192e-08   1.104e-12     17596  118 17596     2     3      3 31719  1.9e-09        -
8316  1.7206e-08   1.104e-12     17622  118 17622     2     3      3 31771  1.9e-09        -
8329  1.7221e-08   1.104e-12     17648  118 17648     2     3      3 31823  1.9e-09        -
8342  1.7235e-08   1.104e-12     17674  118 17674     2     3      3 31875  1.9e-09        -
8355  1.7249e-08  7.9786e-13     17704  119 17704     2     3      3 31934  2.3e-09        -
8366  1.7258e-08  7.9786e-13     17726  120 17726     2     3      3 31967  7.9e-11        -
8379  1.7268e-08  7.9786e-13     17752  120 17752     2     3      3 32006  2.7e-11        -
8391  1.7278e-08  7.9786e-13     17776  120 17776     2     3      3 32042  1.1e-11        -
8403  1.7287e-08  7.9786e-13     17800  120 17800     2     3      3 32078  1.2e-11        -
8416  1.7298e-08  7.9786e-13     17826  120 17826     2     3      3 32117  2.1e-11        -
8429  1.7308e-08  7.9786e-13     17852  120 17852     2     3      3 32156  3.1e-11        -
8442  1.7319e-08  7.9786e-13     17878  120 17878     2     3      3 32195    4e-11        -
8455  1.7329e-08  7.9786e-13     17904  120 17904     2     3      3 32234  4.8e-11        -
8468  1.7339e-08  7.9786e-13     17930  120 17930     2     3      3 32273  5.6e-11        -
8481   1.735e-08  7.9786e-13     17956  120 17956     2     3      3 32312  6.4e-11        -
8494   1.736e-08  7.9786e-13     17982  120 17982     2     3      3 32351  7.2e-11        -
8507   1.737e-08  7.9786e-13     18008  120 18008     2     3      3 32390    8e-11        -
8520  1.7381e-08  7.9786e-13     18034  120 18034     2     3      3 32429  8.8e-11        -
8533  1.7391e-08  7.9786e-13     18060  120 18060     2     3      3 32468  9.5e-11        -
8546  1.7402e-08  7.9786e-13     18086  120 18086     2     3      3 32507    1e-10        -
8559  1.7412e-08  7.9786e-13     18112  120 18112     2     3      3 32546  1.1e-10        -
8572  1.7422e-08  7.9786e-13     18138  120 18138     2     3      3 32585  1.2e-10        -
8583  1.7431e-08  7.9786e-13     18160  120 18160     2     3      3 32618  1.2e-10        -
8595  1.7441e-08  7.9786e-13     18184  120 18184     2     3      3 32654  1.3e-10        -
8607   1.745e-08  7.9786e-13     18208  120 18208     2     3      3 32690  1.4e-10        -
8620  1.7461e-08  7.9786e-13     18234  120 18234     2     3      3 32729  1.4e-10        -
8631  1.7469e-08  7.9786e-13     18256  120 18256     2     3      3 32762  1.5e-10        -
8641  1.7477e-08  7.9786e-13     18276  120 18276     2     3      3 32792  1.6e-10        -
8649  1.7484e-08  7.9786e-13     18292  120 18292     2     3      3 32816  1.6e-10        -
8659  1.7492e-08  7.9786e-13     18312  120 18312     2     3      3 32846  1.7e-10        -
8669  1.7499e-08  5.3437e-13     18335  121 18335     2     3      3 32883    1e-09        -
8680  1.7511e-08  1.0687e-12     18356  123 18356     2     3      3 32915  2.3e-10        -
8693  1.7525e-08  1.0687e-12     18382  123 18382     2     3      3 32954    8e-11        -
8704  1.7536e-08  1.0687e-12     18404  123 18404     2     3      3 32987  2.8e-11        -
8717   1.755e-08  1.0687e-12     18430  123 18430     2     3      3 33026  1.8e-11        -
8730  1.7564e-08  1.0687e-12     18456  123 18456     2     3      3 33065  4.2e-11        -
8743  1.7578e-08  1.0687e-12     18482  123 18482     2     3      3 33104  6.3e-11        -
8756  1.7592e-08  1.0687e-12     18508  123 18508     2     3      3 33143  8.6e-11        -
8769  1.7606e-08  1.0687e-12     18534  123 18534     2     3      3 33182    1e-10        -
8782   1.762e-08  1.0687e-12     18560  123 18560     2     3      3 33221  1.2e-10        -
8795  1.7634e-08  1.0687e-12     18586  123 18586     2     3      3 33260  1.4e-10        -
8808  1.7647e-08  1.0687e-12     18612  123 18612     2     3      3 33299  1.6e-10        -
8821  1.7661e-08  1.0687e-12     18638  123 18638     2     3      3 33338  1.8e-10        -
8834  1.7675e-08  1.0687e-12     18664  123 18664     2     3      3 33377    2e-10        -
8847  1.7689e-08  1.0687e-12     18690  123 18690     2     3      3 33416  2.1e-10        -
8857    1.77e-08  1.0687e-12     18710  123 18710     2     3      3 33446  2.2e-10        -
8867  1.7711e-08  1.0687e-12     18730  123 18730     2     3      3 33476  2.4e-10        -
8879  1.7723e-08  1.0687e-12     18754  123 18754     2     3      3 33512  2.5e-10        -
8891  1.7736e-08  1.0687e-12     18778  123 18778     2     3      3 33548  2.7e-10        -
8904   1.775e-08  1.0271e-12 out 18804  123 18804     2     3      3 33589  7.9e-10        -
8916  1.7762e-08  1.0271e-12     18828  123 18828     2     3      3 33637    8e-10        -
8929  1.7776e-08  1.0271e-12     18854  123 18854     2     3      3 33689    8e-10        -
8942  1.7789e-08  1.0271e-12     18880  123 18880     2     3      3 33741  8.1e-10        -
8955  1.7802e-08  1.0271e-12     18906  123 18906     2     3      3 33793  8.1e-10        -
8968  1.7816e-08  1.0271e-12     18932  123 18932     2     3      3 33845  8.2e-10        -
8981  1.7829e-08  1.0271e-12     18958  123 18958     2     3      3 33897  8.2e-10        -
8994  1.7842e-08  1.0271e-12     18984  123 18984     2     3      3 33949  8.3e-10        -
9006  1.7855e-08  1.0271e-12     19008  123 19008     2     3      3 33997  8.3e-10        -
9019  1.7868e-08  1.0271e-12     19034  123 19034     2     3      3 34049  8.3e-10        -
9032  1.7881e-08  1.0271e-12     19060  123 19060     2     3      3 34101  8.4e-10        -
9045  1.7895e-08  1.0271e-12     19086  123 19086     2     3      3 34153  8.4e-10        -
9058  1.7908e-08  1.0271e-12     19112  123 19112     2     3      3 34205  8.5e-10        -
9071  1.7922e-08  1.0271e-12     19138  123 19138     2     3      3 34257  8.5e-10        -
9084  1.7935e-08  1.0271e-12     19164  123 19164     2     3      3 34309  8.6e-10        -
9097  1.7948e-08  1.0271e-12     19190  123 19190     2     3      3 34361  8.6e-10        -
9110  1.7962e-08  1.0271e-12     19216  123 19216     2     3      3 34413  8.7e-10        -
9123  1.7975e-08  1.0271e-12     19242  123 19242     2     3      3 34465  8.7e-10        -
9136  1.7988e-08  1.0271e-12     19268  123 19268     2     3      3 34517  8.8e-10        -
9147  1.7999e-08  7.2419e-13     19294  124 19294     2     3      3 34568    7e-10        -
9158  1.8007e-08  7.2419e-13     19315  125 19315     2     3      3 34600  7.6e-11        -
9171  1.8017e-08  7.2419e-13     19341  125 19341     2     3      3 34639  3.5e-11        -
--         当前进度:  21 % - 
9183  1.8025e-08  7.2419e-13     19365  125 19365     2     3      3 34675    2e-11        -
9195  1.8034e-08  7.2419e-13     19389  125 19389     2     3      3 34711  1.2e-11        -
9207  1.8043e-08  7.2419e-13     19413  125 19413     2     3      3 34747    7e-12        -
9220  1.8052e-08  7.2419e-13     19439  125 19439     2     3      3 34786  1.6e-12        -
9233  1.8062e-08  7.2419e-13     19465  125 19465     2     3      3 34825  1.9e-12        -
9246  1.8071e-08  7.2419e-13     19491  125 19491     2     3      3 34864  5.5e-12        -
9259   1.808e-08  7.2419e-13     19517  125 19517     2     3      3 34903  7.2e-12        -
9272   1.809e-08  7.2419e-13     19543  125 19543     2     3      3 34942    1e-11        -
9285  1.8099e-08  7.2419e-13     19569  125 19569     2     3      3 34981  1.2e-11        -
9298  1.8109e-08  7.2419e-13     19595  125 19595     2     3      3 35020  1.5e-11        -
9310  1.8117e-08  7.2419e-13     19619  125 19619     2     3      3 35056  1.7e-11        -
9323  1.8127e-08  7.2419e-13     19645  125 19645     2     3      3 35095  1.8e-11        -
9334  1.8135e-08  7.2419e-13     19667  125 19667     2     3      3 35128    2e-11        -
9346  1.8143e-08  7.2419e-13     19691  125 19691     2     3      3 35164  2.2e-11        -
9359  1.8153e-08  7.2419e-13     19717  125 19717     2     3      3 35203  2.3e-11        -
9372  1.8162e-08  7.2419e-13     19743  125 19743     2     3      3 35242  2.6e-11        -
9383  1.8172e-08  1.4484e-12     19765  126 19765     2     3      3 35275  2.6e-09        -
9396  1.8191e-08  1.4484e-12     19791  126 19791     2     3      3 35314  4.3e-10        -
9409   1.821e-08  1.4484e-12     19817  126 19817     2     3      3 35353  2.2e-10        -
9421  1.8227e-08  1.4484e-12     19841  126 19841     2     3      3 35389  1.2e-10        -
9430   1.824e-08  1.4484e-12     19859  126 19859     2     3      3 35416  5.9e-11        -
9442  1.8256e-08  1.1632e-12     19883  126 19883     2     3      3 35459  1.3e-08        -
9453  1.8269e-08  1.1632e-12     19905  126 19905     2     3      3 35503  1.3e-08        -
9464  1.8281e-08  1.1632e-12     19927  126 19927     2     3      3 35547  1.3e-08        -
9476  1.8295e-08  1.1632e-12     19951  126 19951     2     3      3 35595  1.3e-08        -
9488  1.8309e-08  1.1632e-12     19975  126 19975     2     3      3 35643  1.3e-08        -
9501  1.8324e-08  1.1632e-12     20001  126 20001     2     3      3 35695  1.3e-08        -
9513  1.8338e-08  1.1632e-12     20025  126 20025     2     3      3 35743  1.3e-08        -
9526  1.8354e-08  1.1632e-12     20051  126 20051     2     3      3 35795  1.3e-08        -
9539  1.8369e-08  1.1632e-12     20077  126 20077     2     3      3 35847  1.3e-08        -
9552  1.8384e-08  1.1632e-12     20103  126 20103     2     3      3 35899  1.3e-08        -
9565  1.8399e-08  1.1632e-12     20129  126 20129     2     3      3 35951  1.4e-08        -
9577  1.8413e-08  1.1632e-12     20153  126 20153     2     3      3 35999  1.4e-08        -
9587  1.8424e-08  1.1632e-12     20173  126 20173     2     3      3 36039  1.4e-08        -
9599  1.8438e-08  1.1632e-12     20197  126 20197     2     3      3 36087  1.4e-08        -
9609   1.845e-08  1.1632e-12     20217  126 20217     2     3      3 36127  1.4e-08        -
9619  1.8462e-08  1.1632e-12     20237  126 20237     2     3      3 36167  1.4e-08        -
9630  1.8475e-08  1.1632e-12     20259  126 20259     2     3      3 36211  1.4e-08        -
9638  1.8484e-08  1.1632e-12     20275  126 20275     2     3      3 36243  1.4e-08        -
9649  1.8497e-08  1.1632e-12     20297  126 20297     2     3      3 36287  1.4e-08        -
9658  1.8507e-08  1.1158e-12     20315  126 20315     2     3      3 36323  1.7e-08        -
9667  1.8517e-08  1.1158e-12     20333  126 20333     2     3      3 36359  1.7e-08        -
9675  1.8526e-08  1.1158e-12     20349  126 20349     2     3      3 36391  1.8e-08        -
9687  1.8539e-08  1.1158e-12     20373  126 20373     2     3      3 36439  1.8e-08        -
9698  1.8551e-08  1.1158e-12     20395  126 20395     2     3      3 36483  1.8e-08        -
9709  1.8564e-08  1.1158e-12     20417  126 20417     2     3      3 36527  1.8e-08        -
9721  1.8577e-08  1.1158e-12     20441  126 20441     2     3      3 36575  1.8e-08        -
9733   1.859e-08  1.1158e-12     20465  126 20465     2     3      3 36623  1.8e-08        -
9745  1.8604e-08  1.1158e-12     20489  126 20489     2     3      3 36671  1.8e-08        -
--         当前进度:  21 % - 正在组装残差
Memory: 830/944 1166/1229
9757  1.8617e-08  1.1158e-12     20513  126 20513     2     3      3 36719  1.8e-08        -
9768  1.8629e-08  1.1158e-12     20535  126 20535     2     3      3 36763  1.8e-08        -
9778  1.8641e-08  1.1158e-12     20555  126 20555     2     3      3 36803  1.8e-08        -
9790  1.8654e-08  1.1158e-12     20579  126 20579     2     3      3 36851  1.8e-08        -
9802  1.8667e-08  1.1158e-12     20603  126 20603     2     3      3 36899  1.8e-08        -
9813   1.868e-08  1.1158e-12     20625  126 20625     2     3      3 36943  1.8e-08        -
9823  1.8691e-08  1.1158e-12     20645  126 20645     2     3      3 36983  1.8e-08        -
9834  1.8703e-08  1.1158e-12     20667  126 20667     2     3      3 37027  1.8e-08        -
9847  1.8718e-08  1.1158e-12     20693  126 20693     2     3      3 37079  1.9e-08        -
9860  1.8732e-08  1.1158e-12     20719  126 20719     2     3      3 37131  1.9e-08        -
9873  1.8747e-08  1.1158e-12     20745  126 20745     2     3      3 37183  1.9e-08        -
9883  1.8757e-08  1.1791e-12     20764  128 20764     2     3      3 37214  5.5e-10        -
9896  1.8772e-08  1.1791e-12     20790  128 20790     2     3      3 37253  2.9e-10        -
9909  1.8788e-08  1.1791e-12     20816  128 20816     2     3      3 37292  1.3e-10        -
9922  1.8803e-08  1.1791e-12     20842  128 20842     2     3      3 37331  1.1e-10        -
9933  1.8816e-08  1.1791e-12     20864  128 20864     2     3      3 37364  5.7e-11        -
9946  1.8831e-08  1.1791e-12     20890  128 20890     2     3      3 37403    6e-11        -
9959  1.8847e-08  1.1791e-12     20916  128 20916     2     3      3 37442  2.4e-11        -
9972  1.8862e-08  1.1791e-12     20942  128 20942     2     3      3 37481  3.1e-11        -
9985  1.8877e-08  1.1791e-12     20968  128 20968     2     3      3 37520  4.3e-12        -
9998  1.8893e-08  1.1791e-12     20994  128 20994     2     3      3 37559  1.3e-11        -
10008  1.8904e-08  1.1791e-12     21014  128 21014     2     3      3 37589    7e-12        -
10021   1.892e-08  1.1791e-12     21040  128 21040     2     3      3 37628  1.4e-11        -
10033  1.8934e-08  1.1791e-12     21064  128 21064     2     3      3 37664  1.9e-11        -
10045  1.8948e-08  1.1791e-12     21088  128 21088     2     3      3 37700  2.4e-11        -
10054  1.8959e-08  1.1791e-12     21106  128 21106     2     3      3 37727  1.3e-11        -
10066  1.8973e-08  1.1791e-12     21130  128 21130     2     3      3 37763  1.7e-11        -
10079  1.8988e-08  1.1791e-12     21156  128 21156     2     3      3 37802  3.6e-11        -
10090     1.9e-08     6.1e-13 out 21177  129 21177     2     3      3 37834  1.2e-11        -
10101  1.9013e-08    1.22e-12     21199  130 21199     2     3      3 37867  2.5e-10        -
10113  1.9028e-08    1.22e-12     21223  130 21223     2     3      3 37903  2.8e-10        -
10126  1.9044e-08    1.22e-12     21249  130 21249     2     3      3 37942  1.3e-10        -
10139   1.906e-08    1.22e-12     21275  130 21275     2     3      3 37981  2.4e-10        -
10152  1.9076e-08    1.22e-12     21301  130 21301     2     3      3 38020  1.3e-10        -
10165  1.9092e-08    1.22e-12     21327  130 21327     2     3      3 38059  1.8e-10        -
10175  1.9104e-08    1.22e-12     21347  130 21347     2     3      3 38089  1.7e-10        -
10186  1.9117e-08    1.22e-12     21369  130 21369     2     3      3 38122  1.1e-10        -
10197  1.9131e-08    1.22e-12     21391  130 21391     2     3      3 38155  1.4e-10        -
10210  1.9146e-08    1.22e-12     21417  130 21417     2     3      3 38194  1.1e-10        -
10223  1.9162e-08    1.22e-12     21443  130 21443     2     3      3 38233  1.3e-10        -
10236  1.9178e-08    1.22e-12     21469  130 21469     2     3      3 38272    1e-10        -
10248  1.9193e-08    1.22e-12     21493  130 21493     2     3      3 38308    1e-10        -
10260  1.9207e-08    1.22e-12     21517  130 21517     2     3      3 38344    1e-10        -
10272  1.9222e-08    1.22e-12     21541  130 21541     2     3      3 38380    1e-10        -
10285  1.9238e-08    1.22e-12     21567  130 21567     2     3      3 38419  1.2e-10        -
10298  1.9254e-08    1.17e-12     21593  130 21593     2     3      3 38463  1.4e-09        -
--         当前进度:  22 % - 正在组装残差
Memory: 835/944 1166/1229
10299  1.9255e-08    1.17e-12     21595  130 21595     2     3      3 38467  1.4e-09        -
10306  1.9263e-08    1.17e-12     21609  130 21609     2     3      3 38495  1.4e-09        -
10311  1.9269e-08    1.17e-12     21619  130 21619     2     3      3 38515  1.5e-09        -
10317  1.9276e-08    1.17e-12     21631  130 21631     2     3      3 38539  1.5e-09        -
10325  1.9285e-08    1.17e-12     21647  130 21647     2     3      3 38571  1.5e-09        -
10335  1.9297e-08    1.17e-12     21667  130 21667     2     3      3 38611  1.5e-09        -
10343  1.9306e-08    1.17e-12     21683  130 21683     2     3      3 38643  1.5e-09        -
10351  1.9316e-08    1.17e-12     21699  130 21699     2     3      3 38675  1.5e-09        -
10361  1.9327e-08    1.17e-12     21719  130 21719     2     3      3 38715  1.5e-09        -
10373  1.9341e-08    1.17e-12     21743  130 21743     2     3      3 38763  1.5e-09        -
10385  1.9355e-08    1.17e-12     21767  130 21767     2     3      3 38811  1.5e-09        -
10397  1.9369e-08    1.17e-12     21791  130 21791     2     3      3 38859  1.5e-09        -
10409  1.9383e-08    1.17e-12     21815  130 21815     2     3      3 38907  1.5e-09        -
10419  1.9395e-08    1.17e-12     21835  130 21835     2     3      3 38947  1.5e-09        -
10430  1.9408e-08    1.17e-12     21857  130 21857     2     3      3 38991  1.5e-09        -
10442  1.9422e-08    1.17e-12     21881  130 21881     2     3      3 39039  1.5e-09        -
10453  1.9435e-08    1.17e-12     21903  130 21903     2     3      3 39083  1.5e-09        -
10465  1.9449e-08    1.17e-12     21927  130 21927     2     3      3 39131  1.5e-09        -
10477  1.9463e-08    1.17e-12     21951  130 21951     2     3      3 39179  1.5e-09        -
10488  1.9476e-08    1.17e-12     21973  130 21973     2     3      3 39223  1.5e-09        -
10500   1.949e-08    1.17e-12     21997  130 21997     2     3      3 39271  1.5e-09        -
10511  1.9502e-08  9.8177e-13     22019  130 22019     2     3      3 39315  9.4e-09        -
10523  1.9514e-08  9.8177e-13     22043  130 22043     2     3      3 39363  9.4e-09        -
10534  1.9525e-08  9.8177e-13     22065  130 22065     2     3      3 39407  9.4e-09        -
10546  1.9536e-08  9.8177e-13     22089  130 22089     2     3      3 39455  9.4e-09        -
10558  1.9548e-08  9.8177e-13     22113  130 22113     2     3      3 39503  9.5e-09        -
10570   1.956e-08  9.8177e-13     22137  130 22137     2     3      3 39551  9.5e-09        -
10582  1.9572e-08  9.8177e-13     22161  130 22161     2     3      3 39599  9.5e-09        -
10594  1.9583e-08  9.8177e-13     22185  130 22185     2     3      3 39647  9.5e-09        -
10606  1.9595e-08  9.8177e-13     22209  130 22209     2     3      3 39695  9.5e-09        -
10619  1.9608e-08  9.8177e-13     22235  130 22235     2     3      3 39747  9.5e-09        -
10631   1.962e-08  9.8177e-13     22259  130 22259     2     3      3 39795  9.6e-09        -
10643  1.9632e-08  9.8177e-13     22283  130 22283     2     3      3 39843  9.6e-09        -
10655  1.9643e-08  9.8177e-13     22307  130 22307     2     3      3 39891  9.6e-09        -
10667  1.9655e-08  9.8177e-13     22331  130 22331     2     3      3 39939  9.6e-09        -
10679  1.9667e-08  9.8177e-13     22355  130 22355     2     3      3 39987  9.6e-09        -
10691  1.9679e-08  9.8177e-13     22379  130 22379     2     3      3 40035  9.6e-09        -
10703   1.969e-08  9.8177e-13     22403  130 22403     2     3      3 40083  9.6e-09        -
10715  1.9702e-08  9.8177e-13     22427  130 22427     2     3      3 40131  9.7e-09        -
10727  1.9714e-08  9.8177e-13     22451  130 22451     2     3      3 40179  9.7e-09        -
10738  1.9725e-08  9.8177e-13     22473  130 22473     2     3      3 40223  9.7e-09        -
10750  1.9737e-08  9.8177e-13     22497  130 22497     2     3      3 40271  9.7e-09        -
10762  1.9748e-08  9.8177e-13     22521  130 22521     2     3      3 40319  9.7e-09        -
10772  1.9756e-08  8.0613e-13     22541  131 22541     2     3      3 40349  3.3e-10        -
10783  1.9765e-08  8.0613e-13     22563  131 22563     2     3      3 40382  1.8e-10        -
10794  1.9774e-08  8.0613e-13     22585  131 22585     2     3      3 40415  1.1e-10        -
10806  1.9784e-08  8.0613e-13     22609  131 22609     2     3      3 40451  8.7e-11        -
10817  1.9793e-08  8.0613e-13     22631  131 22631     2     3      3 40484  8.3e-11        -
10825  1.9799e-08  8.0613e-13     22647  131 22647     2     3      3 40508  7.6e-11        -
10835  1.9807e-08  8.0613e-13     22667  131 22667     2     3      3 40538    7e-11        -
--         当前进度:  22 % - 求解线性方程组
Memory: 793/944 840/1229
10845  1.9815e-08  8.0613e-13     22687  131 22687     2     3      3 40568  6.7e-11        -
10855  1.9823e-08  8.0613e-13     22707  131 22707     2     3      3 40598  6.4e-11        -
10866  1.9832e-08  8.0613e-13     22729  131 22729     2     3      3 40631  5.8e-11        -
10877  1.9841e-08  8.0613e-13     22751  131 22751     2     3      3 40664  6.2e-11        -
10888   1.985e-08  8.0613e-13     22773  131 22773     2     3      3 40697  5.9e-11        -
10899  1.9859e-08  8.0613e-13     22795  131 22795     2     3      3 40730  6.2e-11        -
10911  1.9869e-08  8.0613e-13     22819  131 22819     2     3      3 40766  6.3e-11        -
10922  1.9877e-08  8.0613e-13     22841  131 22841     2     3      3 40799  6.2e-11        -
10933  1.9886e-08  8.0613e-13     22863  131 22863     2     3      3 40832  6.6e-11        -
10944  1.9895e-08  8.0613e-13     22885  131 22885     2     3      3 40865  6.5e-11        -
10955  1.9904e-08  8.0613e-13     22907  131 22907     2     3      3 40898    7e-11        -
10967  1.9914e-08  8.0613e-13     22931  131 22931     2     3      3 40934  7.2e-11        -
10978  1.9923e-08  8.0613e-13     22953  131 22953     2     3      3 40967  7.2e-11        -
10990  1.9932e-08  8.0613e-13     22977  131 22977     2     3      3 41003  7.5e-11        -
11002  1.9942e-08  8.0613e-13     23001  131 23001     2     3      3 41039  7.7e-11        -
11014  1.9952e-08  8.0613e-13     23025  131 23025     2     3      3 41075    8e-11        -
11026  1.9961e-08  8.0613e-13     23049  131 23049     2     3      3 41111  8.3e-11        -
11038  1.9971e-08  8.0613e-13     23073  131 23073     2     3      3 41147  8.6e-11        -
11050  1.9981e-08  8.0613e-13     23097  131 23097     2     3      3 41183    9e-11        -
11063  1.9991e-08  8.0613e-13     23123  131 23123     2     3      3 41222  9.4e-11        -
11074       2e-08  4.5304e-13     23144  132 23144     2     3      3 41254  9.9e-10        -
11084  2.0008e-08  9.0608e-13     23164  133 23164     2     3      3 41284  6.6e-10        -
11096  2.0019e-08  9.0608e-13     23188  133 23188     2     3      3 41320  2.9e-10        -
11107  2.0029e-08  9.0608e-13     23210  133 23210     2     3      3 41353  2.2e-10        -
11114  2.0035e-08  9.0608e-13     23224  133 23224     2     3      3 41374  1.7e-10        -
11125  2.0045e-08  9.0608e-13     23246  133 23246     2     3      3 41407  1.6e-10        -
11134  2.0053e-08  9.0608e-13     23264  133 23264     2     3      3 41434  1.3e-10        -
11144  2.0063e-08  9.0608e-13     23284  133 23284     2     3      3 41464  1.3e-10        -
11154  2.0072e-08  9.0608e-13     23304  133 23304     2     3      3 41494  1.2e-10        -
11165  2.0082e-08  9.0608e-13     23326  133 23326     2     3      3 41527  1.2e-10        -
11175  2.0091e-08  9.0608e-13     23346  133 23346     2     3      3 41557  1.2e-10        -
11185    2.01e-08  9.0608e-13     23366  133 23366     2     3      3 41587  1.2e-10        -
11196   2.011e-08  9.0608e-13     23388  133 23388     2     3      3 41620  1.2e-10        -
11207   2.012e-08  9.0608e-13     23410  133 23410     2     3      3 41653  1.3e-10        -
11219   2.013e-08  9.0608e-13     23434  133 23434     2     3      3 41689  1.3e-10        -
11231  2.0141e-08  9.0608e-13     23458  133 23458     2     3      3 41725  1.3e-10        -
11243  2.0152e-08  9.0608e-13     23482  133 23482     2     3      3 41761  1.4e-10        -
11254  2.0162e-08  9.0608e-13     23504  133 23504     2     3      3 41794  1.4e-10        -
11265  2.0172e-08  9.0608e-13     23526  133 23526     2     3      3 41827  1.5e-10        -
11276  2.0182e-08  9.0608e-13     23548  133 23548     2     3      3 41860  1.5e-10        -
11287  2.0192e-08  9.0608e-13     23570  133 23570     2     3      3 41893  1.6e-10        -
11298  2.0202e-08  9.0608e-13     23592  133 23592     2     3      3 41926  1.6e-10        -
11308  2.0211e-08  9.0608e-13     23612  133 23612     2     3      3 41956  1.7e-10        -
11319  2.0221e-08  9.0608e-13     23634  133 23634     2     3      3 41989  1.8e-10        -
11330  2.0231e-08  9.0608e-13     23656  133 23656     2     3      3 42022  1.8e-10        -
11339  2.0239e-08  9.0608e-13     23674  133 23674     2     3      3 42049  1.9e-10        -
11350  2.0249e-08  8.6726e-13     23696  133 23696     2     3      3 42083  7.4e-10        -
11363   2.026e-08  8.6726e-13     23722  133 23722     2     3      3 42135  7.4e-10        -
11376  2.0272e-08  8.6726e-13     23748  133 23748     2     3      3 42187  7.4e-10        -
--         当前进度:  22 % - 
Memory: 794/944 840/1229
11386   2.028e-08  8.6726e-13     23768  133 23768     2     3      3 42227  7.4e-10        -
11398  2.0291e-08  8.6726e-13     23792  133 23792     2     3      3 42275  7.4e-10        -
11408  2.0299e-08  8.6726e-13     23812  133 23812     2     3      3 42315  7.4e-10        -
11418  2.0308e-08  8.6726e-13     23832  133 23832     2     3      3 42355  7.4e-10        -
11429  2.0318e-08  8.6726e-13     23854  133 23854     2     3      3 42399  7.3e-10        -
11440  2.0327e-08  8.6726e-13     23876  133 23876     2     3      3 42443  7.3e-10        -
11451  2.0337e-08  8.6726e-13     23898  133 23898     2     3      3 42487  7.3e-10        -
11462  2.0346e-08  8.6726e-13     23920  133 23920     2     3      3 42531  7.3e-10        -
11473  2.0356e-08  8.6726e-13     23942  133 23942     2     3      3 42575  7.3e-10        -
11485  2.0366e-08  8.6726e-13     23966  133 23966     2     3      3 42623  7.3e-10        -
11497  2.0377e-08  8.6726e-13     23990  133 23990     2     3      3 42671  7.3e-10        -
11510  2.0388e-08  8.6726e-13     24016  133 24016     2     3      3 42723  7.3e-10        -
11522  2.0398e-08  8.6726e-13     24040  133 24040     2     3      3 42771  7.3e-10        -
11535   2.041e-08  8.6726e-13     24066  133 24066     2     3      3 42823  7.3e-10        -
11547   2.042e-08  8.6726e-13     24090  133 24090     2     3      3 42871  7.3e-10        -
11560  2.0431e-08  8.6726e-13     24116  133 24116     2     3      3 42923  7.3e-10        -
11572  2.0442e-08  8.6726e-13     24140  133 24140     2     3      3 42971  7.3e-10        -
11585  2.0453e-08  8.6726e-13     24166  133 24166     2     3      3 43023  7.2e-10        -
11598  2.0464e-08  8.6726e-13     24192  133 24192     2     3      3 43075  7.2e-10        -
11611  2.0475e-08  8.6726e-13     24218  133 24218     2     3      3 43127  7.2e-10        -
11623  2.0486e-08  8.6726e-13     24242  133 24242     2     3      3 43175  7.2e-10        -
11635  2.0496e-08  8.6726e-13     24266  133 24266     2     3      3 43223  7.2e-10        -
11645  2.0505e-08  1.0964e-12     24285  135 24285     2     3      3 43255  2.9e-09        -
11658   2.052e-08  1.0964e-12     24311  135 24311     2     3      3 43294  8.5e-10        -
11670  2.0533e-08  1.0964e-12     24335  135 24335     2     3      3 43330  5.5e-10        -
11682  2.0546e-08  1.0964e-12     24359  135 24359     2     3      3 43366  4.3e-10        -
11695   2.056e-08  1.0964e-12     24385  135 24385     2     3      3 43405  3.8e-10        -
11708  2.0575e-08  1.0964e-12     24411  135 24411     2     3      3 43444  3.6e-10        -
11718  2.0586e-08  1.0964e-12     24431  135 24431     2     3      3 43474  3.6e-10        -
11730  2.0599e-08  1.0964e-12     24455  135 24455     2     3      3 43510  3.6e-10        -
11742  2.0612e-08  1.0964e-12     24479  135 24479     2     3      3 43546  3.7e-10        -
11754  2.0625e-08  1.0964e-12     24503  135 24503     2     3      3 43582  3.8e-10        -
11767  2.0639e-08  1.0964e-12     24529  135 24529     2     3      3 43621    4e-10        -
11780  2.0654e-08  1.0964e-12     24555  135 24555     2     3      3 43660  4.3e-10        -
11792  2.0667e-08  1.0964e-12     24579  135 24579     2     3      3 43696  4.5e-10        -
11804   2.068e-08  1.0964e-12     24603  135 24603     2     3      3 43732  4.7e-10        -
11816  2.0693e-08  1.0964e-12     24627  135 24627     2     3      3 43768    5e-10        -
11827  2.0705e-08  1.0964e-12     24649  135 24649     2     3      3 43801  5.2e-10        -
11839  2.0718e-08  1.0964e-12     24673  135 24673     2     3      3 43837  5.5e-10        -
11851  2.0731e-08  1.0964e-12     24697  135 24697     2     3      3 43873  5.8e-10        -
11862  2.0743e-08  1.0964e-12     24719  135 24719     2     3      3 43906    6e-10        -
11872  2.0753e-08  1.1097e-12     24738  137 24738     2     3      3 43935  4.6e-09        -
11884  2.0767e-08  1.1097e-12     24762  137 24762     2     3      3 43971  9.8e-10        -
11896   2.078e-08  1.1097e-12     24786  137 24786     2     3      3 44007  5.9e-10        -
11908  2.0793e-08  1.1097e-12     24810  137 24810     2     3      3 44043  4.6e-10        -
11920  2.0807e-08  1.1097e-12     24834  137 24834     2     3      3 44079  4.1e-10        -
11932   2.082e-08  1.1097e-12     24858  137 24858     2     3      3 44115  3.9e-10        -
11944  2.0833e-08  1.1097e-12     24882  137 24882     2     3      3 44151    4e-10        -
--         当前进度:  23 % - 
Memory: 793/944 840/1229
11955  2.0845e-08  1.1097e-12     24904  137 24904     2     3      3 44184  4.1e-10        -
11967  2.0859e-08  1.1097e-12     24928  137 24928     2     3      3 44220  4.3e-10        -
11978  2.0871e-08  1.1097e-12     24950  137 24950     2     3      3 44253  4.5e-10        -
11990  2.0884e-08  1.1097e-12     24974  137 24974     2     3      3 44289  4.8e-10        -
12001  2.0896e-08  1.1097e-12     24996  137 24996     2     3      3 44322  5.1e-10        -
12012  2.0909e-08  1.1097e-12     25018  137 25018     2     3      3 44355  5.4e-10        -
12023  2.0921e-08  1.1097e-12     25040  137 25040     2     3      3 44388  5.8e-10        -
12034  2.0933e-08  1.1097e-12     25062  137 25062     2     3      3 44421  6.1e-10        -
12046  2.0946e-08  1.1097e-12     25086  137 25086     2     3      3 44457  6.5e-10        -
12057  2.0959e-08  1.1097e-12     25108  137 25108     2     3      3 44490  6.8e-10        -
12068  2.0971e-08  1.1097e-12     25130  137 25130     2     3      3 44523  7.2e-10        -
12080  2.0984e-08  1.1097e-12     25154  137 25154     2     3      3 44559  7.6e-10        -
12092  2.0997e-08  1.1097e-12     25178  137 25178     2     3      3 44595    8e-10        -
12102  2.1005e-08  7.1486e-13     25198  138 25198     2     3      3 44625    3e-10        -
12114  2.1014e-08  7.1486e-13     25222  138 25222     2     3      3 44661  1.3e-10        -
12125  2.1021e-08  7.1486e-13     25244  138 25244     2     3      3 44694  9.4e-11        -
12136  2.1029e-08  7.1486e-13     25266  138 25266     2     3      3 44727    8e-11        -
12147  2.1037e-08  7.1486e-13     25288  138 25288     2     3      3 44760  7.5e-11        -
12159  2.1046e-08  7.1486e-13     25312  138 25312     2     3      3 44796  7.5e-11        -
12170  2.1054e-08  7.1486e-13     25334  138 25334     2     3      3 44829  7.9e-11        -
12181  2.1061e-08  7.1486e-13     25356  138 25356     2     3      3 44862  8.3e-11        -
12192  2.1069e-08  7.1486e-13     25378  138 25378     2     3      3 44895  8.9e-11        -
12203  2.1077e-08  7.1486e-13     25400  138 25400     2     3      3 44928  9.4e-11        -
12213  2.1084e-08  7.1486e-13     25420  138 25420     2     3      3 44958    1e-10        -
12223  2.1092e-08  7.1486e-13     25440  138 25440     2     3      3 44988  1.1e-10        -
12234  2.1099e-08  7.1486e-13     25462  138 25462     2     3      3 45021  1.1e-10        -
12246  2.1108e-08  7.1486e-13     25486  138 25486     2     3      3 45057  1.2e-10        -
12258  2.1117e-08  7.1486e-13     25510  138 25510     2     3      3 45093  1.3e-10        -
12270  2.1125e-08  7.1486e-13     25534  138 25534     2     3      3 45129  1.4e-10        -
12279  2.1132e-08  7.1486e-13     25552  138 25552     2     3      3 45156  1.4e-10        -
12285  2.1136e-08  7.1486e-13     25564  138 25564     2     3      3 45174  1.5e-10        -
12295  2.1143e-08  7.1486e-13     25584  138 25584     2     3      3 45204  1.6e-10        -
12304  2.1149e-08  7.1486e-13     25602  138 25602     2     3      3 45231  1.6e-10        -
12312  2.1155e-08  7.1486e-13     25618  138 25618     2     3      3 45255  1.7e-10        -
12322  2.1162e-08  7.1486e-13     25638  138 25638     2     3      3 45285  1.8e-10        -
12333   2.117e-08  7.1486e-13     25660  138 25660     2     3      3 45318  1.8e-10        -
12343  2.1177e-08  7.1486e-13     25680  138 25680     2     3      3 45348  1.9e-10        -
12354  2.1185e-08  7.1486e-13     25702  138 25702     2     3      3 45381    2e-10        -
12365  2.1193e-08  7.1486e-13     25724  138 25724     2     3      3 45414  2.1e-10        -
12377  2.1202e-08  7.1486e-13     25748  138 25748     2     3      3 45450  2.1e-10        -
12388  2.1209e-08  7.1486e-13     25770  138 25770     2     3      3 45483  2.2e-10        -
12400  2.1218e-08  7.1486e-13     25794  138 25794     2     3      3 45519  2.3e-10        -
12412  2.1227e-08  7.1486e-13     25818  138 25818     2     3      3 45555  2.4e-10        -
12424  2.1235e-08  7.1486e-13     25842  138 25842     2     3      3 45591  2.5e-10        -
12436  2.1244e-08  7.1486e-13     25866  138 25866     2     3      3 45627  2.5e-10        -
12446  2.1251e-08  1.2285e-12     25886  139 25886     2     3      3 45659  9.1e-09        -
12458  2.1266e-08  1.2285e-12     25910  139 25910     2     3      3 45695  4.6e-10        -
12470  2.1281e-08  1.2285e-12     25934  139 25934     2     3      3 45731  3.3e-10        -
12483  2.1297e-08  1.2285e-12     25960  139 25960     2     3      3 45770  3.7e-10        -
12494   2.131e-08  1.2285e-12     25982  139 25982     2     3      3 45803  4.3e-10        -
--         当前进度:  23 % - 正在组装残差
Memory: 793/944 839/1229
12503  2.1321e-08  1.2285e-12     26000  139 26000     2     3      3 45830  4.9e-10        -
12515  2.1336e-08  1.2285e-12     26024  139 26024     2     3      3 45866  5.7e-10        -
12528  2.1352e-08  1.2285e-12     26050  139 26050     2     3      3 45905  6.6e-10        -
12540  2.1367e-08  1.2285e-12     26074  139 26074     2     3      3 45941  7.5e-10        -
12553  2.1383e-08  1.2285e-12     26100  139 26100     2     3      3 45980  8.3e-10        -
12565  2.1397e-08  1.2285e-12     26124  139 26124     2     3      3 46016  9.1e-10        -
12577  2.1412e-08  1.2285e-12     26148  139 26148     2     3      3 46052  9.9e-10        -
12589  2.1427e-08  1.2285e-12     26172  139 26172     2     3      3 46088  1.1e-09        -
12601  2.1442e-08  1.2285e-12     26196  139 26196     2     3      3 46124  1.1e-09        -
12613  2.1456e-08  1.2285e-12     26220  139 26220     2     3      3 46160  1.2e-09        -
12626  2.1472e-08  1.2285e-12     26246  139 26246     2     3      3 46199  1.3e-09        -
12639  2.1488e-08  1.2285e-12     26272  139 26272     2     3      3 46238  1.3e-09        -
12652  2.1503e-08  9.1833e-13     26298  139 26298     2     3      3 46282  6.3e-09        -
12664  2.1514e-08  9.1833e-13     26322  139 26322     2     3      3 46330  5.8e-09        -
12674  2.1523e-08  9.1833e-13     26342  139 26342     2     3      3 46370  5.5e-09        -
12684  2.1532e-08  9.1833e-13     26362  139 26362     2     3      3 46410  5.2e-09        -
12696  2.1543e-08  9.1833e-13     26386  139 26386     2     3      3 46458  4.8e-09        -
12709  2.1555e-08  9.1833e-13     26412  139 26412     2     3      3 46510  4.5e-09        -
12721  2.1566e-08  9.1833e-13     26436  139 26436     2     3      3 46558  4.1e-09        -
12733  2.1577e-08  9.1833e-13     26460  139 26460     2     3      3 46606  3.8e-09        -
12746  2.1589e-08  9.1833e-13     26486  139 26486     2     3      3 46658  3.5e-09        -
12758    2.16e-08  9.1833e-13     26510  139 26510     2     3      3 46706  3.2e-09        -
12771  2.1612e-08  9.1833e-13     26536  139 26536     2     3      3 46758  2.9e-09        -
12784  2.1624e-08  9.1833e-13     26562  139 26562     2     3      3 46810  2.6e-09        -
12796  2.1635e-08  9.1833e-13     26586  139 26586     2     3      3 46858  2.3e-09        -
12808  2.1646e-08  9.1833e-13     26610  139 26610     2     3      3 46906  2.1e-09        -
12821  2.1658e-08  9.1833e-13     26636  139 26636     2     3      3 46958  1.8e-09        -
12834   2.167e-08  9.1833e-13     26662  139 26662     2     3      3 47010  1.6e-09        -
12847  2.1682e-08  9.1833e-13     26688  139 26688     2     3      3 47062  1.3e-09        -
12860  2.1694e-08  9.1833e-13     26714  139 26714     2     3      3 47114  1.1e-09        -
12872  2.1705e-08  9.1833e-13     26738  139 26738     2     3      3 47162  9.3e-10        -
12885  2.1717e-08  9.1833e-13     26764  139 26764     2     3      3 47214  7.5e-10        -
12898  2.1729e-08  9.1833e-13     26790  139 26790     2     3      3 47266  5.9e-10        -
12911  2.1741e-08  9.1833e-13     26816  139 26816     2     3      3 47318  4.4e-10        -
12922   2.175e-08    5.66e-13 out 26838  140 26838     2     3      3 47360  1.7e-12        -
12933  2.1762e-08   1.132e-12     26860  141 26860     2     3      3 47393  2.3e-11        -
12946  2.1777e-08   1.132e-12     26886  141 26886     2     3      3 47432  3.8e-11        -
12959  2.1792e-08   1.132e-12     26912  141 26912     2     3      3 47471  3.9e-11        -
12972  2.1807e-08   1.132e-12     26938  141 26938     2     3      3 47510  2.4e-11        -
12985  2.1821e-08   1.132e-12     26964  141 26964     2     3      3 47543  8.5e-12        -
12998  2.1836e-08   1.132e-12     26990  141 26990     2     3      3 47582  5.8e-11        -
13008  2.1847e-08   1.132e-12     27010  141 27010     2     3      3 47612  1.1e-10        -
13020  2.1861e-08   1.132e-12     27034  141 27034     2     3      3 47648  1.9e-10        -
13032  2.1875e-08   1.132e-12     27058  141 27058     2     3      3 47684  2.8e-10        -
13042  2.1886e-08   1.132e-12     27078  141 27078     2     3      3 47714  3.8e-10        -
13055  2.1901e-08   1.132e-12     27104  141 27104     2     3      3 47753  5.2e-10        -
13066  2.1913e-08   1.132e-12     27126  141 27126     2     3      3 47786  6.6e-10        -
13079  2.1928e-08   1.132e-12     27152  141 27152     2     3      3 47825  8.5e-10        -
--         当前进度:  24 % - 
Memory: 783/944 827/1229
13090   2.194e-08   1.132e-12     27174  141 27174     2     3      3 47858    1e-09        -
13103  2.1955e-08   1.132e-12     27200  141 27200     2     3      3 47897  1.3e-09        -
13116   2.197e-08   1.132e-12     27226  141 27226     2     3      3 47936  1.6e-09        -
13129  2.1984e-08   1.132e-12     27252  141 27252     2     3      3 47975  1.9e-09        -
13142  2.1999e-08  1.0456e-12     27278  141 27278     2     3      3 48015    6e-10        -
13155  2.2013e-08  1.0456e-12     27304  141 27304     2     3      3 48067    6e-10        -
13168  2.2026e-08  1.0456e-12     27330  141 27330     2     3      3 48119  7.8e-10        -
13181   2.204e-08  1.0456e-12     27356  141 27356     2     3      3 48171    8e-10        -
13194  2.2053e-08  1.0456e-12     27382  141 27382     2     3      3 48223  9.8e-10        -
13207  2.2067e-08  1.0456e-12     27408  141 27408     2     3      3 48275    1e-09        -
13220  2.2081e-08  1.0456e-12     27434  141 27434     2     3      3 48327  1.2e-09        -
13233  2.2094e-08  1.0456e-12     27460  141 27460     2     3      3 48379  1.3e-09        -
13246  2.2108e-08  1.0456e-12     27486  141 27486     2     3      3 48431  1.5e-09        -
13259  2.2121e-08  1.0456e-12     27512  141 27512     2     3      3 48483  1.6e-09        -
13272  2.2135e-08  1.0456e-12     27538  141 27538     2     3      3 48535  1.8e-09        -
13283  2.2146e-08  1.0456e-12     27560  141 27560     2     3      3 48579  1.9e-09        -
13295  2.2159e-08  1.0456e-12     27584  141 27584     2     3      3 48627  2.1e-09        -
13308  2.2173e-08  1.0456e-12     27610  141 27610     2     3      3 48679  2.3e-09        -
13320  2.2185e-08  1.0456e-12     27634  141 27634     2     3      3 48727  2.4e-09        -
13332  2.2198e-08  1.0456e-12     27658  141 27658     2     3      3 48775  2.6e-09        -
13345  2.2211e-08  1.0456e-12     27684  141 27684     2     3      3 48827  2.8e-09        -
13356  2.2223e-08  1.0456e-12     27706  141 27706     2     3      3 48871    3e-09        -
13368  2.2235e-08  1.0456e-12     27730  141 27730     2     3      3 48919  3.2e-09        -
13381  2.2249e-08  1.0456e-12     27756  141 27756     2     3      3 48971  3.4e-09        -
13392  2.2255e-08  5.6905e-13     27778  142 27778     2     3      3 49004  6.3e-11        -
13405  2.2263e-08  5.6905e-13     27804  142 27804     2     3      3 49043  9.5e-11        -
13418   2.227e-08  5.6905e-13     27830  142 27830     2     3      3 49082  1.5e-10        -
13431  2.2277e-08  5.6905e-13     27856  142 27856     2     3      3 49121  2.2e-10        -
13442  2.2284e-08  5.6905e-13     27878  142 27878     2     3      3 49154  2.7e-10        -
13454   2.229e-08  5.6905e-13     27902  142 27902     2     3      3 49190  3.3e-10        -
13467  2.2298e-08  5.6905e-13     27928  142 27928     2     3      3 49229    4e-10        -
13480  2.2305e-08  5.6905e-13     27954  142 27954     2     3      3 49268  4.8e-10        -
13493  2.2313e-08  5.6905e-13     27980  142 27980     2     3      3 49307  5.5e-10        -
13506   2.232e-08  5.6905e-13     28006  142 28006     2     3      3 49346  6.3e-10        -
13519  2.2327e-08  5.6905e-13     28032  142 28032     2     3      3 49385  7.2e-10        -
13532  2.2335e-08  5.6905e-13     28058  142 28058     2     3      3 49424    8e-10        -
13543  2.2341e-08  5.6905e-13     28080  142 28080     2     3      3 49457  8.8e-10        -
13556  2.2348e-08  5.6905e-13     28106  142 28106     2     3      3 49496  9.7e-10        -
13569  2.2356e-08  5.6905e-13     28132  142 28132     2     3      3 49535  1.1e-09        -
13582  2.2363e-08  5.6905e-13     28158  142 28158     2     3      3 49574  1.2e-09        -
13595  2.2371e-08  5.6905e-13     28184  142 28184     2     3      3 49613  1.3e-09        -
13606  2.2377e-08  5.6905e-13     28206  142 28206     2     3      3 49646  1.4e-09        -
13619  2.2384e-08  5.6905e-13     28232  142 28232     2     3      3 49685  1.5e-09        -
13632  2.2392e-08  5.6905e-13     28258  142 28258     2     3      3 49724  1.6e-09        -
13645  2.2399e-08  5.6905e-13     28284  142 28284     2     3      3 49763  1.7e-09        -
13658  2.2406e-08  5.6905e-13     28310  142 28310     2     3      3 49802  1.8e-09        -
13671  2.2414e-08  5.6905e-13     28336  142 28336     2     3      3 49841  1.9e-09        -
13684  2.2421e-08  5.6905e-13     28362  142 28362     2     3      3 49880  2.1e-09        -
13697  2.2429e-08  5.6905e-13     28388  142 28388     2     3      3 49919  2.2e-09        -
--         当前进度:  24 % - 正在组装残差
Memory: 784/944 827/1229
13708  2.2435e-08  5.6905e-13     28410  142 28410     2     3      3 49952  2.3e-09        -
13720  2.2442e-08  5.6905e-13     28434  142 28434     2     3      3 49988  2.4e-09        -
13730  2.2447e-08  5.6905e-13     28454  142 28454     2     3      3 50018  2.5e-09        -
13739  2.2453e-08  5.6905e-13     28472  142 28472     2     3      3 50045  2.6e-09        -
13748  2.2458e-08  5.6905e-13     28490  142 28490     2     3      3 50072  2.7e-09        -
13761  2.2465e-08  5.6905e-13     28516  142 28516     2     3      3 50111  2.9e-09        -
13772  2.2471e-08  5.6905e-13     28538  142 28538     2     3      3 50144    3e-09        -
13783  2.2478e-08  5.6905e-13     28560  142 28560     2     3      3 50177  3.1e-09        -
13791  2.2482e-08  5.6905e-13     28576  142 28576     2     3      3 50201  3.2e-09        -
13802  2.2488e-08  5.6905e-13     28598  142 28598     2     3      3 50234  3.4e-09        -
13815  2.2496e-08  5.6905e-13     28624  142 28624     2     3      3 50273  3.5e-09        -
13825  2.2502e-08   7.565e-13     28643  144 28643     2     3      3 50302  1.7e-08        -
13838  2.2511e-08   7.565e-13     28669  144 28669     2     3      3 50341  7.2e-10        -
13851  2.2521e-08   7.565e-13     28695  144 28695     2     3      3 50380  8.5e-10        -
13864  2.2531e-08   7.565e-13     28721  144 28721     2     3      3 50419  1.3e-09        -
13877  2.2541e-08   7.565e-13     28747  144 28747     2     3      3 50458  1.8e-09        -
13890  2.2551e-08   7.565e-13     28773  144 28773     2     3      3 50497  2.4e-09        -
13903  2.2561e-08   7.565e-13     28799  144 28799     2     3      3 50536  2.9e-09        -
13916   2.257e-08   7.565e-13     28825  144 28825     2     3      3 50575  3.4e-09        -
13929   2.258e-08   7.565e-13     28851  144 28851     2     3      3 50614    4e-09        -
13941  2.2589e-08   7.565e-13     28875  144 28875     2     3      3 50650  4.5e-09        -
13953  2.2598e-08   7.565e-13     28899  144 28899     2     3      3 50686  5.1e-09        -
13966  2.2608e-08   7.565e-13     28925  144 28925     2     3      3 50725  5.7e-09        -
13979  2.2618e-08   7.565e-13     28951  144 28951     2     3      3 50764  6.3e-09        -
13992  2.2628e-08   7.565e-13     28977  144 28977     2     3      3 50803  6.9e-09        -
14003  2.2636e-08   7.565e-13     28999  144 28999     2     3      3 50836  7.5e-09        -
14016  2.2646e-08   7.565e-13     29025  144 29025     2     3      3 50875  8.1e-09        -
14029  2.2656e-08   7.565e-13     29051  144 29051     2     3      3 50914  8.7e-09        -
14042  2.2666e-08   7.565e-13     29077  144 29077     2     3      3 50953  9.4e-09        -
14055  2.2676e-08   7.565e-13     29103  144 29103     2     3      3 50992    1e-08        -
14068  2.2685e-08   7.565e-13     29129  144 29129     2     3      3 51031  1.1e-08        -
14081  2.2695e-08   7.565e-13     29155  144 29155     2     3      3 51070  1.1e-08        -
14094  2.2705e-08   7.565e-13     29181  144 29181     2     3      3 51109  1.2e-08        -
14107  2.2715e-08   7.565e-13     29207  144 29207     2     3      3 51148  1.3e-08        -
14120  2.2725e-08   7.565e-13     29233  144 29233     2     3      3 51187  1.3e-08        -
14133  2.2735e-08   7.565e-13     29259  144 29259     2     3      3 51226  1.4e-08        -
14146  2.2744e-08   7.565e-13     29285  144 29285     2     3      3 51265  1.5e-08        -
14159  2.2753e-08  5.5516e-13     29311  144 29311     2     3      3 51311  6.3e-08        -
14172   2.276e-08  5.5516e-13     29337  144 29337     2     3      3 51363  6.3e-08        -
14185  2.2767e-08  5.5516e-13     29363  144 29363     2     3      3 51415  6.3e-08        -
14198  2.2774e-08  5.5516e-13     29389  144 29389     2     3      3 51467  6.4e-08        -
14210  2.2781e-08  5.5516e-13     29413  144 29413     2     3      3 51515  6.4e-08        -
14223  2.2788e-08  5.5516e-13     29439  144 29439     2     3      3 51567  6.5e-08        -
14236  2.2796e-08  5.5516e-13     29465  144 29465     2     3      3 51619  6.5e-08        -
14249  2.2803e-08  5.5516e-13     29491  144 29491     2     3      3 51671  6.6e-08        -
14262   2.281e-08  5.5516e-13     29517  144 29517     2     3      3 51723  6.6e-08        -
14275  2.2817e-08  5.5516e-13     29543  144 29543     2     3      3 51775  6.6e-08        -
14288  2.2824e-08  5.5516e-13     29569  144 29569     2     3      3 51827  6.7e-08        -
14301  2.2832e-08  5.5516e-13     29595  144 29595     2     3      3 51879  6.7e-08        -
14313  2.2838e-08  5.5516e-13     29619  144 29619     2     3      3 51927  6.7e-08        -
14326  2.2845e-08  5.5516e-13     29645  144 29645     2     3      3 51979  6.8e-08        -
14339  2.2853e-08  5.5516e-13     29671  144 29671     2     3      3 52031  6.8e-08        -
14350  2.2859e-08  5.5516e-13     29693  144 29693     2     3      3 52075  6.9e-08        -
14362  2.2865e-08  5.5516e-13     29717  144 29717     2     3      3 52123  6.9e-08        -
14374  2.2872e-08  5.5516e-13     29741  144 29741     2     3      3 52171  6.9e-08        -
14386  2.2879e-08  5.5516e-13     29765  144 29765     2     3      3 52219    7e-08        -
14399  2.2886e-08  5.5516e-13     29791  144 29791     2     3      3 52271    7e-08        -
14412  2.2893e-08  5.5516e-13     29817  144 29817     2     3      3 52323    7e-08        -
14425    2.29e-08  5.5516e-13     29843  144 29843     2     3      3 52375  7.1e-08        -
14437  2.2907e-08  5.5516e-13     29867  144 29867     2     3      3 52423  7.1e-08        -
14450  2.2914e-08  5.5516e-13     29893  144 29893     2     3      3 52475  7.1e-08        -
14463  2.2922e-08  5.5516e-13     29919  144 29919     2     3      3 52527  7.2e-08        -
14476  2.2929e-08  5.5516e-13     29945  144 29945     2     3      3 52579  7.2e-08        -
14489  2.2936e-08  5.5516e-13     29971  144 29971     2     3      3 52631  7.2e-08        -
14502  2.2943e-08  5.5516e-13     29997  144 29997     2     3      3 52683  7.3e-08        -
14515   2.295e-08  5.5516e-13     30023  144 30023     2     3      3 52735  7.3e-08        -
14528  2.2958e-08  5.5516e-13     30049  144 30049     2     3      3 52787  7.3e-08        -
14541  2.2965e-08  5.5516e-13     30075  144 30075     2     3      3 52839  7.4e-08        -
14554  2.2972e-08  5.5516e-13     30101  144 30101     2     3      3 52891  7.4e-08        -
14567  2.2979e-08  5.5516e-13     30127  144 30127     2     3      3 52943  7.4e-08        -
14580  2.2986e-08  5.5516e-13     30153  144 30153     2     3      3 52995  7.5e-08        -
14592  2.2993e-08  5.5516e-13     30177  144 30177     2     3      3 53043  7.5e-08        -
14604     2.3e-08  3.6629e-13     30201  145 30201     2     3      3 53090  1.2e-08        -
14615  2.3007e-08  7.3258e-13     30223  146 30223     2     3      3 53123  9.3e-09        -
14628  2.3017e-08  7.3258e-13     30249  146 30249     2     3      3 53162  3.1e-09        -
14639  2.3025e-08  7.3258e-13     30271  146 30271     2     3      3 53195    1e-09        -
14650  2.3033e-08  7.3258e-13     30293  146 30293     2     3      3 53228  1.2e-09        -
14661  2.3041e-08  7.3258e-13     30315  146 30315     2     3      3 53261  1.8e-09        -
14673   2.305e-08  7.3258e-13     30339  146 30339     2     3      3 53297  2.6e-09        -
14686  2.3059e-08  7.3258e-13     30365  146 30365     2     3      3 53336  3.3e-09        -
14698  2.3068e-08  7.3258e-13     30389  146 30389     2     3      3 53372  3.9e-09        -
14710  2.3077e-08  7.3258e-13     30413  146 30413     2     3      3 53408  4.5e-09        -
14721  2.3085e-08  7.3258e-13     30435  146 30435     2     3      3 53441  5.1e-09        -
14732  2.3093e-08  7.3258e-13     30457  146 30457     2     3      3 53474  5.4e-09        -
14743  2.3101e-08  7.3258e-13     30479  146 30479     2     3      3 53507    6e-09        -
14755   2.311e-08  7.3258e-13     30503  146 30503     2     3      3 53543  6.4e-09        -
14765  2.3117e-08  7.3258e-13     30523  146 30523     2     3      3 53573  6.7e-09        -
14775  2.3125e-08  7.3258e-13     30543  146 30543     2     3      3 53603    7e-09        -
14783   2.313e-08  7.3258e-13     30559  146 30559     2     3      3 53627  7.2e-09        -
14794  2.3138e-08  7.3258e-13     30581  146 30581     2     3      3 53660  7.3e-09        -
14804  2.3146e-08  7.3258e-13     30601  146 30601     2     3      3 53690  7.5e-09        -
14816  2.3155e-08  7.3258e-13     30625  146 30625     2     3      3 53726  7.6e-09        -
14829  2.3164e-08  7.3258e-13     30651  146 30651     2     3      3 53765  7.9e-09        -
14842  2.3174e-08  7.3258e-13     30677  146 30677     2     3      3 53804  7.9e-09        -
14855  2.3183e-08  7.3258e-13     30703  146 30703     2     3      3 53843    8e-09        -
14868  2.3193e-08  7.3258e-13     30729  146 30729     2     3      3 53882  7.9e-09        -
14881  2.3202e-08  7.3258e-13     30755  146 30755     2     3      3 53921    8e-09        -
14894  2.3212e-08  7.3258e-13     30781  146 30781     2     3      3 53960  7.7e-09        -
14907  2.3221e-08  7.3258e-13     30807  146 30807     2     3      3 53999  7.7e-09        -
14920  2.3231e-08  7.3258e-13     30833  146 30833     2     3      3 54038  7.4e-09        -
--         当前进度:  25 % - 
Memory: 785/944 827/1229
14931  2.3239e-08  7.3258e-13     30855  146 30855     2     3      3 54071  7.3e-09        -
14944  2.3248e-08  7.3258e-13     30881  146 30881     2     3      3 54110  6.9e-09        -
14955  2.3254e-08  4.6109e-13     30903  147 30903     2     3      3 54143  3.7e-09        -
14967  2.3259e-08  4.6109e-13     30927  147 30927     2     3      3 54179  1.6e-09        -
14980  2.3265e-08  4.6109e-13     30953  147 30953     2     3      3 54218    5e-10        -
14993  2.3271e-08  4.6109e-13     30979  147 30979     2     3      3 54257    8e-10        -
15006  2.3277e-08  4.6109e-13     31005  147 31005     2     3      3 54296  4.6e-10        -
15019  2.3283e-08  4.6109e-13     31031  147 31031     2     3      3 54335  6.7e-10        -
15032  2.3289e-08  4.6109e-13     31057  147 31057     2     3      3 54374  5.1e-10        -
15043  2.3294e-08  4.6109e-13     31079  147 31079     2     3      3 54407  6.6e-10        -
15054  2.3299e-08  4.6109e-13     31101  147 31101     2     3      3 54440  5.9e-10        -
15064  2.3304e-08  4.6109e-13     31121  147 31121     2     3      3 54470  6.2e-10        -
15074  2.3309e-08  4.6109e-13     31141  147 31141     2     3      3 54500  6.6e-10        -
15085  2.3314e-08  4.6109e-13     31163  147 31163     2     3      3 54533  7.7e-10        -
15098   2.332e-08  4.6109e-13     31189  147 31189     2     3      3 54572  7.7e-10        -
15110  2.3325e-08  4.6109e-13     31213  147 31213     2     3      3 54608  8.3e-10        -
15121   2.333e-08  4.6109e-13     31235  147 31235     2     3      3 54641  9.1e-10        -
15133  2.3336e-08  4.6109e-13     31259  147 31259     2     3      3 54677  9.7e-10        -
15146  2.3342e-08  4.6109e-13     31285  147 31285     2     3      3 54716    1e-09        -
15159  2.3348e-08  4.6109e-13     31311  147 31311     2     3      3 54755  1.1e-09        -
15172  2.3354e-08  4.6109e-13     31337  147 31337     2     3      3 54794  1.1e-09        -
15184  2.3359e-08  4.6109e-13     31361  147 31361     2     3      3 54830  1.2e-09        -
15194  2.3364e-08  4.6109e-13     31381  147 31381     2     3      3 54860  1.3e-09        -
15207   2.337e-08  4.6109e-13     31407  147 31407     2     3      3 54899  1.3e-09        -
15220  2.3376e-08  4.6109e-13     31433  147 31433     2     3      3 54938  1.4e-09        -
15231  2.3381e-08  4.6109e-13     31455  147 31455     2     3      3 54971  1.5e-09        -
15240  2.3385e-08  4.6109e-13     31473  147 31473     2     3      3 54998  1.5e-09        -
15251   2.339e-08  4.6109e-13     31495  147 31495     2     3      3 55031  1.6e-09        -
15261  2.3395e-08  4.6109e-13     31515  147 31515     2     3      3 55061  1.6e-09        -
15272    2.34e-08  4.6109e-13     31537  147 31537     2     3      3 55094  1.7e-09        -
15285  2.3406e-08  4.6109e-13     31563  147 31563     2     3      3 55133  1.8e-09        -
15297  2.3411e-08  4.6109e-13     31587  147 31587     2     3      3 55169  1.8e-09        -
15310  2.3417e-08  4.6109e-13     31613  147 31613     2     3      3 55208  1.9e-09        -
15322  2.3423e-08  4.6109e-13     31637  147 31637     2     3      3 55244    2e-09        -
15335  2.3429e-08  4.6109e-13     31663  147 31663     2     3      3 55283    2e-09        -
15348  2.3435e-08  4.6109e-13     31689  147 31689     2     3      3 55322  2.1e-09        -
15361  2.3441e-08  4.6109e-13     31715  147 31715     2     3      3 55361  2.2e-09        -
15372  2.3446e-08  4.6109e-13     31737  147 31737     2     3      3 55394  2.2e-09        -
15382  2.3451e-08  4.6109e-13     31757  147 31757     2     3      3 55424  2.3e-09        -
15392  2.3455e-08  4.6109e-13     31777  147 31777     2     3      3 55454  2.3e-09        -
15402   2.346e-08  4.6109e-13     31797  147 31797     2     3      3 55484  2.4e-09        -
15412  2.3464e-08  4.6109e-13     31817  147 31817     2     3      3 55514  2.4e-09        -
15423  2.3469e-08  4.6109e-13     31839  147 31839     2     3      3 55547  2.5e-09        -
15432  2.3474e-08  4.6109e-13     31857  147 31857     2     3      3 55574  2.5e-09        -
15442  2.3478e-08  4.6109e-13     31877  147 31877     2     3      3 55604  2.6e-09        -
15453  2.3483e-08  4.6109e-13     31899  147 31899     2     3      3 55637  2.6e-09        -
15464  2.3488e-08  4.6109e-13     31921  147 31921     2     3      3 55670  2.7e-09        -
15475  2.3493e-08  4.6109e-13     31943  147 31943     2     3      3 55703  2.7e-09        -
--         当前进度:  25 % - 正在组装残差
15486  2.3499e-08  4.6109e-13     31965  147 31965     2     3      3 55736  2.8e-09        -
15496  2.3503e-08  5.5034e-13     31985  149 31985     2     3      3 55766  1.9e-09        -
15509   2.351e-08  5.5034e-13     32011  149 32011     2     3      3 55805  6.7e-10        -
15522  2.3518e-08  5.5034e-13     32037  149 32037     2     3      3 55844  6.4e-10        -
15535  2.3525e-08  5.5034e-13     32063  149 32063     2     3      3 55883  7.1e-10        -
15547  2.3531e-08  5.5034e-13     32087  149 32087     2     3      3 55919  8.1e-10        -
15559  2.3538e-08  5.5034e-13     32111  149 32111     2     3      3 55955  9.2e-10        -
15572  2.3545e-08  5.5034e-13     32137  149 32137     2     3      3 55994  1.1e-09        -
15583  2.3551e-08  5.5034e-13     32159  149 32159     2     3      3 56027  1.2e-09        -
15596  2.3558e-08  5.5034e-13     32185  149 32185     2     3      3 56066  1.3e-09        -
15606  2.3564e-08  5.5034e-13     32205  149 32205     2     3      3 56096  1.4e-09        -
15619  2.3571e-08  5.5034e-13     32231  149 32231     2     3      3 56135  1.5e-09        -
15632  2.3578e-08  5.5034e-13     32257  149 32257     2     3      3 56174  1.6e-09        -
15645  2.3585e-08  5.5034e-13     32283  149 32283     2     3      3 56213  1.7e-09        -
15656  2.3591e-08  5.5034e-13     32305  149 32305     2     3      3 56246  1.8e-09        -
15669  2.3599e-08  5.5034e-13     32331  149 32331     2     3      3 56285  1.9e-09        -
15682  2.3606e-08  5.5034e-13     32357  149 32357     2     3      3 56324    2e-09        -
15695  2.3613e-08  5.5034e-13     32383  149 32383     2     3      3 56363  2.1e-09        -
15708   2.362e-08  5.5034e-13     32409  149 32409     2     3      3 56402  2.2e-09        -
15721  2.3627e-08  5.5034e-13     32435  149 32435     2     3      3 56441  2.3e-09        -
15734  2.3634e-08  5.5034e-13     32461  149 32461     2     3      3 56480  2.4e-09        -
15745   2.364e-08  5.5034e-13     32483  149 32483     2     3      3 56513  2.4e-09        -
15758  2.3647e-08  5.5034e-13     32509  149 32509     2     3      3 56552  2.5e-09        -
15771  2.3655e-08  5.5034e-13     32535  149 32535     2     3      3 56591  2.6e-09        -
15784  2.3662e-08  5.5034e-13     32561  149 32561     2     3      3 56630  2.6e-09        -
15797  2.3669e-08  5.5034e-13     32587  149 32587     2     3      3 56669  2.7e-09        -
15810  2.3676e-08  5.5034e-13     32613  149 32613     2     3      3 56708  2.7e-09        -
15823  2.3683e-08  5.5034e-13     32639  149 32639     2     3      3 56747  2.8e-09        -
15836   2.369e-08  5.5034e-13     32665  149 32665     2     3      3 56786  2.8e-09        -
15849  2.3698e-08  5.5034e-13     32691  149 32691     2     3      3 56825  2.9e-09        -
15862  2.3705e-08  5.5034e-13     32717  149 32717     2     3      3 56864  2.9e-09        -
15875  2.3712e-08  5.5034e-13     32743  149 32743     2     3      3 56903  2.9e-09        -
15888  2.3719e-08  5.5034e-13     32769  149 32769     2     3      3 56942    3e-09        -
15901  2.3726e-08  5.5034e-13     32795  149 32795     2     3      3 56981    3e-09        -
15914  2.3733e-08  5.5034e-13     32821  149 32821     2     3      3 57020    3e-09        -
15927   2.374e-08  5.5034e-13     32847  149 32847     2     3      3 57059    3e-09        -
15940  2.3748e-08  5.5034e-13     32873  149 32873     2     3      3 57098    3e-09        -
15949  2.3753e-08  6.9706e-13     32891  151 32891     2     3      3 57125    1e-09        -
15962  2.3762e-08  6.9706e-13     32917  151 32917     2     3      3 57164  3.8e-10        -
15975  2.3771e-08  6.9706e-13     32943  151 32943     2     3      3 57203  4.2e-10        -
15988   2.378e-08  6.9706e-13     32969  151 32969     2     3      3 57242  5.7e-10        -
16001  2.3789e-08  6.9706e-13     32995  151 32995     2     3      3 57281  6.7e-10        -
16014  2.3798e-08  6.9706e-13     33021  151 33021     2     3      3 57320  8.1e-10        -
16027  2.3807e-08  6.9706e-13     33047  151 33047     2     3      3 57359  9.1e-10        -
16040  2.3816e-08  6.9706e-13     33073  151 33073     2     3      3 57398    1e-09        -
16053  2.3825e-08  6.9706e-13     33099  151 33099     2     3      3 57437  1.1e-09        -
16066  2.3834e-08  6.9706e-13     33125  151 33125     2     3      3 57476  1.2e-09        -
16079  2.3843e-08  6.9706e-13     33151  151 33151     2     3      3 57515  1.3e-09        -
16091  2.3852e-08  6.9706e-13     33175  151 33175     2     3      3 57551  1.3e-09        -
16104  2.3861e-08  6.9706e-13     33201  151 33201     2     3      3 57590  1.4e-09        -
--         当前进度:  25 % - 
16115  2.3869e-08  6.9706e-13     33223  151 33223     2     3      3 57623  1.5e-09        -
16128  2.3878e-08  6.9706e-13     33249  151 33249     2     3      3 57662  1.5e-09        -
16139  2.3885e-08  6.9706e-13     33271  151 33271     2     3      3 57695  1.5e-09        -
16151  2.3894e-08  6.9706e-13     33295  151 33295     2     3      3 57731  1.6e-09        -
16163  2.3902e-08  6.9706e-13     33319  151 33319     2     3      3 57767  1.6e-09        -
16176  2.3911e-08  6.9706e-13     33345  151 33345     2     3      3 57806  1.7e-09        -
16188  2.3919e-08  6.9706e-13     33369  151 33369     2     3      3 57842  1.7e-09        -
16201  2.3928e-08  6.9706e-13     33395  151 33395     2     3      3 57881  1.7e-09        -
16213  2.3937e-08  6.9706e-13     33419  151 33419     2     3      3 57917  1.7e-09        -
16226  2.3946e-08  6.9706e-13     33445  151 33445     2     3      3 57956  1.7e-09        -
16238  2.3954e-08  6.9706e-13     33469  151 33469     2     3      3 57992  1.7e-09        -
16251  2.3963e-08  6.9706e-13     33495  151 33495     2     3      3 58031  1.7e-09        -
16263  2.3972e-08  6.9706e-13     33519  151 33519     2     3      3 58067  1.7e-09        -
16276  2.3981e-08  6.9706e-13     33545  151 33545     2     3      3 58106  1.7e-09        -
16289   2.399e-08  6.9706e-13     33571  151 33571     2     3      3 58145  1.7e-09        -
16302  2.3999e-08  6.9706e-13     33597  151 33597     2     3      3 58184  1.7e-09        -
16314  2.4006e-08  5.7433e-13     33621  151 33621     2     3      3 58232    3e-09        -
16325  2.4012e-08  5.7433e-13     33646  151 33646     2     3      3 58282  1.6e-09        -
16337  2.4019e-08  5.7433e-13     33673  151 33673     2     3      3 58336  1.5e-09        -
16349  2.4026e-08  5.7433e-13     33700  151 33700     2     3      3 58390  1.5e-09        -
16361  2.4033e-08  5.7433e-13     33727  151 33727     2     3      3 58444  1.4e-09        -
16372  2.4039e-08  5.7433e-13     33751  151 33751     2     3      3 58492  2.9e-09        -
16384  2.4046e-08  5.7433e-13     33778  151 33778     2     3      3 58546  2.8e-09        -
16395  2.4052e-08  5.7433e-13     33803  151 33803     2     3      3 58596  1.8e-09        -
16406  2.4059e-08  5.7433e-13     33828  151 33828     2     3      3 58646  2.7e-09        -
16417  2.4065e-08  5.7433e-13     33853  151 33853     2     3      3 58696  1.2e-09        -
16429  2.4072e-08  5.7433e-13     33880  151 33880     2     3      3 58750  1.1e-09        -
16441  2.4079e-08  5.7433e-13     33907  151 33907     2     3      3 58804  1.1e-09        -
16453  2.4086e-08  5.7433e-13     33934  151 33934     2     3      3 58858  1.3e-09        -
16465  2.4092e-08  5.7433e-13     33962  151 33962     2     3      3 58914  9.5e-10        -
16476  2.4105e-08  1.1487e-12     33984  152 33984     2     3      3 58948  1.7e-10        -
16489  2.4119e-08  1.1487e-12     34010  152 34010     2     3      3 58987  2.2e-10        -
16502  2.4134e-08  1.1487e-12     34036  152 34036     2     3      3 59026  3.3e-10        -
16514  2.4148e-08  1.1487e-12     34060  152 34060     2     3      3 59062  3.9e-10        -
16522  2.4157e-08  1.1487e-12     34076  152 34076     2     3      3 59086  4.2e-10        -
16531  2.4168e-08  1.1487e-12     34094  152 34094     2     3      3 59113  4.4e-10        -
16540  2.4178e-08  1.1487e-12     34112  152 34112     2     3      3 59140  4.6e-10        -
16551  2.4191e-08  1.1487e-12     34134  152 34134     2     3      3 59173  4.7e-10        -
16563  2.4204e-08  1.1487e-12     34158  152 34158     2     3      3 59209  4.6e-10        -
16574  2.4217e-08  1.1487e-12     34180  152 34180     2     3      3 59242  4.5e-10        -
16587  2.4232e-08  1.1487e-12     34206  152 34206     2     3      3 59281  4.1e-10        -
16600  2.4247e-08  1.1487e-12     34232  152 34232     2     3      3 59320  3.6e-10        -
16613  2.4259e-08  9.4487e-13     34258  152 34258     2     3      3 59371  2.5e-10        -
16626  2.4272e-08  9.4487e-13     34284  152 34284     2     3      3 59423  1.8e-10        -
16638  2.4283e-08  9.4487e-13     34308  152 34308     2     3      3 59471  9.2e-11        -
16649  2.4293e-08  9.4487e-13     34330  152 34330     2     3      3 59515  3.8e-11        -
16660  2.4304e-08  9.4487e-13     34352  152 34352     2     3      3 59550  5.3e-07        -
16671  2.4314e-08  9.4487e-13     34374  152 34374     2     3      3 59572  1.2e-07        -
16680  2.4323e-08  9.4487e-13     34392  152 34392     2     3      3 59594  6.7e-07        -
16690  2.4332e-08  9.4487e-13     34412  152 34412     2     3      3 59629  3.8e-11        -
--         当前进度:  26 % - 
16698   2.434e-08  9.4487e-13     34428  152 34428     2     3      3 59661  7.3e-11        -
16704  2.4345e-08  9.4487e-13     34446  152 34446     2     3      3 59696  1.3e-10        -
16707  2.4348e-08  9.4487e-13     34455  152 34455     2     3      3 59714  1.2e-10        -
16710  2.4351e-08  9.4487e-13     34469  153 34469     2     3      3 59739  5.5e-11        -
16714  2.4355e-08  9.4487e-13     34477  154 34477     2     3      3 59751  1.7e-12        -
16723  2.4363e-08  9.4487e-13     34495  154 34495     2     3      3 59778  6.6e-12        -
16733  2.4373e-08  9.4487e-13     34515  154 34515     2     3      3 59808  1.4e-11        -
16744  2.4383e-08  9.4487e-13     34537  154 34537     2     3      3 59841  2.4e-11        -
16752  2.4391e-08  9.4487e-13     34553  154 34553     2     3      3 59865  3.2e-11        -
16758  2.4396e-08  9.4487e-13     34565  154 34565     2     3      3 59883  3.9e-11        -
16765  2.4403e-08  9.4487e-13     34579  154 34579     2     3      3 59904  4.8e-11        -
16775  2.4413e-08  9.4487e-13     34599  154 34599     2     3      3 59934  6.2e-11        -
16782  2.4419e-08  9.4487e-13     34613  154 34613     2     3      3 59955  7.2e-11        -
16789  2.4426e-08  9.4487e-13     34627  154 34627     2     3      3 59976  8.3e-11        -
16798  2.4434e-08  9.4487e-13     34645  154 34645     2     3      3 60003  9.8e-11        -
16808  2.4444e-08  9.4487e-13     34665  154 34665     2     3      3 60033  1.2e-10        -
16818  2.4453e-08  9.4487e-13     34685  154 34685     2     3      3 60063  1.4e-10        -
16827  2.4462e-08  9.4487e-13     34703  154 34703     2     3      3 60090  1.5e-10        -
16838  2.4472e-08  9.4487e-13     34725  154 34725     2     3      3 60123  1.8e-10        -
16849  2.4482e-08  9.4487e-13     34747  154 34747     2     3      3 60156    2e-10        -
16860  2.4493e-08  9.4487e-13     34769  154 34769     2     3      3 60189  2.3e-10        -
16870  2.4502e-08  7.5011e-13     34789  154 34789     2     3      3 60223  1.3e-09        -
16880  2.4509e-08  7.5011e-13     34809  154 34809     2     3      3 60263  1.4e-09        -
16891  2.4517e-08  7.5011e-13     34831  154 34831     2     3      3 60307  1.5e-09        -
16902  2.4526e-08  7.5011e-13     34853  154 34853     2     3      3 60351  1.5e-09        -
16913  2.4534e-08  7.5011e-13     34875  154 34875     2     3      3 60395  1.6e-09        -
16924  2.4542e-08  7.5011e-13     34897  154 34897     2     3      3 60439  1.7e-09        -
16935   2.455e-08  7.5011e-13     34919  154 34919     2     3      3 60483  1.8e-09        -
16946  2.4559e-08  7.5011e-13     34941  154 34941     2     3      3 60527  1.9e-09        -
16957  2.4567e-08  7.5011e-13     34963  154 34963     2     3      3 60571  1.9e-09        -
16968  2.4575e-08  7.5011e-13     34985  154 34985     2     3      3 60615    2e-09        -
16979  2.4583e-08  7.5011e-13     35007  154 35007     2     3      3 60659  2.1e-09        -
16990  2.4592e-08  7.5011e-13     35029  154 35029     2     3      3 60703  2.2e-09        -
17000  2.4599e-08  7.5011e-13     35049  154 35049     2     3      3 60743  2.3e-09        -
17010  2.4607e-08  7.5011e-13     35069  154 35069     2     3      3 60783  2.3e-09        -
17022  2.4616e-08  7.5011e-13     35093  154 35093     2     3      3 60831  2.4e-09        -
17034  2.4625e-08  7.5011e-13     35117  154 35117     2     3      3 60879  2.5e-09        -
17046  2.4634e-08  7.5011e-13     35141  154 35141     2     3      3 60927  2.6e-09        -
17058  2.4643e-08  7.5011e-13     35165  154 35165     2     3      3 60975  2.7e-09        -
17070  2.4652e-08  7.5011e-13     35189  154 35189     2     3      3 61023  2.7e-09        -
17082  2.4661e-08  7.5011e-13     35213  154 35213     2     3      3 61071  2.8e-09        -
17094   2.467e-08  7.5011e-13     35237  154 35237     2     3      3 61119  2.9e-09        -
17106  2.4679e-08  7.5011e-13     35261  154 35261     2     3      3 61167    3e-09        -
17118  2.4688e-08  7.5011e-13     35285  154 35285     2     3      3 61215    3e-09        -
17130  2.4697e-08  7.5011e-13     35309  154 35309     2     3      3 61263  3.1e-09        -
17142  2.4706e-08  7.5011e-13     35333  154 35333     2     3      3 61311  3.2e-09        -
17154  2.4715e-08  7.5011e-13     35357  154 35357     2     3      3 61359  3.3e-09        -
--         当前进度:  26 % - 正在组装残差
17164  2.4722e-08  7.5011e-13     35377  154 35377     2     3      3 61399  3.3e-09        -
17176  2.4731e-08  7.5011e-13     35401  154 35401     2     3      3 61447  3.4e-09        -
17187  2.4739e-08  7.5011e-13     35423  154 35423     2     3      3 61491  3.5e-09        -
17198  2.4748e-08  7.5011e-13     35445  154 35445     2     3      3 61535  3.5e-09        -
17207  2.4755e-08  9.6328e-13     35463  156 35463     2     3      3 61564  1.9e-10        -
17219  2.4766e-08  9.6328e-13     35487  156 35487     2     3      3 61600  4.2e-11        -
17231  2.4778e-08  9.6328e-13     35511  156 35511     2     3      3 61636  3.7e-11        -
17243  2.4789e-08  9.6328e-13     35535  156 35535     2     3      3 61672  5.6e-11        -
17255  2.4801e-08  9.6328e-13     35559  156 35559     2     3      3 61708  7.8e-11        -
17265  2.4811e-08  9.6328e-13     35579  156 35579     2     3      3 61738  9.6e-11        -
17277  2.4822e-08  9.6328e-13     35603  156 35603     2     3      3 61774  1.2e-10        -
17289  2.4834e-08  9.6328e-13     35627  156 35627     2     3      3 61810  1.4e-10        -
17301  2.4845e-08  9.6328e-13     35651  156 35651     2     3      3 61846  1.6e-10        -
17313  2.4857e-08  9.6328e-13     35675  156 35675     2     3      3 61882  1.9e-10        -
17325  2.4868e-08  9.6328e-13     35699  156 35699     2     3      3 61918  2.1e-10        -
17337   2.488e-08  9.6328e-13     35723  156 35723     2     3      3 61954  2.3e-10        -
17349  2.4892e-08  9.6328e-13     35747  156 35747     2     3      3 61990  2.5e-10        -
17361  2.4903e-08  9.6328e-13     35771  156 35771     2     3      3 62026  2.8e-10        -
17374  2.4916e-08  9.6328e-13     35797  156 35797     2     3      3 62065    3e-10        -
17387  2.4928e-08  9.6328e-13     35823  156 35823     2     3      3 62104  3.3e-10        -
17399   2.494e-08  9.6328e-13     35847  156 35847     2     3      3 62140  3.5e-10        -
17412  2.4952e-08  9.6328e-13     35873  156 35873     2     3      3 62179  3.7e-10        -
17425  2.4965e-08  9.6328e-13     35899  156 35899     2     3      3 62218    4e-10        -
17437  2.4976e-08  9.6328e-13     35923  156 35923     2     3      3 62254  4.2e-10        -
17449  2.4988e-08  9.6328e-13     35947  156 35947     2     3      3 62290  4.5e-10        -
17461  2.4999e-08  7.3645e-13     35971  156 35971     2     3      3 62327  4.6e-09        -
17473  2.5008e-08  7.3645e-13     35995  156 35995     2     3      3 62375  4.7e-09        -
17485  2.5017e-08  7.3645e-13     36019  156 36019     2     3      3 62423  4.7e-09        -
17497  2.5026e-08  7.3645e-13     36043  156 36043     2     3      3 62471  4.7e-09        -
17509  2.5035e-08  7.3645e-13     36067  156 36067     2     3      3 62519  4.8e-09        -
17521  2.5043e-08  7.3645e-13     36091  156 36091     2     3      3 62567  4.8e-09        -
17533  2.5052e-08  7.3645e-13     36115  156 36115     2     3      3 62615  4.9e-09        -
17545  2.5061e-08  7.3645e-13     36139  156 36139     2     3      3 62663  4.9e-09        -
17557   2.507e-08  7.3645e-13     36163  156 36163     2     3      3 62711    5e-09        -
17569  2.5079e-08  7.3645e-13     36187  156 36187     2     3      3 62759    5e-09        -
17581  2.5088e-08  7.3645e-13     36211  156 36211     2     3      3 62807    5e-09        -
17593  2.5096e-08  7.3645e-13     36235  156 36235     2     3      3 62855  5.1e-09        -
17604  2.5105e-08  7.3645e-13     36257  156 36257     2     3      3 62899  5.1e-09        -
17616  2.5113e-08  7.3645e-13     36281  156 36281     2     3      3 62947  5.2e-09        -
17628  2.5122e-08  7.3645e-13     36305  156 36305     2     3      3 62995  5.2e-09        -
17640  2.5131e-08  7.3645e-13     36329  156 36329     2     3      3 63043  5.3e-09        -
17653  2.5141e-08  7.3645e-13     36355  156 36355     2     3      3 63095  5.3e-09        -
17666   2.515e-08  7.3645e-13     36381  156 36381     2     3      3 63147  5.3e-09        -
17678  2.5159e-08  7.3645e-13     36405  156 36405     2     3      3 63195  5.4e-09        -
17691  2.5169e-08  7.3645e-13     36431  156 36431     2     3      3 63247  5.4e-09        -
17703  2.5177e-08  7.3645e-13     36455  156 36455     2     3      3 63295  5.5e-09        -
17716  2.5187e-08  7.3645e-13     36481  156 36481     2     3      3 63347  5.5e-09        -
17729  2.5197e-08  7.3645e-13     36507  156 36507     2     3      3 63399  5.6e-09        -
17742  2.5206e-08  7.3645e-13     36533  156 36533     2     3      3 63451  5.6e-09        -
17753  2.5214e-08  7.3645e-13     36555  156 36555     2     3      3 63495  5.6e-09        -
17766  2.5224e-08  7.3645e-13     36581  156 36581     2     3      3 63547  5.7e-09        -
17778  2.5233e-08  7.3645e-13     36605  156 36605     2     3      3 63595  5.7e-09        -
17785  2.5238e-08  7.3645e-13     36619  156 36619     2     3      3 63623  5.7e-09        -
17794  2.5245e-08  7.3645e-13     36637  156 36637     2     3      3 63659  5.8e-09        -
17803  2.5251e-08  1.0783e-12     36655  158 36655     2     3      3 63692    6e-09        -
17815  2.5264e-08  1.0783e-12     36679  158 36679     2     3      3 63728    2e-10        -
17827  2.5277e-08  1.0783e-12     36703  158 36703     2     3      3 63764  7.5e-11        -
17839   2.529e-08  1.0783e-12     36727  158 36727     2     3      3 63800  3.2e-11        -
17851  2.5303e-08  1.0783e-12     36751  158 36751     2     3      3 63836    4e-11        -
17864  2.5317e-08  1.0783e-12     36777  158 36777     2     3      3 63875    7e-11        -
17876   2.533e-08  1.0783e-12     36801  158 36801     2     3      3 63911  9.6e-11        -
17889  2.5344e-08  1.0783e-12     36827  158 36827     2     3      3 63950  1.2e-10        -
17901  2.5357e-08  1.0783e-12     36851  158 36851     2     3      3 63986  1.5e-10        -
17914  2.5371e-08  1.0783e-12     36877  158 36877     2     3      3 64025  1.7e-10        -
17925  2.5383e-08  1.0783e-12     36899  158 36899     2     3      3 64058  1.9e-10        -
17937  2.5396e-08  1.0783e-12     36923  158 36923     2     3      3 64094  2.1e-10        -
17949  2.5409e-08  1.0783e-12     36947  158 36947     2     3      3 64130  2.4e-10        -
17961  2.5421e-08  1.0783e-12     36971  158 36971     2     3      3 64166  2.6e-10        -
17974  2.5435e-08  1.0783e-12     36997  158 36997     2     3      3 64205  2.8e-10        -
17987  2.5449e-08  1.0783e-12     37023  158 37023     2     3      3 64244    3e-10        -
17999  2.5462e-08  1.0783e-12     37047  158 37047     2     3      3 64280  3.3e-10        -
18011  2.5475e-08  1.0783e-12     37071  158 37071     2     3      3 64316  3.5e-10        -
18023  2.5488e-08  1.0783e-12     37095  158 37095     2     3      3 64352  3.7e-10        -
18036  2.5502e-08  9.9618e-13     37121  158 37121     2     3      3 64395  1.7e-09        -
18049  2.5515e-08  9.9618e-13     37147  158 37147     2     3      3 64447  1.7e-09        -
18062  2.5528e-08  9.9618e-13     37173  158 37173     2     3      3 64499  1.7e-09        -
18075  2.5541e-08  9.9618e-13     37199  158 37199     2     3      3 64551  1.7e-09        -
18088  2.5554e-08  9.9618e-13     37225  158 37225     2     3      3 64603  1.7e-09        -
18101  2.5567e-08  9.9618e-13     37251  158 37251     2     3      3 64655  1.7e-09        -
18114   2.558e-08  9.9618e-13     37277  158 37277     2     3      3 64707  1.8e-09        -
18127  2.5593e-08  9.9618e-13     37303  158 37303     2     3      3 64759  1.8e-09        -
18140  2.5606e-08  9.9618e-13     37329  158 37329     2     3      3 64811  1.8e-09        -
18153  2.5619e-08  9.9618e-13     37355  158 37355     2     3      3 64863  1.8e-09        -
18166  2.5631e-08  9.9618e-13     37381  158 37381     2     3      3 64915  1.8e-09        -
18179  2.5644e-08  9.9618e-13     37407  158 37407     2     3      3 64967  1.8e-09        -
18192  2.5657e-08  9.9618e-13     37433  158 37433     2     3      3 65019  1.8e-09        -
18202  2.5667e-08  9.9618e-13     37453  158 37453     2     3      3 65059  1.8e-09        -
18215   2.568e-08  9.9618e-13     37479  158 37479     2     3      3 65111  1.8e-09        -
18228  2.5693e-08  9.9618e-13     37505  158 37505     2     3      3 65163  1.9e-09        -
18241  2.5706e-08  9.9618e-13     37531  158 37531     2     3      3 65215  1.9e-09        -
18254  2.5719e-08  9.9618e-13     37557  158 37557     2     3      3 65267  1.9e-09        -
18265   2.573e-08  9.9618e-13     37579  158 37579     2     3      3 65311  1.9e-09        -
18276  2.5741e-08  9.9618e-13     37601  158 37601     2     3      3 65355  1.9e-09        -
18286  2.5751e-08   9.751e-13     37621  158 37621     2     3      3 65395  2.5e-09        -
18297  2.5762e-08   9.751e-13     37643  158 37643     2     3      3 65439  2.5e-09        -
18308  2.5772e-08   9.751e-13     37665  158 37665     2     3      3 65483  2.5e-09        -
18320  2.5784e-08   9.751e-13     37689  158 37689     2     3      3 65531  2.5e-09        -
18333  2.5797e-08   9.751e-13     37715  158 37715     2     3      3 65583  2.5e-09        -
--         当前进度:  27 % - 求解线性方程组
18342  2.5806e-08   9.751e-13     37733  158 37733     2     3      3 65619  2.5e-09        -
18352  2.5815e-08   9.751e-13     37753  158 37753     2     3      3 65659  2.5e-09        -
18361  2.5824e-08   9.751e-13     37771  158 37771     2     3      3 65695  2.6e-09        -
18372  2.5835e-08   9.751e-13     37793  158 37793     2     3      3 65739  2.6e-09        -
18382  2.5845e-08   9.751e-13     37813  158 37813     2     3      3 65779  2.6e-09        -
18393  2.5855e-08   9.751e-13     37835  158 37835     2     3      3 65823  2.6e-09        -
18405  2.5867e-08   9.751e-13     37859  158 37859     2     3      3 65871  2.6e-09        -
18417  2.5879e-08   9.751e-13     37883  158 37883     2     3      3 65919  2.6e-09        -
18427  2.5888e-08   9.751e-13     37903  158 37903     2     3      3 65959  2.6e-09        -
18438  2.5899e-08   9.751e-13     37925  158 37925     2     3      3 66003  2.6e-09        -
18448  2.5909e-08   9.751e-13     37945  158 37945     2     3      3 66043  2.6e-09        -
18458  2.5919e-08   9.751e-13     37965  158 37965     2     3      3 66083  2.7e-09        -
18467  2.5927e-08   9.751e-13     37983  158 37983     2     3      3 66119  2.7e-09        -
18478  2.5938e-08   9.751e-13     38005  158 38005     2     3      3 66163  2.7e-09        -
18489  2.5949e-08   9.751e-13     38027  158 38027     2     3      3 66207  2.7e-09        -
18500   2.596e-08   9.751e-13     38049  158 38049     2     3      3 66251  2.7e-09        -
18511   2.597e-08   9.751e-13     38071  158 38071     2     3      3 66295  2.7e-09        -
18521   2.598e-08   9.751e-13     38091  158 38091     2     3      3 66335  2.7e-09        -
18532  2.5991e-08   9.751e-13     38113  158 38113     2     3      3 66379  2.7e-09        -
18542     2.6e-08  6.7446e-13 out 38132  159 38132     2     3      3 66416  4.4e-10        -
18551  2.6012e-08  1.3489e-12     38150  160 38150     2     3      3 66443  7.7e-10        -
18562  2.6027e-08  1.3489e-12     38172  160 38172     2     3      3 66476    3e-10        -
18573  2.6042e-08  1.3489e-12     38194  160 38194     2     3      3 66509  1.7e-10        -
18580  2.6051e-08  1.3489e-12     38208  160 38208     2     3      3 66530  1.1e-10        -
18588  2.6062e-08  1.3489e-12     38224  160 38224     2     3      3 66554    7e-11        -
18598  2.6076e-08  1.3489e-12     38244  160 38244     2     3      3 66584    3e-11        -
18609   2.609e-08  1.3489e-12     38266  160 38266     2     3      3 66617  1.4e-11        -
18618  2.6103e-08  1.3489e-12     38284  160 38284     2     3      3 66644  3.6e-11        -
18627  2.6115e-08  1.3489e-12     38302  160 38302     2     3      3 66671  5.6e-11        -
18637  2.6128e-08  1.3489e-12     38322  160 38322     2     3      3 66701  7.9e-11        -
18645  2.6139e-08  1.3489e-12     38338  160 38338     2     3      3 66725  9.5e-11        -
18655  2.6152e-08  1.3489e-12     38358  160 38358     2     3      3 66755  1.2e-10        -
18662  2.6162e-08  1.3489e-12     38372  160 38372     2     3      3 66776  1.3e-10        -
18670  2.6173e-08  1.3489e-12     38388  160 38388     2     3      3 66800  1.4e-10        -
18680  2.6186e-08  1.3489e-12     38408  160 38408     2     3      3 66830  1.6e-10        -
18690    2.62e-08  1.3489e-12     38428  160 38428     2     3      3 66860  1.8e-10        -
18700  2.6213e-08  1.3489e-12     38448  160 38448     2     3      3 66890  1.9e-10        -
18711  2.6228e-08  1.3489e-12     38470  160 38470     2     3      3 66923  2.1e-10        -
18722  2.6243e-08  1.3489e-12     38492  160 38492     2     3      3 66956  2.3e-10        -
18728   2.625e-08  9.0006e-13 out 38508  162 38508     2     3      3 66982  9.7e-10        -
18739   2.626e-08  9.0006e-13     38530  162 38530     2     3      3 67015  1.9e-10        -
18750   2.627e-08  9.0006e-13     38552  162 38552     2     3      3 67048  8.8e-11        -
18761   2.628e-08  9.0006e-13     38574  162 38574     2     3      3 67081  5.8e-11        -
18772   2.629e-08  9.0006e-13     38596  162 38596     2     3      3 67114  3.8e-11        -
18783    2.63e-08  9.0006e-13     38618  162 38618     2     3      3 67147  2.8e-11        -
18794  2.6309e-08  9.0006e-13     38640  162 38640     2     3      3 67180  1.8e-11        -
18805  2.6319e-08  9.0006e-13     38662  162 38662     2     3      3 67213  1.3e-11        -
18816  2.6329e-08  9.0006e-13     38684  162 38684     2     3      3 67246  5.7e-12        -
18827  2.6339e-08  9.0006e-13     38706  162 38706     2     3      3 67279  2.6e-12        -
--         当前进度:  27 % - 
18836  2.6347e-08  9.0006e-13     38724  162 38724     2     3      3 67306  2.8e-12        -
18846  2.6356e-08  9.0006e-13     38744  162 38744     2     3      3 67336    6e-12        -
18856  2.6365e-08  9.0006e-13     38764  162 38764     2     3      3 67366    9e-12        -
18867  2.6375e-08  9.0006e-13     38786  162 38786     2     3      3 67399  1.1e-11        -
18878  2.6385e-08  9.0006e-13     38808  162 38808     2     3      3 67432  1.5e-11        -
18889  2.6395e-08  9.0006e-13     38830  162 38830     2     3      3 67465  1.7e-11        -
18900  2.6405e-08  9.0006e-13     38852  162 38852     2     3      3 67498    2e-11        -
18911  2.6415e-08  9.0006e-13     38874  162 38874     2     3      3 67531  2.2e-11        -
18922  2.6425e-08  9.0006e-13     38896  162 38896     2     3      3 67564  2.5e-11        -
18933  2.6435e-08  9.0006e-13     38918  162 38918     2     3      3 67597  2.6e-11        -
18944  2.6444e-08  9.0006e-13     38940  162 38940     2     3      3 67630  2.9e-11        -
18955  2.6454e-08  9.0006e-13     38962  162 38962     2     3      3 67663  3.1e-11        -
18967  2.6465e-08  9.0006e-13     38986  162 38986     2     3      3 67699  3.3e-11        -
18979  2.6476e-08  9.0006e-13     39010  162 39010     2     3      3 67735  3.5e-11        -
18991  2.6487e-08  9.0006e-13     39034  162 39034     2     3      3 67771  3.6e-11        -
19003  2.6498e-08  9.0006e-13     39058  162 39058     2     3      3 67807  3.8e-11        -
19013  2.6511e-08  1.5826e-12     39078  163 39078     2     3      3 67839  1.6e-09        -
19025   2.653e-08  1.5826e-12     39102  163 39102     2     3      3 67875  6.7e-10        -
19036  2.6547e-08  1.5826e-12     39124  163 39124     2     3      3 67908  3.7e-10        -
19048  2.6566e-08  1.5826e-12     39148  163 39148     2     3      3 67944  2.4e-10        -
19060  2.6585e-08  1.5826e-12     39172  163 39172     2     3      3 67980  1.5e-10        -
19072  2.6604e-08  1.5826e-12     39196  163 39196     2     3      3 68016    1e-10        -
19084  2.6623e-08  1.5826e-12     39220  163 39220     2     3      3 68052  5.9e-11        -
19096  2.6642e-08  1.5826e-12     39244  163 39244     2     3      3 68088  2.6e-11        -
19106  2.6658e-08  1.5826e-12     39264  163 39264     2     3      3 68118  3.9e-12        -
19117  2.6676e-08  1.5826e-12     39286  163 39286     2     3      3 68151  5.1e-12        -
19129  2.6695e-08  1.5826e-12     39310  163 39310     2     3      3 68187  2.6e-11        -
19141  2.6714e-08  1.5826e-12     39334  163 39334     2     3      3 68223  4.5e-11        -
19153  2.6733e-08  1.5826e-12     39358  163 39358     2     3      3 68259  6.3e-11        -
19165  2.6752e-08  1.5553e-12     39382  163 39382     2     3      3 68298  1.2e-09        -
19177   2.677e-08  1.5553e-12     39406  163 39406     2     3      3 68346  1.2e-09        -
19189  2.6789e-08  1.5553e-12     39430  163 39430     2     3      3 68394  1.2e-09        -
19201  2.6808e-08  1.5553e-12     39454  163 39454     2     3      3 68442  1.2e-09        -
19212  2.6825e-08  1.5553e-12     39476  163 39476     2     3      3 68486  1.2e-09        -
19223  2.6842e-08  1.5553e-12     39498  163 39498     2     3      3 68530  1.2e-09        -
19233  2.6857e-08  1.5553e-12     39518  163 39518     2     3      3 68570  1.2e-09        -
19245  2.6876e-08  1.5553e-12     39542  163 39542     2     3      3 68618  1.2e-09        -
19256  2.6893e-08  1.5553e-12     39564  163 39564     2     3      3 68662  1.2e-09        -
19268  2.6912e-08  1.5553e-12     39588  163 39588     2     3      3 68710  1.2e-09        -
19280   2.693e-08  1.5553e-12     39612  163 39612     2     3      3 68758  1.2e-09        -
19291  2.6948e-08  1.5553e-12     39634  163 39634     2     3      3 68802  1.2e-09        -
19303  2.6966e-08  1.5553e-12     39658  163 39658     2     3      3 68850  1.2e-09        -
19314  2.6983e-08  1.5553e-12     39680  163 39680     2     3      3 68894  1.3e-09        -
19325     2.7e-08  1.3572e-12 out 39702  163 39702     2     3      3 68938  1.3e-08        -
19337  2.7016e-08  1.3572e-12     39726  163 39726     2     3      3 68986  1.3e-08        -
19349  2.7033e-08  1.3572e-12     39750  163 39750     2     3      3 69034  1.3e-08        -
19361  2.7049e-08  1.3572e-12     39774  163 39774     2     3      3 69082  1.3e-08        -
19374  2.7067e-08  1.3572e-12     39800  163 39800     2     3      3 69134  1.3e-08        -
19386  2.7083e-08  1.3572e-12     39824  163 39824     2     3      3 69182  1.3e-08        -
19398  2.7099e-08  1.3572e-12     39848  163 39848     2     3      3 69230  1.3e-08        -
--         当前进度:  28 % - 正在组装残差
19408  2.7113e-08  1.3572e-12     39868  163 39868     2     3      3 69270  1.3e-08        -
19420  2.7129e-08  1.3572e-12     39892  163 39892     2     3      3 69318  1.3e-08        -
19432  2.7145e-08  1.3572e-12     39916  163 39916     2     3      3 69366  1.3e-08        -
19444  2.7162e-08  1.3572e-12     39940  163 39940     2     3      3 69414  1.3e-08        -
19455  2.7176e-08  1.3572e-12     39962  163 39962     2     3      3 69458  1.3e-08        -
19467  2.7193e-08  1.3572e-12     39986  163 39986     2     3      3 69506  1.3e-08        -
19479  2.7209e-08  1.3572e-12     40010  163 40010     2     3      3 69554  1.3e-08        -
19491  2.7225e-08  1.3572e-12     40034  163 40034     2     3      3 69602  1.3e-08        -
19503  2.7242e-08  1.3572e-12     40058  163 40058     2     3      3 69650  1.3e-08        -
19513  2.7252e-08  8.1752e-13     40078  164 40078     2     3      3 69685  5.6e-10        -
19525  2.7262e-08  8.1752e-13     40102  164 40102     2     3      3 69721  1.8e-10        -
19537  2.7272e-08  8.1752e-13     40126  164 40126     2     3      3 69757  1.1e-10        -
19549  2.7282e-08  8.1752e-13     40150  164 40150     2     3      3 69793  8.4e-11        -
19561  2.7292e-08  8.1752e-13     40174  164 40174     2     3      3 69829  6.9e-11        -
19573  2.7302e-08  8.1752e-13     40198  164 40198     2     3      3 69865  6.1e-11        -
19582  2.7309e-08  8.1752e-13     40216  164 40216     2     3      3 69892  5.3e-11        -
19592  2.7317e-08  8.1752e-13     40236  164 40236     2     3      3 69922  5.1e-11        -
19603  2.7326e-08  8.1752e-13     40258  164 40258     2     3      3 69955  5.1e-11        -
19614  2.7335e-08  8.1752e-13     40280  164 40280     2     3      3 69988  4.8e-11        -
19626  2.7345e-08  8.1752e-13     40304  164 40304     2     3      3 70024  4.7e-11        -
19638  2.7355e-08  8.1752e-13     40328  164 40328     2     3      3 70060  4.8e-11        -
19650  2.7364e-08  8.1752e-13     40352  164 40352     2     3      3 70096  4.8e-11        -
19662  2.7374e-08  8.1752e-13     40376  164 40376     2     3      3 70132  4.9e-11        -
19674  2.7384e-08  8.1752e-13     40400  164 40400     2     3      3 70168    5e-11        -
19686  2.7394e-08  8.1752e-13     40424  164 40424     2     3      3 70204  5.2e-11        -
19696  2.7402e-08  8.1752e-13     40444  164 40444     2     3      3 70234  5.3e-11        -
19706   2.741e-08  8.1752e-13     40464  164 40464     2     3      3 70264  5.4e-11        -
19714  2.7417e-08  8.1752e-13     40480  164 40480     2     3      3 70288  5.5e-11        -
19725  2.7426e-08  8.1752e-13     40502  164 40502     2     3      3 70321  5.8e-11        -
19736  2.7435e-08  8.1752e-13     40524  164 40524     2     3      3 70354  5.9e-11        -
19747  2.7444e-08  8.1752e-13     40546  164 40546     2     3      3 70387  6.2e-11        -
19758  2.7453e-08  8.1752e-13     40568  164 40568     2     3      3 70420  6.3e-11        -
19769  2.7462e-08  8.1752e-13     40590  164 40590     2     3      3 70453  6.6e-11        -
19778  2.7469e-08  8.1752e-13     40608  164 40608     2     3      3 70480  6.7e-11        -
19787  2.7476e-08  8.1752e-13     40626  164 40626     2     3      3 70507  6.9e-11        -
19796  2.7484e-08  8.1752e-13     40644  164 40644     2     3      3 70534  7.1e-11        -
19805  2.7491e-08  8.1752e-13     40662  164 40662     2     3      3 70561  7.3e-11        -
19814  2.7499e-08  8.1752e-13     40680  164 40680     2     3      3 70588  7.4e-11        -
19822  2.7509e-08  1.4753e-12     40696  165 40696     2     3      3 70614  3.4e-09        -
19831  2.7522e-08  1.4753e-12     40714  165 40714     2     3      3 70641  1.5e-09        -
19841  2.7537e-08  1.4753e-12     40734  165 40734     2     3      3 70671  9.3e-10        -
19850   2.755e-08  1.4753e-12     40752  165 40752     2     3      3 70698  7.2e-10        -
19860  2.7565e-08  1.4753e-12     40772  165 40772     2     3      3 70728  6.1e-10        -
19870   2.758e-08  1.4753e-12     40792  165 40792     2     3      3 70758  5.6e-10        -
19881  2.7596e-08  1.4753e-12     40814  165 40814     2     3      3 70791  5.3e-10        -
19891  2.7611e-08  1.4753e-12     40834  165 40834     2     3      3 70821  5.2e-10        -
19901  2.7625e-08  1.4753e-12     40854  165 40854     2     3      3 70851  5.2e-10        -
19912  2.7642e-08  1.4753e-12     40876  165 40876     2     3      3 70884  5.3e-10        -
19923  2.7658e-08  1.4753e-12     40898  165 40898     2     3      3 70917  5.5e-10        -
19934  2.7674e-08  1.4753e-12     40920  165 40920     2     3      3 70950  5.6e-10        -
19942  2.7686e-08  1.4753e-12     40936  165 40936     2     3      3 70974  5.8e-10        -
19951  2.7699e-08  1.4753e-12     40954  165 40954     2     3      3 71001    6e-10        -
19961  2.7714e-08  1.4753e-12     40974  165 40974     2     3      3 71031  6.3e-10        -
19972   2.773e-08  1.4753e-12     40996  165 40996     2     3      3 71064  6.6e-10        -
19983  2.7746e-08  1.4753e-12     41018  165 41018     2     3      3 71097  6.9e-10        -
19994  2.7759e-08  1.0775e-12     41040  165 41040     2     3      3 71140  2.7e-08        -
20005   2.777e-08  1.0775e-12     41062  165 41062     2     3      3 71184  2.7e-08        -
20016  2.7782e-08  1.0775e-12     41084  165 41084     2     3      3 71228  2.7e-08        -
20025  2.7792e-08  1.0775e-12     41102  165 41102     2     3      3 71264  2.7e-08        -
20036  2.7804e-08  1.0775e-12     41124  165 41124     2     3      3 71308  2.7e-08        -
20046  2.7815e-08  1.0775e-12     41144  165 41144     2     3      3 71348  2.7e-08        -
20056  2.7825e-08  1.0775e-12     41164  165 41164     2     3      3 71388  2.7e-08        -
20067  2.7837e-08  1.0775e-12     41186  165 41186     2     3      3 71432  2.7e-08        -
20078  2.7849e-08  1.0775e-12     41208  165 41208     2     3      3 71476  2.7e-08        -
20089  2.7861e-08  1.0775e-12     41230  165 41230     2     3      3 71520  2.7e-08        -
20100  2.7873e-08  1.0775e-12     41252  165 41252     2     3      3 71564  2.7e-08        -
20111  2.7885e-08  1.0775e-12     41274  165 41274     2     3      3 71608  2.7e-08        -
20122  2.7897e-08  1.0775e-12     41296  165 41296     2     3      3 71652  2.7e-08        -
20133  2.7908e-08  1.0775e-12     41318  165 41318     2     3      3 71696  2.7e-08        -
20144   2.792e-08  1.0775e-12     41340  165 41340     2     3      3 71740  2.7e-08        -
20153   2.793e-08  1.0775e-12     41358  165 41358     2     3      3 71776  2.7e-08        -
20163  2.7941e-08  1.0775e-12     41378  165 41378     2     3      3 71816  2.7e-08        -
20174  2.7953e-08  1.0775e-12     41400  165 41400     2     3      3 71860  2.7e-08        -
20185  2.7964e-08  1.0775e-12     41422  165 41422     2     3      3 71904  2.7e-08        -
20196  2.7976e-08  1.0775e-12     41444  165 41444     2     3      3 71948  2.7e-08        -
20207  2.7988e-08  1.0775e-12     41466  165 41466     2     3      3 71992  2.7e-08        -
20218  2.7999e-08  5.4616e-13     41487  166 41487     2     3      3 72034  1.6e-09        -
20228   2.801e-08  1.0923e-12     41507  167 41507     2     3      3 72064  1.4e-09        -
20240  2.8023e-08  1.0923e-12     41531  167 41531     2     3      3 72100  6.4e-10        -
20252  2.8036e-08  1.0923e-12     41555  167 41555     2     3      3 72136  4.3e-10        -
20264  2.8049e-08  1.0923e-12     41579  167 41579     2     3      3 72172  3.5e-10        -
20276  2.8062e-08  1.0923e-12     41603  167 41603     2     3      3 72208    3e-10        -
20288  2.8075e-08  1.0923e-12     41627  167 41627     2     3      3 72244  2.8e-10        -
20300  2.8088e-08  1.0923e-12     41651  167 41651     2     3      3 72280  2.7e-10        -
20311    2.81e-08  1.0923e-12     41673  167 41673     2     3      3 72313  2.5e-10        -
20323  2.8114e-08  1.0923e-12     41697  167 41697     2     3      3 72349  2.6e-10        -
20335  2.8127e-08  1.0923e-12     41721  167 41721     2     3      3 72385  2.7e-10        -
20347   2.814e-08  1.0923e-12     41745  167 41745     2     3      3 72421  2.8e-10        -
20359  2.8153e-08  1.0923e-12     41769  167 41769     2     3      3 72457  2.9e-10        -
20369  2.8164e-08  1.0923e-12     41789  167 41789     2     3      3 72487    3e-10        -
20380  2.8176e-08  1.0923e-12     41811  167 41811     2     3      3 72520  3.2e-10        -
20391  2.8188e-08  1.0923e-12     41833  167 41833     2     3      3 72553  3.3e-10        -
20403  2.8201e-08  1.0923e-12     41857  167 41857     2     3      3 72589  3.5e-10        -
20415  2.8214e-08  1.0923e-12     41881  167 41881     2     3      3 72625  3.6e-10        -
20427  2.8227e-08  1.0923e-12     41905  167 41905     2     3      3 72661  3.8e-10        -
20437  2.8238e-08  1.0923e-12     41925  167 41925     2     3      3 72691    4e-10        -
20447  2.8249e-08  1.0209e-12     41945  167 41945     2     3      3 72722  1.9e-09        -
20456  2.8258e-08  1.0209e-12     41963  167 41963     2     3      3 72758  1.9e-09        -
20466  2.8268e-08  1.0209e-12     41983  167 41983     2     3      3 72798  1.9e-09        -
--         当前进度:  29 % - 
20475  2.8278e-08  1.0209e-12     42001  167 42001     2     3      3 72834  1.9e-09        -
20486  2.8289e-08  1.0209e-12     42023  167 42023     2     3      3 72878  1.9e-09        -
20496  2.8299e-08  1.0209e-12     42043  167 42043     2     3      3 72918  1.9e-09        -
20507   2.831e-08  1.0209e-12     42065  167 42065     2     3      3 72962  1.9e-09        -
20518  2.8321e-08  1.0209e-12     42087  167 42087     2     3      3 73006  1.8e-09        -
20529  2.8333e-08  1.0209e-12     42109  167 42109     2     3      3 73050  1.9e-09        -
20540  2.8344e-08  1.0209e-12     42131  167 42131     2     3      3 73094  1.8e-09        -
20551  2.8355e-08  1.0209e-12     42153  167 42153     2     3      3 73138  1.8e-09        -
20562  2.8366e-08  1.0209e-12     42175  167 42175     2     3      3 73182  1.8e-09        -
20570  2.8375e-08  1.0209e-12     42191  167 42191     2     3      3 73214  1.8e-09        -
20580  2.8385e-08  1.0209e-12     42211  167 42211     2     3      3 73254  1.8e-09        -
20590  2.8395e-08  1.0209e-12     42231  167 42231     2     3      3 73294  1.8e-09        -
20601  2.8406e-08  1.0209e-12     42253  167 42253     2     3      3 73338  1.8e-09        -
20612  2.8417e-08  1.0209e-12     42275  167 42275     2     3      3 73382  1.8e-09        -
20621  2.8427e-08  1.0209e-12     42293  167 42293     2     3      3 73418  1.8e-09        -
20628  2.8434e-08  1.0209e-12     42307  167 42307     2     3      3 73446  1.8e-09        -
20637  2.8443e-08  1.0209e-12     42325  167 42325     2     3      3 73482  1.8e-09        -
20646  2.8452e-08  1.0209e-12     42343  167 42343     2     3      3 73518  1.8e-09        -
20655  2.8461e-08  1.0209e-12     42361  167 42361     2     3      3 73554  1.8e-09        -
20664  2.8471e-08  1.0209e-12     42379  167 42379     2     3      3 73590  1.7e-09        -
20672  2.8479e-08  1.0209e-12     42395  167 42395     2     3      3 73622  1.7e-09        -
20683   2.849e-08  1.0209e-12     42417  167 42417     2     3      3 73666  1.7e-09        -
20694  2.8501e-08   9.645e-13     42439  167 42439     2     3      3 73710  3.4e-09        -
20705  2.8512e-08   9.645e-13     42461  167 42461     2     3      3 73754  3.4e-09        -
20716  2.8522e-08   9.645e-13     42483  167 42483     2     3      3 73798  3.3e-09        -
20727  2.8533e-08   9.645e-13     42505  167 42505     2     3      3 73842  3.3e-09        -
20738  2.8543e-08   9.645e-13     42527  167 42527     2     3      3 73886  3.3e-09        -
20749  2.8554e-08   9.645e-13     42549  167 42549     2     3      3 73930  3.3e-09        -
20760  2.8565e-08   9.645e-13     42571  167 42571     2     3      3 73974  3.2e-09        -
20769  2.8573e-08   9.645e-13     42589  167 42589     2     3      3 74010  3.2e-09        -
20778  2.8582e-08   9.645e-13     42607  167 42607     2     3      3 74046  3.2e-09        -
20789  2.8593e-08   9.645e-13     42629  167 42629     2     3      3 74090  3.2e-09        -
20800  2.8603e-08   9.645e-13     42651  167 42651     2     3      3 74134  3.2e-09        -
20811  2.8614e-08   9.645e-13     42673  167 42673     2     3      3 74178  3.1e-09        -
20819  2.8622e-08   9.645e-13     42689  167 42689     2     3      3 74210  3.1e-09        -
20828   2.863e-08   9.645e-13     42707  167 42707     2     3      3 74246  3.1e-09        -
20838   2.864e-08   9.645e-13     42727  167 42727     2     3      3 74286  3.1e-09        -
20846  2.8648e-08   9.645e-13     42743  167 42743     2     3      3 74318  3.1e-09        -
20856  2.8657e-08   9.645e-13     42763  167 42763     2     3      3 74358    3e-09        -
20867  2.8668e-08   9.645e-13     42785  167 42785     2     3      3 74402    3e-09        -
20874  2.8675e-08   9.645e-13     42799  167 42799     2     3      3 74430    3e-09        -
20883  2.8683e-08   9.645e-13     42817  167 42817     2     3      3 74466    3e-09        -
20892  2.8692e-08   9.645e-13     42835  167 42835     2     3      3 74502  2.9e-09        -
20900    2.87e-08   9.645e-13     42851  167 42851     2     3      3 74534  2.9e-09        -
20908  2.8707e-08   9.645e-13     42867  167 42867     2     3      3 74566  2.9e-09        -
20917  2.8716e-08   9.645e-13     42885  167 42885     2     3      3 74602  2.9e-09        -
20928  2.8727e-08   9.645e-13     42907  167 42907     2     3      3 74646  2.9e-09        -
20939  2.8737e-08   9.645e-13     42929  167 42929     2     3      3 74690  2.8e-09        -
--         当前进度:  29 % - 求解线性方程组
20948  2.8746e-08   9.645e-13     42947  167 42947     2     3      3 74726  2.8e-09        -
20956  2.8753e-08  1.1578e-12     42962  169 42962     2     3      3 74752  3.2e-09        -
20967  2.8766e-08  1.1578e-12     42984  169 42984     2     3      3 74785  6.9e-10        -
20977  2.8778e-08  1.1578e-12     43004  169 43004     2     3      3 74815  4.3e-10        -
20988  2.8791e-08  1.1578e-12     43026  169 43026     2     3      3 74848  3.4e-10        -
21000  2.8804e-08  1.1578e-12     43050  169 43050     2     3      3 74884  3.2e-10        -
21011  2.8817e-08  1.1578e-12     43072  169 43072     2     3      3 74917  3.3e-10        -
21022   2.883e-08  1.1578e-12     43094  169 43094     2     3      3 74950  3.5e-10        -
21033  2.8843e-08  1.1578e-12     43116  169 43116     2     3      3 74983  3.8e-10        -
21044  2.8855e-08  1.1578e-12     43138  169 43138     2     3      3 75016  4.1e-10        -
21056  2.8869e-08  1.1578e-12     43162  169 43162     2     3      3 75052  4.5e-10        -
21067  2.8882e-08  1.1578e-12     43184  169 43184     2     3      3 75085  4.8e-10        -
21078  2.8895e-08  1.1578e-12     43206  169 43206     2     3      3 75118  5.2e-10        -
21090  2.8909e-08  1.1578e-12     43230  169 43230     2     3      3 75154  5.6e-10        -
21100   2.892e-08  1.1578e-12     43250  169 43250     2     3      3 75184  5.9e-10        -
21112  2.8934e-08  1.1578e-12     43274  169 43274     2     3      3 75220  6.4e-10        -
21123  2.8947e-08  1.1578e-12     43296  169 43296     2     3      3 75253  6.7e-10        -
21135  2.8961e-08  1.1578e-12     43320  169 43320     2     3      3 75289  7.1e-10        -
21147  2.8975e-08  1.1578e-12     43344  169 43344     2     3      3 75325  7.5e-10        -
21159  2.8989e-08  1.1578e-12     43368  169 43368     2     3      3 75361  7.9e-10        -
21169     2.9e-08  1.1189e-12 out 43388  169 43388     2     3      3 75393  6.8e-10        -
21178   2.901e-08  1.1189e-12     43406  169 43406     2     3      3 75429  6.5e-10        -
21187   2.902e-08  1.1189e-12     43424  169 43424     2     3      3 75465  6.4e-10        -
21195  2.9029e-08  1.1189e-12     43440  169 43440     2     3      3 75497  6.3e-10        -
21204  2.9039e-08  1.1189e-12     43458  169 43458     2     3      3 75533    6e-10        -
21215  2.9051e-08  1.1189e-12     43480  169 43480     2     3      3 75577  5.9e-10        -
21226  2.9064e-08  1.1189e-12     43502  169 43502     2     3      3 75621  5.6e-10        -
21235  2.9074e-08  1.1189e-12     43520  169 43520     2     3      3 75657  5.5e-10        -
21246  2.9086e-08  1.1189e-12     43542  169 43542     2     3      3 75701  5.2e-10        -
21257  2.9098e-08  1.1189e-12     43564  169 43564     2     3      3 75745    5e-10        -
21269  2.9112e-08  1.1189e-12     43588  169 43588     2     3      3 75793  4.8e-10        -
21281  2.9125e-08  1.1189e-12     43612  169 43612     2     3      3 75841  4.5e-10        -
21293  2.9139e-08  1.1189e-12     43636  169 43636     2     3      3 75889  4.3e-10        -
21305  2.9152e-08  1.1189e-12     43660  169 43660     2     3      3 75937  4.1e-10        -
21317  2.9166e-08  1.1189e-12     43684  169 43684     2     3      3 75985  3.8e-10        -
21329  2.9179e-08  1.1189e-12     43708  169 43708     2     3      3 76033  3.6e-10        -
21341  2.9192e-08  1.1189e-12     43732  169 43732     2     3      3 76081  3.4e-10        -
21353  2.9206e-08  1.1189e-12     43756  169 43756     2     3      3 76129  3.1e-10        -
21365  2.9219e-08  1.1189e-12     43780  169 43780     2     3      3 76177  2.9e-10        -
21377  2.9233e-08  1.1189e-12     43804  169 43804     2     3      3 76225  2.7e-10        -
21388  2.9245e-08  1.1189e-12     43826  169 43826     2     3      3 76269  2.5e-10        -
21398  2.9254e-08  8.0272e-13     43846  169 43846     2     3      3 76309  4.6e-09        -
21409  2.9263e-08  8.0272e-13     43868  169 43868     2     3      3 76353  4.3e-09        -
21417  2.9269e-08  8.0272e-13     43884  169 43884     2     3      3 76385  4.1e-09        -
21426  2.9276e-08  8.0272e-13     43902  169 43902     2     3      3 76421    4e-09        -
21436  2.9285e-08  8.0272e-13     43922  169 43922     2     3      3 76461  3.8e-09        -
21445  2.9292e-08  8.0272e-13     43940  169 43940     2     3      3 76497  3.6e-09        -
21456  2.9301e-08  8.0272e-13     43962  169 43962     2     3      3 76541  3.3e-09        -
21466  2.9309e-08  8.0272e-13     43982  169 43982     2     3      3 76581  3.2e-09        -
21477  2.9317e-08  8.0272e-13     44004  169 44004     2     3      3 76625  2.9e-09        -
---        当前进度:  30 % - 
21488  2.9326e-08  8.0272e-13     44026  169 44026     2     3      3 76669  2.7e-09        -
21499  2.9335e-08  8.0272e-13     44048  169 44048     2     3      3 76713  2.5e-09        -
21508  2.9342e-08  8.0272e-13     44066  169 44066     2     3      3 76749  2.4e-09        -
21518   2.935e-08  8.0272e-13     44086  169 44086     2     3      3 76789  2.2e-09        -
21529  2.9359e-08  8.0272e-13     44108  169 44108     2     3      3 76833    2e-09        -
21540  2.9368e-08  8.0272e-13     44130  169 44130     2     3      3 76877  1.8e-09        -
21551  2.9377e-08  8.0272e-13     44152  169 44152     2     3      3 76921  1.7e-09        -
21562  2.9386e-08  8.0272e-13     44174  169 44174     2     3      3 76965  1.5e-09        -
21572  2.9394e-08  8.0272e-13     44194  169 44194     2     3      3 77005  1.3e-09        -
21583  2.9403e-08  8.0272e-13     44216  169 44216     2     3      3 77049  1.2e-09        -
21594  2.9411e-08  8.0272e-13     44238  169 44238     2     3      3 77093    1e-09        -
21605   2.942e-08  8.0272e-13     44260  169 44260     2     3      3 77137  9.1e-10        -
21615  2.9428e-08  8.0272e-13     44280  169 44280     2     3      3 77177  7.9e-10        -
21626  2.9437e-08  8.0272e-13     44302  169 44302     2     3      3 77221  6.7e-10        -
21636  2.9445e-08  8.0272e-13     44322  169 44322     2     3      3 77261  5.7e-10        -
21645  2.9452e-08  8.0272e-13     44340  169 44340     2     3      3 77297  4.9e-10        -
21655   2.946e-08  8.0272e-13     44360  169 44360     2     3      3 77337    4e-10        -
21666  2.9469e-08  8.0272e-13     44382  169 44382     2     3      3 77381  3.2e-10        -
21676  2.9477e-08  8.0272e-13     44402  169 44402     2     3      3 77421  2.5e-10        -
21687  2.9486e-08  8.0272e-13     44424  169 44424     2     3      3 77465  1.8e-10        -
21698  2.9495e-08  8.0272e-13     44446  169 44446     2     3      3 77509  1.2e-10        -
21706  2.9501e-08   1.156e-12     44462  171 44462     2     3      3 77538  4.1e-11        -
21717  2.9514e-08   1.156e-12     44484  171 44484     2     3      3 77571  6.9e-12        -
21728  2.9527e-08   1.156e-12     44506  171 44506     2     3      3 77604  6.2e-12        -
21738  2.9538e-08   1.156e-12     44526  171 44526     2     3      3 77629  1.6e-08        -
21748   2.955e-08   1.156e-12     44546  171 44546     2     3      3 77658  1.5e-11        -
21760  2.9564e-08   1.156e-12     44570  171 44570     2     3      3 77694    4e-11        -
21771  2.9576e-08   1.156e-12     44592  171 44592     2     3      3 77727  7.2e-11        -
21780  2.9587e-08   1.156e-12     44610  171 44610     2     3      3 77754    1e-10        -
21791  2.9599e-08   1.156e-12     44632  171 44632     2     3      3 77787  1.5e-10        -
21800   2.961e-08   1.156e-12     44650  171 44650     2     3      3 77814    2e-10        -
21811  2.9623e-08   1.156e-12     44672  171 44672     2     3      3 77847  2.7e-10        -
21822  2.9635e-08   1.156e-12     44694  171 44694     2     3      3 77880  3.4e-10        -
21831  2.9646e-08   1.156e-12     44712  171 44712     2     3      3 77907  4.1e-10        -
21842  2.9658e-08   1.156e-12     44734  171 44734     2     3      3 77940  5.1e-10        -
21853  2.9671e-08   1.156e-12     44756  171 44756     2     3      3 77973  6.2e-10        -
21864  2.9684e-08   1.156e-12     44778  171 44778     2     3      3 78006  7.4e-10        -
21875  2.9697e-08   1.156e-12     44800  171 44800     2     3      3 78039  8.7e-10        -
21886  2.9709e-08   1.156e-12     44822  171 44822     2     3      3 78072    1e-09        -
21896  2.9721e-08   1.156e-12     44842  171 44842     2     3      3 78102  1.2e-09        -
21907  2.9734e-08   1.156e-12     44864  171 44864     2     3      3 78135  1.3e-09        -
21918  2.9746e-08   1.156e-12     44886  171 44886     2     3      3 78168  1.5e-09        -
21928  2.9754e-08  7.2673e-13     44906  172 44906     2     3      3 78198  1.4e-11        -
21939  2.9762e-08  7.2673e-13     44928  172 44928     2     3      3 78231  2.8e-11        -
21950   2.977e-08  7.2673e-13     44950  172 44950     2     3      3 78264  4.8e-11        -
21961  2.9778e-08  7.2673e-13     44972  172 44972     2     3      3 78297  6.8e-11        -
21972  2.9786e-08  7.2673e-13     44994  172 44994     2     3      3 78330  9.1e-11        -
21983  2.9794e-08  7.2673e-13     45016  172 45016     2     3      3 78363  1.1e-10        -
21994  2.9802e-08  7.2673e-13     45038  172 45038     2     3      3 78396  1.4e-10        -
22006  2.9811e-08  7.2673e-13     45062  172 45062     2     3      3 78432  1.7e-10        -
---        当前进度:  30 % - 求解线性方程组
22016  2.9818e-08  7.2673e-13     45082  172 45082     2     3      3 78462    2e-10        -
22027  2.9826e-08  7.2673e-13     45104  172 45104     2     3      3 78495  2.3e-10        -
22038  2.9834e-08  7.2673e-13     45126  172 45126     2     3      3 78528  2.6e-10        -
22048  2.9842e-08  7.2673e-13     45146  172 45146     2     3      3 78558  2.9e-10        -
22060   2.985e-08  7.2673e-13     45170  172 45170     2     3      3 78594  3.3e-10        -
22070  2.9858e-08  7.2673e-13     45190  172 45190     2     3      3 78624  3.7e-10        -
22082  2.9866e-08  7.2673e-13     45214  172 45214     2     3      3 78660  4.1e-10        -
22093  2.9874e-08  7.2673e-13     45236  172 45236     2     3      3 78693  4.5e-10        -
22104  2.9882e-08  7.2673e-13     45258  172 45258     2     3      3 78726    5e-10        -
22115   2.989e-08  7.2673e-13     45280  172 45280     2     3      3 78759  5.5e-10        -
22127  2.9899e-08  7.2673e-13     45304  172 45304     2     3      3 78795    6e-10        -
22139  2.9908e-08  7.2673e-13     45328  172 45328     2     3      3 78831  6.5e-10        -
22151  2.9916e-08  7.2673e-13     45352  172 45352     2     3      3 78867  7.1e-10        -
22163  2.9925e-08  7.2673e-13     45376  172 45376     2     3      3 78903  7.7e-10        -
22175  2.9934e-08  7.2673e-13     45400  172 45400     2     3      3 78939  8.4e-10        -
22187  2.9943e-08  7.2673e-13     45424  172 45424     2     3      3 78975    9e-10        -
22199  2.9951e-08  7.2673e-13     45448  172 45448     2     3      3 79011  9.7e-10        -
22211   2.996e-08  7.2673e-13     45472  172 45472     2     3      3 79047    1e-09        -
22223  2.9969e-08  7.2673e-13     45496  172 45496     2     3      3 79083  1.1e-09        -
22235  2.9977e-08  7.2673e-13     45520  172 45520     2     3      3 79119  1.2e-09        -
22247  2.9986e-08  7.2673e-13     45544  172 45544     2     3      3 79155  1.3e-09        -
22259  2.9995e-08  7.2673e-13     45568  172 45568     2     3      3 79191  1.4e-09        -
22269  3.0001e-08   7.332e-13     45587  174 45587     2     3      3 79220  2.8e-09        -
22280   3.001e-08   7.332e-13     45609  174 45609     2     3      3 79253  9.9e-11        -
22292  3.0018e-08   7.332e-13     45633  174 45633     2     3      3 79289  1.3e-10        -
22301  3.0025e-08   7.332e-13     45651  174 45651     2     3      3 79316  1.8e-10        -
22313  3.0034e-08   7.332e-13     45675  174 45675     2     3      3 79352  2.5e-10        -
22325  3.0043e-08   7.332e-13     45699  174 45699     2     3      3 79388  3.3e-10        -
22337  3.0051e-08   7.332e-13     45723  174 45723     2     3      3 79424  4.2e-10        -
22346  3.0058e-08   7.332e-13     45741  174 45741     2     3      3 79451  4.9e-10        -
22357  3.0066e-08   7.332e-13     45763  174 45763     2     3      3 79484  5.7e-10        -
22369  3.0075e-08   7.332e-13     45787  174 45787     2     3      3 79520  6.6e-10        -
22380  3.0083e-08   7.332e-13     45809  174 45809     2     3      3 79553  7.5e-10        -
22390   3.009e-08   7.332e-13     45829  174 45829     2     3      3 79583  8.4e-10        -
22401  3.0098e-08   7.332e-13     45851  174 45851     2     3      3 79616  9.3e-10        -
22413  3.0107e-08   7.332e-13     45875  174 45875     2     3      3 79652    1e-09        -
22425  3.0116e-08   7.332e-13     45899  174 45899     2     3      3 79688  1.1e-09        -
22437  3.0125e-08   7.332e-13     45923  174 45923     2     3      3 79724  1.3e-09        -
22449  3.0133e-08   7.332e-13     45947  174 45947     2     3      3 79760  1.4e-09        -
22461  3.0142e-08   7.332e-13     45971  174 45971     2     3      3 79796  1.5e-09        -
22473  3.0151e-08   7.332e-13     45995  174 45995     2     3      3 79832  1.6e-09        -
22485   3.016e-08   7.332e-13     46019  174 46019     2     3      3 79868  1.8e-09        -
22497  3.0169e-08   7.332e-13     46043  174 46043     2     3      3 79904  1.9e-09        -
22509  3.0177e-08   7.332e-13     46067  174 46067     2     3      3 79940    2e-09        -
22521  3.0186e-08   7.332e-13     46091  174 46091     2     3      3 79976  2.2e-09        -
22533  3.0195e-08   7.332e-13     46115  174 46115     2     3      3 80012  2.3e-09        -
22545  3.0204e-08   7.332e-13     46139  174 46139     2     3      3 80048  2.5e-09        -
22557  3.0213e-08   7.332e-13     46163  174 46163     2     3      3 80084  2.6e-09        -
22569  3.0221e-08   7.332e-13     46187  174 46187     2     3      3 80120  2.8e-09        -
22580  3.0229e-08   7.332e-13     46209  174 46209     2     3      3 80153  2.9e-09        -
---        当前进度:  30 % - 正在组装残差
22589  3.0236e-08   7.332e-13     46227  174 46227     2     3      3 80180    3e-09        -
22600  3.0244e-08   7.332e-13     46249  174 46249     2     3      3 80213  3.2e-09        -
22611  3.0252e-08  7.2232e-13     46271  174 46271     2     3      3 80246  3.4e-07        -
22622   3.026e-08  7.2232e-13     46293  174 46293     2     3      3 80279  3.7e-07        -
22633  3.0268e-08  7.2232e-13     46315  174 46315     2     3      3 80312  3.3e-07        -
22645  3.0277e-08  7.2232e-13     46339  174 46339     2     3      3 80348  3.2e-07        -
22656  3.0285e-08  7.2232e-13     46361  174 46361     2     3      3 80381  3.6e-07        -
22667  3.0293e-08  7.2232e-13     46383  174 46383     2     3      3 80414  3.1e-07        -
22679  3.0301e-08  7.2232e-13     46407  174 46407     2     3      3 80450  3.1e-07        -
22691   3.031e-08  7.2232e-13     46431  174 46431     2     3      3 80486    3e-07        -
22702  3.0318e-08  7.2232e-13     46453  174 46453     2     3      3 80519  3.4e-07        -
22711  3.0324e-08  7.2232e-13     46471  174 46471     2     3      3 80546    3e-07        -
22720  3.0331e-08  7.2232e-13     46489  174 46489     2     3      3 80573  3.4e-07        -
22731  3.0339e-08  7.2232e-13     46511  174 46511     2     3      3 80606  2.9e-07        -
22743  3.0348e-08  7.2232e-13     46535  174 46535     2     3      3 80642  2.9e-07        -
22754  3.0355e-08  7.2232e-13     46557  174 46557     2     3      3 80675  3.3e-07        -
22764  3.0363e-08  7.2232e-13     46577  174 46577     2     3      3 80705  3.2e-07        -
22775  3.0371e-08  7.2232e-13     46599  174 46599     2     3      3 80738  2.8e-07        -
22787  3.0379e-08  7.2232e-13     46623  174 46623     2     3      3 80774  2.8e-07        -
22796  3.0386e-08  7.2232e-13     46641  174 46641     2     3      3 80801  3.1e-07        -
22808  3.0394e-08  7.2232e-13     46665  174 46665     2     3      3 80837  3.1e-07        -
22820  3.0403e-08  7.2232e-13     46689  174 46689     2     3      3 80873  3.1e-07        -
22831  3.0411e-08  7.2232e-13     46711  174 46711     2     3      3 80906  2.7e-07        -
22843   3.042e-08  7.2232e-13     46735  174 46735     2     3      3 80942  2.6e-07        -
22855  3.0428e-08  7.2232e-13     46759  174 46759     2     3      3 80978  2.6e-07        -
22866  3.0436e-08  7.2232e-13     46781  174 46781     2     3      3 81011    3e-07        -
22876  3.0444e-08  7.2232e-13     46801  174 46801     2     3      3 81041    3e-07        -
22887  3.0452e-08  7.2232e-13     46823  174 46823     2     3      3 81074  2.6e-07        -
22898  3.0459e-08  7.2232e-13     46845  174 46845     2     3      3 81107  2.9e-07        -
22909  3.0467e-08  7.2232e-13     46867  174 46867     2     3      3 81140  2.5e-07        -
22921  3.0476e-08  7.2232e-13     46891  174 46891     2     3      3 81176  2.5e-07        -
22931  3.0483e-08  7.2232e-13     46911  174 46911     2     3      3 81206  2.5e-07        -
22942  3.0491e-08  7.2232e-13     46933  174 46933     2     3      3 81239  2.9e-07        -
22953  3.0499e-08  7.2232e-13     46955  174 46955     2     3      3 81272  2.5e-07        -
22961  3.0505e-08   7.996e-13     46971  176 46971     2     3      3 81296  8.9e-09        -
22972  3.0514e-08   7.996e-13     46993  176 46993     2     3      3 81329  1.9e-09        -
22983  3.0522e-08   7.996e-13     47015  176 47015     2     3      3 81362  9.8e-10        -
22994  3.0531e-08   7.996e-13     47037  176 47037     2     3      3 81395  7.3e-10        -
23005   3.054e-08   7.996e-13     47059  176 47059     2     3      3 81428  5.1e-10        -
23016  3.0549e-08   7.996e-13     47081  176 47081     2     3      3 81461    1e-09        -
23028  3.0558e-08   7.996e-13     47105  176 47105     2     3      3 81497  1.3e-09        -
23040  3.0568e-08   7.996e-13     47129  176 47129     2     3      3 81533  1.6e-09        -
23052  3.0578e-08   7.996e-13     47153  176 47153     2     3      3 81569  1.8e-09        -
23064  3.0587e-08   7.996e-13     47177  176 47177     2     3      3 81605  2.1e-09        -
23076  3.0597e-08   7.996e-13     47201  176 47201     2     3      3 81641  2.4e-09        -
23086  3.0605e-08   7.996e-13     47221  176 47221     2     3      3 81671  2.6e-09        -
23098  3.0614e-08   7.996e-13     47245  176 47245     2     3      3 81707  2.8e-09        -
23110  3.0624e-08   7.996e-13     47269  176 47269     2     3      3 81743  3.1e-09        -
23122  3.0634e-08   7.996e-13     47293  176 47293     2     3      3 81779  3.3e-09        -
23134  3.0643e-08   7.996e-13     47317  176 47317     2     3      3 81815  3.5e-09        -
---        当前进度:  31 % - 正在组装残差
23145  3.0652e-08   7.996e-13     47339  176 47339     2     3      3 81848  3.8e-09        -
23157  3.0662e-08   7.996e-13     47363  176 47363     2     3      3 81884    4e-09        -
23169  3.0671e-08   7.996e-13     47387  176 47387     2     3      3 81920  4.3e-09        -
23182  3.0682e-08   7.996e-13     47413  176 47413     2     3      3 81959  4.4e-09        -
23195  3.0692e-08   7.996e-13     47439  176 47439     2     3      3 81998  4.7e-09        -
23208  3.0702e-08   7.996e-13     47465  176 47465     2     3      3 82037  4.8e-09        -
23220  3.0712e-08   7.996e-13     47489  176 47489     2     3      3 82073    5e-09        -
23232  3.0721e-08   7.996e-13     47513  176 47513     2     3      3 82109  5.2e-09        -
23245  3.0732e-08   7.996e-13     47539  176 47539     2     3      3 82148  5.4e-09        -
23258  3.0742e-08   7.996e-13     47565  176 47565     2     3      3 82187  5.5e-09        -
23270  3.0751e-08   6.627e-13     47589  176 47589     2     3      3 82227    3e-08        -
23283   3.076e-08   6.627e-13     47615  176 47615     2     3      3 82279  3.1e-08        -
23295  3.0768e-08   6.627e-13     47639  176 47639     2     3      3 82327  3.1e-08        -
23308  3.0777e-08   6.627e-13     47665  176 47665     2     3      3 82379  3.1e-08        -
23320  3.0784e-08   6.627e-13     47689  176 47689     2     3      3 82427  3.1e-08        -
23333  3.0793e-08   6.627e-13     47715  176 47715     2     3      3 82479  3.1e-08        -
23346  3.0802e-08   6.627e-13     47741  176 47741     2     3      3 82531  3.1e-08        -
23359   3.081e-08   6.627e-13     47767  176 47767     2     3      3 82583  3.1e-08        -
23372  3.0819e-08   6.627e-13     47793  176 47793     2     3      3 82635  3.1e-08        -
23385  3.0828e-08   6.627e-13     47819  176 47819     2     3      3 82687    3e-08        -
23396  3.0835e-08   6.627e-13     47841  176 47841     2     3      3 82731    3e-08        -
23408  3.0843e-08   6.627e-13     47865  176 47865     2     3      3 82779    3e-08        -
23421  3.0851e-08   6.627e-13     47891  176 47891     2     3      3 82831    3e-08        -
23433  3.0859e-08   6.627e-13     47915  176 47915     2     3      3 82879    3e-08        -
23446  3.0868e-08   6.627e-13     47941  176 47941     2     3      3 82931    3e-08        -
23459  3.0877e-08   6.627e-13     47967  176 47967     2     3      3 82983    3e-08        -
23472  3.0885e-08   6.627e-13     47993  176 47993     2     3      3 83035    3e-08        -
23485  3.0894e-08   6.627e-13     48019  176 48019     2     3      3 83087    3e-08        -
23498  3.0902e-08   6.627e-13     48045  176 48045     2     3      3 83139    3e-08        -
23511  3.0911e-08   6.627e-13     48071  176 48071     2     3      3 83191    3e-08        -
23523  3.0919e-08   6.627e-13     48095  176 48095     2     3      3 83239  2.9e-08        -
23534  3.0926e-08   6.627e-13     48117  176 48117     2     3      3 83283  2.9e-08        -
23547  3.0935e-08   6.627e-13     48143  176 48143     2     3      3 83335  2.9e-08        -
23560  3.0944e-08   6.627e-13     48169  176 48169     2     3      3 83387  2.9e-08        -
23573  3.0952e-08   6.627e-13     48195  176 48195     2     3      3 83439  2.9e-08        -
23578  3.0955e-08   6.627e-13     48205  176 48205     2     3      3 83459  2.9e-08        -
23588  3.0962e-08   6.627e-13     48225  176 48225     2     3      3 83499  2.9e-08        -
23601  3.0971e-08   6.627e-13     48251  176 48251     2     3      3 83551  2.9e-08        -
23614  3.0979e-08   6.627e-13     48277  176 48277     2     3      3 83603  2.8e-08        -
23627  3.0988e-08   6.627e-13     48303  176 48303     2     3      3 83655  2.8e-08        -
23640  3.0997e-08   6.627e-13     48329  176 48329     2     3      3 83707  2.8e-08        -
23647  3.1001e-08  8.2325e-13     48343  178 48343     2     3      3 83732  2.3e-08        -
23657  3.1009e-08  8.2325e-13     48363  178 48363     2     3      3 83762  7.4e-09        -
23669  3.1019e-08  8.2325e-13     48387  178 48387     2     3      3 83798  3.5e-09        -
23682   3.103e-08  8.2325e-13     48413  178 48413     2     3      3 83837  2.3e-09        -
23695   3.104e-08  8.2325e-13     48439  178 48439     2     3      3 83876  1.9e-09        -
23707   3.105e-08  8.2325e-13     48463  178 48463     2     3      3 83912  1.7e-09        -
23719   3.106e-08  8.2325e-13     48487  178 48487     2     3      3 83948  1.6e-09        -
---        当前进度:  31 % - 
Memory: 766/944 814/1229
23729  3.1068e-08  8.2325e-13     48507  178 48507     2     3      3 83978  1.6e-09        -
23740  3.1077e-08  8.2325e-13     48529  178 48529     2     3      3 84011  1.6e-09        -
23752  3.1087e-08  8.2325e-13     48553  178 48553     2     3      3 84047  1.6e-09        -
23764  3.1097e-08  8.2325e-13     48577  178 48577     2     3      3 84083  1.7e-09        -
23776  3.1107e-08  8.2325e-13     48601  178 48601     2     3      3 84119  1.7e-09        -
23788  3.1117e-08  8.2325e-13     48625  178 48625     2     3      3 84155  1.8e-09        -
23800  3.1127e-08  8.2325e-13     48649  178 48649     2     3      3 84191  1.9e-09        -
23812  3.1137e-08  8.2325e-13     48673  178 48673     2     3      3 84227    2e-09        -
23824  3.1147e-08  8.2325e-13     48697  178 48697     2     3      3 84263  2.2e-09        -
23836  3.1156e-08  8.2325e-13     48721  178 48721     2     3      3 84299  2.3e-09        -
23848  3.1166e-08  8.2325e-13     48745  178 48745     2     3      3 84335  2.4e-09        -
23860  3.1176e-08  8.2325e-13     48769  178 48769     2     3      3 84371  2.6e-09        -
23872  3.1186e-08  8.2325e-13     48793  178 48793     2     3      3 84407  2.7e-09        -
23884  3.1196e-08  8.2325e-13     48817  178 48817     2     3      3 84443  2.9e-09        -
23896  3.1206e-08  8.2325e-13     48841  178 48841     2     3      3 84479    3e-09        -
23908  3.1216e-08  8.2325e-13     48865  178 48865     2     3      3 84515  3.2e-09        -
23920  3.1226e-08  8.2325e-13     48889  178 48889     2     3      3 84551  3.3e-09        -
23932  3.1235e-08  8.2325e-13     48913  178 48913     2     3      3 84587  3.5e-09        -
23944  3.1245e-08  8.2325e-13     48937  178 48937     2     3      3 84623  3.6e-09        -
23956  3.1254e-08  6.8865e-13     48961  178 48961     2     3      3 84667  2.5e-08        -
23968  3.1262e-08  6.8865e-13     48985  178 48985     2     3      3 84715  2.5e-08        -
23980  3.1271e-08  6.8865e-13     49009  178 49009     2     3      3 84763  2.4e-08        -
23993   3.128e-08  6.8865e-13     49035  178 49035     2     3      3 84815  2.4e-08        -
24004  3.1287e-08  6.8865e-13     49057  178 49057     2     3      3 84859  2.4e-08        -
24015  3.1295e-08  6.8865e-13     49079  178 49079     2     3      3 84903  2.3e-08        -
24026  3.1302e-08  6.8865e-13     49101  178 49101     2     3      3 84947  2.3e-08        -
24036  3.1309e-08  6.8865e-13     49121  178 49121     2     3      3 84987  2.3e-08        -
24048  3.1317e-08  6.8865e-13     49145  178 49145     2     3      3 85035  2.3e-08        -
24060  3.1326e-08  6.8865e-13     49169  178 49169     2     3      3 85083  2.2e-08        -
24071  3.1333e-08  6.8865e-13     49191  178 49191     2     3      3 85127  2.2e-08        -
24082  3.1341e-08  6.8865e-13     49213  178 49213     2     3      3 85171  2.2e-08        -
24091  3.1347e-08  6.8865e-13     49231  178 49231     2     3      3 85207  2.1e-08        -
24101  3.1354e-08  6.8865e-13     49251  178 49251     2     3      3 85247  2.1e-08        -
24112  3.1362e-08  6.8865e-13     49273  178 49273     2     3      3 85291  2.1e-08        -
24122  3.1368e-08  6.8865e-13     49293  178 49293     2     3      3 85331  2.1e-08        -
24133  3.1376e-08  6.8865e-13     49315  178 49315     2     3      3 85375    2e-08        -
24142  3.1382e-08  6.8865e-13     49333  178 49333     2     3      3 85411    2e-08        -
24151  3.1388e-08  6.8865e-13     49351  178 49351     2     3      3 85447    2e-08        -
24161  3.1395e-08  6.8865e-13     49371  178 49371     2     3      3 85487    2e-08        -
24167  3.1399e-08  6.8865e-13     49383  178 49383     2     3      3 85511  1.9e-08        -
24175  3.1405e-08  6.8865e-13     49399  178 49399     2     3      3 85543  1.9e-08        -
24184  3.1411e-08  6.8865e-13     49417  178 49417     2     3      3 85579  1.9e-08        -
24191  3.1416e-08  6.8865e-13     49431  178 49431     2     3      3 85607  1.9e-08        -
24198  3.1421e-08  6.8865e-13     49445  178 49445     2     3      3 85635  1.9e-08        -
24208  3.1428e-08  6.8865e-13     49465  178 49465     2     3      3 85675  1.8e-08        -
24219  3.1435e-08  6.8865e-13     49487  178 49487     2     3      3 85719  1.8e-08        -
24230  3.1443e-08  6.8865e-13     49509  178 49509     2     3      3 85763  1.8e-08        -
24241   3.145e-08  6.8865e-13     49531  178 49531     2     3      3 85807  1.8e-08        -
24252  3.1458e-08  6.8865e-13     49553  178 49553     2     3      3 85851  1.7e-08        -
24261  3.1464e-08  6.8865e-13     49571  178 49571     2     3      3 85887  1.7e-08        -
24271  3.1471e-08  6.8865e-13     49591  178 49591     2     3      3 85927  1.7e-08        -
24280  3.1477e-08  6.8865e-13     49609  178 49609     2     3      3 85963  1.7e-08        -
24289  3.1483e-08  6.8865e-13     49627  178 49627     2     3      3 85999  1.6e-08        -
24299   3.149e-08  6.8865e-13     49647  178 49647     2     3      3 86039  1.6e-08        -
24308  3.1497e-08  6.8865e-13     49665  178 49665     2     3      3 86075  1.6e-08        -
24315  3.1501e-08  7.0908e-13     49678  180 49678     2     3      3 86099  1.3e-08        -
24325  3.1508e-08  7.0908e-13     49698  180 49698     2     3      3 86129  6.7e-10        -
24335  3.1515e-08  7.0908e-13     49718  180 49718     2     3      3 86159    4e-10        -
24345  3.1522e-08  7.0908e-13     49738  180 49738     2     3      3 86189  3.5e-10        -
24354  3.1528e-08  7.0908e-13     49756  180 49756     2     3      3 86216  3.7e-10        -
24365  3.1536e-08  7.0908e-13     49778  180 49778     2     3      3 86249  3.9e-10        -
24375  3.1543e-08  7.0908e-13     49798  180 49798     2     3      3 86279  4.3e-10        -
24386  3.1551e-08  7.0908e-13     49820  180 49820     2     3      3 86312  4.8e-10        -
24393  3.1556e-08  7.0908e-13     49834  180 49834     2     3      3 86333    5e-10        -
24404  3.1564e-08  7.0908e-13     49856  180 49856     2     3      3 86366  5.6e-10        -
24415  3.1572e-08  7.0908e-13     49878  180 49878     2     3      3 86399    6e-10        -
24426  3.1579e-08  7.0908e-13     49900  180 49900     2     3      3 86432  6.5e-10        -
24437  3.1587e-08  7.0908e-13     49922  180 49922     2     3      3 86465  6.9e-10        -
24448  3.1595e-08  7.0908e-13     49944  180 49944     2     3      3 86498  7.4e-10        -
24459  3.1603e-08  7.0908e-13     49966  180 49966     2     3      3 86531  7.8e-10        -
24470  3.1611e-08  7.0908e-13     49988  180 49988     2     3      3 86564  8.3e-10        -
24481  3.1618e-08  7.0908e-13     50010  180 50010     2     3      3 86597  8.6e-10        -
24490  3.1625e-08  7.0908e-13     50028  180 50028     2     3      3 86624    9e-10        -
24501  3.1633e-08  7.0908e-13     50050  180 50050     2     3      3 86657  9.3e-10        -
24512   3.164e-08  7.0908e-13     50072  180 50072     2     3      3 86690  9.7e-10        -
24524  3.1649e-08  7.0908e-13     50096  180 50096     2     3      3 86726    1e-09        -
24536  3.1657e-08  7.0908e-13     50120  180 50120     2     3      3 86762    1e-09        -
24548  3.1666e-08  7.0908e-13     50144  180 50144     2     3      3 86798  1.1e-09        -
24559  3.1674e-08  7.0908e-13     50166  180 50166     2     3      3 86831  1.1e-09        -
24571  3.1682e-08  7.0908e-13     50190  180 50190     2     3      3 86867  1.1e-09        -
24583  3.1691e-08  7.0908e-13     50214  180 50214     2     3      3 86903  1.1e-09        -
24595  3.1699e-08  7.0908e-13     50238  180 50238     2     3      3 86939  1.2e-09        -
24607  3.1708e-08  7.0908e-13     50262  180 50262     2     3      3 86975  1.2e-09        -
24619  3.1716e-08  7.0908e-13     50286  180 50286     2     3      3 87011  1.2e-09        -
24631  3.1725e-08  7.0908e-13     50310  180 50310     2     3      3 87047  1.2e-09        -
24640  3.1731e-08  7.0908e-13     50328  180 50328     2     3      3 87074  1.2e-09        -
24648  3.1737e-08  7.0908e-13     50344  180 50344     2     3      3 87098  1.3e-09        -
24658  3.1744e-08  7.0908e-13     50364  180 50364     2     3      3 87128  1.3e-09        -
24666  3.1749e-08  5.5564e-13     50383  181 50383     2     3      3 87159  2.4e-09        -
24673  3.1757e-08  1.1113e-12     50397  183 50397     2     3      3 87180  1.3e-09        -
24683  3.1768e-08  1.1113e-12     50417  183 50417     2     3      3 87210  5.6e-10        -
24693  3.1779e-08  1.1113e-12     50437  183 50437     2     3      3 87240  5.7e-10        -
24703   3.179e-08  1.1113e-12     50457  183 50457     2     3      3 87270  6.6e-10        -
24714  3.1802e-08  1.1113e-12     50479  183 50479     2     3      3 87303  7.9e-10        -
24725  3.1814e-08  1.1113e-12     50501  183 50501     2     3      3 87336  9.1e-10        -
24736  3.1827e-08  1.1113e-12     50523  183 50523     2     3      3 87369    1e-09        -
24747  3.1839e-08  1.1113e-12     50545  183 50545     2     3      3 87402  1.1e-09        -
24758  3.1851e-08  1.1113e-12     50567  183 50567     2     3      3 87435  1.2e-09        -
24769  3.1863e-08  1.1113e-12     50589  183 50589     2     3      3 87468  1.3e-09        -
24780  3.1876e-08  1.1113e-12     50611  183 50611     2     3      3 87501  1.4e-09        -
---        当前进度:  32 % - 正在组装残差
24788  3.1884e-08  1.1113e-12     50627  183 50627     2     3      3 87525  1.4e-09        -
24796  3.1893e-08  1.1113e-12     50643  183 50643     2     3      3 87549  1.5e-09        -
24805  3.1903e-08  1.1113e-12     50661  183 50661     2     3      3 87576  1.5e-09        -
24815  3.1914e-08  1.1113e-12     50681  183 50681     2     3      3 87606  1.6e-09        -
24826  3.1927e-08  1.1113e-12     50703  183 50703     2     3      3 87639  1.6e-09        -
24833  3.1934e-08  1.1113e-12     50717  183 50717     2     3      3 87660  1.6e-09        -
24840  3.1942e-08  1.1113e-12     50731  183 50731     2     3      3 87681  1.6e-09        -
24850  3.1953e-08  1.1113e-12     50751  183 50751     2     3      3 87711  1.7e-09        -
24857  3.1961e-08  1.1113e-12     50765  183 50765     2     3      3 87732  1.7e-09        -
24867  3.1972e-08  1.1113e-12     50785  183 50785     2     3      3 87762  1.7e-09        -
24878  3.1984e-08  1.1113e-12     50807  183 50807     2     3      3 87795  1.7e-09        -
24889  3.1997e-08  1.1113e-12     50829  183 50829     2     3      3 87828  1.6e-09        -
24900  3.2009e-08  1.0921e-12     50851  183 50851     2     3      3 87871  2.9e-10        -
24911  3.2021e-08  1.0921e-12     50873  183 50873     2     3      3 87911  9.1e-07        -
24922  3.2033e-08  1.0921e-12     50895  183 50895     2     3      3 87950  2.2e-10        -
24933  3.2045e-08  1.0921e-12     50917  183 50917     2     3      3 87988  6.9e-07        -
24944  3.2057e-08  1.0921e-12     50939  183 50939     2     3      3 88027  1.6e-10        -
24953  3.2067e-08  1.0921e-12     50957  183 50957     2     3      3 88058  5.5e-07        -
24964  3.2079e-08  1.0921e-12     50979  183 50979     2     3      3 88097  1.2e-10        -
24975  3.2091e-08  1.0921e-12     51001  183 51001     2     3      3 88135  4.4e-07        -
24986  3.2103e-08  1.0921e-12     51023  183 51023     2     3      3 88174  8.7e-11        -
24994  3.2111e-08  1.0921e-12     51039  183 51039     2     3      3 88202  7.7e-11        -
25005  3.2123e-08  1.0921e-12     51061  183 51061     2     3      3 88240  3.2e-07        -
25016  3.2135e-08  1.0921e-12     51083  183 51083     2     3      3 88279  5.3e-11        -
25027  3.2147e-08  1.0921e-12     51105  183 51105     2     3      3 88317  2.7e-07        -
25038  3.2159e-08  1.0921e-12     51127  183 51127     2     3      3 88356  3.4e-11        -
25048   3.217e-08  1.0921e-12     51147  183 51147     2     3      3 88391  2.7e-11        -
25057   3.218e-08  1.0921e-12     51165  183 51165     2     3      3 88422  2.1e-07        -
25066   3.219e-08  1.0921e-12     51183  183 51183     2     3      3 88454  1.7e-11        -
25072  3.2197e-08  1.0921e-12     51195  183 51195     2     3      3 88475  1.4e-11        -
25077  3.2202e-08  1.0921e-12     51205  183 51205     2     3      3 88492  2.1e-07        -
25083  3.2209e-08  1.0921e-12     51217  183 51217     2     3      3 88513  2.2e-07        -
25086  3.2212e-08  1.0921e-12     51223  183 51223     2     3      3 88524  8.9e-12        -
25095  3.2222e-08  1.0921e-12     51241  183 51241     2     3      3 88555  3.3e-07        -
25104  3.2232e-08  1.0921e-12     51259  183 51259     2     3      3 88585  3.8e-12        -
25111  3.2239e-08  1.0921e-12     51273  183 51273     2     3      3 88604  3.6e-07        -
25116  3.2245e-08  1.0921e-12     51283  183 51283     2     3      3 88618  5.8e-07        -
25125  3.2254e-08  1.0425e-12     51301  183 51301     2     3      3 88640  1.5e-08        -
25132  3.2261e-08  1.0425e-12     51315  183 51315     2     3      3 88658    4e-07        -
25140   3.227e-08  1.0425e-12     51331  183 51331     2     3      3 88676  5.3e-08        -
25149  3.2279e-08  1.0425e-12     51349  183 51349     2     3      3 88696  9.6e-09        -
25157  3.2288e-08  1.0425e-12     51365  183 51365     2     3      3 88716  7.4e-08        -
25165  3.2296e-08  1.0425e-12     51381  183 51381     2     3      3 88736  3.6e-07        -
25174  3.2305e-08  1.0425e-12     51399  183 51399     2     3      3 88763    9e-07        -
25180  3.2312e-08  1.0425e-12     51411  183 51411     2     3      3 88781  9.7e-07        -
25186  3.2318e-08  1.0425e-12     51427  183 51427     2     3      3 88806  2.5e-11        -
---        当前进度:  32 % - 
Memory: 779/944 826/1229
25193  3.2325e-08  1.0425e-12     51441  183 51441     2     3      3 88830  4.5e-07        -
25202  3.2334e-08  1.0425e-12     51459  183 51459     2     3      3 88862  4.4e-11        -
25211  3.2344e-08  1.0425e-12     51477  183 51477     2     3      3 88893  5.1e-07        -
25220  3.2353e-08  1.0425e-12     51495  183 51495     2     3      3 88925    7e-11        -
25229  3.2363e-08  1.0425e-12     51513  183 51513     2     3      3 88956  5.7e-07        -
25237  3.2371e-08  1.0425e-12     51529  183 51529     2     3      3 88984    6e-07        -
25243  3.2377e-08  1.0425e-12     51541  183 51541     2     3      3 89005  6.3e-07        -
25249  3.2383e-08  1.0425e-12     51553  183 51553     2     3      3 89026  6.6e-07        -
25257  3.2392e-08  1.0425e-12     51569  183 51569     2     3      3 89054    7e-07        -
25266  3.2401e-08  1.0425e-12     51587  183 51587     2     3      3 89086  1.6e-10        -
25275  3.2411e-08  1.0425e-12     51605  183 51605     2     3      3 89117  8.3e-07        -
25285  3.2421e-08  1.0425e-12     51625  183 51625     2     3      3 89152  9.1e-07        -
25295  3.2431e-08  1.0425e-12     51645  183 51645     2     3      3 89188  7.8e-10        -
25305  3.2442e-08  1.0425e-12     51665  183 51665     2     3      3 89228  8.1e-10        -
25314  3.2451e-08  1.0425e-12     51683  183 51683     2     3      3 89264    3e-10        -
25323  3.2461e-08  1.0425e-12     51701  183 51701     2     3      3 89300  8.5e-10        -
25333  3.2471e-08  1.0425e-12     51721  183 51721     2     3      3 89340  8.7e-10        -
25343  3.2481e-08  1.0425e-12     51741  183 51741     2     3      3 89380    9e-10        -
25353  3.2492e-08  1.0425e-12     51761  183 51761     2     3      3 89420  9.3e-10        -
25363  3.2502e-08  9.3729e-13     51781  183 51781     2     3      3 89460  2.9e-09        -
25372   3.251e-08  9.3729e-13     51799  183 51799     2     3      3 89496  2.1e-09        -
25382   3.252e-08  9.3729e-13     51819  183 51819     2     3      3 89536  2.4e-09        -
25393   3.253e-08  9.3729e-13     51841  183 51841     2     3      3 89580  2.7e-09        -
25404   3.254e-08  9.3729e-13     51863  183 51863     2     3      3 89624  2.8e-09        -
25415  3.2551e-08  9.3729e-13     51885  183 51885     2     3      3 89668    3e-09        -
25421  3.2556e-08  9.3729e-13     51897  183 51897     2     3      3 89692  3.1e-09        -
25429  3.2564e-08  9.3729e-13     51913  183 51913     2     3      3 89724  3.2e-09        -
25436   3.257e-08  9.3729e-13     51927  183 51927     2     3      3 89752  3.3e-09        -
25444  3.2578e-08  9.3729e-13     51943  183 51943     2     3      3 89784  3.4e-09        -
25452  3.2585e-08  9.3729e-13     51959  183 51959     2     3      3 89816  3.5e-09        -
25461  3.2594e-08  9.3729e-13     51977  183 51977     2     3      3 89852  3.6e-09        -
25472  3.2604e-08  9.3729e-13     51999  183 51999     2     3      3 89896  3.7e-09        -
25482  3.2613e-08  9.3729e-13     52019  183 52019     2     3      3 89936  3.9e-09        -
25493  3.2624e-08  9.3729e-13     52041  183 52041     2     3      3 89980    4e-09        -
25504  3.2634e-08  9.3729e-13     52063  183 52063     2     3      3 90024  4.1e-09        -
25515  3.2644e-08  9.3729e-13     52085  183 52085     2     3      3 90068  4.3e-09        -
25526  3.2655e-08  9.3729e-13     52107  183 52107     2     3      3 90112  4.4e-09        -
25535  3.2663e-08  9.3729e-13     52125  183 52125     2     3      3 90148  4.5e-09        -
25546  3.2673e-08  9.3729e-13     52147  183 52147     2     3      3 90192  4.7e-09        -
25554  3.2681e-08  9.3729e-13     52163  183 52163     2     3      3 90224  4.8e-09        -
25565  3.2691e-08  9.3729e-13     52185  183 52185     2     3      3 90268  4.9e-09        -
25575  3.2701e-08  9.3729e-13     52205  183 52205     2     3      3 90308    5e-09        -
25586  3.2711e-08  9.3729e-13     52227  183 52227     2     3      3 90352  5.1e-09        -
25597  3.2721e-08  9.3729e-13     52249  183 52249     2     3      3 90396  5.3e-09        -
25608  3.2732e-08  9.3729e-13     52271  183 52271     2     3      3 90440  5.4e-09        -
25619  3.2742e-08  9.3729e-13     52293  183 52293     2     3      3 90484  5.5e-09        -
25627  3.2749e-08  8.0887e-13     52313  184 52313     2     3      3 90523  1.6e-09        -
25637  3.2757e-08  8.0887e-13     52333  185 52333     2     3      3 90553  7.2e-11        -
25649  3.2767e-08  8.0887e-13     52357  185 52357     2     3      3 90589  2.8e-11        -
25660  3.2776e-08  8.0887e-13     52379  185 52379     2     3      3 90622  1.9e-11        -
---        当前进度:  32 % - 正在组装残差
Memory: 790/944 834/1229
25670  3.2784e-08  8.0887e-13     52399  185 52399     2     3      3 90652  1.9e-11        -
25680  3.2792e-08  8.0887e-13     52419  185 52419     2     3      3 90682  2.4e-11        -
25690    3.28e-08  8.0887e-13     52439  185 52439     2     3      3 90712    3e-11        -
25700  3.2808e-08  8.0887e-13     52459  185 52459     2     3      3 90742  3.6e-11        -
25711  3.2817e-08  8.0887e-13     52481  185 52481     2     3      3 90775  4.5e-11        -
25722  3.2826e-08  8.0887e-13     52503  185 52503     2     3      3 90808  5.1e-11        -
25733  3.2835e-08  8.0887e-13     52525  185 52525     2     3      3 90841  5.9e-11        -
25744  3.2844e-08  8.0887e-13     52547  185 52547     2     3      3 90874  6.6e-11        -
25755  3.2853e-08  8.0887e-13     52569  185 52569     2     3      3 90907  7.4e-11        -
25766  3.2862e-08  8.0887e-13     52591  185 52591     2     3      3 90940  8.1e-11        -
25777  3.2871e-08  8.0887e-13     52613  185 52613     2     3      3 90973  8.9e-11        -
25788  3.2879e-08  8.0887e-13     52635  185 52635     2     3      3 91006  9.6e-11        -
25799  3.2888e-08  8.0887e-13     52657  185 52657     2     3      3 91039    1e-10        -
25810  3.2897e-08  8.0887e-13     52679  185 52679     2     3      3 91072  1.1e-10        -
25821  3.2906e-08  8.0887e-13     52701  185 52701     2     3      3 91105  1.2e-10        -
25832  3.2915e-08  8.0887e-13     52723  185 52723     2     3      3 91138  1.3e-10        -
25843  3.2924e-08  8.0887e-13     52745  185 52745     2     3      3 91171  1.4e-10        -
25854  3.2933e-08  8.0887e-13     52767  185 52767     2     3      3 91204  1.4e-10        -
25864  3.2941e-08  8.0887e-13     52787  185 52787     2     3      3 91234  1.5e-10        -
25875   3.295e-08  8.0887e-13     52809  185 52809     2     3      3 91267  1.6e-10        -
25886  3.2959e-08  8.0887e-13     52831  185 52831     2     3      3 91300  1.7e-10        -
25897  3.2968e-08  8.0887e-13     52853  185 52853     2     3      3 91333  1.7e-10        -
25908  3.2976e-08  8.0887e-13     52875  185 52875     2     3      3 91366  1.8e-10        -
25919  3.2985e-08  8.0887e-13     52897  185 52897     2     3      3 91399  1.9e-10        -
25931  3.2995e-08  8.0887e-13     52921  185 52921     2     3      3 91435    2e-10        -
25940  3.3002e-08  8.6855e-13     52939  187 52939     2     3      3 91462  1.1e-09        -
25951  3.3011e-08  8.6855e-13     52961  187 52961     2     3      3 91495  1.3e-10        -
25962  3.3021e-08  8.6855e-13     52983  187 52983     2     3      3 91528  6.1e-11        -
25973   3.303e-08  8.6855e-13     53005  187 53005     2     3      3 91561  3.4e-11        -
25984   3.304e-08  8.6855e-13     53027  187 53027     2     3      3 91594  2.2e-11        -
25994  3.3049e-08  8.6855e-13     53047  187 53047     2     3      3 91624  2.2e-11        -
26004  3.3057e-08  8.6855e-13     53067  187 53067     2     3      3 91654  2.8e-11        -
26014  3.3066e-08  8.6855e-13     53087  187 53087     2     3      3 91684  3.6e-11        -
26025  3.3076e-08  8.6855e-13     53109  187 53109     2     3      3 91717  4.6e-11        -
26036  3.3085e-08  8.6855e-13     53131  187 53131     2     3      3 91750  5.4e-11        -
26047  3.3095e-08  8.6855e-13     53153  187 53153     2     3      3 91783  6.4e-11        -
26057  3.3103e-08  8.6855e-13     53173  187 53173     2     3      3 91813  7.3e-11        -
26068  3.3113e-08  8.6855e-13     53195  187 53195     2     3      3 91846  8.1e-11        -
26079  3.3122e-08  8.6855e-13     53217  187 53217     2     3      3 91879    9e-11        -
26090  3.3132e-08  8.6855e-13     53239  187 53239     2     3      3 91912  9.9e-11        -
26101  3.3142e-08  8.6855e-13     53261  187 53261     2     3      3 91945  1.1e-10        -
26112  3.3151e-08  8.6855e-13     53283  187 53283     2     3      3 91978  1.2e-10        -
26123  3.3161e-08  8.6855e-13     53305  187 53305     2     3      3 92011  1.3e-10        -
26134   3.317e-08  8.6855e-13     53327  187 53327     2     3      3 92044  1.3e-10        -
26145   3.318e-08  8.6855e-13     53349  187 53349     2     3      3 92077  1.4e-10        -
26156  3.3189e-08  8.6855e-13     53371  187 53371     2     3      3 92110  1.5e-10        -
26167  3.3199e-08  8.6855e-13     53393  187 53393     2     3      3 92143  1.6e-10        -
26178  3.3208e-08  8.6855e-13     53415  187 53415     2     3      3 92176  1.7e-10        -
26189  3.3218e-08  8.6855e-13     53437  187 53437     2     3      3 92209  1.8e-10        -
26200  3.3228e-08  8.6855e-13     53459  187 53459     2     3      3 92242  1.8e-10        -
---        当前进度:  33 % - 正在组装残差
Memory: 790/944 833/1229
26209  3.3235e-08  8.6855e-13     53477  187 53477     2     3      3 92269  1.9e-10        -
26219  3.3244e-08  8.6855e-13     53497  187 53497     2     3      3 92299    2e-10        -
26230  3.3253e-08  7.9706e-13     53519  187 53519     2     3      3 92338  9.1e-10        -
26239   3.326e-08  7.9706e-13     53537  187 53537     2     3      3 92374  9.1e-10        -
26249  3.3268e-08  7.9706e-13     53557  187 53557     2     3      3 92414  9.2e-10        -
26259  3.3276e-08  7.9706e-13     53577  187 53577     2     3      3 92454  9.3e-10        -
26269  3.3284e-08  7.9706e-13     53597  187 53597     2     3      3 92494  9.3e-10        -
26279  3.3292e-08  7.9706e-13     53617  187 53617     2     3      3 92534  9.4e-10        -
26289    3.33e-08  7.9706e-13     53637  187 53637     2     3      3 92574  9.4e-10        -
26299  3.3308e-08  7.9706e-13     53657  187 53657     2     3      3 92614  9.5e-10        -
26309  3.3316e-08  7.9706e-13     53677  187 53677     2     3      3 92654  9.5e-10        -
26318  3.3323e-08  7.9706e-13     53695  187 53695     2     3      3 92690  9.6e-10        -
26328  3.3331e-08  7.9706e-13     53715  187 53715     2     3      3 92730  9.6e-10        -
26338  3.3339e-08  7.9706e-13     53735  187 53735     2     3      3 92770  9.7e-10        -
26348  3.3347e-08  7.9706e-13     53755  187 53755     2     3      3 92810  9.7e-10        -
26358  3.3355e-08  7.9706e-13     53775  187 53775     2     3      3 92850  9.8e-10        -
26367  3.3362e-08  7.9706e-13     53793  187 53793     2     3      3 92886  9.8e-10        -
26377   3.337e-08  7.9706e-13     53813  187 53813     2     3      3 92926  9.9e-10        -
26387  3.3378e-08  7.9706e-13     53833  187 53833     2     3      3 92966  9.9e-10        -
26396  3.3386e-08  7.9706e-13     53851  187 53851     2     3      3 93002    1e-09        -
26406  3.3393e-08  7.9706e-13     53871  187 53871     2     3      3 93042    1e-09        -
26416  3.3401e-08  7.9706e-13     53891  187 53891     2     3      3 93082    1e-09        -
26426  3.3409e-08  7.9706e-13     53911  187 53911     2     3      3 93122    1e-09        -
26436  3.3417e-08  7.9706e-13     53931  187 53931     2     3      3 93162    1e-09        -
26446  3.3425e-08  7.9706e-13     53951  187 53951     2     3      3 93202    1e-09        -
26456  3.3433e-08  7.9706e-13     53971  187 53971     2     3      3 93242    1e-09        -
26466  3.3441e-08  7.9706e-13     53991  187 53991     2     3      3 93282    1e-09        -
26476  3.3449e-08  7.9706e-13     54011  187 54011     2     3      3 93322    1e-09        -
26486  3.3457e-08  7.9706e-13     54031  187 54031     2     3      3 93362    1e-09        -
26496  3.3465e-08  7.9706e-13     54051  187 54051     2     3      3 93402    1e-09        -
26506  3.3473e-08  7.9706e-13     54071  187 54071     2     3      3 93442    1e-09        -
26515   3.348e-08  7.9706e-13     54089  187 54089     2     3      3 93478  1.1e-09        -
26525  3.3488e-08  7.9706e-13     54109  187 54109     2     3      3 93518  1.1e-09        -
26535  3.3496e-08  7.9706e-13     54129  187 54129     2     3      3 93558  1.1e-09        -
26541  3.3501e-08  1.3172e-12     54141  188 54141     2     3      3 93581  1.2e-08        -
26550  3.3513e-08  1.3172e-12     54159  188 54159     2     3      3 93608  8.8e-10        -
26559  3.3525e-08  1.3172e-12     54177  188 54177     2     3      3 93635  4.4e-10        -
26569  3.3538e-08  1.3172e-12     54197  188 54197     2     3      3 93665  2.5e-10        -
26578   3.355e-08  1.3172e-12     54215  188 54215     2     3      3 93692  1.5e-10        -
26588  3.3563e-08  1.3172e-12     54235  188 54235     2     3      3 93722  8.1e-11        -
26597  3.3575e-08  1.3172e-12     54253  188 54253     2     3      3 93749  5.2e-11        -
26606  3.3587e-08  1.3172e-12     54271  188 54271     2     3      3 93776  4.7e-11        -
26615  3.3599e-08  1.3172e-12     54289  188 54289     2     3      3 93803    7e-11        -
26624  3.3611e-08  1.3172e-12     54307  188 54307     2     3      3 93830    1e-10        -
26633  3.3622e-08  1.3172e-12     54325  188 54325     2     3      3 93857  1.3e-10        -
26642  3.3634e-08  1.3172e-12     54343  188 54343     2     3      3 93884  1.6e-10        -
26649  3.3644e-08  1.3172e-12     54357  188 54357     2     3      3 93905  1.8e-10        -
26658  3.3655e-08  1.3172e-12     54375  188 54375     2     3      3 93932    2e-10        -
26665  3.3665e-08  1.3172e-12     54389  188 54389     2     3      3 93953  2.2e-10        -
26674  3.3677e-08  1.3172e-12     54407  188 54407     2     3      3 93980  2.5e-10        -
26683  3.3688e-08  1.3172e-12     54425  188 54425     2     3      3 94007  2.7e-10        -
26692    3.37e-08  1.3172e-12     54443  188 54443     2     3      3 94034    3e-10        -
26701  3.3712e-08  1.3172e-12     54461  188 54461     2     3      3 94061  3.2e-10        -
26710  3.3724e-08  1.3172e-12     54479  188 54479     2     3      3 94088  3.4e-10        -
26719  3.3736e-08  1.3172e-12     54497  188 54497     2     3      3 94115  3.6e-10        -
26728  3.3748e-08  1.3172e-12     54515  188 54515     2     3      3 94142  3.8e-10        -
26737  3.3758e-08  1.1853e-12     54533  188 54533     2     3      3 94178  4.3e-09        -
26746  3.3769e-08  1.1853e-12     54551  188 54551     2     3      3 94214  4.4e-09        -
26755   3.378e-08  1.1853e-12     54569  188 54569     2     3      3 94250  4.4e-09        -
26764   3.379e-08  1.1853e-12     54587  188 54587     2     3      3 94286  4.4e-09        -
26773  3.3801e-08  1.1853e-12     54605  188 54605     2     3      3 94322  4.4e-09        -
26782  3.3812e-08  1.1853e-12     54623  188 54623     2     3      3 94358  4.4e-09        -
26791  3.3822e-08  1.1853e-12     54641  188 54641     2     3      3 94394  4.5e-09        -
26799  3.3832e-08  1.1853e-12     54657  188 54657     2     3      3 94426  4.5e-09        -
26808  3.3842e-08  1.1853e-12     54675  188 54675     2     3      3 94462  4.5e-09        -
26817  3.3853e-08  1.1853e-12     54693  188 54693     2     3      3 94498  4.5e-09        -
26826  3.3864e-08  1.1853e-12     54711  188 54711     2     3      3 94534  4.5e-09        -
26834  3.3873e-08  1.1853e-12     54727  188 54727     2     3      3 94566  4.5e-09        -
26843  3.3884e-08  1.1853e-12     54745  188 54745     2     3      3 94602  4.6e-09        -
26852  3.3895e-08  1.1853e-12     54763  188 54763     2     3      3 94638  4.6e-09        -
26862  3.3906e-08  1.1853e-12     54783  188 54783     2     3      3 94678  4.6e-09        -
26871  3.3917e-08  1.1853e-12     54801  188 54801     2     3      3 94714  4.6e-09        -
26880  3.3928e-08  1.1853e-12     54819  188 54819     2     3      3 94750  4.6e-09        -
26889  3.3938e-08  1.1853e-12     54837  188 54837     2     3      3 94786  4.6e-09        -
26898  3.3949e-08  1.1853e-12     54855  188 54855     2     3      3 94822  4.7e-09        -
26907   3.396e-08  1.1853e-12     54873  188 54873     2     3      3 94858  4.7e-09        -
26917  3.3972e-08  1.1853e-12     54893  188 54893     2     3      3 94898  4.7e-09        -
26927  3.3984e-08  1.1853e-12     54913  188 54913     2     3      3 94938  4.7e-09        -
26937  3.3995e-08  1.1853e-12     54933  188 54933     2     3      3 94978  4.7e-09        -
26947  3.4007e-08  1.1358e-12     54953  188 54953     2     3      3 95018    7e-09        -
26956  3.4017e-08  1.1358e-12     54971  188 54971     2     3      3 95054    7e-09        -
26965  3.4027e-08  1.1358e-12     54989  188 54989     2     3      3 95090    7e-09        -
26974  3.4037e-08  1.1358e-12     55007  188 55007     2     3      3 95126    7e-09        -
26983  3.4048e-08  1.1358e-12     55025  188 55025     2     3      3 95162  7.1e-09        -
26993  3.4059e-08  1.1358e-12     55045  188 55045     2     3      3 95202  7.1e-09        -
27003   3.407e-08  1.1358e-12     55065  188 55065     2     3      3 95242  7.1e-09        -
27013  3.4082e-08  1.1358e-12     55085  188 55085     2     3      3 95282  7.1e-09        -
27023  3.4093e-08  1.1358e-12     55105  188 55105     2     3      3 95322  7.2e-09        -
27033  3.4104e-08  1.1358e-12     55125  188 55125     2     3      3 95362  7.2e-09        -
27042  3.4115e-08  1.1358e-12     55143  188 55143     2     3      3 95398  7.2e-09        -
27050  3.4124e-08  1.1358e-12     55159  188 55159     2     3      3 95430  7.2e-09        -
27060  3.4135e-08  1.1358e-12     55179  188 55179     2     3      3 95470  7.2e-09        -
27070  3.4147e-08  1.1358e-12     55199  188 55199     2     3      3 95510  7.3e-09        -
27080  3.4158e-08  1.1358e-12     55219  188 55219     2     3      3 95550  7.3e-09        -
27090  3.4169e-08  1.1358e-12     55239  188 55239     2     3      3 95590  7.3e-09        -
27100  3.4181e-08  1.1358e-12     55259  188 55259     2     3      3 95630  7.3e-09        -
27110  3.4192e-08  1.1358e-12     55279  188 55279     2     3      3 95670  7.4e-09        -
---        当前进度:  33 % - 
27117    3.42e-08  1.1358e-12     55293  188 55293     2     3      3 95698  7.4e-09        -
27126   3.421e-08  1.1358e-12     55311  188 55311     2     3      3 95734  7.4e-09        -
27135   3.422e-08  1.1358e-12     55329  188 55329     2     3      3 95770  7.4e-09        -
27144  3.4231e-08  1.1358e-12     55347  188 55347     2     3      3 95806  7.4e-09        -
27153  3.4241e-08  1.1358e-12     55365  188 55365     2     3      3 95842  7.4e-09        -
27162   3.425e-08  6.3188e-13 out 55382  189 55382     2     3      3 95875  3.9e-10        -
27170   3.426e-08  1.2638e-12     55398  190 55398     2     3      3 95899  1.2e-09        -
27179  3.4271e-08  1.2638e-12     55416  190 55416     2     3      3 95926  6.2e-10        -
27188  3.4283e-08  1.2638e-12     55434  190 55434     2     3      3 95953  3.7e-10        -
27197  3.4294e-08  1.2638e-12     55452  190 55452     2     3      3 95980  2.8e-10        -
27206  3.4306e-08  1.2638e-12     55470  190 55470     2     3      3 96007  1.9e-10        -
27215  3.4317e-08  1.2638e-12     55488  190 55488     2     3      3 96034  1.6e-10        -
27224  3.4328e-08  1.2638e-12     55506  190 55506     2     3      3 96061  1.2e-10        -
27233   3.434e-08  1.2638e-12     55524  190 55524     2     3      3 96088  9.9e-11        -
27242  3.4351e-08  1.2638e-12     55542  190 55542     2     3      3 96115  6.8e-11        -
27251  3.4362e-08  1.2638e-12     55560  190 55560     2     3      3 96142  5.9e-11        -
27260  3.4374e-08  1.2638e-12     55578  190 55578     2     3      3 96169  3.6e-11        -
27269  3.4385e-08  1.2638e-12     55596  190 55596     2     3      3 96196    3e-11        -
27278  3.4397e-08  1.2638e-12     55614  190 55614     2     3      3 96223  1.1e-11        -
27287  3.4408e-08  1.2638e-12     55632  190 55632     2     3      3 96250  8.1e-12        -
27296  3.4419e-08  1.2638e-12     55650  190 55650     2     3      3 96277  8.7e-12        -
27305  3.4431e-08  1.2638e-12     55668  190 55668     2     3      3 96304  1.1e-11        -
27315  3.4443e-08  1.2638e-12     55688  190 55688     2     3      3 96334  1.9e-11        -
27324  3.4455e-08  1.2638e-12     55706  190 55706     2     3      3 96361  3.2e-11        -
27333  3.4466e-08  1.2638e-12     55724  190 55724     2     3      3 96388  3.3e-11        -
27342  3.4477e-08  1.2638e-12     55742  190 55742     2     3      3 96415  4.5e-11        -
27351  3.4489e-08  1.2638e-12     55760  190 55760     2     3      3 96442  4.5e-11        -
27361  3.4501e-08  1.1524e-12     55780  190 55780     2     3      3 96475  3.6e-09        -
27370  3.4512e-08  1.1524e-12     55798  190 55798     2     3      3 96511  3.6e-09        -
27378  3.4521e-08  1.1524e-12     55814  190 55814     2     3      3 96543  3.6e-09        -
27387  3.4531e-08  1.1524e-12     55832  190 55832     2     3      3 96579  3.6e-09        -
27396  3.4541e-08  1.1524e-12     55850  190 55850     2     3      3 96615  3.6e-09        -
27405  3.4552e-08  1.1524e-12     55868  190 55868     2     3      3 96651  3.6e-09        -
27415  3.4563e-08  1.1524e-12     55888  190 55888     2     3      3 96691  3.6e-09        -
27424  3.4574e-08  1.1524e-12     55906  190 55906     2     3      3 96727  3.6e-09        -
27431  3.4582e-08  1.1524e-12     55920  190 55920     2     3      3 96755  3.6e-09        -
27440  3.4592e-08  1.1524e-12     55938  190 55938     2     3      3 96791  3.6e-09        -
27449  3.4603e-08  1.1524e-12     55956  190 55956     2     3      3 96827  3.6e-09        -
27458  3.4613e-08  1.1524e-12     55974  190 55974     2     3      3 96863  3.6e-09        -
27467  3.4623e-08  1.1524e-12     55992  190 55992     2     3      3 96899  3.6e-09        -
27476  3.4634e-08  1.1524e-12     56010  190 56010     2     3      3 96935  3.6e-09        -
27485  3.4644e-08  1.1524e-12     56028  190 56028     2     3      3 96971  3.6e-09        -
27494  3.4654e-08  1.1524e-12     56046  190 56046     2     3      3 97007  3.6e-09        -
27503  3.4665e-08  1.1524e-12     56064  190 56064     2     3      3 97043  3.6e-09        -
27512  3.4675e-08  1.1524e-12     56082  190 56082     2     3      3 97079  3.6e-09        -
27521  3.4686e-08  1.1524e-12     56100  190 56100     2     3      3 97115  3.7e-09        -
27529  3.4695e-08  1.1524e-12     56116  190 56116     2     3      3 97147  3.7e-09        -
27538  3.4705e-08  1.1524e-12     56134  190 56134     2     3      3 97183  3.7e-09        -
27547  3.4715e-08  1.1524e-12     56152  190 56152     2     3      3 97219  3.7e-09        -
---        当前进度:  34 % - 求解线性方程组
27555  3.4725e-08  1.1524e-12     56168  190 56168     2     3      3 97251  3.7e-09        -
27564  3.4735e-08  1.1524e-12     56186  190 56186     2     3      3 97287  3.7e-09        -
27571  3.4743e-08  1.1524e-12     56200  190 56200     2     3      3 97315  3.7e-09        -
27579  3.4752e-08  1.1171e-12     56216  190 56216     2     3      3 97347  5.1e-09        -
27588  3.4762e-08  1.1171e-12     56234  190 56234     2     3      3 97383  5.1e-09        -
27597  3.4772e-08  1.1171e-12     56252  190 56252     2     3      3 97419  5.1e-09        -
27606  3.4782e-08  1.1171e-12     56270  190 56270     2     3      3 97455  5.1e-09        -
27615  3.4792e-08  1.1171e-12     56288  190 56288     2     3      3 97491  5.1e-09        -
27623  3.4801e-08  1.1171e-12     56304  190 56304     2     3      3 97523  5.1e-09        -
27631   3.481e-08  1.1171e-12     56320  190 56320     2     3      3 97555  5.1e-09        -
27640   3.482e-08  1.1171e-12     56338  190 56338     2     3      3 97591  5.1e-09        -
27649   3.483e-08  1.1171e-12     56356  190 56356     2     3      3 97627  5.1e-09        -
27658   3.484e-08  1.1171e-12     56374  190 56374     2     3      3 97663  5.1e-09        -
27667  3.4851e-08  1.1171e-12     56392  190 56392     2     3      3 97699  5.1e-09        -
27676  3.4861e-08  1.1171e-12     56410  190 56410     2     3      3 97735  5.1e-09        -
27685  3.4871e-08  1.1171e-12     56428  190 56428     2     3      3 97771  5.1e-09        -
27694  3.4881e-08  1.1171e-12     56446  190 56446     2     3      3 97807  5.1e-09        -
27703  3.4891e-08  1.1171e-12     56464  190 56464     2     3      3 97843  5.1e-09        -
27712  3.4901e-08  1.1171e-12     56482  190 56482     2     3      3 97879  5.2e-09        -
27721  3.4911e-08  1.1171e-12     56500  190 56500     2     3      3 97915  5.2e-09        -
27730  3.4921e-08  1.1171e-12     56518  190 56518     2     3      3 97951  5.2e-09        -
27739  3.4931e-08  1.1171e-12     56536  190 56536     2     3      3 97987  5.2e-09        -
27748  3.4941e-08  1.1171e-12     56554  190 56554     2     3      3 98023  5.2e-09        -
27757  3.4951e-08  1.1171e-12     56572  190 56572     2     3      3 98059  5.2e-09        -
27766  3.4961e-08  1.1171e-12     56590  190 56590     2     3      3 98095  5.2e-09        -
27775  3.4971e-08  1.1171e-12     56608  190 56608     2     3      3 98131  5.2e-09        -
27784  3.4981e-08  1.1171e-12     56626  190 56626     2     3      3 98167  5.2e-09        -
27793  3.4991e-08  1.1171e-12     56644  190 56644     2     3      3 98203  5.2e-09        -
27802  3.5001e-08  1.0039e-12     56662  190 56662     2     3      3 98239  1.1e-08        -
27811   3.501e-08  1.0039e-12     56680  190 56680     2     3      3 98275  1.1e-08        -
27820  3.5019e-08  1.0039e-12     56698  190 56698     2     3      3 98311  1.1e-08        -
27828  3.5027e-08  1.0039e-12     56714  190 56714     2     3      3 98343  1.1e-08        -
27837  3.5036e-08  1.0039e-12     56732  190 56732     2     3      3 98379  1.1e-08        -
27845  3.5044e-08  1.0039e-12     56748  190 56748     2     3      3 98411  1.1e-08        -
27854  3.5053e-08  1.0039e-12     56766  190 56766     2     3      3 98447  1.1e-08        -
27863  3.5062e-08  1.0039e-12     56784  190 56784     2     3      3 98483  1.1e-08        -
27872  3.5071e-08  1.0039e-12     56802  190 56802     2     3      3 98519  1.1e-08        -
27879  3.5078e-08  1.0039e-12     56816  190 56816     2     3      3 98547  1.1e-08        -
27886  3.5085e-08  1.0039e-12     56830  190 56830     2     3      3 98575  1.1e-08        -
27894  3.5093e-08  1.0039e-12     56846  190 56846     2     3      3 98607  1.1e-08        -
27901    3.51e-08  1.0039e-12     56860  190 56860     2     3      3 98635  1.1e-08        -
27910  3.5109e-08  1.0039e-12     56878  190 56878     2     3      3 98671  1.1e-08        -
27919  3.5118e-08  1.0039e-12     56896  190 56896     2     3      3 98707  1.1e-08        -
27927  3.5126e-08  1.0039e-12     56912  190 56912     2     3      3 98739  1.1e-08        -
27936  3.5136e-08  1.0039e-12     56930  190 56930     2     3      3 98775  1.1e-08        -
27945  3.5145e-08  1.0039e-12     56948  190 56948     2     3      3 98811  1.1e-08        -
27953  3.5153e-08  1.0039e-12     56964  190 56964     2     3      3 98843  1.1e-08        -
27962  3.5162e-08  1.0039e-12     56982  190 56982     2     3      3 98879  1.1e-08        -
27971  3.5171e-08  1.0039e-12     57000  190 57000     2     3      3 98915  1.1e-08        -
---        当前进度:  34 % - 正在组装残差
27979  3.5179e-08  1.0039e-12     57016  190 57016     2     3      3 98947  1.1e-08        -
27988  3.5188e-08  1.0039e-12     57034  190 57034     2     3      3 98983  1.1e-08        -
27996  3.5196e-08  1.0039e-12     57050  190 57050     2     3      3 99015  1.1e-08        -
28004  3.5204e-08  1.0039e-12     57066  190 57066     2     3      3 99047  1.1e-08        -
28013  3.5213e-08  1.0039e-12     57084  190 57084     2     3      3 99083  1.1e-08        -
28021  3.5221e-08  1.0039e-12     57100  190 57100     2     3      3 99115  1.1e-08        -
28030   3.523e-08  1.0039e-12     57118  190 57118     2     3      3 99151  1.1e-08        -
28038  3.5238e-08  1.0039e-12     57134  190 57134     2     3      3 99183  1.1e-08        -
28043  3.5243e-08  1.0039e-12     57144  190 57144     2     3      3 99203  1.1e-08        -
28050  3.5249e-08  5.1742e-13     57157  191 57157     2     3      3 99229  1.3e-09        -
28056  3.5255e-08  1.0348e-12     57169  192 57169     2     3      3 99247  1.9e-09        -
28062  3.5261e-08  1.0348e-12     57181  192 57181     2     3      3 99265  9.3e-10        -
28069  3.5269e-08  1.0348e-12     57195  192 57195     2     3      3 99286  5.2e-10        -
28076  3.5276e-08  1.0348e-12     57209  192 57209     2     3      3 99307  4.3e-10        -
28084  3.5284e-08  1.0348e-12     57225  192 57225     2     3      3 99331  3.4e-10        -
28092  3.5292e-08  1.0348e-12     57241  192 57241     2     3      3 99355  2.8e-10        -
28100  3.5301e-08  1.0348e-12     57257  192 57257     2     3      3 99379  2.5e-10        -
28109   3.531e-08  1.0348e-12     57275  192 57275     2     3      3 99406    2e-10        -
28117  3.5318e-08  1.0348e-12     57291  192 57291     2     3      3 99430  1.9e-10        -
28124  3.5326e-08  1.0348e-12     57305  192 57305     2     3      3 99451  1.9e-10        -
28131  3.5333e-08  1.0348e-12     57319  192 57319     2     3      3 99472  1.7e-10        -
28138   3.534e-08  1.0348e-12     57333  192 57333     2     3      3 99493  1.8e-10        -
28146  3.5348e-08  1.0348e-12     57349  192 57349     2     3      3 99517  1.7e-10        -
28154  3.5357e-08  1.0348e-12     57365  192 57365     2     3      3 99541  1.7e-10        -
28162  3.5365e-08  1.0348e-12     57381  192 57381     2     3      3 99565  1.7e-10        -
28170  3.5373e-08  1.0348e-12     57397  192 57397     2     3      3 99589  1.7e-10        -
28178  3.5381e-08  1.0348e-12     57413  192 57413     2     3      3 99613  1.7e-10        -
28186   3.539e-08  1.0348e-12     57429  192 57429     2     3      3 99637  1.7e-10        -
28194  3.5398e-08  1.0348e-12     57445  192 57445     2     3      3 99661  1.7e-10        -
28202  3.5406e-08  1.0348e-12     57461  192 57461     2     3      3 99685  1.7e-10        -
28208  3.5412e-08  1.0348e-12     57473  192 57473     2     3      3 99703  1.7e-10        -
28214  3.5419e-08  1.0348e-12     57485  192 57485     2     3      3 99721  1.8e-10        -
28221  3.5426e-08  1.0348e-12     57499  192 57499     2     3      3 99742  1.7e-10        -
28229  3.5434e-08  1.0348e-12     57515  192 57515     2     3      3 99766  1.8e-10        -
28236  3.5441e-08  1.0348e-12     57529  192 57529     2     3      3 99787  1.8e-10        -
28243  3.5449e-08  1.0348e-12     57543  192 57543     2     3      3 99808  1.8e-10        -
28250  3.5456e-08  1.0348e-12     57557  192 57557     2     3      3 99829  1.9e-10        -
28257  3.5463e-08  1.0348e-12     57571  192 57571     2     3      3 99850  1.9e-10        -
28263  3.5469e-08  1.0348e-12     57583  192 57583     2     3      3 99868  1.9e-10        -
28270  3.5477e-08  1.0348e-12     57597  192 57597     2     3      3 99889    2e-10        -
28276  3.5483e-08  1.0348e-12     57609  192 57609     2     3      3 99907    2e-10        -
28282  3.5489e-08  1.0348e-12     57621  192 57621     2     3      3 99925  2.1e-10        -
28289  3.5496e-08  1.0348e-12     57635  192 57635     2     3      3 99946  2.1e-10        -
28295  3.5502e-08  8.1927e-13     57647  192 57647     2     3      3 99968  6.1e-09        -
28301  3.5507e-08  8.1927e-13     57659  192 57659     2     3      3 99992  6.1e-09        -
28307  3.5511e-08  8.1927e-13     57671  192 57671     2     3      3 100016  6.1e-09        -
28314  3.5517e-08  8.1927e-13     57685  192 57685     2     3      3 100044  6.1e-09        -
---        当前进度:  34 % - 
28321  3.5523e-08  8.1927e-13     57699  192 57699     2     3      3 100072  6.1e-09        -
28327  3.5528e-08  8.1927e-13     57711  192 57711     2     3      3 100096  6.1e-09        -
28333  3.5533e-08  8.1927e-13     57723  192 57723     2     3      3 100120  6.1e-09        -
28339  3.5538e-08  8.1927e-13     57735  192 57735     2     3      3 100144  6.1e-09        -
28345  3.5543e-08  8.1927e-13     57747  192 57747     2     3      3 100168  6.1e-09        -
28351  3.5548e-08  8.1927e-13     57759  192 57759     2     3      3 100192  6.1e-09        -
28357  3.5552e-08  8.1927e-13     57771  192 57771     2     3      3 100216  6.1e-09        -
28363  3.5557e-08  8.1927e-13     57783  192 57783     2     3      3 100240  6.1e-09        -
28370  3.5563e-08  8.1927e-13     57797  192 57797     2     3      3 100268  6.1e-09        -
28377  3.5569e-08  8.1927e-13     57811  192 57811     2     3      3 100296    6e-09        -
28383  3.5574e-08  8.1927e-13     57823  192 57823     2     3      3 100320    6e-09        -
28388  3.5578e-08  8.1927e-13     57833  192 57833     2     3      3 100340    6e-09        -
28394  3.5583e-08  8.1927e-13     57845  192 57845     2     3      3 100364    6e-09        -
28400  3.5588e-08  8.1927e-13     57857  192 57857     2     3      3 100388    6e-09        -
28406  3.5593e-08  8.1927e-13     57869  192 57869     2     3      3 100412    6e-09        -
28412  3.5597e-08  8.1927e-13     57881  192 57881     2     3      3 100436    6e-09        -
28418  3.5602e-08  8.1927e-13     57893  192 57893     2     3      3 100460    6e-09        -
28421  3.5605e-08  8.1927e-13     57899  192 57899     2     3      3 100472    6e-09        -
28425  3.5608e-08  8.1927e-13     57907  192 57907     2     3      3 100488    6e-09        -
28430  3.5612e-08  8.1927e-13     57917  192 57917     2     3      3 100508    6e-09        -
28435  3.5616e-08  8.1927e-13     57927  192 57927     2     3      3 100528    6e-09        -
28441  3.5621e-08  8.1927e-13     57939  192 57939     2     3      3 100552    6e-09        -
28447  3.5626e-08  8.1927e-13     57951  192 57951     2     3      3 100576    6e-09        -
28453  3.5631e-08  8.1927e-13     57963  192 57963     2     3      3 100600    6e-09        -
28460  3.5637e-08  8.1927e-13     57977  192 57977     2     3      3 100628    6e-09        -
28467  3.5643e-08  8.1927e-13     57991  192 57991     2     3      3 100656    6e-09        -
28473  3.5647e-08  8.1927e-13     58003  192 58003     2     3      3 100680    6e-09        -
28479  3.5652e-08  8.1927e-13     58015  192 58015     2     3      3 100704    6e-09        -
28486  3.5658e-08  8.1927e-13     58029  192 58029     2     3      3 100732    6e-09        -
28493  3.5664e-08  8.1927e-13     58043  192 58043     2     3      3 100760    6e-09        -
28500   3.567e-08  8.1927e-13     58057  192 58057     2     3      3 100788    6e-09        -
28507  3.5675e-08  8.1927e-13     58071  192 58071     2     3      3 100816  5.9e-09        -
28514  3.5681e-08  8.1927e-13     58085  192 58085     2     3      3 100844  5.9e-09        -
28519  3.5685e-08  8.1927e-13     58095  192 58095     2     3      3 100864  5.9e-09        -
28525   3.569e-08  8.1927e-13     58107  192 58107     2     3      3 100888  5.9e-09        -
28531  3.5695e-08  8.1927e-13     58119  192 58119     2     3      3 100912  5.9e-09        -
28537    3.57e-08  8.1927e-13     58131  192 58131     2     3      3 100936  5.9e-09        -
28543  3.5705e-08  8.1927e-13     58143  192 58143     2     3      3 100960  5.9e-09        -
28548  3.5709e-08  8.1927e-13     58153  192 58153     2     3      3 100980  5.9e-09        -
28552  3.5712e-08  8.1927e-13     58161  192 58161     2     3      3 100996  5.9e-09        -
28558  3.5717e-08  8.1927e-13     58173  192 58173     2     3      3 101020  5.9e-09        -
28565  3.5723e-08  8.1927e-13     58187  192 58187     2     3      3 101048  5.9e-09        -
28571  3.5728e-08  8.1927e-13     58199  192 58199     2     3      3 101072  5.9e-09        -
28577  3.5733e-08  8.1927e-13     58211  192 58211     2     3      3 101096  5.9e-09        -
28584  3.5738e-08  8.1927e-13     58225  192 58225     2     3      3 101124  5.9e-09        -
28591  3.5744e-08  8.1927e-13     58239  192 58239     2     3      3 101152  5.9e-09        -
---        当前进度:  35 % - 
28598   3.575e-08  4.7104e-13     58252  193 58252     2     3      3 101178  9.2e-10        -
28603  3.5754e-08  9.4208e-13     58262  194 58262     2     3      3 101193    2e-09        -
28610   3.576e-08  9.4208e-13     58276  194 58276     2     3      3 101214    8e-10        -
28617  3.5767e-08  9.4208e-13     58290  194 58290     2     3      3 101235  4.8e-10        -
28624  3.5774e-08  9.4208e-13     58304  194 58304     2     3      3 101256  3.7e-10        -
28631   3.578e-08  9.4208e-13     58318  194 58318     2     3      3 101277  2.8e-10        -
28638  3.5787e-08  9.4208e-13     58332  194 58332     2     3      3 101298  2.5e-10        -
28645  3.5793e-08  9.4208e-13     58346  194 58346     2     3      3 101319  2.2e-10        -
28651  3.5799e-08  9.4208e-13     58358  194 58358     2     3      3 101337    2e-10        -
28658  3.5806e-08  9.4208e-13     58372  194 58372     2     3      3 101358  1.9e-10        -
28665  3.5812e-08  9.4208e-13     58386  194 58386     2     3      3 101379  1.7e-10        -
28672  3.5819e-08  9.4208e-13     58400  194 58400     2     3      3 101400  1.7e-10        -
28679  3.5825e-08  9.4208e-13     58414  194 58414     2     3      3 101421  1.6e-10        -
28686  3.5832e-08  9.4208e-13     58428  194 58428     2     3      3 101442  1.6e-10        -
28692  3.5838e-08  9.4208e-13     58440  194 58440     2     3      3 101460  1.6e-10        -
28693  3.5839e-08  9.4208e-13     58442  194 58442     2     3      3 101463  1.6e-10        -
28695   3.584e-08  9.4208e-13     58446  194 58446     2     3      3 101469  1.6e-10        -
28697  3.5842e-08  9.4208e-13     58450  194 58450     2     3      3 101475  1.6e-10        -
28699  3.5844e-08  9.4208e-13     58454  194 58454     2     3      3 101481  1.6e-10        -
28701  3.5846e-08  9.4208e-13     58458  194 58458     2     3      3 101487  1.6e-10        -
28703  3.5848e-08  9.4208e-13     58462  194 58462     2     3      3 101493  1.6e-10        -
28706  3.5851e-08  9.4208e-13     58468  194 58468     2     3      3 101502  1.6e-10        -
28708  3.5853e-08  9.4208e-13     58472  194 58472     2     3      3 101508  1.6e-10        -
28710  3.5855e-08  9.4208e-13     58476  194 58476     2     3      3 101514  1.6e-10        -
28712  3.5856e-08  9.4208e-13     58480  194 58480     2     3      3 101520  1.6e-10        -
28715  3.5859e-08  9.4208e-13     58486  194 58486     2     3      3 101529  1.6e-10        -
28720  3.5864e-08  9.4208e-13     58496  194 58496     2     3      3 101544  1.6e-10        -
28724  3.5868e-08  9.4208e-13     58504  194 58504     2     3      3 101556  1.6e-10        -
28727  3.5871e-08  9.4208e-13     58510  194 58510     2     3      3 101565  1.6e-10        -
28731  3.5874e-08  9.4208e-13     58518  194 58518     2     3      3 101577  1.6e-10        -
28736  3.5879e-08  9.4208e-13     58528  194 58528     2     3      3 101592  1.6e-10        -
28741  3.5884e-08  9.4208e-13     58538  194 58538     2     3      3 101607  1.6e-10        -
28744  3.5887e-08  9.4208e-13     58544  194 58544     2     3      3 101616  1.7e-10        -
28746  3.5888e-08  9.4208e-13     58548  194 58548     2     3      3 101622  1.7e-10        -
28748   3.589e-08  9.4208e-13     58552  194 58552     2     3      3 101628  1.7e-10        -
28752  3.5894e-08  9.4208e-13     58560  194 58560     2     3      3 101640  1.7e-10        -
28758    3.59e-08  9.4208e-13     58572  194 58572     2     3      3 101658  1.7e-10        -
28764  3.5905e-08  9.4208e-13     58584  194 58584     2     3      3 101676  1.8e-10        -
28770  3.5911e-08  9.4208e-13     58596  194 58596     2     3      3 101694  1.8e-10        -
28775  3.5916e-08  9.4208e-13     58606  194 58606     2     3      3 101709  1.8e-10        -
28780  3.5921e-08  9.4208e-13     58616  194 58616     2     3      3 101724  1.8e-10        -
28785  3.5925e-08  9.4208e-13     58626  194 58626     2     3      3 101739  1.9e-10        -
28791  3.5931e-08  9.4208e-13     58638  194 58638     2     3      3 101757  1.9e-10        -
28797  3.5937e-08  9.4208e-13     58650  194 58650     2     3      3 101775  1.9e-10        -
28803  3.5942e-08  9.4208e-13     58662  194 58662     2     3      3 101793    2e-10        -
28808  3.5947e-08  9.4208e-13     58672  194 58672     2     3      3 101808    2e-10        -
28813  3.5952e-08  9.4208e-13     58682  194 58682     2     3      3 101823    2e-10        -
28818  3.5956e-08  9.4208e-13     58692  194 58692     2     3      3 101838  2.1e-10        -
28825  3.5963e-08  9.4208e-13     58706  194 58706     2     3      3 101859  2.1e-10        -
28831  3.5969e-08  9.4208e-13     58718  194 58718     2     3      3 101877  2.1e-10        -
28838  3.5975e-08  9.4208e-13     58732  194 58732     2     3      3 101898  2.2e-10        -
28844  3.5981e-08  9.4208e-13     58744  194 58744     2     3      3 101916  2.2e-10        -
28850  3.5986e-08  9.4208e-13     58756  194 58756     2     3      3 101934  2.3e-10        -
28857  3.5993e-08  9.4208e-13     58770  194 58770     2     3      3 101955  2.3e-10        -
28864  3.5999e-08  6.4596e-13     58787  195 58787     2     3      3 101983  2.1e-09        -
28869  3.6005e-08  1.2919e-12     58797  197 58797     2     3      3 101998  4.9e-09        -
28876  3.6014e-08  1.2919e-12     58811  197 58811     2     3      3 102019  1.9e-09        -
28883  3.6023e-08  1.2919e-12     58825  197 58825     2     3      3 102040  1.2e-09        -
28890  3.6032e-08  1.2919e-12     58839  197 58839     2     3      3 102061  8.7e-10        -
28897  3.6041e-08  1.2919e-12     58853  197 58853     2     3      3 102082  7.2e-10        -
28904   3.605e-08  1.2919e-12     58867  197 58867     2     3      3 102103  6.2e-10        -
28911  3.6059e-08  1.2919e-12     58881  197 58881     2     3      3 102124  5.6e-10        -
28918  3.6068e-08  1.2919e-12     58895  197 58895     2     3      3 102145  5.2e-10        -
28925  3.6078e-08  1.2919e-12     58909  197 58909     2     3      3 102166    5e-10        -
28933  3.6088e-08  1.2919e-12     58925  197 58925     2     3      3 102190  4.9e-10        -
28940  3.6097e-08  1.2919e-12     58939  197 58939     2     3      3 102211  4.8e-10        -
28948  3.6107e-08  1.2919e-12     58955  197 58955     2     3      3 102235  4.8e-10        -
28955  3.6116e-08  1.2919e-12     58969  197 58969     2     3      3 102256  4.9e-10        -
28962  3.6125e-08  1.2919e-12     58983  197 58983     2     3      3 102277  4.9e-10        -
28968  3.6133e-08  1.2919e-12     58995  197 58995     2     3      3 102295    5e-10        -
28972  3.6138e-08  1.2919e-12     59003  197 59003     2     3      3 102307  5.1e-10        -
28976  3.6143e-08  1.2919e-12     59011  197 59011     2     3      3 102319  5.1e-10        -
28981   3.615e-08  1.2919e-12     59021  197 59021     2     3      3 102334  5.3e-10        -
28987  3.6158e-08  1.2919e-12     59033  197 59033     2     3      3 102352  5.4e-10        -
28993  3.6165e-08  1.2919e-12     59045  197 59045     2     3      3 102370  5.5e-10        -
28999  3.6173e-08  1.2919e-12     59057  197 59057     2     3      3 102388  5.7e-10        -
29003  3.6178e-08  1.2919e-12     59065  197 59065     2     3      3 102400  5.7e-10        -
29010  3.6187e-08  1.2919e-12     59079  197 59079     2     3      3 102421  5.9e-10        -
29017  3.6196e-08  1.2919e-12     59093  197 59093     2     3      3 102442  6.1e-10        -
29024  3.6205e-08  1.2919e-12     59107  197 59107     2     3      3 102463  6.2e-10        -
29031  3.6214e-08  1.2919e-12     59121  197 59121     2     3      3 102484  6.5e-10        -
29038  3.6224e-08  1.2919e-12     59135  197 59135     2     3      3 102505  6.6e-10        -
29045  3.6233e-08  1.2919e-12     59149  197 59149     2     3      3 102526  6.9e-10        -
29052  3.6242e-08  1.2919e-12     59163  197 59163     2     3      3 102547    7e-10        -
29060  3.6251e-08   9.764e-13     59179  197 59179     2     3      3 102574  1.3e-08        -
29067  3.6258e-08   9.764e-13     59193  197 59193     2     3      3 102602  1.3e-08        -
29073  3.6264e-08   9.764e-13     59205  197 59205     2     3      3 102626  1.3e-08        -
29079   3.627e-08   9.764e-13     59217  197 59217     2     3      3 102650  1.3e-08        -
29084  3.6274e-08   9.764e-13     59227  197 59227     2     3      3 102670  1.3e-08        -
29090   3.628e-08   9.764e-13     59239  197 59239     2     3      3 102694  1.3e-08        -
29096  3.6286e-08   9.764e-13     59251  197 59251     2     3      3 102718  1.3e-08        -
29101  3.6291e-08   9.764e-13     59261  197 59261     2     3      3 102738  1.3e-08        -
29107  3.6297e-08   9.764e-13     59273  197 59273     2     3      3 102762  1.3e-08        -
29112  3.6302e-08   9.764e-13     59283  197 59283     2     3      3 102782  1.3e-08        -
29117  3.6307e-08   9.764e-13     59293  197 59293     2     3      3 102802  1.2e-08        -
---        当前进度:  35 % - 正在组装残差
Memory: 792/944 833/1229
29122  3.6312e-08   9.764e-13     59303  197 59303     2     3      3 102822  1.2e-08        -
29128  3.6317e-08   9.764e-13     59315  197 59315     2     3      3 102846  1.2e-08        -
29132  3.6321e-08   9.764e-13     59323  197 59323     2     3      3 102862  1.2e-08        -
29138  3.6327e-08   9.764e-13     59335  197 59335     2     3      3 102886  1.2e-08        -
29144  3.6333e-08   9.764e-13     59347  197 59347     2     3      3 102910  1.2e-08        -
29150  3.6339e-08   9.764e-13     59359  197 59359     2     3      3 102934  1.2e-08        -
29155  3.6344e-08   9.764e-13     59369  197 59369     2     3      3 102954  1.2e-08        -
29158  3.6347e-08   9.764e-13     59375  197 59375     2     3      3 102966  1.2e-08        -
29163  3.6352e-08   9.764e-13     59385  197 59385     2     3      3 102986  1.2e-08        -
29168  3.6356e-08   9.764e-13     59395  197 59395     2     3      3 103006  1.2e-08        -
29172   3.636e-08   9.764e-13     59403  197 59403     2     3      3 103022  1.2e-08        -
29177  3.6365e-08   9.764e-13     59413  197 59413     2     3      3 103042  1.2e-08        -
29184  3.6372e-08   9.764e-13     59427  197 59427     2     3      3 103070  1.2e-08        -
29189  3.6377e-08   9.764e-13     59437  197 59437     2     3      3 103090  1.2e-08        -
29195  3.6383e-08   9.764e-13     59449  197 59449     2     3      3 103114  1.2e-08        -
29201  3.6389e-08   9.764e-13     59461  197 59461     2     3      3 103138  1.1e-08        -
29206  3.6394e-08   9.764e-13     59471  197 59471     2     3      3 103158  1.1e-08        -
29212  3.6399e-08   9.764e-13     59483  197 59483     2     3      3 103182  1.1e-08        -
29218  3.6405e-08   9.764e-13     59495  197 59495     2     3      3 103206  1.1e-08        -
29224  3.6411e-08   9.764e-13     59507  197 59507     2     3      3 103230  1.1e-08        -
29229  3.6416e-08   9.764e-13     59517  197 59517     2     3      3 103250  1.1e-08        -
29235  3.6422e-08   9.764e-13     59529  197 59529     2     3      3 103274  1.1e-08        -
29242  3.6429e-08   9.764e-13     59543  197 59543     2     3      3 103302  1.1e-08        -
29249  3.6436e-08   9.764e-13     59557  197 59557     2     3      3 103330  1.1e-08        -
29256  3.6442e-08   9.764e-13     59571  197 59571     2     3      3 103358  1.1e-08        -
29263  3.6449e-08   9.764e-13     59585  197 59585     2     3      3 103386  1.1e-08        -
29269  3.6455e-08   9.764e-13     59597  197 59597     2     3      3 103410  1.1e-08        -
29276  3.6462e-08   9.764e-13     59611  197 59611     2     3      3 103438  1.1e-08        -
29283  3.6469e-08   9.764e-13     59625  197 59625     2     3      3 103466    1e-08        -
29291  3.6477e-08   9.764e-13     59641  197 59641     2     3      3 103498    1e-08        -
29298  3.6483e-08   9.764e-13     59655  197 59655     2     3      3 103526    1e-08        -
29305   3.649e-08   9.764e-13     59669  197 59669     2     3      3 103554    1e-08        -
29312  3.6497e-08   9.764e-13     59683  197 59683     2     3      3 103582    1e-08        -
29317  3.6501e-08  1.0183e-12     59692  199 59692     2     3      3 103598  4.3e-09        -
29323  3.6507e-08  1.0183e-12     59704  199 59704     2     3      3 103616  5.6e-10        -
29328  3.6512e-08  1.0183e-12     59714  199 59714     2     3      3 103631  4.1e-10        -
29335  3.6519e-08  1.0183e-12     59728  199 59728     2     3      3 103652  2.1e-10        -
29342  3.6526e-08  1.0183e-12     59742  199 59742     2     3      3 103673    2e-10        -
29347  3.6532e-08  1.0183e-12     59752  199 59752     2     3      3 103688  1.4e-10        -
29354  3.6539e-08  1.0183e-12     59766  199 59766     2     3      3 103709  1.6e-10        -
29361  3.6546e-08  1.0183e-12     59780  199 59780     2     3      3 103730  1.2e-10        -
29368  3.6553e-08  1.0183e-12     59794  199 59794     2     3      3 103751  1.4e-10        -
29376  3.6561e-08  1.0183e-12     59810  199 59810     2     3      3 103775  1.4e-10        -
29384  3.6569e-08  1.0183e-12     59826  199 59826     2     3      3 103799  1.5e-10        -
29390  3.6575e-08  1.0183e-12     59838  199 59838     2     3      3 103817  1.5e-10        -
29397  3.6582e-08  1.0183e-12     59852  199 59852     2     3      3 103838  1.5e-10        -
29405  3.6591e-08  1.0183e-12     59868  199 59868     2     3      3 103862  1.5e-10        -
29411  3.6597e-08  1.0183e-12     59880  199 59880     2     3      3 103880  1.6e-10        -
29418  3.6604e-08  1.0183e-12     59894  199 59894     2     3      3 103901  1.8e-10        -
29426  3.6612e-08  1.0183e-12     59910  199 59910     2     3      3 103925  1.9e-10        -
29434   3.662e-08  1.0183e-12     59926  199 59926     2     3      3 103949  1.9e-10        -
29442  3.6628e-08  1.0183e-12     59942  199 59942     2     3      3 103973    2e-10        -
29450  3.6636e-08  1.0183e-12     59958  199 59958     2     3      3 103997  2.1e-10        -
29457  3.6644e-08  1.0183e-12     59972  199 59972     2     3      3 104018  2.2e-10        -
29465  3.6652e-08  1.0183e-12     59988  199 59988     2     3      3 104042  2.3e-10        -
29473   3.666e-08  1.0183e-12     60004  199 60004     2     3      3 104066  2.4e-10        -
29480  3.6667e-08  1.0183e-12     60018  199 60018     2     3      3 104087  2.5e-10        -
29488  3.6675e-08  1.0183e-12     60034  199 60034     2     3      3 104111  2.6e-10        -
29496  3.6683e-08  1.0183e-12     60050  199 60050     2     3      3 104135  2.7e-10        -
29504  3.6691e-08  1.0183e-12     60066  199 60066     2     3      3 104159  2.7e-10        -
29512    3.67e-08  1.0183e-12     60082  199 60082     2     3      3 104183  2.8e-10        -
29520  3.6708e-08  1.0183e-12     60098  199 60098     2     3      3 104207  2.9e-10        -
29528  3.6716e-08  1.0183e-12     60114  199 60114     2     3      3 104231    3e-10        -
29536  3.6724e-08  1.0183e-12     60130  199 60130     2     3      3 104255  3.1e-10        -
29544  3.6732e-08  1.0183e-12     60146  199 60146     2     3      3 104279  3.1e-10        -
29551  3.6739e-08  1.0183e-12     60160  199 60160     2     3      3 104300  3.2e-10        -
29558  3.6746e-08  1.0183e-12     60174  199 60174     2     3      3 104321  3.2e-10        -
29566  3.6753e-08  7.7008e-13     60190  199 60190     2     3      3 104351  3.2e-09        -
29573  3.6758e-08  7.7008e-13     60204  199 60204     2     3      3 104379  3.1e-09        -
29581  3.6765e-08  7.7008e-13     60220  199 60220     2     3      3 104411    3e-09        -
29589  3.6771e-08  7.7008e-13     60236  199 60236     2     3      3 104443    3e-09        -
29596  3.6776e-08  7.7008e-13     60250  199 60250     2     3      3 104471  2.9e-09        -
29603  3.6782e-08  7.7008e-13     60264  199 60264     2     3      3 104499  2.9e-09        -
29611  3.6788e-08  7.7008e-13     60280  199 60280     2     3      3 104531  2.8e-09        -
29619  3.6794e-08  7.7008e-13     60296  199 60296     2     3      3 104563  2.7e-09        -
29626  3.6799e-08  7.7008e-13     60310  199 60310     2     3      3 104591  2.7e-09        -
29634  3.6805e-08  7.7008e-13     60326  199 60326     2     3      3 104623  2.6e-09        -
29642  3.6812e-08  7.7008e-13     60342  199 60342     2     3      3 104655  2.5e-09        -
29650  3.6818e-08  7.7008e-13     60358  199 60358     2     3      3 104687  2.5e-09        -
29658  3.6824e-08  7.7008e-13     60374  199 60374     2     3      3 104719  2.4e-09        -
29666   3.683e-08  7.7008e-13     60390  199 60390     2     3      3 104751  2.3e-09        -
29674  3.6836e-08  7.7008e-13     60406  199 60406     2     3      3 104783  2.3e-09        -
29682  3.6842e-08  7.7008e-13     60422  199 60422     2     3      3 104815  2.2e-09        -
29690  3.6849e-08  7.7008e-13     60438  199 60438     2     3      3 104847  2.1e-09        -
29698  3.6855e-08  7.7008e-13     60454  199 60454     2     3      3 104879  2.1e-09        -
29706  3.6861e-08  7.7008e-13     60470  199 60470     2     3      3 104911    2e-09        -
29714  3.6867e-08  7.7008e-13     60486  199 60486     2     3      3 104943  1.9e-09        -
29722  3.6873e-08  7.7008e-13     60502  199 60502     2     3      3 104975  1.9e-09        -
29730  3.6879e-08  7.7008e-13     60518  199 60518     2     3      3 105007  1.8e-09        -
29738  3.6886e-08  7.7008e-13     60534  199 60534     2     3      3 105039  1.7e-09        -
29746  3.6892e-08  7.7008e-13     60550  199 60550     2     3      3 105071  1.7e-09        -
29754  3.6898e-08  7.7008e-13     60566  199 60566     2     3      3 105103  1.6e-09        -
29762  3.6904e-08  7.7008e-13     60582  199 60582     2     3      3 105135  1.5e-09        -
29768  3.6909e-08  7.7008e-13     60594  199 60594     2     3      3 105159  1.5e-09        -
29776  3.6915e-08  7.7008e-13     60610  199 60610     2     3      3 105191  1.4e-09        -
29783   3.692e-08  7.7008e-13     60624  199 60624     2     3      3 105219  1.4e-09        -
29790  3.6926e-08  7.7008e-13     60638  199 60638     2     3      3 105247  1.3e-09        -
29798  3.6932e-08  7.7008e-13     60654  199 60654     2     3      3 105279  1.3e-09        -
29806  3.6938e-08  7.7008e-13     60670  199 60670     2     3      3 105311  1.2e-09        -
29814  3.6944e-08  7.7008e-13     60686  199 60686     2     3      3 105343  1.1e-09        -
29822   3.695e-08  7.7008e-13     60702  199 60702     2     3      3 105375  1.1e-09        -
29830  3.6956e-08  7.7008e-13     60718  199 60718     2     3      3 105407    1e-09        -
29838  3.6963e-08  7.7008e-13     60734  199 60734     2     3      3 105439  9.8e-10        -
29846  3.6969e-08  7.7008e-13     60750  199 60750     2     3      3 105471  9.2e-10        -
29854  3.6975e-08  7.7008e-13     60766  199 60766     2     3      3 105503  8.7e-10        -
29862  3.6981e-08  7.7008e-13     60782  199 60782     2     3      3 105535  8.2e-10        -
29870  3.6987e-08  7.7008e-13     60798  199 60798     2     3      3 105567  7.7e-10        -
29878  3.6993e-08  7.7008e-13     60814  199 60814     2     3      3 105599  7.2e-10        -
29886  3.6999e-08  6.3234e-13     60830  200 60830     2     3      3 105630  9.1e-11        -
29892  3.7006e-08  1.2647e-12     60842  201 60842     2     3      3 105648  3.6e-11        -
29900  3.7016e-08  1.2647e-12     60858  201 60858     2     3      3 105672  2.8e-11        -
29908  3.7027e-08  1.2647e-12     60874  201 60874     2     3      3 105696  3.9e-11        -
29915  3.7035e-08  1.2647e-12     60888  201 60888     2     3      3 105717  4.9e-11        -
29924  3.7047e-08  1.2647e-12     60906  201 60906     2     3      3 105744  5.9e-11        -
29932  3.7057e-08  1.2647e-12     60922  201 60922     2     3      3 105768  6.7e-11        -
29938  3.7064e-08  1.2647e-12     60934  201 60934     2     3      3 105786  7.1e-11        -
29945  3.7073e-08  1.2647e-12     60948  201 60948     2     3      3 105807  7.4e-11        -
29952  3.7082e-08  1.2647e-12     60962  201 60962     2     3      3 105828  7.5e-11        -
29959  3.7091e-08  1.2647e-12     60976  201 60976     2     3      3 105849  7.5e-11        -
29967  3.7101e-08  1.2647e-12     60992  201 60992     2     3      3 105873  7.2e-11        -
29976  3.7113e-08  1.2647e-12     61010  201 61010     2     3      3 105900  6.6e-11        -
29984  3.7123e-08  1.2647e-12     61026  201 61026     2     3      3 105924  5.8e-11        -
29993  3.7134e-08  1.2647e-12     61044  201 61044     2     3      3 105951  4.6e-11        -
30002  3.7145e-08  1.2647e-12     61062  201 61062     2     3      3 105978    3e-11        -
30010  3.7156e-08  1.2647e-12     61078  201 61078     2     3      3 106002  1.4e-11        -
30019  3.7167e-08  1.2647e-12     61096  201 61096     2     3      3 106023  8.5e-12        -
30028  3.7178e-08  1.2647e-12     61114  201 61114     2     3      3 106050  3.4e-11        -
30035  3.7187e-08  1.2647e-12     61128  201 61128     2     3      3 106071  5.7e-11        -
30043  3.7197e-08  1.2647e-12     61144  201 61144     2     3      3 106095  8.5e-11        -
30052  3.7209e-08  1.2647e-12     61162  201 61162     2     3      3 106122  1.2e-10        -
30060  3.7219e-08  1.2647e-12     61178  201 61178     2     3      3 106146  1.6e-10        -
30068  3.7229e-08  1.2647e-12     61194  201 61194     2     3      3 106170  1.9e-10        -
30077   3.724e-08  1.2647e-12     61212  201 61212     2     3      3 106197  2.4e-10        -
30085   3.725e-08  1.0617e-12 out 61228  201 61228     2     3      3 106223  2.7e-10        -
30092  3.7257e-08  1.0617e-12     61242  201 61242     2     3      3 106251    3e-10        -
30101  3.7267e-08  1.0617e-12     61260  201 61260     2     3      3 106287  3.8e-10        -
30110  3.7277e-08  1.0617e-12     61278  201 61278     2     3      3 106323  4.4e-10        -
30119  3.7286e-08  1.0617e-12     61296  201 61296     2     3      3 106359  5.2e-10        -
30128  3.7296e-08  1.0617e-12     61314  201 61314     2     3      3 106395    6e-10        -
30136  3.7304e-08  1.0617e-12     61330  201 61330     2     3      3 106427  6.8e-10        -
30144  3.7313e-08  1.0617e-12     61346  201 61346     2     3      3 106459  7.7e-10        -
30153  3.7322e-08  1.0617e-12     61364  201 61364     2     3      3 106495  8.6e-10        -
30162  3.7332e-08  1.0617e-12     61382  201 61382     2     3      3 106531  9.7e-10        -
30171  3.7341e-08  1.0617e-12     61400  201 61400     2     3      3 106567  1.1e-09        -
---        当前进度:  36 % - 正在组装残差
Memory: 793/944 834/1229
30179   3.735e-08  1.0617e-12     61416  201 61416     2     3      3 106599  1.2e-09        -
30188  3.7359e-08  1.0617e-12     61434  201 61434     2     3      3 106635  1.3e-09        -
30197  3.7369e-08  1.0617e-12     61452  201 61452     2     3      3 106671  1.4e-09        -
30206  3.7378e-08  1.0617e-12     61470  201 61470     2     3      3 106707  1.6e-09        -
30215  3.7388e-08  1.0617e-12     61488  201 61488     2     3      3 106743  1.7e-09        -
30224  3.7398e-08  1.0617e-12     61506  201 61506     2     3      3 106779  1.8e-09        -
30233  3.7407e-08  1.0617e-12     61524  201 61524     2     3      3 106815    2e-09        -
30242  3.7417e-08  1.0617e-12     61542  201 61542     2     3      3 106851  2.1e-09        -
30251  3.7426e-08  1.0617e-12     61560  201 61560     2     3      3 106887  2.3e-09        -
30261  3.7437e-08  1.0617e-12     61580  201 61580     2     3      3 106927  2.5e-09        -
30270  3.7446e-08  1.0617e-12     61598  201 61598     2     3      3 106963  2.6e-09        -
30279  3.7456e-08  1.0617e-12     61616  201 61616     2     3      3 106999  2.8e-09        -
30289  3.7467e-08  1.0617e-12     61636  201 61636     2     3      3 107039    3e-09        -
30298  3.7476e-08  1.0617e-12     61654  201 61654     2     3      3 107075  3.2e-09        -
30307  3.7486e-08  1.0617e-12     61672  201 61672     2     3      3 107111  3.4e-09        -
30316  3.7495e-08  1.0617e-12     61690  201 61690     2     3      3 107147  3.5e-09        -
30324  3.7502e-08  7.7625e-13     61706  202 61706     2     3      3 107174  1.1e-10        -
30333  3.7509e-08  7.7625e-13     61724  202 61724     2     3      3 107201  4.2e-11        -
30342  3.7516e-08  7.7625e-13     61742  202 61742     2     3      3 107228  3.3e-11        -
30352  3.7524e-08  7.7625e-13     61762  202 61762     2     3      3 107258  4.5e-11        -
30362  3.7532e-08  7.7625e-13     61782  202 61782     2     3      3 107288    6e-11        -
30369  3.7537e-08  7.7625e-13     61796  202 61796     2     3      3 107309  7.1e-11        -
30378  3.7544e-08  7.7625e-13     61814  202 61814     2     3      3 107336  8.7e-11        -
30387  3.7551e-08  7.7625e-13     61832  202 61832     2     3      3 107363    1e-10        -
30396  3.7558e-08  7.7625e-13     61850  202 61850     2     3      3 107390  1.2e-10        -
30405  3.7565e-08  7.7625e-13     61868  202 61868     2     3      3 107417  1.4e-10        -
30415  3.7573e-08  7.7625e-13     61888  202 61888     2     3      3 107447  1.6e-10        -
30424   3.758e-08  7.7625e-13     61906  202 61906     2     3      3 107474  1.8e-10        -
30433  3.7587e-08  7.7625e-13     61924  202 61924     2     3      3 107501    2e-10        -
30442  3.7594e-08  7.7625e-13     61942  202 61942     2     3      3 107528  2.2e-10        -
30451  3.7601e-08  7.7625e-13     61960  202 61960     2     3      3 107555  2.4e-10        -
30460  3.7608e-08  7.7625e-13     61978  202 61978     2     3      3 107582  2.6e-10        -
30470  3.7616e-08  7.7625e-13     61998  202 61998     2     3      3 107612  2.8e-10        -
30478  3.7622e-08  7.7625e-13     62014  202 62014     2     3      3 107636    3e-10        -
30487  3.7629e-08  7.7625e-13     62032  202 62032     2     3      3 107663  3.3e-10        -
30495  3.7635e-08  7.7625e-13     62048  202 62048     2     3      3 107687  3.5e-10        -
30504  3.7642e-08  7.7625e-13     62066  202 62066     2     3      3 107714  3.7e-10        -
30513  3.7649e-08  7.7625e-13     62084  202 62084     2     3      3 107741    4e-10        -
30522  3.7656e-08  7.7625e-13     62102  202 62102     2     3      3 107768  4.2e-10        -
30531  3.7663e-08  7.7625e-13     62120  202 62120     2     3      3 107795  4.5e-10        -
30541  3.7671e-08  7.7625e-13     62140  202 62140     2     3      3 107825  4.8e-10        -
30550  3.7678e-08  7.7625e-13     62158  202 62158     2     3      3 107852  5.1e-10        -
30559  3.7685e-08  7.7625e-13     62176  202 62176     2     3      3 107879  5.4e-10        -
30568  3.7692e-08  7.7625e-13     62194  202 62194     2     3      3 107906  5.7e-10        -
30577  3.7699e-08  7.7625e-13     62212  202 62212     2     3      3 107933  5.9e-10        -
30586  3.7706e-08  7.7625e-13     62230  202 62230     2     3      3 107960  6.3e-10        -
30594  3.7712e-08  7.7625e-13     62246  202 62246     2     3      3 107984  6.5e-10        -
30603  3.7719e-08  7.7625e-13     62264  202 62264     2     3      3 108011  6.9e-10        -
---        当前进度:  36 % - 
30611  3.7725e-08  7.7625e-13     62280  202 62280     2     3      3 108035  7.1e-10        -
30620  3.7732e-08  7.7625e-13     62298  202 62298     2     3      3 108062  7.5e-10        -
30629  3.7739e-08  7.7625e-13     62316  202 62316     2     3      3 108089  7.8e-10        -
30638  3.7746e-08  7.7625e-13     62334  202 62334     2     3      3 108116  8.2e-10        -
30645  3.7751e-08  8.2478e-13     62347  204 62347     2     3      3 108136  5.7e-09        -
30654  3.7758e-08  8.2478e-13     62365  204 62365     2     3      3 108163  3.9e-10        -
30663  3.7766e-08  8.2478e-13     62383  204 62383     2     3      3 108190  2.1e-10        -
30672  3.7773e-08  8.2478e-13     62401  204 62401     2     3      3 108217  1.3e-10        -
30681  3.7781e-08  8.2478e-13     62419  204 62419     2     3      3 108244  1.4e-10        -
30690  3.7788e-08  8.2478e-13     62437  204 62437     2     3      3 108271  1.6e-10        -
30699  3.7795e-08  8.2478e-13     62455  204 62455     2     3      3 108298    2e-10        -
30708  3.7803e-08  8.2478e-13     62473  204 62473     2     3      3 108325  2.4e-10        -
30717   3.781e-08  8.2478e-13     62491  204 62491     2     3      3 108352  2.8e-10        -
30726  3.7818e-08  8.2478e-13     62509  204 62509     2     3      3 108379  3.2e-10        -
30735  3.7825e-08  8.2478e-13     62527  204 62527     2     3      3 108406  3.6e-10        -
30744  3.7832e-08  8.2478e-13     62545  204 62545     2     3      3 108433  4.1e-10        -
30753   3.784e-08  8.2478e-13     62563  204 62563     2     3      3 108460  4.5e-10        -
30762  3.7847e-08  8.2478e-13     62581  204 62581     2     3      3 108487    5e-10        -
30771  3.7855e-08  8.2478e-13     62599  204 62599     2     3      3 108514  5.5e-10        -
30780  3.7862e-08  8.2478e-13     62617  204 62617     2     3      3 108541    6e-10        -
30789   3.787e-08  8.2478e-13     62635  204 62635     2     3      3 108568  6.4e-10        -
30798  3.7877e-08  8.2478e-13     62653  204 62653     2     3      3 108595    7e-10        -
30807  3.7884e-08  8.2478e-13     62671  204 62671     2     3      3 108622  7.4e-10        -
30816  3.7892e-08  8.2478e-13     62689  204 62689     2     3      3 108649    8e-10        -
30825  3.7899e-08  8.2478e-13     62707  204 62707     2     3      3 108676  8.5e-10        -
30834  3.7907e-08  8.2478e-13     62725  204 62725     2     3      3 108703    9e-10        -
30843  3.7914e-08  8.2478e-13     62743  204 62743     2     3      3 108730  9.5e-10        -
30852  3.7922e-08  8.2478e-13     62761  204 62761     2     3      3 108757    1e-09        -
30860  3.7928e-08  8.2478e-13     62777  204 62777     2     3      3 108781  1.1e-09        -
30869  3.7936e-08  8.2478e-13     62795  204 62795     2     3      3 108808  1.1e-09        -
30878  3.7943e-08  8.2478e-13     62813  204 62813     2     3      3 108835  1.2e-09        -
30887   3.795e-08  8.2478e-13     62831  204 62831     2     3      3 108862  1.2e-09        -
30896  3.7958e-08  8.2478e-13     62849  204 62849     2     3      3 108889  1.3e-09        -
30905  3.7965e-08  8.2478e-13     62867  204 62867     2     3      3 108916  1.3e-09        -
30915  3.7974e-08  8.2478e-13     62887  204 62887     2     3      3 108946  1.4e-09        -
30924  3.7981e-08  8.2478e-13     62905  204 62905     2     3      3 108973  1.5e-09        -
30933  3.7988e-08  8.2478e-13     62923  204 62923     2     3      3 109000  1.5e-09        -
30943  3.7997e-08  8.2478e-13     62943  204 62943     2     3      3 109030  1.6e-09        -
30950  3.8002e-08  9.1613e-13     62957  206 62957     2     3      3 109051  6.8e-08        -
30959   3.801e-08  9.1613e-13     62975  206 62975     2     3      3 109078    2e-09        -
30969  3.8019e-08  9.1613e-13     62995  206 62995     2     3      3 109108  8.8e-10        -
30979  3.8028e-08  9.1613e-13     63015  206 63015     2     3      3 109138  5.3e-10        -
30989  3.8038e-08  9.1613e-13     63035  206 63035     2     3      3 109168  3.8e-10        -
30999  3.8047e-08  9.1613e-13     63055  206 63055     2     3      3 109198  3.5e-10        -
31009  3.8056e-08  9.1613e-13     63075  206 63075     2     3      3 109228    4e-10        -
31018  3.8064e-08  9.1613e-13     63093  206 63093     2     3      3 109255    5e-10        -
31028  3.8073e-08  9.1613e-13     63113  206 63113     2     3      3 109285  5.9e-10        -
31038  3.8082e-08  9.1613e-13     63133  206 63133     2     3      3 109315  6.9e-10        -
31047  3.8091e-08  9.1613e-13     63151  206 63151     2     3      3 109342  7.7e-10        -
31056  3.8099e-08  9.1613e-13     63169  206 63169     2     3      3 109369  8.8e-10        -
---        当前进度:  36 % - 正在组装残差
31065  3.8107e-08  9.1613e-13     63187  206 63187     2     3      3 109396  9.6e-10        -
31074  3.8115e-08  9.1613e-13     63205  206 63205     2     3      3 109423  1.1e-09        -
31083  3.8124e-08  9.1613e-13     63223  206 63223     2     3      3 109450  1.1e-09        -
31092  3.8132e-08  9.1613e-13     63241  206 63241     2     3      3 109477  1.3e-09        -
31101   3.814e-08  9.1613e-13     63259  206 63259     2     3      3 109504  1.3e-09        -
31109  3.8147e-08  9.1613e-13     63275  206 63275     2     3      3 109528  1.4e-09        -
31118  3.8156e-08  9.1613e-13     63293  206 63293     2     3      3 109555  1.5e-09        -
31126  3.8163e-08  9.1613e-13     63309  206 63309     2     3      3 109579  1.6e-09        -
31133  3.8169e-08  9.1613e-13     63323  206 63323     2     3      3 109600  1.7e-09        -
31141  3.8177e-08  9.1613e-13     63339  206 63339     2     3      3 109624  1.8e-09        -
31149  3.8184e-08  9.1613e-13     63355  206 63355     2     3      3 109648  1.8e-09        -
31158  3.8192e-08  9.1613e-13     63373  206 63373     2     3      3 109675  1.9e-09        -
31167  3.8201e-08  9.1613e-13     63391  206 63391     2     3      3 109702    2e-09        -
31176  3.8209e-08  9.1613e-13     63409  206 63409     2     3      3 109729  2.1e-09        -
31185  3.8217e-08  9.1613e-13     63427  206 63427     2     3      3 109756  2.2e-09        -
31194  3.8225e-08  9.1613e-13     63445  206 63445     2     3      3 109783  2.3e-09        -
31204  3.8235e-08  9.1613e-13     63465  206 63465     2     3      3 109813  2.4e-09        -
31214  3.8244e-08  9.1613e-13     63485  206 63485     2     3      3 109843  2.5e-09        -
31224  3.8253e-08  8.6393e-13     63505  206 63505     2     3      3 109878  4.4e-09        -
31234  3.8261e-08  8.6393e-13     63525  206 63525     2     3      3 109918  4.5e-09        -
31243  3.8269e-08  8.6393e-13     63543  206 63543     2     3      3 109954  4.5e-09        -
31252  3.8277e-08  8.6393e-13     63561  206 63561     2     3      3 109990  4.5e-09        -
31262  3.8285e-08  8.6393e-13     63581  206 63581     2     3      3 110030  4.6e-09        -
31272  3.8294e-08  8.6393e-13     63601  206 63601     2     3      3 110070  4.6e-09        -
31282  3.8303e-08  8.6393e-13     63621  206 63621     2     3      3 110110  4.6e-09        -
31292  3.8311e-08  8.6393e-13     63641  206 63641     2     3      3 110150  4.6e-09        -
31302   3.832e-08  8.6393e-13     63661  206 63661     2     3      3 110190  4.7e-09        -
31310  3.8327e-08  8.6393e-13     63677  206 63677     2     3      3 110222  4.7e-09        -
31319  3.8335e-08  8.6393e-13     63695  206 63695     2     3      3 110258  4.7e-09        -
31329  3.8343e-08  8.6393e-13     63715  206 63715     2     3      3 110298  4.7e-09        -
31337   3.835e-08  8.6393e-13     63731  206 63731     2     3      3 110330  4.8e-09        -
31347  3.8359e-08  8.6393e-13     63751  206 63751     2     3      3 110370  4.8e-09        -
31357  3.8367e-08  8.6393e-13     63771  206 63771     2     3      3 110410  4.8e-09        -
31367  3.8376e-08  8.6393e-13     63791  206 63791     2     3      3 110450  4.8e-09        -
31377  3.8385e-08  8.6393e-13     63811  206 63811     2     3      3 110490  4.8e-09        -
31387  3.8393e-08  8.6393e-13     63831  206 63831     2     3      3 110530  4.9e-09        -
31394  3.8399e-08  8.6393e-13     63845  206 63845     2     3      3 110558  4.9e-09        -
31403  3.8407e-08  8.6393e-13     63863  206 63863     2     3      3 110594  4.9e-09        -
31413  3.8416e-08  8.6393e-13     63883  206 63883     2     3      3 110634  4.9e-09        -
31422  3.8424e-08  8.6393e-13     63901  206 63901     2     3      3 110670  4.9e-09        -
31432  3.8432e-08  8.6393e-13     63921  206 63921     2     3      3 110710  4.9e-09        -
31442  3.8441e-08  8.6393e-13     63941  206 63941     2     3      3 110750  4.9e-09        -
31452   3.845e-08  8.6393e-13     63961  206 63961     2     3      3 110790  4.9e-09        -
31462  3.8458e-08  8.6393e-13     63981  206 63981     2     3      3 110830  4.9e-09        -
31472  3.8467e-08  8.6393e-13     64001  206 64001     2     3      3 110870    5e-09        -
31482  3.8475e-08  8.6393e-13     64021  206 64021     2     3      3 110910    5e-09        -
31492  3.8484e-08  8.6393e-13     64041  206 64041     2     3      3 110950    5e-09        -
31499   3.849e-08  8.6393e-13     64055  206 64055     2     3      3 110978    5e-09        -
31509  3.8499e-08  8.6393e-13     64075  206 64075     2     3      3 111018    5e-09        -
---        当前进度:  37 % - 正在组装残差
31516  3.8503e-08  5.9401e-13     64089  207 64089     2     3      3 111039  3.7e-09        -
31525  3.8508e-08  5.9401e-13     64107  207 64107     2     3      3 111066  1.2e-09        -
31535  3.8514e-08  5.9401e-13     64127  207 64127     2     3      3 111096  6.8e-10        -
31545   3.852e-08  5.9401e-13     64147  207 64147     2     3      3 111126  4.6e-10        -
31555  3.8526e-08  5.9401e-13     64167  207 64167     2     3      3 111156  3.3e-10        -
31565  3.8532e-08  5.9401e-13     64187  207 64187     2     3      3 111186  2.5e-10        -
31574  3.8537e-08  5.9401e-13     64205  207 64205     2     3      3 111213  2.1e-10        -
31584  3.8543e-08  5.9401e-13     64225  207 64225     2     3      3 111243  1.6e-10        -
31594  3.8549e-08  5.9401e-13     64245  207 64245     2     3      3 111273  1.3e-10        -
31604  3.8555e-08  5.9401e-13     64265  207 64265     2     3      3 111303  9.7e-11        -
31614  3.8561e-08  5.9401e-13     64285  207 64285     2     3      3 111333  7.1e-11        -
31623  3.8567e-08  5.9401e-13     64303  207 64303     2     3      3 111360  4.3e-11        -
31632  3.8572e-08  5.9401e-13     64321  207 64321     2     3      3 111387  3.5e-11        -
31642  3.8578e-08  5.9401e-13     64341  207 64341     2     3      3 111417    2e-11        -
31652  3.8584e-08  5.9401e-13     64361  207 64361     2     3      3 111447  1.1e-11        -
31662   3.859e-08  5.9401e-13     64381  207 64381     2     3      3 111477  1.6e-11        -
31672  3.8596e-08  5.9401e-13     64401  207 64401     2     3      3 111507  2.7e-11        -
31680    3.86e-08  5.9401e-13     64417  207 64417     2     3      3 111531  3.5e-11        -
31687  3.8605e-08  5.9401e-13     64431  207 64431     2     3      3 111552  4.9e-11        -
31694  3.8609e-08  5.9401e-13     64445  207 64445     2     3      3 111573  4.9e-11        -
31704  3.8615e-08  5.9401e-13     64465  207 64465     2     3      3 111603  5.8e-11        -
31714  3.8621e-08  5.9401e-13     64485  207 64485     2     3      3 111633  6.6e-11        -
31720  3.8624e-08  5.9401e-13     64497  207 64497     2     3      3 111651    7e-11        -
31730   3.863e-08  5.9401e-13     64517  207 64517     2     3      3 111681  7.8e-11        -
31739  3.8635e-08  5.9401e-13     64535  207 64535     2     3      3 111708  8.9e-11        -
31748  3.8641e-08  5.9401e-13     64553  207 64553     2     3      3 111735  8.9e-11        -
31758  3.8647e-08  5.9401e-13     64573  207 64573     2     3      3 111765  9.5e-11        -
31768  3.8653e-08  5.9401e-13     64593  207 64593     2     3      3 111795    1e-10        -
31778  3.8659e-08  5.9401e-13     64613  207 64613     2     3      3 111825    1e-10        -
31788  3.8665e-08  5.9401e-13     64633  207 64633     2     3      3 111855  1.1e-10        -
31798   3.867e-08  5.9401e-13     64653  207 64653     2     3      3 111885  1.1e-10        -
31808  3.8676e-08  5.9401e-13     64673  207 64673     2     3      3 111915  1.2e-10        -
31818  3.8682e-08  5.9401e-13     64693  207 64693     2     3      3 111945  1.2e-10        -
31828  3.8688e-08  5.9401e-13     64713  207 64713     2     3      3 111975  1.2e-10        -
31839  3.8695e-08  5.9401e-13     64735  207 64735     2     3      3 112008  1.3e-10        -
31849  3.8701e-08  5.9401e-13     64755  207 64755     2     3      3 112038  1.3e-10        -
31859  3.8707e-08  5.9401e-13     64775  207 64775     2     3      3 112068  1.4e-10        -
31870  3.8713e-08  5.9401e-13     64797  207 64797     2     3      3 112101  1.3e-10        -
31880  3.8719e-08  5.9401e-13     64817  207 64817     2     3      3 112131  1.4e-10        -
31890  3.8725e-08  5.9401e-13     64837  207 64837     2     3      3 112161  1.4e-10        -
31900  3.8731e-08  5.9401e-13     64857  207 64857     2     3      3 112191  1.4e-10        -
31910  3.8737e-08  5.9401e-13     64877  207 64877     2     3      3 112221  1.4e-10        -
31920  3.8743e-08  5.9401e-13     64897  207 64897     2     3      3 112251  1.5e-10        -
31930  3.8749e-08  5.9401e-13     64917  207 64917     2     3      3 112281  1.5e-10        -
31938  3.8757e-08  1.1089e-12     64933  208 64933     2     3      3 112307  2.2e-08        -
31948  3.8768e-08  1.1089e-12     64953  208 64953     2     3      3 112337  7.5e-09        -
31958  3.8779e-08  1.1089e-12     64973  208 64973     2     3      3 112367  4.6e-09        -
31968   3.879e-08  1.1089e-12     64993  208 64993     2     3      3 112397  3.4e-09        -
31978  3.8801e-08  1.1089e-12     65013  208 65013     2     3      3 112427  2.8e-09        -
31988  3.8812e-08  1.1089e-12     65033  208 65033     2     3      3 112457  2.5e-09        -
31998  3.8823e-08  1.1089e-12     65053  208 65053     2     3      3 112487  2.2e-09        -
32007  3.8833e-08  1.1089e-12     65071  208 65071     2     3      3 112514  2.1e-09        -
32017  3.8844e-08  1.1089e-12     65091  208 65091     2     3      3 112544    2e-09        -
32027  3.8855e-08  1.1089e-12     65111  208 65111     2     3      3 112574  1.9e-09        -
32037  3.8866e-08  1.1089e-12     65131  208 65131     2     3      3 112604  1.9e-09        -
32047  3.8878e-08  1.1089e-12     65151  208 65151     2     3      3 112634  1.9e-09        -
32057  3.8889e-08  1.1089e-12     65171  208 65171     2     3      3 112664  1.9e-09        -
32067    3.89e-08  1.1089e-12     65191  208 65191     2     3      3 112694  1.9e-09        -
32077  3.8911e-08  1.1089e-12     65211  208 65211     2     3      3 112724    2e-09        -
32087  3.8922e-08  1.1089e-12     65231  208 65231     2     3      3 112754    2e-09        -
32097  3.8933e-08  1.1089e-12     65251  208 65251     2     3      3 112784  2.1e-09        -
32107  3.8944e-08  1.1089e-12     65271  208 65271     2     3      3 112814  2.1e-09        -
32117  3.8955e-08  1.1089e-12     65291  208 65291     2     3      3 112844  2.2e-09        -
32127  3.8966e-08  1.1089e-12     65311  208 65311     2     3      3 112874  2.3e-09        -
32137  3.8977e-08  1.1089e-12     65331  208 65331     2     3      3 112904  2.4e-09        -
32147  3.8988e-08  1.1089e-12     65351  208 65351     2     3      3 112934  2.5e-09        -
32157  3.8999e-08  8.0496e-13     65375  209 65375     2     3      3 112972  1.9e-08        -
32165  3.9006e-08  8.0496e-13     65391  210 65391     2     3      3 112996  3.6e-09        -
32174  3.9013e-08  8.0496e-13     65409  210 65409     2     3      3 113023  1.5e-09        -
32184  3.9021e-08  8.0496e-13     65429  210 65429     2     3      3 113053  9.3e-10        -
32194  3.9029e-08  8.0496e-13     65449  210 65449     2     3      3 113083  7.2e-10        -
32203  3.9036e-08  8.0496e-13     65467  210 65467     2     3      3 113110  6.3e-10        -
32212  3.9043e-08  8.0496e-13     65485  210 65485     2     3      3 113137  5.8e-10        -
32221  3.9051e-08  8.0496e-13     65503  210 65503     2     3      3 113164  5.6e-10        -
32230  3.9058e-08  8.0496e-13     65521  210 65521     2     3      3 113191  5.5e-10        -
32239  3.9065e-08  8.0496e-13     65539  210 65539     2     3      3 113218  5.5e-10        -
32248  3.9072e-08  8.0496e-13     65557  210 65557     2     3      3 113245  5.5e-10        -
32257   3.908e-08  8.0496e-13     65575  210 65575     2     3      3 113272  5.6e-10        -
32264  3.9085e-08  8.0496e-13     65589  210 65589     2     3      3 113293  5.8e-10        -
32272  3.9092e-08  8.0496e-13     65605  210 65605     2     3      3 113317  5.9e-10        -
32281  3.9099e-08  8.0496e-13     65623  210 65623     2     3      3 113344  6.1e-10        -
32289  3.9105e-08  8.0496e-13     65639  210 65639     2     3      3 113368  6.3e-10        -
32297  3.9112e-08  8.0496e-13     65655  210 65655     2     3      3 113392  6.5e-10        -
32306  3.9119e-08  8.0496e-13     65673  210 65673     2     3      3 113419  6.7e-10        -
32315  3.9126e-08  8.0496e-13     65691  210 65691     2     3      3 113446    7e-10        -
32324  3.9134e-08  8.0496e-13     65709  210 65709     2     3      3 113473  7.2e-10        -
32333  3.9141e-08  8.0496e-13     65727  210 65727     2     3      3 113500  7.5e-10        -
32341  3.9147e-08  8.0496e-13     65743  210 65743     2     3      3 113524  7.7e-10        -
32350  3.9155e-08  8.0496e-13     65761  210 65761     2     3      3 113551    8e-10        -
32358  3.9161e-08  8.0496e-13     65777  210 65777     2     3      3 113575  8.2e-10        -
32367  3.9168e-08  8.0496e-13     65795  210 65795     2     3      3 113602  8.4e-10        -
32373  3.9173e-08  8.0496e-13     65807  210 65807     2     3      3 113620  8.6e-10        -
32381   3.918e-08  8.0496e-13     65823  210 65823     2     3      3 113644  8.8e-10        -
32389  3.9186e-08  8.0496e-13     65839  210 65839     2     3      3 113668  9.1e-10        -
32397  3.9192e-08  8.0496e-13     65855  210 65855     2     3      3 113692  9.3e-10        -
32405  3.9199e-08  8.0496e-13     65871  210 65871     2     3      3 113716  9.5e-10        -
32412  3.9204e-08  8.0496e-13     65885  210 65885     2     3      3 113737  9.7e-10        -
32420  3.9211e-08  8.0496e-13     65901  210 65901     2     3      3 113761  9.9e-10        -
32428  3.9217e-08  8.0496e-13     65917  210 65917     2     3      3 113785    1e-09        -
32434  3.9222e-08  8.0496e-13     65929  210 65929     2     3      3 113803    1e-09        -
32442  3.9229e-08  8.0496e-13     65945  210 65945     2     3      3 113827  1.1e-09        -
32450  3.9235e-08  8.0496e-13     65961  210 65961     2     3      3 113851  1.1e-09        -
32458  3.9241e-08  8.0496e-13     65977  210 65977     2     3      3 113875  1.1e-09        -
32466  3.9248e-08  8.0496e-13     65993  210 65993     2     3      3 113899  1.1e-09        -
32474  3.9253e-08  6.3382e-13     66009  210 66009     2     3      3 113930  1.1e-08        -
32481  3.9258e-08  6.3382e-13     66023  210 66023     2     3      3 113958  1.1e-08        -
32487  3.9261e-08  6.3382e-13     66035  210 66035     2     3      3 113982    1e-08        -
32495  3.9266e-08  6.3382e-13     66051  210 66051     2     3      3 114014    1e-08        -
32503  3.9272e-08  6.3382e-13     66067  210 66067     2     3      3 114046    1e-08        -
32511  3.9277e-08  6.3382e-13     66083  210 66083     2     3      3 114078    1e-08        -
32520  3.9282e-08  6.3382e-13     66101  210 66101     2     3      3 114114    1e-08        -
32528  3.9287e-08  6.3382e-13     66117  210 66117     2     3      3 114146    1e-08        -
32536  3.9292e-08  6.3382e-13     66133  210 66133     2     3      3 114178  9.9e-09        -
32544  3.9298e-08  6.3382e-13     66149  210 66149     2     3      3 114210  9.9e-09        -
32551  3.9302e-08  6.3382e-13     66163  210 66163     2     3      3 114238  9.8e-09        -
32557  3.9306e-08  6.3382e-13     66175  210 66175     2     3      3 114262  9.7e-09        -
32562  3.9309e-08  6.3382e-13     66185  210 66185     2     3      3 114282  9.7e-09        -
32568  3.9313e-08  6.3382e-13     66197  210 66197     2     3      3 114306  9.6e-09        -
32575  3.9317e-08  6.3382e-13     66211  210 66211     2     3      3 114334  9.5e-09        -
32582  3.9322e-08  6.3382e-13     66225  210 66225     2     3      3 114362  9.5e-09        -
32588  3.9325e-08  6.3382e-13     66237  210 66237     2     3      3 114386  9.4e-09        -
32593  3.9329e-08  6.3382e-13     66247  210 66247     2     3      3 114406  9.3e-09        -
32598  3.9332e-08  6.3382e-13     66257  210 66257     2     3      3 114426  9.3e-09        -
32605  3.9336e-08  6.3382e-13     66271  210 66271     2     3      3 114454  9.2e-09        -
32612  3.9341e-08  6.3382e-13     66285  210 66285     2     3      3 114482  9.1e-09        -
32618  3.9344e-08  6.3382e-13     66297  210 66297     2     3      3 114506  9.1e-09        -
32626   3.935e-08  6.3382e-13     66313  210 66313     2     3      3 114538    9e-09        -
32634  3.9355e-08  6.3382e-13     66329  210 66329     2     3      3 114570  8.9e-09        -
32641  3.9359e-08  6.3382e-13     66343  210 66343     2     3      3 114598  8.9e-09        -
32648  3.9363e-08  6.3382e-13     66357  210 66357     2     3      3 114626  8.8e-09        -
32653  3.9367e-08  6.3382e-13     66367  210 66367     2     3      3 114646  8.7e-09        -
32659   3.937e-08  6.3382e-13     66379  210 66379     2     3      3 114670  8.7e-09        -
32667  3.9375e-08  6.3382e-13     66395  210 66395     2     3      3 114702  8.6e-09        -
32675  3.9381e-08  6.3382e-13     66411  210 66411     2     3      3 114734  8.5e-09        -
32682  3.9385e-08  6.3382e-13     66425  210 66425     2     3      3 114762  8.4e-09        -
32689  3.9389e-08  6.3382e-13     66439  210 66439     2     3      3 114790  8.4e-09        -
32696  3.9394e-08  6.3382e-13     66453  210 66453     2     3      3 114818  8.3e-09        -
32704  3.9399e-08  6.3382e-13     66469  210 66469     2     3      3 114850  8.2e-09        -
32712  3.9404e-08  6.3382e-13     66485  210 66485     2     3      3 114882  8.1e-09        -
32719  3.9408e-08  6.3382e-13     66499  210 66499     2     3      3 114910  8.1e-09        -
32725  3.9412e-08  6.3382e-13     66511  210 66511     2     3      3 114934    8e-09        -
32733  3.9417e-08  6.3382e-13     66527  210 66527     2     3      3 114966  7.9e-09        -
32741  3.9422e-08  6.3382e-13     66543  210 66543     2     3      3 114998  7.9e-09        -
32747  3.9426e-08  6.3382e-13     66555  210 66555     2     3      3 115022  7.8e-09        -
32754  3.9431e-08  6.3382e-13     66569  210 66569     2     3      3 115050  7.7e-09        -
32762  3.9436e-08  6.3382e-13     66585  210 66585     2     3      3 115082  7.7e-09        -
32770  3.9441e-08  6.3382e-13     66601  210 66601     2     3      3 115114  7.6e-09        -
32777  3.9445e-08  6.3382e-13     66615  210 66615     2     3      3 115142  7.5e-09        -
---        当前进度:  37 % - 求解线性方程组
Memory: 764/944 803/1229
32784   3.945e-08  6.3382e-13     66629  210 66629     2     3      3 115170  7.4e-09        -
32792  3.9455e-08  6.3382e-13     66645  210 66645     2     3      3 115202  7.4e-09        -
32799  3.9459e-08  6.3382e-13     66659  210 66659     2     3      3 115230  7.3e-09        -
32807  3.9464e-08  6.3382e-13     66675  210 66675     2     3      3 115262  7.2e-09        -
32815  3.9469e-08  6.3382e-13     66691  210 66691     2     3      3 115294  7.2e-09        -
32822  3.9474e-08  6.3382e-13     66705  210 66705     2     3      3 115322  7.1e-09        -
32830  3.9479e-08  6.3382e-13     66721  210 66721     2     3      3 115354    7e-09        -
32838  3.9484e-08  6.3382e-13     66737  210 66737     2     3      3 115386    7e-09        -
32846  3.9489e-08  6.3382e-13     66753  210 66753     2     3      3 115418  6.9e-09        -
32854  3.9494e-08  6.3382e-13     66769  210 66769     2     3      3 115450  6.8e-09        -
32862  3.9499e-08  6.3382e-13     66785  210 66785     2     3      3 115482  6.7e-09        -
32868  3.9504e-08  9.0758e-13     66796  212 66796     2     3      3 115499  2.4e-09        -
32876  3.9511e-08  9.0758e-13     66812  212 66812     2     3      3 115523  5.5e-10        -
32884  3.9518e-08  9.0758e-13     66828  212 66828     2     3      3 115547  3.4e-10        -
32893  3.9526e-08  9.0758e-13     66846  212 66846     2     3      3 115574  2.5e-10        -
32902  3.9534e-08  9.0758e-13     66864  212 66864     2     3      3 115601  2.4e-10        -
32911  3.9543e-08  9.0758e-13     66882  212 66882     2     3      3 115628  2.3e-10        -
32920  3.9551e-08  9.0758e-13     66900  212 66900     2     3      3 115655  2.5e-10        -
32929  3.9559e-08  9.0758e-13     66918  212 66918     2     3      3 115682  2.5e-10        -
32938  3.9567e-08  9.0758e-13     66936  212 66936     2     3      3 115709  2.8e-10        -
32947  3.9575e-08  9.0758e-13     66954  212 66954     2     3      3 115736  2.9e-10        -
32955  3.9583e-08  9.0758e-13     66970  212 66970     2     3      3 115760  3.1e-10        -
32964  3.9591e-08  9.0758e-13     66988  212 66988     2     3      3 115787  3.3e-10        -
32973  3.9599e-08  9.0758e-13     67006  212 67006     2     3      3 115814  3.4e-10        -
32981  3.9606e-08  9.0758e-13     67022  212 67022     2     3      3 115838  3.6e-10        -
32990  3.9614e-08  9.0758e-13     67040  212 67040     2     3      3 115865  3.8e-10        -
32999  3.9623e-08  9.0758e-13     67058  212 67058     2     3      3 115892  3.9e-10        -
33007   3.963e-08  9.0758e-13     67074  212 67074     2     3      3 115916  4.1e-10        -
33016  3.9638e-08  9.0758e-13     67092  212 67092     2     3      3 115943  4.3e-10        -
33025  3.9646e-08  9.0758e-13     67110  212 67110     2     3      3 115970  4.4e-10        -
33032  3.9652e-08  9.0758e-13     67124  212 67124     2     3      3 115991  4.5e-10        -
33040   3.966e-08  9.0758e-13     67140  212 67140     2     3      3 116015  4.6e-10        -
33049  3.9668e-08  9.0758e-13     67158  212 67158     2     3      3 116042  4.7e-10        -
33058  3.9676e-08  9.0758e-13     67176  212 67176     2     3      3 116069  4.9e-10        -
33067  3.9684e-08  9.0758e-13     67194  212 67194     2     3      3 116096    5e-10        -
33072  3.9689e-08  9.0758e-13     67204  212 67204     2     3      3 116111  5.1e-10        -
33080  3.9696e-08  9.0758e-13     67220  212 67220     2     3      3 116135  5.1e-10        -
33088  3.9703e-08  9.0758e-13     67236  212 67236     2     3      3 116159  5.2e-10        -
33094  3.9709e-08  9.0758e-13     67248  212 67248     2     3      3 116177  5.3e-10        -
33102  3.9716e-08  9.0758e-13     67264  212 67264     2     3      3 116201  5.3e-10        -
33110  3.9723e-08  9.0758e-13     67280  212 67280     2     3      3 116225  5.4e-10        -
33116  3.9729e-08  9.0758e-13     67292  212 67292     2     3      3 116243  5.5e-10        -
33119  3.9731e-08  9.0758e-13     67298  212 67298     2     3      3 116252  5.5e-10        -
33125  3.9737e-08  9.0758e-13     67310  212 67310     2     3      3 116270  5.5e-10        -
33129  3.9741e-08  9.0758e-13     67318  212 67318     2     3      3 116282  5.5e-10        -
33133  3.9744e-08  9.0758e-13     67326  212 67326     2     3      3 116294  5.5e-10        -
33139  3.9749e-08  6.6145e-13     67341  213 67341     2     3      3 116319  1.1e-09        -
33141  3.9751e-08  6.6145e-13     67344  214 67344     2     3      3 116324  7.9e-10        -
---        当前进度:  38 % - 正在组装残差
33143  3.9752e-08  6.6145e-13     67348  214 67348     2     3      3 116330  1.8e-10        -
33146  3.9754e-08  6.6145e-13     67354  214 67354     2     3      3 116339    1e-10        -
33149  3.9756e-08  6.6145e-13     67360  214 67360     2     3      3 116348  5.4e-11        -
33152  3.9758e-08  6.6145e-13     67366  214 67366     2     3      3 116357    5e-11        -
33156  3.9761e-08  6.6145e-13     67374  214 67374     2     3      3 116369  3.9e-11        -
33160  3.9763e-08  6.6145e-13     67382  214 67382     2     3      3 116381  3.3e-11        -
33166  3.9767e-08  6.6145e-13     67394  214 67394     2     3      3 116399  2.8e-11        -
33171  3.9771e-08  6.6145e-13     67404  214 67404     2     3      3 116414  2.4e-11        -
33174  3.9772e-08  6.6145e-13     67410  214 67410     2     3      3 116423  2.7e-11        -
33177  3.9774e-08  6.6145e-13     67416  214 67416     2     3      3 116432  2.4e-11        -
33181  3.9777e-08  6.6145e-13     67424  214 67424     2     3      3 116444  2.5e-11        -
33187  3.9781e-08  6.6145e-13     67436  214 67436     2     3      3 116462  2.6e-11        -
33192  3.9784e-08  6.6145e-13     67446  214 67446     2     3      3 116477  2.9e-11        -
33197  3.9788e-08  6.6145e-13     67456  214 67456     2     3      3 116492  2.9e-11        -
33203  3.9792e-08  6.6145e-13     67468  214 67468     2     3      3 116510  3.1e-11        -
33209  3.9796e-08  6.6145e-13     67480  214 67480     2     3      3 116528  3.3e-11        -
33215    3.98e-08  6.6145e-13     67492  214 67492     2     3      3 116546  3.5e-11        -
33221  3.9804e-08  6.6145e-13     67504  214 67504     2     3      3 116564  3.7e-11        -
33227  3.9808e-08  6.6145e-13     67516  214 67516     2     3      3 116582  3.8e-11        -
33233  3.9812e-08  6.6145e-13     67528  214 67528     2     3      3 116600    4e-11        -
33239  3.9815e-08  6.6145e-13     67540  214 67540     2     3      3 116618  4.2e-11        -
33245  3.9819e-08  6.6145e-13     67552  214 67552     2     3      3 116636  4.4e-11        -
33250  3.9823e-08  6.6145e-13     67562  214 67562     2     3      3 116651  4.6e-11        -
33256  3.9827e-08  6.6145e-13     67574  214 67574     2     3      3 116669  4.8e-11        -
33263  3.9831e-08  6.6145e-13     67588  214 67588     2     3      3 116690  4.9e-11        -
33267  3.9834e-08  6.6145e-13     67596  214 67596     2     3      3 116702    5e-11        -
33273  3.9838e-08  6.6145e-13     67608  214 67608     2     3      3 116720  5.1e-11        -
33279  3.9842e-08  6.6145e-13     67620  214 67620     2     3      3 116738  5.3e-11        -
33283  3.9845e-08  6.6145e-13     67628  214 67628     2     3      3 116750  5.4e-11        -
33289  3.9849e-08  6.6145e-13     67640  214 67640     2     3      3 116768  5.5e-11        -
33296  3.9853e-08  6.6145e-13     67654  214 67654     2     3      3 116789  5.7e-11        -
33301  3.9856e-08  6.6145e-13     67664  214 67664     2     3      3 116804  5.8e-11        -
33308  3.9861e-08  6.6145e-13     67678  214 67678     2     3      3 116825  5.9e-11        -
33315  3.9866e-08  6.6145e-13     67692  214 67692     2     3      3 116846    6e-11        -
33321   3.987e-08  6.6145e-13     67704  214 67704     2     3      3 116864  6.1e-11        -
33328  3.9874e-08  6.6145e-13     67718  214 67718     2     3      3 116885  6.3e-11        -
33335  3.9879e-08  6.6145e-13     67732  214 67732     2     3      3 116906  6.4e-11        -
33341  3.9883e-08  6.6145e-13     67744  214 67744     2     3      3 116924  6.4e-11        -
33348  3.9888e-08  6.6145e-13     67758  214 67758     2     3      3 116945  6.6e-11        -
33355  3.9892e-08  6.6145e-13     67772  214 67772     2     3      3 116966  6.6e-11        -
33362  3.9897e-08  6.6145e-13     67786  214 67786     2     3      3 116987  6.7e-11        -
33369  3.9901e-08  6.6145e-13     67800  214 67800     2     3      3 117008  6.8e-11        -
33376  3.9906e-08  6.6145e-13     67814  214 67814     2     3      3 117029  6.8e-11        -
33384  3.9911e-08  6.6145e-13     67830  214 67830     2     3      3 117053  6.9e-11        -
33392  3.9917e-08  6.6145e-13     67846  214 67846     2     3      3 117077  6.9e-11        -
33400  3.9922e-08  6.6145e-13     67862  214 67862     2     3      3 117101    7e-11        -
33408  3.9927e-08  6.6145e-13     67878  214 67878     2     3      3 117125    7e-11        -
33415  3.9932e-08  6.6145e-13     67892  214 67892     2     3      3 117146    7e-11        -
33423  3.9937e-08  6.6145e-13     67908  214 67908     2     3      3 117170    7e-11        -
33431  3.9942e-08  6.6145e-13     67924  214 67924     2     3      3 117194    7e-11        -
33439  3.9948e-08  6.6145e-13     67940  214 67940     2     3      3 117218    7e-11        -
33447  3.9953e-08  6.6145e-13     67956  214 67956     2     3      3 117242    7e-11        -
33454  3.9958e-08  6.6145e-13     67970  214 67970     2     3      3 117263    7e-11        -
33460  3.9962e-08  6.6145e-13     67982  214 67982     2     3      3 117281    7e-11        -
33467  3.9966e-08  6.6145e-13     67996  214 67996     2     3      3 117302  6.9e-11        -
33475  3.9972e-08  6.6145e-13     68012  214 68012     2     3      3 117326  6.9e-11        -
33482  3.9976e-08  6.6145e-13     68026  214 68026     2     3      3 117347  6.9e-11        -
33489  3.9981e-08  6.6145e-13     68040  214 68040     2     3      3 117368  6.8e-11        -
33496  3.9985e-08  6.6145e-13     68054  214 68054     2     3      3 117389  6.7e-11        -
33504  3.9991e-08  6.6145e-13     68070  214 68070     2     3      3 117413  6.7e-11        -
33512  3.9996e-08  6.6145e-13     68086  214 68086     2     3      3 117437  6.6e-11        -
33519  4.0001e-08  1.2966e-12     68100  215 68100     2     3      3 117459  1.1e-09        -
33527  4.0012e-08  1.2966e-12     68116  215 68116     2     3      3 117483  3.2e-11        -
33534  4.0021e-08  1.2966e-12     68130  215 68130     2     3      3 117504  3.3e-11        -
33542  4.0031e-08  1.2966e-12     68146  215 68146     2     3      3 117528  4.2e-11        -
33547  4.0038e-08  1.2966e-12     68156  215 68156     2     3      3 117543  4.7e-11        -
33553  4.0045e-08  1.2966e-12     68168  215 68168     2     3      3 117561  5.3e-11        -
33560  4.0054e-08  1.2966e-12     68182  215 68182     2     3      3 117582  5.9e-11        -
33567  4.0064e-08  1.2966e-12     68196  215 68196     2     3      3 117603  6.2e-11        -
33573  4.0071e-08  1.2966e-12     68208  215 68208     2     3      3 117621  6.4e-11        -
33580   4.008e-08  1.2966e-12     68222  215 68222     2     3      3 117642  6.5e-11        -
33588  4.0091e-08  1.2966e-12     68238  215 68238     2     3      3 117666  6.4e-11        -
33596  4.0101e-08  1.2966e-12     68254  215 68254     2     3      3 117690  6.1e-11        -
33602  4.0109e-08  1.2966e-12     68266  215 68266     2     3      3 117708  5.7e-11        -
33610  4.0119e-08  1.2966e-12     68282  215 68282     2     3      3 117732  5.1e-11        -
33618   4.013e-08  1.2966e-12     68298  215 68298     2     3      3 117756  4.3e-11        -
33626   4.014e-08  1.2966e-12     68314  215 68314     2     3      3 117780  3.2e-11        -
33634   4.015e-08  1.2966e-12     68330  215 68330     2     3      3 117804    2e-11        -
33642  4.0161e-08  1.2966e-12     68346  215 68346     2     3      3 117826  1.1e-07        -
33650  4.0171e-08  1.2966e-12     68362  215 68362     2     3      3 117843  2.6e-07        -
33659  4.0183e-08  1.2966e-12     68380  215 68380     2     3      3 117870  2.8e-11        -
33667  4.0193e-08  1.2966e-12     68396  215 68396     2     3      3 117894  4.6e-11        -
33673  4.0201e-08  1.2966e-12     68408  215 68408     2     3      3 117912  6.2e-11        -
33677  4.0206e-08  1.2966e-12     68416  215 68416     2     3      3 117924  7.2e-11        -
33683  4.0214e-08  1.2966e-12     68428  215 68428     2     3      3 117942  8.9e-11        -
33690  4.0223e-08  1.2966e-12     68442  215 68442     2     3      3 117963  1.1e-10        -
33696  4.0231e-08  1.2966e-12     68454  215 68454     2     3      3 117981  1.3e-10        -
33703   4.024e-08  1.2966e-12     68468  215 68468     2     3      3 118002  1.5e-10        -
33711   4.025e-08  1.1771e-12 out 68484  215 68484     2     3      3 118028  1.3e-10        -
33717  4.0257e-08  1.1771e-12     68496  215 68496     2     3      3 118052  1.5e-10        -
33723  4.0264e-08  1.1771e-12     68508  215 68508     2     3      3 118076  1.8e-10        -
33731  4.0274e-08  1.1771e-12     68524  215 68524     2     3      3 118108  2.1e-10        -
33737  4.0281e-08  1.1771e-12     68536  215 68536     2     3      3 118132  2.4e-10        -
33745   4.029e-08  1.1771e-12     68552  215 68552     2     3      3 118164  2.8e-10        -
33753  4.0299e-08  1.1771e-12     68568  215 68568     2     3      3 118196  3.2e-10        -
33760  4.0308e-08  1.1771e-12     68582  215 68582     2     3      3 118224  3.7e-10        -
33768  4.0317e-08  1.1771e-12     68598  215 68598     2     3      3 118256  4.2e-10        -
33776  4.0327e-08  1.1771e-12     68614  215 68614     2     3      3 118288  4.6e-10        -
33784  4.0336e-08  1.1771e-12     68630  215 68630     2     3      3 118320  5.1e-10        -
33791  4.0344e-08  1.1771e-12     68644  215 68644     2     3      3 118348  5.4e-10        -
33798  4.0352e-08  1.1771e-12     68658  215 68658     2     3      3 118376    6e-10        -
33804  4.0359e-08  1.1771e-12     68670  215 68670     2     3      3 118400  6.3e-10        -
33810  4.0367e-08  1.1771e-12     68682  215 68682     2     3      3 118424  6.7e-10        -
33816  4.0374e-08  1.1771e-12     68694  215 68694     2     3      3 118448  7.1e-10        -
33823  4.0382e-08  1.1771e-12     68708  215 68708     2     3      3 118476  7.5e-10        -
33829  4.0389e-08  1.1771e-12     68720  215 68720     2     3      3 118500  7.9e-10        -
33836  4.0397e-08  1.1771e-12     68734  215 68734     2     3      3 118528  8.5e-10        -
33843  4.0405e-08  1.1771e-12     68748  215 68748     2     3      3 118556  8.9e-10        -
33851  4.0415e-08  1.1771e-12     68764  215 68764     2     3      3 118588  9.5e-10        -
33859  4.0424e-08  1.1771e-12     68780  215 68780     2     3      3 118620    1e-09        -
33867  4.0434e-08  1.1771e-12     68796  215 68796     2     3      3 118652  1.1e-09        -
33875  4.0443e-08  1.1771e-12     68812  215 68812     2     3      3 118684  1.1e-09        -
33882  4.0451e-08  1.1771e-12     68826  215 68826     2     3      3 118712  1.2e-09        -
33890  4.0461e-08  1.1771e-12     68842  215 68842     2     3      3 118744  1.2e-09        -
33898   4.047e-08  1.1771e-12     68858  215 68858     2     3      3 118776  1.3e-09        -
33907  4.0481e-08  1.1771e-12     68876  215 68876     2     3      3 118812  1.4e-09        -
33915   4.049e-08  1.1771e-12     68892  215 68892     2     3      3 118844  1.4e-09        -
33923  4.0499e-08  8.1389e-13     68908  216 68908     2     3      3 118875  7.5e-10        -
33931  4.0506e-08  8.1389e-13     68924  216 68924     2     3      3 118899  4.3e-11        -
33939  4.0512e-08  8.1389e-13     68940  216 68940     2     3      3 118923  2.2e-11        -
33948   4.052e-08  8.1389e-13     68958  216 68958     2     3      3 118950  1.5e-11        -
33957  4.0527e-08  8.1389e-13     68976  216 68976     2     3      3 118977  1.3e-11        -
33966  4.0534e-08  8.1389e-13     68994  216 68994     2     3      3 119004  1.4e-11        -
33975  4.0542e-08  8.1389e-13     69012  216 69012     2     3      3 119031  1.7e-11        -
33984  4.0549e-08  8.1389e-13     69030  216 69030     2     3      3 119058    2e-11        -
33993  4.0556e-08  8.1389e-13     69048  216 69048     2     3      3 119085  2.3e-11        -
34002  4.0563e-08  8.1389e-13     69066  216 69066     2     3      3 119112  2.6e-11        -
34011  4.0571e-08  8.1389e-13     69084  216 69084     2     3      3 119139    3e-11        -
34020  4.0578e-08  8.1389e-13     69102  216 69102     2     3      3 119166  3.4e-11        -
34029  4.0585e-08  8.1389e-13     69120  216 69120     2     3      3 119193  3.8e-11        -
34038  4.0593e-08  8.1389e-13     69138  216 69138     2     3      3 119220  4.1e-11        -
34047    4.06e-08  8.1389e-13     69156  216 69156     2     3      3 119247  4.6e-11        -
34056  4.0607e-08  8.1389e-13     69174  216 69174     2     3      3 119274  4.9e-11        -
34065  4.0615e-08  8.1389e-13     69192  216 69192     2     3      3 119301  5.4e-11        -
34074  4.0622e-08  8.1389e-13     69210  216 69210     2     3      3 119328  5.8e-11        -
34084   4.063e-08  8.1389e-13     69230  216 69230     2     3      3 119358  6.2e-11        -
34093  4.0638e-08  8.1389e-13     69248  216 69248     2     3      3 119385  6.7e-11        -
34102  4.0645e-08  8.1389e-13     69266  216 69266     2     3      3 119412  7.1e-11        -
34112  4.0653e-08  8.1389e-13     69286  216 69286     2     3      3 119442  7.6e-11        -
34118  4.0658e-08  8.1389e-13     69298  216 69298     2     3      3 119460  7.9e-11        -
34121   4.066e-08  8.1389e-13     69304  216 69304     2     3      3 119469    8e-11        -
34130  4.0668e-08  8.1389e-13     69322  216 69322     2     3      3 119496  8.5e-11        -
34136  4.0673e-08  8.1389e-13     69334  216 69334     2     3      3 119514  8.8e-11        -
34142  4.0677e-08  8.1389e-13     69346  216 69346     2     3      3 119532  9.1e-11        -
34150  4.0684e-08  8.1389e-13     69362  216 69362     2     3      3 119556  9.5e-11        -
---        当前进度:  38 % - 求解线性方程组
Memory: 771/944 810/1229
34158   4.069e-08  8.1389e-13     69378  216 69378     2     3      3 119580  9.9e-11        -
34167  4.0698e-08  8.1389e-13     69396  216 69396     2     3      3 119607    1e-10        -
34177  4.0706e-08  8.1389e-13     69416  216 69416     2     3      3 119637  1.1e-10        -
34183  4.0711e-08  8.1389e-13     69428  216 69428     2     3      3 119655  1.1e-10        -
34190  4.0716e-08  8.1389e-13     69442  216 69442     2     3      3 119676  1.2e-10        -
34198  4.0723e-08  8.1389e-13     69458  216 69458     2     3      3 119700  1.2e-10        -
34206   4.073e-08  8.1389e-13     69474  216 69474     2     3      3 119724  1.2e-10        -
34215  4.0737e-08  8.1389e-13     69492  216 69492     2     3      3 119751  1.3e-10        -
34223  4.0743e-08  8.1389e-13     69508  216 69508     2     3      3 119775  1.3e-10        -
34231   4.075e-08  4.7475e-13     69524  217 69524     2     3      3 119799  3.4e-10        -
34236  4.0754e-08   9.495e-13     69534  218 69534     2     3      3 119814  5.6e-10        -
34244  4.0761e-08   9.495e-13     69550  218 69550     2     3      3 119838  1.8e-10        -
34252  4.0769e-08   9.495e-13     69566  218 69566     2     3      3 119862    1e-10        -
34260  4.0777e-08   9.495e-13     69582  218 69582     2     3      3 119886  6.9e-11        -
34268  4.0784e-08   9.495e-13     69598  218 69598     2     3      3 119910    5e-11        -
34274   4.079e-08   9.495e-13     69610  218 69610     2     3      3 119928  4.2e-11        -
34283  4.0798e-08   9.495e-13     69628  218 69628     2     3      3 119955  3.5e-11        -
34292  4.0807e-08   9.495e-13     69646  218 69646     2     3      3 119982  3.3e-11        -
34301  4.0816e-08   9.495e-13     69664  218 69664     2     3      3 120009  3.7e-11        -
34310  4.0824e-08   9.495e-13     69682  218 69682     2     3      3 120036  4.2e-11        -
34320  4.0834e-08   9.495e-13     69702  218 69702     2     3      3 120066  4.9e-11        -
34330  4.0843e-08   9.495e-13     69722  218 69722     2     3      3 120096  5.7e-11        -
34340  4.0853e-08   9.495e-13     69742  218 69742     2     3      3 120126  6.5e-11        -
34350  4.0862e-08   9.495e-13     69762  218 69762     2     3      3 120156  7.4e-11        -
34360  4.0872e-08   9.495e-13     69782  218 69782     2     3      3 120186  8.2e-11        -
34370  4.0881e-08   9.495e-13     69802  218 69802     2     3      3 120216  9.1e-11        -
34380  4.0891e-08   9.495e-13     69822  218 69822     2     3      3 120246    1e-10        -
34389  4.0899e-08   9.495e-13     69840  218 69840     2     3      3 120273  1.1e-10        -
34398  4.0908e-08   9.495e-13     69858  218 69858     2     3      3 120300  1.2e-10        -
34408  4.0917e-08   9.495e-13     69878  218 69878     2     3      3 120330  1.2e-10        -
34418  4.0927e-08   9.495e-13     69898  218 69898     2     3      3 120360  1.3e-10        -
34428  4.0936e-08   9.495e-13     69918  218 69918     2     3      3 120390  1.4e-10        -
34437  4.0945e-08   9.495e-13     69936  218 69936     2     3      3 120417  1.5e-10        -
34447  4.0954e-08   9.495e-13     69956  218 69956     2     3      3 120447  1.6e-10        -
34457  4.0964e-08   9.495e-13     69976  218 69976     2     3      3 120477  1.7e-10        -
34467  4.0973e-08   9.495e-13     69996  218 69996     2     3      3 120507  1.8e-10        -
34477  4.0983e-08   9.495e-13     70016  218 70016     2     3      3 120537  1.9e-10        -
34486  4.0991e-08   9.495e-13     70034  218 70034     2     3      3 120564  1.9e-10        -
34495  4.0999e-08  6.1598e-13     70052  219 70052     2     3      3 120591  1.1e-09        -
34502  4.1007e-08   1.232e-12     70066  220 70066     2     3      3 120612  1.3e-09        -
34511  4.1018e-08   1.232e-12     70084  220 70084     2     3      3 120639  5.2e-10        -
34521  4.1031e-08   1.232e-12     70104  220 70104     2     3      3 120669  2.9e-10        -
34531  4.1043e-08   1.232e-12     70124  220 70124     2     3      3 120699  1.9e-10        -
34541  4.1055e-08   1.232e-12     70144  220 70144     2     3      3 120729  1.3e-10        -
34551  4.1068e-08   1.232e-12     70164  220 70164     2     3      3 120759  9.1e-11        -
34561   4.108e-08   1.232e-12     70184  220 70184     2     3      3 120789  7.6e-11        -
34570  4.1091e-08   1.232e-12     70202  220 70202     2     3      3 120816  7.6e-11        -
34579  4.1102e-08   1.232e-12     70220  220 70220     2     3      3 120843  9.1e-11        -
---        当前进度:  39 % - 正在组装残差
34588  4.1113e-08   1.232e-12     70238  220 70238     2     3      3 120870  1.1e-10        -
34595  4.1122e-08   1.232e-12     70252  220 70252     2     3      3 120891  1.2e-10        -
34604  4.1133e-08   1.232e-12     70270  220 70270     2     3      3 120918  1.4e-10        -
34614  4.1145e-08   1.232e-12     70290  220 70290     2     3      3 120948  1.7e-10        -
34624  4.1158e-08   1.232e-12     70310  220 70310     2     3      3 120978  1.9e-10        -
34632  4.1168e-08   1.232e-12     70326  220 70326     2     3      3 121002  2.1e-10        -
34641  4.1179e-08   1.232e-12     70344  220 70344     2     3      3 121029  2.3e-10        -
34650   4.119e-08   1.232e-12     70362  220 70362     2     3      3 121056  2.5e-10        -
34658    4.12e-08   1.232e-12     70378  220 70378     2     3      3 121080  2.7e-10        -
34668  4.1212e-08   1.232e-12     70398  220 70398     2     3      3 121110  2.9e-10        -
34677  4.1223e-08   1.232e-12     70416  220 70416     2     3      3 121137  3.1e-10        -
34686  4.1234e-08   1.232e-12     70434  220 70434     2     3      3 121164  3.3e-10        -
34695  4.1245e-08   1.232e-12     70452  220 70452     2     3      3 121191  3.5e-10        -
34705  4.1257e-08  1.1871e-12     70472  220 70472     2     3      3 121229    1e-09        -
34713  4.1267e-08  1.1871e-12     70488  220 70488     2     3      3 121261    1e-09        -
34722  4.1277e-08  1.1871e-12     70506  220 70506     2     3      3 121297    1e-09        -
34730  4.1287e-08  1.1871e-12     70522  220 70522     2     3      3 121329    1e-09        -
34738  4.1296e-08  1.1871e-12     70538  220 70538     2     3      3 121361    1e-09        -
34748  4.1308e-08  1.1871e-12     70558  220 70558     2     3      3 121401    1e-09        -
34758   4.132e-08  1.1871e-12     70578  220 70578     2     3      3 121441    1e-09        -
34767  4.1331e-08  1.1871e-12     70596  220 70596     2     3      3 121477  1.1e-09        -
34777  4.1343e-08  1.1871e-12     70616  220 70616     2     3      3 121517  1.1e-09        -
34787  4.1354e-08  1.1871e-12     70636  220 70636     2     3      3 121557  1.1e-09        -
34797  4.1366e-08  1.1871e-12     70656  220 70656     2     3      3 121597  1.1e-09        -
34806  4.1377e-08  1.1871e-12     70674  220 70674     2     3      3 121633  1.1e-09        -
34816  4.1389e-08  1.1871e-12     70694  220 70694     2     3      3 121673  1.1e-09        -
34826  4.1401e-08  1.1871e-12     70714  220 70714     2     3      3 121713  1.1e-09        -
34836  4.1413e-08  1.1871e-12     70734  220 70734     2     3      3 121753  1.1e-09        -
34846  4.1425e-08  1.1871e-12     70754  220 70754     2     3      3 121793  1.1e-09        -
34856  4.1436e-08  1.1871e-12     70774  220 70774     2     3      3 121833  1.1e-09        -
34866  4.1448e-08  1.1871e-12     70794  220 70794     2     3      3 121873  1.1e-09        -
34876   4.146e-08  1.1871e-12     70814  220 70814     2     3      3 121913  1.1e-09        -
34886  4.1472e-08  1.1871e-12     70834  220 70834     2     3      3 121953  1.1e-09        -
34896  4.1484e-08  1.1871e-12     70854  220 70854     2     3      3 121993  1.1e-09        -
34902  4.1491e-08  1.1871e-12     70866  220 70866     2     3      3 122017  1.1e-09        -
34908  4.1498e-08  1.1871e-12     70878  220 70878     2     3      3 122041  1.2e-09        -
34917  4.1507e-08  9.4647e-13     70896  220 70896     2     3      3 122077    1e-08        -
34928  4.1517e-08  9.4647e-13     70918  220 70918     2     3      3 122121  1.1e-08        -
34939  4.1527e-08  9.4647e-13     70940  220 70940     2     3      3 122165  1.1e-08        -
34950  4.1538e-08  9.4647e-13     70962  220 70962     2     3      3 122209  1.1e-08        -
34958  4.1545e-08  9.4647e-13     70978  220 70978     2     3      3 122241  1.1e-08        -
34968  4.1555e-08  9.4647e-13     70998  220 70998     2     3      3 122281  1.1e-08        -
34977  4.1563e-08  9.4647e-13     71016  220 71016     2     3      3 122317  1.1e-08        -
34986  4.1572e-08  9.4647e-13     71034  220 71034     2     3      3 122353  1.1e-08        -
34996  4.1581e-08  9.4647e-13     71054  220 71054     2     3      3 122393  1.1e-08        -
35004  4.1589e-08  9.4647e-13     71070  220 71070     2     3      3 122425  1.1e-08        -
35014  4.1598e-08  9.4647e-13     71090  220 71090     2     3      3 122465  1.1e-08        -
35024  4.1608e-08  9.4647e-13     71110  220 71110     2     3      3 122505  1.1e-08        -
35031  4.1615e-08  9.4647e-13     71124  220 71124     2     3      3 122533  1.1e-08        -
35039  4.1622e-08  9.4647e-13     71140  220 71140     2     3      3 122565  1.1e-08        -
35048  4.1631e-08  9.4647e-13     71158  220 71158     2     3      3 122601  1.1e-08        -
35057  4.1639e-08  9.4647e-13     71176  220 71176     2     3      3 122637  1.1e-08        -
35067  4.1649e-08  9.4647e-13     71196  220 71196     2     3      3 122677  1.1e-08        -
35077  4.1658e-08  9.4647e-13     71216  220 71216     2     3      3 122717  1.1e-08        -
35086  4.1667e-08  9.4647e-13     71234  220 71234     2     3      3 122753  1.1e-08        -
35095  4.1675e-08  9.4647e-13     71252  220 71252     2     3      3 122789  1.1e-08        -
35105  4.1685e-08  9.4647e-13     71272  220 71272     2     3      3 122829  1.1e-08        -
35115  4.1694e-08  9.4647e-13     71292  220 71292     2     3      3 122869  1.1e-08        -
35125  4.1703e-08  9.4647e-13     71312  220 71312     2     3      3 122909  1.1e-08        -
35135  4.1713e-08  9.4647e-13     71332  220 71332     2     3      3 122949  1.1e-08        -
35142   4.172e-08  9.4647e-13     71346  220 71346     2     3      3 122977  1.1e-08        -
35149  4.1726e-08  9.4647e-13     71360  220 71360     2     3      3 123005  1.2e-08        -
35156  4.1733e-08  9.4647e-13     71374  220 71374     2     3      3 123033  1.2e-08        -
35160  4.1737e-08  9.4647e-13     71382  220 71382     2     3      3 123049  1.2e-08        -
35163  4.1739e-08  9.4647e-13     71388  220 71388     2     3      3 123061  1.2e-08        -
35167  4.1743e-08  9.4647e-13     71396  220 71396     2     3      3 123077  1.2e-08        -
35172  4.1748e-08  9.4647e-13     71406  220 71406     2     3      3 123097  1.2e-08        -
35177  4.1752e-08  1.0791e-12     71415  222 71415     2     3      3 123112  3.9e-09        -
35182  4.1758e-08  1.0791e-12     71425  222 71425     2     3      3 123127  1.4e-09        -
35189  4.1765e-08  1.0791e-12     71439  222 71439     2     3      3 123148  5.9e-10        -
35197  4.1774e-08  1.0791e-12     71455  222 71455     2     3      3 123172  3.7e-10        -
35205  4.1782e-08  1.0791e-12     71471  222 71471     2     3      3 123196  2.6e-10        -
35210  4.1788e-08  1.0791e-12     71481  222 71481     2     3      3 123211  2.6e-10        -
35214  4.1792e-08  1.0791e-12     71489  222 71489     2     3      3 123223  2.3e-10        -
35218  4.1796e-08  1.0791e-12     71497  222 71497     2     3      3 123235    2e-10        -
35222  4.1801e-08  1.0791e-12     71505  222 71505     2     3      3 123247  1.8e-10        -
35226  4.1805e-08  1.0791e-12     71513  222 71513     2     3      3 123259  1.6e-10        -
35232  4.1812e-08  1.0791e-12     71525  222 71525     2     3      3 123277  1.4e-10        -
35240   4.182e-08  1.0791e-12     71541  222 71541     2     3      3 123301  1.1e-10        -
35247  4.1828e-08  1.0791e-12     71555  222 71555     2     3      3 123322  7.1e-11        -
35255  4.1836e-08  1.0791e-12     71571  222 71571     2     3      3 123346  5.5e-11        -
35263  4.1845e-08  1.0791e-12     71587  222 71587     2     3      3 123370  4.1e-11        -
35270  4.1853e-08  1.0791e-12     71601  222 71601     2     3      3 123391  4.9e-11        -
35277   4.186e-08  1.0791e-12     71615  222 71615     2     3      3 123412  2.2e-11        -
35283  4.1867e-08  1.0791e-12     71627  222 71627     2     3      3 123430  1.6e-11        -
35289  4.1873e-08  1.0791e-12     71639  222 71639     2     3      3 123448  1.2e-11        -
35296  4.1881e-08  1.0791e-12     71653  222 71653     2     3      3 123469  1.9e-11        -
35303  4.1888e-08  1.0791e-12     71667  222 71667     2     3      3 123490  1.7e-11        -
35311  4.1897e-08  1.0791e-12     71683  222 71683     2     3      3 123514  2.4e-11        -
35319  4.1905e-08  1.0791e-12     71699  222 71699     2     3      3 123538  3.1e-11        -
35327  4.1914e-08  1.0791e-12     71715  222 71715     2     3      3 123562  3.8e-11        -
35334  4.1922e-08  1.0791e-12     71729  222 71729     2     3      3 123583  3.4e-11        -
35341  4.1929e-08  1.0791e-12     71743  222 71743     2     3      3 123604  4.9e-11        -
35348  4.1937e-08  1.0791e-12     71757  222 71757     2     3      3 123625  4.4e-11        -
35355  4.1944e-08  1.0791e-12     71771  222 71771     2     3      3 123646    6e-11        -
35362  4.1952e-08  1.0791e-12     71785  222 71785     2     3      3 123667  5.5e-11        -
35369  4.1959e-08  1.0791e-12     71799  222 71799     2     3      3 123688    7e-11        -
35377  4.1968e-08  1.0791e-12     71815  222 71815     2     3      3 123712  7.5e-11        -
35385  4.1977e-08  1.0791e-12     71831  222 71831     2     3      3 123736  8.1e-11        -
35393  4.1985e-08  1.0791e-12     71847  222 71847     2     3      3 123760  8.6e-11        -
35399  4.1992e-08  1.0791e-12     71859  222 71859     2     3      3 123778    9e-11        -
35406  4.1999e-08  9.0304e-13     71873  222 71873     2     3      3 123800  4.4e-09        -
35413  4.2005e-08  9.0304e-13     71887  222 71887     2     3      3 123828  4.4e-09        -
35420  4.2012e-08  9.0304e-13     71901  222 71901     2     3      3 123856  4.4e-09        -
35427  4.2018e-08  9.0304e-13     71915  222 71915     2     3      3 123884  4.4e-09        -
35435  4.2025e-08  9.0304e-13     71931  222 71931     2     3      3 123916  4.4e-09        -
35442  4.2032e-08  9.0304e-13     71945  222 71945     2     3      3 123944  4.4e-09        -
35449  4.2038e-08  9.0304e-13     71959  222 71959     2     3      3 123972  4.4e-09        -
35457  4.2045e-08  9.0304e-13     71975  222 71975     2     3      3 124004  4.5e-09        -
35464  4.2051e-08  9.0304e-13     71989  222 71989     2     3      3 124032  4.5e-09        -
35472  4.2059e-08  9.0304e-13     72005  222 72005     2     3      3 124064  4.5e-09        -
35480  4.2066e-08  9.0304e-13     72021  222 72021     2     3      3 124096  4.5e-09        -
35488  4.2073e-08  9.0304e-13     72037  222 72037     2     3      3 124128  4.5e-09        -
35496   4.208e-08  9.0304e-13     72053  222 72053     2     3      3 124160  4.5e-09        -
35504  4.2088e-08  9.0304e-13     72069  222 72069     2     3      3 124192  4.5e-09        -
35512  4.2095e-08  9.0304e-13     72085  222 72085     2     3      3 124224  4.5e-09        -
35520  4.2102e-08  9.0304e-13     72101  222 72101     2     3      3 124256  4.5e-09        -
35529   4.211e-08  9.0304e-13     72119  222 72119     2     3      3 124292  4.5e-09        -
35537  4.2117e-08  9.0304e-13     72135  222 72135     2     3      3 124324  4.5e-09        -
35546  4.2126e-08  9.0304e-13     72153  222 72153     2     3      3 124360  4.5e-09        -
35555  4.2134e-08  9.0304e-13     72171  222 72171     2     3      3 124396  4.6e-09        -
35564  4.2142e-08  9.0304e-13     72189  222 72189     2     3      3 124432  4.6e-09        -
35572  4.2149e-08  9.0304e-13     72205  222 72205     2     3      3 124464  4.6e-09        -
35580  4.2156e-08  9.0304e-13     72221  222 72221     2     3      3 124496  4.6e-09        -
35589  4.2164e-08  9.0304e-13     72239  222 72239     2     3      3 124532  4.6e-09        -
35597  4.2172e-08  9.0304e-13     72255  222 72255     2     3      3 124564  4.6e-09        -
35605  4.2179e-08  9.0304e-13     72271  222 72271     2     3      3 124596  4.6e-09        -
35612  4.2185e-08  9.0304e-13     72285  222 72285     2     3      3 124624  4.6e-09        -
35619  4.2191e-08  9.0304e-13     72299  222 72299     2     3      3 124652  4.6e-09        -
35628    4.22e-08  9.0304e-13     72317  222 72317     2     3      3 124688  4.6e-09        -
35637  4.2208e-08  9.0304e-13     72335  222 72335     2     3      3 124724  4.6e-09        -
35646  4.2216e-08  9.0304e-13     72353  222 72353     2     3      3 124760  4.6e-09        -
35654  4.2223e-08  9.0304e-13     72369  222 72369     2     3      3 124792  4.6e-09        -
35662   4.223e-08  9.0304e-13     72385  222 72385     2     3      3 124824  4.6e-09        -
35671  4.2238e-08  9.0304e-13     72403  222 72403     2     3      3 124860  4.7e-09        -
35680  4.2247e-08  9.0304e-13     72421  222 72421     2     3      3 124896  4.7e-09        -
35689  4.2254e-08   8.323e-13     72439  222 72439     2     3      3 124932  7.4e-09        -
35696   4.226e-08   8.323e-13     72453  222 72453     2     3      3 124960  7.4e-09        -
35705  4.2267e-08   8.323e-13     72471  222 72471     2     3      3 124996  7.5e-09        -
35714  4.2275e-08   8.323e-13     72489  222 72489     2     3      3 125032  7.5e-09        -
35721  4.2281e-08   8.323e-13     72503  222 72503     2     3      3 125060  7.5e-09        -
35730  4.2288e-08   8.323e-13     72521  222 72521     2     3      3 125096  7.5e-09        -
35739  4.2296e-08   8.323e-13     72539  222 72539     2     3      3 125132  7.5e-09        -
----       当前进度:  40 % - 正在组装残差
35747  4.2302e-08   8.323e-13     72555  222 72555     2     3      3 125164  7.5e-09        -
35756   4.231e-08   8.323e-13     72573  222 72573     2     3      3 125200  7.5e-09        -
35765  4.2317e-08   8.323e-13     72591  222 72591     2     3      3 125236  7.5e-09        -
35772  4.2323e-08   8.323e-13     72605  222 72605     2     3      3 125264  7.5e-09        -
35781  4.2331e-08   8.323e-13     72623  222 72623     2     3      3 125300  7.5e-09        -
35790  4.2338e-08   8.323e-13     72641  222 72641     2     3      3 125336  7.6e-09        -
35799  4.2346e-08   8.323e-13     72659  222 72659     2     3      3 125372  7.6e-09        -
35808  4.2353e-08   8.323e-13     72677  222 72677     2     3      3 125408  7.6e-09        -
35817  4.2361e-08   8.323e-13     72695  222 72695     2     3      3 125444  7.6e-09        -
35826  4.2368e-08   8.323e-13     72713  222 72713     2     3      3 125480  7.6e-09        -
35835  4.2376e-08   8.323e-13     72731  222 72731     2     3      3 125516  7.6e-09        -
35844  4.2383e-08   8.323e-13     72749  222 72749     2     3      3 125552  7.6e-09        -
35852   4.239e-08   8.323e-13     72765  222 72765     2     3      3 125584  7.6e-09        -
35859  4.2396e-08   8.323e-13     72779  222 72779     2     3      3 125612  7.6e-09        -
35867  4.2402e-08   8.323e-13     72795  222 72795     2     3      3 125644  7.6e-09        -
35875  4.2409e-08   8.323e-13     72811  222 72811     2     3      3 125676  7.6e-09        -
35882  4.2415e-08   8.323e-13     72825  222 72825     2     3      3 125704  7.7e-09        -
35890  4.2421e-08   8.323e-13     72841  222 72841     2     3      3 125736  7.7e-09        -
35898  4.2428e-08   8.323e-13     72857  222 72857     2     3      3 125768  7.7e-09        -
35907  4.2436e-08   8.323e-13     72875  222 72875     2     3      3 125804  7.7e-09        -
35916  4.2443e-08   8.323e-13     72893  222 72893     2     3      3 125840  7.7e-09        -
35925  4.2451e-08   8.323e-13     72911  222 72911     2     3      3 125876  7.7e-09        -
35932  4.2456e-08   8.323e-13     72925  222 72925     2     3      3 125904  7.7e-09        -
35941  4.2464e-08   8.323e-13     72943  222 72943     2     3      3 125940  7.7e-09        -
35950  4.2471e-08   8.323e-13     72961  222 72961     2     3      3 125976  7.7e-09        -
35959  4.2479e-08   8.323e-13     72979  222 72979     2     3      3 126012  7.7e-09        -
35968  4.2486e-08   8.323e-13     72997  222 72997     2     3      3 126048  7.7e-09        -
35977  4.2494e-08   8.323e-13     73015  222 73015     2     3      3 126084  7.8e-09        -
35984  4.2499e-08  5.7079e-13     73028  223 73028     2     3      3 126110  1.6e-09        -
35991  4.2507e-08  1.1416e-12     73042  224 73042     2     3      3 126131  6.9e-10        -
36000  4.2517e-08  1.1416e-12     73060  224 73060     2     3      3 126158  5.7e-10        -
36009  4.2527e-08  1.1416e-12     73078  224 73078     2     3      3 126185  2.4e-10        -
36018  4.2538e-08  1.1416e-12     73096  224 73096     2     3      3 126212  2.1e-10        -
36027  4.2548e-08  1.1416e-12     73114  224 73114     2     3      3 126239  3.1e-11        -
36036  4.2558e-08  1.1416e-12     73132  224 73132     2     3      3 126266  3.7e-11        -
36046   4.257e-08  1.1416e-12     73152  224 73152     2     3      3 126296    2e-10        -
36055   4.258e-08  1.1416e-12     73170  224 73170     2     3      3 126323  5.6e-10        -
36064   4.259e-08  1.1416e-12     73188  224 73188     2     3      3 126350  6.5e-10        -
36073    4.26e-08  1.1416e-12     73206  224 73206     2     3      3 126377    1e-09        -
36082  4.2611e-08  1.1416e-12     73224  224 73224     2     3      3 126404  7.6e-10        -
36090   4.262e-08  1.1416e-12     73240  224 73240     2     3      3 126428  6.4e-10        -
36099   4.263e-08  1.1416e-12     73258  224 73258     2     3      3 126455    6e-10        -
36108   4.264e-08  1.1416e-12     73276  224 73276     2     3      3 126482  4.5e-10        -
36118  4.2652e-08  1.1416e-12     73296  224 73296     2     3      3 126512  3.9e-10        -
36128  4.2663e-08  1.1416e-12     73316  224 73316     2     3      3 126542  3.5e-10        -
36137  4.2674e-08  1.1416e-12     73334  224 73334     2     3      3 126569  3.4e-10        -
36147  4.2685e-08  1.1416e-12     73354  224 73354     2     3      3 126599  3.1e-10        -
36157  4.2696e-08  1.1416e-12     73374  224 73374     2     3      3 126629  2.8e-10        -
36167  4.2708e-08  1.1416e-12     73394  224 73394     2     3      3 126659  2.6e-10        -
36177  4.2719e-08  1.1416e-12     73414  224 73414     2     3      3 126689  2.5e-10        -
----       当前进度:  40 % - 
36186  4.2729e-08  1.1416e-12     73432  224 73432     2     3      3 126716  2.2e-10        -
36196  4.2741e-08  1.1416e-12     73452  224 73452     2     3      3 126746  2.1e-10        -
36206  4.2752e-08  1.1378e-12     73472  224 73472     2     3      3 126776  2.1e-07        -
36216  4.2764e-08  1.1378e-12     73492  224 73492     2     3      3 126806  2.1e-07        -
36226  4.2775e-08  1.1378e-12     73512  224 73512     2     3      3 126836    2e-07        -
36234  4.2784e-08  1.1378e-12     73528  224 73528     2     3      3 126860    2e-07        -
36244  4.2796e-08  1.1378e-12     73548  224 73548     2     3      3 126890  1.9e-07        -
36254  4.2807e-08  1.1378e-12     73568  224 73568     2     3      3 126920  1.9e-07        -
36264  4.2818e-08  1.1378e-12     73588  224 73588     2     3      3 126950  1.8e-07        -
36274   4.283e-08  1.1378e-12     73608  224 73608     2     3      3 126980  1.8e-07        -
36284  4.2841e-08  1.1378e-12     73628  224 73628     2     3      3 127010  1.7e-07        -
36292   4.285e-08  1.1378e-12     73644  224 73644     2     3      3 127034  1.7e-07        -
36302  4.2862e-08  1.1378e-12     73664  224 73664     2     3      3 127064  1.6e-07        -
36310  4.2872e-08  2.2757e-12     73679  225 73679     2     3      3 127085        0        -
36316   4.312e-08  1.1996e-10     73685  231 73685     2     3      3 127085        0        -
36330    4.65e-08     2.5e-10 out 73699  232 73699     2     3      3 127085        0        -
36346    5.05e-08     2.5e-10 out 73715  232 73715     2     3      3 127085        0        -
36362    5.45e-08     2.5e-10 out 73731  232 73731     2     3      3 127085        0        -
36378    5.85e-08     2.5e-10 out 73747  232 73747     2     3      3 127085        0        -
36394    6.25e-08     2.5e-10 out 73763  232 73763     2     3      3 127085        0        -
36410    6.65e-08     2.5e-10 out 73779  232 73779     2     3      3 127085        0        -
36426    7.05e-08     2.5e-10 out 73795  232 73795     2     3      3 127085        0        -
36441   7.425e-08     2.5e-10 out 73810  232 73810     2     3      3 127085        0        -
36455   7.775e-08     2.5e-10 out 73824  232 73824     2     3      3 127085        0        -
36470    8.15e-08     2.5e-10 out 73839  232 73839     2     3      3 127085        0        -
36486    8.55e-08     2.5e-10 out 73855  232 73855     2     3      3 127085        0        -
36502    8.95e-08     2.5e-10 out 73871  232 73871     2     3      3 127085        0        -
36517   9.325e-08     2.5e-10 out 73886  232 73886     2     3      3 127085        0        -
36533   9.725e-08     2.5e-10 out 73902  232 73902     2     3      3 127085        0        -
36549  1.0125e-07     2.5e-10 out 73918  232 73918     2     3      3 127085        0        -
36565  1.0525e-07     2.5e-10 out 73934  232 73934     2     3      3 127085        0        -
36581  1.0925e-07     2.5e-10 out 73950  232 73950     2     3      3 127085        0        -
36596    1.13e-07     2.5e-10 out 73965  232 73965     2     3      3 127085        0        -
36612    1.17e-07     2.5e-10 out 73981  232 73981     2     3      3 127085        0        -
36624     1.2e-07     2.5e-10 out 73993  232 73993     2     3      3 127085        0        -
---------- 当前进度: 100 % - 
求解时间：21 s。
物理内存: 890 MB
虚拟内存: 1229 MB
结束时间：2026年9月3日 14:38:39。
----- Study 2 - Charged particle tracing time dependent/解 2 (sol2) 中的“瞬态求解器 1” >
           当前进度:   0 % - 
Memory: 794/944 812/1229
------     当前进度:  69 % - 正在计算
Memory: 801/944 815/1229
---------- 当前进度: 100 % - 正在计算
-          当前进度:  10 % - 正在绘制
Memory: 816/944 817/1229
---------  当前进度:  99 % - 正在计算
Memory: 817/944 817/1229
---        当前进度:  30 % - 生成图像
Memory: 851/944 831/1229
           当前进度:   0 % - 正在绘制
Memory: 874/956 871/1229
           当前进度:   9 % - 正在计算
-          当前进度:  10 % - 正在绘制
Memory: 875/956 871/1229
---------- 当前进度: 100 % - 正在绘制
Memory: 875/956 872/1229
---        当前进度:  30 % - 生成图像
Memory: 905/956 887/1229
           当前进度:   2 % - 生成方程
Memory: 915/988 911/1229
           当前进度:   3 % - 生成方程
Memory: 918/988 914/1229
<---- Study 2 - Charged particle tracing time dependent/解 2 (sol2) 中的“编译方程: 瞬态” -
开始于 2026年9月3日 14:38:43。
几何形函数: 二次拉格朗日单元
几何形函数: 二次拉格朗日单元
在 Intel64 Family 6 Model 186 Stepping 2, GenuineIntel 上运行。
在以下位置使用 1 个插槽： 陈红星 上（共 1 个内核）。
可用内存：15.90 GB。
           当前进度:   5 % - 编译方程: 瞬态
Memory: 920/988 916/1229
           当前进度:   5 % - 正在创建可视化网格
Memory: 921/988 915/1229
时间：1。
物理内存: 921 MB
虚拟内存: 916 MB
结束时间：2026年9月3日 14:38:44。
----- Study 2 - Charged particle tracing time dependent/解 2 (sol2) 中的“编译方程: 瞬态” >
<---- Study 2 - Charged particle tracing time dependent/解 2 (sol2) 中的“因变量 1” ---
开始于 2026年9月3日 14:38:44。
不求解变量的值: 解 1 (sol1).
           当前进度:   5 % - 因变量 1
求解时间：0 s。
物理内存: 921 MB
虚拟内存: 915 MB
结束时间：2026年9月3日 14:38:44。
----- Study 2 - Charged particle tracing time dependent/解 2 (sol2) 中的“因变量 1” -->
<---- Study 2 - Charged particle tracing time dependent/解 2 (sol2) 中的“瞬态求解器 1” -
开始于 2026年9月3日 14:38:45。
瞬态求解器（广义 α）
求解的自由度数：4（加上 4 个内部自由度）。
找到非对称矩阵。
缩放因变量：
颗粒位置 (comp1.qcpt): 4.3e-08
粒子位置，phi 分量 (comp1.qphi): 1
粒子速度，phi 分量 (comp1.vphi): 1.2e-06
Step        Time    Stepsize      Res  Jac  Sol Order Tfail NLfail LinIt   LinErr   LinRes
   0           0           - out    2    3    2                  0     0        0        0
   1     1.5e-11     1.5e-11       18    7   18     2     0      3    36  3.7e-10        -
   8   2.163e-10    2.43e-11       36   10   36     2     0      3    83  1.7e-10        -
  14  3.1572e-10  1.5165e-11       56   13   56     2     0      3   137  5.8e-11        -
  18  3.6787e-10  1.1055e-11       70   16   70     2     0      3   176  1.4e-11        -
  24  4.2479e-10  8.0593e-12       90   18   90     2     0      3   231    2e-18        -
  29  4.6348e-10  7.2534e-12      110   20  110     2     0      3   289  5.6e-19        -
  34  4.9552e-10  4.4807e-12      130   23  130     2     0      3   345    1e-11        -
  39  5.2936e-10  7.9613e-12      144   27  144     2     0      3   382  2.8e-09        -
  43  5.6979e-10  7.8339e-12      159   30  159     2     1      3   422  1.7e-09        -
  49  6.1287e-10  7.0505e-12      177   33  177     2     1      3   468  3.5e-09        -
  57  6.6928e-10  7.0505e-12      201   33  201     2     1      3   524    2e-08        -
  64  7.2246e-10  1.0876e-11      223   35  223     2     2      3   575  5.4e-07        -
  68  7.6309e-10  1.3088e-11      239   39  239     2     3      3   616  6.5e-07        -
  74  8.3928e-10  1.2602e-11      259   41  259     2     4      3   673  2.3e-19        -
  81  9.2749e-10  1.2602e-11      283   41  283     2     4      3   745  6.4e-19        -
  87       1e-09  1.1051e-11 out  303   42  303     2     4      3   803  1.2e-09        -
  97  1.1105e-09  1.1051e-11      323   43  323     2     4      3   836  9.7e-07        -
 108  1.2321e-09  1.1051e-11      345   43  345     2     4      3   890  5.1e-12        -
 114  1.2859e-09  8.9645e-12      361   45  361     2     4      3   926  1.6e-07        -
 125  1.3845e-09  8.9645e-12      383   45  383     2     4      3   970  5.9e-07        -
 136  1.4831e-09  8.9645e-12      405   45  405     2     4      3  1017  5.3e-15        -
 146  1.5677e-09   8.461e-12      428   45  428     2     4      3  1073  1.2e-07        -
 155  1.6438e-09   8.461e-12      450   45  450     2     4      3  1130  9.8e-07        -
 163  1.7115e-09   8.461e-12      470   45  470     2     4      3  1186  2.5e-19        -
 168    1.75e-09  6.5455e-12 out  486   47  486     2     4      3  1228  3.8e-12        -
 178  1.8155e-09  6.5455e-12      506   47  506     2     4      3  1268  2.9e-08        -
 189  1.8875e-09  6.5455e-12      528   47  528     2     4      3  1312    6e-08        -
 200  1.9595e-09  6.5455e-12      550   47  550     2     4      3  1356  8.9e-08        -
 208  2.0078e-09  7.8178e-12      566   49  566     2     4      3  1386  6.2e-12        -
 218   2.086e-09  7.8178e-12      586   49  586     2     4      3  1426  3.4e-08        -
 228  2.1642e-09  7.8178e-12      606   49  606     2     4      3  1466  6.5e-08        -
 238  2.2423e-09  7.7326e-12      626   49  626     2     4      3  1507  7.6e-08        -
 248  2.3196e-09  7.7326e-12      646   49  646     2     4      3  1557  7.9e-08        -
 258  2.3969e-09  7.7326e-12      666   49  666     2     4      3  1607  8.3e-08        -
 269   2.482e-09  7.7326e-12      688   49  688     2     4      3  1662  8.5e-08        -
 276  2.5412e-09   1.029e-11      702   51  702     2     4      3  1689  1.2e-08        -
 286  2.6441e-09   1.029e-11      722   51  722     2     4      3  1729  4.9e-08        -
 296  2.7433e-09  6.6645e-12      742   52  742     2     4      3  1769  3.6e-11        -
 304  2.8433e-09  1.3329e-11      758   53  758     2     4      3  1801  3.9e-08        -
 314  2.9766e-09  1.3329e-11      778   53  778     2     4      3  1841  9.5e-08        -
 321  3.0585e-09  1.1703e-11      799   53  799     2     4      3  1904  3.9e-19        -
 328  3.1404e-09  1.1703e-11      820   53  820     2     4      3  1967  1.2e-19        -
           当前进度:   9 % - 求解线性方程组
 335  3.2224e-09  1.1703e-11      841   53  841     2     4      3  2030  1.4e-19        -
 343  3.2898e-09  7.9658e-12      858   54  858     2     4      3  2067  9.9e-10        -
 353  3.3695e-09  7.9658e-12      878   54  878     2     4      3  2107    2e-09        -
 362  3.4412e-09  7.9658e-12      896   54  896     2     4      3  2143  2.5e-09        -
 369  3.4945e-09  5.5124e-12      914   55  914     2     4      3  2182  5.8e-07        -
 376  3.5661e-09  1.1025e-11      928   57  928     2     4      3  2209  2.2e-09        -
 385  3.6654e-09  1.1025e-11      946   57  946     2     4      3  2245  9.8e-09        -
 393    3.75e-09  9.2391e-12 out  965   57  965     2     4      3  2289  2.4e-19        -
 399       4e-09  9.2935e-11 out  976   60  976     2     4      3  2308        0        -
 411    6.75e-09     2.5e-10 out  988   62  988     2     4      3  2308        0        -
 427   1.075e-08     2.5e-10 out 1004   62 1004     2     4      3  2308        0        -
 443   1.475e-08     2.5e-10 out 1020   62 1020     2     4      3  2308        0        -
 459   1.875e-08     2.5e-10 out 1036   62 1036     2     4      3  2308        0        -
 475   2.275e-08     2.5e-10 out 1052   62 1052     2     4      3  2308        0        -
 491   2.675e-08     2.5e-10 out 1068   62 1068     2     4      3  2308        0        -
 508     3.1e-08     2.5e-10 out 1085   62 1085     2     4      3  2308        0        -
 524     3.5e-08     2.5e-10 out 1101   62 1101     2     4      3  2308        0        -
 540     3.9e-08     2.5e-10 out 1117   62 1117     2     4      3  2308        0        -
 557   4.325e-08     2.5e-10 out 1134   62 1134     2     4      3  2308        0        -
 574    4.75e-08     2.5e-10 out 1151   62 1151     2     4      3  2308        0        -
 591   5.175e-08     2.5e-10 out 1168   62 1168     2     4      3  2308        0        -
 607   5.575e-08     2.5e-10 out 1184   62 1184     2     4      3  2308        0        -
 623   5.975e-08     2.5e-10 out 1200   62 1200     2     4      3  2308        0        -
 634    6.25e-08     2.5e-10 out 1211   62 1211     2     4      3  2308        0        -
 645   6.525e-08     2.5e-10 out 1222   62 1222     2     4      3  2308        0        -
 655   6.775e-08     2.5e-10 out 1232   62 1232     2     4      3  2308        0        -
 666    7.05e-08     2.5e-10 out 1243   62 1243     2     4      3  2308        0        -
 674    7.25e-08     2.5e-10 out 1251   62 1251     2     4      3  2308        0        -
 682    7.45e-08     2.5e-10 out 1259   62 1259     2     4      3  2308        0        -
 692     7.7e-08     2.5e-10 out 1269   62 1269     2     4      3  2308        0        -
 696     7.8e-08     2.5e-10 out 1273   62 1273     2     4      3  2308        0        -
 708     8.1e-08     2.5e-10 out 1285   62 1285     2     4      3  2308        0        -
 724     8.5e-08     2.5e-10 out 1301   62 1301     2     4      3  2308        0        -
 740     8.9e-08     2.5e-10 out 1317   62 1317     2     4      3  2308        0        -
 757   9.325e-08     2.5e-10 out 1334   62 1334     2     4      3  2308        0        -
 774    9.75e-08     2.5e-10 out 1351   62 1351     2     4      3  2308        0        -
 791  1.0175e-07     2.5e-10 out 1368   62 1368     2     4      3  2308        0        -
 808    1.06e-07     2.5e-10 out 1385   62 1385     2     4      3  2308        0        -
 825  1.1025e-07     2.5e-10 out 1402   62 1402     2     4      3  2308        0        -
 842   1.145e-07     2.5e-10 out 1419   62 1419     2     4      3  2308        0        -
 858   1.185e-07     2.5e-10 out 1435   62 1435     2     4      3  2308        0        -
 864     1.2e-07     2.5e-10 out 1441   62 1441     2     4      3  2308        0        -
---------- 当前进度: 100 % - 
Memory: 906/988 902/1229
求解时间：1 s。
物理内存: 921 MB
虚拟内存: 915 MB
结束时间：2026年9月3日 14:38:46。
----- Study 2 - Charged particle tracing time dependent/解 2 (sol2) 中的“瞬态求解器 1” >
           当前进度:   0 % - 
Memory: 907/988 904/1229
-----      当前进度:  59 % - 正在计算
Memory: 908/988 904/1229
---------- 当前进度: 100 % - 正在计算
Memory: 909/988 905/1229
-          当前进度:  10 % - 正在绘制
---------  当前进度:  99 % - 正在计算
Memory: 910/988 906/1229
---        当前进度:  30 % - 生成图像
Memory: 940/988 919/1229
           当前进度:   0 % - 正在绘制
Memory: 930/996 924/1229
           当前进度:   9 % - 正在计算
Memory: 928/996 922/1229
-          当前进度:  10 % - 正在绘制
---------- 当前进度: 100 % - 正在绘制
Memory: 916/996 911/1229
---        当前进度:  30 % - 生成图像
Memory: 941/996 920/1229
           当前进度:   2 % - 生成方程
Memory: 1078/1078 1577/1579
           当前进度:   3 % - 生成方程
Memory: 1179/1179 1578/1579
<---- Study 2 - Charged particle tracing time dependent/解 2 (sol2) 中的“编译方程: 瞬态” -
开始于 2026年9月3日 14:38:49。
几何形函数: 二次拉格朗日单元
几何形函数: 二次拉格朗日单元
在 Intel64 Family 6 Model 186 Stepping 2, GenuineIntel 上运行。
在以下位置使用 1 个插槽： 陈红星 上（共 1 个内核）。
可用内存：15.90 GB。
           当前进度:   5 % - 编译方程: 瞬态
Memory: 1378/1378 1584/1584
           当前进度:   5 % - 正在创建可视化网格
Memory: 1359/1378 1564/1584
时间：1。
物理内存: 1.38 GB
虚拟内存: 1.58 GB
结束时间：2026年9月3日 14:38:50。
----- Study 2 - Charged particle tracing time dependent/解 2 (sol2) 中的“编译方程: 瞬态” >
<---- Study 2 - Charged particle tracing time dependent/解 2 (sol2) 中的“因变量 1” ---
开始于 2026年9月3日 14:38:50。
不求解变量的值: 解 1 (sol1).
           当前进度:   5 % - 因变量 1
Memory: 1357/1378 1563/1584
求解时间：0 s。
物理内存: 1.36 GB
虚拟内存: 1.56 GB
结束时间：2026年9月3日 14:38:50。
----- Study 2 - Charged particle tracing time dependent/解 2 (sol2) 中的“因变量 1” -->
<---- Study 2 - Charged particle tracing time dependent/解 2 (sol2) 中的“瞬态求解器 1” -
开始于 2026年9月3日 14:38:51。
瞬态求解器（广义 α）
求解的自由度数：4（加上 4 个内部自由度）。
找到非对称矩阵。
缩放因变量：
颗粒位置 (comp1.qcpt): 4.3e-08
粒子位置，phi 分量 (comp1.qphi): 1
粒子速度，phi 分量 (comp1.vphi): 3.7e-07
Step        Time    Stepsize      Res  Jac  Sol Order Tfail NLfail LinIt   LinErr   LinRes
   0           0           - out    2    3    2                  0     0        0        0
   1     1.5e-11     1.5e-11       18    7   18     2     0      3   128    1e-10        -
   7  1.8619e-10  2.4194e-11       35   10   35     2     0      3   172  5.2e-10        -
  12  2.6153e-10  1.1532e-11       49   13   49     2     0      3   209  3.9e-09        -
  18  3.2519e-10  9.3411e-12       67   15   67     2     0      3   255  7.1e-09        -
  23  3.6395e-10  6.8097e-12       85   17   85     2     0      3   306  1.3e-18        -
  27  3.8853e-10  5.5158e-12       99   19   99     2     0      3   345  1.1e-18        -
  31  4.0894e-10  4.9642e-12      112   21  112     2     0      3   379  1.2e-09        -
  37  4.3872e-10  4.9642e-12      130   21  130     2     0      3   421  1.5e-08        -
  40  4.6543e-10  7.8455e-12      140   24  140     2     0      3   448  3.2e-08        -
  43  4.8193e-10  5.3031e-12      153   27  153     2     1      3   482  5.6e-10        -
  47       5e-10  3.7313e-12 out  167   29  167     2     1      3   516  8.6e-07        -
  53  5.2612e-10  7.4627e-12      183   30  183     2     1      3   552  2.9e-11        -
  58  5.5603e-10   5.983e-12      199   32  199     2     1      3   591  9.9e-10        -
  62  5.8329e-10  7.2418e-12      213   34  213     2     2      3   626    1e-18        -
  65  6.0987e-10  9.4625e-12      224   38  224     2     4      3   653  5.6e-07        -
  70   6.516e-10  7.6646e-12      241   39  241     2     4      3   702  6.8e-08        -
  77  7.0525e-10  7.6646e-12      255   40  255     2     4      3   736  1.5e-10        -
  85  7.6409e-10  7.0433e-12      273   40  273     2     4      3   782  5.3e-07        -
  91  8.0635e-10  7.0433e-12      288   40  288     2     4      3   814  5.2e-09        -
  97  8.4861e-10  7.0433e-12      308   40  308     2     4      3   853  2.9e-08        -
 101  8.7678e-10  7.0433e-12      326   41  326     2     4      3   891    2e-07        -
 109  9.3313e-10  7.0433e-12      342   42  342     2     4      3   917  4.3e-07        -
 117  9.8947e-10  7.0433e-12      358   42  358     2     4      3   945    1e-06        -
 119       1e-09  5.2632e-12 out  366   44  366     2     4      3   964  1.7e-07        -
 126  1.0368e-09  5.2632e-12      380   44  380     2     4      3   989    6e-08        -
 134  1.0789e-09  5.2632e-12      396   44  396     2     4      3  1013  8.4e-08        -
 143  1.1263e-09  5.2632e-12      414   44  414     2     4      3  1040  2.8e-07        -
 151  1.1684e-09  5.2632e-12      430   44  430     2     4      3  1064  3.6e-07        -
 159  1.2105e-09  5.2632e-12      446   44  446     2     4      3  1088  4.4e-07        -
 166  1.2461e-09   3.947e-12      464   45  464     2     4      3  1120    1e-07        -
 171  1.2816e-09  7.8939e-12      474   47  474     2     4      3  1139  6.4e-08        -
 179  1.3447e-09  7.8939e-12      490   47  490     2     4      3  1171  2.2e-07        -
 187  1.4079e-09  7.8939e-12      506   47  506     2     4      3  1203  3.7e-07        -
 195   1.471e-09  7.8939e-12      522   47  522     2     4      3  1235    5e-07        -
 200  1.5066e-09  6.5909e-12      537   47  537     2     4      3  1271  4.2e-07        -
 205  1.5395e-09  6.5909e-12      554   47  554     2     4      3  1315  8.5e-07        -
 210  1.5725e-09  6.5909e-12      572   47  572     2     4      3  1361  4.4e-07        -
 215  1.6055e-09  6.5909e-12      589   47  589     2     4      3  1405  8.7e-07        -
 220  1.6384e-09  6.5909e-12      607   47  607     2     4      3  1451  4.6e-07        -
 225  1.6714e-09  6.5909e-12      624   47  624     2     4      3  1495  8.8e-07        -
 228  1.6905e-09  5.9318e-12      637   48  637     2     4      3  1528  2.4e-07        -
           当前进度:   8 % - 正在组装残差
Memory: 904/1378 904/1584
 233  1.7201e-09  5.9318e-12      647   49  647     2     4      3  1543  1.2e-08        -
 238  1.7469e-09  3.0677e-12      657   50  657     2     4      3  1558  1.4e-08        -
 245  1.7684e-09  3.0677e-12      671   50  671     2     4      3  1579  5.2e-10        -
 252  1.7899e-09  3.0677e-12      685   50  685     2     4      3  1600  2.4e-09        -
 259  1.8114e-09  3.0677e-12      699   50  699     2     4      3  1621    9e-10        -
 267  1.8359e-09  3.0677e-12      715   50  715     2     4      3  1645  1.6e-09        -
 275  1.8604e-09  3.0677e-12      731   50  731     2     4      3  1669  2.3e-09        -
 282  1.8819e-09  3.0677e-12      745   50  745     2     4      3  1690  1.5e-09        -
 290  1.9065e-09  3.0677e-12      761   50  761     2     4      3  1714  1.3e-09        -
 295  1.9218e-09  3.0677e-12      771   50  771     2     4      3  1729    4e-09        -
 302  1.9433e-09  3.0677e-12      785   50  785     2     4      3  1750    1e-09        -
 310  1.9678e-09  3.0677e-12      801   50  801     2     4      3  1774  8.6e-10        -
 317  1.9893e-09  3.0677e-12      815   50  815     2     4      3  1795  5.6e-09        -
 322  2.0046e-09  4.5841e-12      831   50  831     2     4      3  1825  1.8e-08        -
 327  2.0275e-09  4.5841e-12      851   50  851     2     4      3  1865  1.9e-08        -
 331  2.0458e-09  4.5841e-12      866   50  866     2     4      3  1895  2.4e-08        -
 335  2.0642e-09  4.5841e-12      880   50  880     2     4      3  1923  2.9e-08        -
 341  2.0917e-09  4.5841e-12      899   50  899     2     4      3  1961    4e-08        -
 347  2.1192e-09  4.5841e-12      916   50  916     2     4      3  1995  6.9e-08        -
 354  2.1513e-09  4.5841e-12      932   50  932     2     4      3  2027  1.3e-07        -
 363  2.1925e-09  4.5841e-12      950   50  950     2     4      3  2063  1.4e-07        -
 371  2.2292e-09  4.5841e-12      966   50  966     2     4      3  2095  1.5e-07        -
 378   2.257e-09  3.5216e-12      980   50  980     2     4      3  2123  6.5e-08        -
 386  2.2852e-09  3.5216e-12      996   50  996     2     4      3  2155  6.5e-08        -
 392  2.3063e-09  3.5216e-12     1008   50 1008     2     4      3  2179  6.6e-08        -
 399   2.331e-09  3.5216e-12     1022   50 1022     2     4      3  2207  6.7e-08        -
 403  2.3451e-09  3.5216e-12     1030   50 1030     2     4      3  2223  6.7e-08        -
 410  2.3697e-09  3.5216e-12     1044   50 1044     2     4      3  2251  6.8e-08        -
 418  2.3979e-09  3.5216e-12     1060   50 1060     2     4      3  2283  6.8e-08        -
 422   2.412e-09  3.5216e-12     1068   50 1068     2     4      3  2299  6.9e-08        -
 427  2.4296e-09  3.5216e-12     1078   50 1078     2     4      3  2319  6.9e-08        -
 434  2.4543e-09  3.5216e-12     1092   50 1092     2     4      3  2347    7e-08        -
 440  2.4754e-09  3.5216e-12     1104   50 1104     2     4      3  2371    7e-08        -
 447     2.5e-09  3.5038e-12 out 1118   50 1118     2     4      3  2399  6.9e-08        -
 454  2.5245e-09  3.5038e-12     1132   50 1132     2     4      3  2427  6.9e-08        -
 461  2.5491e-09  3.5038e-12     1146   50 1146     2     4      3  2455    7e-08        -
 466  2.5666e-09  3.5038e-12     1156   50 1156     2     4      3  2475    7e-08        -
 473  2.5911e-09  3.5038e-12     1170   50 1170     2     4      3  2503  7.1e-08        -
 482  2.6226e-09  3.5038e-12     1188   50 1188     2     4      3  2539  7.2e-08        -
 487  2.6402e-09  3.5038e-12     1198   50 1198     2     4      3  2559  7.2e-08        -
 495  2.6682e-09  3.5038e-12     1214   50 1214     2     4      3  2591  7.3e-08        -
 502  2.6927e-09  3.5038e-12     1228   50 1228     2     4      3  2619  7.3e-08        -
 510  2.7207e-09  3.5038e-12     1244   50 1244     2     4      3  2651  7.4e-08        -
 518  2.7476e-09  2.3657e-12     1261   50 1261     2     4      3  2685  1.5e-07        -
 526  2.7831e-09  4.7313e-12     1278   51 1278     2     4      3  2712  1.5e-08        -
 535  2.8257e-09  4.7313e-12     1296   51 1296     2     4      3  2739  9.7e-09        -
 544  2.8683e-09  4.7313e-12     1314   51 1314     2     4      3  2766  8.1e-09        -
 553  2.9109e-09  4.7313e-12     1332   51 1332     2     4      3  2793  7.4e-09        -
           当前进度:   9 % - 正在组装残差
Memory: 905/1378 905/1584
 562  2.9534e-09  4.7313e-12     1350   51 1350     2     4      3  2820  7.5e-09        -
 572       3e-09   4.351e-12 out 1370   51 1370     2     4      3  2852  1.5e-07        -
 581  3.0392e-09   4.351e-12     1388   51 1388     2     4      3  2888  1.5e-07        -
 590  3.0783e-09   4.351e-12     1406   51 1406     2     4      3  2924  1.5e-07        -
 599  3.1175e-09   4.351e-12     1424   51 1424     2     4      3  2960  1.5e-07        -
 608  3.1566e-09   4.351e-12     1442   51 1442     2     4      3  2996  1.5e-07        -
 617  3.1958e-09   4.351e-12     1460   51 1460     2     4      3  3032  1.5e-07        -
 626   3.235e-09   4.351e-12     1478   51 1478     2     4      3  3068  1.6e-07        -
 630    3.25e-09   3.173e-12 out 1490   53 1490     2     4      3  3093  1.8e-08        -
 636  3.2881e-09  6.3461e-12     1502   54 1502     2     4      3  3117  2.3e-09        -
 645  3.3452e-09  6.3461e-12     1520   54 1520     2     4      3  3153  6.6e-09        -
 654  3.4023e-09  6.3461e-12     1538   54 1538     2     4      3  3189  1.1e-08        -
 663  3.4594e-09  6.3461e-12     1556   54 1556     2     4      3  3225  1.6e-08        -
 669  3.4956e-09  4.4246e-12     1572   55 1572     2     4      3  3260  7.2e-08        -
 677   3.531e-09  4.4246e-12     1588   56 1588     2     4      3  3284  2.5e-08        -
 686  3.5708e-09  4.4246e-12     1606   56 1606     2     4      3  3311  1.4e-08        -
 695  3.6106e-09  4.4246e-12     1624   56 1624     2     4      3  3338  1.1e-08        -
 705  3.6549e-09  4.4246e-12     1644   56 1644     2     4      3  3368  1.1e-08        -
 715  3.6991e-09  4.4246e-12     1664   56 1664     2     4      3  3398  1.2e-08        -
 725  3.7434e-09  4.4246e-12     1684   56 1684     2     4      3  3428  1.3e-08        -
 728  3.7566e-09  6.6494e-12     1694   59 1694     2     4      3  3446  2.8e-12        -
 737  3.8165e-09  6.6494e-12     1712   59 1712     2     4      3  3482  8.2e-09        -
 746  3.8763e-09  6.6494e-12     1730   59 1730     2     4      3  3518  1.7e-08        -
 755  3.9362e-09  6.6494e-12     1748   59 1748     2     4      3  3554  2.6e-08        -
 764  3.9947e-09  5.3099e-12     1768   59 1768     2     4      3  3596  4.4e-07        -
 769  4.0212e-09  5.3099e-12     1788   59 1788     2     4      3  3646  4.4e-07        -
 773  4.0425e-09  5.3099e-12     1804   59 1804     2     4      3  3686  4.5e-07        -
 778   4.069e-09  5.3099e-12     1824   59 1824     2     4      3  3736  4.5e-07        -
 783  4.0956e-09  5.3099e-12     1844   59 1844     2     4      3  3786  4.5e-07        -
 788  4.1221e-09  5.3099e-12     1864   59 1864     2     4      3  3836  4.5e-07        -
 793  4.1487e-09  5.3099e-12     1884   59 1884     2     4      3  3886  4.5e-07        -
 798  4.1752e-09  5.3099e-12     1904   59 1904     2     4      3  3936  4.5e-07        -
 803  4.2018e-09  5.3099e-12     1924   59 1924     2     4      3  3986  4.5e-07        -
 808  4.2283e-09  5.3099e-12     1944   59 1944     2     4      3  4036  4.5e-07        -
 813    4.25e-09  2.8716e-12 out 1960   60 1960     2     4      3  4072  4.2e-08        -
 820  4.2902e-09  5.7433e-12     1974   61 1974     2     4      3  4100  4.5e-09        -
 829  4.3419e-09  5.7433e-12     1992   61 1992     2     4      3  4136  1.2e-08        -
 838  4.3936e-09  5.7433e-12     2010   61 2010     2     4      3  4172  1.9e-08        -
 846  4.4395e-09  5.7433e-12     2026   61 2026     2     4      3  4204  2.6e-08        -
 854  4.4855e-09  5.7433e-12     2042   61 2042     2     4      3  4236  3.3e-08        -
 858  4.5044e-09  4.3917e-12     2054   63 2054     2     4      3  4259    2e-07        -
 867  4.5439e-09  4.3917e-12     2072   63 2072     2     4      3  4286  4.2e-08        -
 875  4.5791e-09  4.3917e-12     2088   63 2088     2     4      3  4310  2.8e-08        -
 884  4.6186e-09  4.3917e-12     2106   63 2106     2     4      3  4337  2.4e-08        -
 892  4.6537e-09  4.3917e-12     2122   63 2122     2     4      3  4361  2.4e-08        -
 900  4.6888e-09  4.3917e-12     2138   63 2138     2     4      3  4385  2.5e-08        -
 907  4.7196e-09  4.3917e-12     2152   63 2152     2     4      3  4406  2.6e-08        -
 915  4.7542e-09  4.2271e-12     2168   63 2168     2     4      3  4433    6e-08        -
 922  4.7838e-09  4.2271e-12     2182   63 2182     2     4      3  4461    6e-08        -
-          当前进度:  10 % - 正在组装残差
Memory: 909/1378 906/1584
 930  4.8176e-09  4.2271e-12     2198   63 2198     2     4      3  4493    6e-08        -
 938  4.8514e-09  4.2271e-12     2214   63 2214     2     4      3  4525    6e-08        -
 947  4.8895e-09  4.2271e-12     2232   63 2232     2     4      3  4561  5.9e-08        -
 956  4.9275e-09  4.2271e-12     2250   63 2250     2     4      3  4597  5.9e-08        -
 964  4.9614e-09  4.2271e-12     2266   63 2266     2     4      3  4629  5.8e-08        -
 973  4.9976e-09   2.415e-12     2284   64 2284     2     4      3  4664  8.1e-08        -
 980   5.029e-09    4.83e-12     2298   65 2298     2     4      3  4688  1.3e-07        -
 989  5.0724e-09    4.83e-12     2316   65 2316     2     4      3  4715  6.1e-08        -
 996  5.1063e-09    4.83e-12     2330   65 2330     2     4      3  4736  4.9e-08        -
1004  5.1449e-09    4.83e-12     2346   65 2346     2     4      3  4760  4.5e-08        -
1012  5.1835e-09    4.83e-12     2362   65 2362     2     4      3  4784  4.6e-08        -
1021   5.227e-09    4.83e-12     2380   65 2380     2     4      3  4811  4.9e-08        -
1030   5.267e-09   4.251e-12     2398   65 2398     2     4      3  4844  2.9e-07        -
1039  5.3053e-09   4.251e-12     2416   65 2416     2     4      3  4880  2.9e-07        -
1046   5.335e-09   4.251e-12     2430   65 2430     2     4      3  4908  2.9e-07        -
1055  5.3733e-09   4.251e-12     2448   65 2448     2     4      3  4944  2.8e-07        -
1064  5.4115e-09   4.251e-12     2466   65 2466     2     4      3  4980  2.7e-07        -
1073  5.4498e-09   4.251e-12     2484   65 2484     2     4      3  5016  2.7e-07        -
1082  5.4881e-09   4.251e-12     2502   65 2502     2     4      3  5052  2.6e-07        -
1091  5.5231e-09  3.8456e-12     2520   65 2520     2     4      3  5088  5.1e-07        -
1099  5.5538e-09  3.8456e-12     2536   65 2536     2     4      3  5120    5e-07        -
1107  5.5846e-09  3.8456e-12     2552   65 2552     2     4      3  5152  4.9e-07        -
1116  5.6192e-09  3.8456e-12     2570   65 2570     2     4      3  5188  4.8e-07        -
1123  5.6461e-09  3.8456e-12     2584   65 2584     2     4      3  5216  4.6e-07        -
1132  5.6807e-09  3.8456e-12     2602   65 2602     2     4      3  5252  4.5e-07        -
1141  5.7154e-09  3.8456e-12     2620   65 2620     2     4      3  5288  4.3e-07        -
1149  5.7461e-09  3.8456e-12     2636   65 2636     2     4      3  5320  4.2e-07        -
1155  5.7655e-09  3.8839e-12     2648   67 2648     2     4      3  5338  6.3e-08        -
1164  5.8005e-09  3.8839e-12     2666   67 2666     2     4      3  5365  1.8e-08        -
1171  5.8277e-09  3.8839e-12     2680   67 2680     2     4      3  5386  1.7e-08        -
1180  5.8626e-09  3.8839e-12     2698   67 2698     2     4      3  5413  1.7e-08        -
1189  5.8976e-09  3.8839e-12     2716   67 2716     2     4      3  5440    2e-08        -
1198  5.9325e-09  3.8839e-12     2734   67 2734     2     4      3  5467  2.3e-08        -
1207  5.9675e-09  3.8839e-12     2752   67 2752     2     4      3  5494  2.6e-08        -
1215  5.9973e-09  2.6576e-12     2772   68 2772     2     4      3  5526  5.6e-08        -
1221  6.0266e-09  5.3152e-12     2784   70 2784     2     4      3  5544  4.4e-08        -
1230  6.0744e-09  5.3152e-12     2802   70 2802     2     4      3  5571  2.8e-08        -
1239  6.1222e-09  5.3152e-12     2820   70 2820     2     4      3  5598  3.9e-08        -
1248  6.1701e-09  5.3152e-12     2838   70 2838     2     4      3  5625  4.8e-08        -
1257  6.2179e-09  5.3152e-12     2856   70 2856     2     4      3  5652  5.4e-08        -
1264    6.25e-09  2.7506e-12 out 2870   71 2870     2     4      3  5673  2.3e-09        -
1272   6.294e-09  5.5012e-12     2886   72 2886     2     4      3  5697  1.1e-08        -
1281  6.3435e-09  5.5012e-12     2904   72 2904     2     4      3  5724  1.8e-08        -
1290   6.393e-09  5.5012e-12     2922   72 2922     2     4      3  5751  1.7e-08        -
1299  6.4425e-09  5.5012e-12     2940   72 2940     2     4      3  5778  7.1e-09        -
1308  6.4921e-09  5.5012e-12     2958   72 2958     2     4      3  5805  1.4e-08        -
1315  6.5199e-09   3.973e-12     2979   72 2979     2     4      3  5847  9.8e-08        -
1321  6.5437e-09   3.973e-12     2997   72 2997     2     4      3  5883  1.5e-07        -
-          当前进度:  12 % - 正在组装残差
1326  6.5636e-09   3.973e-12     3015   73 3015     2     4      3  5918  4.3e-08        -
1334  6.5954e-09   3.973e-12     3031   74 3031     2     4      3  5942  4.6e-09        -
1343  6.6311e-09   3.973e-12     3049   74 3049     2     4      3  5969  1.3e-08        -
1351  6.6629e-09   3.973e-12     3065   74 3065     2     4      3  5993  2.4e-08        -
1359  6.6947e-09   3.973e-12     3081   74 3081     2     4      3  6017  3.8e-08        -
1369  6.7344e-09   3.973e-12     3101   74 3101     2     4      3  6047  6.1e-08        -
1378  6.7691e-09  3.8236e-12     3119   74 3119     2     4      3  6081  4.1e-08        -
1387  6.8035e-09  3.8236e-12     3137   74 3137     2     4      3  6117    2e-08        -
1396  6.8379e-09  3.8236e-12     3155   74 3155     2     4      3  6153  5.4e-08        -
1405  6.8724e-09  3.8236e-12     3173   74 3173     2     4      3  6189    3e-08        -
1414  6.9068e-09  3.8236e-12     3191   74 3191     2     4      3  6225  6.9e-08        -
1423  6.9412e-09  3.8236e-12     3209   74 3209     2     4      3  6261  4.3e-08        -
1432  6.9756e-09  3.8236e-12     3227   74 3227     2     4      3  6297  8.5e-08        -
1439       7e-09  2.6452e-12 out 3241   75 3241     2     4      3  6323  4.8e-08        -
1448  7.0238e-09  2.6452e-12     3259   75 3259     2     4      3  6350  2.1e-08        -
1457  7.0476e-09  2.6452e-12     3277   75 3277     2     4      3  6377  2.3e-08        -
1466  7.0714e-09  2.6452e-12     3295   75 3295     2     4      3  6404  3.2e-08        -
1475  7.0952e-09  2.6452e-12     3313   75 3313     2     4      3  6431  5.1e-08        -
1484   7.119e-09  2.6452e-12     3331   75 3331     2     4      3  6458  6.3e-08        -
1492  7.1402e-09  2.6452e-12     3347   75 3347     2     4      3  6482  7.9e-08        -
1499  7.1587e-09  2.6452e-12     3361   75 3361     2     4      3  6503  9.6e-08        -
1507  7.1799e-09  2.6452e-12     3377   75 3377     2     4      3  6527  1.1e-07        -
1516  7.2037e-09  2.6452e-12     3395   75 3395     2     4      3  6554  1.3e-07        -
1525  7.2275e-09  2.6452e-12     3413   75 3413     2     4      3  6581  1.6e-07        -
1533   7.248e-09  1.9998e-12     3433   76 3433     2     4      3  6613    2e-07        -
1539    7.27e-09  3.9996e-12     3445   78 3445     2     4      3  6636  4.8e-08        -
1547   7.302e-09  3.9996e-12     3461   78 3461     2     4      3  6668  1.5e-07        -
1555   7.334e-09  3.9996e-12     3477   78 3477     2     4      3  6700  2.6e-07        -
1563   7.366e-09  3.9996e-12     3493   78 3493     2     4      3  6732  3.8e-07        -
1571   7.398e-09  3.9996e-12     3509   78 3509     2     4      3  6764    5e-07        -
1579    7.43e-09  3.9996e-12     3525   78 3525     2     4      3  6796  6.3e-07        -
1587   7.462e-09  3.9996e-12     3541   78 3541     2     4      3  6828  7.6e-07        -
1595   7.494e-09  3.9996e-12     3557   78 3557     2     4      3  6860  8.9e-07        -
1599   7.506e-09  3.0131e-12     3569   80 3569     2     4      3  6888  9.8e-09        -
1607  7.5301e-09  3.0131e-12     3585   80 3585     2     4      3  6920  4.9e-08        -
1615  7.5542e-09  3.0131e-12     3601   80 3601     2     4      3  6952  8.7e-08        -
1624  7.5814e-09  3.0131e-12     3619   80 3619     2     4      3  6988  1.3e-07        -
1632  7.6055e-09  3.0131e-12     3635   80 3635     2     4      3  7020  1.7e-07        -
1640  7.6296e-09  3.0131e-12     3651   80 3651     2     4      3  7052    2e-07        -
1649  7.6567e-09  3.0131e-12     3669   80 3669     2     4      3  7088  2.4e-07        -
1658  7.6838e-09  3.0131e-12     3687   80 3687     2     4      3  7124  2.7e-07        -
1666  7.7079e-09  3.0131e-12     3703   80 3703     2     4      3  7156  2.9e-07        -
1675   7.735e-09  3.0131e-12     3721   80 3721     2     4      3  7192  3.2e-07        -
1683  7.7589e-09  2.9687e-12     3737   80 3737     2     4      3  7229  1.1e-07        -
1691  7.7827e-09  2.9687e-12     3753   80 3753     2     4      3  7269  1.1e-07        -
1700  7.8094e-09  2.9687e-12     3771   80 3771     2     4      3  7314  1.1e-07        -
1709  7.8361e-09  2.9687e-12     3789   80 3789     2     4      3  7359  1.1e-07        -
-          当前进度:  13 % - 正在组装残差
Memory: 911/1378 907/1584
1718  7.8628e-09  2.9687e-12     3807   80 3807     2     4      3  7404  1.1e-07        -
1727  7.8895e-09  2.9687e-12     3825   80 3825     2     4      3  7449  1.1e-07        -
1736  7.9162e-09  2.9687e-12     3843   80 3843     2     4      3  7494  1.1e-07        -
1743   7.937e-09  2.9687e-12     3857   80 3857     2     4      3  7529    1e-07        -
1750  7.9578e-09  2.9687e-12     3871   80 3871     2     4      3  7564    1e-07        -
1758  7.9816e-09  2.9687e-12     3887   80 3887     2     4      3  7604    1e-07        -
1764  7.9982e-09  1.7994e-12     3899   81 3899     2     4      3  7632  5.8e-07        -
1771  8.0216e-09  3.5988e-12     3913   82 3913     2     4      3  7659  1.9e-08        -
1779  8.0504e-09  3.5988e-12     3929   82 3929     2     4      3  7691  5.4e-08        -
1787  8.0792e-09  3.5988e-12     3945   82 3945     2     4      3  7723  9.2e-08        -
1796  8.1116e-09  3.5988e-12     3963   82 3963     2     4      3  7759  1.4e-07        -
1805   8.144e-09  3.5988e-12     3981   82 3981     2     4      3  7795  1.8e-07        -
1814  8.1763e-09  3.5988e-12     3999   82 3999     2     4      3  7831  2.3e-07        -
1823  8.2087e-09  3.5988e-12     4017   82 4017     2     4      3  7867  2.8e-07        -
1832  8.2411e-09  3.5988e-12     4035   82 4035     2     4      3  7903  3.2e-07        -
1836  8.2526e-09  2.6424e-12     4047   84 4047     2     4      3  7931  1.8e-09        -
1845  8.2764e-09  2.6424e-12     4065   84 4065     2     4      3  7967  1.8e-08        -
1854  8.3002e-09  2.6424e-12     4083   84 4083     2     4      3  8003  3.2e-08        -
1863   8.324e-09  2.6424e-12     4101   84 4101     2     4      3  8037  4.6e-08        -
1872  8.3478e-09  2.6424e-12     4119   84 4119     2     4      3  8068  6.9e-08        -
1881  8.3715e-09  2.6424e-12     4137   84 4137     2     4      3  8100  7.1e-08        -
1889  8.3927e-09  2.6424e-12     4153   84 4153     2     4      3  8128    8e-08        -
1898  8.4165e-09  2.6424e-12     4171   84 4171     2     4      3  8159  9.3e-08        -
1907  8.4403e-09  2.6424e-12     4189   84 4189     2     4      3  8190    1e-07        -
1916   8.464e-09  2.6424e-12     4207   84 4207     2     4      3  8217  1.1e-07        -
1925  8.4878e-09  2.6424e-12     4225   84 4225     2     4      3  8244  1.1e-07        -
1930     8.5e-09  2.1299e-12 out 4239   86 4239     2     4      3  8267    2e-07        -
1937  8.5298e-09  4.2599e-12     4253   87 4253     2     4      3  8295  4.2e-08        -
1946  8.5682e-09  4.2599e-12     4271   87 4271     2     4      3  8331  9.5e-08        -
1953   8.598e-09  4.2599e-12     4285   87 4285     2     4      3  8359  1.3e-07        -
1960  8.6278e-09  4.2599e-12     4299   87 4299     2     4      3  8387  1.5e-07        -
1967  8.6576e-09  4.2599e-12     4313   87 4313     2     4      3  8415  1.7e-07        -
1975  8.6917e-09  4.2599e-12     4329   87 4329     2     4      3  8443  1.9e-07        -
1985  8.7343e-09  4.2599e-12     4349   87 4349     2     4      3  8478    2e-07        -
1991  8.7572e-09  3.5937e-12     4369   87 4369     2     4      3  8519  1.1e-07        -
1996  8.7752e-09  3.5937e-12     4389   87 4389     2     4      3  8561  9.8e-08        -
2002  8.7967e-09  3.5937e-12     4413   87 4413     2     4      3  8609    9e-08        -
2007  8.8147e-09  3.5937e-12     4433   87 4433     2     4      3  8649  8.6e-08        -
2012  8.8327e-09  3.5937e-12     4453   87 4453     2     4      3  8689  7.8e-08        -
2018  8.8542e-09  3.5937e-12     4473   87 4473     2     4      3  8729    7e-08        -
2025  8.8794e-09  3.5937e-12     4493   87 4493     2     4      3  8769  3.6e-07        -
2032  8.9045e-09  3.5937e-12     4515   87 4515     2     4      3  8813  5.3e-08        -
2039  8.9297e-09  3.5937e-12     4535   87 4535     2     4      3  8853  2.9e-07        -
2045  8.9512e-09  3.5937e-12     4553   87 4553     2     4      3  8889  2.6e-07        -
2052  8.9764e-09  3.5937e-12     4575   87 4575     2     4      3  8933  3.1e-08        -
2058  8.9972e-09  2.8147e-12     4591   88 4591     2     4      3  8964  7.8e-09        -
2065  9.0169e-09  2.8147e-12     4605   88 4605     2     4      3  8985  2.1e-09        -
2074  9.0422e-09  2.8147e-12     4623   88 4623     2     4      3  9012  1.1e-09        -
-          当前进度:  14 % - 
Memory: 913/1378 910/1584
2082  9.0647e-09  2.8147e-12     4639   88 4639     2     4      3  9036  1.2e-09        -
2089  9.0844e-09  2.8147e-12     4653   88 4653     2     4      3  9057    1e-09        -
2094  9.0985e-09  2.8147e-12     4663   88 4663     2     4      3  9072  9.2e-10        -
2098  9.1098e-09  2.8147e-12     4671   88 4671     2     4      3  9084  6.9e-10        -
2104  9.1267e-09  2.8147e-12     4683   88 4683     2     4      3  9102  2.4e-10        -
2111  9.1464e-09  2.8147e-12     4697   88 4697     2     4      3  9121  3.7e-10        -
2117  9.1633e-09  2.8147e-12     4709   88 4709     2     4      3  9139    1e-09        -
2124   9.183e-09  2.8147e-12     4723   88 4723     2     4      3  9160    2e-09        -
2132  9.2055e-09  2.8147e-12     4739   88 4739     2     4      3  9184  3.2e-09        -
2141  9.2308e-09  2.8147e-12     4757   88 4757     2     4      3  9211  4.6e-09        -
2149  9.2526e-09  2.5586e-12     4776   88 4776     2     4      3  9244  2.1e-09        -
2153  9.2628e-09  2.5586e-12     4792   90 4792     2     4      3  9273    1e-08        -
2161  9.2833e-09  2.5586e-12     4808   90 4808     2     4      3  9297  4.7e-10        -
2170  9.3063e-09  2.5586e-12     4826   90 4826     2     4      3  9324  8.2e-10        -
2179  9.3293e-09  2.5586e-12     4844   90 4844     2     4      3  9351  1.3e-09        -
2188  9.3523e-09  2.5586e-12     4862   90 4862     2     4      3  9378    2e-09        -
2197  9.3754e-09  2.5586e-12     4880   90 4880     2     4      3  9405  2.7e-09        -
2206  9.3984e-09  2.5586e-12     4898   90 4898     2     4      3  9432  3.5e-09        -
2215  9.4214e-09  2.5586e-12     4916   90 4916     2     4      3  9459  4.2e-09        -
2224  9.4445e-09  2.5586e-12     4934   90 4934     2     4      3  9486  5.2e-09        -
2231  9.4624e-09  2.5586e-12     4948   90 4948     2     4      3  9507  5.8e-09        -
2239  9.4828e-09  2.5586e-12     4964   90 4964     2     4      3  9531  6.6e-09        -
2247  9.5044e-09  4.3759e-12     4981   91 4981     2     4      3  9559  3.6e-07        -
2256  9.5438e-09  4.3759e-12     4999   91 4999     2     4      3  9586  5.3e-09        -
2265  9.5831e-09  4.3759e-12     5017   91 5017     2     4      3  9613  1.9e-08        -
2275  9.6269e-09  4.3759e-12     5037   91 5037     2     4      3  9643  2.3e-08        -
2284  9.6663e-09  4.3759e-12     5055   91 5055     2     4      3  9670  2.3e-08        -
2293  9.7057e-09  4.3759e-12     5073   91 5073     2     4      3  9697  3.3e-08        -
2302  9.7451e-09  4.3759e-12     5091   91 5091     2     4      3  9724  3.6e-08        -
2309  9.7624e-09  2.4735e-12     5105   92 5105     2     4      3  9745  3.2e-09        -
2318  9.7846e-09  2.4735e-12     5123   92 5123     2     4      3  9772  8.2e-10        -
2327  9.8069e-09  2.4735e-12     5141   92 5141     2     4      3  9799  1.7e-09        -
2334  9.8242e-09  2.4735e-12     5155   92 5155     2     4      3  9820  1.7e-09        -
2339  9.8366e-09  2.4735e-12     5165   92 5165     2     4      3  9835  2.2e-09        -
2347  9.8564e-09  2.4735e-12     5181   92 5181     2     4      3  9859  2.6e-09        -
2353  9.8712e-09  2.4735e-12     5193   92 5193     2     4      3  9877  2.9e-09        -
2361   9.891e-09  2.4735e-12     5209   92 5209     2     4      3  9901  3.3e-09        -
2370  9.9132e-09  2.4735e-12     5227   92 5227     2     4      3  9928  3.7e-09        -
2376  9.9281e-09  2.4735e-12     5239   92 5239     2     4      3  9946    4e-09        -
2384  9.9479e-09  2.4735e-12     5255   92 5255     2     4      3  9970  4.5e-09        -
2393  9.9701e-09  2.4735e-12     5273   92 5273     2     4      3  9997    5e-09        -
2402  9.9924e-09  2.4735e-12     5291   92 5291     2     4      3 10024  5.5e-09        -
2408  1.0005e-08  2.6529e-12     5303   94 5303     2     4      3 10042  1.2e-08        -
2417  1.0029e-08  2.6529e-12     5321   94 5321     2     4      3 10069    4e-09        -
2426  1.0053e-08  2.6529e-12     5339   94 5339     2     4      3 10096  1.2e-09        -
2435  1.0077e-08  2.6529e-12     5357   94 5357     2     4      3 10123  2.4e-09        -
2443  1.0098e-08  2.6529e-12     5373   94 5373     2     4      3 10147  2.6e-09        -
2449  1.0114e-08  2.6529e-12     5385   94 5385     2     4      3 10165  2.8e-09        -
2457  1.0135e-08  2.6529e-12     5401   94 5401     2     4      3 10189  3.2e-09        -
-          当前进度:  15 % - 求解线性方程组
Memory: 916/1378 913/1584
2464  1.0154e-08  2.6529e-12     5415   94 5415     2     4      3 10210  3.1e-09        -
2471  1.0172e-08  2.6529e-12     5429   94 5429     2     4      3 10231  3.8e-09        -
2478  1.0191e-08  2.6529e-12     5443   94 5443     2     4      3 10252  3.9e-09        -
2486  1.0212e-08  2.6529e-12     5459   94 5459     2     4      3 10276  4.3e-09        -
2493  1.0231e-08  2.6529e-12     5473   94 5473     2     4      3 10297  4.9e-09        -
2500  1.0248e-08  1.6423e-12     5487   95 5487     2     4      3 10318  7.3e-09        -
2507   1.027e-08  3.2847e-12     5501   96 5501     2     4      3 10339  3.1e-08        -
2515  1.0296e-08  3.2847e-12     5517   96 5517     2     4      3 10363  1.1e-08        -
2524  1.0326e-08  3.2847e-12     5535   96 5535     2     4      3 10390  3.5e-09        -
2533  1.0355e-08  3.2847e-12     5553   96 5553     2     4      3 10417  6.5e-09        -
2542  1.0385e-08  3.2847e-12     5571   96 5571     2     4      3 10444  3.7e-09        -
2550  1.0411e-08  3.2847e-12     5587   96 5587     2     4      3 10468  4.3e-09        -
2558  1.0437e-08  3.2847e-12     5603   96 5603     2     4      3 10492  4.9e-09        -
2567  1.0467e-08  3.2847e-12     5621   96 5621     2     4      3 10519  7.3e-09        -
2575  1.0493e-08  3.2847e-12     5637   96 5637     2     4      3 10543  7.8e-09        -
2581  1.0511e-08  3.6478e-12     5649   98 5649     2     4      3 10561  3.6e-07        -
2590  1.0544e-08  3.6478e-12     5667   98 5667     2     4      3 10588  1.6e-08        -
2598  1.0573e-08  3.6478e-12     5683   98 5683     2     4      3 10612    1e-08        -
2607  1.0606e-08  3.6478e-12     5701   98 5701     2     4      3 10639  1.3e-08        -
2615  1.0635e-08  3.6478e-12     5717   98 5717     2     4      3 10663  1.1e-08        -
2623  1.0664e-08  3.6478e-12     5733   98 5733     2     4      3 10687    1e-08        -
2632  1.0697e-08  3.6478e-12     5751   98 5751     2     4      3 10714  5.2e-09        -
2641   1.073e-08  3.6478e-12     5769   98 5769     2     4      3 10741  9.6e-09        -
2647   1.075e-08  2.7984e-12 out 5785  100 5785     2     4      3 10767  6.9e-08        -
2656  1.0775e-08  2.7984e-12     5803  100 5803     2     4      3 10794  1.1e-08        -
2663  1.0795e-08  2.7984e-12     5817  100 5817     2     4      3 10815    1e-08        -
2672   1.082e-08  2.7984e-12     5835  100 5835     2     4      3 10842  4.4e-09        -
2681  1.0845e-08  2.7984e-12     5853  100 5853     2     4      3 10869    5e-09        -
2690   1.087e-08  2.7984e-12     5871  100 5871     2     4      3 10896  2.8e-09        -
2698  1.0893e-08  2.7984e-12     5887  100 5887     2     4      3 10920  2.5e-09        -
2704   1.091e-08  2.7984e-12     5899  100 5899     2     4      3 10938  2.3e-09        -
2710  1.0926e-08  2.7984e-12     5911  100 5911     2     4      3 10956  2.2e-09        -
2720  1.0954e-08  2.7984e-12     5931  100 5931     2     4      3 10986    2e-09        -
2729  1.0979e-08  2.7984e-12     5949  100 5949     2     4      3 11013    3e-09        -
2736  1.0998e-08  1.8716e-12     5967  101 5967     2     4      3 11042  1.3e-08        -
2743  1.1022e-08  3.7432e-12     5981  103 5981     2     4      3 11063  5.6e-07        -
2752  1.1056e-08  3.7432e-12     5999  103 5999     2     4      3 11090  6.1e-08        -
2762  1.1094e-08  3.7432e-12     6019  103 6019     2     4      3 11120  4.6e-08        -
2772  1.1131e-08  3.7432e-12     6039  103 6039     2     4      3 11150  3.9e-08        -
2782  1.1168e-08  3.7432e-12     6059  103 6059     2     4      3 11180  3.7e-08        -
2792  1.1206e-08  3.7432e-12     6079  103 6079     2     4      3 11210  3.7e-08        -
2802  1.1243e-08  3.7432e-12     6099  103 6099     2     4      3 11240    4e-08        -
2811  1.1273e-08  3.3456e-12     6117  103 6117     2     4      3 11276  8.9e-08        -
2820  1.1304e-08  3.3456e-12     6135  103 6135     2     4      3 11312  9.7e-08        -
2829  1.1334e-08  3.3456e-12     6153  103 6153     2     4      3 11348    1e-07        -
2838  1.1364e-08  3.3456e-12     6171  103 6171     2     4      3 11384  1.1e-07        -
2847  1.1394e-08  3.3456e-12     6189  103 6189     2     4      3 11420  1.1e-07        -
-          当前进度:  16 % - 正在组装残差
Memory: 915/1378 911/1584
2857  1.1427e-08  3.3456e-12     6209  103 6209     2     4      3 11460  1.1e-07        -
2866  1.1457e-08  3.3456e-12     6227  103 6227     2     4      3 11496  1.1e-07        -
2874  1.1484e-08  3.3456e-12     6243  103 6243     2     4      3 11528  1.1e-07        -
2878  1.1497e-08  2.8842e-12     6255  104 6255     2     4      3 11551  1.1e-07        -
2886   1.152e-08  2.8842e-12     6271  105 6271     2     4      3 11575    6e-08        -
2895  1.1546e-08  2.8842e-12     6289  105 6289     2     4      3 11602    3e-08        -
2904  1.1572e-08  2.8842e-12     6307  105 6307     2     4      3 11629  1.2e-08        -
2913  1.1598e-08  2.8842e-12     6325  105 6325     2     4      3 11656  1.6e-08        -
2922  1.1624e-08  2.8842e-12     6343  105 6343     2     4      3 11683  5.5e-09        -
2932  1.1653e-08  2.8842e-12     6363  105 6363     2     4      3 11713  3.6e-09        -
2942  1.1682e-08  2.8842e-12     6383  105 6383     2     4      3 11743  2.3e-09        -
2951  1.1708e-08  2.8842e-12     6401  105 6401     2     4      3 11770  8.2e-09        -
2961  1.1737e-08  2.8842e-12     6421  105 6421     2     4      3 11800  7.5e-09        -
2969  1.1765e-08  4.8418e-12     6437  106 6437     2     4      3 11826  3.9e-07        -
2979  1.1813e-08  4.8418e-12     6457  106 6457     2     4      3 11856  1.1e-07        -
2989  1.1861e-08  4.8418e-12     6477  106 6477     2     4      3 11886    7e-08        -
2999   1.191e-08  4.8418e-12     6497  106 6497     2     4      3 11916  5.3e-08        -
3008  1.1953e-08  4.8418e-12     6515  106 6515     2     4      3 11943  2.2e-08        -
3017  1.1996e-08  3.9562e-12     6534  106 6534     2     4      3 11973  2.3e-07        -
3024  1.2024e-08  3.9562e-12     6555  106 6555     2     4      3 12015  2.2e-07        -
3031  1.2051e-08  3.9562e-12     6576  106 6576     2     4      3 12057  2.2e-07        -
3038  1.2079e-08  3.9562e-12     6595  106 6595     2     4      3 12095  2.2e-07        -
3046  1.2111e-08  3.9562e-12     6615  106 6615     2     4      3 12135  2.2e-07        -
3054  1.2174e-08  7.9124e-12     6631  107 6631     2     4      3 12167  1.8e-08        -
3063  1.2244e-08  6.3136e-12     6653  108 6653     2     4      3 12214  2.3e-12        -
3071  1.2294e-08  6.3136e-12     6669  109 6669     2     4      3 12246    8e-09        -
3081  1.2357e-08  6.3136e-12     6689  109 6689     2     4      3 12286    2e-08        -
3091   1.242e-08  6.3136e-12     6709  109 6709     2     4      3 12326  3.1e-08        -
3101  1.2484e-08  6.3136e-12     6729  109 6729     2     4      3 12366  4.3e-08        -
3106   1.251e-08  5.0414e-12     6745  111 6745     2     4      3 12397  4.3e-07        -
3116   1.256e-08  5.0414e-12     6765  111 6765     2     4      3 12427  8.3e-08        -
3126  1.2611e-08  5.0414e-12     6785  111 6785     2     4      3 12457  4.9e-08        -
3136  1.2661e-08  5.0414e-12     6805  111 6805     2     4      3 12487  3.9e-08        -
3146  1.2712e-08  5.0414e-12     6825  111 6825     2     4      3 12517  3.6e-08        -
3155  1.2758e-08  8.0131e-12     6846  112 6846     2     4      3 12553  5.3e-12        -
3165  1.2838e-08  8.0131e-12     6866  112 6866     2     4      3 12593  3.5e-08        -
3175  1.2918e-08  8.0131e-12     6886  112 6886     2     4      3 12633  6.7e-08        -
3185  1.2995e-08  4.8038e-12     6906  113 6906     2     4      3 12672    3e-07        -
3195  1.3043e-08  4.8038e-12     6926  113 6926     2     4      3 12702  2.4e-08        -
3205  1.3091e-08  4.8038e-12     6946  113 6946     2     4      3 12732  1.5e-08        -
3215  1.3139e-08  4.8038e-12     6966  113 6966     2     4      3 12762  1.4e-08        -
3225  1.3187e-08  4.8038e-12     6986  113 6986     2     4      3 12792  1.5e-08        -
3236   1.324e-08  4.8038e-12     7008  113 7008     2     4      3 12825  1.6e-08        -
3243   1.327e-08  5.0077e-12     7022  115 7022     2     4      3 12846  1.7e-08        -
3253   1.332e-08  5.0077e-12     7042  115 7042     2     4      3 12876  5.8e-09        -
3263   1.337e-08  5.0077e-12     7062  115 7062     2     4      3 12906  6.8e-09        -
3273   1.342e-08  5.0077e-12     7082  115 7082     2     4      3 12936  7.2e-09        -
3284  1.3475e-08  5.0077e-12     7104  115 7104     2     4      3 12969  6.1e-09        -
-          当前进度:  17 % - 正在组装残差
3292  1.3514e-08  4.8156e-12     7120  115 7120     2     4      3 12998  7.9e-10        -
3302  1.3563e-08  4.8156e-12     7140  115 7140     2     4      3 13038  2.7e-11        -
3312  1.3611e-08  4.8156e-12     7160  115 7160     2     4      3 13076  3.2e-10        -
3322  1.3659e-08  4.8156e-12     7180  115 7180     2     4      3 13116  1.7e-09        -
3332  1.3707e-08  4.8156e-12     7200  115 7200     2     4      3 13156    4e-09        -
3342  1.3755e-08  4.6108e-12     7221  115 7221     2     4      3 13197  1.7e-08        -
3352  1.3801e-08  4.6108e-12     7241  115 7241     2     4      3 13237  2.6e-08        -
3362  1.3847e-08  4.6108e-12     7261  115 7261     2     4      3 13277  3.6e-08        -
3372  1.3893e-08  4.6108e-12     7281  115 7281     2     4      3 13317  4.8e-08        -
3382  1.3939e-08  4.6108e-12     7301  115 7301     2     4      3 13357  6.1e-08        -
3392  1.3985e-08  4.6108e-12     7321  115 7321     2     4      3 13397  7.4e-08        -
3399  1.4017e-08  5.6271e-12     7335  117 7335     2     4      3 13421  2.4e-07        -
3409  1.4073e-08  5.6271e-12     7355  117 7355     2     4      3 13451  3.7e-08        -
3419  1.4129e-08  5.6271e-12     7375  117 7375     2     4      3 13481  4.2e-08        -
3429  1.4186e-08  5.6271e-12     7395  117 7395     2     4      3 13511  6.7e-08        -
3439  1.4242e-08  5.6271e-12     7415  117 7415     2     4      3 13546  1.1e-07        -
3444  1.4262e-08  4.0165e-12     7429  119 7429     2     4      3 13574  2.4e-07        -
3453  1.4298e-08  4.0165e-12     7447  119 7447     2     4      3 13601  4.3e-08        -
3463  1.4338e-08  4.0165e-12     7467  119 7467     2     4      3 13631  2.3e-08        -
3473  1.4379e-08  4.0165e-12     7487  119 7487     2     4      3 13661  2.1e-08        -
3482  1.4415e-08  4.0165e-12     7505  119 7505     2     4      3 13688  2.6e-08        -
3491  1.4451e-08  4.0165e-12     7523  119 7523     2     4      3 13715  3.5e-08        -
3501  1.4491e-08  4.0165e-12     7543  119 7543     2     4      3 13745  4.5e-08        -
3507  1.4515e-08  4.9942e-12     7555  121 7555     2     4      3 13766  4.3e-09        -
3516   1.456e-08  4.9942e-12     7573  121 7573     2     4      3 13802  2.4e-08        -
3526   1.461e-08  4.9942e-12     7593  121 7593     2     4      3 13842  4.7e-08        -
3535  1.4655e-08  4.9942e-12     7611  121 7611     2     4      3 13878  6.7e-08        -
3545  1.4705e-08  4.9942e-12     7631  121 7631     2     4      3 13918    9e-08        -
3554  1.4747e-08  2.6433e-12     7649  122 7649     2     4      3 13953  3.7e-07        -
3562  1.4787e-08  5.2866e-12     7665  123 7665     2     4      3 13984  1.5e-08        -
3572   1.484e-08  5.2866e-12     7685  123 7685     2     4      3 14024  3.8e-08        -
3582  1.4893e-08  5.2866e-12     7705  123 7705     2     4      3 14064    6e-08        -
3592  1.4946e-08  5.2866e-12     7725  123 7725     2     4      3 14104  7.9e-08        -
3602  1.4997e-08  3.4083e-12     7745  124 7745     2     4      3 14144  9.6e-13        -
3612  1.5031e-08  3.4083e-12     7765  124 7765     2     4      3 14184  2.4e-09        -
3622  1.5065e-08  3.4083e-12     7785  124 7785     2     4      3 14224  4.4e-09        -
3632  1.5099e-08  3.4083e-12     7805  124 7805     2     4      3 14264    6e-09        -
3642  1.5133e-08  3.4083e-12     7825  124 7825     2     4      3 14304  7.3e-09        -
3652  1.5167e-08  3.4083e-12     7845  124 7845     2     4      3 14344  8.2e-09        -
3662  1.5201e-08  3.4083e-12     7865  124 7865     2     4      3 14384  8.7e-09        -
3671  1.5232e-08  3.4083e-12     7883  124 7883     2     4      3 14420  8.8e-09        -
3677   1.525e-08  2.3014e-12 out 7899  126 7899     2     4      3 14454  2.4e-08        -
3685  1.5287e-08  4.6028e-12     7915  127 7915     2     4      3 14486  8.1e-10        -
3695  1.5333e-08  4.6028e-12     7935  127 7935     2     4      3 14526  3.2e-09        -
3705  1.5379e-08  4.6028e-12     7955  127 7955     2     4      3 14566  7.1e-09        -
3715  1.5425e-08  4.6028e-12     7975  127 7975     2     4      3 14606  1.2e-08        -
3725  1.5471e-08  4.6028e-12     7995  127 7995     2     4      3 14646  1.8e-08        -
3733  1.5506e-08  6.0533e-12     8011  129 8011     2     4      3 14676  1.1e-11        -
3741  1.5554e-08  6.0533e-12     8027  129 8027     2     4      3 14708  1.9e-08        -
-          当前进度:  19 % - 正在组装残差
3749  1.5603e-08  6.0533e-12     8043  129 8043     2     4      3 14740    4e-08        -
3758  1.5657e-08  6.0533e-12     8061  129 8061     2     4      3 14776  6.4e-08        -
3766  1.5706e-08  6.0533e-12     8077  129 8077     2     4      3 14808  8.6e-08        -
3773  1.5746e-08  3.9333e-12     8091  130 8091     2     4      3 14835  9.4e-07        -
3782  1.5781e-08  3.9333e-12     8109  130 8109     2     4      3 14864  1.8e-07        -
3789  1.5809e-08  3.9333e-12     8123  130 8123     2     4      3 14885  9.3e-08        -
3798  1.5844e-08  3.9333e-12     8141  130 8141     2     4      3 14912  6.2e-08        -
3808  1.5884e-08  3.9333e-12     8161  130 8161     2     4      3 14942  4.8e-08        -
3816  1.5915e-08  3.9333e-12     8177  130 8177     2     4      3 14966  4.4e-08        -
3825  1.5951e-08  3.9333e-12     8195  130 8195     2     4      3 14993  4.2e-08        -
3833  1.5982e-08  3.9333e-12     8211  130 8211     2     4      3 15017  4.1e-08        -
3838     1.6e-08  3.0679e-12 out 8225  132 8225     2     4      3 15040  2.6e-07        -
3842  1.6025e-08  6.1358e-12     8233  133 8233     2     4      3 15056  8.6e-09        -
3849  1.6067e-08  6.1358e-12     8247  133 8247     2     4      3 15084  2.7e-08        -
3856   1.611e-08  6.1358e-12     8261  133 8261     2     4      3 15112  4.3e-08        -
3864   1.616e-08  6.1358e-12     8277  133 8277     2     4      3 15144  5.9e-08        -
3873  1.6215e-08  6.1358e-12     8295  133 8295     2     4      3 15180  7.2e-08        -
3881  1.6261e-08  5.3519e-12     8315  133 8315     2     4      3 15224  1.8e-07        -
3888  1.6298e-08  5.3519e-12     8336  133 8336     2     4      3 15272  1.6e-07        -
3894   1.633e-08  5.3519e-12     8357  133 8357     2     4      3 15314  1.5e-07        -
3900  1.6362e-08  5.3519e-12     8378  133 8378     2     4      3 15356  1.4e-07        -
3903  1.6378e-08  5.3519e-12     8389  133 8389     2     4      3 15378  4.4e-08        -
3907    1.64e-08  5.3519e-12     8403  133 8403     2     4      3 15406  4.1e-08        -
3912  1.6427e-08  5.3519e-12     8419  133 8419     2     4      3 15438  1.1e-07        -
3916  1.6448e-08  5.3519e-12     8430  133 8430     2     4      3 15460    1e-07        -
3922   1.648e-08  5.3519e-12     8445  133 8445     2     4      3 15490  8.6e-08        -
3927  1.6505e-08  4.5824e-12     8460  135 8460     2     4      3 15518  1.9e-07        -
3934  1.6537e-08  4.5824e-12     8474  135 8474     2     4      3 15539  3.8e-09        -
3942  1.6573e-08  4.5824e-12     8490  135 8490     2     4      3 15563  3.2e-09        -
3949  1.6605e-08  4.5824e-12     8504  135 8504     2     4      3 15584  6.3e-09        -
3955  1.6633e-08  4.5824e-12     8516  135 8516     2     4      3 15602  5.3e-09        -
3962  1.6665e-08  4.5824e-12     8530  135 8530     2     4      3 15623  3.8e-09        -
3967  1.6688e-08  4.5824e-12     8540  135 8540     2     4      3 15638    4e-09        -
3975  1.6725e-08  4.5824e-12     8556  135 8556     2     4      3 15662    3e-09        -
3982  1.6754e-08   3.566e-12     8573  135 8573     2     4      3 15692    3e-09        -
3988  1.6775e-08   3.566e-12     8591  135 8591     2     4      3 15723  5.4e-10        -
3993  1.6793e-08   3.566e-12     8607  135 8607     2     4      3 15749  5.2e-09        -
3998  1.6811e-08   3.566e-12     8624  135 8624     2     4      3 15779  4.2e-10        -
4003  1.6828e-08   3.566e-12     8642  135 8642     2     4      3 15815  5.6e-09        -
4007  1.6843e-08   3.566e-12     8658  136 8658     2     4      3 15846  1.1e-09        -
4013  1.6864e-08   3.566e-12     8670  137 8670     2     4      3 15864  6.9e-11        -
4019  1.6886e-08   3.566e-12     8682  137 8682     2     4      3 15882  1.9e-10        -
4025  1.6907e-08   3.566e-12     8694  137 8694     2     4      3 15900  3.9e-10        -
4031  1.6928e-08   3.566e-12     8706  137 8706     2     4      3 15918  6.4e-10        -
4037   1.695e-08   3.566e-12     8718  137 8718     2     4      3 15936  9.5e-10        -
4043  1.6971e-08   3.566e-12     8730  137 8730     2     4      3 15954  1.3e-09        -
--         当前进度:  20 % - 
4048  1.6989e-08   3.566e-12     8740  137 8740     2     4      3 15969  1.7e-09        -
4053  1.7004e-08  3.9494e-12     8750  139 8750     2     4      3 15984  2.2e-08        -
4059  1.7028e-08  3.9494e-12     8762  139 8762     2     4      3 16002  2.1e-09        -
4064  1.7047e-08  3.9494e-12     8772  139 8772     2     4      3 16017  8.1e-10        -
4072  1.7079e-08  3.9494e-12     8788  139 8788     2     4      3 16041  1.5e-09        -
4080  1.7111e-08  3.9494e-12     8804  139 8804     2     4      3 16065  2.4e-09        -
4087  1.7138e-08  3.9494e-12     8818  139 8818     2     4      3 16086  3.3e-09        -
4095   1.717e-08  3.9494e-12     8834  139 8834     2     4      3 16110  4.2e-09        -
4103  1.7201e-08  3.9494e-12     8850  139 8850     2     4      3 16134  5.3e-09        -
4111  1.7233e-08  3.9494e-12     8866  139 8866     2     4      3 16158  6.5e-09        -
4117  1.7255e-08  5.1345e-12     8878  141 8878     2     4      3 16176  2.1e-07        -
4125  1.7296e-08  5.1345e-12     8894  141 8894     2     4      3 16200  3.3e-08        -
4133  1.7337e-08  5.1345e-12     8910  141 8910     2     4      3 16224  1.9e-08        -
4141  1.7378e-08  5.1345e-12     8926  141 8926     2     4      3 16248  1.7e-08        -
4149  1.7419e-08  5.1345e-12     8942  141 8942     2     4      3 16272  1.7e-08        -
4157  1.7461e-08  5.1345e-12     8958  141 8958     2     4      3 16296  1.9e-08        -
4164  1.7496e-08    4.34e-12     8974  141 8974     2     4      3 16322  3.7e-08        -
4170  1.7522e-08    4.34e-12     8990  141 8990     2     4      3 16354  1.4e-07        -
4175  1.7543e-08    4.34e-12     9005  141 9005     2     4      3 16384    1e-07        -
4180  1.7565e-08    4.34e-12     9018  141 9018     2     4      3 16410  1.7e-07        -
4185  1.7587e-08    4.34e-12     9031  141 9031     2     4      3 16436  1.1e-07        -
4191  1.7613e-08    4.34e-12     9047  141 9047     2     4      3 16468  1.1e-07        -
4198  1.7643e-08    4.34e-12     9064  141 9064     2     4      3 16502  2.3e-07        -
4205  1.7674e-08    4.34e-12     9082  141 9082     2     4      3 16538  1.2e-07        -
4213  1.7708e-08    4.34e-12     9102  141 9102     2     4      3 16578  1.2e-07        -
4220  1.7739e-08    4.34e-12     9119  141 9119     2     4      3 16612  2.9e-07        -
4224  1.7753e-08  3.4804e-12     9132  143 9132     2     4      3 16637  1.1e-07        -
4233  1.7785e-08  3.4804e-12     9150  143 9150     2     4      3 16664  2.5e-08        -
4242  1.7816e-08  3.4804e-12     9168  143 9168     2     4      3 16691  1.4e-08        -
4251  1.7847e-08  3.4804e-12     9186  143 9186     2     4      3 16718  9.2e-09        -
4260  1.7879e-08  3.4804e-12     9204  143 9204     2     4      3 16745  6.2e-09        -
4267  1.7903e-08  3.4804e-12     9218  143 9218     2     4      3 16766  5.1e-09        -
4275  1.7931e-08  3.4804e-12     9234  143 9234     2     4      3 16790  3.8e-09        -
4285  1.7966e-08  3.4804e-12     9254  143 9254     2     4      3 16820  2.8e-09        -
4293  1.7994e-08  3.4804e-12     9270  143 9270     2     4      3 16844  2.3e-09        -
4302  1.8022e-08  3.1873e-12     9288  143 9288     2     4      3 16880  4.7e-08        -
4311  1.8051e-08  3.1873e-12     9306  143 9306     2     4      3 16916  4.7e-08        -
4320   1.808e-08  3.1873e-12     9324  143 9324     2     4      3 16952  4.8e-08        -
4328  1.8105e-08  3.1873e-12     9340  143 9340     2     4      3 16984  4.8e-08        -
4333  1.8121e-08  3.1873e-12     9350  143 9350     2     4      3 17004  4.8e-08        -
4337  1.8134e-08  3.1873e-12     9360  143 9360     2     4      3 17024  4.9e-08        -
4344  1.8156e-08  3.1873e-12     9377  143 9377     2     4      3 17058  4.9e-08        -
4351  1.8178e-08  3.1873e-12     9391  143 9391     2     4      3 17086    5e-08        -
4360  1.8207e-08  3.1873e-12     9409  143 9409     2     4      3 17122    5e-08        -
4367  1.8229e-08  3.1873e-12     9423  143 9423     2     4      3 17150    5e-08        -
4375  1.8252e-08  2.2883e-12     9439  144 9439     2     4      3 17179  3.2e-08        -
4385  1.8275e-08  2.2883e-12     9459  144 9459     2     4      3 17209  8.9e-09        -
4395  1.8298e-08  2.2883e-12     9479  144 9479     2     4      3 17239    5e-09        -
--         当前进度:  21 % - 
Memory: 855/1378 851/1584
4403  1.8316e-08  2.2883e-12     9495  144 9495     2     4      3 17263  3.7e-09        -
4412  1.8337e-08  2.2883e-12     9513  144 9513     2     4      3 17290  2.6e-09        -
4422   1.836e-08  2.2883e-12     9533  144 9533     2     4      3 17320    2e-09        -
4431   1.838e-08  2.2883e-12     9551  144 9551     2     4      3 17347  1.6e-09        -
4437  1.8394e-08  2.2883e-12     9563  144 9563     2     4      3 17365  1.4e-09        -
4444   1.841e-08  2.2883e-12     9577  144 9577     2     4      3 17386  1.1e-09        -
4449  1.8422e-08  2.2883e-12     9587  144 9587     2     4      3 17401    1e-09        -
4455  1.8435e-08  2.2883e-12     9599  144 9599     2     4      3 17419  8.8e-10        -
4463  1.8454e-08  2.2883e-12     9615  144 9615     2     4      3 17443  7.1e-10        -
4471  1.8472e-08  2.2883e-12     9631  144 9631     2     4      3 17467  5.5e-10        -
4479   1.849e-08  2.2883e-12     9647  144 9647     2     4      3 17491  4.2e-10        -
4486  1.8506e-08  2.8666e-12     9661  146 9661     2     4      3 17512  7.5e-08        -
4494  1.8529e-08  2.8666e-12     9677  146 9677     2     4      3 17536  2.3e-08        -
4504  1.8557e-08  2.8666e-12     9697  146 9697     2     4      3 17566  1.1e-08        -
4514  1.8586e-08  2.8666e-12     9717  146 9717     2     4      3 17596  6.9e-09        -
4524  1.8615e-08  2.8666e-12     9737  146 9737     2     4      3 17626  4.6e-09        -
4534  1.8643e-08  2.8666e-12     9757  146 9757     2     4      3 17656  3.1e-09        -
4544  1.8672e-08  2.8666e-12     9777  146 9777     2     4      3 17686    2e-09        -
4554  1.8701e-08  2.8666e-12     9797  146 9797     2     4      3 17716  1.1e-09        -
4564  1.8729e-08  2.8666e-12     9817  146 9817     2     4      3 17746    3e-10        -
4572   1.875e-08  1.7363e-12 out 9833  147 9833     2     4      3 17770  3.7e-10        -
4580  1.8778e-08  3.4726e-12     9849  148 9849     2     4      3 17794  1.9e-08        -
4590  1.8813e-08  3.4726e-12     9869  148 9869     2     4      3 17824  3.8e-08        -
4600  1.8847e-08  3.4726e-12     9889  148 9889     2     4      3 17854  3.4e-08        -
4610  1.8882e-08  3.4726e-12     9909  148 9909     2     4      3 17884  2.7e-08        -
4620  1.8917e-08  3.4726e-12     9929  148 9929     2     4      3 17914  2.2e-08        -
4628  1.8944e-08  3.4726e-12     9945  148 9945     2     4      3 17938  1.9e-08        -
4637  1.8976e-08  3.4726e-12     9963  148 9963     2     4      3 17965  1.5e-08        -
4647   1.901e-08  3.4585e-12     9983  148 9983     2     4      3 18000  2.1e-09        -
4657  1.9045e-08  3.4585e-12     10003  148 10003     2     4      3 18040  2.1e-09        -
4667   1.908e-08  3.4585e-12     10023  148 10023     2     4      3 18080  2.1e-09        -
4676  1.9111e-08  3.4585e-12     10041  148 10041     2     4      3 18116  2.1e-09        -
4684  1.9138e-08  3.4585e-12     10057  148 10057     2     4      3 18148  2.1e-09        -
4692  1.9166e-08  3.4585e-12     10073  148 10073     2     4      3 18179  9.9e-07        -
4700  1.9194e-08  3.4585e-12     10089  148 10089     2     4      3 18207  9.4e-07        -
4709  1.9225e-08  3.4585e-12     10107  148 10107     2     4      3 18239    2e-09        -
4717   1.925e-08   2.224e-12 out 10123  149 10123     2     4      3 18266    4e-08        -
4726   1.927e-08   2.224e-12     10141  149 10141     2     4      3 18293  1.2e-08        -
4734  1.9288e-08   2.224e-12     10157  149 10157     2     4      3 18317  7.2e-09        -
4743  1.9308e-08   2.224e-12     10175  149 10175     2     4      3 18344    5e-09        -
4752  1.9328e-08   2.224e-12     10193  149 10193     2     4      3 18371    4e-09        -
4761  1.9348e-08   2.224e-12     10211  149 10211     2     4      3 18398  3.3e-09        -
4770  1.9368e-08   2.224e-12     10229  149 10229     2     4      3 18425  2.9e-09        -
4778  1.9386e-08   2.224e-12     10245  149 10245     2     4      3 18449  2.6e-09        -
4787  1.9406e-08   2.224e-12     10263  149 10263     2     4      3 18476  2.4e-09        -
4796  1.9426e-08   2.224e-12     10281  149 10281     2     4      3 18503  2.2e-09        -
4805  1.9446e-08   2.224e-12     10299  149 10299     2     4      3 18530  2.1e-09        -
4814  1.9466e-08   2.224e-12     10317  149 10317     2     4      3 18557    2e-09        -
4823  1.9486e-08   2.224e-12     10335  149 10335     2     4      3 18584  1.9e-09        -
--         当前进度:  22 % - 正在组装残差
4829  1.9498e-08  1.5687e-12     10351  150 10351     2     4      3 18610  1.8e-08        -
4835  1.9516e-08  3.1374e-12     10363  152 10363     2     4      3 18628  5.7e-08        -
4844  1.9544e-08  3.1374e-12     10381  152 10381     2     4      3 18655  2.4e-08        -
4853  1.9572e-08  3.1374e-12     10399  152 10399     2     4      3 18682  1.5e-08        -
4862    1.96e-08  3.1374e-12     10417  152 10417     2     4      3 18709  1.2e-08        -
4871  1.9629e-08  3.1374e-12     10435  152 10435     2     4      3 18736  9.3e-09        -
4880  1.9657e-08  3.1374e-12     10453  152 10453     2     4      3 18763  7.9e-09        -
4890  1.9688e-08  3.1374e-12     10473  152 10473     2     4      3 18793  6.9e-09        -
4899  1.9716e-08  3.1374e-12     10491  152 10491     2     4      3 18820  6.4e-09        -
4909  1.9747e-08  2.6395e-12     10511  152 10511     2     4      3 18851  5.9e-08        -
4916  1.9766e-08  2.6395e-12     10531  152 10531     2     4      3 18891  2.5e-08        -
4924  1.9787e-08  2.6395e-12     10551  152 10551     2     4      3 18931  2.4e-08        -
4932  1.9808e-08  2.6395e-12     10571  152 10571     2     4      3 18971  2.4e-08        -
4939  1.9832e-08   5.279e-12     10587  153 10587     2     4      3 19001  4.1e-07        -
4948  1.9879e-08   5.279e-12     10605  153 10605     2     4      3 19028  8.9e-08        -
4958  1.9932e-08   5.279e-12     10625  153 10625     2     4      3 19058  4.6e-08        -
4967   1.998e-08   5.279e-12     10643  153 10643     2     4      3 19085  4.2e-08        -
4976  2.0025e-08  4.9023e-12     10661  153 10661     2     4      3 19119    8e-08        -
4986  2.0074e-08  4.9023e-12     10681  153 10681     2     4      3 19159  7.5e-08        -
4995  2.0118e-08  4.9023e-12     10699  153 10699     2     4      3 19195  7.9e-08        -
5004  2.0162e-08  4.9023e-12     10717  153 10717     2     4      3 19231  6.6e-08        -
5013  2.0206e-08  4.9023e-12     10735  153 10735     2     4      3 19267  6.8e-08        -
5023  2.0255e-08  4.8943e-12     10755  153 10755     2     4      3 19307  6.3e-08        -
5033  2.0304e-08  4.8943e-12     10775  153 10775     2     4      3 19347  5.6e-08        -
5042  2.0348e-08  4.8943e-12     10793  153 10793     2     4      3 19383  4.5e-08        -
5052  2.0397e-08  4.8943e-12     10813  153 10813     2     4      3 19423  3.9e-08        -
5061  2.0441e-08  4.8943e-12     10831  153 10831     2     4      3 19459  3.7e-08        -
5070  2.0485e-08  4.8943e-12     10849  153 10849     2     4      3 19495  2.8e-08        -
5078  2.0511e-08  2.6426e-12     10865  154 10865     2     4      3 19521  1.8e-09        -
5088  2.0537e-08  2.6426e-12     10885  154 10885     2     4      3 19551  5.8e-10        -
5098  2.0563e-08  2.6426e-12     10905  154 10905     2     4      3 19581  3.5e-10        -
5108   2.059e-08  2.6426e-12     10925  154 10925     2     4      3 19611    3e-10        -
5118  2.0616e-08  2.6426e-12     10945  154 10945     2     4      3 19641  3.1e-10        -
5127   2.064e-08  2.6426e-12     10963  154 10963     2     4      3 19668  3.4e-10        -
5137  2.0666e-08  2.6426e-12     10983  154 10983     2     4      3 19698  3.4e-10        -
5145  2.0688e-08  2.6426e-12     10999  154 10999     2     4      3 19722  3.3e-10        -
5154  2.0711e-08  2.6426e-12     11017  154 11017     2     4      3 19749  3.1e-10        -
5163  2.0735e-08  2.6426e-12     11035  154 11035     2     4      3 19776  2.9e-10        -
5171  2.0758e-08  4.2418e-12     11051  155 11051     2     4      3 19802  9.9e-10        -
5180  2.0797e-08  4.2418e-12     11069  155 11069     2     4      3 19829    1e-10        -
5189  2.0835e-08  4.2418e-12     11087  155 11087     2     4      3 19856  4.7e-11        -
5199  2.0877e-08  4.2418e-12     11107  155 11107     2     4      3 19886  1.8e-10        -
5209   2.092e-08  4.2418e-12     11127  155 11127     2     4      3 19916  5.9e-10        -
5219  2.0962e-08  4.2418e-12     11147  155 11147     2     4      3 19946  1.2e-09        -
5227  2.0996e-08   4.109e-12     11163  155 11163     2     4      3 19971  1.4e-09        -
5236  2.1033e-08   4.109e-12     11181  155 11181     2     4      3 20007  1.9e-09        -
5245   2.107e-08   4.109e-12     11199  155 11199     2     4      3 20043    3e-09        -
5253  2.1103e-08   4.109e-12     11215  155 11215     2     4      3 20075  3.8e-09        -
5262   2.114e-08   4.109e-12     11233  155 11233     2     4      3 20111  4.4e-09        -
--         当前进度:  23 % - 
5269  2.1168e-08   4.109e-12     11247  155 11247     2     4      3 20139  5.7e-09        -
5277  2.1201e-08   4.109e-12     11263  155 11263     2     4      3 20171  6.7e-09        -
5286  2.1238e-08   4.109e-12     11281  155 11281     2     4      3 20207  7.3e-09        -
5295  2.1273e-08  3.7857e-12     11299  155 11299     2     4      3 20243  3.7e-08        -
5304  2.1307e-08  3.7857e-12     11317  155 11317     2     4      3 20279    4e-08        -
5313  2.1341e-08  3.7857e-12     11335  155 11335     2     4      3 20315  4.6e-08        -
5321  2.1371e-08  3.7857e-12     11351  155 11351     2     4      3 20347    5e-08        -
5330  2.1405e-08  3.7857e-12     11369  155 11369     2     4      3 20383  5.3e-08        -
5339  2.1439e-08  3.7857e-12     11387  155 11387     2     4      3 20419  5.8e-08        -
5348  2.1473e-08  3.7857e-12     11405  155 11405     2     4      3 20455  6.2e-08        -
5356    2.15e-08  1.9649e-12 out 11421  156 11421     2     4      3 20485  3.8e-08        -
5363  2.1528e-08  3.9298e-12     11435  157 11435     2     4      3 20507    9e-08        -
5372  2.1563e-08  3.9298e-12     11453  157 11453     2     4      3 20534    3e-08        -
5381  2.1598e-08  3.9298e-12     11471  157 11471     2     4      3 20561  1.9e-08        -
5389   2.163e-08  3.9298e-12     11487  157 11487     2     4      3 20585  1.4e-08        -
5398  2.1665e-08  3.9298e-12     11505  157 11505     2     4      3 20612  1.1e-08        -
5406  2.1696e-08  3.9298e-12     11521  157 11521     2     4      3 20636  9.1e-09        -
5414  2.1728e-08  3.9298e-12     11537  157 11537     2     4      3 20660  7.8e-09        -
5421  2.1753e-08  3.1773e-12     11554  157 11554     2     4      3 20690    1e-07        -
5427  2.1772e-08  3.1773e-12     11572  157 11572     2     4      3 20726  1.1e-07        -
5433  2.1791e-08  3.1773e-12     11590  157 11590     2     4      3 20762  1.1e-07        -
5439   2.181e-08  3.1773e-12     11608  157 11608     2     4      3 20798  1.1e-07        -
5445  2.1829e-08  3.1773e-12     11626  157 11626     2     4      3 20834  1.1e-07        -
5449  2.1842e-08  3.1773e-12     11638  157 11638     2     4      3 20858  1.1e-07        -
5455  2.1861e-08  3.1773e-12     11656  157 11656     2     4      3 20894  1.1e-07        -
5461   2.188e-08  3.1773e-12     11674  157 11674     2     4      3 20930  1.1e-07        -
5466  2.1896e-08  3.1773e-12     11689  157 11689     2     4      3 20960  1.2e-07        -
5472  2.1915e-08  3.1773e-12     11707  157 11707     2     4      3 20996  1.2e-07        -
5478  2.1934e-08  3.1773e-12     11725  157 11725     2     4      3 21032  1.2e-07        -
5484  2.1953e-08  3.1773e-12     11743  157 11743     2     4      3 21068  1.2e-07        -
5490  2.1972e-08  3.1773e-12     11761  157 11761     2     4      3 21104  1.2e-07        -
5496  2.1991e-08  3.1773e-12     11779  157 11779     2     4      3 21140  1.2e-07        -
5499     2.2e-08  2.6739e-12 out 11790  159 11790     2     4      3 21160  1.2e-07        -
5507  2.2021e-08  2.6739e-12     11806  159 11806     2     4      3 21184  9.7e-08        -
5515  2.2043e-08  2.6739e-12     11822  159 11822     2     4      3 21208  3.5e-08        -
5524  2.2067e-08  2.6739e-12     11840  159 11840     2     4      3 21235  1.4e-08        -
5533  2.2091e-08  2.6739e-12     11858  159 11858     2     4      3 21262  1.5e-08        -
5541  2.2112e-08  2.6739e-12     11874  159 11874     2     4      3 21286  1.2e-08        -
5549  2.2134e-08  2.6739e-12     11890  159 11890     2     4      3 21310  9.5e-09        -
5557  2.2155e-08  2.6739e-12     11906  159 11906     2     4      3 21334    8e-09        -
5565  2.2176e-08  2.6739e-12     11922  159 11922     2     4      3 21358  6.8e-09        -
5573  2.2198e-08  2.6739e-12     11938  159 11938     2     4      3 21382  5.9e-09        -
5580  2.2217e-08  2.6739e-12     11952  159 11952     2     4      3 21403  1.5e-09        -
5589  2.2241e-08  2.6739e-12     11970  159 11970     2     4      3 21430  4.4e-09        -
5593   2.225e-08  2.0006e-12 out 11982  161 11982     2     4      3 21450  5.9e-08        -
5600  2.2278e-08  4.0012e-12     11996  162 11996     2     4      3 21474    3e-07        -
5609  2.2314e-08  4.0012e-12     12014  162 12014     2     4      3 21501  2.1e-07        -
5617  2.2346e-08  4.0012e-12     12030  162 12030     2     4      3 21525  1.2e-07        -
--         当前进度:  24 % - 正在组装残差
5624  2.2374e-08  4.0012e-12     12044  162 12044     2     4      3 21546  2.6e-08        -
5631  2.2402e-08  4.0012e-12     12058  162 12058     2     4      3 21567  6.4e-08        -
5639  2.2434e-08  4.0012e-12     12074  162 12074     2     4      3 21591  4.9e-08        -
5646  2.2462e-08  4.0012e-12     12088  162 12088     2     4      3 21612  1.3e-09        -
5654  2.2494e-08  4.0012e-12     12104  162 12104     2     4      3 21636  4.1e-09        -
5658  2.2506e-08  2.9634e-12     12116  164 12116     2     4      3 21656  9.8e-08        -
5666   2.253e-08  2.9634e-12     12132  164 12132     2     4      3 21680  6.7e-08        -
5675  2.2556e-08  2.9634e-12     12150  164 12150     2     4      3 21707  2.3e-07        -
5681  2.2574e-08  2.9634e-12     12162  164 12162     2     4      3 21725  1.5e-07        -
5689  2.2598e-08  2.9634e-12     12178  164 12178     2     4      3 21749    1e-07        -
5698  2.2624e-08  2.9634e-12     12196  164 12196     2     4      3 21776  6.6e-08        -
5705  2.2645e-08  2.9634e-12     12210  164 12210     2     4      3 21797  7.2e-08        -
5713  2.2669e-08  2.9634e-12     12226  164 12226     2     4      3 21821  6.9e-08        -
5721  2.2693e-08  2.9634e-12     12242  164 12242     2     4      3 21845  2.3e-08        -
5729  2.2716e-08  2.9634e-12     12258  164 12258     2     4      3 21869  9.4e-09        -
5737   2.274e-08  2.9634e-12     12274  164 12274     2     4      3 21893  1.1e-08        -
5741   2.275e-08  2.0175e-12 out 12286  166 12286     2     4      3 21913  1.1e-08        -
5748  2.2778e-08  4.0349e-12     12300  167 12300     2     4      3 21936    4e-11        -
5757  2.2815e-08  4.0349e-12     12318  167 12318     2     4      3 21963  1.1e-07        -
5766  2.2851e-08  4.0349e-12     12336  167 12336     2     4      3 21990  1.5e-07        -
5775  2.2887e-08  4.0349e-12     12354  167 12354     2     4      3 22017  5.5e-08        -
5784  2.2924e-08  4.0349e-12     12372  167 12372     2     4      3 22044  7.5e-08        -
5793   2.296e-08  4.0349e-12     12390  167 12390     2     4      3 22071  3.9e-08        -
5802  2.2996e-08  3.9521e-12     12408  167 12408     2     4      3 22099  2.1e-08        -
5811  2.3032e-08  3.9521e-12     12426  167 12426     2     4      3 22135    2e-08        -
5820  2.3067e-08  3.9521e-12     12444  167 12444     2     4      3 22171    2e-08        -
5829  2.3103e-08  3.9521e-12     12462  167 12462     2     4      3 22207  1.9e-08        -
5838  2.3138e-08  3.9521e-12     12480  167 12480     2     4      3 22243  1.9e-08        -
5845  2.3166e-08  3.9521e-12     12494  167 12494     2     4      3 22271  1.8e-08        -
5854  2.3202e-08  3.9521e-12     12512  167 12512     2     4      3 22307  1.8e-08        -
5862  2.3233e-08  3.9521e-12     12528  167 12528     2     4      3 22339  1.7e-08        -
5868  2.3255e-08  4.9673e-12     12540  169 12540     2     4      3 22360    6e-07        -
5877    2.33e-08  4.9673e-12     12558  169 12558     2     4      3 22390    3e-07        -
5884  2.3334e-08  4.9673e-12     12572  169 12572     2     4      3 22411  1.4e-07        -
5892  2.3374e-08  4.9673e-12     12588  169 12588     2     4      3 22435    8e-08        -
5901  2.3419e-08  4.9673e-12     12606  169 12606     2     4      3 22462  5.6e-08        -
5910  2.3464e-08  4.9673e-12     12624  169 12624     2     4      3 22489  3.9e-08        -
5917  2.3497e-08  3.3003e-12     12638  170 12638     2     4      3 22510  1.2e-07        -
5925  2.3523e-08  3.3003e-12     12654  170 12654     2     4      3 22534  6.1e-08        -
5934  2.3553e-08  3.3003e-12     12672  170 12672     2     4      3 22561  1.8e-08        -
5943  2.3583e-08  3.3003e-12     12690  170 12690     2     4      3 22588  1.3e-08        -
5952  2.3612e-08  3.3003e-12     12708  170 12708     2     4      3 22615    7e-09        -
5961  2.3642e-08  3.3003e-12     12726  170 12726     2     4      3 22642  6.8e-09        -
5970  2.3672e-08  3.3003e-12     12744  170 12744     2     4      3 22669  4.2e-09        -
5979  2.3701e-08  3.3003e-12     12762  170 12762     2     4      3 22696  4.6e-09        -
5988  2.3731e-08  3.3003e-12     12780  170 12780     2     4      3 22723  3.2e-09        -
5997  2.3759e-08  2.8906e-12     12800  170 12800     2     4      3 22759  9.6e-09        -
--         当前进度:  25 % - 正在组装残差
6004  2.3779e-08  2.8906e-12     12819  170 12819     2     4      3 22797  2.6e-08        -
6010  2.3796e-08  2.8906e-12     12837  170 12837     2     4      3 22833  2.6e-08        -
6017  2.3816e-08  2.8906e-12     12857  170 12857     2     4      3 22873  8.1e-09        -
6025   2.384e-08  2.8906e-12     12877  170 12877     2     4      3 22913  7.5e-09        -
6033  2.3863e-08  2.8906e-12     12897  170 12897     2     4      3 22953  6.9e-09        -
6041  2.3886e-08  2.8906e-12     12915  170 12915     2     4      3 22989  1.5e-08        -
6050  2.3912e-08  2.8906e-12     12933  170 12933     2     4      3 23025    2e-08        -
6060  2.3941e-08  2.8906e-12     12953  170 12953     2     4      3 23065  1.7e-08        -
6069  2.3967e-08  2.8906e-12     12971  170 12971     2     4      3 23101  1.2e-08        -
6078  2.3993e-08  2.8906e-12     12989  170 12989     2     4      3 23137  1.2e-08        -
6084  2.4013e-08   4.295e-12     13001  172 13001     2     4      3 23156  8.7e-08        -
6093  2.4052e-08   4.295e-12     13019  172 13019     2     4      3 23183    3e-09        -
6103  2.4094e-08   4.295e-12     13039  172 13039     2     4      3 23213  1.1e-09        -
6113  2.4137e-08   4.295e-12     13059  172 13059     2     4      3 23243  7.5e-10        -
6123   2.418e-08   4.295e-12     13079  172 13079     2     4      3 23273  6.4e-10        -
6133  2.4223e-08   4.295e-12     13099  172 13099     2     4      3 23303    5e-10        -
6141  2.4255e-08  5.1876e-12     13115  174 13115     2     4      3 23327  1.6e-09        -
6151  2.4307e-08  5.1876e-12     13135  174 13135     2     4      3 23357  9.5e-12        -
6161  2.4359e-08  5.1876e-12     13155  174 13155     2     4      3 23387  2.8e-10        -
6171  2.4411e-08  5.1876e-12     13175  174 13175     2     4      3 23417  7.8e-10        -
6181  2.4463e-08  5.1876e-12     13195  174 13195     2     4      3 23447  1.5e-09        -
6188  2.4497e-08   3.091e-12     13209  175 13209     2     4      3 23468  5.6e-09        -
6197  2.4525e-08   3.091e-12     13227  175 13227     2     4      3 23495  6.2e-10        -
6207  2.4556e-08   3.091e-12     13247  175 13247     2     4      3 23525  4.4e-10        -
6213  2.4574e-08   3.091e-12     13259  175 13259     2     4      3 23543  4.2e-10        -
6223  2.4605e-08   3.091e-12     13279  175 13279     2     4      3 23573  4.3e-10        -
6233  2.4636e-08   3.091e-12     13299  175 13299     2     4      3 23603  4.8e-10        -
6243  2.4667e-08   3.091e-12     13319  175 13319     2     4      3 23633  5.5e-10        -
6253  2.4698e-08   3.091e-12     13339  175 13339     2     4      3 23663  6.3e-10        -
6263  2.4729e-08   3.091e-12     13359  175 13359     2     4      3 23693  7.3e-10        -
6273  2.4759e-08  2.9067e-12     13379  175 13379     2     4      3 23728    5e-09        -
6283  2.4788e-08  2.9067e-12     13399  175 13399     2     4      3 23768  5.4e-09        -
6293  2.4817e-08  2.9067e-12     13419  175 13419     2     4      3 23808  5.9e-09        -
6303  2.4846e-08  2.9067e-12     13439  175 13439     2     4      3 23848  6.3e-09        -
6313  2.4875e-08  2.9067e-12     13459  175 13459     2     4      3 23888  6.7e-09        -
6323  2.4904e-08  2.9067e-12     13479  175 13479     2     4      3 23928  7.2e-09        -
6333  2.4933e-08  2.9067e-12     13499  175 13499     2     4      3 23968  7.6e-09        -
6343  2.4962e-08  2.9067e-12     13519  175 13519     2     4      3 24008    8e-09        -
6352  2.4988e-08  2.9067e-12     13537  175 13537     2     4      3 24044  8.6e-09        -
6358  2.5003e-08  2.9316e-12     13549  177 13549     2     4      3 24065  4.1e-08        -
6367  2.5029e-08  2.9316e-12     13567  177 13567     2     4      3 24092    1e-08        -
6377  2.5059e-08  2.9316e-12     13587  177 13587     2     4      3 24122    6e-09        -
6387  2.5088e-08  2.9316e-12     13607  177 13607     2     4      3 24152  4.4e-09        -
6396  2.5114e-08  2.9316e-12     13625  177 13625     2     4      3 24179  3.7e-09        -
6406  2.5144e-08  2.9316e-12     13645  177 13645     2     4      3 24209    3e-09        -
6416  2.5173e-08  2.9316e-12     13665  177 13665     2     4      3 24239  2.5e-09        -
6424  2.5196e-08  2.9316e-12     13681  177 13681     2     4      3 24263  2.2e-09        -
6431  2.5217e-08  2.9316e-12     13695  177 13695     2     4      3 24284    2e-09        -
6441  2.5246e-08  2.9316e-12     13715  177 13715     2     4      3 24314  1.7e-09        -
6448  2.5269e-08  3.7485e-12     13729  179 13729     2     4      3 24335    6e-08        -
--         当前进度:  26 % - 
6456  2.5299e-08  3.7485e-12     13745  179 13745     2     4      3 24359    3e-08        -
6466  2.5336e-08  3.7485e-12     13765  179 13765     2     4      3 24389  1.9e-08        -
6476  2.5374e-08  3.7485e-12     13785  179 13785     2     4      3 24419  1.3e-08        -
6486  2.5411e-08  3.7485e-12     13805  179 13805     2     4      3 24449    1e-08        -
6496  2.5449e-08  3.7485e-12     13825  179 13825     2     4      3 24479  8.3e-09        -
6506  2.5486e-08  3.7485e-12     13845  179 13845     2     4      3 24509  6.8e-09        -
6514  2.5513e-08  3.1733e-12     13861  179 13861     2     4      3 24539  6.8e-08        -
6524  2.5544e-08  3.1733e-12     13881  179 13881     2     4      3 24579  6.9e-08        -
6534  2.5576e-08  3.1733e-12     13901  179 13901     2     4      3 24619    7e-08        -
6544  2.5608e-08  3.1733e-12     13921  179 13921     2     4      3 24659  7.1e-08        -
6554   2.564e-08  3.1733e-12     13941  179 13941     2     4      3 24699  7.2e-08        -
6564  2.5671e-08  3.1733e-12     13961  179 13961     2     4      3 24739  7.2e-08        -
6574  2.5703e-08  3.1733e-12     13981  179 13981     2     4      3 24779  7.3e-08        -
6584  2.5735e-08  3.1733e-12     14001  179 14001     2     4      3 24819  7.4e-08        -
6590  2.5756e-08   5.656e-12     14017  182 14017     2     4      3 24848  5.9e-07        -
6599  2.5807e-08   5.656e-12     14035  182 14035     2     4      3 24875  1.9e-07        -
6609  2.5863e-08   5.656e-12     14055  182 14055     2     4      3 24905    1e-07        -
6619   2.592e-08   5.656e-12     14075  182 14075     2     4      3 24935  6.6e-08        -
6629  2.5976e-08   5.656e-12     14095  182 14095     2     4      3 24965  4.4e-08        -
6638  2.6014e-08  3.3957e-12     14113  183 14113     2     4      3 24992  6.7e-08        -
6649  2.6051e-08  3.3957e-12     14135  183 14135     2     4      3 25025  2.5e-08        -
6660  2.6088e-08  3.3957e-12     14157  183 14157     2     4      3 25058  1.8e-08        -
6671  2.6126e-08  3.3957e-12     14179  183 14179     2     4      3 25091  7.9e-09        -
6682  2.6163e-08  3.3957e-12     14201  183 14201     2     4      3 25124  7.9e-09        -
6693    2.62e-08  3.3957e-12     14223  183 14223     2     4      3 25157  6.7e-10        -
6704  2.6238e-08  3.3957e-12     14245  183 14245     2     4      3 25190  1.8e-09        -
6711  2.6267e-08  5.5119e-12     14261  184 14261     2     4      3 25217  2.2e-07        -
6718  2.6305e-08  5.5119e-12     14275  184 14275     2     4      3 25238  1.8e-07        -
6729  2.6366e-08  5.5119e-12     14297  184 14297     2     4      3 25271  1.7e-07        -
6740  2.6426e-08  5.5119e-12     14319  184 14319     2     4      3 25304  1.2e-07        -
6751  2.6487e-08  5.5119e-12     14341  184 14341     2     4      3 25337    1e-07        -
6757  2.6511e-08  3.7375e-12     14357  186 14357     2     4      3 25363  1.1e-07        -
6768  2.6552e-08  3.7375e-12     14379  186 14379     2     4      3 25396  4.6e-08        -
6779  2.6593e-08  3.7375e-12     14401  186 14401     2     4      3 25429  3.2e-08        -
6788  2.6627e-08  3.7375e-12     14419  186 14419     2     4      3 25456  2.4e-08        -
6798  2.6664e-08  3.7375e-12     14439  186 14439     2     4      3 25486    2e-08        -
6809  2.6706e-08  3.7375e-12     14461  186 14461     2     4      3 25519  1.7e-08        -
6817  2.6735e-08  3.7375e-12     14477  186 14477     2     4      3 25543  1.6e-08        -
6826  2.6768e-08  3.5325e-12     14495  186 14495     2     4      3 25577    2e-08        -
6837  2.6807e-08  3.5325e-12     14517  186 14517     2     4      3 25621  1.9e-08        -
6845  2.6835e-08  3.5325e-12     14533  186 14533     2     4      3 25653  1.9e-08        -
6855   2.687e-08  3.5325e-12     14553  186 14553     2     4      3 25693  1.9e-08        -
6866  2.6909e-08  3.5325e-12     14575  186 14575     2     4      3 25737  1.8e-08        -
6876  2.6944e-08  3.5325e-12     14595  186 14595     2     4      3 25777  1.8e-08        -
6886   2.698e-08  3.5325e-12     14615  186 14615     2     4      3 25817  1.8e-08        -
6897  2.7016e-08  3.1302e-12     14637  186 14637     2     4      3 25861  6.2e-08        -
6908   2.705e-08  3.1302e-12     14659  186 14659     2     4      3 25905    6e-08        -
6919  2.7085e-08  3.1302e-12     14681  186 14681     2     4      3 25949  5.9e-08        -
6930  2.7119e-08  3.1302e-12     14703  186 14703     2     4      3 25993  5.7e-08        -
--         当前进度:  28 % - 
Memory: 834/1378 830/1584
6938  2.7144e-08  3.1302e-12     14719  186 14719     2     4      3 26025  5.6e-08        -
6948  2.7175e-08  3.1302e-12     14739  186 14739     2     4      3 26065  5.5e-08        -
6956    2.72e-08  3.1302e-12     14755  186 14755     2     4      3 26097  5.4e-08        -
6963  2.7222e-08  3.1302e-12     14769  186 14769     2     4      3 26125  5.3e-08        -
6971  2.7247e-08  2.9217e-12     14787  186 14787     2     4      3 26161  3.3e-08        -
6978  2.7285e-08  5.8434e-12     14803  187 14803     2     4      3 26187  1.9e-07        -
6984   2.732e-08  5.8434e-12     14815  187 14815     2     4      3 26205  1.1e-07        -
6993  2.7373e-08  5.8434e-12     14833  187 14833     2     4      3 26232  6.4e-08        -
7002  2.7425e-08  5.8434e-12     14851  187 14851     2     4      3 26259  4.3e-08        -
7010  2.7472e-08  5.8434e-12     14867  187 14867     2     4      3 26283  3.2e-08        -
7014  2.7495e-08  5.2112e-12     14875  187 14875     2     4      3 26296  9.1e-08        -
7017   2.751e-08  5.2112e-12     14881  187 14881     2     4      3 26308  8.7e-08        -
7020  2.7526e-08  5.2112e-12     14887  187 14887     2     4      3 26320  8.6e-08        -
7026  2.7557e-08  5.2112e-12     14899  187 14899     2     4      3 26344  8.1e-08        -
7033  2.7594e-08  5.2112e-12     14913  187 14913     2     4      3 26372  7.5e-08        -
7038   2.762e-08  5.2112e-12     14923  187 14923     2     4      3 26392  7.2e-08        -
7043  2.7646e-08  5.2112e-12     14933  187 14933     2     4      3 26412  6.7e-08        -
7048  2.7672e-08  5.2112e-12     14943  187 14943     2     4      3 26432  6.4e-08        -
7053  2.7698e-08  5.2112e-12     14953  187 14953     2     4      3 26452    6e-08        -
7058  2.7724e-08  5.2112e-12     14963  187 14963     2     4      3 26472  5.6e-08        -
7064  2.7755e-08  5.1429e-12     14975  187 14975     2     4      3 26496  5.8e-08        -
7069  2.7781e-08  5.1429e-12     14985  187 14985     2     4      3 26516  5.3e-08        -
7076  2.7817e-08  5.1429e-12     14999  187 14999     2     4      3 26544  4.7e-08        -
7082  2.7848e-08  5.1429e-12     15011  187 15011     2     4      3 26568  4.2e-08        -
7086  2.7868e-08  5.1429e-12     15019  187 15019     2     4      3 26584  3.9e-08        -
7090  2.7889e-08  5.1429e-12     15027  187 15027     2     4      3 26600  3.5e-08        -
7097  2.7925e-08  5.1429e-12     15041  187 15041     2     4      3 26628  2.9e-08        -
7101  2.7945e-08  5.1429e-12     15049  187 15049     2     4      3 26644  2.6e-08        -
7106  2.7971e-08  5.1429e-12     15059  187 15059     2     4      3 26664  2.2e-08        -
7110  2.7992e-08  5.1429e-12     15067  187 15067     2     4      3 26680  1.9e-08        -
7111  2.7996e-08  4.1416e-12     15073  188 15073     2     4      3 26691  1.1e-08        -
7114  2.8008e-08  4.1416e-12     15079  189 15079     2     4      3 26700  4.7e-09        -
7118  2.8025e-08  4.1416e-12     15087  189 15087     2     4      3 26712  1.8e-09        -
7123  2.8046e-08  4.1416e-12     15097  189 15097     2     4      3 26727  7.6e-10        -
7128  2.8066e-08  4.1416e-12     15107  189 15107     2     4      3 26742  4.4e-10        -
7133  2.8087e-08  4.1416e-12     15117  189 15117     2     4      3 26757  2.4e-10        -
7139  2.8112e-08  4.1416e-12     15129  189 15129     2     4      3 26775  1.6e-10        -
7145  2.8137e-08  4.1416e-12     15141  189 15141     2     4      3 26793  1.3e-10        -
7150  2.8157e-08  4.1416e-12     15151  189 15151     2     4      3 26808  1.1e-10        -
7157  2.8186e-08  4.1416e-12     15165  189 15165     2     4      3 26829  7.8e-11        -
7164  2.8215e-08  4.1416e-12     15179  189 15179     2     4      3 26850  2.9e-11        -
7169  2.8236e-08  4.1416e-12     15189  189 15189     2     4      3 26865  1.6e-11        -
7172  2.8247e-08  2.8238e-12     15199  190 15199     2     4      3 26882  2.3e-11        -
7176  2.8267e-08  5.6476e-12     15207  192 15207     2     4      3 26894    1e-10        -
7182  2.8301e-08  5.6476e-12     15219  192 15219     2     4      3 26912  1.9e-10        -
7188  2.8335e-08  5.6476e-12     15231  192 15231     2     4      3 26930  3.7e-10        -
7193  2.8363e-08  5.6476e-12     15241  192 15241     2     4      3 26945  5.4e-10        -
--         当前进度:  29 % - 
7198  2.8391e-08  5.6476e-12     15251  192 15251     2     4      3 26960    8e-10        -
7204  2.8425e-08  5.6476e-12     15263  192 15263     2     4      3 26978  1.1e-09        -
7211  2.8465e-08  5.6476e-12     15277  192 15277     2     4      3 26999  1.5e-09        -
7216  2.8493e-08  5.6476e-12     15287  192 15287     2     4      3 27014  1.9e-09        -
7220  2.8507e-08  3.5769e-12     15295  193 15295     2     4      3 27027  2.5e-08        -
7226  2.8529e-08  3.5769e-12     15307  193 15307     2     4      3 27045    4e-09        -
7231  2.8546e-08  3.5769e-12     15317  193 15317     2     4      3 27060  2.4e-09        -
7237  2.8568e-08  3.5769e-12     15329  193 15329     2     4      3 27078  1.9e-09        -
7243  2.8589e-08  3.5769e-12     15341  193 15341     2     4      3 27096  1.7e-09        -
7250  2.8614e-08  3.5769e-12     15355  193 15355     2     4      3 27117  1.7e-09        -
7255  2.8632e-08  3.5769e-12     15365  193 15365     2     4      3 27132  1.5e-09        -
7261  2.8654e-08  3.5769e-12     15377  193 15377     2     4      3 27150  1.5e-09        -
7267  2.8675e-08  3.5769e-12     15389  193 15389     2     4      3 27168  1.4e-09        -
7272  2.8693e-08  3.5769e-12     15399  193 15399     2     4      3 27183  1.6e-09        -
7278  2.8715e-08  3.5769e-12     15411  193 15411     2     4      3 27201  1.5e-09        -
7285   2.874e-08  3.5769e-12     15425  193 15425     2     4      3 27222  1.4e-09        -
7291   2.876e-08  3.3865e-12     15437  193 15437     2     4      3 27245  6.1e-09        -
7298  2.8784e-08  3.3865e-12     15451  193 15451     2     4      3 27273  6.7e-09        -
7305  2.8808e-08  3.3865e-12     15465  193 15465     2     4      3 27301  6.9e-09        -
7312  2.8831e-08  3.3865e-12     15479  193 15479     2     4      3 27329  7.4e-09        -
7319  2.8855e-08  3.3865e-12     15493  193 15493     2     4      3 27357  7.7e-09        -
7327  2.8882e-08  3.3865e-12     15509  193 15509     2     4      3 27389  8.1e-09        -
7335  2.8909e-08  3.3865e-12     15525  193 15525     2     4      3 27421  8.5e-09        -
7342  2.8933e-08  3.3865e-12     15539  193 15539     2     4      3 27449    9e-09        -
7350   2.896e-08  3.3865e-12     15555  193 15555     2     4      3 27481  9.4e-09        -
7357  2.8984e-08  3.3865e-12     15569  193 15569     2     4      3 27509  9.6e-09        -
7364  2.9006e-08  3.0848e-12     15583  193 15583     2     4      3 27537  3.1e-08        -
7371  2.9028e-08  3.0848e-12     15597  193 15597     2     4      3 27565  3.2e-08        -
7376  2.9043e-08  3.0848e-12     15607  193 15607     2     4      3 27585  3.2e-08        -
7382  2.9062e-08  3.0848e-12     15619  193 15619     2     4      3 27609  3.3e-08        -
7388   2.908e-08  3.0848e-12     15631  193 15631     2     4      3 27633  3.4e-08        -
7395  2.9102e-08  3.0848e-12     15645  193 15645     2     4      3 27661  3.4e-08        -
7402  2.9123e-08  3.0848e-12     15659  193 15659     2     4      3 27689  3.5e-08        -
7407  2.9139e-08  3.0848e-12     15669  193 15669     2     4      3 27709  3.6e-08        -
7412  2.9154e-08  3.0848e-12     15679  193 15679     2     4      3 27729  3.6e-08        -
7417   2.917e-08  3.0848e-12     15689  193 15689     2     4      3 27749  3.7e-08        -
7421  2.9182e-08  3.0848e-12     15697  193 15697     2     4      3 27765  3.7e-08        -
7426  2.9197e-08  3.0848e-12     15707  193 15707     2     4      3 27785  3.8e-08        -
7433  2.9219e-08  3.0848e-12     15721  193 15721     2     4      3 27813  3.9e-08        -
7438  2.9234e-08  3.0848e-12     15731  193 15731     2     4      3 27833  3.9e-08        -
7444   2.925e-08  1.6092e-12 out 15743  194 15743     2     4      3 27855  1.1e-08        -
7450  2.9269e-08  3.2183e-12     15755  195 15755     2     4      3 27873  4.4e-07        -
7458  2.9295e-08  3.2183e-12     15771  195 15771     2     4      3 27898  6.8e-08        -
7465  2.9318e-08  3.2183e-12     15785  195 15785     2     4      3 27919  3.5e-08        -
7472   2.934e-08  3.2183e-12     15799  195 15799     2     4      3 27940  2.3e-08        -
7480  2.9366e-08  3.2183e-12     15815  195 15815     2     4      3 27964  1.7e-08        -
7488  2.9392e-08  3.2183e-12     15831  195 15831     2     4      3 27988  1.4e-08        -
7496  2.9417e-08  3.2183e-12     15847  195 15847     2     4      3 28012  1.1e-08        -
7504  2.9443e-08  3.2183e-12     15863  195 15863     2     4      3 28036  9.4e-09        -
---        当前进度:  30 % - 正在组装残差
7510  2.9462e-08  3.2183e-12     15875  195 15875     2     4      3 28054  8.4e-09        -
7518  2.9488e-08  3.2183e-12     15891  195 15891     2     4      3 28078  7.3e-09        -
7525  2.9516e-08  5.4086e-12     15905  196 15905     2     4      3 28101  6.5e-07        -
7533  2.9559e-08  5.4086e-12     15921  196 15921     2     4      3 28131  9.7e-07        -
7540  2.9597e-08  5.4086e-12     15935  196 15935     2     4      3 28152    3e-07        -
7548  2.9641e-08  5.4086e-12     15951  196 15951     2     4      3 28176  1.6e-07        -
7556  2.9684e-08  5.4086e-12     15967  196 15967     2     4      3 28200  1.1e-07        -
7563  2.9722e-08  5.4086e-12     15981  196 15981     2     4      3 28221  8.4e-08        -
7569   2.975e-08  3.3064e-12 out 15993  197 15993     2     4      3 28239  1.4e-07        -
7574  2.9767e-08  3.3064e-12     16003  197 16003     2     4      3 28254  5.2e-07        -
7581   2.979e-08  3.3064e-12     16017  197 16017     2     4      3 28275  1.4e-07        -
7589  2.9816e-08  3.3064e-12     16033  197 16033     2     4      3 28299  5.8e-08        -
7596  2.9839e-08  3.3064e-12     16047  197 16047     2     4      3 28320  3.5e-08        -
7603  2.9862e-08  3.3064e-12     16061  197 16061     2     4      3 28341  2.6e-08        -
7611  2.9889e-08  3.3064e-12     16077  197 16077     2     4      3 28365  1.8e-08        -
7620  2.9919e-08  3.3064e-12     16095  197 16095     2     4      3 28392  1.2e-08        -
7628  2.9945e-08  3.3064e-12     16111  197 16111     2     4      3 28416  8.7e-09        -
7637  2.9975e-08  3.3064e-12     16129  197 16129     2     4      3 28443  6.4e-09        -
7645       3e-08  2.6649e-12 out 16147  197 16147     2     4      3 28473  3.7e-08        -
7652  3.0037e-08  5.3298e-12     16161  198 16161     2     4      3 28494  2.2e-07        -
7660   3.008e-08  5.3298e-12     16177  198 16177     2     4      3 28518  1.5e-07        -
7669  3.0128e-08  5.3298e-12     16195  198 16195     2     4      3 28545  5.6e-07        -
7676  3.0165e-08  5.3298e-12     16209  198 16209     2     4      3 28566    9e-07        -
7683  3.0203e-08  5.3298e-12     16223  198 16223     2     4      3 28587  5.9e-07        -
7692   3.025e-08  5.0798e-12 out 16241  198 16241     2     4      3 28616  5.1e-08        -
7700  3.0291e-08  5.0798e-12     16257  198 16257     2     4      3 28648    5e-08        -
7709  3.0336e-08  5.0798e-12     16275  198 16275     2     4      3 28684  4.9e-08        -
7718  3.0382e-08  5.0798e-12     16293  198 16293     2     4      3 28720  4.8e-08        -
7723  3.0407e-08  5.0798e-12     16303  198 16303     2     4      3 28740  4.8e-08        -
7728  3.0433e-08  5.0798e-12     16313  198 16313     2     4      3 28760  4.7e-08        -
7735  3.0468e-08  5.0798e-12     16327  198 16327     2     4      3 28788  4.6e-08        -
7740  3.0494e-08  5.0798e-12     16337  198 16337     2     4      3 28808  4.6e-08        -
7745  3.0509e-08  3.0841e-12     16347  199 16347     2     4      3 28823  1.7e-07        -
7752  3.0531e-08  3.0841e-12     16361  199 16361     2     4      3 28844  1.6e-07        -
7759  3.0552e-08  3.0841e-12     16375  199 16375     2     4      3 28865  5.9e-08        -
7767  3.0577e-08  3.0841e-12     16391  199 16391     2     4      3 28889  3.3e-08        -
7775  3.0602e-08  3.0841e-12     16407  199 16407     2     4      3 28913  2.3e-08        -
7782  3.0623e-08  3.0841e-12     16421  199 16421     2     4      3 28934  1.8e-08        -
7789  3.0645e-08  3.0841e-12     16435  199 16435     2     4      3 28955  1.5e-08        -
7797   3.067e-08  3.0841e-12     16451  199 16451     2     4      3 28979  1.2e-08        -
7805  3.0694e-08  3.0841e-12     16467  199 16467     2     4      3 29003    1e-08        -
7812  3.0716e-08  3.0841e-12     16481  199 16481     2     4      3 29024  8.9e-09        -
7820  3.0741e-08  3.0841e-12     16497  199 16497     2     4      3 29048  7.8e-09        -
7825  3.0753e-08  3.2688e-12     16507  201 16507     2     4      3 29063  7.4e-08        -
7832  3.0776e-08  3.2688e-12     16521  201 16521     2     4      3 29085  2.5e-11        -
7839  3.0799e-08  3.2688e-12     16535  201 16535     2     4      3 29106  7.1e-08        -
7843  3.0812e-08  3.2688e-12     16543  201 16543     2     4      3 29118  4.4e-08        -
7847  3.0825e-08  3.2688e-12     16551  201 16551     2     4      3 29130  3.2e-08        -
7852  3.0842e-08  3.2688e-12     16561  201 16561     2     4      3 29145  2.3e-08        -
---        当前进度:  31 % - 
Memory: 834/1378 831/1584
7857  3.0858e-08  3.2688e-12     16571  201 16571     2     4      3 29160  1.8e-08        -
7864  3.0881e-08  3.2688e-12     16585  201 16585     2     4      3 29181  1.4e-08        -
7871  3.0904e-08  3.2688e-12     16599  201 16599     2     4      3 29202  1.1e-08        -
7875  3.0917e-08  3.2688e-12     16607  201 16607     2     4      3 29214  9.8e-09        -
7879   3.093e-08  3.2688e-12     16615  201 16615     2     4      3 29226  8.8e-09        -
7884  3.0946e-08  3.2688e-12     16625  201 16625     2     4      3 29241  7.8e-09        -
7888  3.0959e-08  3.2688e-12     16633  201 16633     2     4      3 29253  7.1e-09        -
7894  3.0979e-08  3.2688e-12     16645  201 16645     2     4      3 29271  6.2e-09        -
7898  3.0992e-08  3.2688e-12     16653  201 16653     2     4      3 29283  5.7e-09        -
7900  3.0998e-08  2.4197e-12     16661  202 16661     2     4      3 29297    2e-08        -
7902  3.1005e-08  4.8395e-12     16665  204 16665     2     4      3 29303  1.6e-07        -
7908  3.1034e-08  4.8395e-12     16677  204 16677     2     4      3 29322  1.3e-10        -
7914  3.1063e-08  4.8395e-12     16689  204 16689     2     4      3 29341  1.5e-07        -
7918  3.1082e-08  4.8395e-12     16697  204 16697     2     4      3 29353  8.3e-08        -
7922  3.1102e-08  4.8395e-12     16705  204 16705     2     4      3 29365  5.6e-08        -
7928  3.1131e-08  4.8395e-12     16717  204 16717     2     4      3 29383  3.6e-08        -
7933  3.1155e-08  4.8395e-12     16727  204 16727     2     4      3 29398  2.7e-08        -
7939  3.1184e-08  4.8395e-12     16739  204 16739     2     4      3 29416    2e-08        -
7946  3.1218e-08  4.8395e-12     16753  204 16753     2     4      3 29437  1.4e-08        -
7952  3.1246e-08  4.0136e-12     16766  204 16766     2     4      3 29458  3.2e-08        -
7956  3.1262e-08  4.0136e-12     16778  204 16778     2     4      3 29482  3.1e-08        -
7960  3.1278e-08  4.0136e-12     16790  204 16790     2     4      3 29506    3e-08        -
7964  3.1294e-08  4.0136e-12     16802  204 16802     2     4      3 29530  2.9e-08        -
7969  3.1314e-08  4.0136e-12     16817  204 16817     2     4      3 29560  2.8e-08        -
7974  3.1334e-08  4.0136e-12     16832  204 16832     2     4      3 29590  2.6e-08        -
7978   3.135e-08  4.0136e-12     16844  204 16844     2     4      3 29614  2.5e-08        -
7983   3.137e-08  4.0136e-12     16859  204 16859     2     4      3 29644  2.4e-08        -
7987  3.1386e-08  4.0136e-12     16871  204 16871     2     4      3 29668  2.3e-08        -
7991  3.1403e-08  4.0136e-12     16883  204 16883     2     4      3 29692  2.2e-08        -
7994  3.1415e-08  4.0136e-12     16892  204 16892     2     4      3 29710  2.2e-08        -
7998  3.1431e-08  4.0136e-12     16904  204 16904     2     4      3 29734  2.1e-08        -
8002  3.1447e-08  4.0136e-12     16916  204 16916     2     4      3 29758    2e-08        -
8006  3.1463e-08  4.0136e-12     16928  204 16928     2     4      3 29782  1.9e-08        -
8008  3.1471e-08  4.0136e-12     16934  204 16934     2     4      3 29794  1.8e-08        -
8012  3.1487e-08  4.0136e-12     16946  204 16946     2     4      3 29818  1.7e-08        -
8015  3.1497e-08  2.5853e-12     16954  205 16954     2     4      3 29833  4.7e-09        -
8018   3.151e-08  5.1706e-12     16960  206 16960     2     4      3 29842  4.8e-08        -
8024  3.1541e-08  5.1706e-12     16972  206 16972     2     4      3 29861  1.8e-08        -
8030  3.1572e-08  5.1706e-12     16984  206 16984     2     4      3 29879  5.2e-09        -
8035  3.1598e-08  5.1706e-12     16994  206 16994     2     4      3 29894  2.9e-09        -
8041  3.1629e-08  5.1706e-12     17006  206 17006     2     4      3 29912  1.4e-09        -
8047   3.166e-08  5.1706e-12     17018  206 17018     2     4      3 29930  7.6e-10        -
8050  3.1676e-08  5.1706e-12     17024  206 17024     2     4      3 29939  5.2e-10        -
8055  3.1702e-08  5.1706e-12     17034  206 17034     2     4      3 29954  3.8e-10        -
8060  3.1728e-08  5.1706e-12     17044  206 17044     2     4      3 29969  2.7e-10        -
---        当前进度:  31 % - 正在组装残差
Memory: 835/1378 831/1584
8064  3.1747e-08  3.4901e-12     17056  207 17056     2     4      3 29989  6.6e-10        -
8067  3.1757e-08  3.4901e-12     17062  208 17062     2     4      3 29998    4e-10        -
8071  3.1771e-08  3.4901e-12     17070  208 17070     2     4      3 30010  4.7e-11        -
8076  3.1788e-08  3.4901e-12     17080  208 17080     2     4      3 30025  9.1e-12        -
8080  3.1802e-08  3.4901e-12     17088  208 17088     2     4      3 30037  5.2e-12        -
8084  3.1816e-08  3.4901e-12     17096  208 17096     2     4      3 30049  3.1e-12        -
8088   3.183e-08  3.4901e-12     17104  208 17104     2     4      3 30059  2.3e-08        -
8092  3.1844e-08  3.4901e-12     17112  208 17112     2     4      3 30071  4.5e-12        -
8095  3.1855e-08  3.4901e-12     17118  208 17118     2     4      3 30080  8.8e-12        -
8099  3.1869e-08  3.4901e-12     17126  208 17126     2     4      3 30092  1.6e-11        -
8102  3.1879e-08  3.4901e-12     17132  208 17132     2     4      3 30101  2.1e-11        -
8105   3.189e-08  3.4901e-12     17138  208 17138     2     4      3 30110  2.8e-11        -
8109  3.1904e-08  3.4901e-12     17146  208 17146     2     4      3 30122  3.8e-11        -
8114  3.1921e-08  3.4901e-12     17156  208 17156     2     4      3 30137  5.1e-11        -
8117  3.1931e-08  3.4901e-12     17162  208 17162     2     4      3 30146  6.2e-11        -
8121  3.1945e-08  3.4901e-12     17170  208 17170     2     4      3 30158  7.6e-11        -
8125  3.1959e-08  3.4901e-12     17178  208 17178     2     4      3 30170  9.1e-11        -
8129  3.1973e-08  3.4901e-12     17186  208 17186     2     4      3 30182  1.1e-10        -
8134  3.1991e-08  3.4901e-12     17196  208 17196     2     4      3 30197  1.2e-10        -
8136  3.1997e-08  2.8465e-12     17204  209 17204     2     4      3 30211  1.3e-09        -
8139  3.2006e-08  2.8465e-12     17210  210 17210     2     4      3 30220  8.3e-10        -
8143  3.2017e-08  2.8465e-12     17218  210 17218     2     4      3 30232  4.9e-10        -
8149  3.2034e-08  2.8465e-12     17230  210 17230     2     4      3 30250  3.6e-10        -
8155  3.2051e-08  2.8465e-12     17242  210 17242     2     4      3 30268  3.1e-10        -
8159  3.2063e-08  2.8465e-12     17250  210 17250     2     4      3 30280    3e-10        -
8164  3.2077e-08  2.8465e-12     17260  210 17260     2     4      3 30295  2.2e-10        -
8169  3.2091e-08  2.8465e-12     17270  210 17270     2     4      3 30310  2.9e-10        -
8173  3.2111e-08  5.6931e-12     17278  211 17278     2     4      3 30322  1.9e-08        -
8179  3.2145e-08  5.6931e-12     17290  211 17290     2     4      3 30340  1.1e-08        -
8185  3.2179e-08  5.6931e-12     17302  211 17302     2     4      3 30358  9.6e-09        -
8189  3.2202e-08  5.6931e-12     17310  211 17310     2     4      3 30370  9.2e-09        -
8195  3.2236e-08  5.6931e-12     17322  211 17322     2     4      3 30388  8.9e-09        -
8198   3.225e-08   4.022e-12 out 17332  213 17332     2     4      3 30405  2.1e-08        -
8205  3.2278e-08   4.022e-12     17346  213 17346     2     4      3 30426    1e-08        -
8212  3.2306e-08   4.022e-12     17360  213 17360     2     4      3 30447  6.5e-09        -
8219  3.2334e-08   4.022e-12     17374  213 17374     2     4      3 30468  6.2e-09        -
8226  3.2363e-08   4.022e-12     17388  213 17388     2     4      3 30489  4.8e-09        -
8233  3.2391e-08   4.022e-12     17402  213 17402     2     4      3 30510  5.1e-09        -
8240  3.2419e-08   4.022e-12     17416  213 17416     2     4      3 30531  4.2e-09        -
8245  3.2439e-08   4.022e-12     17426  213 17426     2     4      3 30546  4.6e-09        -
8252  3.2467e-08   4.022e-12     17440  213 17440     2     4      3 30567  3.9e-09        -
8259  3.2495e-08   4.022e-12     17454  213 17454     2     4      3 30588  4.2e-09        -
8262  3.2505e-08    4.66e-12     17460  215 17460     2     4      3 30597  7.3e-08        -
8268  3.2533e-08    4.66e-12     17472  215 17472     2     4      3 30615    4e-08        -
8274  3.2561e-08    4.66e-12     17484  215 17484     2     4      3 30633  2.9e-08        -
8281  3.2593e-08    4.66e-12     17498  215 17498     2     4      3 30654  2.5e-08        -
8288  3.2626e-08    4.66e-12     17512  215 17512     2     4      3 30675  1.9e-08        -
---        当前进度:  32 % - 
8293  3.2649e-08    4.66e-12     17522  215 17522     2     4      3 30690  1.9e-08        -
8299  3.2677e-08    4.66e-12     17534  215 17534     2     4      3 30708  1.7e-08        -
8305  3.2705e-08    4.66e-12     17546  215 17546     2     4      3 30726  1.5e-08        -
8312  3.2738e-08    4.66e-12     17560  215 17560     2     4      3 30747  1.3e-08        -
8317  3.2758e-08  3.8388e-12     17574  215 17574     2     4      3 30774  3.4e-08        -
8321  3.2773e-08  3.8388e-12     17586  215 17586     2     4      3 30798  3.4e-08        -
8325  3.2788e-08  3.8388e-12     17598  215 17598     2     4      3 30822  3.5e-08        -
8329  3.2804e-08  3.8388e-12     17610  215 17610     2     4      3 30846  3.5e-08        -
8334  3.2823e-08  3.8388e-12     17625  215 17625     2     4      3 30876  3.5e-08        -
8339  3.2842e-08  3.8388e-12     17640  215 17640     2     4      3 30906  3.6e-08        -
8344  3.2861e-08  3.8388e-12     17655  215 17655     2     4      3 30936  3.6e-08        -
8349  3.2881e-08  3.8388e-12     17670  215 17670     2     4      3 30966  3.7e-08        -
8354    3.29e-08  3.8388e-12     17685  215 17685     2     4      3 30996  3.7e-08        -
8359  3.2919e-08  3.8388e-12     17700  215 17700     2     4      3 31026  3.8e-08        -
8364  3.2938e-08  3.8388e-12     17715  215 17715     2     4      3 31056  3.8e-08        -
8368  3.2953e-08  3.8388e-12     17727  215 17727     2     4      3 31080  3.8e-08        -
8372  3.2969e-08  3.8388e-12     17739  215 17739     2     4      3 31104  3.8e-08        -
8377  3.2988e-08  3.8388e-12     17754  215 17754     2     4      3 31134  3.9e-08        -
8382  3.3004e-08  4.3195e-12     17766  217 17766     2     4      3 31155  1.1e-07        -
8389  3.3035e-08  4.3195e-12     17780  217 17780     2     4      3 31176    6e-08        -
8397  3.3069e-08  4.3195e-12     17796  217 17796     2     4      3 31200  3.6e-08        -
8403  3.3095e-08  4.3195e-12     17808  217 17808     2     4      3 31218  2.7e-08        -
8410  3.3125e-08  4.3195e-12     17822  217 17822     2     4      3 31239  3.4e-08        -
8418   3.316e-08  4.3195e-12     17838  217 17838     2     4      3 31263  2.9e-08        -
8425   3.319e-08  4.3195e-12     17852  217 17852     2     4      3 31284  1.1e-08        -
8432   3.322e-08  4.3195e-12     17866  217 17866     2     4      3 31305  2.3e-08        -
8440  3.3254e-08  4.0532e-12     17882  217 17882     2     4      3 31332  1.9e-08        -
8448  3.3286e-08  4.0532e-12     17898  217 17898     2     4      3 31364    2e-08        -
8455  3.3315e-08  4.0532e-12     17912  217 17912     2     4      3 31392    2e-08        -
8463  3.3347e-08  4.0532e-12     17928  217 17928     2     4      3 31424    2e-08        -
8470  3.3376e-08  4.0532e-12     17942  217 17942     2     4      3 31452    2e-08        -
8477  3.3404e-08  4.0532e-12     17956  217 17956     2     4      3 31480  2.1e-08        -
8485  3.3436e-08  4.0532e-12     17972  217 17972     2     4      3 31512  2.1e-08        -
8493  3.3469e-08  4.0532e-12     17988  217 17988     2     4      3 31544  2.1e-08        -
8500  3.3497e-08   3.405e-12     18006  218 18006     2     4      3 31579  7.1e-08        -
8506  3.3517e-08   3.405e-12     18018  219 18018     2     4      3 31597  5.8e-08        -
8514  3.3544e-08   3.405e-12     18034  219 18034     2     4      3 31621  4.6e-08        -
8521  3.3568e-08   3.405e-12     18048  219 18048     2     4      3 31642  6.4e-08        -
8529  3.3595e-08   3.405e-12     18064  219 18064     2     4      3 31666  6.8e-08        -
8537  3.3623e-08   3.405e-12     18080  219 18080     2     4      3 31690  7.7e-08        -
8545   3.365e-08   3.405e-12     18096  219 18096     2     4      3 31714  9.3e-08        -
8553  3.3677e-08   3.405e-12     18112  219 18112     2     4      3 31738  1.2e-07        -
8561  3.3704e-08   3.405e-12     18128  219 18128     2     4      3 31762  1.9e-07        -
8569  3.3732e-08   3.405e-12     18144  219 18144     2     4      3 31786  4.8e-07        -
8574  3.3748e-08  2.4194e-12     18158  220 18158     2     4      3 31809  2.4e-08        -
8580  3.3774e-08  4.8388e-12     18170  222 18170     2     4      3 31827  2.3e-07        -
8588  3.3813e-08  4.8388e-12     18186  222 18186     2     4      3 31851  3.8e-07        -
---        当前进度:  33 % - 正在组装残差
8595  3.3847e-08  4.8388e-12     18200  222 18200     2     4      3 31872  1.4e-07        -
8603  3.3885e-08  4.8388e-12     18216  222 18216     2     4      3 31897  1.1e-07        -
8611  3.3924e-08  4.8388e-12     18232  222 18232     2     4      3 31921  9.6e-08        -
8620  3.3968e-08  4.8388e-12     18250  222 18250     2     4      3 31948  1.3e-08        -
8628  3.4004e-08  4.0308e-12     18269  222 18269     2     4      3 31981  3.9e-08        -
8634  3.4028e-08  4.0308e-12     18287  222 18287     2     4      3 32017  3.9e-08        -
8639  3.4048e-08  4.0308e-12     18302  222 18302     2     4      3 32047  3.8e-08        -
8645  3.4073e-08  4.0308e-12     18320  222 18320     2     4      3 32083  3.8e-08        -
8650  3.4093e-08  4.0308e-12     18335  222 18335     2     4      3 32113  3.8e-08        -
8656  3.4117e-08  4.0308e-12     18353  222 18353     2     4      3 32149  3.7e-08        -
8662  3.4141e-08  4.0308e-12     18371  222 18371     2     4      3 32185  3.7e-08        -
8668  3.4165e-08  4.0308e-12     18389  222 18389     2     4      3 32221  3.7e-08        -
8674  3.4189e-08  4.0308e-12     18407  222 18407     2     4      3 32257  3.6e-08        -
8680  3.4214e-08  4.0308e-12     18425  222 18425     2     4      3 32293  3.6e-08        -
8687  3.4242e-08  4.0308e-12     18446  222 18446     2     4      3 32335  3.5e-08        -
8693  3.4262e-08  4.1239e-12     18459  224 18459     2     4      3 32356  6.4e-08        -
8702  3.4299e-08  4.1239e-12     18477  224 18477     2     4      3 32384  3.6e-07        -
8711  3.4337e-08  4.1239e-12     18495  224 18495     2     4      3 32411  2.7e-08        -
8720  3.4374e-08  4.1239e-12     18513  224 18513     2     4      3 32438  3.1e-08        -
8729  3.4411e-08  4.1239e-12     18531  224 18531     2     4      3 32465  1.6e-08        -
8738  3.4448e-08  4.1239e-12     18549  224 18549     2     4      3 32492  1.3e-08        -
8747  3.4485e-08  4.1239e-12     18567  224 18567     2     4      3 32519  9.9e-09        -
8754   3.451e-08  3.3461e-12     18589  224 18589     2     4      3 32561  1.3e-08        -
8760   3.453e-08  3.3461e-12     18610  224 18610     2     4      3 32603  1.3e-08        -
8765  3.4547e-08  3.3461e-12     18627  224 18627     2     4      3 32637  2.4e-08        -
8770  3.4564e-08  3.3461e-12     18645  224 18645     2     4      3 32673  1.3e-08        -
8776  3.4584e-08  3.3461e-12     18666  224 18666     2     4      3 32715  1.3e-08        -
8782  3.4604e-08  3.3461e-12     18687  224 18687     2     4      3 32757  1.2e-08        -
8788  3.4624e-08  3.3461e-12     18708  224 18708     2     4      3 32799  1.2e-08        -
8794  3.4644e-08  3.3461e-12     18729  224 18729     2     4      3 32841  1.2e-08        -
8799  3.4661e-08  3.3461e-12     18746  224 18746     2     4      3 32875    2e-08        -
8804  3.4677e-08  3.3461e-12     18764  224 18764     2     4      3 32911  1.1e-08        -
8809  3.4694e-08  3.3461e-12     18781  224 18781     2     4      3 32945  1.9e-08        -
8815  3.4714e-08  3.3461e-12     18800  224 18800     2     4      3 32983  1.8e-08        -
8821  3.4734e-08  3.3461e-12     18820  224 18820     2     4      3 33023  1.7e-08        -
8825  3.4747e-08  2.8683e-12     18836  225 18836     2     4      3 33054  4.3e-09        -
8832  3.4767e-08  2.8683e-12     18850  226 18850     2     4      3 33075  1.3e-08        -
8841  3.4793e-08  2.8683e-12     18868  226 18868     2     4      3 33102  6.1e-10        -
8850  3.4819e-08  2.8683e-12     18886  226 18886     2     4      3 33129    1e-09        -
8857  3.4839e-08  2.8683e-12     18900  226 18900     2     4      3 33150  2.8e-10        -
8865  3.4862e-08  2.8683e-12     18916  226 18916     2     4      3 33174  2.1e-10        -
8871  3.4879e-08  2.8683e-12     18928  226 18928     2     4      3 33192  1.8e-10        -
8878  3.4899e-08  2.8683e-12     18942  226 18942     2     4      3 33213  3.1e-10        -
8885  3.4919e-08  2.8683e-12     18956  226 18956     2     4      3 33234  1.3e-10        -
8892  3.4939e-08  2.8683e-12     18970  226 18970     2     4      3 33255  2.1e-10        -
8901  3.4965e-08  2.8683e-12     18988  226 18988     2     4      3 33282  1.2e-10        -
8910  3.4991e-08  2.8683e-12     19006  226 19006     2     4      3 33309  1.4e-10        -
8916  3.5007e-08  3.3283e-12     19018  228 19018     2     4      3 33327  8.7e-09        -
8925  3.5037e-08  3.3283e-12     19036  228 19036     2     4      3 33354  5.5e-10        -
---        当前进度:  34 % - 正在组装残差
Memory: 834/1378 830/1584
8933  3.5063e-08  3.3283e-12     19052  228 19052     2     4      3 33378  2.9e-10        -
8942  3.5093e-08  3.3283e-12     19070  228 19070     2     4      3 33405  5.3e-10        -
8951  3.5123e-08  3.3283e-12     19088  228 19088     2     4      3 33432  1.3e-10        -
8960  3.5153e-08  3.3283e-12     19106  228 19106     2     4      3 33459  2.1e-10        -
8969  3.5183e-08  3.3283e-12     19124  228 19124     2     4      3 33486  9.8e-11        -
8978  3.5213e-08  3.3283e-12     19142  228 19142     2     4      3 33513  1.2e-10        -
8987  3.5243e-08  3.3283e-12     19160  228 19160     2     4      3 33540  9.7e-11        -
8993  3.5261e-08  3.7041e-12     19172  230 19172     2     4      3 33558  6.5e-10        -
9001  3.5291e-08  3.7041e-12     19188  230 19188     2     4      3 33582  1.4e-10        -
9010  3.5324e-08  3.7041e-12     19206  230 19206     2     4      3 33609    2e-10        -
9019  3.5357e-08  3.7041e-12     19224  230 19224     2     4      3 33636  4.7e-11        -
9027  3.5387e-08  3.7041e-12     19240  230 19240     2     4      3 33660  4.5e-11        -
9036   3.542e-08  3.7041e-12     19258  230 19258     2     4      3 33687  4.6e-11        -
9045  3.5454e-08  3.7041e-12     19276  230 19276     2     4      3 33714    4e-11        -
9053  3.5483e-08  3.7041e-12     19292  230 19292     2     4      3 33738  3.4e-11        -
9059  3.5503e-08  2.7634e-12     19310  231 19310     2     4      3 33770  3.5e-11        -
9067  3.5525e-08  2.7634e-12     19326  232 19326     2     4      3 33794  7.9e-13        -
9076   3.555e-08  2.7634e-12     19344  232 19344     2     4      3 33821    7e-13        -
9085  3.5575e-08  2.7634e-12     19362  232 19362     2     4      3 33846  2.3e-13        -
9092  3.5594e-08  2.7634e-12     19376  232 19376     2     4      3 33867  1.6e-12        -
9097  3.5608e-08  2.7634e-12     19386  232 19386     2     4      3 33882  2.8e-12        -
9103  3.5624e-08  2.7634e-12     19398  232 19398     2     4      3 33900  4.6e-12        -
9111  3.5646e-08  2.7634e-12     19414  232 19414     2     4      3 33924  7.6e-12        -
9117  3.5663e-08  2.7634e-12     19426  232 19426     2     4      3 33942    1e-11        -
9125  3.5685e-08  2.7634e-12     19442  232 19442     2     4      3 33966  1.5e-11        -
9130  3.5699e-08  2.7634e-12     19452  232 19452     2     4      3 33981  1.9e-11        -
9134   3.571e-08  2.7634e-12     19460  232 19460     2     4      3 33993  2.1e-11        -
9141  3.5729e-08  2.7634e-12     19474  232 19474     2     4      3 34014  2.5e-11        -
9146  3.5743e-08  2.7634e-12     19484  232 19484     2     4      3 34029  3.1e-11        -
9149   3.575e-08  2.0302e-12 out 19494  234 19494     2     4      3 34046  6.8e-11        -
9156  3.5778e-08  4.0605e-12     19508  235 19508     2     4      3 34067  9.3e-10        -
9165  3.5815e-08  4.0605e-12     19526  235 19526     2     4      3 34094  1.4e-10        -
9175  3.5856e-08  4.0605e-12     19546  235 19546     2     4      3 34124  1.4e-10        -
9184  3.5892e-08  4.0605e-12     19564  235 19564     2     4      3 34151  7.2e-10        -
9194  3.5933e-08  4.0605e-12     19584  235 19584     2     4      3 34181  7.8e-10        -
9204  3.5973e-08  4.0605e-12     19604  235 19604     2     4      3 34211  8.6e-10        -
9210  3.5997e-08  3.1857e-12     19620  236 19620     2     4      3 34237    4e-09        -
9218  3.6022e-08  3.1857e-12     19636  237 19636     2     4      3 34261  1.5e-09        -
9226  3.6048e-08  3.1857e-12     19652  237 19652     2     4      3 34285  9.7e-10        -
9234  3.6073e-08  3.1857e-12     19668  237 19668     2     4      3 34309  7.8e-10        -
9242  3.6099e-08  3.1857e-12     19684  237 19684     2     4      3 34333  6.8e-10        -
9249  3.6121e-08  3.1857e-12     19698  237 19698     2     4      3 34354  2.1e-10        -
9258   3.615e-08  3.1857e-12     19716  237 19716     2     4      3 34381  5.9e-10        -
9263  3.6166e-08  3.1857e-12     19726  237 19726     2     4      3 34396    2e-10        -
9268  3.6182e-08  3.1857e-12     19736  237 19736     2     4      3 34411  5.7e-10        -
9272  3.6194e-08  3.1857e-12     19744  237 19744     2     4      3 34423  5.7e-10        -
9279  3.6217e-08  3.1857e-12     19758  237 19758     2     4      3 34444    2e-10        -
9284  3.6233e-08  3.1857e-12     19768  237 19768     2     4      3 34459  5.7e-10        -
---        当前进度:  35 % - 
9289  3.6248e-08    2.35e-12     19782  238 19782     2     4      3 34482  1.5e-09        -
9293  3.6264e-08     4.7e-12     19790  240 19790     2     4      3 34494    4e-08        -
9300  3.6297e-08     4.7e-12     19804  240 19804     2     4      3 34515  2.4e-08        -
9305  3.6321e-08     4.7e-12     19814  240 19814     2     4      3 34530  1.2e-08        -
9310  3.6344e-08     4.7e-12     19824  240 19824     2     4      3 34545  1.7e-08        -
9315  3.6368e-08     4.7e-12     19834  240 19834     2     4      3 34560  6.8e-09        -
9322    3.64e-08     4.7e-12     19848  240 19848     2     4      3 34581  1.3e-08        -
9329  3.6433e-08     4.7e-12     19862  240 19862     2     4      3 34602  4.9e-09        -
9336  3.6466e-08     4.7e-12     19876  240 19876     2     4      3 34623  1.1e-08        -
9341   3.649e-08     4.7e-12     19886  240 19886     2     4      3 34638  4.3e-09        -
9346  3.6506e-08  2.7995e-12     19896  241 19896     2     4      3 34653  5.3e-09        -
9352  3.6522e-08  2.7995e-12     19908  241 19908     2     4      3 34671  3.3e-09        -
9358  3.6539e-08  2.7995e-12     19920  241 19920     2     4      3 34689  2.5e-09        -
9364  3.6556e-08  2.7995e-12     19932  241 19932     2     4      3 34707    2e-09        -
9370  3.6573e-08  2.7995e-12     19944  241 19944     2     4      3 34725  1.7e-09        -
9376   3.659e-08  2.7995e-12     19956  241 19956     2     4      3 34743  1.5e-09        -
9382  3.6606e-08  2.7995e-12     19968  241 19968     2     4      3 34761  1.4e-09        -
9389  3.6626e-08  2.7995e-12     19982  241 19982     2     4      3 34782  7.8e-10        -
9396  3.6646e-08  2.7995e-12     19996  241 19996     2     4      3 34803  1.1e-09        -
9402  3.6662e-08  2.7995e-12     20008  241 20008     2     4      3 34821    1e-09        -
9409  3.6682e-08  2.7995e-12     20022  241 20022     2     4      3 34842    6e-10        -
9416  3.6702e-08  2.7995e-12     20036  241 20036     2     4      3 34863  9.3e-10        -
9423  3.6721e-08  2.7995e-12     20050  241 20050     2     4      3 34884  5.3e-10        -
9431  3.6744e-08  2.7995e-12     20066  241 20066     2     4      3 34908  5.1e-10        -
9436  3.6757e-08  3.6459e-12     20076  243 20076     2     4      3 34923  2.6e-08        -
9443  3.6783e-08  3.6459e-12     20090  243 20090     2     4      3 34944  1.5e-07        -
9450  3.6808e-08  3.6459e-12     20104  243 20104     2     4      3 34965  1.3e-08        -
9456   3.683e-08  3.6459e-12     20116  243 20116     2     4      3 34983  1.1e-08        -
9462  3.6852e-08  3.6459e-12     20128  243 20128     2     4      3 35001  9.7e-09        -
9468  3.6874e-08  3.6459e-12     20140  243 20140     2     4      3 35019  8.6e-09        -
9474  3.6896e-08  3.6459e-12     20152  243 20152     2     4      3 35037  7.8e-09        -
9481  3.6921e-08  3.6459e-12     20166  243 20166     2     4      3 35058  7.1e-09        -
9488  3.6947e-08  3.6459e-12     20180  243 20180     2     4      3 35079  6.5e-09        -
9496  3.6976e-08  3.6459e-12     20196  243 20196     2     4      3 35103  5.9e-09        -
9502  3.6997e-08  2.8612e-12     20210  243 20210     2     4      3 35126  1.7e-08        -
9505  3.7006e-08  2.8612e-12     20220  245 20220     2     4      3 35143  1.1e-08        -
9513  3.7029e-08  2.8612e-12     20236  245 20236     2     4      3 35167  2.7e-08        -
9520  3.7049e-08  2.8612e-12     20250  245 20250     2     4      3 35188  6.1e-09        -
9528  3.7072e-08  2.8612e-12     20266  245 20266     2     4      3 35212    5e-09        -
9535  3.7092e-08  2.8612e-12     20280  245 20280     2     4      3 35233    1e-08        -
9543  3.7114e-08  2.8612e-12     20296  245 20296     2     4      3 35257  7.4e-09        -
9551  3.7137e-08  2.8612e-12     20312  245 20312     2     4      3 35281  5.9e-09        -
9559   3.716e-08  2.8612e-12     20328  245 20328     2     4      3 35305    5e-09        -
9567  3.7183e-08  2.8612e-12     20344  245 20344     2     4      3 35329  4.4e-09        -
9574  3.7203e-08  2.8612e-12     20358  245 20358     2     4      3 35350  2.8e-09        -
9582  3.7226e-08  2.8612e-12     20374  245 20374     2     4      3 35374  2.6e-09        -
9589  3.7246e-08  2.8612e-12     20388  245 20388     2     4      3 35395  3.5e-09        -
9591   3.725e-08  1.9684e-12 out 20396  247 20396     2     4      3 35409  2.5e-09        -
9597  3.7274e-08  3.9369e-12     20408  248 20408     2     4      3 35427  4.1e-08        -
9604  3.7301e-08  3.9369e-12     20422  248 20422     2     4      3 35448  3.4e-08        -
---        当前进度:  36 % - 正在组装残差
Memory: 835/1378 831/1584
9611  3.7329e-08  3.9369e-12     20436  248 20436     2     4      3 35469  5.4e-08        -
9619   3.736e-08  3.9369e-12     20452  248 20452     2     4      3 35493  5.9e-08        -
9627  3.7392e-08  3.9369e-12     20468  248 20468     2     4      3 35517  6.3e-08        -
9634  3.7419e-08  3.9369e-12     20482  248 20482     2     4      3 35538  2.8e-08        -
9641  3.7447e-08  3.9369e-12     20496  248 20496     2     4      3 35559  6.1e-08        -
9649  3.7478e-08  3.9369e-12     20512  248 20512     2     4      3 35583  5.6e-08        -
9654  3.7497e-08  2.9565e-12     20526  249 20526     2     4      3 35606  1.2e-08        -
9660  3.7515e-08  2.9565e-12     20538  250 20538     2     4      3 35624  1.3e-08        -
9668  3.7538e-08  2.9565e-12     20554  250 20554     2     4      3 35648  1.6e-08        -
9675  3.7559e-08  2.9565e-12     20568  250 20568     2     4      3 35669  9.1e-09        -
9681  3.7577e-08  2.9565e-12     20580  250 20580     2     4      3 35687  8.2e-09        -
9689  3.7601e-08  2.9565e-12     20596  250 20596     2     4      3 35711  7.1e-09        -
9695  3.7618e-08  2.9565e-12     20608  250 20608     2     4      3 35729  6.4e-09        -
9701  3.7636e-08  2.9565e-12     20620  250 20620     2     4      3 35747  5.8e-09        -
9709   3.766e-08  2.9565e-12     20636  250 20636     2     4      3 35771    5e-09        -
9716   3.768e-08  2.9565e-12     20650  250 20650     2     4      3 35792  1.2e-08        -
9724  3.7704e-08  2.9565e-12     20666  250 20666     2     4      3 35816  8.3e-09        -
9732  3.7728e-08  2.9565e-12     20682  250 20682     2     4      3 35840    6e-09        -
9739  3.7748e-08  2.3054e-12     20698  250 20698     2     4      3 35866  9.4e-09        -
9745  3.7773e-08  4.6108e-12     20711  251 20711     2     4      3 35887  5.5e-08        -
9753   3.781e-08  4.6108e-12     20727  251 20727     2     4      3 35911  4.2e-08        -
9761  3.7847e-08  4.6108e-12     20743  251 20743     2     4      3 35936  3.3e-08        -
9768  3.7879e-08  4.6108e-12     20757  251 20757     2     4      3 35957  9.7e-08        -
9774  3.7907e-08  4.6108e-12     20769  251 20769     2     4      3 35975    5e-08        -
9781  3.7939e-08  4.6108e-12     20783  251 20783     2     4      3 35996    2e-08        -
9789  3.7976e-08  4.6108e-12     20799  251 20799     2     4      3 36020  1.7e-08        -
9795     3.8e-08  2.8138e-12 out 20811  252 20811     2     4      3 36038  6.9e-09        -
9803  3.8023e-08  2.8138e-12     20827  252 20827     2     4      3 36062  3.9e-09        -
9810  3.8042e-08  2.8138e-12     20841  252 20841     2     4      3 36083  5.7e-09        -
9818  3.8065e-08  2.8138e-12     20857  252 20857     2     4      3 36107  2.6e-09        -
9826  3.8087e-08  2.8138e-12     20873  252 20873     2     4      3 36131  1.6e-09        -
9834   3.811e-08  2.8138e-12     20889  252 20889     2     4      3 36155  1.2e-09        -
9841  3.8129e-08  2.8138e-12     20903  252 20903     2     4      3 36176    1e-09        -
9848  3.8149e-08  2.8138e-12     20917  252 20917     2     4      3 36197  7.2e-10        -
9855  3.8169e-08  2.8138e-12     20931  252 20931     2     4      3 36218  7.6e-10        -
9863  3.8191e-08  2.8138e-12     20947  252 20947     2     4      3 36242  6.4e-10        -
9871  3.8214e-08  2.8138e-12     20963  252 20963     2     4      3 36266  5.5e-10        -
9880  3.8239e-08  2.8138e-12     20981  252 20981     2     4      3 36293  3.3e-10        -
9888   3.826e-08  2.5986e-12     20997  252 20997     2     4      3 36323  1.5e-09        -
9896  3.8281e-08  2.5986e-12     21013  252 21013     2     4      3 36355  1.5e-09        -
9904  3.8302e-08  2.5986e-12     21029  252 21029     2     4      3 36387  1.6e-09        -
9912  3.8323e-08  2.5986e-12     21045  252 21045     2     4      3 36419  1.6e-09        -
9920  3.8344e-08  2.5986e-12     21061  252 21061     2     4      3 36451  1.7e-09        -
9928  3.8364e-08  2.5986e-12     21077  252 21077     2     4      3 36483  1.7e-09        -
9936  3.8385e-08  2.5986e-12     21093  252 21093     2     4      3 36515  1.8e-09        -
9944  3.8406e-08  2.5986e-12     21109  252 21109     2     4      3 36547  1.8e-09        -
9953  3.8429e-08  2.5986e-12     21127  252 21127     2     4      3 36583  2.8e-09        -
9962  3.8453e-08  2.5986e-12     21145  252 21145     2     4      3 36619  1.8e-09        -
---        当前进度:  37 % - 求解线性方程组
9970  3.8473e-08  2.5986e-12     21161  252 21161     2     4      3 36651  1.8e-09        -
9978  3.8494e-08  2.5986e-12     21177  252 21177     2     4      3 36683  1.8e-09        -
9984  3.8509e-08  3.1295e-12     21189  254 21189     2     4      3 36702  1.1e-08        -
9993  3.8538e-08  3.1295e-12     21207  254 21207     2     4      3 36729  8.2e-09        -
10002  3.8566e-08  3.1295e-12     21225  254 21225     2     4      3 36756  4.1e-09        -
10011  3.8594e-08  3.1295e-12     21243  254 21243     2     4      3 36783  3.7e-09        -
10020  3.8622e-08  3.1295e-12     21261  254 21261     2     4      3 36810  1.3e-09        -
10029   3.865e-08  3.1295e-12     21279  254 21279     2     4      3 36837  2.2e-09        -
10038  3.8678e-08  3.1295e-12     21297  254 21297     2     4      3 36864    6e-10        -
10046  3.8703e-08  3.1295e-12     21313  254 21313     2     4      3 36888  4.5e-10        -
10055  3.8732e-08  3.1295e-12     21331  254 21331     2     4      3 36915  1.3e-09        -
10063  3.8756e-08  2.9497e-12     21347  254 21347     2     4      3 36943  1.9e-09        -
10071  3.8779e-08  2.9497e-12     21363  254 21363     2     4      3 36975  1.8e-09        -
10079  3.8803e-08  2.9497e-12     21379  254 21379     2     4      3 37007  1.7e-09        -
10088   3.883e-08  2.9497e-12     21397  254 21397     2     4      3 37043  6.8e-10        -
10097  3.8856e-08  2.9497e-12     21415  254 21415     2     4      3 37079  1.5e-09        -
10106  3.8883e-08  2.9497e-12     21433  254 21433     2     4      3 37115  5.5e-10        -
10113  3.8903e-08  2.9497e-12     21447  254 21447     2     4      3 37141  9.9e-07        -
10119  3.8921e-08  2.9497e-12     21459  254 21459     2     4      3 37162  9.8e-07        -
10125  3.8939e-08  2.9497e-12     21471  254 21471     2     4      3 37184  9.5e-10        -
10132  3.8959e-08  2.9497e-12     21485  254 21485     2     4      3 37211  4.1e-10        -
10140  3.8983e-08  2.9497e-12     21501  254 21501     2     4      3 37242  3.6e-10        -
10147  3.9003e-08  2.5886e-12     21518  254 21518     2     4      3 37274  6.3e-07        -
10154  3.9021e-08  2.5886e-12     21538  254 21538     2     4      3 37311  1.6e-09        -
10161  3.9039e-08  2.5886e-12     21560  254 21560     2     4      3 37351  5.7e-07        -
10168  3.9057e-08  2.5886e-12     21580  254 21580     2     4      3 37388    2e-09        -
10176  3.9078e-08  2.5886e-12     21598  254 21598     2     4      3 37423  9.8e-07        -
10183  3.9096e-08  2.5886e-12     21617  254 21617     2     4      3 37458  4.4e-10        -
10190  3.9114e-08  2.5886e-12     21637  254 21637     2     4      3 37494  7.4e-07        -
10199  3.9137e-08  2.5886e-12     21655  254 21655     2     4      3 37530  2.5e-10        -
10208   3.916e-08  2.5886e-12     21673  254 21673     2     4      3 37566  1.8e-10        -
10217  3.9184e-08  2.5886e-12     21691  254 21691     2     4      3 37602  7.1e-11        -
10226  3.9207e-08  2.5886e-12     21709  254 21709     2     4      3 37637  9.8e-07        -
10236  3.9233e-08  2.5886e-12     21729  254 21729     2     4      3 37663  1.2e-11        -
10244  3.9254e-08  4.0828e-12     21745  256 21745     2     4      3 37692  8.6e-11        -
10253  3.9291e-08  4.0828e-12     21763  256 21763     2     4      3 37719  5.3e-11        -
10262  3.9328e-08  4.0828e-12     21781  256 21781     2     4      3 37746  8.1e-11        -
10271  3.9364e-08  4.0828e-12     21799  256 21799     2     4      3 37773  1.6e-10        -
10280  3.9401e-08  4.0828e-12     21817  256 21817     2     4      3 37800    2e-10        -
10289  3.9438e-08  4.0828e-12     21835  256 21835     2     4      3 37827  3.2e-10        -
10299  3.9479e-08  4.0828e-12     21855  256 21855     2     4      3 37857  4.3e-10        -
10306  3.9505e-08  5.0317e-12     21869  258 21869     2     4      3 37878  8.3e-09        -
10315   3.955e-08  5.0317e-12     21887  258 21887     2     4      3 37905  5.3e-09        -
10324  3.9596e-08  5.0317e-12     21905  258 21905     2     4      3 37932  4.2e-09        -
10333  3.9641e-08  5.0317e-12     21923  258 21923     2     4      3 37959  4.7e-09        -
10343  3.9691e-08  5.0317e-12     21943  258 21943     2     4      3 37989  4.9e-09        -
10353  3.9742e-08  5.0317e-12     21963  258 21963     2     4      3 38019  5.1e-09        -
10360  3.9771e-08  4.2401e-12     21984  258 21984     2     4      3 38061  9.5e-09        -
---        当前进度:  38 % - 正在组装残差
10366  3.9797e-08  4.2401e-12     22002  258 22002     2     4      3 38097    1e-08        -
10373  3.9826e-08  4.2401e-12     22023  258 22023     2     4      3 38139  1.1e-08        -
10380  3.9856e-08  4.2401e-12     22044  258 22044     2     4      3 38181  1.1e-08        -
10386  3.9881e-08  4.2401e-12     22062  258 22062     2     4      3 38217  1.1e-08        -
10393  3.9911e-08  4.2401e-12     22083  258 22083     2     4      3 38259  1.2e-08        -
10399  3.9937e-08  4.2401e-12     22101  258 22101     2     4      3 38295  1.2e-08        -
10405  3.9962e-08  4.2401e-12     22119  258 22119     2     4      3 38331  1.3e-08        -
10410  3.9983e-08  4.2401e-12     22134  258 22134     2     4      3 38361  1.3e-08        -
10415  4.0004e-08  4.1572e-12     22152  258 22152     2     4      3 38397  8.2e-09        -
10420  4.0025e-08  4.1572e-12     22172  258 22172     2     4      3 38437  8.3e-09        -
10425  4.0046e-08  4.1572e-12     22192  258 22192     2     4      3 38477  8.5e-09        -
10430  4.0067e-08  4.1572e-12     22212  258 22212     2     4      3 38517  8.6e-09        -
10434  4.0083e-08  4.1572e-12     22228  258 22228     2     4      3 38549  8.8e-09        -
10438    4.01e-08  4.1572e-12     22244  258 22244     2     4      3 38581  8.9e-09        -
10442  4.0116e-08  4.1572e-12     22260  258 22260     2     4      3 38613    9e-09        -
10446  4.0133e-08  4.1572e-12     22276  258 22276     2     4      3 38645  9.1e-09        -
10450   4.015e-08  4.1572e-12     22292  258 22292     2     4      3 38677  9.3e-09        -
10454  4.0166e-08  4.1572e-12     22308  258 22308     2     4      3 38709  9.4e-09        -
10459  4.0187e-08  4.1572e-12     22328  258 22328     2     4      3 38749  9.5e-09        -
10463  4.0204e-08  4.1572e-12     22344  258 22344     2     4      3 38781  9.6e-09        -
10467   4.022e-08  4.1572e-12     22360  258 22360     2     4      3 38813  9.7e-09        -
10472  4.0241e-08  4.1572e-12     22380  258 22380     2     4      3 38853  9.9e-09        -
10476  4.0255e-08  4.7259e-12     22390  260 22390     2     4      3 38870  6.3e-08        -
10478  4.0264e-08  4.7259e-12     22394  260 22394     2     4      3 38876  5.8e-08        -
10485  4.0297e-08  4.7259e-12     22408  260 22408     2     4      3 38897  4.7e-08        -
10493  4.0335e-08  4.7259e-12     22424  260 22424     2     4      3 38921  3.7e-08        -
10501  4.0373e-08  4.7259e-12     22440  260 22440     2     4      3 38945    3e-08        -
10509  4.0411e-08  4.7259e-12     22456  260 22456     2     4      3 38969  2.6e-08        -
10517  4.0448e-08  4.7259e-12     22472  260 22472     2     4      3 38993  2.2e-08        -
10524  4.0482e-08  4.7259e-12     22486  260 22486     2     4      3 39014  2.2e-08        -
10530  4.0509e-08  4.4895e-12     22498  260 22498     2     4      3 39036  9.5e-09        -
10535  4.0531e-08  4.4895e-12     22508  260 22508     2     4      3 39056  9.7e-09        -
10541  4.0558e-08  4.4895e-12     22520  260 22520     2     4      3 39080  9.8e-09        -
10549  4.0594e-08  4.4895e-12     22536  260 22536     2     4      3 39112    1e-08        -
10557   4.063e-08  4.4895e-12     22552  260 22552     2     4      3 39144    1e-08        -
10565  4.0666e-08  4.4895e-12     22568  260 22568     2     4      3 39176    1e-08        -
10573  4.0702e-08  4.4895e-12     22584  260 22584     2     4      3 39208    1e-08        -
10581  4.0738e-08  4.4895e-12     22600  260 22600     2     4      3 39240    1e-08        -
10584   4.075e-08  3.7838e-12 out 22610  262 22610     2     4      3 39258  4.7e-08        -
10591  4.0776e-08  3.7838e-12     22624  262 22624     2     4      3 39279  3.3e-08        -
10599  4.0807e-08  3.7838e-12     22640  262 22640     2     4      3 39303  2.3e-08        -
10607  4.0837e-08  3.7838e-12     22656  262 22656     2     4      3 39327  1.6e-08        -
10612  4.0856e-08  3.7838e-12     22666  262 22666     2     4      3 39342  2.3e-08        -
10618  4.0879e-08  3.7838e-12     22678  262 22678     2     4      3 39360  2.1e-08        -
10623  4.0898e-08  3.7838e-12     22688  262 22688     2     4      3 39375  7.9e-09        -
10628  4.0916e-08  3.7838e-12     22698  262 22698     2     4      3 39390  1.7e-08        -
10634  4.0939e-08  3.7838e-12     22710  262 22710     2     4      3 39408  1.6e-08        -
10640  4.0962e-08  3.7838e-12     22722  262 22722     2     4      3 39426  1.4e-08        -
---        当前进度:  39 % - 正在组装残差
10648  4.0992e-08  3.7838e-12     22738  262 22738     2     4      3 39450  1.3e-08        -
10653  4.1008e-08  4.0541e-12     22748  264 22748     2     4      3 39465  5.6e-08        -
10662  4.1045e-08  4.0541e-12     22766  264 22766     2     4      3 39492  5.1e-08        -
10670  4.1077e-08  4.0541e-12     22782  264 22782     2     4      3 39516  4.4e-08        -
10679  4.1114e-08  4.0541e-12     22800  264 22800     2     4      3 39543  1.4e-07        -
10688   4.115e-08  4.0541e-12     22818  264 22818     2     4      3 39570  8.4e-09        -
10697  4.1186e-08  4.0541e-12     22836  264 22836     2     4      3 39597  6.8e-08        -
10706  4.1223e-08  4.0541e-12     22854  264 22854     2     4      3 39624  4.5e-08        -
10714  4.1253e-08   3.376e-12     22873  264 22873     2     4      3 39657  1.2e-08        -
10721  4.1277e-08   3.376e-12     22894  264 22894     2     4      3 39699  1.2e-08        -
10728  4.1301e-08   3.376e-12     22915  264 22915     2     4      3 39741  1.2e-08        -
10734  4.1321e-08   3.376e-12     22933  264 22933     2     4      3 39777  1.2e-08        -
10740  4.1341e-08   3.376e-12     22951  264 22951     2     4      3 39813  1.1e-08        -
10747  4.1365e-08   3.376e-12     22972  264 22972     2     4      3 39855  1.1e-08        -
10752  4.1382e-08   3.376e-12     22987  264 22987     2     4      3 39885  1.1e-08        -
10758  4.1402e-08   3.376e-12     23005  264 23005     2     4      3 39921  1.1e-08        -
10764  4.1422e-08   3.376e-12     23023  264 23023     2     4      3 39957  1.1e-08        -
10770  4.1442e-08   3.376e-12     23041  264 23041     2     4      3 39993  1.1e-08        -
10775  4.1459e-08   3.376e-12     23056  264 23056     2     4      3 40023  1.1e-08        -
10781   4.148e-08   3.376e-12     23074  264 23074     2     4      3 40059  1.1e-08        -
10786  4.1496e-08   3.376e-12     23089  264 23089     2     4      3 40089  1.1e-08        -
10791  4.1511e-08  3.5524e-12     23099  266 23099     2     4      3 40104  3.2e-08        -
10799  4.1539e-08  3.5524e-12     23115  266 23115     2     4      3 40128  2.5e-08        -
10807  4.1567e-08  3.5524e-12     23131  266 23131     2     4      3 40152    2e-08        -
10816  4.1599e-08  3.5524e-12     23149  266 23149     2     4      3 40179  1.5e-08        -
10825  4.1631e-08  3.5524e-12     23167  266 23167     2     4      3 40206  1.4e-08        -
10834  4.1663e-08  3.5524e-12     23185  266 23185     2     4      3 40233  1.1e-08        -
10843  4.1695e-08  3.5524e-12     23203  266 23203     2     4      3 40260    1e-08        -
10852  4.1727e-08  3.5524e-12     23221  266 23221     2     4      3 40287  8.4e-09        -
10858  4.1748e-08  2.4411e-12     23237  267 23237     2     4      3 40313    1e-08        -
10863   4.177e-08  4.8821e-12     23247  269 23247     2     4      3 40328  6.5e-08        -
10871  4.1809e-08  4.8821e-12     23263  269 23263     2     4      3 40352  5.2e-08        -
10879  4.1848e-08  4.8821e-12     23279  269 23279     2     4      3 40376    4e-08        -
10887  4.1887e-08  4.8821e-12     23295  269 23295     2     4      3 40400  3.2e-08        -
10896  4.1931e-08  4.8821e-12     23313  269 23313     2     4      3 40427  2.6e-08        -
10904   4.197e-08  4.8821e-12     23329  269 23329     2     4      3 40451  2.2e-08        -
10911     4.2e-08  2.9473e-12 out 23343  270 23343     2     4      3 40472  1.2e-08        -
10918  4.2021e-08  2.9473e-12     23357  270 23357     2     4      3 40493  9.8e-09        -
10925  4.2041e-08  2.9473e-12     23371  270 23371     2     4      3 40514  6.9e-09        -
10932  4.2062e-08  2.9473e-12     23385  270 23385     2     4      3 40535  6.1e-09        -
10940  4.2085e-08  2.9473e-12     23401  270 23401     2     4      3 40559    5e-09        -
10948  4.2109e-08  2.9473e-12     23417  270 23417     2     4      3 40583  4.1e-09        -
10956  4.2133e-08  2.9473e-12     23433  270 23433     2     4      3 40607  3.5e-09        -
10964  4.2156e-08  2.9473e-12     23449  270 23449     2     4      3 40631    3e-09        -
10973  4.2183e-08  2.9473e-12     23467  270 23467     2     4      3 40658  2.1e-09        -
10981  4.2206e-08  2.9473e-12     23483  270 23483     2     4      3 40682  1.8e-09        -
----       当前进度:  40 % - 正在组装残差
10986  4.2221e-08  2.9473e-12     23493  270 23493     2     4      3 40697    2e-09        -
10991  4.2236e-08  2.9473e-12     23503  270 23503     2     4      3 40712  1.5e-09        -
10997  4.2253e-08  2.6876e-12     23515  270 23515     2     4      3 40733  2.2e-09        -
11001  4.2263e-08  2.6876e-12     23523  270 23523     2     4      3 40749  2.2e-09        -
11007   4.228e-08  2.6876e-12     23535  270 23535     2     4      3 40773  2.1e-09        -
11012  4.2293e-08  2.6876e-12     23545  270 23545     2     4      3 40793  2.2e-09        -
11016  4.2304e-08  2.6876e-12     23553  270 23553     2     4      3 40809  2.1e-09        -
11020  4.2315e-08  2.6876e-12     23561  270 23561     2     4      3 40825  2.1e-09        -
11026  4.2331e-08  2.6876e-12     23573  270 23573     2     4      3 40849    2e-09        -
11032  4.2347e-08  2.6876e-12     23585  270 23585     2     4      3 40873    2e-09        -
11039  4.2366e-08  2.6876e-12     23599  270 23599     2     4      3 40901  1.8e-09        -
11048   4.239e-08  2.6876e-12     23617  270 23617     2     4      3 40937  1.8e-09        -
11057  4.2414e-08  2.6876e-12     23635  270 23635     2     4      3 40973  1.6e-09        -
11066  4.2438e-08  2.6876e-12     23653  270 23653     2     4      3 41009  1.6e-09        -
11075  4.2462e-08  2.6876e-12     23671  270 23671     2     4      3 41045  1.4e-09        -
11084  4.2487e-08  2.6876e-12     23689  270 23689     2     4      3 41081  1.4e-09        -
11091  4.2503e-08  2.7448e-12     23703  272 23703     2     4      3 41106    3e-09        -
11100  4.2527e-08  2.7448e-12     23721  272 23721     2     4      3 41133  1.7e-09        -
11110  4.2555e-08  2.7448e-12     23741  272 23741     2     4      3 41163  9.9e-10        -
11119   4.258e-08  2.7448e-12     23759  272 23759     2     4      3 41190    6e-10        -
11128  4.2604e-08  2.7448e-12     23777  272 23777     2     4      3 41217  4.5e-10        -
11137  4.2629e-08  2.7448e-12     23795  272 23795     2     4      3 41244  2.9e-10        -
11146  4.2654e-08  2.7448e-12     23813  272 23813     2     4      3 41271  2.2e-10        -
11154  4.2676e-08  2.7448e-12     23829  272 23829     2     4      3 41295  1.6e-10        -
11163    4.27e-08  2.7448e-12     23847  272 23847     2     4      3 41322    1e-10        -
11171  4.2722e-08  2.7448e-12     23863  272 23863     2     4      3 41346  7.3e-11        -
11180  4.2747e-08  2.7448e-12     23881  272 23881     2     4      3 41373  5.4e-11        -
11185  4.2759e-08  2.9637e-12     23891  274 23891     2     4      3 41388  5.8e-10        -
11192   4.278e-08  2.9637e-12     23905  274 23905     2     4      3 41409  2.6e-10        -
11201  4.2806e-08  2.9637e-12     23923  274 23923     2     4      3 41436  9.5e-11        -
11208  4.2827e-08  2.9637e-12     23937  274 23937     2     4      3 41457  5.3e-11        -
11216  4.2851e-08  2.9637e-12     23953  274 23953     2     4      3 41481  2.4e-11        -
11225  4.2877e-08  2.9637e-12     23971  274 23971     2     4      3 41508  8.4e-12        -
11234  4.2904e-08  2.9637e-12     23989  274 23989     2     4      3 41535  3.1e-12        -
11243  4.2931e-08  2.9637e-12     24007  274 24007     2     4      3 41562    9e-13        -
11252  4.2957e-08  2.9637e-12     24025  274 24025     2     4      3 41585  5.6e-07        -
11261  4.2984e-08  2.9637e-12     24043  274 24043     2     4      3 41611  1.4e-12        -
11266  4.2998e-08  2.0054e-12     24057  275 24057     2     4      3 41634    2e-11        -
11272   4.302e-08  4.0107e-12     24069  277 24069     2     4      3 41652  3.4e-10        -
11281  4.3056e-08  4.0107e-12     24087  277 24087     2     4      3 41679  1.9e-10        -
11290  4.3092e-08  4.0107e-12     24105  277 24105     2     4      3 41706  2.7e-10        -
11299  4.3128e-08  4.0107e-12     24123  277 24123     2     4      3 41733  3.2e-10        -
11308  4.3164e-08  4.0107e-12     24141  277 24141     2     4      3 41760  4.6e-10        -
11316  4.3197e-08  4.0107e-12     24157  277 24157     2     4      3 41784  5.6e-10        -
11325  4.3233e-08  4.0107e-12     24175  277 24175     2     4      3 41811  6.4e-10        -
11332  4.3255e-08  2.6728e-12     24189  278 24189     2     4      3 41832  1.8e-09        -
11341  4.3279e-08  2.6728e-12     24207  278 24207     2     4      3 41859  8.4e-09        -
11349  4.3301e-08  2.6728e-12     24223  278 24223     2     4      3 41883  1.9e-09        -
----       当前进度:  40 % - 
11357  4.3322e-08  2.6728e-12     24239  278 24239     2     4      3 41907  1.2e-09        -
11365  4.3344e-08  2.6728e-12     24255  278 24255     2     4      3 41931  9.8e-10        -
11374  4.3368e-08  2.6728e-12     24273  278 24273     2     4      3 41958  9.8e-10        -
11383  4.3392e-08  2.6728e-12     24291  278 24291     2     4      3 41985  7.8e-10        -
11392  4.3416e-08  2.6728e-12     24309  278 24309     2     4      3 42012  8.4e-10        -
11401   4.344e-08  2.6728e-12     24327  278 24327     2     4      3 42039  7.2e-10        -
11410  4.3464e-08  2.6728e-12     24345  278 24345     2     4      3 42066  7.9e-10        -
11419  4.3488e-08  2.6728e-12     24363  278 24363     2     4      3 42093    7e-10        -
11425  4.3504e-08  4.1044e-12     24379  279 24379     2     4      3 42121  1.3e-08        -
11433  4.3537e-08  4.1044e-12     24395  279 24395     2     4      3 42145  2.7e-08        -
11442  4.3574e-08  4.1044e-12     24413  279 24413     2     4      3 42172  2.3e-07        -
11451  4.3611e-08  4.1044e-12     24431  279 24431     2     4      3 42200  4.4e-08        -
11460  4.3648e-08  4.1044e-12     24449  279 24449     2     4      3 42227  2.5e-08        -
11469  4.3685e-08  4.1044e-12     24467  279 24467     2     4      3 42254  1.7e-08        -
11478  4.3722e-08  4.1044e-12     24485  279 24485     2     4      3 42281  1.4e-08        -
11486  4.3754e-08  3.9215e-12     24501  279 24501     2     4      3 42308    3e-09        -
11495  4.3789e-08  3.9215e-12     24519  279 24519     2     4      3 42344  3.1e-09        -
11503  4.3821e-08  3.9215e-12     24535  279 24535     2     4      3 42376  3.2e-09        -
11511  4.3852e-08  3.9215e-12     24551  279 24551     2     4      3 42408  3.3e-09        -
11518  4.3879e-08  3.9215e-12     24565  279 24565     2     4      3 42436  3.4e-09        -
11526  4.3911e-08  3.9215e-12     24581  279 24581     2     4      3 42468  3.5e-09        -
11535  4.3946e-08  3.9215e-12     24599  279 24599     2     4      3 42504  3.6e-09        -
11543  4.3977e-08  3.9215e-12     24615  279 24615     2     4      3 42536  3.7e-09        -
11552   4.401e-08  3.4321e-12     24633  279 24633     2     4      3 42572  1.8e-08        -
11560  4.4038e-08  3.4321e-12     24649  279 24649     2     4      3 42604  1.8e-08        -
11567  4.4062e-08  3.4321e-12     24663  279 24663     2     4      3 42632  1.8e-08        -
11574  4.4086e-08  3.4321e-12     24677  279 24677     2     4      3 42660  1.8e-08        -
11581   4.411e-08  3.4321e-12     24691  279 24691     2     4      3 42688  1.9e-08        -
11588  4.4134e-08  3.4321e-12     24705  279 24705     2     4      3 42716  1.9e-08        -
11595  4.4158e-08  3.4321e-12     24719  279 24719     2     4      3 42744  1.9e-08        -
11603  4.4185e-08  3.4321e-12     24735  279 24735     2     4      3 42776    2e-08        -
11611  4.4213e-08  3.4321e-12     24751  279 24751     2     4      3 42808    2e-08        -
11619   4.424e-08  3.4321e-12     24767  279 24767     2     4      3 42840    2e-08        -
11622   4.425e-08  3.1618e-12 out 24777  281 24777     2     4      3 42858    2e-08        -
11629  4.4272e-08  3.1618e-12     24791  281 24791     2     4      3 42879  2.7e-08        -
11635  4.4291e-08  3.1618e-12     24803  281 24803     2     4      3 42897  3.9e-08        -
11642  4.4313e-08  3.1618e-12     24817  281 24817     2     4      3 42918  9.9e-08        -
11649  4.4335e-08  3.1618e-12     24831  281 24831     2     4      3 42939  3.2e-07        -
11657  4.4361e-08  3.1618e-12     24847  281 24847     2     4      3 42963  8.6e-07        -
11665  4.4386e-08  3.1618e-12     24863  281 24863     2     4      3 42987    7e-08        -
11673  4.4411e-08  3.1618e-12     24879  281 24879     2     4      3 43011  3.6e-08        -
11681  4.4437e-08  3.1618e-12     24895  281 24895     2     4      3 43035  2.4e-08        -
11689  4.4462e-08  3.1618e-12     24911  281 24911     2     4      3 43059  1.8e-08        -
11696  4.4484e-08  3.1618e-12     24925  281 24925     2     4      3 43080  4.1e-09        -
11702    4.45e-08  1.6888e-12 out 24937  282 24937     2     4      3 43098  2.4e-09        -
11708   4.452e-08  3.3776e-12     24949  283 24949     2     4      3 43116  4.3e-08        -
11716  4.4547e-08  3.3776e-12     24965  283 24965     2     4      3 43140  2.1e-07        -
11724  4.4574e-08  3.3776e-12     24981  283 24981     2     4      3 43164  1.4e-08        -
11732  4.4601e-08  3.3776e-12     24997  283 24997     2     4      3 43188  3.9e-10        -
----       当前进度:  41 % - 正在组装残差
11739  4.4625e-08  3.3776e-12     25011  283 25011     2     4      3 43209  1.1e-07        -
11747  4.4652e-08  3.3776e-12     25027  283 25027     2     4      3 43233  1.4e-07        -
11755  4.4679e-08  3.3776e-12     25043  283 25043     2     4      3 43257  1.7e-07        -
11763  4.4706e-08  3.3776e-12     25059  283 25059     2     4      3 43281  1.7e-07        -
11771  4.4733e-08  3.3776e-12     25075  283 25075     2     4      3 43305  1.6e-07        -
11777   4.475e-08  1.7158e-12 out 25087  284 25087     2     4      3 43323    3e-09        -
11783  4.4771e-08  3.4317e-12     25099  285 25099     2     4      3 43341  2.8e-08        -
11791  4.4798e-08  3.4317e-12     25115  285 25115     2     4      3 43365  2.9e-08        -
11799  4.4825e-08  3.4317e-12     25131  285 25131     2     4      3 43389  2.8e-08        -
11808  4.4856e-08  3.4317e-12     25149  285 25149     2     4      3 43416  2.9e-08        -
11817  4.4887e-08  3.4317e-12     25167  285 25167     2     4      3 43443  2.5e-08        -
11826  4.4918e-08  3.4317e-12     25185  285 25185     2     4      3 43470  3.2e-08        -
11835  4.4949e-08  3.4317e-12     25203  285 25203     2     4      3 43497    2e-08        -
11843  4.4976e-08  3.4317e-12     25219  285 25219     2     4      3 43521  1.8e-08        -
11851  4.5003e-08  3.1747e-12     25235  285 25235     2     4      3 43548  4.9e-09        -
11860  4.5032e-08  3.1747e-12     25253  285 25253     2     4      3 43584  4.8e-09        -
11869   4.506e-08  3.1747e-12     25271  285 25271     2     4      3 43620  4.8e-09        -
11878  4.5089e-08  3.1747e-12     25289  285 25289     2     4      3 43656  4.7e-09        -
11887  4.5117e-08  3.1747e-12     25307  285 25307     2     4      3 43692  4.7e-09        -
11896  4.5146e-08  3.1747e-12     25325  285 25325     2     4      3 43728  4.6e-09        -
11905  4.5175e-08  3.1747e-12     25343  285 25343     2     4      3 43764  4.6e-09        -
11914  4.5203e-08  3.1747e-12     25361  285 25361     2     4      3 43800  4.5e-09        -
11923  4.5232e-08  3.1747e-12     25379  285 25379     2     4      3 43836  4.5e-09        -
11930  4.5253e-08  2.7729e-12     25396  285 25396     2     4      3 43870  7.5e-09        -
11936  4.5269e-08  2.7729e-12     25414  285 25414     2     4      3 43906  7.5e-09        -
11941  4.5283e-08  2.7729e-12     25429  285 25429     2     4      3 43936  7.4e-09        -
11947    4.53e-08  2.7729e-12     25447  285 25447     2     4      3 43972  7.4e-09        -
11953  4.5317e-08  2.7729e-12     25465  285 25465     2     4      3 44008  7.3e-09        -
11959  4.5333e-08  2.7729e-12     25483  285 25483     2     4      3 44044  7.2e-09        -
11965   4.535e-08  2.7729e-12     25501  285 25501     2     4      3 44080  7.2e-09        -
11970  4.5364e-08  2.7729e-12     25516  285 25516     2     4      3 44110    7e-09        -
11976   4.538e-08  2.7729e-12     25534  285 25534     2     4      3 44146  6.9e-09        -
11982  4.5397e-08  2.7729e-12     25552  285 25552     2     4      3 44182  6.8e-09        -
11988  4.5414e-08  2.7729e-12     25570  285 25570     2     4      3 44218  6.7e-09        -
11994   4.543e-08  2.7729e-12     25588  285 25588     2     4      3 44254  6.6e-09        -
12000  4.5447e-08  2.7729e-12     25606  285 25606     2     4      3 44290  6.5e-09        -
12006  4.5464e-08  2.7729e-12     25624  285 25624     2     4      3 44326  6.3e-09        -
12012   4.548e-08  2.7729e-12     25642  285 25642     2     4      3 44362  6.2e-09        -
12017  4.5494e-08  2.7729e-12     25657  285 25657     2     4      3 44392  6.3e-09        -
12021  4.5503e-08  3.2101e-12     25666  287 25666     2     4      3 44407  1.1e-08        -
12029  4.5529e-08  3.2101e-12     25682  287 25682     2     4      3 44431  8.6e-09        -
12038  4.5558e-08  3.2101e-12     25700  287 25700     2     4      3 44458  4.3e-08        -
12043  4.5574e-08  3.2101e-12     25710  287 25710     2     4      3 44473  5.9e-09        -
12051    4.56e-08  3.2101e-12     25726  287 25726     2     4      3 44497  4.9e-09        -
12059  4.5625e-08  3.2101e-12     25742  287 25742     2     4      3 44521  4.1e-09        -
12068  4.5654e-08  3.2101e-12     25760  287 25760     2     4      3 44548  3.1e-09        -
12077  4.5683e-08  3.2101e-12     25778  287 25778     2     4      3 44575    3e-09        -
12086  4.5712e-08  3.2101e-12     25796  287 25796     2     4      3 44602  1.6e-09        -
----       当前进度:  42 % - 
12092  4.5731e-08  3.2101e-12     25808  287 25808     2     4      3 44620  1.3e-09        -
12101  4.5759e-08  3.0177e-12     25826  287 25826     2     4      3 44652  1.6e-09        -
12110  4.5786e-08  3.0177e-12     25844  287 25844     2     4      3 44688    1e-09        -
12119  4.5813e-08  3.0177e-12     25862  287 25862     2     4      3 44724  1.6e-09        -
12128  4.5841e-08  3.0177e-12     25880  287 25880     2     4      3 44760    1e-09        -
12137  4.5868e-08  3.0177e-12     25898  287 25898     2     4      3 44796  1.6e-09        -
12146  4.5895e-08  3.0177e-12     25916  287 25916     2     4      3 44832  9.4e-10        -
12155  4.5922e-08  3.0177e-12     25934  287 25934     2     4      3 44868  1.5e-09        -
12164  4.5949e-08  3.0177e-12     25952  287 25952     2     4      3 44904  8.8e-10        -
12173  4.5976e-08  3.0177e-12     25970  287 25970     2     4      3 44940  1.5e-09        -
12182  4.6003e-08  2.7831e-12     25988  287 25988     2     4      3 44976  2.2e-09        -
12190  4.6025e-08  2.7831e-12     26004  287 26004     2     4      3 45008  2.3e-09        -
12198  4.6047e-08  2.7831e-12     26020  287 26020     2     4      3 45040  2.4e-09        -
12207  4.6072e-08  2.7831e-12     26038  287 26038     2     4      3 45076  2.9e-09        -
12216  4.6097e-08  2.7831e-12     26056  287 26056     2     4      3 45112  2.3e-09        -
12223  4.6117e-08  2.7831e-12     26070  287 26070     2     4      3 45140  2.5e-09        -
12230  4.6136e-08  2.7831e-12     26084  287 26084     2     4      3 45168  2.1e-09        -
12236  4.6153e-08  2.7831e-12     26096  287 26096     2     4      3 45192  2.1e-09        -
12242   4.617e-08  2.7831e-12     26108  287 26108     2     4      3 45216    2e-09        -
12249  4.6189e-08  2.7831e-12     26122  287 26122     2     4      3 45244  1.9e-09        -
12258  4.6214e-08  2.7831e-12     26140  287 26140     2     4      3 45280  1.7e-09        -
12268  4.6242e-08  2.7831e-12     26160  287 26160     2     4      3 45320  1.6e-09        -
12275   4.626e-08  2.5416e-12     26180  287 26180     2     4      3 45360  2.1e-09        -
12282  4.6278e-08  2.5416e-12     26201  287 26201     2     4      3 45402    2e-09        -
12289  4.6296e-08  2.5416e-12     26222  287 26222     2     4      3 45444  1.9e-09        -
12296  4.6314e-08  2.5416e-12     26243  287 26243     2     4      3 45486  1.7e-09        -
12303  4.6331e-08  2.5416e-12     26265  287 26265     2     4      3 45530  1.7e-09        -
12309  4.6347e-08  2.5416e-12     26286  287 26286     2     4      3 45569  1.6e-09        -
12315  4.6362e-08  2.5416e-12     26309  287 26309     2     4      3 45610    9e-07        -
12321  4.6377e-08  2.5416e-12     26333  287 26333     2     4      3 45652  8.5e-07        -
12327  4.6392e-08  2.5416e-12     26357  287 26357     2     4      3 45694    8e-07        -
12333  4.6408e-08  2.5416e-12     26381  287 26381     2     4      3 45736  7.5e-07        -
12339  4.6423e-08  2.5416e-12     26405  287 26405     2     4      3 45778    7e-07        -
12345  4.6438e-08  2.5416e-12     26429  287 26429     2     4      3 45820  6.5e-07        -
12350  4.6451e-08  2.5416e-12     26448  287 26448     2     4      3 45853  7.1e-07        -
12355  4.6463e-08  2.5416e-12     26465  287 26465     2     4      3 45882  8.6e-07        -
12361  4.6479e-08  2.5416e-12     26486  287 26486     2     4      3 45918  7.8e-07        -
12366  4.6491e-08  2.5416e-12     26504  287 26504     2     4      3 45949  6.9e-07        -
12371  4.6503e-08  3.4643e-12     26517  289 26517     2     4      3 45969  9.9e-07        -
12380  4.6535e-08  3.4643e-12     26535  289 26535     2     4      3 45992  3.1e-11        -
12388  4.6562e-08  3.4643e-12     26551  289 26551     2     4      3 46012  5.8e-12        -
12396   4.659e-08  3.4643e-12     26567  289 26567     2     4      3 46032  1.1e-12        -
12404  4.6618e-08  3.4643e-12     26583  289 26583     2     4      3 46051    4e-07        -
12412  4.6645e-08  3.4643e-12     26599  289 26599     2     4      3 46071  7.4e-13        -
12419   4.667e-08  3.4643e-12     26613  289 26613     2     4      3 46088  8.7e-07        -
12427  4.6697e-08  3.4643e-12     26629  289 26629     2     4      3 46112  1.7e-10        -
12435  4.6725e-08  3.4643e-12     26645  289 26645     2     4      3 46136  2.7e-10        -
12442  4.6748e-08  2.0186e-12     26659  290 26659     2     4      3 46157  3.5e-11        -
12448   4.677e-08  4.0372e-12     26671  291 26671     2     4      3 46175  2.4e-10        -
12455  4.6798e-08  4.0372e-12     26685  291 26685     2     4      3 46196  2.2e-09        -
12462  4.6827e-08  4.0372e-12     26699  291 26699     2     4      3 46217  1.9e-10        -
----       当前进度:  43 % - 
12469  4.6855e-08  4.0372e-12     26713  291 26713     2     4      3 46238  2.4e-09        -
12477  4.6887e-08  4.0372e-12     26729  291 26729     2     4      3 46262  2.4e-09        -
12484  4.6916e-08  4.0372e-12     26743  291 26743     2     4      3 46283  2.6e-10        -
12492  4.6948e-08  4.0372e-12     26759  291 26759     2     4      3 46307  2.9e-10        -
12499  4.6976e-08  4.0372e-12     26773  291 26773     2     4      3 46328  2.4e-09        -
12506  4.7004e-08  3.8853e-12     26787  291 26787     2     4      3 46351  4.2e-10        -
12513  4.7031e-08  3.8853e-12     26801  291 26801     2     4      3 46378  9.8e-10        -
12520  4.7058e-08  3.8853e-12     26815  291 26815     2     4      3 46406  5.4e-10        -
12528  4.7089e-08  3.8853e-12     26831  291 26831     2     4      3 46438  6.1e-10        -
12536   4.712e-08  3.8853e-12     26847  291 26847     2     4      3 46470  6.8e-10        -
12544  4.7152e-08  3.8853e-12     26863  291 26863     2     4      3 46502  7.5e-10        -
12551  4.7179e-08  3.8853e-12     26877  291 26877     2     4      3 46530  1.3e-09        -
12559   4.721e-08  3.8853e-12     26893  291 26893     2     4      3 46562  1.4e-09        -
12566  4.7237e-08  3.8853e-12     26907  291 26907     2     4      3 46590  9.5e-10        -
12571  4.7253e-08  2.6139e-12     26917  292 26917     2     4      3 46607    2e-08        -
12578  4.7271e-08  2.6139e-12     26931  292 26931     2     4      3 46628  1.1e-09        -
12585  4.7289e-08  2.6139e-12     26945  292 26945     2     4      3 46649  1.9e-09        -
12592  4.7308e-08  2.6139e-12     26959  292 26959     2     4      3 46670  8.3e-10        -
12599  4.7326e-08  2.6139e-12     26973  292 26973     2     4      3 46691  1.3e-09        -
12605  4.7341e-08  2.6139e-12     26985  292 26985     2     4      3 46709  1.2e-09        -
12611  4.7357e-08  2.6139e-12     26997  292 26997     2     4      3 46727  1.2e-09        -
12618  4.7375e-08  2.6139e-12     27011  292 27011     2     4      3 46748  6.3e-10        -
12624  4.7391e-08  2.6139e-12     27023  292 27023     2     4      3 46766  6.1e-10        -
12631  4.7409e-08  2.6139e-12     27037  292 27037     2     4      3 46787  1.1e-09        -
12638  4.7428e-08  2.6139e-12     27051  292 27051     2     4      3 46808  5.7e-10        -
12643  4.7441e-08  2.6139e-12     27061  292 27061     2     4      3 46823    1e-09        -
12649  4.7456e-08  2.6139e-12     27073  292 27073     2     4      3 46841    1e-09        -
12655  4.7472e-08  2.6139e-12     27085  292 27085     2     4      3 46859  9.9e-10        -
12660  4.7485e-08  2.6139e-12     27095  292 27095     2     4      3 46874  5.3e-10        -
12666    4.75e-08  2.1466e-12 out 27107  292 27107     2     4      3 46894  2.4e-09        -
12671  4.7521e-08  4.2932e-12     27117  293 27117     2     4      3 46909  2.3e-08        -
12677  4.7547e-08  4.2932e-12     27129  293 27129     2     4      3 46927  1.8e-08        -
12684  4.7577e-08  4.2932e-12     27143  293 27143     2     4      3 46948  1.2e-08        -
12690  4.7603e-08  4.2932e-12     27155  293 27155     2     4      3 46966  1.1e-08        -
12696  4.7629e-08  4.2932e-12     27167  293 27167     2     4      3 46984    1e-08        -
12702  4.7655e-08  4.2932e-12     27179  293 27179     2     4      3 47002    1e-08        -
12708   4.768e-08  4.2932e-12     27191  293 27191     2     4      3 47020  9.6e-09        -
12714  4.7706e-08  4.2932e-12     27203  293 27203     2     4      3 47038  9.2e-09        -
12720  4.7732e-08  4.2932e-12     27215  293 27215     2     4      3 47056    9e-09        -
12725   4.775e-08  2.6439e-12 out 27225  294 27225     2     4      3 47071  8.5e-09        -
12732  4.7769e-08  2.6439e-12     27239  294 27239     2     4      3 47092    4e-09        -
12739  4.7787e-08  2.6439e-12     27253  294 27253     2     4      3 47113    4e-08        -
12746  4.7806e-08  2.6439e-12     27267  294 27267     2     4      3 47134  3.3e-09        -
12753  4.7824e-08  2.6439e-12     27281  294 27281     2     4      3 47155  1.3e-08        -
12760  4.7843e-08  2.6439e-12     27295  294 27295     2     4      3 47176  2.8e-09        -
12768  4.7864e-08  2.6439e-12     27311  294 27311     2     4      3 47200  2.6e-09        -
12775  4.7882e-08  2.6439e-12     27325  294 27325     2     4      3 47221  6.7e-09        -
----       当前进度:  44 % - 正在组装残差
12782  4.7901e-08  2.6439e-12     27339  294 27339     2     4      3 47242  2.3e-09        -
12789  4.7919e-08  2.6439e-12     27353  294 27353     2     4      3 47263  5.5e-09        -
12796  4.7938e-08  2.6439e-12     27367  294 27367     2     4      3 47284  2.1e-09        -
12801  4.7951e-08  2.6439e-12     27377  294 27377     2     4      3 47299  4.8e-09        -
12808  4.7969e-08  2.6439e-12     27391  294 27391     2     4      3 47320    2e-09        -
12814  4.7985e-08  2.6439e-12     27403  294 27403     2     4      3 47338    2e-09        -
12820     4.8e-08  2.0577e-12 out 27419  294 27419     2     4      3 47366  2.4e-09        -
12825  4.8021e-08  4.1154e-12     27429  295 27429     2     4      3 47381  4.6e-08        -
12833  4.8053e-08  4.1154e-12     27445  295 27445     2     4      3 47405  1.5e-07        -
12838  4.8074e-08  4.1154e-12     27455  295 27455     2     4      3 47420  2.1e-08        -
12845  4.8103e-08  4.1154e-12     27469  295 27469     2     4      3 47441  4.4e-07        -
12851  4.8128e-08  4.1154e-12     27481  295 27481     2     4      3 47459  8.4e-07        -
12857  4.8152e-08  4.1154e-12     27493  295 27493     2     4      3 47477  2.1e-07        -
12864  4.8181e-08  4.1154e-12     27507  295 27507     2     4      3 47498  1.7e-08        -
12872  4.8214e-08  4.1154e-12     27523  295 27523     2     4      3 47524  1.6e-08        -
12879  4.8243e-08  4.1154e-12     27537  295 27537     2     4      3 47546  7.2e-07        -
12886  4.8268e-08   3.597e-12     27551  295 27551     2     4      3 47574    1e-08        -
12893  4.8293e-08   3.597e-12     27565  295 27565     2     4      3 47602  1.1e-08        -
12900  4.8318e-08   3.597e-12     27579  295 27579     2     4      3 47630    1e-08        -
12907  4.8344e-08   3.597e-12     27593  295 27593     2     4      3 47658  1.1e-08        -
12915  4.8372e-08   3.597e-12     27609  295 27609     2     4      3 47690  1.1e-08        -
12922  4.8397e-08   3.597e-12     27623  295 27623     2     4      3 47718  1.1e-08        -
12929  4.8423e-08   3.597e-12     27637  295 27637     2     4      3 47746  1.1e-08        -
12937  4.8451e-08   3.597e-12     27653  295 27653     2     4      3 47778  1.1e-08        -
12945   4.848e-08   3.597e-12     27669  295 27669     2     4      3 47810  1.1e-08        -
12952  4.8503e-08  2.7004e-12     27683  296 27683     2     4      3 47835  9.5e-09        -
12960  4.8524e-08  2.7004e-12     27699  296 27699     2     4      3 47859  9.3e-09        -
12968  4.8546e-08  2.7004e-12     27715  296 27715     2     4      3 47883  9.5e-09        -
12976  4.8568e-08  2.7004e-12     27731  296 27731     2     4      3 47907  1.2e-08        -
12984  4.8589e-08  2.7004e-12     27747  296 27747     2     4      3 47931  1.1e-08        -
12992  4.8611e-08  2.7004e-12     27763  296 27763     2     4      3 47955  3.4e-09        -
12999   4.863e-08  2.7004e-12     27777  296 27777     2     4      3 47976  7.3e-09        -
13005  4.8646e-08  2.7004e-12     27789  296 27789     2     4      3 47994  6.9e-09        -
13011  4.8662e-08  2.7004e-12     27801  296 27801     2     4      3 48012  6.5e-09        -
13017  4.8678e-08  2.7004e-12     27813  296 27813     2     4      3 48030  6.2e-09        -
13024  4.8697e-08  2.7004e-12     27827  296 27827     2     4      3 48051  4.3e-09        -
13031  4.8716e-08  2.7004e-12     27841  296 27841     2     4      3 48072  5.5e-09        -
13039  4.8738e-08  2.7004e-12     27857  296 27857     2     4      3 48096  5.2e-09        -
13045  4.8754e-08  4.2595e-12     27871  297 27871     2     4      3 48120  3.6e-08        -
13052  4.8784e-08  4.2595e-12     27885  297 27885     2     4      3 48141    3e-08        -
13059  4.8814e-08  4.2595e-12     27899  297 27899     2     4      3 48162  2.7e-08        -
13067  4.8848e-08  4.2595e-12     27915  297 27915     2     4      3 48186  2.4e-08        -
13074  4.8878e-08  4.2595e-12     27929  297 27929     2     4      3 48207  2.1e-08        -
13081  4.8908e-08  4.2595e-12     27943  297 27943     2     4      3 48228    2e-08        -
13089  4.8942e-08  4.2595e-12     27959  297 27959     2     4      3 48252  1.8e-08        -
13097  4.8976e-08  4.2595e-12     27975  297 27975     2     4      3 48276  1.7e-08        -
----       当前进度:  45 % - 正在组装残差
13104  4.9004e-08  3.6031e-12     27989  297 27989     2     4      3 48300  1.3e-08        -
13112  4.9032e-08  3.6031e-12     28005  297 28005     2     4      3 48332  1.3e-08        -
13120  4.9061e-08  3.6031e-12     28021  297 28021     2     4      3 48364  1.3e-08        -
13128   4.909e-08  3.6031e-12     28037  297 28037     2     4      3 48396  1.2e-08        -
13136  4.9119e-08  3.6031e-12     28053  297 28053     2     4      3 48428  1.2e-08        -
13144  4.9148e-08  3.6031e-12     28069  297 28069     2     4      3 48460  1.2e-08        -
13152  4.9177e-08  3.6031e-12     28085  297 28085     2     4      3 48492  1.2e-08        -
13160  4.9205e-08  3.6031e-12     28101  297 28101     2     4      3 48524  1.2e-08        -
13169  4.9238e-08  3.6031e-12     28119  297 28119     2     4      3 48560  1.1e-08        -
13175   4.926e-08  4.9863e-12     28131  299 28131     2     4      3 48580  3.9e-08        -
13183    4.93e-08  4.9863e-12     28147  299 28147     2     4      3 48604  3.2e-08        -
13192  4.9345e-08  4.9863e-12     28165  299 28165     2     4      3 48631  2.6e-08        -
13199   4.938e-08  4.9863e-12     28179  299 28179     2     4      3 48652  2.2e-08        -
13208  4.9425e-08  4.9863e-12     28197  299 28197     2     4      3 48679  1.8e-08        -
13217  4.9469e-08  4.9863e-12     28215  299 28215     2     4      3 48706  1.5e-08        -
13224    4.95e-08  2.8366e-12 out 28229  300 28229     2     4      3 48727  5.1e-09        -
13233  4.9526e-08  2.8366e-12     28247  300 28247     2     4      3 48754  4.1e-09        -
13242  4.9551e-08  2.8366e-12     28265  300 28265     2     4      3 48781  3.2e-09        -
13250  4.9574e-08  2.8366e-12     28281  300 28281     2     4      3 48805  2.7e-09        -
13258  4.9596e-08  2.8366e-12     28297  300 28297     2     4      3 48829  2.3e-09        -
13266  4.9619e-08  2.8366e-12     28313  300 28313     2     4      3 48853    2e-09        -
13273  4.9639e-08  2.8366e-12     28327  300 28327     2     4      3 48874  1.8e-09        -
13281  4.9662e-08  2.8366e-12     28343  300 28343     2     4      3 48898  1.5e-09        -
13289  4.9684e-08  2.8366e-12     28359  300 28359     2     4      3 48922  1.3e-09        -
13296  4.9704e-08  2.8366e-12     28373  300 28373     2     4      3 48943  1.1e-09        -
13303  4.9724e-08  2.8366e-12     28387  300 28387     2     4      3 48964  1.1e-09        -
13311  4.9747e-08  2.8366e-12     28403  300 28403     2     4      3 48988  9.3e-10        -
13317  4.9763e-08  3.2176e-12     28415  302 28415     2     4      3 49006  4.1e-09        -
13325  4.9789e-08  3.2176e-12     28431  302 28431     2     4      3 49030  3.1e-09        -
13334  4.9818e-08  3.2176e-12     28449  302 28449     2     4      3 49057  2.2e-09        -
13343  4.9847e-08  3.2176e-12     28467  302 28467     2     4      3 49084  1.8e-09        -
13352  4.9875e-08  3.2176e-12     28485  302 28485     2     4      3 49111  1.3e-09        -
13360  4.9901e-08  3.2176e-12     28501  302 28501     2     4      3 49135  1.1e-09        -
13368  4.9927e-08  3.2176e-12     28517  302 28517     2     4      3 49159  8.4e-10        -
13376  4.9953e-08  3.2176e-12     28533  302 28533     2     4      3 49183  6.7e-10        -
13383  4.9975e-08  3.2176e-12     28547  302 28547     2     4      3 49204  5.8e-10        -
13390  4.9997e-08  2.7331e-12     28561  302 28561     2     4      3 49226  1.3e-09        -
13397  5.0016e-08  2.7331e-12     28575  302 28575     2     4      3 49254  1.2e-09        -
13403  5.0033e-08  2.7331e-12     28587  302 28587     2     4      3 49278  1.2e-09        -
13411  5.0055e-08  2.7331e-12     28603  302 28603     2     4      3 49310  1.1e-09        -
13419  5.0077e-08  2.7331e-12     28619  302 28619     2     4      3 49342  9.5e-10        -
13427  5.0098e-08  2.7331e-12     28635  302 28635     2     4      3 49374  8.6e-10        -
13436  5.0123e-08  2.7331e-12     28653  302 28653     2     4      3 49410  7.5e-10        -
13443  5.0142e-08  2.7331e-12     28667  302 28667     2     4      3 49438  6.7e-10        -
13451  5.0164e-08  2.7331e-12     28683  302 28683     2     4      3 49470  5.8e-10        -
13459  5.0186e-08  2.7331e-12     28699  302 28699     2     4      3 49502    5e-10        -
13467  5.0208e-08  2.7331e-12     28715  302 28715     2     4      3 49534  4.2e-10        -
13472  5.0221e-08  2.7331e-12     28727  302 28727     2     4      3 49556  3.8e-10        -
13479  5.0241e-08  2.7331e-12     28745  302 28745     2     4      3 49588  3.3e-07        -
13484  5.0254e-08   4.024e-12     28756  304 28756     2     4      3 49606  6.2e-10        -
----       当前进度:  46 % - 
Memory: 844/1378 840/1584
13491  5.0282e-08   4.024e-12     28770  304 28770     2     4      3 49627  2.2e-10        -
13499  5.0314e-08   4.024e-12     28786  304 28786     2     4      3 49651    7e-11        -
13507  5.0347e-08   4.024e-12     28802  304 28802     2     4      3 49675  1.8e-11        -
13515  5.0379e-08   4.024e-12     28818  304 28818     2     4      3 49699  1.7e-12        -
13523  5.0411e-08   4.024e-12     28834  304 28834     2     4      3 49718  8.2e-13        -
13531  5.0443e-08   4.024e-12     28850  304 28850     2     4      3 49742  8.7e-12        -
13539  5.0475e-08   4.024e-12     28866  304 28866     2     4      3 49766  2.4e-11        -
13546    5.05e-08  2.2688e-12 out 28880  305 28880     2     4      3 49787  8.4e-11        -
13550  5.0518e-08  4.5377e-12     28888  306 28888     2     4      3 49799  1.1e-09        -
13557   5.055e-08  4.5377e-12     28902  306 28902     2     4      3 49820  3.6e-08        -
13565  5.0586e-08  4.5377e-12     28918  306 28918     2     4      3 49844  2.7e-09        -
13570  5.0609e-08  4.5377e-12     28928  306 28928     2     4      3 49859  2.7e-09        -
13574  5.0627e-08  4.5377e-12     28936  306 28936     2     4      3 49871  2.5e-09        -
13579   5.065e-08  4.5377e-12     28946  306 28946     2     4      3 49886  2.1e-09        -
13585  5.0677e-08  4.5377e-12     28958  306 28958     2     4      3 49904  2.2e-09        -
13590    5.07e-08  4.5377e-12     28968  306 28968     2     4      3 49919  2.6e-09        -
13596  5.0727e-08  4.5377e-12     28980  306 28980     2     4      3 49937  2.8e-09        -
13601  5.0748e-08  2.4827e-12     28990  307 28990     2     4      3 49952  6.3e-10        -
13605  5.0765e-08  4.9655e-12     28998  308 28998     2     4      3 49964  6.1e-09        -
13612    5.08e-08  4.9655e-12     29012  308 29012     2     4      3 49985    1e-08        -
13618  5.0829e-08  4.9655e-12     29024  308 29024     2     4      3 50003  1.7e-08        -
13624  5.0859e-08  4.9655e-12     29036  308 29036     2     4      3 50021  3.2e-08        -
13631  5.0894e-08  4.9655e-12     29050  308 29050     2     4      3 50042  1.9e-07        -
13636  5.0919e-08  4.9655e-12     29060  308 29060     2     4      3 50059  1.8e-07        -
13641  5.0944e-08  4.9655e-12     29070  308 29070     2     4      3 50074  5.3e-08        -
13647  5.0973e-08  4.9655e-12     29082  308 29082     2     4      3 50092  3.4e-08        -
13652  5.0997e-08  3.3458e-12     29096  309 29096     2     4      3 50115  4.2e-09        -
13656   5.101e-08  3.3458e-12     29104  310 29104     2     4      3 50127  4.7e-09        -
13660  5.1023e-08  3.3458e-12     29112  310 29112     2     4      3 50139  5.5e-09        -
13663  5.1033e-08  3.3458e-12     29118  310 29118     2     4      3 50148  5.9e-09        -
13668   5.105e-08  3.3458e-12     29128  310 29128     2     4      3 50163  7.8e-09        -
13673  5.1067e-08  3.3458e-12     29138  310 29138     2     4      3 50178  9.9e-09        -
13677   5.108e-08  3.3458e-12     29146  310 29146     2     4      3 50190  1.3e-08        -
13683    5.11e-08  3.3458e-12     29158  310 29158     2     4      3 50208  2.2e-08        -
13690  5.1124e-08  3.3458e-12     29172  310 29172     2     4      3 50229  7.2e-08        -
13696  5.1144e-08  3.3458e-12     29184  310 29184     2     4      3 50248  9.8e-08        -
13701  5.1161e-08  3.3458e-12     29194  310 29194     2     4      3 50263    3e-08        -
13707  5.1181e-08  3.3458e-12     29206  310 29206     2     4      3 50281  1.8e-08        -
13713  5.1201e-08  3.3458e-12     29218  310 29218     2     4      3 50299  1.3e-08        -
13718  5.1217e-08  3.3458e-12     29228  310 29228     2     4      3 50314  1.2e-08        -
13723  5.1234e-08  3.3458e-12     29238  310 29238     2     4      3 50329  9.6e-09        -
13728   5.125e-08  2.8766e-12 out 29248  310 29248     2     4      3 50346  3.1e-09        -
13734  5.1267e-08  2.8766e-12     29260  310 29260     2     4      3 50370  3.2e-09        -
13740  5.1285e-08  2.8766e-12     29272  310 29272     2     4      3 50394  3.2e-09        -
13746  5.1302e-08  2.8766e-12     29284  310 29284     2     4      3 50418  3.3e-09        -
13752  5.1319e-08  2.8766e-12     29296  310 29296     2     4      3 50442  3.3e-09        -
13758  5.1336e-08  2.8766e-12     29308  310 29308     2     4      3 50466  3.4e-09        -
----       当前进度:  47 % - 求解线性方程组
13763  5.1351e-08  2.8766e-12     29318  310 29318     2     4      3 50486  3.4e-09        -
13769  5.1368e-08  2.8766e-12     29330  310 29330     2     4      3 50510  3.4e-09        -
13776  5.1388e-08  2.8766e-12     29344  310 29344     2     4      3 50538  3.5e-09        -
13781  5.1402e-08  2.8766e-12     29354  310 29354     2     4      3 50558  3.5e-09        -
13787   5.142e-08  2.8766e-12     29366  310 29366     2     4      3 50582  3.6e-09        -
13793  5.1437e-08  2.8766e-12     29378  310 29378     2     4      3 50606  3.6e-09        -
13799  5.1454e-08  2.8766e-12     29390  310 29390     2     4      3 50630  3.7e-09        -
13805  5.1472e-08  2.8766e-12     29402  310 29402     2     4      3 50654  3.7e-09        -
13812  5.1492e-08  2.8766e-12     29416  310 29416     2     4      3 50682  3.8e-09        -
13818  5.1508e-08  2.7429e-12     29428  310 29428     2     4      3 50706  5.3e-09        -
13824  5.1525e-08  2.7429e-12     29440  310 29440     2     4      3 50730  5.4e-09        -
13827  5.1533e-08  2.7429e-12     29446  310 29446     2     4      3 50742  5.4e-09        -
13831  5.1544e-08  2.7429e-12     29454  310 29454     2     4      3 50758  5.4e-09        -
13837   5.156e-08  2.7429e-12     29466  310 29466     2     4      3 50782  5.5e-09        -
13842  5.1574e-08  2.7429e-12     29476  310 29476     2     4      3 50802  5.5e-09        -
13848  5.1591e-08  2.7429e-12     29488  310 29488     2     4      3 50826  5.6e-09        -
13855   5.161e-08  2.7429e-12     29502  310 29502     2     4      3 50854  5.6e-09        -
13861  5.1626e-08  2.7429e-12     29514  310 29514     2     4      3 50878  5.7e-09        -
13867  5.1643e-08  2.7429e-12     29526  310 29526     2     4      3 50902  5.7e-09        -
13873  5.1659e-08  2.7429e-12     29538  310 29538     2     4      3 50926  5.8e-09        -
13879  5.1676e-08  2.7429e-12     29550  310 29550     2     4      3 50950  5.8e-09        -
13883  5.1687e-08  2.7429e-12     29558  310 29558     2     4      3 50966  5.8e-09        -
13887  5.1697e-08  2.7429e-12     29566  310 29566     2     4      3 50982  5.9e-09        -
13892  5.1711e-08  2.7429e-12     29576  310 29576     2     4      3 51002  5.9e-09        -
13897  5.1725e-08  2.7429e-12     29586  310 29586     2     4      3 51022  5.9e-09        -
13904  5.1744e-08  2.7429e-12     29600  310 29600     2     4      3 51050    6e-09        -
13908  5.1753e-08  3.1404e-12     29608  312 29608     2     4      3 51063  9.6e-09        -
13914  5.1772e-08  3.1404e-12     29620  312 29620     2     4      3 51081  1.1e-08        -
13920  5.1791e-08  3.1404e-12     29632  312 29632     2     4      3 51099  1.2e-08        -
13927  5.1813e-08  3.1404e-12     29646  312 29646     2     4      3 51120  1.6e-08        -
13933  5.1832e-08  3.1404e-12     29658  312 29658     2     4      3 51138    2e-08        -
13939   5.185e-08  3.1404e-12     29670  312 29670     2     4      3 51156  2.8e-08        -
13946  5.1872e-08  3.1404e-12     29684  312 29684     2     4      3 51177  3.9e-08        -
13951  5.1888e-08  3.1404e-12     29694  312 29694     2     4      3 51192  1.1e-07        -
13956  5.1904e-08  3.1404e-12     29704  312 29704     2     4      3 51207  2.9e-08        -
13962  5.1923e-08  3.1404e-12     29716  312 29716     2     4      3 51225  9.6e-09        -
13966  5.1935e-08  3.1404e-12     29724  312 29724     2     4      3 51237  5.2e-09        -
13972  5.1954e-08  3.1404e-12     29736  312 29736     2     4      3 51255  1.4e-09        -
13977   5.197e-08  3.1404e-12     29746  312 29746     2     4      3 51270  9.6e-08        -
13982  5.1986e-08  3.1404e-12     29756  312 29756     2     4      3 51285  1.8e-09        -
13987     5.2e-08  2.5241e-12 out 29768  312 29768     2     4      3 51306  3.3e-09        -
13992  5.2013e-08  2.5241e-12     29783  312 29783     2     4      3 51336  3.3e-09        -
13996  5.2023e-08  2.5241e-12     29795  312 29795     2     4      3 51360  3.3e-09        -
14000  5.2033e-08  2.5241e-12     29807  312 29807     2     4      3 51384  3.3e-09        -
14005  5.2045e-08  2.5241e-12     29822  312 29822     2     4      3 51414  3.3e-09        -
14009  5.2056e-08  2.5241e-12     29834  312 29834     2     4      3 51438  3.3e-09        -
----       当前进度:  47 % - 正在组装残差
14014  5.2068e-08  2.5241e-12     29849  312 29849     2     4      3 51468  3.3e-09        -
14019  5.2081e-08  2.5241e-12     29864  312 29864     2     4      3 51498  3.2e-09        -
14023  5.2091e-08  2.5241e-12     29876  312 29876     2     4      3 51522  3.2e-09        -
14027  5.2101e-08  2.5241e-12     29888  312 29888     2     4      3 51546  3.2e-09        -
14031  5.2111e-08  2.5241e-12     29900  312 29900     2     4      3 51570  3.2e-09        -
14035  5.2121e-08  2.5241e-12     29912  312 29912     2     4      3 51594  3.2e-09        -
14040  5.2134e-08  2.5241e-12     29927  312 29927     2     4      3 51624  3.2e-09        -
14045  5.2146e-08  2.5241e-12     29942  312 29942     2     4      3 51654  3.1e-09        -
14050  5.2159e-08  2.5241e-12     29957  312 29957     2     4      3 51684  3.1e-09        -
14055  5.2172e-08  2.5241e-12     29972  312 29972     2     4      3 51714    3e-09        -
14060  5.2184e-08  2.5241e-12     29987  312 29987     2     4      3 51744  2.9e-09        -
14065  5.2197e-08  2.5241e-12     30002  312 30002     2     4      3 51774  2.8e-09        -
14069  5.2207e-08  2.5241e-12     30014  312 30014     2     4      3 51798  2.7e-09        -
14073  5.2217e-08  2.5241e-12     30026  312 30026     2     4      3 51822  2.6e-09        -
14078   5.223e-08  2.5241e-12     30041  312 30041     2     4      3 51852  2.5e-09        -
14082   5.224e-08  2.5241e-12     30053  312 30053     2     4      3 51876  2.3e-09        -
14086  5.2249e-08  1.3185e-12     30065  313 30065     2     4      3 51899  6.2e-11        -
14091  5.2261e-08  2.6371e-12     30075  314 30075     2     4      3 51914  9.6e-10        -
14097  5.2276e-08  2.6371e-12     30087  314 30087     2     4      3 51932  9.5e-10        -
14102   5.229e-08  2.6371e-12     30097  314 30097     2     4      3 51947    1e-09        -
14108  5.2305e-08  2.6371e-12     30109  314 30109     2     4      3 51965    1e-09        -
14113  5.2319e-08  2.6371e-12     30119  314 30119     2     4      3 51980  8.8e-10        -
14117  5.2329e-08  2.6371e-12     30127  314 30127     2     4      3 51992  8.6e-10        -
14121   5.234e-08  2.6371e-12     30135  314 30135     2     4      3 52004  8.3e-10        -
14126  5.2353e-08  2.6371e-12     30145  314 30145     2     4      3 52019  1.2e-09        -
14130  5.2363e-08  2.6371e-12     30153  314 30153     2     4      3 52031  1.2e-09        -
14133  5.2371e-08  2.6371e-12     30159  314 30159     2     4      3 52040  7.6e-10        -
14136  5.2379e-08  2.6371e-12     30165  314 30165     2     4      3 52049  1.3e-09        -
14140   5.239e-08  2.6371e-12     30173  314 30173     2     4      3 52061  1.4e-09        -
14146  5.2406e-08  2.6371e-12     30185  314 30185     2     4      3 52079  1.6e-09        -
14152  5.2421e-08  2.6371e-12     30197  314 30197     2     4      3 52097  1.8e-09        -
14158  5.2437e-08  2.6371e-12     30209  314 30209     2     4      3 52115  2.2e-09        -
14164  5.2453e-08  2.6371e-12     30221  314 30221     2     4      3 52133  2.8e-09        -
14171  5.2472e-08  2.6371e-12     30235  314 30235     2     4      3 52154  5.1e-10        -
14177  5.2487e-08  2.6371e-12     30247  314 30247     2     4      3 52172  4.8e-10        -
14183  5.2505e-08   4.754e-12     30259  315 30259     2     4      3 52192  9.9e-09        -
14190  5.2538e-08   4.754e-12     30273  315 30273     2     4      3 52213  9.9e-09        -
14197  5.2571e-08   4.754e-12     30287  315 30287     2     4      3 52234  8.2e-09        -
14200  5.2586e-08   4.754e-12     30293  315 30293     2     4      3 52243  1.1e-08        -
14205  5.2609e-08   4.754e-12     30303  315 30303     2     4      3 52258  7.3e-09        -
14211  5.2638e-08   4.754e-12     30315  315 30315     2     4      3 52276  6.7e-09        -
14218  5.2671e-08   4.754e-12     30329  315 30329     2     4      3 52297  1.9e-08        -
14224    5.27e-08   4.754e-12     30341  315 30341     2     4      3 52315  2.8e-08        -
14230  5.2728e-08   4.754e-12     30353  315 30353     2     4      3 52333  5.9e-08        -
14234  5.2746e-08  3.7742e-12     30365  316 30365     2     4      3 52353    3e-09        -
----       当前进度:  48 % - 正在组装残差
Memory: 843/1378 839/1584
14239  5.2765e-08  3.7742e-12     30375  317 30375     2     4      3 52368    3e-09        -
14245  5.2788e-08  3.7742e-12     30387  317 30387     2     4      3 52386  2.6e-09        -
14252  5.2814e-08  3.7742e-12     30401  317 30401     2     4      3 52407  6.4e-09        -
14258  5.2837e-08  3.7742e-12     30413  317 30413     2     4      3 52425  1.3e-08        -
14265  5.2863e-08  3.7742e-12     30427  317 30427     2     4      3 52446  1.6e-09        -
14272   5.289e-08  3.7742e-12     30441  317 30441     2     4      3 52467  6.9e-09        -
14278  5.2912e-08  3.7742e-12     30453  317 30453     2     4      3 52485  3.8e-09        -
14284  5.2935e-08  3.7742e-12     30465  317 30465     2     4      3 52503  2.6e-09        -
14291  5.2961e-08  3.7742e-12     30479  317 30479     2     4      3 52524  9.3e-10        -
14298  5.2988e-08  3.7742e-12     30493  317 30493     2     4      3 52545  1.3e-09        -
14302     5.3e-08  2.3386e-12 out 30501  318 30501     2     4      3 52557  3.6e-10        -
14307  5.3023e-08  4.6772e-12     30511  319 30511     2     4      3 52572  5.3e-09        -
14313  5.3051e-08  4.6772e-12     30523  319 30523     2     4      3 52590  4.3e-09        -
14319   5.308e-08  4.6772e-12     30535  319 30535     2     4      3 52608  3.5e-09        -
14326  5.3112e-08  4.6772e-12     30549  319 30549     2     4      3 52629  3.3e-08        -
14333  5.3145e-08  4.6772e-12     30563  319 30563     2     4      3 52650  2.3e-09        -
14340  5.3178e-08  4.6772e-12     30577  319 30577     2     4      3 52671  3.7e-09        -
14347   5.321e-08  4.6772e-12     30591  319 30591     2     4      3 52692  1.5e-09        -
14354  5.3243e-08  4.6772e-12     30605  319 30605     2     4      3 52713  1.6e-09        -
14357  5.3253e-08  3.3941e-12     30615  321 30615     2     4      3 52730    1e-09        -
14364  5.3277e-08  3.3941e-12     30629  321 30629     2     4      3 52751  2.9e-09        -
14370  5.3298e-08  3.3941e-12     30641  321 30641     2     4      3 52769  2.8e-09        -
14376  5.3318e-08  3.3941e-12     30653  321 30653     2     4      3 52787  8.4e-10        -
14381  5.3335e-08  3.3941e-12     30663  321 30663     2     4      3 52802    3e-10        -
14387  5.3355e-08  3.3941e-12     30675  321 30675     2     4      3 52820  2.4e-10        -
14392  5.3372e-08  3.3941e-12     30685  321 30685     2     4      3 52835  2.4e-10        -
14399  5.3396e-08  3.3941e-12     30699  321 30699     2     4      3 52856  1.6e-10        -
14405  5.3416e-08  3.3941e-12     30711  321 30711     2     4      3 52874  1.3e-10        -
14410  5.3433e-08  3.3941e-12     30721  321 30721     2     4      3 52889  1.1e-10        -
14416  5.3454e-08  3.3941e-12     30733  321 30733     2     4      3 52907  8.5e-11        -
14422  5.3474e-08  3.3941e-12     30745  321 30745     2     4      3 52925  6.9e-11        -
14427  5.3491e-08  3.3941e-12     30755  321 30755     2     4      3 52940    7e-11        -
14433  5.3508e-08  2.8132e-12     30767  321 30767     2     4      3 52963  7.8e-10        -
14440  5.3528e-08  2.8132e-12     30781  321 30781     2     4      3 52991  8.7e-10        -
14445  5.3542e-08  2.8132e-12     30791  321 30791     2     4      3 53011    2e-09        -
14452  5.3562e-08  2.8132e-12     30805  321 30805     2     4      3 53039  1.3e-09        -
14459  5.3582e-08  2.8132e-12     30819  321 30819     2     4      3 53067  2.2e-09        -
14464  5.3596e-08  2.8132e-12     30829  321 30829     2     4      3 53087  1.6e-09        -
14470  5.3613e-08  2.8132e-12     30841  321 30841     2     4      3 53111  1.6e-09        -
14476  5.3629e-08  2.8132e-12     30853  321 30853     2     4      3 53135  1.5e-09        -
14481  5.3643e-08  2.8132e-12     30863  321 30863     2     4      3 53155  1.6e-09        -
14487   5.366e-08  2.8132e-12     30875  321 30875     2     4      3 53179  1.5e-09        -
14492  5.3674e-08  2.8132e-12     30885  321 30885     2     4      3 53199  1.4e-09        -
14498  5.3691e-08  2.8132e-12     30897  321 30897     2     4      3 53223  1.3e-09        -
14505  5.3711e-08  2.8132e-12     30911  321 30911     2     4      3 53251  1.2e-09        -
14512  5.3731e-08  2.8132e-12     30925  321 30925     2     4      3 53279  1.1e-09        -
14516  5.3742e-08  2.8132e-12     30933  321 30933     2     4      3 53295  1.1e-09        -
----       当前进度:  49 % - 正在组装残差
14520  5.3753e-08  2.6272e-12     30947  321 30947     2     4      3 53320  8.6e-07        -
14522  5.3758e-08  2.6272e-12     30955  321 30955     2     4      3 53334  8.5e-07        -
14524  5.3763e-08  2.6272e-12     30963  321 30963     2     4      3 53348  8.3e-07        -
14528  5.3774e-08  2.6272e-12     30979  321 30979     2     4      3 53376  8.1e-07        -
14532  5.3784e-08  2.6272e-12     30995  321 30995     2     4      3 53404  7.9e-07        -
14536  5.3795e-08  2.6272e-12     31011  321 31011     2     4      3 53432  7.6e-07        -
14540  5.3805e-08  2.6272e-12     31027  321 31027     2     4      3 53460  7.4e-07        -
14543  5.3813e-08  2.6272e-12     31039  321 31039     2     4      3 53481  7.1e-07        -
14546  5.3821e-08  2.6272e-12     31051  321 31051     2     4      3 53502  7.1e-07        -
14549  5.3829e-08  2.6272e-12     31063  321 31063     2     4      3 53523  6.7e-07        -
14552  5.3837e-08  2.6272e-12     31074  321 31074     2     4      3 53542  6.8e-07        -
14556  5.3847e-08  2.6272e-12     31088  321 31088     2     4      3 53566  6.8e-07        -
14560  5.3858e-08  2.6272e-12     31102  321 31102     2     4      3 53590  6.7e-07        -
14564  5.3868e-08  2.6272e-12     31116  321 31116     2     4      3 53614  6.6e-07        -
14568  5.3879e-08  2.6272e-12     31130  321 31130     2     4      3 53638  6.6e-07        -
14571  5.3887e-08  2.6272e-12     31140  321 31140     2     4      3 53655  7.4e-07        -
14577  5.3902e-08  2.6272e-12     31154  321 31154     2     4      3 53679  8.9e-07        -
14582  5.3916e-08  2.6272e-12     31169  321 31169     2     4      3 53707  3.5e-10        -
14587  5.3929e-08  2.6272e-12     31183  321 31183     2     4      3 53733  6.6e-07        -
14592  5.3942e-08  2.6272e-12     31199  321 31199     2     4      3 53762  5.9e-07        -
14596  5.3952e-08  2.6272e-12     31211  321 31211     2     4      3 53784  5.7e-07        -
14600  5.3963e-08  2.6272e-12     31224  321 31224     2     4      3 53807  5.5e-07        -
14604  5.3973e-08  2.6272e-12     31238  321 31238     2     4      3 53831  5.4e-07        -
14607  5.3981e-08  2.6272e-12     31247  321 31247     2     4      3 53847  5.8e-07        -
14611  5.3992e-08  2.6272e-12     31260  321 31260     2     4      3 53870  5.6e-07        -
14615     5.4e-08  1.5199e-12 out 31270  322 31270     2     4      3 53887  4.1e-12        -
14620  5.4015e-08  3.0399e-12     31280  323 31280     2     4      3 53902  4.9e-11        -
14625   5.403e-08  3.0399e-12     31290  323 31290     2     4      3 53915  4.1e-07        -
14631  5.4049e-08  3.0399e-12     31302  323 31302     2     4      3 53930  1.6e-07        -
14638   5.407e-08  3.0399e-12     31316  323 31316     2     4      3 53947  7.3e-07        -
14645  5.4091e-08  3.0399e-12     31330  323 31330     2     4      3 53961  8.1e-08        -
14652  5.4112e-08  3.0399e-12     31344  323 31344     2     4      3 53979  6.5e-13        -
14659  5.4134e-08  3.0399e-12     31358  323 31358     2     4      3 53998  1.6e-11        -
14666  5.4155e-08  3.0399e-12     31372  323 31372     2     4      3 54019  4.3e-12        -
14672  5.4173e-08  3.0399e-12     31384  323 31384     2     4      3 54037  6.3e-12        -
14677  5.4188e-08  3.0399e-12     31394  323 31394     2     4      3 54052  5.2e-11        -
14681  5.4201e-08  3.0399e-12     31402  323 31402     2     4      3 54064  6.2e-11        -
14687  5.4219e-08  3.0399e-12     31414  323 31414     2     4      3 54082  7.9e-11        -
14691  5.4231e-08  3.0399e-12     31422  323 31422     2     4      3 54094  9.1e-11        -
14695  5.4243e-08  3.0399e-12     31430  323 31430     2     4      3 54106    1e-10        -
14699  5.4254e-08  3.7716e-12     31438  325 31438     2     4      3 54118  7.6e-10        -
14704  5.4273e-08  3.7716e-12     31448  325 31448     2     4      3 54133    3e-10        -
14708  5.4288e-08  3.7716e-12     31456  325 31456     2     4      3 54145  2.8e-10        -
14713  5.4307e-08  3.7716e-12     31466  325 31466     2     4      3 54160  8.1e-10        -
14717  5.4322e-08  3.7716e-12     31474  325 31474     2     4      3 54172  8.5e-10        -
14723  5.4344e-08  3.7716e-12     31486  325 31486     2     4      3 54190  9.1e-10        -
14730  5.4371e-08  3.7716e-12     31500  325 31500     2     4      3 54211  3.2e-10        -
14737  5.4397e-08  3.7716e-12     31514  325 31514     2     4      3 54232  1.1e-09        -
14744  5.4423e-08  3.7716e-12     31528  325 31528     2     4      3 54253  3.8e-10        -
14751   5.445e-08  3.7716e-12     31542  325 31542     2     4      3 54274  1.2e-09        -
14758  5.4476e-08  3.7716e-12     31556  325 31556     2     4      3 54295  4.5e-10        -
14764  5.4498e-08  2.4233e-12     31568  326 31568     2     4      3 54313  3.7e-10        -
14768  5.4515e-08  4.8466e-12     31576  327 31576     2     4      3 54325  3.7e-09        -
14775  5.4548e-08  4.8466e-12     31590  327 31590     2     4      3 54346  6.4e-09        -
14780  5.4573e-08  4.8466e-12     31600  327 31600     2     4      3 54361  3.5e-09        -
14786  5.4602e-08  4.8466e-12     31612  327 31612     2     4      3 54379  3.5e-09        -
14793  5.4636e-08  4.8466e-12     31626  327 31626     2     4      3 54400  6.4e-09        -
14798   5.466e-08  4.8466e-12     31636  327 31636     2     4      3 54415  3.6e-09        -
14804  5.4689e-08  4.8466e-12     31648  327 31648     2     4      3 54433  3.7e-09        -
14808  5.4708e-08  4.8466e-12     31656  327 31656     2     4      3 54445  3.8e-09        -
14812  5.4728e-08  4.8466e-12     31664  327 31664     2     4      3 54457  3.9e-09        -
14816  5.4746e-08  3.8357e-12     31676  328 31676     2     4      3 54477  3.9e-09        -
14820  5.4762e-08  3.8357e-12     31684  329 31684     2     4      3 54489  3.8e-09        -
14825  5.4781e-08  3.8357e-12     31694  329 31694     2     4      3 54504  6.2e-09        -
14832  5.4808e-08  3.8357e-12     31708  329 31708     2     4      3 54525  3.5e-09        -
14838  5.4831e-08  3.8357e-12     31720  329 31720     2     4      3 54543  3.4e-09        -
14844  5.4854e-08  3.8357e-12     31732  329 31732     2     4      3 54561  3.3e-09        -
14850  5.4877e-08  3.8357e-12     31744  329 31744     2     4      3 54579  3.3e-09        -
14857  5.4903e-08  3.8357e-12     31758  329 31758     2     4      3 54600  4.7e-09        -
14864   5.493e-08  3.8357e-12     31772  329 31772     2     4      3 54621  3.2e-09        -
14871  5.4957e-08  3.8357e-12     31786  329 31786     2     4      3 54642  4.1e-09        -
14878  5.4984e-08  3.8357e-12     31800  329 31800     2     4      3 54663  3.1e-09        -
14884  5.5005e-08  4.5163e-12     31812  331 31812     2     4      3 54681  1.1e-08        -
14889  5.5027e-08  4.5163e-12     31822  331 31822     2     4      3 54696  1.5e-08        -
14895  5.5054e-08  4.5163e-12     31834  331 31834     2     4      3 54714  1.3e-08        -
14900  5.5077e-08  4.5163e-12     31844  331 31844     2     4      3 54729    1e-08        -
14907  5.5108e-08  4.5163e-12     31858  331 31858     2     4      3 54750  1.1e-08        -
14914   5.514e-08  4.5163e-12     31872  331 31872     2     4      3 54771  9.6e-09        -
14920  5.5167e-08  4.5163e-12     31884  331 31884     2     4      3 54789  9.4e-09        -
14926  5.5194e-08  4.5163e-12     31896  331 31896     2     4      3 54807  9.2e-09        -
14932  5.5221e-08  4.5163e-12     31908  331 31908     2     4      3 54825  9.1e-09        -
14938  5.5247e-08  3.0601e-12     31924  332 31924     2     4      3 54851  4.4e-09        -
14944  5.5265e-08  3.0601e-12     31936  333 31936     2     4      3 54869  4.2e-09        -
14951  5.5287e-08  3.0601e-12     31950  333 31950     2     4      3 54890  2.6e-09        -
14957  5.5305e-08  3.0601e-12     31962  333 31962     2     4      3 54908  1.5e-09        -
14964  5.5327e-08  3.0601e-12     31976  333 31976     2     4      3 54929  3.8e-09        -
14971  5.5348e-08  3.0601e-12     31990  333 31990     2     4      3 54950  3.6e-10        -
14978  5.5369e-08  3.0601e-12     32004  333 32004     2     4      3 54971  3.5e-09        -
14985  5.5391e-08  3.0601e-12     32018  333 32018     2     4      3 54992  1.8e-09        -
14993  5.5415e-08  3.0601e-12     32034  333 32034     2     4      3 55016  2.6e-09        -
15001   5.544e-08  3.0601e-12     32050  333 32050     2     4      3 55040  3.3e-09        -
-----      当前进度:  50 % - 正在组装残差
15007  5.5458e-08  3.0601e-12     32062  333 32062     2     4      3 55058  3.9e-09        -
15015  5.5483e-08  3.0601e-12     32078  333 32078     2     4      3 55082  4.6e-09        -
15021    5.55e-08  2.5955e-12 out 32090  333 32090     2     4      3 55102  2.6e-09        -
15028  5.5518e-08  2.5955e-12     32104  333 32104     2     4      3 55130  2.5e-09        -
15036  5.5539e-08  2.5955e-12     32120  333 32120     2     4      3 55162  2.6e-09        -
15044   5.556e-08  2.5955e-12     32136  333 32136     2     4      3 55194  2.6e-09        -
15052   5.558e-08  2.5955e-12     32152  333 32152     2     4      3 55226  2.6e-09        -
15060  5.5601e-08  2.5955e-12     32168  333 32168     2     4      3 55258  2.6e-09        -
15068  5.5622e-08  2.5955e-12     32184  333 32184     2     4      3 55290  2.6e-09        -
15076  5.5643e-08  2.5955e-12     32200  333 32200     2     4      3 55322  2.7e-09        -
15085  5.5666e-08  2.5955e-12     32218  333 32218     2     4      3 55358  2.7e-09        -
15093  5.5687e-08  2.5955e-12     32234  333 32234     2     4      3 55390  2.7e-09        -
15101  5.5708e-08  2.5955e-12     32250  333 32250     2     4      3 55422  2.7e-09        -
15110  5.5731e-08  2.5955e-12     32268  333 32268     2     4      3 55458  2.7e-09        -
15117  5.5748e-08   1.714e-12     32282  334 32282     2     4      3 55485  1.2e-09        -
15124  5.5771e-08  3.4279e-12     32296  335 32296     2     4      3 55506  9.1e-09        -
15131  5.5795e-08  3.4279e-12     32310  335 32310     2     4      3 55527  8.4e-09        -
15139  5.5822e-08  3.4279e-12     32326  335 32326     2     4      3 55551  7.6e-09        -
15146  5.5846e-08  3.4279e-12     32340  335 32340     2     4      3 55572  6.5e-09        -
15154  5.5873e-08  3.4279e-12     32356  335 32356     2     4      3 55596  5.4e-09        -
15156   5.588e-08  3.4279e-12     32360  335 32360     2     4      3 55602    5e-09        -
15159  5.5891e-08  3.4279e-12     32366  335 32366     2     4      3 55611  5.2e-09        -
15162  5.5901e-08  3.4279e-12     32372  335 32372     2     4      3 55620  3.8e-09        -
15164  5.5908e-08  3.4279e-12     32376  335 32376     2     4      3 55626  3.3e-09        -
15168  5.5921e-08  3.4279e-12     32384  335 32384     2     4      3 55638    2e-09        -
15171  5.5932e-08  3.4279e-12     32390  335 32390     2     4      3 55647  2.9e-09        -
15178  5.5956e-08  3.4279e-12     32404  335 32404     2     4      3 55668  6.2e-09        -
15185   5.598e-08  3.4279e-12     32418  335 32418     2     4      3 55689  3.8e-09        -
15190  5.5997e-08   3.308e-12     32428  335 32428     2     4      3 55704    6e-07        -
15196  5.6017e-08   3.308e-12     32440  335 32440     2     4      3 55722  5.9e-07        -
15203   5.604e-08   3.308e-12     32454  335 32454     2     4      3 55743  5.9e-07        -
15209   5.606e-08   3.308e-12     32466  335 32466     2     4      3 55761  5.9e-07        -
15212  5.6069e-08   3.308e-12     32472  335 32472     2     4      3 55770  5.9e-07        -
15214  5.6076e-08   3.308e-12     32476  335 32476     2     4      3 55776  5.9e-07        -
15220  5.6096e-08   3.308e-12     32488  335 32488     2     4      3 55794  5.9e-07        -
15226  5.6116e-08   3.308e-12     32500  335 32500     2     4      3 55812  5.9e-07        -
15231  5.6132e-08   3.308e-12     32510  335 32510     2     4      3 55827  5.8e-07        -
15234  5.6142e-08   3.308e-12     32516  335 32516     2     4      3 55836  5.9e-07        -
15237  5.6152e-08   3.308e-12     32522  335 32522     2     4      3 55845  5.8e-07        -
15239  5.6159e-08   3.308e-12     32526  335 32526     2     4      3 55851  5.8e-07        -
15245  5.6179e-08   3.308e-12     32538  335 32538     2     4      3 55869  5.8e-07        -
15251  5.6198e-08   3.308e-12     32550  335 32550     2     4      3 55887    6e-07        -
15256  5.6215e-08   3.308e-12     32560  335 32560     2     4      3 55902    7e-07        -
15262  5.6235e-08   3.308e-12     32572  335 32572     2     4      3 55920  8.2e-07        -
15266  5.6247e-08  2.6045e-12     32584  336 32584     2     4      3 55940  1.1e-09        -
15270  5.6258e-08  2.6045e-12     32592  337 32592     2     4      3 55952    1e-09        -
-----      当前进度:  50 % - 
15275  5.6271e-08  2.6045e-12     32602  337 32602     2     4      3 55967  1.3e-09        -
15282  5.6289e-08  2.6045e-12     32616  337 32616     2     4      3 55988  8.9e-10        -
15288  5.6305e-08  2.6045e-12     32628  337 32628     2     4      3 56006  8.3e-10        -
15294   5.632e-08  2.6045e-12     32640  337 32640     2     4      3 56024  7.7e-10        -
15300  5.6336e-08  2.6045e-12     32652  337 32652     2     4      3 56042  7.2e-10        -
15305  5.6349e-08  2.6045e-12     32662  337 32662     2     4      3 56057  1.9e-09        -
15312  5.6367e-08  2.6045e-12     32676  337 32676     2     4      3 56078  6.2e-10        -
15319  5.6385e-08  2.6045e-12     32690  337 32690     2     4      3 56099  2.5e-09        -
15326  5.6404e-08  2.6045e-12     32704  337 32704     2     4      3 56120  5.3e-10        -
15333  5.6422e-08  2.6045e-12     32718  337 32718     2     4      3 56141  4.3e-09        -
15340   5.644e-08  2.6045e-12     32732  337 32732     2     4      3 56162  4.5e-10        -
15348  5.6461e-08  2.6045e-12     32748  337 32748     2     4      3 56186  4.1e-10        -
15356  5.6482e-08  2.6045e-12     32764  337 32764     2     4      3 56210  3.7e-10        -
15364  5.6503e-08  2.5905e-12     32780  337 32780     2     4      3 56234  9.6e-08        -
15371  5.6521e-08  2.5905e-12     32794  337 32794     2     4      3 56255  8.5e-08        -
15378  5.6539e-08  2.5905e-12     32808  337 32808     2     4      3 56276  1.1e-07        -
15386   5.656e-08  2.5905e-12     32824  337 32824     2     4      3 56300  1.1e-07        -
15393  5.6578e-08  2.5905e-12     32838  337 32838     2     4      3 56321    1e-07        -
15400  5.6596e-08  2.5905e-12     32852  337 32852     2     4      3 56342  1.3e-07        -
15407  5.6614e-08  2.5905e-12     32866  337 32866     2     4      3 56363  1.1e-07        -
15413   5.663e-08  2.5905e-12     32878  337 32878     2     4      3 56381  1.2e-07        -
15420  5.6648e-08  2.5905e-12     32892  337 32892     2     4      3 56402  1.5e-07        -
15428  5.6668e-08  2.5905e-12     32908  337 32908     2     4      3 56426  1.6e-07        -
15436  5.6689e-08  2.5905e-12     32924  337 32924     2     4      3 56450  1.7e-07        -
15443  5.6707e-08  2.5905e-12     32938  337 32938     2     4      3 56471  1.6e-07        -
15450  5.6725e-08  2.5905e-12     32952  337 32952     2     4      3 56492  1.9e-07        -
15458  5.6746e-08  2.5905e-12     32968  337 32968     2     4      3 56516    2e-07        -
15460   5.675e-08  1.9508e-12 out 32976  339 32976     2     4      3 56530  8.1e-11        -
15466  5.6773e-08  3.9016e-12     32988  340 32988     2     4      3 56548  9.6e-10        -
15474  5.6805e-08  3.9016e-12     33004  340 33004     2     4      3 56572  6.8e-10        -
15482  5.6836e-08  3.9016e-12     33020  340 33020     2     4      3 56596  5.1e-10        -
15490  5.6867e-08  3.9016e-12     33036  340 33036     2     4      3 56620  3.9e-10        -
15498  5.6898e-08  3.9016e-12     33052  340 33052     2     4      3 56644    3e-10        -
15506  5.6929e-08  3.9016e-12     33068  340 33068     2     4      3 56668  2.4e-10        -
15514  5.6961e-08  3.9016e-12     33084  340 33084     2     4      3 56692  1.9e-10        -
15522  5.6992e-08  3.9016e-12     33100  340 33100     2     4      3 56716  1.6e-10        -
15527  5.7008e-08  4.1992e-12     33110  342 33110     2     4      3 56731  1.3e-09        -
15534  5.7038e-08  4.1992e-12     33124  342 33124     2     4      3 56752    6e-10        -
15542  5.7071e-08  4.1992e-12     33140  342 33140     2     4      3 56776  3.9e-10        -
15550  5.7105e-08  4.1992e-12     33156  342 33156     2     4      3 56800  2.7e-10        -
15558  5.7139e-08  4.1992e-12     33172  342 33172     2     4      3 56824    2e-10        -
15566  5.7172e-08  4.1992e-12     33188  342 33188     2     4      3 56848  1.4e-10        -
15574  5.7206e-08  4.1992e-12     33204  342 33204     2     4      3 56872  1.1e-10        -
15581  5.7235e-08  4.1992e-12     33218  342 33218     2     4      3 56893  1.9e-10        -
15585   5.725e-08  3.2244e-12 out 33230  344 33230     2     4      3 56913  2.1e-10        -
15593  5.7276e-08  3.2244e-12     33246  344 33246     2     4      3 56937  3.5e-08        -
15601  5.7302e-08  3.2244e-12     33262  344 33262     2     4      3 56961  1.6e-10        -
15609  5.7327e-08  3.2244e-12     33278  344 33278     2     4      3 56985  6.7e-11        -
-----      当前进度:  51 % - 正在组装残差
15616   5.735e-08  3.2244e-12     33292  344 33292     2     4      3 57006    2e-11        -
15624  5.7376e-08  3.2244e-12     33308  344 33308     2     4      3 57030  1.4e-11        -
15633  5.7405e-08  3.2244e-12     33326  344 33326     2     4      3 57057  1.6e-11        -
15641  5.7431e-08  3.2244e-12     33342  344 33342     2     4      3 57081  1.1e-11        -
15648  5.7453e-08  3.2244e-12     33356  344 33356     2     4      3 57102  5.5e-12        -
15657  5.7482e-08  3.2244e-12     33374  344 33374     2     4      3 57129  5.3e-12        -
15662  5.7498e-08  2.4728e-12     33388  345 33388     2     4      3 57152  2.1e-11        -
15666  5.7515e-08  4.9455e-12     33396  347 33396     2     4      3 57164  2.1e-10        -
15674  5.7554e-08  4.9455e-12     33412  347 33412     2     4      3 57188  7.1e-11        -
15682  5.7594e-08  4.9455e-12     33428  347 33428     2     4      3 57212    3e-11        -
15689  5.7629e-08  4.9455e-12     33442  347 33442     2     4      3 57233  2.8e-11        -
15697  5.7668e-08  4.9455e-12     33458  347 33458     2     4      3 57257  9.8e-12        -
15705  5.7708e-08  4.9455e-12     33474  347 33474     2     4      3 57281  3.3e-12        -
15714   5.775e-08  3.8346e-12 out 33492  347 33492     2     4      3 57310  3.6e-11        -
15723  5.7785e-08  3.8346e-12     33510  347 33510     2     4      3 57343  8.1e-08        -
15732  5.7819e-08  3.8346e-12     33528  347 33528     2     4      3 57366  5.7e-07        -
15741  5.7854e-08  3.8346e-12     33546  347 33546     2     4      3 57399  1.6e-10        -
15747  5.7877e-08  3.8346e-12     33563  347 33563     2     4      3 57433  3.4e-10        -
15753    5.79e-08  3.8346e-12     33581  347 33581     2     4      3 57469    5e-10        -
15758  5.7919e-08  3.8346e-12     33597  347 33597     2     4      3 57500  5.5e-07        -
15763  5.7938e-08  3.8346e-12     33616  347 33616     2     4      3 57534    6e-07        -
15768  5.7957e-08  3.8346e-12     33636  347 33636     2     4      3 57569  6.4e-07        -
15773  5.7976e-08  3.8346e-12     33656  347 33656     2     4      3 57604  6.9e-07        -
15778  5.7995e-08  3.8346e-12     33676  347 33676     2     4      3 57639  7.4e-07        -
15784  5.8018e-08  4.5841e-12     33688  349 33688     2     4      3 57657  6.8e-10        -
15793   5.806e-08  4.5841e-12     33706  349 33706     2     4      3 57684  1.8e-09        -
15802  5.8101e-08  4.5841e-12     33724  349 33724     2     4      3 57711    4e-09        -
15811  5.8142e-08  4.5841e-12     33742  349 33742     2     4      3 57738  5.9e-09        -
15821  5.8188e-08  4.5841e-12     33762  349 33762     2     4      3 57769  1.3e-08        -
15831  5.8234e-08  4.5841e-12     33782  349 33782     2     4      3 57799  4.2e-08        -
15836  5.8254e-08  3.5202e-12     33796  351 33796     2     4      3 57822  1.1e-09        -
15846  5.8289e-08  3.5202e-12     33816  351 33816     2     4      3 57852  1.6e-09        -
15856  5.8324e-08  3.5202e-12     33836  351 33836     2     4      3 57882  2.4e-09        -
15866  5.8359e-08  3.5202e-12     33856  351 33856     2     4      3 57912  3.7e-09        -
15876  5.8394e-08  3.5202e-12     33876  351 33876     2     4      3 57942  6.3e-09        -
15886   5.843e-08  3.5202e-12     33896  351 33896     2     4      3 57972  1.4e-08        -
15896  5.8465e-08  3.5202e-12     33916  351 33916     2     4      3 58002  1.4e-07        -
15906  5.8498e-08  1.7913e-12     33936  352 33936     2     4      3 58032    3e-10        -
15913  5.8521e-08  3.5827e-12     33950  353 33950     2     4      3 58053  3.6e-09        -
15923  5.8557e-08  3.5827e-12     33970  353 33970     2     4      3 58083  4.4e-09        -
15933  5.8593e-08  3.5827e-12     33990  353 33990     2     4      3 58113  5.6e-09        -
15941  5.8622e-08  3.5827e-12     34006  353 34006     2     4      3 58137  6.8e-09        -
15949   5.865e-08  3.5827e-12     34022  353 34022     2     4      3 58161  8.6e-09        -
15959  5.8686e-08  3.5827e-12     34042  353 34042     2     4      3 58191  1.2e-08        -
15968  5.8719e-08  3.5827e-12     34060  353 34060     2     4      3 58218  1.4e-08        -
15978  5.8753e-08  3.1898e-12     34080  353 34080     2     4      3 58251  1.4e-09        -
15988  5.8785e-08  3.1898e-12     34100  353 34100     2     4      3 58291  1.5e-09        -
15998  5.8817e-08  3.1898e-12     34120  353 34120     2     4      3 58331  1.5e-09        -
-----      当前进度:  52 % - 求解线性方程组
16007  5.8846e-08  3.1898e-12     34138  353 34138     2     4      3 58367  1.6e-09        -
16017  5.8878e-08  3.1898e-12     34158  353 34158     2     4      3 58407  1.6e-09        -
16027  5.8909e-08  3.1898e-12     34178  353 34178     2     4      3 58447  1.7e-09        -
16037  5.8941e-08  3.1898e-12     34198  353 34198     2     4      3 58487  1.7e-09        -
16047  5.8973e-08  3.1898e-12     34218  353 34218     2     4      3 58527  1.7e-09        -
16056     5.9e-08  2.1933e-12 out 34236  354 34236     2     4      3 58561  1.4e-09        -
16065  5.9039e-08  4.3866e-12     34254  355 34254     2     4      3 58588  1.2e-08        -
16075  5.9083e-08  4.3866e-12     34274  355 34274     2     4      3 58618  1.4e-08        -
16085  5.9127e-08  4.3866e-12     34294  355 34294     2     4      3 58648  1.7e-08        -
16095  5.9171e-08  4.3866e-12     34314  355 34314     2     4      3 58678    2e-08        -
16105  5.9215e-08  4.3866e-12     34334  355 34334     2     4      3 58708  2.6e-08        -
16115  5.9259e-08  4.3692e-12     34354  355 34354     2     4      3 58738  7.1e-08        -
16125  5.9302e-08  4.3692e-12     34374  355 34374     2     4      3 58768  7.1e-08        -
16135  5.9346e-08  4.3692e-12     34394  355 34394     2     4      3 58798  7.1e-08        -
16145   5.939e-08  4.3692e-12     34414  355 34414     2     4      3 58828  7.1e-08        -
16155  5.9434e-08  4.3692e-12     34434  355 34434     2     4      3 58858  7.1e-08        -
16164  5.9473e-08  4.3692e-12     34452  355 34452     2     4      3 58885    7e-08        -
16172  5.9503e-08  2.6624e-12     34468  356 34468     2     4      3 58909  3.2e-09        -
16182  5.9529e-08  2.6624e-12     34488  356 34488     2     4      3 58939  3.5e-09        -
16192  5.9556e-08  2.6624e-12     34508  356 34508     2     4      3 58969    4e-09        -
16202  5.9583e-08  2.6624e-12     34528  356 34528     2     4      3 58999  4.8e-09        -
16212  5.9609e-08  2.6624e-12     34548  356 34548     2     4      3 59029  6.6e-09        -
16222  5.9636e-08  2.6624e-12     34568  356 34568     2     4      3 59059  1.5e-08        -
16232  5.9662e-08  2.6624e-12     34588  356 34588     2     4      3 59089    7e-10        -
16242  5.9689e-08  2.6624e-12     34608  356 34608     2     4      3 59119  1.3e-09        -
16252  5.9716e-08  2.6624e-12     34628  356 34628     2     4      3 59149  1.9e-09        -
16262  5.9742e-08  2.6624e-12     34648  356 34648     2     4      3 59179  2.1e-09        -
16271  5.9765e-08   2.531e-12     34666  356 34666     2     4      3 59206  3.5e-07        -
16279  5.9785e-08   2.531e-12     34682  356 34682     2     4      3 59230  3.6e-07        -
16288  5.9808e-08   2.531e-12     34700  356 34700     2     4      3 59257    4e-07        -
16296  5.9828e-08   2.531e-12     34716  356 34716     2     4      3 59281  5.5e-07        -
16305  5.9851e-08   2.531e-12     34734  356 34734     2     4      3 59309  1.1e-10        -
16314  5.9874e-08   2.531e-12     34752  356 34752     2     4      3 59344  9.9e-11        -
16323  5.9897e-08   2.531e-12     34770  356 34770     2     4      3 59380    1e-10        -
16330  5.9915e-08   2.531e-12     34784  356 34784     2     4      3 59407  9.5e-11        -
16338  5.9935e-08   2.531e-12     34800  356 34800     2     4      3 59439  9.8e-11        -
16347  5.9958e-08   2.531e-12     34818  356 34818     2     4      3 59474  9.9e-07        -
16355  5.9978e-08   2.531e-12     34834  356 34834     2     4      3 59506  9.8e-11        -
16358  5.9985e-08   2.531e-12     34840  356 34840     2     4      3 59518  9.5e-11        -
16361  5.9993e-08   2.531e-12     34846  356 34846     2     4      3 59530    1e-10        -
16365  6.0004e-08   4.496e-12     34854  357 34854     2     4      3 59545  4.5e-09        -
16373   6.004e-08   4.496e-12     34870  357 34870     2     4      3 59569  4.2e-09        -
16380  6.0072e-08   4.496e-12     34884  357 34884     2     4      3 59590  4.2e-09        -
16388  6.0108e-08   4.496e-12     34900  357 34900     2     4      3 59614  4.3e-09        -
16394  6.0135e-08   4.496e-12     34912  357 34912     2     4      3 59632  4.5e-09        -
16402  6.0171e-08   4.496e-12     34928  357 34928     2     4      3 59656  4.7e-09        -
16408  6.0198e-08   4.496e-12     34940  357 34940     2     4      3 59674    5e-09        -
16414  6.0225e-08   4.496e-12     34952  357 34952     2     4      3 59692  5.5e-09        -
16420   6.025e-08  3.6074e-12 out 34966  357 34966     2     4      3 59716    3e-09        -
16424  6.0264e-08  3.6074e-12     34978  357 34978     2     4      3 59740  2.8e-09        -
-----      当前进度:  54 % - 正在组装残差
16427  6.0275e-08  3.6074e-12     34987  357 34987     2     4      3 59758  2.8e-09        -
16432  6.0293e-08  3.6074e-12     35002  357 35002     2     4      3 59788  2.5e-09        -
16437  6.0311e-08  3.6074e-12     35017  357 35017     2     4      3 59818  2.4e-09        -
16441  6.0326e-08  3.6074e-12     35029  357 35029     2     4      3 59842  2.1e-09        -
16446  6.0344e-08  3.6074e-12     35044  357 35044     2     4      3 59872  1.8e-09        -
16451  6.0362e-08  3.6074e-12     35059  357 35059     2     4      3 59902  1.7e-09        -
16455  6.0376e-08  3.6074e-12     35071  357 35071     2     4      3 59926  1.5e-09        -
16460  6.0394e-08  3.6074e-12     35086  357 35086     2     4      3 59956  1.2e-09        -
16465  6.0412e-08  3.6074e-12     35101  357 35101     2     4      3 59986  1.1e-09        -
16470   6.043e-08  3.6074e-12     35116  357 35116     2     4      3 60016  8.8e-10        -
16475  6.0448e-08  3.6074e-12     35131  357 35131     2     4      3 60046  7.6e-10        -
16481   6.047e-08  3.6074e-12     35149  357 35149     2     4      3 60082  6.2e-10        -
16483  6.0477e-08  3.6074e-12     35155  357 35155     2     4      3 60094  5.8e-10        -
16488  6.0495e-08  3.6074e-12     35170  357 35170     2     4      3 60124  4.8e-10        -
16493  6.0514e-08  4.6957e-12     35180  359 35180     2     4      3 60139  2.6e-10        -
16501  6.0552e-08  4.6957e-12     35196  359 35196     2     4      3 60163  1.3e-10        -
16509  6.0589e-08  4.6957e-12     35212  359 35212     2     4      3 60187  7.7e-11        -
16516  6.0622e-08  4.6957e-12     35226  359 35226     2     4      3 60208  1.2e-10        -
16522   6.065e-08  4.6957e-12     35238  359 35238     2     4      3 60226  8.1e-11        -
16529  6.0683e-08  4.6957e-12     35252  359 35252     2     4      3 60247    3e-11        -
16537  6.0721e-08  4.6957e-12     35268  359 35268     2     4      3 60271  2.2e-11        -
16543  6.0747e-08  2.9117e-12     35280  360 35280     2     4      3 60289  2.8e-11        -
16550  6.0767e-08  2.9117e-12     35294  360 35294     2     4      3 60310  2.9e-11        -
16558  6.0791e-08  2.9117e-12     35310  360 35310     2     4      3 60334  8.2e-12        -
16566  6.0814e-08  2.9117e-12     35326  360 35326     2     4      3 60358  4.4e-12        -
16573  6.0834e-08  2.9117e-12     35340  360 35340     2     4      3 60379  1.6e-12        -
16581  6.0858e-08  2.9117e-12     35356  360 35356     2     4      3 60403  1.2e-12        -
16589  6.0881e-08  2.9117e-12     35372  360 35372     2     4      3 60427  9.1e-13        -
16597  6.0904e-08  2.9117e-12     35388  360 35388     2     4      3 60451  7.6e-13        -
16605  6.0928e-08  2.9117e-12     35404  360 35404     2     4      3 60475  6.7e-13        -
16613  6.0951e-08  2.9117e-12     35420  360 35420     2     4      3 60499  6.2e-13        -
16621  6.0974e-08  2.9117e-12     35436  360 35436     2     4      3 60523  6.1e-13        -
16629  6.0997e-08  2.7067e-12     35452  360 35452     2     4      3 60548  3.9e-12        -
16637  6.1019e-08  2.7067e-12     35468  360 35468     2     4      3 60580  3.9e-12        -
16645  6.1041e-08  2.7067e-12     35484  360 35484     2     4      3 60612  3.9e-12        -
16653  6.1062e-08  2.7067e-12     35500  360 35500     2     4      3 60644  3.8e-12        -
16659  6.1078e-08  2.7067e-12     35512  360 35512     2     4      3 60668  3.8e-12        -
16666  6.1097e-08  2.7067e-12     35526  360 35526     2     4      3 60696    4e-12        -
16673  6.1116e-08  2.7067e-12     35540  360 35540     2     4      3 60724  3.6e-12        -
16679  6.1133e-08  2.7067e-12     35552  360 35552     2     4      3 60748  3.5e-12        -
16686  6.1152e-08  2.7067e-12     35566  360 35566     2     4      3 60776  3.5e-12        -
16694  6.1173e-08  2.7067e-12     35582  360 35582     2     4      3 60808  3.3e-12        -
16701  6.1192e-08  2.7067e-12     35596  360 35596     2     4      3 60836  2.9e-12        -
16708  6.1211e-08  2.7067e-12     35610  360 35610     2     4      3 60864  2.8e-12        -
16716  6.1233e-08  2.7067e-12     35626  360 35626     2     4      3 60896  2.5e-12        -
16722  6.1248e-08  1.8441e-12     35638  361 35638     2     4      3 60919  1.2e-12        -
16728  6.1268e-08  3.6882e-12     35650  362 35650     2     4      3 60937  3.6e-11        -
16736  6.1298e-08  3.6882e-12     35666  362 35666     2     4      3 60961  2.7e-12        -
16743  6.1324e-08  3.6882e-12     35680  362 35680     2     4      3 60982  4.3e-13        -
16751  6.1353e-08  3.6882e-12     35696  362 35696     2     4      3 61006  1.5e-13        -
16758  6.1379e-08  3.6882e-12     35710  362 35710     2     4      3 61027  1.3e-13        -
16763  6.1398e-08  3.6882e-12     35720  362 35720     2     4      3 61042    7e-14        -
16770  6.1423e-08  3.6882e-12     35734  362 35734     2     4      3 61063  3.6e-14        -
16776  6.1445e-08  3.6882e-12     35746  362 35746     2     4      3 61080  7.4e-15        -
16783  6.1471e-08  3.6882e-12     35760  362 35760     2     4      3 61101  6.7e-14        -
16792  6.1503e-08  3.2882e-12     35778  362 35778     2     4      3 61131  8.3e-13        -
16800   6.153e-08  3.2882e-12     35794  362 35794     2     4      3 61163  2.2e-12        -
16809  6.1559e-08  3.2882e-12     35812  362 35812     2     4      3 61199  7.3e-12        -
16817  6.1585e-08  3.2882e-12     35828  362 35828     2     4      3 61231  1.4e-11        -
16825  6.1612e-08  3.2882e-12     35844  362 35844     2     4      3 61263  2.5e-11        -
16833  6.1638e-08  3.2882e-12     35860  362 35860     2     4      3 61295  4.4e-11        -
16840  6.1661e-08  3.2882e-12     35874  362 35874     2     4      3 61323    4e-11        -
16848  6.1687e-08  3.2882e-12     35890  362 35890     2     4      3 61355    6e-11        -
16856  6.1714e-08  3.2882e-12     35906  362 35906     2     4      3 61386  7.6e-11        -
16864   6.174e-08  3.2882e-12     35922  362 35922     2     4      3 61417  9.3e-11        -
16869  6.1753e-08  3.3813e-12     35932  364 35932     2     4      3 61433  2.5e-10        -
16877   6.178e-08  3.3813e-12     35948  364 35948     2     4      3 61457  3.6e-10        -
16883  6.1801e-08  3.3813e-12     35960  364 35960     2     4      3 61475  4.8e-10        -
16891  6.1828e-08  3.3813e-12     35976  364 35976     2     4      3 61499  7.3e-10        -
16899  6.1855e-08  3.3813e-12     35992  364 35992     2     4      3 61523  1.2e-09        -
16906  6.1878e-08  3.3813e-12     36006  364 36006     2     4      3 61544  9.5e-11        -
16913  6.1902e-08  3.3813e-12     36020  364 36020     2     4      3 61565  3.8e-09        -
16921  6.1929e-08  3.3813e-12     36036  364 36036     2     4      3 61589  3.4e-08        -
16929  6.1956e-08  3.3813e-12     36052  364 36052     2     4      3 61613  6.3e-09        -
16937  6.1983e-08  3.3813e-12     36068  364 36068     2     4      3 61637  3.3e-09        -
16945   6.201e-08  3.2715e-12     36084  364 36084     2     4      3 61661  4.2e-07        -
16953  6.2036e-08  3.2715e-12     36100  364 36100     2     4      3 61685    8e-07        -
16960  6.2059e-08  3.2715e-12     36114  364 36114     2     4      3 61710  2.3e-11        -
16968  6.2085e-08  3.2715e-12     36130  364 36130     2     4      3 61742  2.5e-11        -
16976  6.2111e-08  3.2715e-12     36146  364 36146     2     4      3 61774  2.8e-11        -
16984  6.2137e-08  3.2715e-12     36162  364 36162     2     4      3 61805  2.8e-11        -
16993  6.2167e-08  3.2715e-12     36180  364 36180     2     4      3 61841  3.7e-11        -
17002  6.2196e-08  3.2715e-12     36198  364 36198     2     4      3 61877  3.3e-11        -
17010  6.2222e-08  3.2715e-12     36214  364 36214     2     4      3 61908  3.4e-11        -
17018  6.2248e-08  2.3205e-12     36234  365 36234     2     4      3 61947  5.9e-11        -
17024  6.2273e-08  4.6409e-12     36246  367 36246     2     4      3 61965  8.3e-10        -
17032   6.231e-08  4.6409e-12     36262  367 36262     2     4      3 61989  7.3e-10        -
17041  6.2352e-08  4.6409e-12     36280  367 36280     2     4      3 62016  2.6e-09        -
17048  6.2385e-08  4.6409e-12     36294  367 36294     2     4      3 62037  6.3e-10        -
17055  6.2417e-08  4.6409e-12     36308  367 36308     2     4      3 62058    6e-09        -
17063  6.2454e-08  4.6409e-12     36324  367 36324     2     4      3 62082  1.4e-08        -
17071  6.2491e-08  4.6409e-12     36340  367 36340     2     4      3 62106  9.4e-08        -
17077  6.2517e-08  4.3354e-12     36358  367 36358     2     4      3 62136  2.3e-07        -
17084  6.2548e-08  4.3354e-12     36376  367 36376     2     4      3 62168  4.6e-10        -
-----      当前进度:  55 % - 正在组装残差
17092  6.2582e-08  4.3354e-12     36392  367 36392     2     4      3 62200  5.1e-10        -
17100  6.2617e-08  4.3354e-12     36408  367 36408     2     4      3 62232  5.7e-10        -
17108  6.2652e-08  4.3354e-12     36424  367 36424     2     4      3 62264  6.2e-10        -
17117  6.2691e-08  4.3354e-12     36442  367 36442     2     4      3 62300  8.1e-10        -
17124  6.2721e-08  4.3354e-12     36456  367 36456     2     4      3 62328  7.4e-10        -
17130  6.2746e-08  3.6098e-12     36472  368 36472     2     4      3 62359  1.1e-09        -
17135  6.2764e-08  3.6098e-12     36482  369 36482     2     4      3 62374  1.3e-09        -
17142   6.279e-08  3.6098e-12     36496  369 36496     2     4      3 62395    1e-09        -
17150  6.2819e-08  3.6098e-12     36512  369 36512     2     4      3 62419  9.9e-10        -
17158  6.2847e-08  3.6098e-12     36528  369 36528     2     4      3 62443  9.7e-10        -
17162  6.2862e-08  3.6098e-12     36536  369 36536     2     4      3 62455  9.6e-10        -
17168  6.2884e-08  3.6098e-12     36548  369 36548     2     4      3 62473  9.4e-10        -
17175  6.2909e-08  3.6098e-12     36562  369 36562     2     4      3 62494  1.9e-09        -
17183  6.2938e-08  3.6098e-12     36578  369 36578     2     4      3 62518    2e-09        -
17191  6.2967e-08  3.6098e-12     36594  369 36594     2     4      3 62542  2.1e-09        -
17199  6.2995e-08  3.6098e-12     36610  369 36610     2     4      3 62566  2.2e-09        -
17204  6.3014e-08  4.5329e-12     36620  371 36620     2     4      3 62581  3.1e-09        -
17212   6.305e-08  4.5329e-12     36636  371 36636     2     4      3 62605    3e-09        -
17220  6.3086e-08  4.5329e-12     36652  371 36652     2     4      3 62629    3e-09        -
17228  6.3122e-08  4.5329e-12     36668  371 36668     2     4      3 62653    3e-09        -
17236  6.3159e-08  4.5329e-12     36684  371 36684     2     4      3 62677    3e-09        -
17244  6.3195e-08  4.5329e-12     36700  371 36700     2     4      3 62701  3.1e-09        -
17251  6.3227e-08  4.5329e-12     36714  371 36714     2     4      3 62722  3.5e-09        -
17257   6.325e-08  2.6107e-12 out 36726  372 36726     2     4      3 62740  3.7e-10        -
17264  6.3268e-08  2.6107e-12     36740  372 36740     2     4      3 62761  3.7e-10        -
17271  6.3287e-08  2.6107e-12     36754  372 36754     2     4      3 62782  3.6e-10        -
17279  6.3307e-08  2.6107e-12     36770  372 36770     2     4      3 62806  3.5e-10        -
17287  6.3328e-08  2.6107e-12     36786  372 36786     2     4      3 62830  3.4e-10        -
17295  6.3349e-08  2.6107e-12     36802  372 36802     2     4      3 62854  3.3e-10        -
17303   6.337e-08  2.6107e-12     36818  372 36818     2     4      3 62878  3.2e-10        -
17311  6.3391e-08  2.6107e-12     36834  372 36834     2     4      3 62902  3.1e-10        -
17319  6.3412e-08  2.6107e-12     36850  372 36850     2     4      3 62926  2.9e-10        -
17327  6.3433e-08  2.6107e-12     36866  372 36866     2     4      3 62950  2.8e-10        -
17335  6.3454e-08  2.6107e-12     36882  372 36882     2     4      3 62974  2.7e-10        -
17343  6.3475e-08  2.6107e-12     36898  372 36898     2     4      3 62998  2.5e-10        -
17350  6.3493e-08  2.6107e-12     36912  372 36912     2     4      3 63019  5.6e-10        -
17356  6.3514e-08  4.5905e-12     36924  373 36924     2     4      3 63039  3.6e-09        -
17364   6.355e-08  4.5905e-12     36940  373 36940     2     4      3 63063  3.7e-09        -
17371  6.3583e-08  4.5905e-12     36954  373 36954     2     4      3 63084  2.8e-09        -
17379  6.3619e-08  4.5905e-12     36970  373 36970     2     4      3 63108  2.6e-09        -
17387  6.3656e-08  4.5905e-12     36986  373 36986     2     4      3 63132  2.4e-09        -
17393  6.3684e-08  4.5905e-12     36998  373 36998     2     4      3 63150  2.3e-09        -
17400  6.3716e-08  4.5905e-12     37012  373 37012     2     4      3 63171  4.3e-09        -
17407  6.3747e-08  3.3509e-12     37030  374 37030     2     4      3 63200  7.8e-10        -
17413  6.3767e-08  3.3509e-12     37042  375 37042     2     4      3 63218  7.3e-10        -
17421  6.3794e-08  3.3509e-12     37058  375 37058     2     4      3 63242  6.5e-10        -
17429   6.382e-08  3.3509e-12     37074  375 37074     2     4      3 63266  5.8e-10        -
17435   6.384e-08  3.3509e-12     37086  375 37086     2     4      3 63284  5.4e-10        -
-----      当前进度:  56 % - 
17442  6.3864e-08  3.3509e-12     37100  375 37100     2     4      3 63305  1.3e-09        -
17449  6.3887e-08  3.3509e-12     37114  375 37114     2     4      3 63326  4.4e-10        -
17455  6.3907e-08  3.3509e-12     37126  375 37126     2     4      3 63344  4.1e-10        -
17462  6.3931e-08  3.3509e-12     37140  375 37140     2     4      3 63365  1.9e-09        -
17468  6.3951e-08  3.3509e-12     37152  375 37152     2     4      3 63383  2.4e-09        -
17476  6.3978e-08  3.3509e-12     37168  375 37168     2     4      3 63407  3.6e-09        -
17482  6.3997e-08  2.6936e-12     37182  375 37182     2     4      3 63429  5.2e-07        -
17486  6.4008e-08  2.6936e-12     37198  375 37198     2     4      3 63457  5.3e-07        -
17490  6.4019e-08  2.6936e-12     37214  375 37214     2     4      3 63485  5.4e-07        -
17494   6.403e-08  2.6936e-12     37230  375 37230     2     4      3 63513  5.5e-07        -
17498   6.404e-08  2.6936e-12     37246  375 37246     2     4      3 63541  5.7e-07        -
17502  6.4051e-08  2.6936e-12     37262  375 37262     2     4      3 63569    6e-07        -
17506  6.4062e-08  2.6936e-12     37278  375 37278     2     4      3 63597  6.2e-07        -
17510  6.4073e-08  2.6936e-12     37294  375 37294     2     4      3 63625  6.6e-07        -
17514  6.4084e-08  2.6936e-12     37310  375 37310     2     4      3 63653    7e-07        -
17518  6.4094e-08  2.6936e-12     37326  375 37326     2     4      3 63681  7.5e-07        -
17522  6.4105e-08  2.6936e-12     37342  375 37342     2     4      3 63709  8.1e-07        -
17526  6.4116e-08  2.6936e-12     37358  375 37358     2     4      3 63737  8.8e-07        -
17530  6.4127e-08  2.6936e-12     37374  375 37374     2     4      3 63765  9.6e-07        -
17533  6.4135e-08  2.6936e-12     37384  377 37384     2     4      3 63782  5.1e-11        -
17541  6.4156e-08  2.6936e-12     37400  377 37400     2     4      3 63806  2.9e-11        -
17548  6.4175e-08  2.6936e-12     37414  377 37414     2     4      3 63827  8.3e-11        -
17556  6.4197e-08  2.6936e-12     37430  377 37430     2     4      3 63851  3.3e-11        -
17564  6.4218e-08  2.6936e-12     37446  377 37446     2     4      3 63875  1.9e-11        -
17572   6.424e-08  2.6936e-12     37462  377 37462     2     4      3 63899  1.3e-11        -
17579  6.4265e-08  4.8847e-12     37476  378 37476     2     4      3 63922  4.3e-10        -
17585  6.4294e-08  4.8847e-12     37488  378 37488     2     4      3 63940    3e-10        -
17589  6.4314e-08  4.8847e-12     37496  378 37496     2     4      3 63952  2.4e-10        -
17597  6.4353e-08  4.8847e-12     37512  378 37512     2     4      3 63976  1.7e-10        -
17604  6.4387e-08  4.8847e-12     37526  378 37526     2     4      3 63997    4e-10        -
17612  6.4426e-08  4.8847e-12     37542  378 37542     2     4      3 64021    2e-10        -
17620  6.4465e-08  4.8847e-12     37558  378 37558     2     4      3 64045  1.2e-10        -
17625  6.4489e-08  4.8847e-12     37568  378 37568     2     4      3 64060  5.5e-11        -
17630  6.4506e-08  2.8822e-12     37578  379 37578     2     4      3 64075  6.2e-11        -
17638  6.4529e-08  2.8822e-12     37594  379 37594     2     4      3 64099  3.4e-11        -
17645  6.4549e-08  2.8822e-12     37608  379 37608     2     4      3 64120  7.3e-12        -
17651  6.4566e-08  2.8822e-12     37620  379 37620     2     4      3 64138  5.4e-12        -
17658  6.4586e-08  2.8822e-12     37634  379 37634     2     4      3 64159    5e-12        -
17667  6.4612e-08  2.8822e-12     37652  379 37652     2     4      3 64186  2.8e-12        -
17676  6.4638e-08  2.8822e-12     37670  379 37670     2     4      3 64213  2.1e-12        -
17685  6.4664e-08  2.8822e-12     37688  379 37688     2     4      3 64240  1.5e-12        -
17694   6.469e-08  2.8822e-12     37706  379 37706     2     4      3 64267  1.1e-12        -
17702  6.4713e-08  2.8822e-12     37722  379 37722     2     4      3 64291  8.3e-13        -
17711  6.4739e-08  2.8822e-12     37740  379 37740     2     4      3 64318  7.2e-13        -
17720  6.4763e-08  2.5061e-12     37758  379 37758     2     4      3 64352  1.1e-11        -
17728  6.4783e-08  2.5061e-12     37774  379 37774     2     4      3 64384  1.5e-11        -
17736  6.4803e-08  2.5061e-12     37790  379 37790     2     4      3 64416    2e-11        -
17745  6.4825e-08  2.5061e-12     37808  379 37808     2     4      3 64452  2.1e-11        -
-----      当前进度:  57 % - 正在组装残差
17751   6.484e-08  2.5061e-12     37820  379 37820     2     4      3 64476  2.4e-11        -
17760  6.4863e-08  2.5061e-12     37838  379 37838     2     4      3 64509  9.5e-07        -
17769  6.4885e-08  2.5061e-12     37856  379 37856     2     4      3 64543  1.4e-11        -
17777  6.4905e-08  2.5061e-12     37872  379 37872     2     4      3 64574  1.4e-11        -
17785  6.4925e-08  2.5061e-12     37888  379 37888     2     4      3 64604  1.1e-11        -
17794  6.4948e-08  2.5061e-12     37906  379 37906     2     4      3 64637  9.8e-07        -
17803  6.4971e-08  2.5061e-12     37924  379 37924     2     4      3 64671  6.3e-12        -
17811  6.4991e-08  2.5061e-12     37942  379 37942     2     4      3 64703  4.9e-12        -
17817  6.5009e-08  4.3998e-12     37958  380 37958     2     4      3 64730  3.1e-11        -
17826  6.5048e-08  4.3998e-12     37976  380 37976     2     4      3 64757  1.7e-10        -
17835  6.5088e-08  4.3998e-12     37994  380 37994     2     4      3 64784  1.3e-12        -
17844  6.5128e-08  4.3998e-12     38012  380 38012     2     4      3 64810  6.7e-07        -
17853  6.5167e-08  4.3998e-12     38030  380 38030     2     4      3 64832  1.2e-13        -
17861  6.5202e-08  4.3998e-12     38046  380 38046     2     4      3 64856    7e-13        -
17871  6.5246e-08  4.0043e-12     38066  380 38066     2     4      3 64887    1e-11        -
17880  6.5282e-08  4.0043e-12     38084  380 38084     2     4      3 64923  3.9e-11        -
17887   6.531e-08  4.0043e-12     38098  380 38098     2     4      3 64951  2.8e-11        -
17896  6.5346e-08  4.0043e-12     38116  380 38116     2     4      3 64986  8.8e-11        -
17906  6.5386e-08  4.0043e-12     38136  380 38136     2     4      3 65025  1.2e-10        -
17916  6.5426e-08  4.0043e-12     38156  380 38156     2     4      3 65063  1.3e-10        -
17926  6.5466e-08  4.0043e-12     38176  380 38176     2     4      3 65102  1.7e-10        -
17933  6.5494e-08  4.0043e-12     38190  380 38190     2     4      3 65129  9.9e-11        -
17940  6.5514e-08  2.8699e-12     38204  381 38204     2     4      3 65150    7e-11        -
17949   6.554e-08  2.8699e-12     38222  381 38222     2     4      3 65177  2.9e-10        -
17959  6.5569e-08  2.8699e-12     38242  381 38242     2     4      3 65207  2.7e-10        -
17968  6.5595e-08  2.8699e-12     38260  381 38260     2     4      3 65234    6e-11        -
17976  6.5618e-08  2.8699e-12     38276  381 38276     2     4      3 65258  5.9e-11        -
17984  6.5641e-08  2.8699e-12     38292  381 38292     2     4      3 65282    6e-11        -
17994  6.5669e-08  2.8699e-12     38312  381 38312     2     4      3 65312    6e-11        -
18004  6.5698e-08  2.8699e-12     38332  381 38332     2     4      3 65342  6.2e-11        -
18014  6.5727e-08  2.8699e-12     38352  381 38352     2     4      3 65372  6.3e-11        -
18023   6.575e-08  1.5948e-12 out 38370  382 38370     2     4      3 65399  1.3e-11        -
18031  6.5776e-08  3.1896e-12     38386  383 38386     2     4      3 65423  2.4e-10        -
18041  6.5807e-08  3.1896e-12     38406  383 38406     2     4      3 65453  3.9e-10        -
18051  6.5839e-08  3.1896e-12     38426  383 38426     2     4      3 65483  7.5e-10        -
18061  6.5871e-08  3.1896e-12     38446  383 38446     2     4      3 65513  2.8e-09        -
18071  6.5903e-08  3.1896e-12     38466  383 38466     2     4      3 65543  2.5e-09        -
18081  6.5935e-08  3.1896e-12     38486  383 38486     2     4      3 65573  9.9e-10        -
18091  6.5967e-08  3.1896e-12     38506  383 38506     2     4      3 65603  6.7e-10        -
18101  6.5998e-08  2.2008e-12     38530  384 38530     2     4      3 65641  7.7e-11        -
18108  6.6026e-08  4.4015e-12     38544  386 38544     2     4      3 65662  1.8e-09        -
18118   6.607e-08  4.4015e-12     38564  386 38564     2     4      3 65692  1.8e-09        -
18128  6.6114e-08  4.4015e-12     38584  386 38584     2     4      3 65722  1.8e-09        -
18138  6.6158e-08  4.4015e-12     38604  386 38604     2     4      3 65752  1.7e-09        -
18148  6.6202e-08  4.4015e-12     38624  386 38624     2     4      3 65782  1.7e-09        -
18158  6.6246e-08  3.9584e-12     38644  386 38644     2     4      3 65813  9.5e-10        -
18168  6.6286e-08  3.9584e-12     38664  386 38664     2     4      3 65853  1.1e-09        -
-----      当前进度:  58 % - 
18178  6.6325e-08  3.9584e-12     38684  386 38684     2     4      3 65893  1.3e-09        -
18186  6.6357e-08  3.9584e-12     38700  386 38700     2     4      3 65925  1.4e-09        -
18194  6.6389e-08  3.9584e-12     38716  386 38716     2     4      3 65957  1.5e-09        -
18203  6.6424e-08  3.9584e-12     38734  386 38734     2     4      3 65993  1.3e-09        -
18212   6.646e-08  3.9584e-12     38752  386 38752     2     4      3 66029  1.6e-09        -
18221  6.6495e-08  3.9584e-12     38770  386 38770     2     4      3 66065  1.4e-09        -
18227  6.6518e-08  4.5818e-12     38782  388 38782     2     4      3 66083  5.6e-09        -
18237  6.6564e-08  4.5818e-12     38802  388 38802     2     4      3 66113    6e-09        -
18244  6.6596e-08  4.5818e-12     38816  388 38816     2     4      3 66134  6.3e-09        -
18253  6.6637e-08  4.5818e-12     38834  388 38834     2     4      3 66161  6.6e-09        -
18262  6.6679e-08  4.5818e-12     38852  388 38852     2     4      3 66188    6e-09        -
18271   6.672e-08  4.5818e-12     38870  388 38870     2     4      3 66215  7.3e-09        -
18279  6.6754e-08   3.582e-12     38892  388 38892     2     4      3 66254    2e-09        -
18284  6.6771e-08   3.582e-12     38912  388 38912     2     4      3 66294  2.1e-09        -
18289  6.6789e-08   3.582e-12     38932  388 38932     2     4      3 66334  2.1e-09        -
18293  6.6804e-08   3.582e-12     38948  388 38948     2     4      3 66366  2.1e-09        -
18297  6.6818e-08   3.582e-12     38964  388 38964     2     4      3 66398  2.1e-09        -
18302  6.6836e-08   3.582e-12     38984  388 38984     2     4      3 66438  2.1e-09        -
18306   6.685e-08   3.582e-12     39000  388 39000     2     4      3 66470  2.1e-09        -
18310  6.6865e-08   3.582e-12     39016  388 39016     2     4      3 66502  2.1e-09        -
18315  6.6883e-08   3.582e-12     39036  388 39036     2     4      3 66542  2.1e-09        -
18319  6.6897e-08   3.582e-12     39052  388 39052     2     4      3 66574  2.1e-09        -
18323  6.6911e-08   3.582e-12     39068  388 39068     2     4      3 66606  2.1e-09        -
18328  6.6929e-08   3.582e-12     39088  388 39088     2     4      3 66646  2.1e-09        -
18333  6.6947e-08   3.582e-12     39108  388 39108     2     4      3 66686  2.1e-09        -
18337  6.6961e-08   3.582e-12     39124  388 39124     2     4      3 66718  2.1e-09        -
18341  6.6976e-08   3.582e-12     39140  388 39140     2     4      3 66750  2.1e-09        -
18346  6.6994e-08   3.582e-12     39160  388 39160     2     4      3 66790  2.1e-09        -
18349  6.7003e-08  3.2131e-12     39170  390 39170     2     4      3 66807  2.6e-09        -
18358  6.7032e-08  3.2131e-12     39188  390 39188     2     4      3 66834  2.6e-09        -
18365  6.7055e-08  3.2131e-12     39202  390 39202     2     4      3 66855  2.6e-09        -
18373   6.708e-08  3.2131e-12     39218  390 39218     2     4      3 66879  2.6e-09        -
18382  6.7109e-08  3.2131e-12     39236  390 39236     2     4      3 66906  2.5e-09        -
18389  6.7132e-08  3.2131e-12     39250  390 39250     2     4      3 66927  2.7e-09        -
18394  6.7148e-08  3.2131e-12     39260  390 39260     2     4      3 66942  2.5e-09        -
18402  6.7174e-08  3.2131e-12     39276  390 39276     2     4      3 66966  2.5e-09        -
18410  6.7199e-08  3.2131e-12     39292  390 39292     2     4      3 66990  2.5e-09        -
18417  6.7222e-08  3.2131e-12     39306  390 39306     2     4      3 67011  2.6e-09        -
18425  6.7247e-08  2.9015e-12     39322  390 39322     2     4      3 67035  5.4e-07        -
18433   6.727e-08  2.9015e-12     39338  390 39338     2     4      3 67059  6.3e-07        -
18438  6.7285e-08  2.9015e-12     39348  390 39348     2     4      3 67075  2.8e-10        -
18446  6.7308e-08  2.9015e-12     39364  390 39364     2     4      3 67106  2.7e-10        -
18454  6.7331e-08  2.9015e-12     39380  390 39380     2     4      3 67137  2.6e-10        -
18462  6.7354e-08  2.9015e-12     39396  390 39396     2     4      3 67168  2.5e-10        -
18470  6.7378e-08  2.9015e-12     39412  390 39412     2     4      3 67199  2.4e-10        -
18478  6.7401e-08  2.9015e-12     39428  390 39428     2     4      3 67230  2.4e-10        -
18486  6.7424e-08  2.9015e-12     39444  390 39444     2     4      3 67261  2.3e-10        -
18494  6.7447e-08  2.9015e-12     39460  390 39460     2     4      3 67293  2.6e-10        -
-----      当前进度:  59 % - 正在组装残差
18503  6.7473e-08  2.9015e-12     39478  390 39478     2     4      3 67327  9.8e-07        -
18510  6.7494e-08  2.9015e-12     39492  390 39492     2     4      3 67355  2.4e-10        -
18515  6.7507e-08  3.3702e-12     39502  392 39502     2     4      3 67370  6.2e-10        -
18523  6.7534e-08  3.3702e-12     39518  392 39518     2     4      3 67394  5.9e-10        -
18530  6.7557e-08  3.3702e-12     39532  392 39532     2     4      3 67415  5.8e-10        -
18537  6.7581e-08  3.3702e-12     39546  392 39546     2     4      3 67436  5.3e-10        -
18545  6.7608e-08  3.3702e-12     39562  392 39562     2     4      3 67460  4.9e-10        -
18551  6.7628e-08  3.3702e-12     39574  392 39574     2     4      3 67478  4.7e-10        -
18559  6.7655e-08  3.3702e-12     39590  392 39590     2     4      3 67502  4.4e-10        -
18567  6.7682e-08  3.3702e-12     39606  392 39606     2     4      3 67526  4.1e-10        -
18574  6.7706e-08  3.3702e-12     39620  392 39620     2     4      3 67547  7.4e-10        -
18582  6.7733e-08  3.3702e-12     39636  392 39636     2     4      3 67571  8.2e-10        -
18589  6.7754e-08  3.9768e-12     39650  394 39650     2     4      3 67592  9.5e-10        -
18595  6.7778e-08  3.9768e-12     39662  394 39662     2     4      3 67610  8.9e-10        -
18602  6.7806e-08  3.9768e-12     39676  394 39676     2     4      3 67631  8.1e-10        -
18609  6.7834e-08  3.9768e-12     39690  394 39690     2     4      3 67652  7.5e-10        -
18616  6.7861e-08  3.9768e-12     39704  394 39704     2     4      3 67673  8.7e-10        -
18624  6.7893e-08  3.9768e-12     39720  394 39720     2     4      3 67697  9.3e-10        -
18632  6.7925e-08  3.9768e-12     39736  394 39736     2     4      3 67721    1e-09        -
18640  6.7957e-08  3.9768e-12     39752  394 39752     2     4      3 67745  1.2e-09        -
18647  6.7985e-08  3.9768e-12     39766  394 39766     2     4      3 67766  4.5e-10        -
18655  6.8015e-08  3.7071e-12     39782  394 39782     2     4      3 67794  1.5e-10        -
18662  6.8041e-08  3.7071e-12     39796  394 39796     2     4      3 67821  1.1e-10        -
18669  6.8067e-08  3.7071e-12     39810  394 39810     2     4      3 67848  1.2e-10        -
18677  6.8096e-08  3.7071e-12     39826  394 39826     2     4      3 67880  1.3e-10        -
18685  6.8126e-08  3.7071e-12     39842  394 39842     2     4      3 67911  1.1e-10        -
18693  6.8156e-08  3.7071e-12     39858  394 39858     2     4      3 67942    1e-10        -
18701  6.8185e-08  3.7071e-12     39874  394 39874     2     4      3 67973    9e-11        -
18709  6.8215e-08  3.7071e-12     39890  394 39890     2     4      3 68004    1e-06        -
18717  6.8245e-08  3.7071e-12     39906  394 39906     2     4      3 68036  8.1e-11        -
18721  6.8255e-08   2.667e-12     39918  396 39918     2     4      3 68056  4.7e-11        -
18729  6.8277e-08   2.667e-12     39934  396 39934     2     4      3 68080  3.5e-11        -
18737  6.8298e-08   2.667e-12     39950  396 39950     2     4      3 68104  2.7e-11        -
18745  6.8319e-08   2.667e-12     39966  396 39966     2     4      3 68128  2.1e-11        -
18753  6.8341e-08   2.667e-12     39982  396 39982     2     4      3 68152  1.7e-11        -
18761  6.8362e-08   2.667e-12     39998  396 39998     2     4      3 68176  1.3e-11        -
18769  6.8383e-08   2.667e-12     40014  396 40014     2     4      3 68200  1.1e-11        -
18777  6.8405e-08   2.667e-12     40030  396 40030     2     4      3 68224  8.4e-12        -
18785  6.8426e-08   2.667e-12     40046  396 40046     2     4      3 68248  6.7e-12        -
18793  6.8447e-08   2.667e-12     40062  396 40062     2     4      3 68272  5.4e-12        -
18801  6.8469e-08   2.667e-12     40078  396 40078     2     4      3 68296  4.3e-12        -
18809   6.849e-08   2.667e-12     40094  396 40094     2     4      3 68320  3.4e-12        -
18814  6.8505e-08  4.6335e-12     40104  397 40104     2     4      3 68337  1.5e-10        -
18822  6.8542e-08  4.6335e-12     40120  397 40120     2     4      3 68361  1.9e-10        -
18829  6.8574e-08  4.6335e-12     40134  397 40134     2     4      3 68382  9.3e-11        -
18836  6.8607e-08  4.6335e-12     40148  397 40148     2     4      3 68403  5.8e-10        -
18844  6.8644e-08  4.6335e-12     40164  397 40164     2     4      3 68427    8e-11        -
18851  6.8676e-08  4.6335e-12     40178  397 40178     2     4      3 68448  2.3e-11        -
18856  6.8699e-08  4.6335e-12     40188  397 40188     2     4      3 68463  1.7e-11        -
------     当前进度:  60 % - 正在组装残差
18861  6.8722e-08  4.6335e-12     40198  397 40198     2     4      3 68478    1e-11        -
18868  6.8755e-08  4.5278e-12     40212  397 40212     2     4      3 68499  3.2e-07        -
18875  6.8786e-08  4.5278e-12     40226  397 40226     2     4      3 68520  2.5e-07        -
18882  6.8818e-08  4.5278e-12     40240  397 40240     2     4      3 68541  2.6e-07        -
18888  6.8845e-08  4.5278e-12     40252  397 40252     2     4      3 68559  1.1e-07        -
18894  6.8872e-08  4.5278e-12     40264  397 40264     2     4      3 68575  2.7e-07        -
18900  6.8899e-08  4.5278e-12     40276  397 40276     2     4      3 68594  7.6e-13        -
18907  6.8931e-08  4.5278e-12     40290  397 40290     2     4      3 68622  1.9e-12        -
18913  6.8958e-08  4.5278e-12     40302  397 40302     2     4      3 68645  9.9e-07        -
18920   6.899e-08  4.5278e-12     40316  397 40316     2     4      3 68671  2.2e-12        -
18925  6.9005e-08  2.7493e-12     40326  398 40326     2     4      3 68686  7.7e-12        -
18931  6.9022e-08  2.7493e-12     40338  398 40338     2     4      3 68704  1.1e-11        -
18939  6.9044e-08  2.7493e-12     40354  398 40354     2     4      3 68728  3.6e-12        -
18947  6.9066e-08  2.7493e-12     40370  398 40370     2     4      3 68752  2.9e-12        -
18954  6.9085e-08  2.7493e-12     40384  398 40384     2     4      3 68773  9.1e-13        -
18959  6.9099e-08  2.7493e-12     40394  398 40394     2     4      3 68788  2.4e-12        -
18967  6.9121e-08  2.7493e-12     40410  398 40410     2     4      3 68812  2.3e-12        -
18975  6.9143e-08  2.7493e-12     40426  398 40426     2     4      3 68836  2.4e-12        -
18983  6.9165e-08  2.7493e-12     40442  398 40442     2     4      3 68860  2.4e-12        -
18991  6.9187e-08  2.7493e-12     40458  398 40458     2     4      3 68884  2.5e-12        -
18999  6.9209e-08  2.7493e-12     40474  398 40474     2     4      3 68908  2.6e-12        -
19007  6.9231e-08  2.7493e-12     40490  398 40490     2     4      3 68932  2.8e-12        -
19015  6.9253e-08  2.6565e-12     40506  398 40506     2     4      3 68956  7.6e-07        -
19023  6.9274e-08  2.6565e-12     40522  398 40522     2     4      3 68985  1.6e-12        -
19031  6.9295e-08  2.6565e-12     40538  398 40538     2     4      3 69017  1.8e-12        -
19039  6.9316e-08  2.6565e-12     40554  398 40554     2     4      3 69048  1.8e-12        -
19047  6.9338e-08  2.6565e-12     40570  398 40570     2     4      3 69080    2e-12        -
19054  6.9356e-08  2.6565e-12     40584  398 40584     2     4      3 69108  1.9e-12        -
19062  6.9378e-08  2.6565e-12     40600  398 40600     2     4      3 69139  1.9e-12        -
19070  6.9399e-08  2.6565e-12     40616  398 40616     2     4      3 69171  2.1e-12        -
19078   6.942e-08  2.6565e-12     40632  398 40632     2     4      3 69203  2.3e-12        -
19086  6.9441e-08  2.6565e-12     40648  398 40648     2     4      3 69234  2.3e-12        -
19094  6.9463e-08  2.6565e-12     40664  398 40664     2     4      3 69266  2.4e-12        -
19102  6.9484e-08  2.6565e-12     40680  398 40680     2     4      3 69298  2.6e-12        -
19109    6.95e-08  1.4723e-12 out 40694  399 40694     2     4      3 69324  2.1e-12        -
19116  6.9521e-08  2.9446e-12     40708  400 40708     2     4      3 69345  1.8e-11        -
19124  6.9544e-08  2.9446e-12     40724  400 40724     2     4      3 69369  1.4e-11        -
19132  6.9568e-08  2.9446e-12     40740  400 40740     2     4      3 69393  1.2e-11        -
19140  6.9591e-08  2.9446e-12     40756  400 40756     2     4      3 69417  1.1e-11        -
19148  6.9615e-08  2.9446e-12     40772  400 40772     2     4      3 69441  9.7e-12        -
19156  6.9638e-08  2.9446e-12     40788  400 40788     2     4      3 69465  9.1e-12        -
19164  6.9662e-08  2.9446e-12     40804  400 40804     2     4      3 69489  8.7e-12        -
19173  6.9688e-08  2.9446e-12     40822  400 40822     2     4      3 69516  2.2e-11        -
19180  6.9709e-08  2.9446e-12     40836  400 40836     2     4      3 69537  8.1e-12        -
19187   6.973e-08  2.9446e-12     40850  400 40850     2     4      3 69558  1.9e-11        -
19193  6.9747e-08  2.8005e-12     40862  400 40862     2     4      3 69577  9.8e-12        -
19201   6.977e-08  2.8005e-12     40878  400 40878     2     4      3 69609  1.1e-11        -
19209  6.9792e-08  2.8005e-12     40894  400 40894     2     4      3 69641  1.1e-11        -
19216  6.9812e-08  2.8005e-12     40908  400 40908     2     4      3 69669  1.1e-11        -
------     当前进度:  61 % - 正在组装残差
19222  6.9828e-08  2.8005e-12     40920  400 40920     2     4      3 69693  1.2e-11        -
19229  6.9848e-08  2.8005e-12     40934  400 40934     2     4      3 69721  1.4e-11        -
19235  6.9865e-08  2.8005e-12     40946  400 40946     2     4      3 69745  1.4e-11        -
19239  6.9876e-08  2.8005e-12     40954  400 40954     2     4      3 69761  1.5e-11        -
19245  6.9893e-08  2.8005e-12     40966  400 40966     2     4      3 69785  1.6e-11        -
19250  6.9907e-08  2.8005e-12     40976  400 40976     2     4      3 69805  1.5e-11        -
19255  6.9921e-08  2.8005e-12     40986  400 40986     2     4      3 69825  1.7e-11        -
19262   6.994e-08  2.8005e-12     41000  400 41000     2     4      3 69853  1.6e-11        -
19268  6.9957e-08  2.8005e-12     41012  400 41012     2     4      3 69877  1.7e-11        -
19275  6.9977e-08  2.8005e-12     41026  400 41026     2     4      3 69904  1.8e-11        -
19283  6.9998e-08  1.7772e-12     41042  401 41042     2     4      3 69935  1.2e-11        -
19286  7.0007e-08  3.5544e-12     41048  402 41048     2     4      3 69944  1.7e-10        -
19293  7.0032e-08  3.5544e-12     41062  402 41062     2     4      3 69965  2.2e-10        -
19300  7.0057e-08  3.5544e-12     41076  402 41076     2     4      3 69986  1.5e-10        -
19306  7.0078e-08  3.5544e-12     41088  402 41088     2     4      3 70004  1.4e-10        -
19312    7.01e-08  3.5544e-12     41100  402 41100     2     4      3 70022  1.4e-10        -
19317  7.0117e-08  3.5544e-12     41110  402 41110     2     4      3 70037  3.4e-10        -
19323  7.0139e-08  3.5544e-12     41122  402 41122     2     4      3 70055  3.8e-10        -
19329   7.016e-08  3.5544e-12     41134  402 41134     2     4      3 70073  4.2e-10        -
19335  7.0181e-08  3.5544e-12     41146  402 41146     2     4      3 70091  4.8e-10        -
19340  7.0199e-08  3.5544e-12     41156  402 41156     2     4      3 70106  1.2e-10        -
19346   7.022e-08  3.5544e-12     41168  402 41168     2     4      3 70124  1.2e-10        -
19353  7.0245e-08  3.5544e-12     41182  402 41182     2     4      3 70145  7.2e-10        -
19355   7.025e-08   2.372e-12 out 41190  404 41190     2     4      3 70159  4.4e-11        -
19361  7.0278e-08  4.7439e-12     41202  405 41202     2     4      3 70177  7.4e-10        -
19369  7.0316e-08  4.7439e-12     41218  405 41218     2     4      3 70201  7.8e-10        -
19377  7.0354e-08  4.7439e-12     41234  405 41234     2     4      3 70225  8.1e-10        -
19384  7.0388e-08  4.7439e-12     41248  405 41248     2     4      3 70246  6.1e-10        -
19392  7.0426e-08  4.7439e-12     41264  405 41264     2     4      3 70270    6e-10        -
19399  7.0459e-08  4.7439e-12     41278  405 41278     2     4      3 70291  8.8e-10        -
19406  7.0492e-08  4.7439e-12     41292  405 41292     2     4      3 70312    6e-10        -
19414  7.0524e-08  4.0295e-12     41308  405 41308     2     4      3 70344  8.8e-10        -
19421  7.0552e-08  4.0295e-12     41322  405 41322     2     4      3 70372  1.3e-09        -
19429  7.0585e-08  4.0295e-12     41338  405 41338     2     4      3 70404  1.8e-09        -
19437  7.0617e-08  4.0295e-12     41354  405 41354     2     4      3 70436  2.1e-09        -
19445  7.0649e-08  4.0295e-12     41370  405 41370     2     4      3 70468  2.3e-09        -
19453  7.0681e-08  4.0295e-12     41386  405 41386     2     4      3 70500  2.3e-09        -
19461  7.0714e-08  4.0295e-12     41402  405 41402     2     4      3 70532  2.3e-09        -
19469  7.0746e-08  4.0295e-12     41418  405 41418     2     4      3 70564  2.3e-09        -
19475  7.0767e-08  4.1979e-12     41428  407 41428     2     4      3 70578  4.2e-09        -
19483    7.08e-08  4.1979e-12     41444  407 41444     2     4      3 70602    4e-09        -
19490   7.083e-08  4.1979e-12     41458  407 41458     2     4      3 70623    4e-09        -
19498  7.0863e-08  4.1979e-12     41474  407 41474     2     4      3 70647  3.9e-09        -
19506  7.0897e-08  4.1979e-12     41490  407 41490     2     4      3 70671  3.8e-09        -
19512  7.0922e-08  4.1979e-12     41502  407 41502     2     4      3 70689  3.7e-09        -
19518  7.0947e-08  4.1979e-12     41514  407 41514     2     4      3 70707  3.6e-09        -
------     当前进度:  62 % - 正在组装残差
19524  7.0972e-08  4.1979e-12     41526  407 41526     2     4      3 70725  3.6e-09        -
19530  7.0997e-08  3.2617e-12     41540  407 41540     2     4      3 70747    8e-07        -
19534   7.101e-08  3.2617e-12     41556  407 41556     2     4      3 70775    8e-07        -
19538  7.1023e-08  3.2617e-12     41572  407 41572     2     4      3 70803    8e-07        -
19541  7.1033e-08  3.2617e-12     41584  407 41584     2     4      3 70824  7.9e-07        -
19545  7.1046e-08  3.2617e-12     41600  407 41600     2     4      3 70852  7.9e-07        -
19549  7.1059e-08  3.2617e-12     41616  407 41616     2     4      3 70880  7.9e-07        -
19553  7.1072e-08  3.2617e-12     41632  407 41632     2     4      3 70908  7.8e-07        -
19557  7.1085e-08  3.2617e-12     41648  407 41648     2     4      3 70936  7.8e-07        -
19561  7.1098e-08  3.2617e-12     41664  407 41664     2     4      3 70964  7.7e-07        -
19565  7.1111e-08  3.2617e-12     41680  407 41680     2     4      3 70992  7.7e-07        -
19569  7.1124e-08  3.2617e-12     41696  407 41696     2     4      3 71020  7.7e-07        -
19573  7.1137e-08  3.2617e-12     41712  407 41712     2     4      3 71048  7.6e-07        -
19577   7.115e-08  3.2617e-12     41728  407 41728     2     4      3 71076  7.6e-07        -
19581  7.1163e-08  3.2617e-12     41744  407 41744     2     4      3 71104  7.5e-07        -
19586  7.1179e-08  3.2617e-12     41764  407 41764     2     4      3 71139  7.5e-07        -
19591  7.1196e-08  3.2617e-12     41784  407 41784     2     4      3 71174  7.4e-07        -
19596  7.1212e-08  3.2617e-12     41804  407 41804     2     4      3 71209  7.4e-07        -
19601  7.1228e-08  3.2617e-12     41824  407 41824     2     4      3 71244  7.3e-07        -
19606  7.1245e-08  3.2617e-12     41844  407 41844     2     4      3 71279  7.3e-07        -
19613  7.1263e-08  2.6877e-12     41858  408 41858     2     4      3 71300  5.8e-10        -
19621  7.1285e-08  2.6877e-12     41874  408 41874     2     4      3 71324  5.9e-10        -
19628  7.1304e-08  2.6877e-12     41888  408 41888     2     4      3 71345  3.3e-10        -
19636  7.1325e-08  2.6877e-12     41904  408 41904     2     4      3 71369  3.1e-10        -
19643  7.1344e-08  2.6877e-12     41918  408 41918     2     4      3 71390    6e-10        -
19651  7.1366e-08  2.6877e-12     41934  408 41934     2     4      3 71414  6.1e-10        -
19658  7.1384e-08  2.6877e-12     41948  408 41948     2     4      3 71435  2.6e-10        -
19666  7.1406e-08  2.6877e-12     41964  408 41964     2     4      3 71459  2.4e-10        -
19674  7.1427e-08  2.6877e-12     41980  408 41980     2     4      3 71483  2.3e-10        -
19680  7.1444e-08  2.6877e-12     41992  408 41992     2     4      3 71501  2.1e-10        -
19688  7.1465e-08  2.6877e-12     42008  408 42008     2     4      3 71525    2e-10        -
19696  7.1487e-08  2.6877e-12     42024  408 42024     2     4      3 71549  1.9e-10        -
19702    7.15e-08  1.3639e-12 out 42034  409 42034     2     4      3 71563  3.2e-07        -
19708  7.1516e-08  2.7279e-12     42043  410 42043     2     4      3 71575  3.8e-10        -
19717  7.1541e-08  2.7279e-12     42056  410 42056     2     4      3 71592    8e-07        -
19727  7.1568e-08  2.7279e-12     42071  410 42071     2     4      3 71612  7.8e-07        -
19738  7.1598e-08  2.7279e-12     42088  410 42088     2     4      3 71635  3.4e-10        -
19746   7.162e-08  2.7279e-12     42100  410 42100     2     4      3 71651  3.2e-10        -
19755  7.1645e-08  2.7279e-12     42113  410 42113     2     4      3 71668  7.3e-07        -
19764  7.1669e-08  2.7279e-12     42127  410 42127     2     4      3 71687  2.7e-10        -
19772  7.1691e-08  2.7279e-12     42139  410 42139     2     4      3 71703  2.5e-10        -
19782  7.1718e-08  2.7279e-12     42154  410 42154     2     4      3 71723  2.3e-10        -
19792  7.1746e-08  2.7279e-12     42169  410 42169     2     4      3 71743  2.1e-10        -
19799  7.1772e-08  4.4897e-12     42182  411 42182     2     4      3 71762  2.7e-09        -
19807  7.1808e-08  4.4897e-12     42198  411 42198     2     4      3 71786  2.4e-09        -
19815  7.1844e-08  4.4897e-12     42214  411 42214     2     4      3 71810  2.2e-09        -
19822  7.1876e-08  4.4897e-12     42228  411 42228     2     4      3 71831  9.3e-10        -
19830  7.1912e-08  4.4897e-12     42244  411 42244     2     4      3 71855  8.1e-10        -
------     当前进度:  63 % - 求解线性方程组
19838  7.1948e-08  4.4897e-12     42260  411 42260     2     4      3 71879    7e-10        -
19843   7.197e-08  4.4897e-12     42270  411 42270     2     4      3 71894  1.5e-09        -
19849  7.1996e-08  3.7784e-12     42282  411 42282     2     4      3 71912  5.7e-07        -
19855  7.2019e-08  3.7784e-12     42294  411 42294     2     4      3 71932  5.8e-07        -
19862  7.2045e-08  3.7784e-12     42308  411 42308     2     4      3 71956  9.9e-07        -
19869  7.2072e-08  3.7784e-12     42322  411 42322     2     4      3 71980    8e-07        -
19875  7.2094e-08  3.7784e-12     42334  411 42334     2     4      3 72002  3.2e-10        -
19882  7.2121e-08  3.7784e-12     42348  411 42348     2     4      3 72028  1.9e-10        -
19890  7.2151e-08  3.7784e-12     42364  411 42364     2     4      3 72058  1.7e-10        -
19898  7.2181e-08  3.7784e-12     42380  411 42380     2     4      3 72087  1.3e-10        -
19906  7.2212e-08  3.7784e-12     42396  411 42396     2     4      3 72117  1.3e-10        -
19913  7.2238e-08  3.7784e-12     42410  411 42410     2     4      3 72143  1.8e-10        -
19918  7.2254e-08  4.4068e-12     42419  413 42419     2     4      3 72158    1e-10        -
19925  7.2285e-08  4.4068e-12     42433  413 42433     2     4      3 72179  1.8e-10        -
19932  7.2316e-08  4.4068e-12     42447  413 42447     2     4      3 72200  4.9e-11        -
19938  7.2343e-08  4.4068e-12     42459  413 42459     2     4      3 72218  3.5e-11        -
19945  7.2373e-08  4.4068e-12     42473  413 42473     2     4      3 72239  5.3e-10        -
19952  7.2404e-08  4.4068e-12     42487  413 42487     2     4      3 72260  1.5e-11        -
19961  7.2444e-08  4.4068e-12     42503  413 42503     2     4      3 72285  4.4e-11        -
19969  7.2479e-08  4.4068e-12     42519  413 42519     2     4      3 72309  1.3e-11        -
19976  7.2508e-08  3.8141e-12     42533  413 42533     2     4      3 72331  7.3e-12        -
19983  7.2534e-08  3.8141e-12     42547  413 42547     2     4      3 72353  7.9e-07        -
19991  7.2565e-08  3.8141e-12     42563  413 42563     2     4      3 72375    2e-08        -
19999  7.2595e-08  3.8141e-12     42579  413 42579     2     4      3 72399  7.8e-07        -
20007  7.2626e-08  3.8141e-12     42595  413 42595     2     4      3 72427    3e-10        -
20015  7.2656e-08  3.8141e-12     42611  413 42611     2     4      3 72456  8.5e-07        -
20022  7.2683e-08  3.8141e-12     42625  413 42625     2     4      3 72479  5.4e-07        -
20029   7.271e-08  3.8141e-12     42639  413 42639     2     4      3 72504  6.6e-11        -
20036  7.2736e-08  3.8141e-12     42653  413 42653     2     4      3 72527  4.6e-07        -
20040   7.275e-08  2.9478e-12 out 42665  415 42665     2     4      3 72548  5.3e-11        -
20048  7.2774e-08  2.9478e-12     42681  415 42681     2     4      3 72572  5.5e-11        -
20056  7.2797e-08  2.9478e-12     42697  415 42697     2     4      3 72596  5.8e-11        -
20064  7.2821e-08  2.9478e-12     42713  415 42713     2     4      3 72620  6.1e-11        -
20071  7.2841e-08  2.9478e-12     42727  415 42727     2     4      3 72641  1.4e-10        -
20078  7.2862e-08  2.9478e-12     42741  415 42741     2     4      3 72662  6.8e-11        -
20086  7.2886e-08  2.9478e-12     42757  415 42757     2     4      3 72686  7.2e-11        -
20092  7.2903e-08  2.9478e-12     42769  415 42769     2     4      3 72704  7.6e-11        -
20100  7.2927e-08  2.9478e-12     42785  415 42785     2     4      3 72728    8e-11        -
20107  7.2948e-08  2.9478e-12     42799  415 42799     2     4      3 72749  3.1e-10        -
20114  7.2968e-08  2.9478e-12     42813  415 42813     2     4      3 72770  8.9e-11        -
20122  7.2992e-08  2.9478e-12     42829  415 42829     2     4      3 72794  9.3e-11        -
20130  7.3013e-08  2.6642e-12     42845  415 42845     2     4      3 72818  9.4e-07        -
20138  7.3035e-08  2.6642e-12     42861  415 42861     2     4      3 72849  9.7e-07        -
20146  7.3056e-08  2.6642e-12     42877  415 42877     2     4      3 72881  1.5e-11        -
20154  7.3077e-08  2.6642e-12     42893  415 42893     2     4      3 72912  1.5e-11        -
20162  7.3099e-08  2.6642e-12     42909  415 42909     2     4      3 72943  1.5e-11        -
20170   7.312e-08  2.6642e-12     42925  415 42925     2     4      3 72974  1.6e-11        -
20178  7.3141e-08  2.6642e-12     42941  415 42941     2     4      3 73005  1.6e-11        -
20186  7.3163e-08  2.6642e-12     42957  415 42957     2     4      3 73036  1.6e-11        -
------     当前进度:  64 % - 
20193  7.3181e-08  2.6642e-12     42971  415 42971     2     4      3 73064  1.7e-11        -
20200    7.32e-08  2.6642e-12     42985  415 42985     2     4      3 73091    2e-11        -
20206  7.3216e-08  2.6642e-12     42997  415 42997     2     4      3 73114  1.9e-11        -
20214  7.3237e-08  2.6642e-12     43013  415 43013     2     4      3 73145  9.5e-07        -
20220  7.3255e-08  4.8906e-12     43025  416 43025     2     4      3 73168  4.6e-10        -
20228  7.3294e-08  4.8906e-12     43041  416 43041     2     4      3 73192  4.6e-10        -
20235  7.3328e-08  4.8906e-12     43055  416 43055     2     4      3 73213  4.8e-10        -
20242  7.3362e-08  4.8906e-12     43069  416 43069     2     4      3 73234  4.6e-10        -
20250  7.3402e-08  4.8906e-12     43085  416 43085     2     4      3 73258  4.6e-10        -
20257  7.3436e-08  4.8906e-12     43099  416 43099     2     4      3 73279  8.5e-10        -
20264   7.347e-08  4.8906e-12     43113  416 43113     2     4      3 73300  4.7e-10        -
20270  7.3497e-08   2.736e-12     43125  417 43125     2     4      3 73318  6.3e-11        -
20275  7.3511e-08   2.736e-12     43135  417 43135     2     4      3 73333  5.8e-11        -
20281  7.3527e-08   2.736e-12     43147  417 43147     2     4      3 73351  6.7e-11        -
20284  7.3536e-08   2.736e-12     43153  417 43153     2     4      3 73360  5.5e-11        -
20287  7.3544e-08   2.736e-12     43159  417 43159     2     4      3 73369  7.8e-11        -
20290  7.3552e-08   2.736e-12     43165  417 43165     2     4      3 73378  5.3e-11        -
20294  7.3563e-08   2.736e-12     43173  417 43173     2     4      3 73390  5.1e-11        -
20299  7.3577e-08   2.736e-12     43183  417 43183     2     4      3 73405  1.1e-10        -
20301  7.3582e-08   2.736e-12     43187  417 43187     2     4      3 73411  1.1e-10        -
20302  7.3585e-08   2.736e-12     43189  417 43189     2     4      3 73414  4.9e-11        -
20303  7.3588e-08   2.736e-12     43191  417 43191     2     4      3 73417  1.2e-10        -
20306  7.3596e-08   2.736e-12     43197  417 43197     2     4      3 73426  4.8e-11        -
20310  7.3607e-08   2.736e-12     43205  417 43205     2     4      3 73438  4.7e-11        -
20314  7.3618e-08   2.736e-12     43213  417 43213     2     4      3 73450  4.6e-11        -
20318  7.3629e-08   2.736e-12     43221  417 43221     2     4      3 73462  4.5e-11        -
20322   7.364e-08   2.736e-12     43229  417 43229     2     4      3 73474  4.5e-11        -
20327  7.3653e-08   2.736e-12     43239  417 43239     2     4      3 73489  3.7e-10        -
20332  7.3667e-08   2.736e-12     43249  417 43249     2     4      3 73504  4.3e-11        -
20336  7.3678e-08   2.736e-12     43257  417 43257     2     4      3 73516  4.2e-11        -
20340  7.3689e-08   2.736e-12     43265  417 43265     2     4      3 73528  4.2e-11        -
20342  7.3694e-08   2.736e-12     43269  417 43269     2     4      3 73534  4.2e-11        -
20346  7.3705e-08   2.736e-12     43277  417 43277     2     4      3 73546  4.1e-11        -
20348  7.3711e-08   2.736e-12     43281  417 43281     2     4      3 73552  4.1e-11        -
20349  7.3713e-08   2.736e-12     43283  417 43283     2     4      3 73555  9.1e-10        -
20350  7.3716e-08   2.736e-12     43285  417 43285     2     4      3 73558  4.1e-11        -
20352  7.3722e-08   2.736e-12     43289  417 43289     2     4      3 73564  4.1e-11        -
20357  7.3735e-08   2.736e-12     43299  417 43299     2     4      3 73579  4.5e-10        -
20361  7.3746e-08   2.736e-12     43307  417 43307     2     4      3 73591  3.6e-10        -
20362  7.3748e-08  1.8795e-12     43313  418 43313     2     4      3 73602  1.8e-11        -
------     当前进度:  64 % - 组装稀疏模式
20363   7.375e-08  1.8795e-12 out 43315  419 43315     2     4      3 73605  1.6e-11        -
20366  7.3761e-08   3.759e-12     43321  420 43321     2     4      3 73614  2.9e-10        -
20369  7.3773e-08   3.759e-12     43327  420 43327     2     4      3 73623  2.6e-10        -
20370  7.3776e-08   3.759e-12     43329  420 43329     2     4      3 73626  2.9e-10        -
20371   7.378e-08   3.759e-12     43331  420 43331     2     4      3 73629  2.7e-10        -
20374  7.3791e-08   3.759e-12     43337  420 43337     2     4      3 73638  2.8e-10        -
20377  7.3803e-08   3.759e-12     43343  420 43343     2     4      3 73647  2.9e-10        -
20381  7.3818e-08   3.759e-12     43351  420 43351     2     4      3 73659    3e-10        -
20386  7.3836e-08   3.759e-12     43361  420 43361     2     4      3 73674  2.7e-10        -
20387   7.384e-08   3.759e-12     43363  420 43363     2     4      3 73677  3.2e-10        -
20389  7.3848e-08   3.759e-12     43367  420 43367     2     4      3 73683  3.3e-10        -
20393  7.3863e-08   3.759e-12     43375  420 43375     2     4      3 73695  3.4e-10        -
20396  7.3874e-08   3.759e-12     43381  420 43381     2     4      3 73704  2.6e-10        -
20399  7.3885e-08   3.759e-12     43387  420 43387     2     4      3 73713  3.6e-10        -
20403    7.39e-08   3.759e-12     43395  420 43395     2     4      3 73725  3.8e-10        -
20408  7.3919e-08   3.759e-12     43405  420 43405     2     4      3 73740  2.6e-10        -
20412  7.3934e-08   3.759e-12     43413  420 43413     2     4      3 73752  2.5e-10        -
20416  7.3949e-08   3.759e-12     43421  420 43421     2     4      3 73764  2.5e-10        -
20421  7.3968e-08   3.759e-12     43431  420 43431     2     4      3 73779  4.6e-10        -
20427  7.3991e-08   3.759e-12     43443  420 43443     2     4      3 73797  4.9e-10        -
20430     7.4e-08  2.8329e-12 out 43451  420 43451     2     4      3 73812  7.5e-10        -
20433  7.4008e-08  2.8329e-12     43460  420 43460     2     4      3 73830  6.2e-10        -
20437   7.402e-08  2.8329e-12     43472  420 43472     2     4      3 73854  5.1e-10        -
20439  7.4025e-08  2.8329e-12     43478  420 43478     2     4      3 73866  4.5e-10        -
20442  7.4034e-08  2.8329e-12     43487  420 43487     2     4      3 73884    4e-10        -
20443  7.4037e-08  2.8329e-12     43490  420 43490     2     4      3 73890  3.6e-10        -
20446  7.4045e-08  2.8329e-12     43499  420 43499     2     4      3 73908  3.1e-10        -
20447  7.4048e-08  2.8329e-12     43502  420 43502     2     4      3 73914  2.8e-10        -
20449  7.4054e-08  2.8329e-12     43508  420 43508     2     4      3 73926  2.5e-10        -
------     当前进度:  64 % - 正在组装残差
20451  7.4059e-08  2.8329e-12     43514  420 43514     2     4      3 73938  2.2e-10        -
20454  7.4068e-08  2.8329e-12     43523  420 43523     2     4      3 73956  1.9e-10        -
20455  7.4071e-08  2.8329e-12     43526  420 43526     2     4      3 73962  1.7e-10        -
20458  7.4079e-08  2.8329e-12     43535  420 43535     2     4      3 73980  1.4e-10        -
20459  7.4082e-08  2.8329e-12     43538  420 43538     2     4      3 73986  1.3e-10        -
20462  7.4091e-08  2.8329e-12     43547  420 43547     2     4      3 74004  1.1e-10        -
20465  7.4099e-08  2.8329e-12     43556  420 43556     2     4      3 74022  8.6e-11        -
20468  7.4108e-08  2.8329e-12     43565  420 43565     2     4      3 74040  7.4e-11        -
20472  7.4119e-08  2.8329e-12     43576  420 43576     2     4      3 74062  7.7e-11        -
20475  7.4127e-08  2.8329e-12     43585  420 43585     2     4      3 74080  5.9e-11        -
20478  7.4136e-08  2.8329e-12     43593  420 43593     2     4      3 74096  7.1e-11        -
20482  7.4147e-08  2.8329e-12     43604  420 43604     2     4      3 74118  7.3e-11        -
20484  7.4153e-08  2.8329e-12     43610  420 43610     2     4      3 74130  6.4e-11        -
20488  7.4164e-08  2.8329e-12     43621  420 43621     2     4      3 74152  6.7e-11        -
20492  7.4176e-08  2.8329e-12     43632  420 43632     2     4      3 74174  6.9e-11        -
20495  7.4184e-08  2.8329e-12     43640  420 43640     2     4      3 74190  2.8e-11        -
20498  7.4193e-08  2.8329e-12     43649  420 43649     2     4      3 74208  6.3e-11        -
20499  7.4195e-08  2.8329e-12     43652  420 43652     2     4      3 74214  5.4e-11        -
20502  7.4204e-08  2.8329e-12     43660  420 43660     2     4      3 74230  6.5e-11        -
20506  7.4215e-08  2.8329e-12     43671  420 43671     2     4      3 74252  6.8e-11        -
20509  7.4224e-08  2.8329e-12     43679  420 43679     2     4      3 74268  2.7e-11        -
20513  7.4235e-08  2.8329e-12     43690  420 43690     2     4      3 74290  2.8e-11        -
20517  7.4246e-08  2.8329e-12     43702  420 43702     2     4      3 74314  5.5e-11        -
20520  7.4254e-08  3.5354e-12     43708  422 43708     2     4      3 74323  1.6e-11        -
20525  7.4271e-08  3.5354e-12     43718  422 43718     2     4      3 74338  1.3e-11        -
20529  7.4285e-08  3.5354e-12     43726  422 43726     2     4      3 74350  1.6e-11        -
20535  7.4307e-08  3.5354e-12     43738  422 43738     2     4      3 74368  2.2e-11        -
20541  7.4328e-08  3.5354e-12     43750  422 43750     2     4      3 74386  3.2e-11        -
20547  7.4349e-08  3.5354e-12     43762  422 43762     2     4      3 74404  5.1e-11        -
20552  7.4367e-08  3.5354e-12     43772  422 43772     2     4      3 74419  1.1e-11        -
20558  7.4388e-08  3.5354e-12     43784  422 43784     2     4      3 74437    1e-11        -
20564  7.4409e-08  3.5354e-12     43796  422 43796     2     4      3 74455    1e-11        -
20569  7.4427e-08  3.5354e-12     43806  422 43806     2     4      3 74470  5.3e-10        -
20574  7.4444e-08  3.5354e-12     43816  422 43816     2     4      3 74485  9.9e-12        -
20579  7.4462e-08  3.5354e-12     43826  422 43826     2     4      3 74500  5.3e-10        -
20583  7.4476e-08  3.5354e-12     43834  422 43834     2     4      3 74512  2.9e-10        -
20589  7.4497e-08  3.0272e-12     43846  422 43846     2     4      3 74531  8.9e-12        -
20594  7.4512e-08  3.0272e-12     43856  422 43856     2     4      3 74551  1.4e-11        -
20600   7.453e-08  3.0272e-12     43868  422 43868     2     4      3 74575    2e-11        -
20606  7.4548e-08  3.0272e-12     43880  422 43880     2     4      3 74599  2.7e-11        -
20612  7.4567e-08  3.0272e-12     43892  422 43892     2     4      3 74623  3.8e-11        -
20618  7.4585e-08  3.0272e-12     43904  422 43904     2     4      3 74647  5.2e-11        -
20624  7.4603e-08  3.0272e-12     43916  422 43916     2     4      3 74671  7.3e-11        -
20628  7.4615e-08  3.0272e-12     43924  422 43924     2     4      3 74687  9.1e-11        -
20631  7.4624e-08  3.0272e-12     43930  422 43930     2     4      3 74699  1.1e-10        -
------     当前进度:  65 % - 
20635  7.4636e-08  3.0272e-12     43938  422 43938     2     4      3 74715  1.3e-10        -
20640  7.4651e-08  3.0272e-12     43948  422 43948     2     4      3 74735  1.7e-10        -
20645  7.4666e-08  3.0272e-12     43958  422 43958     2     4      3 74755  2.2e-10        -
20651  7.4685e-08  3.0272e-12     43970  422 43970     2     4      3 74778  9.6e-07        -
20658  7.4706e-08  3.0272e-12     43984  422 43984     2     4      3 74805  2.3e-10        -
20665  7.4727e-08  3.0272e-12     43998  422 43998     2     4      3 74832  2.5e-10        -
20671  7.4745e-08  3.0272e-12     44010  422 44010     2     4      3 74855  2.5e-10        -
20673   7.475e-08  2.3966e-12 out 44018  424 44018     2     4      3 74869  7.7e-11        -
20678  7.4774e-08  4.7932e-12     44028  425 44028     2     4      3 74884  1.1e-09        -
20684  7.4803e-08  4.7932e-12     44040  425 44040     2     4      3 74902  1.1e-09        -
20690  7.4831e-08  4.7932e-12     44052  425 44052     2     4      3 74920  1.1e-09        -
20697  7.4865e-08  4.7932e-12     44066  425 44066     2     4      3 74941  1.1e-09        -
20704  7.4899e-08  4.7932e-12     44080  425 44080     2     4      3 74962    1e-09        -
20711  7.4932e-08  4.7932e-12     44094  425 44094     2     4      3 74983    1e-09        -
20716  7.4956e-08  4.7932e-12     44104  425 44104     2     4      3 74998  9.8e-10        -
20722  7.4985e-08  4.7932e-12     44116  425 44116     2     4      3 75016  9.7e-10        -
20726     7.5e-08  2.7746e-12 out 44124  426 44124     2     4      3 75028    1e-10        -
20732  7.5017e-08  2.7746e-12     44136  426 44136     2     4      3 75046    1e-10        -
20739  7.5036e-08  2.7746e-12     44150  426 44150     2     4      3 75067    1e-10        -
20745  7.5053e-08  2.7746e-12     44162  426 44162     2     4      3 75085  9.8e-11        -
20751  7.5069e-08  2.7746e-12     44174  426 44174     2     4      3 75103  9.4e-11        -
20757  7.5086e-08  2.7746e-12     44186  426 44186     2     4      3 75121    9e-11        -
20763  7.5103e-08  2.7746e-12     44198  426 44198     2     4      3 75139  8.6e-11        -
20770  7.5122e-08  2.7746e-12     44212  426 44212     2     4      3 75160  1.1e-10        -
20776  7.5139e-08  2.7746e-12     44224  426 44224     2     4      3 75178  1.2e-10        -
20782  7.5155e-08  2.7746e-12     44236  426 44236     2     4      3 75196  1.2e-10        -
20788  7.5172e-08  2.7746e-12     44248  426 44248     2     4      3 75214  1.3e-10        -
20794  7.5189e-08  2.7746e-12     44260  426 44260     2     4      3 75232  1.3e-10        -
20799  7.5203e-08  2.7746e-12     44270  426 44270     2     4      3 75247  6.4e-11        -
20804  7.5216e-08  2.7746e-12     44280  426 44280     2     4      3 75262  1.5e-10        -
20809   7.523e-08  2.7746e-12     44290  426 44290     2     4      3 75277  5.8e-11        -
20815  7.5247e-08  2.7746e-12     44302  426 44302     2     4      3 75295  5.5e-11        -
20819  7.5256e-08  3.0626e-12     44310  428 44310     2     4      3 75307  1.2e-10        -
20825  7.5275e-08  3.0626e-12     44322  428 44322     2     4      3 75325  1.1e-10        -
20831  7.5293e-08  3.0626e-12     44334  428 44334     2     4      3 75343  1.1e-10        -
20836  7.5308e-08  3.0626e-12     44344  428 44344     2     4      3 75358  1.1e-10        -
20842  7.5327e-08  3.0626e-12     44356  428 44356     2     4      3 75376  1.1e-10        -
20848  7.5345e-08  3.0626e-12     44368  428 44368     2     4      3 75394  1.1e-10        -
20853   7.536e-08  3.0626e-12     44378  428 44378     2     4      3 75409  8.3e-11        -
20860  7.5382e-08  3.0626e-12     44392  428 44392     2     4      3 75430  1.2e-10        -
20866    7.54e-08  3.0626e-12     44404  428 44404     2     4      3 75448  1.3e-10        -
20872  7.5418e-08  3.0626e-12     44416  428 44416     2     4      3 75466  1.4e-10        -
20879   7.544e-08  3.0626e-12     44430  428 44430     2     4      3 75487  6.1e-11        -
20886  7.5461e-08  3.0626e-12     44444  428 44444     2     4      3 75508  1.9e-10        -
20893  7.5483e-08  3.0626e-12     44458  428 44458     2     4      3 75529  5.1e-11        -
20900  7.5505e-08  4.9888e-12     44472  429 44472     2     4      3 75551  3.5e-10        -
------     当前进度:  65 % - 正在组装残差
20904  7.5525e-08  4.9888e-12     44480  429 44480     2     4      3 75563  3.5e-10        -
20909   7.555e-08  4.9888e-12     44490  429 44490     2     4      3 75578  3.9e-10        -
20915   7.558e-08  4.9888e-12     44502  429 44502     2     4      3 75596  3.5e-10        -
20922  7.5615e-08  4.9888e-12     44516  429 44516     2     4      3 75617  3.4e-10        -
20929   7.565e-08  4.9888e-12     44530  429 44530     2     4      3 75638  2.6e-10        -
20935   7.568e-08  4.9888e-12     44542  429 44542     2     4      3 75656  2.3e-10        -
20937   7.569e-08  4.9888e-12     44546  429 44546     2     4      3 75662  2.2e-10        -
20939    7.57e-08  4.9888e-12     44550  429 44550     2     4      3 75668  2.1e-10        -
20941   7.571e-08  4.9888e-12     44554  429 44554     2     4      3 75674    2e-10        -
20942  7.5715e-08  4.9888e-12     44556  429 44556     2     4      3 75677  4.1e-10        -
20945  7.5729e-08  4.9888e-12     44562  429 44562     2     4      3 75686  1.8e-10        -
20949  7.5747e-08  2.7743e-12     44570  430 44570     2     4      3 75698  2.1e-11        -
20954  7.5761e-08  2.7743e-12     44580  430 44580     2     4      3 75713    2e-11        -
20957  7.5769e-08  2.7743e-12     44586  430 44586     2     4      3 75722  1.7e-11        -
20958  7.5772e-08  2.7743e-12     44588  430 44588     2     4      3 75725  2.1e-11        -
20960  7.5778e-08  2.7743e-12     44592  430 44592     2     4      3 75731  2.2e-11        -
20962  7.5783e-08  2.7743e-12     44596  430 44596     2     4      3 75737  2.4e-11        -
20965  7.5792e-08  2.7743e-12     44602  430 44602     2     4      3 75746  1.3e-11        -
20969  7.5803e-08  2.7743e-12     44610  430 44610     2     4      3 75758  1.2e-11        -
20974  7.5817e-08  2.7743e-12     44620  430 44620     2     4      3 75773  4.4e-11        -
20978  7.5828e-08  2.7743e-12     44628  430 44628     2     4      3 75785  7.4e-11        -
20982  7.5839e-08  2.7743e-12     44636  430 44636     2     4      3 75797  2.2e-10        -
20985  7.5847e-08  2.7743e-12     44642  430 44642     2     4      3 75806  7.7e-12        -
20989  7.5858e-08  2.7743e-12     44650  430 44650     2     4      3 75818  6.8e-12        -
20994  7.5872e-08  2.7743e-12     44660  430 44660     2     4      3 75833  2.6e-11        -
20999  7.5886e-08  2.7743e-12     44670  430 44670     2     4      3 75848  5.2e-12        -
21005  7.5903e-08  2.7743e-12     44682  430 44682     2     4      3 75866  4.4e-12        -
21011  7.5919e-08  2.7743e-12     44694  430 44694     2     4      3 75884  3.7e-12        -
21017  7.5936e-08  2.7743e-12     44706  430 44706     2     4      3 75902    3e-12        -
21022   7.595e-08  2.7743e-12     44716  430 44716     2     4      3 75917  4.2e-12        -
21027  7.5964e-08  2.7743e-12     44726  430 44726     2     4      3 75932  2.2e-12        -
21032  7.5977e-08  2.7743e-12     44736  430 44736     2     4      3 75947  2.5e-12        -
21037  7.5991e-08  2.7743e-12     44746  430 44746     2     4      3 75962  1.6e-12        -
21041     7.6e-08  1.5447e-12 out 44752  431 44752     2     4      3 75972  6.7e-13        -
21042  7.6003e-08  3.0893e-12     44753  432 44753     2     4      3 75974  9.3e-12        -
21046  7.6015e-08  3.0893e-12     44761  432 44761     2     4      3 75986  1.1e-11        -
21051  7.6031e-08  3.0893e-12     44771  432 44771     2     4      3 76001  6.8e-12        -
21056  7.6046e-08  3.0893e-12     44781  432 44781     2     4      3 76016  3.4e-11        -
21058  7.6053e-08  3.0893e-12     44785  432 44785     2     4      3 76022    7e-11        -
------     当前进度:  66 % - 正在组装残差
21059  7.6056e-08  3.0893e-12     44787  432 44787     2     4      3 76025  4.2e-12        -
21062  7.6065e-08  3.0893e-12     44793  432 44793     2     4      3 76034  2.6e-11        -
21068  7.6083e-08  3.0893e-12     44800  432 44800     2     4      3 76047  5.4e-12        -
21076  7.6108e-08  3.0893e-12     44808  432 44808     2     4      3 76063  4.4e-12        -
21083   7.613e-08  3.0893e-12     44818  432 44818     2     4      3 76080    9e-13        -
21088  7.6145e-08  3.0893e-12     44828  432 44828     2     4      3 76095  7.7e-13        -
21093  7.6161e-08  3.0893e-12     44838  432 44838     2     4      3 76110  3.7e-13        -
21099  7.6179e-08  3.0893e-12     44850  432 44850     2     4      3 76128  1.8e-13        -
21105  7.6198e-08  3.0893e-12     44862  432 44862     2     4      3 76146  8.7e-14        -
21110  7.6213e-08  3.0893e-12     44872  432 44872     2     4      3 76157    3e-07        -
21116  7.6232e-08  3.0893e-12     44884  432 44884     2     4      3 76169    5e-08        -
21121  7.6247e-08  2.9713e-12     44894  432 44894     2     4      3 76180  4.2e-13        -
21126  7.6262e-08  2.9713e-12     44904  432 44904     2     4      3 76195    2e-07        -
21132   7.628e-08  2.9713e-12     44916  432 44916     2     4      3 76212  6.5e-07        -
21137  7.6295e-08  2.9713e-12     44926  432 44926     2     4      3 76227  3.2e-11        -
21141  7.6306e-08  2.9713e-12     44934  432 44934     2     4      3 76238  4.3e-07        -
21146  7.6321e-08  2.9713e-12     44944  432 44944     2     4      3 76255    4e-13        -
21152  7.6339e-08  2.9713e-12     44956  432 44956     2     4      3 76276  3.2e-13        -
21157  7.6354e-08  2.9713e-12     44966  432 44966     2     4      3 76295  3.6e-13        -
21162  7.6369e-08  2.9713e-12     44976  432 44976     2     4      3 76314  3.2e-13        -
21168  7.6387e-08  2.9713e-12     44988  432 44988     2     4      3 76338  3.7e-13        -
21173  7.6402e-08  2.9713e-12     44998  432 44998     2     4      3 76357  4.2e-13        -
21179  7.6419e-08  2.9713e-12     45010  432 45010     2     4      3 76381  4.7e-13        -
21185  7.6437e-08  2.9713e-12     45022  432 45022     2     4      3 76404  4.8e-13        -
21190  7.6452e-08  2.9713e-12     45032  432 45032     2     4      3 76424  4.7e-13        -
21196   7.647e-08  2.9713e-12     45044  432 45044     2     4      3 76447  4.8e-13        -
21201  7.6485e-08  2.9713e-12     45054  432 45054     2     4      3 76467  5.8e-13        -
21206  7.6498e-08   1.689e-12     45063  433 45063     2     4      3 76485    3e-13        -
21211  7.6514e-08   3.378e-12     45073  434 45073     2     4      3 76500  8.2e-12        -
21217  7.6534e-08   3.378e-12     45085  434 45085     2     4      3 76518  2.4e-11        -
21223  7.6554e-08   3.378e-12     45097  434 45097     2     4      3 76536  4.7e-11        -
21228  7.6571e-08   3.378e-12     45107  434 45107     2     4      3 76551    2e-12        -
21234  7.6591e-08   3.378e-12     45119  434 45119     2     4      3 76569  1.9e-12        -
21240  7.6611e-08   3.378e-12     45131  434 45131     2     4      3 76587  1.8e-12        -
21246  7.6632e-08   3.378e-12     45143  434 45143     2     4      3 76605  1.8e-12        -
21252  7.6652e-08   3.378e-12     45155  434 45155     2     4      3 76623  1.8e-12        -
21257  7.6669e-08   3.378e-12     45165  434 45165     2     4      3 76638  5.6e-12        -
21263  7.6689e-08   3.378e-12     45177  434 45177     2     4      3 76656  5.4e-12        -
21268  7.6706e-08   3.378e-12     45187  434 45187     2     4      3 76671  1.9e-12        -
21274  7.6726e-08   3.378e-12     45199  434 45199     2     4      3 76689  1.9e-12        -
21280  7.6747e-08   3.378e-12     45211  434 45211     2     4      3 76707  1.9e-12        -
21283  7.6753e-08  3.4024e-12     45217  436 45217     2     4      3 76716  1.4e-11        -
21288   7.677e-08  3.4024e-12     45227  436 45227     2     4      3 76731  9.4e-12        -
21294  7.6791e-08  3.4024e-12     45239  436 45239     2     4      3 76749  7.9e-12        -
21301  7.6815e-08  3.4024e-12     45253  436 45253     2     4      3 76770  6.4e-11        -
21306  7.6832e-08  3.4024e-12     45263  436 45263     2     4      3 76785  6.4e-12        -
21312  7.6852e-08  3.4024e-12     45275  436 45275     2     4      3 76803    6e-12        -
21319  7.6876e-08  3.4024e-12     45289  436 45289     2     4      3 76824    5e-11        -
------     当前进度:  66 % - 求解线性方程组
21324  7.6893e-08  3.4024e-12     45299  436 45299     2     4      3 76839  5.6e-12        -
21331  7.6917e-08  3.4024e-12     45313  436 45313     2     4      3 76860  2.7e-11        -
21338  7.6941e-08  3.4024e-12     45327  436 45327     2     4      3 76881  5.3e-12        -
21344  7.6961e-08  3.4024e-12     45339  436 45339     2     4      3 76899  5.2e-12        -
21350  7.6981e-08  3.4024e-12     45351  436 45351     2     4      3 76917  5.2e-12        -
21357  7.7003e-08  2.5132e-12     45365  436 45365     2     4      3 76941  7.8e-11        -
21363  7.7018e-08  2.5132e-12     45377  436 45377     2     4      3 76964  8.9e-07        -
21368   7.703e-08  2.5132e-12     45387  436 45387     2     4      3 76983  3.1e-10        -
21374  7.7045e-08  2.5132e-12     45399  436 45399     2     4      3 77004  2.5e-10        -
21380   7.706e-08  2.5132e-12     45411  436 45411     2     4      3 77026  3.2e-10        -
21387  7.7078e-08  2.5132e-12     45425  436 45425     2     4      3 77050  9.4e-07        -
21394  7.7096e-08  2.5132e-12     45439  436 45439     2     4      3 77076  3.2e-10        -
21399  7.7108e-08  2.5132e-12     45449  436 45449     2     4      3 77093  9.7e-07        -
21405  7.7123e-08  2.5132e-12     45461  436 45461     2     4      3 77115  8.1e-07        -
21412  7.7141e-08  2.5132e-12     45475  436 45475     2     4      3 77141  3.9e-10        -
21419  7.7158e-08  2.5132e-12     45489  436 45489     2     4      3 77165  8.6e-07        -
21426  7.7176e-08  2.5132e-12     45503  436 45503     2     4      3 77191  3.9e-10        -
21433  7.7194e-08  2.5132e-12     45518  436 45518     2     4      3 77216  9.4e-07        -
21438  7.7206e-08  2.5132e-12     45531  436 45531     2     4      3 77238  4.1e-10        -
21445  7.7224e-08  2.5132e-12     45546  436 45546     2     4      3 77263  9.1e-07        -
21450  7.7236e-08  2.5132e-12     45559  436 45559     2     4      3 77285  6.4e-07        -
21455  7.7248e-08  1.8551e-12     45569  437 45569     2     4      3 77301  9.7e-07        -
21460  7.7265e-08  3.7102e-12     45578  438 45578     2     4      3 77314  4.5e-10        -
21466  7.7287e-08  3.7102e-12     45590  438 45590     2     4      3 77332  4.6e-10        -
21469  7.7298e-08  3.7102e-12     45596  438 45596     2     4      3 77341  7.8e-10        -
21475   7.732e-08  3.7102e-12     45608  438 45608     2     4      3 77359    8e-10        -
21478  7.7332e-08  3.7102e-12     45614  438 45614     2     4      3 77368  4.7e-10        -
21482  7.7346e-08  3.7102e-12     45622  438 45622     2     4      3 77380  4.8e-10        -
21488  7.7369e-08  3.7102e-12     45634  438 45634     2     4      3 77398  4.9e-10        -
21492  7.7384e-08  3.7102e-12     45642  438 45642     2     4      3 77410  4.9e-10        -
21498  7.7406e-08  3.7102e-12     45654  438 45654     2     4      3 77428    5e-10        -
21505  7.7432e-08  3.7102e-12     45668  438 45668     2     4      3 77449  8.7e-10        -
21512  7.7458e-08  3.7102e-12     45682  438 45682     2     4      3 77470  5.2e-10        -
21519  7.7484e-08  3.7102e-12     45696  438 45696     2     4      3 77491    9e-10        -
21523  7.7497e-08  2.5627e-12     45708  439 45708     2     4      3 77511    2e-10        -
21529  7.7513e-08  2.5627e-12     45720  440 45720     2     4      3 77529    2e-10        -
21536  7.7531e-08  2.5627e-12     45734  440 45734     2     4      3 77550  1.5e-10        -
21543  7.7549e-08  2.5627e-12     45748  440 45748     2     4      3 77571  2.1e-10        -
21550  7.7567e-08  2.5627e-12     45762  440 45762     2     4      3 77592  1.5e-10        -
21558  7.7587e-08  2.5627e-12     45778  440 45778     2     4      3 77616  1.5e-10        -
21566  7.7608e-08  2.5627e-12     45794  440 45794     2     4      3 77640  1.5e-10        -
21574  7.7628e-08  2.5627e-12     45810  440 45810     2     4      3 77664  1.5e-10        -
21582  7.7649e-08  2.5627e-12     45826  440 45826     2     4      3 77688  1.6e-10        -
21590  7.7669e-08  2.5627e-12     45842  440 45842     2     4      3 77712  1.6e-10        -
21596  7.7685e-08  2.5627e-12     45854  440 45854     2     4      3 77730  1.6e-10        -
------     当前进度:  67 % - 正在组装残差
21603  7.7702e-08  2.5627e-12     45868  440 45868     2     4      3 77751  2.2e-10        -
21611  7.7723e-08  2.5627e-12     45884  440 45884     2     4      3 77775  2.2e-10        -
21618  7.7741e-08  2.5627e-12     45898  440 45898     2     4      3 77796  1.6e-10        -
21623  7.7754e-08  3.9796e-12     45908  441 45908     2     4      3 77811    5e-10        -
21631  7.7786e-08  3.9796e-12     45924  441 45924     2     4      3 77835  5.1e-10        -
21639  7.7818e-08  3.9796e-12     45940  441 45940     2     4      3 77859  5.1e-10        -
21644  7.7838e-08  3.9796e-12     45950  441 45950     2     4      3 77874  4.5e-10        -
21652  7.7869e-08  3.9796e-12     45966  441 45966     2     4      3 77898  4.5e-10        -
21660  7.7901e-08  3.9796e-12     45982  441 45982     2     4      3 77922  4.5e-10        -
21668  7.7933e-08  3.9796e-12     45998  441 45998     2     4      3 77946  4.6e-10        -
21676  7.7965e-08  3.9796e-12     46014  441 46014     2     4      3 77970  4.6e-10        -
21684  7.7996e-08  3.6232e-12     46030  441 46030     2     4      3 77994  4.9e-07        -
21692  7.8025e-08  3.6232e-12     46046  441 46046     2     4      3 78021  7.4e-11        -
21700  7.8054e-08  3.6232e-12     46062  441 46062     2     4      3 78053  8.5e-11        -
21709  7.8087e-08  3.6232e-12     46080  441 46080     2     4      3 78088  8.4e-11        -
21718   7.812e-08  3.6232e-12     46098  441 46098     2     4      3 78123  8.1e-11        -
21725  7.8145e-08  3.6232e-12     46112  441 46112     2     4      3 78150  7.6e-11        -
21733  7.8174e-08  3.6232e-12     46128  441 46128     2     4      3 78181  7.2e-11        -
21740  7.8199e-08  3.6232e-12     46142  441 46142     2     4      3 78209  8.2e-11        -
21748  7.8228e-08  3.6232e-12     46158  441 46158     2     4      3 78240  7.8e-11        -
21756  7.8257e-08  3.6218e-12     46174  441 46174     2     4      3 78271  7.5e-11        -
21763  7.8283e-08  3.6218e-12     46188  441 46188     2     4      3 78298  6.9e-11        -
21770  7.8308e-08  3.6218e-12     46202  441 46202     2     4      3 78325  9.9e-07        -
21779  7.8341e-08  3.6218e-12     46220  441 46220     2     4      3 78361  7.5e-11        -
21788  7.8373e-08  3.6218e-12     46238  441 46238     2     4      3 78396  7.4e-11        -
21796  7.8402e-08  3.6218e-12     46254  441 46254     2     4      3 78427    7e-11        -
21805  7.8435e-08  3.6218e-12     46272  441 46272     2     4      3 78462  6.6e-11        -
21812   7.846e-08  3.6218e-12     46286  441 46286     2     4      3 78489  6.3e-11        -
21820  7.8489e-08  3.6218e-12     46302  441 46302     2     4      3 78520    6e-11        -
21826  7.8507e-08  3.7197e-12     46314  443 46314     2     4      3 78540  1.1e-10        -
21833  7.8533e-08  3.7197e-12     46328  443 46328     2     4      3 78561    1e-10        -
21841  7.8563e-08  3.7197e-12     46344  443 46344     2     4      3 78585  9.5e-11        -
21849  7.8593e-08  3.7197e-12     46360  443 46360     2     4      3 78609  8.9e-11        -
21857  7.8623e-08  3.7197e-12     46376  443 46376     2     4      3 78633  8.2e-11        -
21865  7.8653e-08  3.7197e-12     46392  443 46392     2     4      3 78657  7.6e-11        -
21874  7.8686e-08  3.7197e-12     46410  443 46410     2     4      3 78684  1.3e-10        -
21882  7.8716e-08  3.7197e-12     46426  443 46426     2     4      3 78708  1.4e-10        -
21890  7.8745e-08  3.7197e-12     46442  443 46442     2     4      3 78732  1.4e-10        -
21895  7.8764e-08  4.5002e-12     46452  445 46452     2     4      3 78747  1.7e-10        -
21903    7.88e-08  4.5002e-12     46468  445 46468     2     4      3 78771  1.5e-10        -
21911  7.8836e-08  4.5002e-12     46484  445 46484     2     4      3 78795  1.4e-10        -
21919  7.8872e-08  4.5002e-12     46500  445 46500     2     4      3 78819  1.2e-10        -
21927  7.8908e-08  4.5002e-12     46516  445 46516     2     4      3 78843  1.1e-10        -
21935  7.8944e-08  4.5002e-12     46532  445 46532     2     4      3 78867  9.7e-11        -
21943   7.898e-08  4.5002e-12     46548  445 46548     2     4      3 78891  8.6e-11        -
21951   7.901e-08  3.4946e-12     46564  445 46564     2     4      3 78920  3.2e-10        -
21959  7.9038e-08  3.4946e-12     46580  445 46580     2     4      3 78950  4.3e-10        -
21967  7.9066e-08  3.4946e-12     46596  445 46596     2     4      3 78979    4e-10        -
21975  7.9094e-08  3.4946e-12     46612  445 46612     2     4      3 79008  3.8e-10        -
------     当前进度:  68 % - 
21983  7.9122e-08  3.4946e-12     46628  445 46628     2     4      3 79037  3.5e-10        -
21991   7.915e-08  3.4946e-12     46644  445 46644     2     4      3 79066  3.3e-10        -
21999  7.9178e-08  3.4946e-12     46660  445 46660     2     4      3 79095  3.1e-10        -
22007  7.9206e-08  3.4946e-12     46676  445 46676     2     4      3 79124  2.8e-10        -
22015  7.9234e-08  3.4946e-12     46692  445 46692     2     4      3 79153  2.6e-10        -
22021  7.9253e-08  2.6875e-12     46704  446 46704     2     4      3 79173  2.8e-11        -
22026  7.9266e-08  2.6875e-12     46714  446 46714     2     4      3 79188  3.9e-11        -
22031   7.928e-08  2.6875e-12     46724  446 46724     2     4      3 79203  2.4e-11        -
22037  7.9296e-08  2.6875e-12     46736  446 46736     2     4      3 79221  2.2e-11        -
22043  7.9312e-08  2.6875e-12     46748  446 46748     2     4      3 79239    2e-11        -
22050  7.9331e-08  2.6875e-12     46762  446 46762     2     4      3 79260  3.9e-11        -
22057  7.9349e-08  2.6875e-12     46776  446 46776     2     4      3 79281  1.6e-11        -
22063  7.9366e-08  2.6875e-12     46788  446 46788     2     4      3 79299  1.4e-11        -
22069  7.9382e-08  2.6875e-12     46800  446 46800     2     4      3 79317  1.3e-11        -
22076    7.94e-08  2.6875e-12     46814  446 46814     2     4      3 79338  4.5e-11        -
22083  7.9419e-08  2.6875e-12     46828  446 46828     2     4      3 79359    1e-11        -
22090  7.9438e-08  2.6875e-12     46842  446 46842     2     4      3 79380  5.4e-11        -
22097  7.9457e-08  2.6875e-12     46856  446 46856     2     4      3 79401  7.9e-12        -
22105  7.9478e-08  2.6875e-12     46872  446 46872     2     4      3 79425  6.8e-12        -
22111  7.9495e-08  2.6875e-12     46884  446 46884     2     4      3 79443    6e-12        -
22117  7.9508e-08   2.752e-12     46892  448 46892     2     4      3 79453  4.5e-07        -
22130  7.9544e-08   2.752e-12     46906  448 46906     2     4      3 79468  9.8e-07        -
22144  7.9583e-08   2.752e-12     46920  448 46920     2     4      3 79482  8.7e-07        -
22158  7.9621e-08   2.752e-12     46934  448 46934     2     4      3 79496  7.6e-07        -
22172   7.966e-08   2.752e-12     46948  448 46948     2     4      3 79510  6.5e-07        -
22184  7.9693e-08   2.752e-12     46962  448 46962     2     4      3 79524  5.6e-07        -
22194   7.972e-08   2.752e-12     46977  448 46977     2     4      3 79539  4.8e-07        -
22204  7.9747e-08  2.5371e-12     46992  448 46992     2     4      3 79554  4.1e-07        -
22217   7.978e-08  2.5371e-12     47006  448 47006     2     4      3 79568  3.1e-07        -
22225  7.9801e-08  2.5371e-12     47022  448 47022     2     4      3 79584    5e-07        -
22233  7.9821e-08  2.5371e-12     47038  448 47038     2     4      3 79600  9.7e-07        -
22241  7.9841e-08  2.5371e-12     47054  448 47054     2     4      3 79622  5.3e-07        -
22247  7.9857e-08  2.5371e-12     47066  448 47066     2     4      3 79639  1.6e-07        -
22255  7.9877e-08  2.5371e-12     47082  448 47082     2     4      3 79659  2.5e-09        -
22262  7.9895e-08  2.5371e-12     47096  448 47096     2     4      3 79673  1.5e-07        -
22269  7.9912e-08  2.5371e-12     47110  448 47110     2     4      3 79690  3.1e-13        -
22277  7.9933e-08  2.5371e-12     47126  448 47126     2     4      3 79713  8.4e-07        -
22283  7.9948e-08  2.5371e-12     47138  448 47138     2     4      3 79730  5.7e-13        -
22290  7.9966e-08  2.5371e-12     47152  448 47152     2     4      3 79757  5.6e-13        -
22298  7.9986e-08  2.5371e-12     47168  448 47168     2     4      3 79787  3.4e-13        -
22305  8.0004e-08  3.8993e-12     47182  448 47182     2     4      3 79815  1.8e-12        -
22312  8.0031e-08  3.8993e-12     47196  448 47196     2     4      3 79841  9.6e-12        -
22319  8.0058e-08  3.8993e-12     47210  448 47210     2     4      3 79865  8.4e-07        -
22326  8.0086e-08  3.8993e-12     47224  448 47224     2     4      3 79888  9.9e-07        -
22333  8.0113e-08  3.8993e-12     47238  448 47238     2     4      3 79909  7.2e-07        -
22339  8.0136e-08  3.8993e-12     47250  448 47250     2     4      3 79927  5.9e-07        -
22345   8.016e-08  3.8993e-12     47262  448 47262     2     4      3 79945  5.2e-07        -
------     当前进度:  69 % - 正在组装残差
22351  8.0183e-08  3.8993e-12     47274  448 47274     2     4      3 79963  4.7e-07        -
22356  8.0203e-08  3.8993e-12     47284  448 47284     2     4      3 79978  4.4e-07        -
22362  8.0226e-08  3.8993e-12     47296  448 47296     2     4      3 79996  4.1e-07        -
22369   8.025e-08   2.173e-12 out 47309  448 47309     2     4      3 80015  5.3e-07        -
22375  8.0276e-08  4.3461e-12     47321  449 47321     2     4      3 80033    6e-11        -
22382  8.0306e-08  4.3461e-12     47335  449 47335     2     4      3 80054    9e-11        -
22388  8.0333e-08  4.3461e-12     47347  449 47347     2     4      3 80072  9.4e-11        -
22393  8.0354e-08  4.3461e-12     47357  449 47357     2     4      3 80087  9.4e-11        -
22398  8.0376e-08  4.3461e-12     47367  449 47367     2     4      3 80102    1e-10        -
22405  8.0406e-08  4.3461e-12     47381  449 47381     2     4      3 80123  1.2e-10        -
22412  8.0437e-08  4.3461e-12     47395  449 47395     2     4      3 80144  1.1e-10        -
22419  8.0467e-08  4.3461e-12     47409  449 47409     2     4      3 80165  1.6e-10        -
22426  8.0497e-08  3.3095e-12     47423  449 47423     2     4      3 80187  2.4e-10        -
22434  8.0523e-08  3.3095e-12     47439  449 47439     2     4      3 80216  8.2e-07        -
22442   8.055e-08  3.3095e-12     47455  449 47455     2     4      3 80245  8.6e-07        -
22448   8.057e-08  3.3095e-12     47467  449 47467     2     4      3 80267  8.2e-07        -
22455  8.0593e-08  3.3095e-12     47481  449 47481     2     4      3 80293  2.8e-10        -
22462  8.0616e-08  3.3095e-12     47495  449 47495     2     4      3 80318  8.2e-07        -
22469  8.0639e-08  3.3095e-12     47509  449 47509     2     4      3 80344  3.1e-10        -
22477  8.0665e-08  3.3095e-12     47525  449 47525     2     4      3 80373  3.1e-10        -
22484  8.0689e-08  3.3095e-12     47539  449 47539     2     4      3 80398  8.2e-07        -
22489  8.0705e-08  3.3095e-12     47549  449 47549     2     4      3 80417  3.9e-10        -
22496  8.0728e-08  3.3095e-12     47563  449 47563     2     4      3 80442  4.4e-10        -
22502  8.0747e-08  2.5472e-12     47575  450 47575     2     4      3 80463  4.1e-11        -
22509  8.0765e-08  2.5472e-12     47589  450 47589     2     4      3 80484  3.4e-11        -
22517  8.0786e-08  2.5472e-12     47605  450 47605     2     4      3 80508  3.6e-11        -
22525  8.0806e-08  2.5472e-12     47621  450 47621     2     4      3 80532  3.8e-11        -
22533  8.0826e-08  2.5472e-12     47637  450 47637     2     4      3 80556  4.1e-11        -
22541  8.0847e-08  2.5472e-12     47653  450 47653     2     4      3 80580  4.4e-11        -
22549  8.0867e-08  2.5472e-12     47669  450 47669     2     4      3 80604  4.6e-11        -
22557  8.0888e-08  2.5472e-12     47685  450 47685     2     4      3 80628  4.9e-11        -
22565  8.0908e-08  2.5472e-12     47701  450 47701     2     4      3 80652  5.2e-11        -
22573  8.0928e-08  2.5472e-12     47717  450 47717     2     4      3 80676  5.5e-11        -
22581  8.0949e-08  2.5472e-12     47733  450 47733     2     4      3 80700  5.8e-11        -
22589  8.0969e-08  2.5472e-12     47749  450 47749     2     4      3 80724  6.2e-11        -
22597  8.0989e-08  2.5472e-12     47765  450 47765     2     4      3 80748  6.5e-11        -
22603  8.1003e-08  2.9183e-12     47776  452 47776     2     4      3 80765  7.5e-11        -
22611  8.1026e-08  2.9183e-12     47792  452 47792     2     4      3 80789  7.9e-11        -
22620  8.1053e-08  2.9183e-12     47810  452 47810     2     4      3 80816  9.5e-11        -
22629  8.1079e-08  2.9183e-12     47828  452 47828     2     4      3 80843  8.7e-11        -
22637  8.1102e-08  2.9183e-12     47844  452 47844     2     4      3 80867    9e-11        -
22646  8.1128e-08  2.9183e-12     47862  452 47862     2     4      3 80894  9.5e-11        -
22655  8.1155e-08  2.9183e-12     47880  452 47880     2     4      3 80921  9.8e-11        -
22664  8.1181e-08  2.9183e-12     47898  452 47898     2     4      3 80948  9.5e-11        -
22673  8.1207e-08  2.9183e-12     47916  452 47916     2     4      3 80975  1.1e-10        -
22681  8.1231e-08  2.9183e-12     47932  452 47932     2     4      3 80999  1.1e-10        -
22687  8.1248e-08  2.4302e-12     47944  452 47944     2     4      3 81017  4.7e-07        -
22694  8.1279e-08  4.8604e-12     47958  453 47958     2     4      3 81038  4.2e-10        -
-------    当前进度:  70 % - 正在组装残差
22701  8.1313e-08  4.8604e-12     47972  453 47972     2     4      3 81059  3.8e-10        -
22709  8.1352e-08  4.8604e-12     47988  453 47988     2     4      3 81083    4e-10        -
22717  8.1391e-08  4.8604e-12     48004  453 48004     2     4      3 81107  4.1e-10        -
22725   8.143e-08  4.8604e-12     48020  453 48020     2     4      3 81131  4.2e-10        -
22734  8.1474e-08  4.8604e-12     48038  453 48038     2     4      3 81158  4.2e-10        -
22739  8.1497e-08   3.491e-12     48052  454 48052     2     4      3 81181  1.1e-10        -
22746  8.1521e-08   3.491e-12     48066  455 48066     2     4      3 81202  1.2e-10        -
22755  8.1552e-08   3.491e-12     48084  455 48084     2     4      3 81229  1.1e-10        -
22764  8.1584e-08   3.491e-12     48102  455 48102     2     4      3 81256  1.2e-10        -
22773  8.1615e-08   3.491e-12     48120  455 48120     2     4      3 81283  1.2e-10        -
22781  8.1643e-08   3.491e-12     48136  455 48136     2     4      3 81307  1.2e-10        -
22788  8.1668e-08   3.491e-12     48150  455 48150     2     4      3 81328  1.1e-10        -
22797  8.1699e-08   3.491e-12     48168  455 48168     2     4      3 81355  1.2e-10        -
22804  8.1723e-08   3.491e-12     48182  455 48182     2     4      3 81376  1.1e-10        -
22811  8.1747e-08  2.8134e-12     48196  455 48196     2     4      3 81398  1.3e-10        -
22820  8.1773e-08  2.8134e-12     48214  455 48214     2     4      3 81432  1.4e-10        -
22828  8.1795e-08  2.8134e-12     48230  455 48230     2     4      3 81462  1.4e-10        -
22836  8.1818e-08  2.8134e-12     48246  455 48246     2     4      3 81492  1.3e-10        -
22845  8.1843e-08  2.8134e-12     48264  455 48264     2     4      3 81526  1.4e-10        -
22854  8.1868e-08  2.8134e-12     48282  455 48282     2     4      3 81560  1.5e-10        -
22863  8.1893e-08  2.8134e-12     48300  455 48300     2     4      3 81593  9.2e-07        -
22872  8.1919e-08  2.8134e-12     48318  455 48318     2     4      3 81627  1.1e-10        -
22881  8.1944e-08  2.8134e-12     48336  455 48336     2     4      3 81661  1.2e-10        -
22890  8.1969e-08  2.8134e-12     48354  455 48354     2     4      3 81695  1.3e-10        -
22899  8.1995e-08  2.8134e-12     48372  455 48372     2     4      3 81728  9.9e-07        -
22908  8.2018e-08  2.6187e-12     48390  455 48390     2     4      3 81762  2.3e-10        -
22916  8.2039e-08  2.6187e-12     48406  455 48406     2     4      3 81791    9e-07        -
22925  8.2063e-08  2.6187e-12     48424  455 48424     2     4      3 81824  8.5e-07        -
22934  8.2086e-08  2.6187e-12     48442  455 48442     2     4      3 81857    9e-07        -
22941  8.2105e-08  2.6187e-12     48456  455 48456     2     4      3 81883  2.2e-10        -
22948  8.2123e-08  2.6187e-12     48470  455 48470     2     4      3 81909  2.5e-10        -
22957  8.2147e-08  2.6187e-12     48488  455 48488     2     4      3 81942  2.7e-10        -
22963  8.2162e-08  2.6187e-12     48500  455 48500     2     4      3 81963    1e-06        -
22971  8.2183e-08  2.6187e-12     48516  455 48516     2     4      3 81993  2.3e-10        -
22979  8.2204e-08  2.6187e-12     48532  455 48532     2     4      3 82022  1.9e-10        -
22986  8.2223e-08  2.6187e-12     48546  455 48546     2     4      3 82048  2.2e-10        -
22992  8.2238e-08  2.6187e-12     48558  455 48558     2     4      3 82070  2.2e-10        -
22997   8.225e-08  1.9211e-12 out 48568  456 48568     2     4      3 82087  1.7e-11        -
23004  8.2277e-08  3.8421e-12     48582  457 48582     2     4      3 82108  2.3e-10        -
23013  8.2311e-08  3.8421e-12     48600  457 48600     2     4      3 82135  2.6e-10        -
23022  8.2346e-08  3.8421e-12     48618  457 48618     2     4      3 82162  2.2e-10        -
23030  8.2377e-08  3.8421e-12     48634  457 48634     2     4      3 82186  2.2e-10        -
23036    8.24e-08  3.8421e-12     48646  457 48646     2     4      3 82204  2.1e-10        -
23044  8.2431e-08  3.8421e-12     48662  457 48662     2     4      3 82228  2.1e-10        -
23052  8.2461e-08  3.8421e-12     48678  457 48678     2     4      3 82252  2.1e-10        -
23059  8.2488e-08  3.8421e-12     48692  457 48692     2     4      3 82273  2.1e-10        -
23064  8.2504e-08  4.1047e-12     48702  459 48702     2     4      3 82288  2.3e-10        -
23070  8.2529e-08  4.1047e-12     48714  459 48714     2     4      3 82306  2.2e-10        -
-------    当前进度:  71 % - 
23076  8.2553e-08  4.1047e-12     48726  459 48726     2     4      3 82324  2.2e-10        -
23084  8.2586e-08  4.1047e-12     48742  459 48742     2     4      3 82348  2.1e-10        -
23091  8.2615e-08  4.1047e-12     48756  459 48756     2     4      3 82369  2.5e-10        -
23098  8.2644e-08  4.1047e-12     48770  459 48770     2     4      3 82390    2e-10        -
23105  8.2672e-08  4.1047e-12     48784  459 48784     2     4      3 82411  2.2e-10        -
23113  8.2705e-08  4.1047e-12     48800  459 48800     2     4      3 82435  2.1e-10        -
23121  8.2738e-08  4.1047e-12     48816  459 48816     2     4      3 82459    2e-10        -
23129   8.277e-08  3.9124e-12     48832  459 48832     2     4      3 82483  2.1e-07        -
23137  8.2801e-08  3.9124e-12     48848  459 48848     2     4      3 82507  4.2e-07        -
23142   8.282e-08  3.9124e-12     48858  459 48858     2     4      3 82522    7e-07        -
23150  8.2852e-08  3.9124e-12     48874  459 48874     2     4      3 82550  3.9e-12        -
23158  8.2883e-08  3.9124e-12     48890  459 48890     2     4      3 82581  3.5e-12        -
23165   8.291e-08  3.9124e-12     48904  459 48904     2     4      3 82609  3.3e-12        -
23173  8.2942e-08  3.9124e-12     48920  459 48920     2     4      3 82640  2.9e-12        -
23181  8.2973e-08  3.9124e-12     48936  459 48936     2     4      3 82672  2.8e-12        -
23187  8.2996e-08  3.7155e-12     48948  459 48948     2     4      3 82696  6.1e-12        -
23195  8.3026e-08  3.7155e-12     48964  459 48964     2     4      3 82728  6.8e-12        -
23203  8.3056e-08  3.7155e-12     48980  459 48980     2     4      3 82760  7.6e-12        -
23211  8.3085e-08  3.7155e-12     48996  459 48996     2     4      3 82792  8.4e-12        -
23220  8.3119e-08  3.7155e-12     49014  459 49014     2     4      3 82828    9e-12        -
23229  8.3152e-08  3.7155e-12     49032  459 49032     2     4      3 82862  9.6e-07        -
23238  8.3186e-08  3.7155e-12     49050  459 49050     2     4      3 82897  6.3e-12        -
23246  8.3215e-08  3.7155e-12     49066  459 49066     2     4      3 82928  5.7e-12        -
23254  8.3245e-08  3.7155e-12     49082  459 49082     2     4      3 82959  5.1e-12        -
23259  8.3264e-08  4.7761e-12     49091  461 49091     2     4      3 82973  1.8e-11        -
23267  8.3303e-08  4.7761e-12     49107  461 49107     2     4      3 82997  1.3e-11        -
23276  8.3346e-08  4.7761e-12     49125  461 49125     2     4      3 83024  3.2e-11        -
23284  8.3384e-08  4.7761e-12     49141  461 49141     2     4      3 83048  1.2e-10        -
23292  8.3422e-08  4.7761e-12     49157  461 49157     2     4      3 83072    3e-11        -
23300   8.346e-08  4.7761e-12     49173  461 49173     2     4      3 83096  9.5e-12        -
23308  8.3497e-08  3.2099e-12     49192  462 49192     2     4      3 83127  1.2e-12        -
23312   8.351e-08  3.2099e-12     49199  463 49199     2     4      3 83138  1.4e-12        -
23321  8.3539e-08  3.2099e-12     49214  463 49214     2     4      3 83162  8.8e-13        -
23332  8.3574e-08  3.2099e-12     49231  463 49231     2     4      3 83190  7.2e-13        -
23341  8.3603e-08  3.2099e-12     49249  463 49249     2     4      3 83217  6.5e-14        -
23349  8.3628e-08  3.2099e-12     49265  463 49265     2     4      3 83241  5.3e-14        -
23357  8.3654e-08  3.2099e-12     49281  463 49281     2     4      3 83265  1.7e-14        -
23365   8.368e-08  3.2099e-12     49297  463 49297     2     4      3 83289    7e-14        -
23374  8.3709e-08  3.2099e-12     49315  463 49315     2     4      3 83307  6.5e-08        -
23383  8.3738e-08  3.2099e-12     49333  463 49333     2     4      3 83333  8.1e-16        -
23392  8.3765e-08  3.0227e-12     49351  463 49351     2     4      3 83364  1.1e-13        -
23401  8.3792e-08  3.0227e-12     49369  463 49369     2     4      3 83400  1.9e-13        -
23410   8.382e-08  3.0227e-12     49387  463 49387     2     4      3 83434  1.5e-13        -
23419  8.3847e-08  3.0227e-12     49405  463 49405     2     4      3 83469  9.6e-07        -
23428  8.3874e-08  3.0227e-12     49423  463 49423     2     4      3 83505  2.1e-13        -
23437  8.3901e-08  3.0227e-12     49441  463 49441     2     4      3 83540  2.6e-13        -
23446  8.3928e-08  3.0227e-12     49459  463 49459     2     4      3 83575  2.4e-13        -
23455  8.3956e-08  3.0227e-12     49477  463 49477     2     4      3 83610  2.9e-13        -
-------    当前进度:  72 % - 求解线性方程组
23463   8.398e-08  3.0227e-12     49493  463 49493     2     4      3 83642  3.5e-13        -
23471  8.4003e-08  2.5797e-12     49509  463 49509     2     4      3 83673  2.1e-12        -
23480  8.4026e-08  2.5797e-12     49527  463 49527     2     4      3 83709  6.2e-12        -
23489  8.4049e-08  2.5797e-12     49545  463 49545     2     4      3 83742  9.3e-07        -
23498  8.4072e-08  2.5797e-12     49563  463 49563     2     4      3 83777  7.9e-12        -
23507  8.4095e-08  2.5797e-12     49581  463 49581     2     4      3 83810  8.4e-07        -
23516  8.4119e-08  2.5797e-12     49599  463 49599     2     4      3 83844  6.1e-12        -
23525  8.4142e-08  2.5797e-12     49617  463 49617     2     4      3 83878  8.2e-12        -
23534  8.4165e-08  2.5797e-12     49635  463 49635     2     4      3 83912  8.1e-12        -
23543  8.4188e-08  2.5797e-12     49653  463 49653     2     4      3 83946  1.1e-11        -
23552  8.4212e-08  2.5797e-12     49671  463 49671     2     4      3 83980  1.1e-11        -
23562  8.4237e-08  2.5797e-12     49691  463 49691     2     4      3 84017  8.4e-12        -
23570  8.4265e-08  4.9307e-12     49707  464 49707     2     4      3 84045  5.3e-11        -
23579  8.4309e-08  4.9307e-12     49725  464 49725     2     4      3 84072  8.9e-11        -
23589  8.4358e-08  4.9307e-12     49745  464 49745     2     4      3 84102  1.1e-10        -
23598  8.4403e-08  4.9307e-12     49763  464 49763     2     4      3 84129  6.2e-11        -
23607  8.4447e-08  4.9307e-12     49781  464 49781     2     4      3 84156  1.4e-10        -
23617  8.4496e-08  4.1982e-12     49801  464 49801     2     4      3 84187  9.4e-11        -
23626  8.4534e-08  4.1982e-12     49819  464 49819     2     4      3 84221  7.3e-11        -
23636  8.4576e-08  4.1982e-12     49839  464 49839     2     4      3 84259  7.3e-11        -
23646  8.4618e-08  4.1982e-12     49859  464 49859     2     4      3 84298    1e-10        -
23656   8.466e-08  4.1982e-12     49879  464 49879     2     4      3 84336    1e-10        -
23666  8.4702e-08  4.1982e-12     49899  464 49899     2     4      3 84374    1e-10        -
23676  8.4743e-08  4.1982e-12     49919  464 49919     2     4      3 84412  9.9e-11        -
23684   8.477e-08  3.2521e-12     49935  465 49935     2     4      3 84436  2.5e-11        -
23692  8.4796e-08  3.2521e-12     49951  465 49951     2     4      3 84460  2.4e-11        -
23701  8.4825e-08  3.2521e-12     49969  465 49969     2     4      3 84487  3.6e-11        -
23711  8.4857e-08  3.2521e-12     49989  465 49989     2     4      3 84517  3.8e-11        -
23720  8.4887e-08  3.2521e-12     50007  465 50007     2     4      3 84544  2.4e-11        -
23729  8.4916e-08  3.2521e-12     50025  465 50025     2     4      3 84571  4.4e-11        -
23739  8.4948e-08  3.2521e-12     50045  465 50045     2     4      3 84601  4.7e-11        -
23748  8.4978e-08  3.2521e-12     50063  465 50063     2     4      3 84628  2.3e-11        -
23758  8.5009e-08  3.0475e-12     50083  465 50083     2     4      3 84658  5.1e-07        -
23768   8.504e-08  3.0475e-12     50103  465 50103     2     4      3 84693  2.6e-12        -
23777  8.5067e-08  3.0475e-12     50121  465 50121     2     4      3 84728  2.8e-12        -
23787  8.5098e-08  3.0475e-12     50141  465 50141     2     4      3 84767  9.9e-07        -
23797  8.5128e-08  3.0475e-12     50161  465 50161     2     4      3 84807    3e-12        -
23807  8.5158e-08  3.0475e-12     50181  465 50181     2     4      3 84846  2.9e-12        -
23817  8.5189e-08  3.0475e-12     50201  465 50201     2     4      3 84885  9.9e-07        -
23827  8.5219e-08  3.0475e-12     50221  465 50221     2     4      3 84925    3e-12        -
23837  8.5248e-08  1.5749e-12     50240  466 50240     2     4      3 84962  5.8e-13        -
23845  8.5272e-08  3.1499e-12     50256  467 50256     2     4      3 84986  9.7e-12        -
23855  8.5304e-08  3.1499e-12     50276  467 50276     2     4      3 85016  1.1e-11        -
23865  8.5335e-08  3.1499e-12     50296  467 50296     2     4      3 85046  1.1e-11        -
23875  8.5367e-08  3.1499e-12     50316  467 50316     2     4      3 85076  1.2e-11        -
23885  8.5398e-08  3.1499e-12     50336  467 50336     2     4      3 85106  1.3e-11        -
23895   8.543e-08  3.1499e-12     50356  467 50356     2     4      3 85136  1.4e-11        -
23905  8.5461e-08  3.1499e-12     50376  467 50376     2     4      3 85166  1.5e-11        -
23915  8.5493e-08  3.1499e-12     50396  467 50396     2     4      3 85196  1.6e-11        -
23919  8.5504e-08    4.31e-12     50408  470 50408     2     4      3 85216  3.2e-11        -
-------    当前进度:  73 % - 正在组装残差
23927  8.5539e-08    4.31e-12     50424  470 50424     2     4      3 85240  3.3e-11        -
23936  8.5578e-08    4.31e-12     50442  470 50442     2     4      3 85267  2.6e-11        -
23945  8.5616e-08    4.31e-12     50460  470 50460     2     4      3 85294  3.3e-11        -
23953  8.5651e-08    4.31e-12     50476  470 50476     2     4      3 85318  3.3e-11        -
23961  8.5685e-08    4.31e-12     50492  470 50492     2     4      3 85342  3.2e-11        -
23969   8.572e-08    4.31e-12     50508  470 50508     2     4      3 85366  3.2e-11        -
23976  8.5748e-08  2.1649e-12     50522  471 50522     2     4      3 85387  1.6e-12        -
23984   8.578e-08  4.3298e-12     50538  472 50538     2     4      3 85411  2.5e-11        -
23994  8.5824e-08  4.3298e-12     50558  472 50558     2     4      3 85441  2.5e-11        -
24004  8.5867e-08  4.3298e-12     50578  472 50578     2     4      3 85471  2.5e-11        -
24014   8.591e-08  4.3298e-12     50598  472 50598     2     4      3 85501  2.5e-11        -
24024  8.5954e-08  4.3298e-12     50618  472 50618     2     4      3 85531  2.5e-11        -
24034  8.5996e-08  3.7647e-12     50638  472 50638     2     4      3 85562  1.5e-11        -
24042  8.6026e-08  3.7647e-12     50654  472 50654     2     4      3 85594  2.2e-11        -
24052  8.6064e-08  3.7647e-12     50674  472 50674     2     4      3 85634  3.4e-11        -
24062  8.6102e-08  3.7647e-12     50694  472 50694     2     4      3 85673  3.8e-11        -
24070  8.6132e-08  3.7647e-12     50710  472 50710     2     4      3 85704    4e-11        -
24078  8.6162e-08  3.7647e-12     50726  472 50726     2     4      3 85734  9.9e-07        -
24088    8.62e-08  3.7647e-12     50746  472 50746     2     4      3 85773  3.4e-11        -
24098  8.6237e-08  3.7647e-12     50766  472 50766     2     4      3 85811  9.5e-07        -
24105  8.6258e-08  2.6481e-12     50780  473 50780     2     4      3 85834  6.4e-12        -
24114  8.6282e-08  2.6481e-12     50798  473 50798     2     4      3 85861  6.5e-12        -
24123  8.6306e-08  2.6481e-12     50816  473 50816     2     4      3 85888  5.5e-12        -
24131  8.6327e-08  2.6481e-12     50832  473 50832     2     4      3 85912  5.1e-12        -
24140  8.6351e-08  2.6481e-12     50850  473 50850     2     4      3 85939  7.1e-12        -
24150  8.6377e-08  2.6481e-12     50870  473 50870     2     4      3 85969  7.5e-12        -
24160  8.6404e-08  2.6481e-12     50890  473 50890     2     4      3 85999    8e-12        -
24170   8.643e-08  2.6481e-12     50910  473 50910     2     4      3 86029  8.9e-12        -
24179  8.6454e-08  2.6481e-12     50928  473 50928     2     4      3 86056  3.1e-12        -
24187  8.6475e-08  2.6481e-12     50944  473 50944     2     4      3 86080  2.8e-12        -
24196  8.6498e-08  1.8639e-12     50963  473 50963     2     4      3 86109  8.2e-07        -
24211  8.6552e-08  3.7278e-12     50981  473 50981     2     4      3 86130  9.7e-07        -
24229  8.6619e-08  3.7278e-12     50999  473 50999     2     4      3 86148  9.1e-07        -
24246  8.6683e-08  3.7278e-12     51016  473 51016     2     4      3 86165  8.4e-07        -
24264  8.6748e-08   1.981e-12     51034  473 51034     2     4      3 86183  7.8e-07        -
24281  8.6813e-08  3.9619e-12     51051  473 51051     2     4      3 86200  7.1e-07        -
24298  8.6881e-08  3.9619e-12     51068  473 51068     2     4      3 86217  6.4e-07        -
24315  8.6948e-08  3.9619e-12     51085  473 51085     2     4      3 86234  5.7e-07        -
24330  8.7004e-08  4.3593e-12     51101  474 51101     2     4      3 86251  4.3e-11        -
24344  8.7065e-08  4.3593e-12     51120  474 51120     2     4      3 86272  2.8e-07        -
24356  8.7118e-08  4.3593e-12     51140  474 51140     2     4      3 86294  3.2e-07        -
24368   8.717e-08  4.3593e-12     51158  474 51158     2     4      3 86312  9.4e-07        -
24381  8.7227e-08  4.3593e-12     51177  474 51177     2     4      3 86331  7.9e-07        -
24390  8.7259e-08  2.9384e-12     51196  474 51196     2     4      3 86354  7.9e-07        -
24398  8.7282e-08  2.9384e-12     51216  474 51216     2     4      3 86385  6.3e-07        -
24409  8.7315e-08  2.9384e-12     51234  474 51234     2     4      3 86419  2.9e-12        -
24418  8.7341e-08  2.9384e-12     51252  474 51252     2     4      3 86449  2.1e-12        -
24428   8.737e-08  2.9384e-12     51271  474 51271     2     4      3 86482  1.9e-12        -
-------    当前进度:  75 % - 正在组装残差
24437  8.7397e-08  2.9384e-12     51292  474 51292     2     4      3 86519  9.1e-07        -
24448  8.7429e-08  2.9384e-12     51312  474 51312     2     4      3 86555  6.5e-13        -
24457  8.7456e-08  2.9384e-12     51331  474 51331     2     4      3 86591  2.2e-13        -
24468  8.7488e-08  2.9384e-12     51349  474 51349     2     4      3 86618  2.6e-07        -
24477  8.7513e-08  3.1767e-12     51362  476 51362     2     4      3 86631  5.4e-08        -
24490  8.7554e-08  3.1767e-12     51382  476 51382     2     4      3 86658  2.2e-14        -
24501  8.7589e-08  3.1767e-12     51403  476 51403     2     4      3 86690  4.9e-14        -
24511  8.7621e-08  3.1767e-12     51423  476 51423     2     4      3 86720  1.3e-13        -
24521  8.7652e-08  3.1767e-12     51443  476 51443     2     4      3 86750  1.1e-13        -
24531  8.7684e-08  3.1767e-12     51463  476 51463     2     4      3 86780  2.3e-13        -
24541  8.7716e-08  3.1767e-12     51483  476 51483     2     4      3 86810  2.7e-13        -
24551  8.7747e-08  2.6982e-12     51503  476 51503     2     4      3 86840  6.9e-07        -
24561  8.7774e-08  2.6982e-12     51523  476 51523     2     4      3 86878  4.6e-13        -
24571  8.7801e-08  2.6982e-12     51543  476 51543     2     4      3 86916  9.5e-07        -
24581  8.7828e-08  2.6982e-12     51563  476 51563     2     4      3 86955  7.1e-13        -
24591  8.7855e-08  2.6982e-12     51583  476 51583     2     4      3 86993  7.2e-13        -
24601  8.7882e-08  2.6982e-12     51603  476 51603     2     4      3 87031  9.8e-07        -
24611  8.7909e-08  2.6982e-12     51623  476 51623     2     4      3 87070    1e-12        -
24620  8.7933e-08  2.6982e-12     51641  476 51641     2     4      3 87104  8.1e-13        -
24630   8.796e-08  2.6982e-12     51661  476 51661     2     4      3 87143  1.2e-12        -
24639  8.7985e-08  2.6982e-12     51679  476 51679     2     4      3 87177  1.2e-12        -
24647  8.8009e-08  4.4681e-12     51695  476 51695     2     4      3 87207  7.9e-07        -
24657  8.8054e-08  4.4681e-12     51711  476 51711     2     4      3 87227    4e-07        -
24670  8.8112e-08  4.4681e-12     51729  476 51729     2     4      3 87249  3.8e-07        -
24683   8.817e-08  4.4681e-12     51746  476 51746     2     4      3 87270  1.5e-07        -
24697  8.8232e-08  4.4681e-12     51765  476 51765     2     4      3 87294  3.1e-07        -
24711  8.8294e-08  4.3606e-12     51783  476 51783     2     4      3 87316    5e-07        -
24723  8.8346e-08  4.3606e-12     51799  476 51799     2     4      3 87336  4.8e-07        -
24736  8.8403e-08  4.3606e-12     51816  476 51816     2     4      3 87357  4.1e-07        -
24750  8.8464e-08  4.3606e-12     51833  476 51833     2     4      3 87377    4e-07        -
24760  8.8503e-08  2.9045e-12     51845  476 51845     2     4      3 87391  8.6e-07        -
24767  8.8523e-08  2.9045e-12     51859  476 51859     2     4      3 87412  3.1e-07        -
24775  8.8546e-08  2.9045e-12     51875  476 51875     2     4      3 87438  1.4e-12        -
24782  8.8567e-08  2.9045e-12     51889  476 51889     2     4      3 87465  1.5e-12        -
24789  8.8587e-08  2.9045e-12     51903  476 51903     2     4      3 87492  9.9e-07        -
24797   8.861e-08  2.9045e-12     51919  476 51919     2     4      3 87524  1.5e-12        -
24806  8.8637e-08  2.9045e-12     51937  476 51937     2     4      3 87559  1.7e-12        -
24814   8.866e-08  2.9045e-12     51953  476 51953     2     4      3 87590  1.7e-12        -
24823  8.8686e-08  2.9045e-12     51971  476 51971     2     4      3 87625  9.7e-07        -
24832  8.8712e-08  2.9045e-12     51989  476 51989     2     4      3 87661    2e-12        -
24842  8.8741e-08  2.9045e-12     52009  476 52009     2     4      3 87700    2e-12        -
24848  8.8756e-08  3.1134e-12     52020  478 52020     2     4      3 87718  4.2e-12        -
24857  8.8784e-08  3.1134e-12     52038  478 52038     2     4      3 87745  3.9e-12        -
24866  8.8812e-08  3.1134e-12     52056  478 52056     2     4      3 87772    4e-12        -
24875   8.884e-08  3.1134e-12     52074  478 52074     2     4      3 87799  4.9e-12        -
24884  8.8868e-08  3.1134e-12     52092  478 52092     2     4      3 87826  3.8e-12        -
24893  8.8896e-08  3.1134e-12     52110  478 52110     2     4      3 87853    6e-12        -
24902  8.8924e-08  3.1134e-12     52128  478 52128     2     4      3 87880  3.8e-12        -
24911  8.8952e-08  3.1134e-12     52146  478 52146     2     4      3 87907  7.1e-12        -
24920   8.898e-08  3.1134e-12     52164  478 52164     2     4      3 87934  3.7e-12        -
-------    当前进度:  76 % - 正在组装残差
24927     8.9e-08   2.022e-12 out 52177  479 52177     2     4      3 87954  7.7e-13        -
24935  8.9032e-08   4.044e-12     52193  480 52193     2     4      3 87978  1.3e-11        -
24943  8.9065e-08   4.044e-12     52209  480 52209     2     4      3 88002  1.3e-11        -
24951  8.9097e-08   4.044e-12     52225  480 52225     2     4      3 88026  1.3e-11        -
24958  8.9125e-08   4.044e-12     52239  480 52239     2     4      3 88047  1.5e-11        -
24964   8.915e-08   4.044e-12     52251  480 52251     2     4      3 88065  1.5e-11        -
24971  8.9178e-08   4.044e-12     52265  480 52265     2     4      3 88086  1.4e-11        -
24978  8.9206e-08   4.044e-12     52279  480 52279     2     4      3 88107  1.5e-11        -
24988  8.9246e-08  3.6808e-12     52299  480 52299     2     4      3 88138  6.6e-12        -
24997  8.9279e-08  3.6808e-12     52317  480 52317     2     4      3 88174  7.4e-12        -
25005  8.9309e-08  3.6808e-12     52333  480 52333     2     4      3 88206  8.7e-12        -
25014  8.9342e-08  3.6808e-12     52351  480 52351     2     4      3 88241    9e-12        -
25023  8.9375e-08  3.6808e-12     52369  480 52369     2     4      3 88276  8.4e-12        -
25033  8.9412e-08  3.6808e-12     52389  480 52389     2     4      3 88315  8.4e-12        -
25043  8.9449e-08  3.6808e-12     52409  480 52409     2     4      3 88354  8.3e-12        -
25053  8.9486e-08  3.6808e-12     52429  480 52429     2     4      3 88393  8.3e-12        -
25062  8.9518e-08   3.533e-12     52447  480 52447     2     4      3 88429  1.8e-11        -
25071  8.9549e-08   3.533e-12     52465  480 52465     2     4      3 88464  1.9e-11        -
25080  8.9581e-08   3.533e-12     52483  480 52483     2     4      3 88499  2.1e-11        -
25090  8.9617e-08   3.533e-12     52503  480 52503     2     4      3 88537  1.8e-11        -
25100  8.9652e-08   3.533e-12     52523  480 52523     2     4      3 88576    2e-11        -
25110  8.9687e-08   3.533e-12     52543  480 52543     2     4      3 88614  1.7e-11        -
25117  8.9712e-08   3.533e-12     52557  480 52557     2     4      3 88641  1.7e-11        -
25126  8.9744e-08   3.533e-12     52575  480 52575     2     4      3 88676  1.9e-11        -
25135  8.9772e-08  3.1124e-12     52593  480 52593     2     4      3 88710  8.4e-07        -
25145  8.9803e-08  3.1124e-12     52613  480 52613     2     4      3 88747  8.2e-07        -
25155  8.9834e-08  3.1124e-12     52633  480 52633     2     4      3 88784    8e-07        -
25164  8.9862e-08  3.1124e-12     52651  480 52651     2     4      3 88818  9.2e-11        -
25174  8.9893e-08  3.1124e-12     52671  480 52671     2     4      3 88854  9.4e-07        -
25184  8.9924e-08  3.1124e-12     52691  480 52691     2     4      3 88891  9.2e-07        -
25193  8.9952e-08  3.1124e-12     52709  480 52709     2     4      3 88924  9.7e-07        -
25203  8.9983e-08  3.1124e-12     52729  480 52729     2     4      3 88961  9.4e-07        -
25210  9.0004e-08  4.1243e-12     52742  482 52742     2     4      3 88984  4.4e-11        -
25219  9.0041e-08  4.1243e-12     52760  482 52760     2     4      3 89011  4.4e-11        -
25229  9.0082e-08  4.1243e-12     52780  482 52780     2     4      3 89041  4.1e-11        -
25238   9.012e-08  4.1243e-12     52798  482 52798     2     4      3 89068  4.3e-11        -
25246  9.0153e-08  4.1243e-12     52814  482 52814     2     4      3 89092  4.3e-11        -
25256  9.0194e-08  4.1243e-12     52834  482 52834     2     4      3 89122  4.2e-11        -
25266  9.0235e-08  4.1243e-12     52854  482 52854     2     4      3 89152  4.2e-11        -
25276   9.027e-08   3.334e-12     52874  482 52874     2     4      3 89188  3.5e-11        -
25286  9.0303e-08   3.334e-12     52894  482 52894     2     4      3 89225  2.7e-11        -
25294   9.033e-08   3.334e-12     52910  482 52910     2     4      3 89255  2.6e-11        -
25302  9.0357e-08   3.334e-12     52926  482 52926     2     4      3 89285  2.6e-11        -
25312   9.039e-08   3.334e-12     52946  482 52946     2     4      3 89323  3.1e-11        -
25322  9.0423e-08   3.334e-12     52966  482 52966     2     4      3 89360  2.5e-11        -
25332  9.0457e-08   3.334e-12     52986  482 52986     2     4      3 89398    3e-11        -
25342   9.049e-08   3.334e-12     53006  482 53006     2     4      3 89435  2.3e-11        -
25352  9.0523e-08  3.3079e-12     53026  482 53026     2     4      3 89472  1.9e-11        -
-------    当前进度:  77 % - 正在组装残差
25361  9.0553e-08  3.3079e-12     53044  482 53044     2     4      3 89506  2.4e-11        -
25371  9.0586e-08  3.3079e-12     53064  482 53064     2     4      3 89543    8e-07        -
25379  9.0612e-08  3.3079e-12     53080  482 53080     2     4      3 89573    2e-11        -
25389  9.0646e-08  3.3079e-12     53100  482 53100     2     4      3 89610  8.4e-07        -
25399  9.0679e-08  3.3079e-12     53120  482 53120     2     4      3 89647  9.5e-07        -
25407  9.0705e-08  3.3079e-12     53136  482 53136     2     4      3 89677  8.6e-07        -
25415  9.0732e-08  3.3079e-12     53152  482 53152     2     4      3 89707  7.8e-07        -
25423  9.0755e-08   2.609e-12     53167  483 53167     2     4      3 89733  1.9e-12        -
25433  9.0781e-08   2.609e-12     53187  483 53187     2     4      3 89763  1.6e-12        -
25443  9.0807e-08   2.609e-12     53207  483 53207     2     4      3 89793  1.3e-12        -
25453  9.0833e-08   2.609e-12     53227  483 53227     2     4      3 89823  1.1e-12        -
25462  9.0857e-08   2.609e-12     53245  483 53245     2     4      3 89850    5e-12        -
25471   9.088e-08   2.609e-12     53263  483 53263     2     4      3 89877  8.1e-13        -
25481  9.0907e-08   2.609e-12     53283  483 53283     2     4      3 89907  5.6e-13        -
25489  9.0927e-08   2.609e-12     53299  483 53299     2     4      3 89931  5.4e-13        -
25498  9.0951e-08   2.609e-12     53317  483 53317     2     4      3 89958  3.7e-12        -
25507  9.0974e-08   2.609e-12     53335  483 53335     2     4      3 89985  4.2e-13        -
25517     9.1e-08  2.3793e-12 out 53355  483 53355     2     4      3 90015  2.9e-07        -
25526  9.1043e-08  4.7586e-12     53372  484 53372     2     4      3 90041  7.8e-12        -
25536   9.109e-08  4.7586e-12     53392  484 53392     2     4      3 90071  8.6e-12        -
25546  9.1138e-08  4.7586e-12     53412  484 53412     2     4      3 90101  1.2e-11        -
25555  9.1181e-08  4.7586e-12     53430  484 53430     2     4      3 90128  1.6e-12        -
25567  9.1238e-08  4.7586e-12     53449  484 53449     2     4      3 90159  2.6e-12        -
25577  9.1276e-08  3.6554e-12     53470  484 53470     2     4      3 90197  3.5e-12        -
25587  9.1312e-08  3.6554e-12     53491  484 53491     2     4      3 90235  3.8e-07        -
25599  9.1356e-08  3.6554e-12     53511  484 53511     2     4      3 90274  1.1e-12        -
25610  9.1396e-08  3.6554e-12     53532  484 53532     2     4      3 90311    9e-07        -
25620  9.1433e-08  3.6554e-12     53552  484 53552     2     4      3 90335  3.3e-08        -
25630  9.1469e-08  3.6554e-12     53574  484 53574     2     4      3 90361  2.7e-11        -
25639    9.15e-08  2.5457e-12 out 53591  485 53591     2     4      3 90385  2.4e-07        -
25649  9.1525e-08  2.5457e-12     53611  485 53611     2     4      3 90414  1.4e-13        -
25659  9.1551e-08  2.5457e-12     53631  485 53631     2     4      3 90444  4.1e-14        -
25669  9.1576e-08  2.5457e-12     53651  485 53651     2     4      3 90474  9.3e-13        -
25678  9.1599e-08  2.5457e-12     53669  485 53669     2     4      3 90501  1.9e-13        -
25687  9.1622e-08  2.5457e-12     53687  485 53687     2     4      3 90528  2.7e-12        -
25697  9.1648e-08  2.5457e-12     53707  485 53707     2     4      3 90558  5.7e-11        -
25705  9.1668e-08  2.5457e-12     53723  485 53723     2     4      3 90582  1.3e-12        -
25714  9.1691e-08  2.5457e-12     53741  485 53741     2     4      3 90609  2.3e-13        -
25724  9.1716e-08  2.5457e-12     53761  485 53761     2     4      3 90639  2.5e-13        -
25735  9.1744e-08  2.5457e-12     53783  485 53783     2     4      3 90672  1.3e-12        -
25743  9.1765e-08   3.068e-12     53796  487 53796     2     4      3 90693  2.5e-12        -
25753  9.1796e-08   3.068e-12     53816  487 53816     2     4      3 90723    3e-12        -
25764   9.183e-08   3.068e-12     53838  487 53838     2     4      3 90756  1.8e-12        -
25773  9.1857e-08   3.068e-12     53856  487 53856     2     4      3 90783  4.7e-12        -
25782  9.1885e-08   3.068e-12     53874  487 53874     2     4      3 90810  1.8e-12        -
25793  9.1919e-08   3.068e-12     53896  487 53896     2     4      3 90843    7e-12        -
25799  9.1937e-08   3.068e-12     53908  487 53908     2     4      3 90861  8.1e-12        -
25804  9.1952e-08   3.068e-12     53918  487 53918     2     4      3 90876  2.1e-12        -
-------    当前进度:  78 % - 正在组装残差
25811  9.1974e-08   3.068e-12     53932  487 53932     2     4      3 90897    1e-11        -
25817  9.1992e-08   3.068e-12     53944  487 53944     2     4      3 90915  1.1e-11        -
25827  9.2032e-08  4.5607e-12     53964  487 53964     2     4      3 90946  4.7e-07        -
25838  9.2082e-08  4.5607e-12     53986  487 53986     2     4      3 90974  4.7e-07        -
25848  9.2128e-08  4.5607e-12     54006  487 54006     2     4      3 90999  4.4e-07        -
25859  9.2178e-08  4.5607e-12     54028  487 54028     2     4      3 91026  4.3e-07        -
25873  9.2242e-08  4.5607e-12     54049  487 54049     2     4      3 91054  4.5e-07        -
25884  9.2287e-08  4.1425e-12     54066  487 54066     2     4      3 91077  2.4e-07        -
25896  9.2337e-08  4.1425e-12     54084  487 54084     2     4      3 91101  2.4e-07        -
25909  9.2391e-08  4.1425e-12     54103  487 54103     2     4      3 91126  2.6e-07        -
25922  9.2445e-08  4.1425e-12     54123  487 54123     2     4      3 91153  2.2e-07        -
25935  9.2497e-08   2.796e-12     54143  487 54143     2     4      3 91177  1.8e-07        -
25948  9.2534e-08   2.796e-12     54161  487 54161     2     4      3 91197  1.4e-07        -
25957  9.2559e-08   2.796e-12     54179  487 54179     2     4      3 91224  5.4e-07        -
25966  9.2584e-08   2.796e-12     54197  487 54197     2     4      3 91257    1e-12        -
25976  9.2612e-08   2.796e-12     54217  487 54217     2     4      3 91296    1e-12        -
25987  9.2643e-08   2.796e-12     54239  487 54239     2     4      3 91339  1.2e-12        -
25995  9.2665e-08   2.796e-12     54255  487 54255     2     4      3 91370  1.2e-12        -
26006  9.2696e-08   2.796e-12     54277  487 54277     2     4      3 91413  1.1e-12        -
26016  9.2724e-08   2.796e-12     54297  487 54297     2     4      3 91452  1.1e-12        -
26025  9.2748e-08  1.9745e-12     54314  488 54314     2     4      3 91485  5.3e-13        -
26033  9.2778e-08  3.9491e-12     54330  489 54330     2     4      3 91509  9.3e-12        -
26043  9.2817e-08  3.9491e-12     54350  489 54350     2     4      3 91539  1.1e-11        -
26053  9.2857e-08  3.9491e-12     54370  489 54370     2     4      3 91569  1.2e-11        -
26063  9.2896e-08  3.9491e-12     54390  489 54390     2     4      3 91599  1.4e-11        -
26073  9.2936e-08  3.9491e-12     54410  489 54410     2     4      3 91629  1.7e-11        -
26081  9.2967e-08  3.9491e-12     54426  489 54426     2     4      3 91653  1.9e-11        -
26089  9.2997e-08  2.5791e-12     54442  490 54442     2     4      3 91677  1.8e-12        -
26099  9.3023e-08  2.5791e-12     54462  490 54462     2     4      3 91707  2.1e-12        -
26108  9.3046e-08  2.5791e-12     54480  490 54480     2     4      3 91734  1.2e-12        -
26117   9.307e-08  2.5791e-12     54498  490 54498     2     4      3 91761  2.6e-12        -
26127  9.3095e-08  2.5791e-12     54518  490 54518     2     4      3 91791  2.9e-12        -
26135  9.3116e-08  2.5791e-12     54534  490 54534     2     4      3 91815  3.5e-12        -
26144  9.3139e-08  2.5791e-12     54552  490 54552     2     4      3 91842  9.4e-13        -
26154  9.3165e-08  2.5791e-12     54572  490 54572     2     4      3 91872  9.2e-13        -
26164  9.3191e-08  2.5791e-12     54592  490 54592     2     4      3 91902  8.9e-13        -
26174  9.3217e-08  2.5791e-12     54612  490 54612     2     4      3 91932  7.5e-13        -
26184  9.3242e-08  2.5791e-12     54632  490 54632     2     4      3 91962    8e-13        -
26194  9.3267e-08  2.4917e-12     54652  490 54652     2     4      3 91992  6.1e-07        -
26204  9.3292e-08  2.4917e-12     54672  490 54672     2     4      3 92024  6.9e-14        -
26214  9.3317e-08  2.4917e-12     54692  490 54692     2     4      3 92064  7.1e-14        -
26224  9.3342e-08  2.4917e-12     54712  490 54712     2     4      3 92104  7.3e-14        -
26234  9.3367e-08  2.4917e-12     54732  490 54732     2     4      3 92143  6.9e-14        -
26244  9.3392e-08  2.4917e-12     54752  490 54752     2     4      3 92183  7.1e-14        -
26254  9.3417e-08  2.4917e-12     54772  490 54772     2     4      3 92222  6.7e-14        -
26263  9.3439e-08  2.4917e-12     54790  490 54790     2     4      3 92258    9e-14        -
26273  9.3464e-08  2.4917e-12     54810  490 54810     2     4      3 92298  9.1e-14        -
26283  9.3489e-08  2.4917e-12     54830  490 54830     2     4      3 92337  8.7e-14        -
26291   9.351e-08  3.3172e-12     54845  492 54845     2     4      3 92363  1.9e-12        -
-------    当前进度:  79 % - 正在组装残差
26300   9.354e-08  3.3172e-12     54863  492 54863     2     4      3 92390  9.4e-13        -
26310  9.3573e-08  3.3172e-12     54883  492 54883     2     4      3 92420  8.7e-13        -
26318    9.36e-08  3.3172e-12     54899  492 54899     2     4      3 92444  8.6e-13        -
26326  9.3626e-08  3.3172e-12     54915  492 54915     2     4      3 92468  8.1e-13        -
26336  9.3659e-08  3.3172e-12     54935  492 54935     2     4      3 92498  7.8e-13        -
26346  9.3692e-08  3.3172e-12     54955  492 54955     2     4      3 92528  7.8e-13        -
26356  9.3726e-08  3.3172e-12     54975  492 54975     2     4      3 92558  7.4e-13        -
26363  9.3748e-08  2.2641e-12     54993  493 54993     2     4      3 92587  3.9e-13        -
26371  9.3782e-08  4.5281e-12     55009  495 55009     2     4      3 92611  5.6e-12        -
26381  9.3827e-08  4.5281e-12     55029  495 55029     2     4      3 92641  5.3e-12        -
26392  9.3877e-08  4.5281e-12     55051  495 55051     2     4      3 92674  3.8e-12        -
26403  9.3927e-08  4.5281e-12     55073  495 55073     2     4      3 92707  4.4e-12        -
26413  9.3972e-08  4.5281e-12     55093  495 55093     2     4      3 92737  4.1e-12        -
26421  9.4003e-08  2.7409e-12     55109  496 55109     2     4      3 92761  6.2e-13        -
26432  9.4033e-08  2.7409e-12     55131  496 55131     2     4      3 92794  1.2e-12        -
26442   9.406e-08  2.7409e-12     55151  496 55151     2     4      3 92824  8.1e-13        -
26453   9.409e-08  2.7409e-12     55173  496 55173     2     4      3 92857  3.5e-13        -
26464  9.4121e-08  2.7409e-12     55195  496 55195     2     4      3 92890  8.1e-13        -
26474  9.4148e-08  2.7409e-12     55215  496 55215     2     4      3 92920  1.2e-12        -
26484  9.4175e-08  2.7409e-12     55235  496 55235     2     4      3 92950  3.2e-13        -
26494  9.4203e-08  2.7409e-12     55255  496 55255     2     4      3 92980  2.9e-14        -
26503  9.4227e-08  2.7409e-12     55273  496 55273     2     4      3 93007  2.1e-13        -
26512   9.425e-08  1.6604e-12 out 55290  497 55290     2     4      3 93033  7.5e-14        -
26521   9.428e-08  3.3208e-12     55308  498 55308     2     4      3 93060  8.4e-13        -
26531  9.4313e-08  3.3208e-12     55328  498 55328     2     4      3 93090  6.7e-13        -
26541  9.4346e-08  3.3208e-12     55348  498 55348     2     4      3 93120  5.5e-13        -
26551   9.438e-08  3.3208e-12     55368  498 55368     2     4      3 93150  4.8e-13        -
26562  9.4416e-08  3.3208e-12     55390  498 55390     2     4      3 93183  2.5e-13        -
26570  9.4443e-08  3.3208e-12     55406  498 55406     2     4      3 93207  1.1e-13        -
26581  9.4479e-08  3.3208e-12     55428  498 55428     2     4      3 93240  2.8e-13        -
26589  9.4504e-08  4.2598e-12     55443  500 55443     2     4      3 93263  1.9e-12        -
26597  9.4538e-08  4.2598e-12     55459  500 55459     2     4      3 93287  1.5e-12        -
26607  9.4581e-08  4.2598e-12     55479  500 55479     2     4      3 93317  1.1e-12        -
26617  9.4624e-08  4.2598e-12     55499  500 55499     2     4      3 93347  8.2e-13        -
26626  9.4662e-08  4.2598e-12     55517  500 55517     2     4      3 93374  1.8e-13        -
26635    9.47e-08  4.2598e-12     55535  500 55535     2     4      3 93401    5e-13        -
26645  9.4743e-08  4.2598e-12     55555  500 55555     2     4      3 93431  3.9e-13        -
26654  9.4775e-08  3.5952e-12     55573  500 55573     2     4      3 93467  1.2e-12        -
26664  9.4811e-08  3.5952e-12     55593  500 55593     2     4      3 93507  2.2e-12        -
26674  9.4847e-08  3.5952e-12     55613  500 55613     2     4      3 93547  4.2e-12        -
26684  9.4883e-08  3.5952e-12     55633  500 55633     2     4      3 93585  3.8e-12        -
26694  9.4919e-08  3.5952e-12     55653  500 55653     2     4      3 93623  3.5e-12        -
26704  9.4955e-08  3.5952e-12     55673  500 55673     2     4      3 93661  3.1e-12        -
26714  9.4991e-08  3.5952e-12     55693  500 55693     2     4      3 93698    1e-06        -
26727  9.5028e-08  2.7647e-12     55707  501 55707     2     4      3 93726    4e-13        -
26744  9.5075e-08  2.7647e-12     55724  501 55724     2     4      3 93760  3.1e-13        -
26761  9.5122e-08  2.7647e-12     55741  501 55741     2     4      3 93794  2.4e-13        -
26778  9.5169e-08  2.7647e-12     55758  501 55758     2     4      3 93828  1.6e-13        -
26795  9.5216e-08  2.7647e-12     55775  501 55775     2     4      3 93862  8.4e-14        -
26812  9.5266e-08   3.939e-12     55793  501 55793     2     4      3 93887  2.7e-09        -
26824  9.5313e-08   3.939e-12     55811  501 55811     2     4      3 93905  9.7e-09        -
--------   当前进度:  81 % - 
26834  9.5352e-08   3.939e-12     55828  501 55828     2     4      3 93924  9.8e-09        -
26845  9.5396e-08   3.939e-12     55847  501 55847     2     4      3 93947    6e-07        -
26853  9.5427e-08   3.939e-12     55863  501 55863     2     4      3 93967  4.6e-07        -
26862  9.5463e-08   3.939e-12     55881  501 55881     2     4      3 93994  1.6e-07        -
26872    9.55e-08  2.8897e-12 out 55900  501 55900     2     4      3 94020  8.6e-07        -
26882  9.5529e-08  2.8897e-12     55919  501 55919     2     4      3 94048  5.1e-08        -
26893  9.5561e-08  2.8897e-12     55939  501 55939     2     4      3 94077    7e-08        -
26904  9.5592e-08  2.8897e-12     55958  501 55958     2     4      3 94104  8.9e-07        -
26913  9.5618e-08  2.8897e-12     55974  501 55974     2     4      3 94127  4.3e-08        -
26926  9.5656e-08  2.8897e-12     55993  501 55993     2     4      3 94152    9e-07        -
26939  9.5694e-08  2.8897e-12     56013  501 56013     2     4      3 94179  7.2e-08        -
26951  9.5728e-08  2.8897e-12     56032  501 56032     2     4      3 94205  3.7e-08        -
26961  9.5759e-08  4.3744e-12     56048  502 56048     2     4      3 94227    2e-11        -
26971  9.5802e-08  4.3744e-12     56068  502 56068     2     4      3 94257  2.1e-11        -
26980  9.5842e-08  4.3744e-12     56086  502 56086     2     4      3 94284  2.1e-11        -
26989  9.5881e-08  4.3744e-12     56104  502 56104     2     4      3 94311  2.4e-11        -
26999  9.5925e-08  4.3744e-12     56124  502 56124     2     4      3 94341  2.5e-11        -
27009  9.5969e-08  4.3744e-12     56144  502 56144     2     4      3 94371  2.7e-11        -
27018  9.6003e-08  2.5172e-12     56161  503 56161     2     4      3 94397  3.2e-12        -
27028  9.6028e-08  2.5172e-12     56181  503 56181     2     4      3 94427  3.2e-12        -
27038  9.6053e-08  2.5172e-12     56201  503 56201     2     4      3 94457  3.4e-12        -
27048  9.6078e-08  2.5172e-12     56221  503 56221     2     4      3 94487  3.7e-12        -
27058  9.6103e-08  2.5172e-12     56241  503 56241     2     4      3 94517  4.1e-12        -
27068  9.6128e-08  2.5172e-12     56261  503 56261     2     4      3 94547  4.4e-12        -
27076  9.6149e-08  2.5172e-12     56277  503 56277     2     4      3 94571  4.6e-12        -
27086  9.6174e-08  2.5172e-12     56297  503 56297     2     4      3 94601  4.9e-12        -
27096  9.6199e-08  2.5172e-12     56317  503 56317     2     4      3 94631    5e-12        -
27104  9.6219e-08  2.5172e-12     56333  503 56333     2     4      3 94655  5.4e-12        -
27114  9.6244e-08  2.5172e-12     56353  503 56353     2     4      3 94685  5.4e-12        -
27122  9.6267e-08  3.3157e-12     56368  505 56368     2     4      3 94707  1.4e-11        -
27131  9.6296e-08  3.3157e-12     56386  505 56386     2     4      3 94734  1.4e-11        -
27141   9.633e-08  3.3157e-12     56406  505 56406     2     4      3 94764  1.4e-11        -
27151  9.6363e-08  3.3157e-12     56426  505 56426     2     4      3 94794  1.5e-11        -
27160  9.6393e-08  3.3157e-12     56444  505 56444     2     4      3 94821  1.5e-11        -
27169  9.6422e-08  3.3157e-12     56462  505 56462     2     4      3 94848  1.6e-11        -
27179  9.6456e-08  3.3157e-12     56482  505 56482     2     4      3 94878  1.7e-11        -
27188  9.6485e-08  3.3157e-12     56500  505 56500     2     4      3 94905  1.6e-11        -
27196  9.6514e-08  4.6361e-12     56516  505 56516     2     4      3 94929  3.4e-07        -
27213  9.6593e-08  4.6361e-12     56534  505 56534     2     4      3 94948  6.1e-07        -
27230  9.6672e-08  4.6361e-12     56553  505 56553     2     4      3 94969  3.4e-07        -
27245  9.6741e-08  4.6361e-12     56569  505 56569     2     4      3 94986  2.2e-07        -
27263  9.6821e-08  4.4608e-12     56588  505 56588     2     4      3 95006  7.8e-07        -
27280  9.6897e-08  4.4608e-12     56607  505 56607     2     4      3 95027  3.6e-07        -
27295  9.6964e-08  4.4608e-12     56623  505 56623     2     4      3 95044  3.1e-07        -
27313  9.7042e-08  4.6553e-12     56642  505 56642     2     4      3 95064  3.2e-07        -
27330  9.7121e-08  4.6553e-12     56661  505 56661     2     4      3 95085  3.4e-07        -
27345  9.7191e-08  4.6553e-12     56677  505 56677     2     4      3 95102  2.7e-07        -
27363   9.727e-08  3.9633e-12     56696  505 56696     2     4      3 95122  4.3e-07        -
27381  9.7341e-08  3.9633e-12     56715  505 56715     2     4      3 95142    4e-07        -
27398  9.7409e-08  3.9633e-12     56733  505 56733     2     4      3 95161  2.5e-07        -
--------   当前进度:  82 % - 正在组装残差
27412  9.7464e-08  3.9633e-12     56748  505 56748     2     4      3 95177  4.5e-07        -
27425  9.7513e-08   4.273e-12     56761  507 56761     2     4      3 95190  9.9e-07        -
27435  9.7556e-08   4.273e-12     56781  507 56781     2     4      3 95220    2e-10        -
27445  9.7598e-08   4.273e-12     56801  507 56801     2     4      3 95250    2e-10        -
27456  9.7645e-08   4.273e-12     56823  507 56823     2     4      3 95283  1.9e-10        -
27467  9.7692e-08   4.273e-12     56845  507 56845     2     4      3 95316    2e-10        -
27478  9.7739e-08   4.273e-12     56867  507 56867     2     4      3 95349    2e-10        -
27489  9.7776e-08  3.2197e-12     56889  507 56889     2     4      3 95387    8e-11        -
27500  9.7811e-08  3.2197e-12     56911  507 56911     2     4      3 95428  1.2e-10        -
27511  9.7847e-08  3.2197e-12     56933  507 56933     2     4      3 95468  8.7e-11        -
27521  9.7879e-08  3.2197e-12     56953  507 56953     2     4      3 95505    1e-10        -
27532  9.7914e-08  3.2197e-12     56975  507 56975     2     4      3 95545    8e-07        -
27542  9.7946e-08  3.2197e-12     56995  507 56995     2     4      3 95582    9e-11        -
27553  9.7982e-08  3.2197e-12     57017  507 57017     2     4      3 95622  9.1e-07        -
27560  9.8003e-08  2.6512e-12     57031  508 57031     2     4      3 95646  8.8e-12        -
27567  9.8021e-08  2.6512e-12     57045  508 57045     2     4      3 95667    9e-12        -
27575  9.8042e-08  2.6512e-12     57061  508 57061     2     4      3 95691  9.1e-12        -
27585  9.8069e-08  2.6512e-12     57081  508 57081     2     4      3 95721  9.1e-12        -
27596  9.8098e-08  2.6512e-12     57103  508 57103     2     4      3 95754  8.3e-12        -
27606  9.8125e-08  2.6512e-12     57123  508 57123     2     4      3 95784  8.2e-12        -
27616  9.8151e-08  2.6512e-12     57143  508 57143     2     4      3 95814  7.9e-12        -
27625  9.8175e-08  2.6512e-12     57161  508 57161     2     4      3 95841    9e-12        -
27634  9.8199e-08  2.6512e-12     57179  508 57179     2     4      3 95868  7.6e-12        -
27644  9.8225e-08  2.6512e-12     57199  508 57199     2     4      3 95898  7.4e-12        -
27653  9.8248e-08  1.7189e-12     57216  509 57216     2     4      3 95924  1.4e-12        -
27656  9.8257e-08  3.4378e-12     57222  510 57222     2     4      3 95933  2.3e-11        -
27663  9.8281e-08  3.4378e-12     57236  510 57236     2     4      3 95954  2.2e-11        -
27672  9.8312e-08  3.4378e-12     57254  510 57254     2     4      3 95981  2.2e-11        -
27679  9.8336e-08  3.4378e-12     57268  510 57268     2     4      3 96002  2.2e-11        -
27688  9.8367e-08  3.4378e-12     57286  510 57286     2     4      3 96029    2e-11        -
27698  9.8401e-08  3.4378e-12     57306  510 57306     2     4      3 96059  1.9e-11        -
27707  9.8432e-08  3.4378e-12     57324  510 57324     2     4      3 96086  2.2e-11        -
27714  9.8456e-08  3.4378e-12     57338  510 57338     2     4      3 96107  1.8e-11        -
27724  9.8491e-08  3.4378e-12     57358  510 57358     2     4      3 96137  1.7e-11        -
27733  9.8518e-08  2.9592e-12     57376  510 57376     2     4      3 96168  5.6e-12        -
27743  9.8547e-08  2.9592e-12     57396  510 57396     2     4      3 96206  4.9e-12        -
27752  9.8574e-08  2.9592e-12     57414  510 57414     2     4      3 96241  5.4e-12        -
27761  9.8601e-08  2.9592e-12     57432  510 57432     2     4      3 96275  4.6e-12        -
27771   9.863e-08  2.9592e-12     57452  510 57452     2     4      3 96314  5.4e-12        -
27781   9.866e-08  2.9592e-12     57472  510 57472     2     4      3 96352  4.7e-12        -
27790  9.8686e-08  2.9592e-12     57490  510 57490     2     4      3 96386  3.8e-12        -
27799  9.8713e-08  2.9592e-12     57508  510 57508     2     4      3 96421  4.4e-12        -
27809  9.8743e-08  2.9592e-12     57528  510 57528     2     4      3 96459  3.8e-12        -
27815  9.8763e-08  4.3869e-12     57539  512 57539     2     4      3 96477  1.5e-11        -
27824  9.8803e-08  4.3869e-12     57557  512 57557     2     4      3 96504  1.2e-11        -
27834  9.8847e-08  4.3869e-12     57577  512 57577     2     4      3 96534  1.1e-11        -
27843  9.8886e-08  4.3869e-12     57595  512 57595     2     4      3 96561  1.6e-11        -
27852  9.8925e-08  4.3869e-12     57613  512 57613     2     4      3 96588  8.1e-12        -
--------   当前进度:  84 % - 
27856  9.8943e-08  4.3869e-12     57621  512 57621     2     4      3 96600  7.7e-12        -
27860  9.8961e-08  4.3869e-12     57629  512 57629     2     4      3 96612  7.2e-12        -
27864  9.8978e-08  4.3869e-12     57637  512 57637     2     4      3 96624  6.8e-12        -
27869     9.9e-08  4.3613e-12 out 57647  512 57647     2     4      3 96639    5e-08        -
27877  9.9035e-08  4.3613e-12     57663  512 57663     2     4      3 96663  5.4e-08        -
27886  9.9074e-08  4.3613e-12     57681  512 57681     2     4      3 96690  5.7e-08        -
27895  9.9113e-08  4.3613e-12     57699  512 57699     2     4      3 96717  6.5e-08        -
27904  9.9153e-08  4.3613e-12     57717  512 57717     2     4      3 96744  6.8e-08        -
27913  9.9192e-08  4.3613e-12     57735  512 57735     2     4      3 96771  7.6e-08        -
27922  9.9231e-08  4.3613e-12     57753  512 57753     2     4      3 96798    8e-08        -
27930  9.9259e-08  2.8847e-12     57768  513 57768     2     4      3 96821  4.3e-13        -
27939  9.9285e-08  2.8847e-12     57786  513 57786     2     4      3 96848  9.1e-13        -
27949  9.9313e-08  2.8847e-12     57806  513 57806     2     4      3 96878  5.1e-12        -
27957  9.9337e-08  2.8847e-12     57822  513 57822     2     4      3 96902  2.8e-12        -
27962  9.9351e-08  2.8847e-12     57832  513 57832     2     4      3 96917  6.1e-14        -
27967  9.9365e-08  2.8847e-12     57842  513 57842     2     4      3 96932  6.7e-13        -
27972   9.938e-08  2.8847e-12     57852  513 57852     2     4      3 96947  8.4e-14        -
27980  9.9403e-08  2.8847e-12     57868  513 57868     2     4      3 96971  1.8e-14        -
27986   9.942e-08  2.8847e-12     57880  513 57880     2     4      3 96989  6.9e-14        -
27992  9.9438e-08  2.8847e-12     57892  513 57892     2     4      3 97007  5.2e-14        -
27998  9.9455e-08  2.8847e-12     57904  513 57904     2     4      3 97025  4.2e-14        -
28004  9.9472e-08  2.8847e-12     57916  513 57916     2     4      3 97043  1.2e-14        -
28014    9.95e-08  2.3984e-12 out 57936  513 57936     2     4      3 97075  2.8e-13        -
28023  9.9543e-08  4.7967e-12     57953  514 57953     2     4      3 97101  2.4e-12        -
28033  9.9591e-08  4.7967e-12     57973  514 57973     2     4      3 97131  5.4e-12        -
28043  9.9639e-08  4.7967e-12     57993  514 57993     2     4      3 97161  2.4e-12        -
28051  9.9677e-08  4.7967e-12     58009  514 58009     2     4      3 97185  3.3e-12        -
28060  9.9721e-08  4.7967e-12     58027  514 58027     2     4      3 97212  2.9e-13        -
28069  9.9755e-08  2.6838e-12     58044  515 58044     2     4      3 97230  2.7e-08        -
28077  9.9777e-08  2.6838e-12     58060  515 58060     2     4      3 97252  4.7e-14        -
28086  9.9801e-08  2.6838e-12     58078  515 58078     2     4      3 97279  7.6e-14        -
28095  9.9825e-08  2.6838e-12     58096  515 58096     2     4      3 97306  1.7e-12        -
28104  9.9849e-08  2.6838e-12     58114  515 58114     2     4      3 97333  2.7e-13        -
28114  9.9876e-08  2.6838e-12     58134  515 58134     2     4      3 97363  1.6e-13        -
28124  9.9903e-08  2.6838e-12     58154  515 58154     2     4      3 97393  1.8e-14        -
28134   9.993e-08  2.6838e-12     58174  515 58174     2     4      3 97423  2.5e-14        -
28144  9.9957e-08  2.6838e-12     58194  515 58194     2     4      3 97453  7.5e-14        -
28154  9.9983e-08  2.6838e-12     58214  515 58214     2     4      3 97483  9.4e-14        -
28162       1e-07  3.0892e-12     58228  517 58228     2     4      3 97505  4.2e-13        -
28172  1.0003e-07  3.0892e-12     58248  517 58248     2     4      3 97535  4.6e-13        -
28182  1.0006e-07  3.0892e-12     58268  517 58268     2     4      3 97565  1.2e-12        -
28191  1.0009e-07  3.0892e-12     58286  517 58286     2     4      3 97592  1.9e-13        -
28200  1.0012e-07  3.0892e-12     58304  517 58304     2     4      3 97619  1.1e-12        -
28210  1.0015e-07  3.0892e-12     58324  517 58324     2     4      3 97649  9.7e-13        -
28220  1.0018e-07  3.0892e-12     58344  517 58344     2     4      3 97679  4.5e-13        -
28230  1.0021e-07  3.0892e-12     58364  517 58364     2     4      3 97709  7.4e-13        -
28240  1.0024e-07  3.0892e-12     58384  517 58384     2     4      3 97739  6.7e-13        -
28250  1.0027e-07  2.9768e-12     58404  517 58404     2     4      3 97769  8.5e-07        -
--------   当前进度:  85 % - 
28258   1.003e-07  2.9768e-12     58420  517 58420     2     4      3 97799  6.1e-14        -
28268  1.0033e-07  2.9768e-12     58440  517 58440     2     4      3 97839  6.6e-14        -
28278  1.0036e-07  2.9768e-12     58460  517 58460     2     4      3 97878  6.7e-14        -
28285  1.0038e-07  2.9768e-12     58474  517 58474     2     4      3 97906  5.8e-14        -
28293   1.004e-07  2.9768e-12     58490  517 58490     2     4      3 97938  6.2e-14        -
28302  1.0043e-07  2.9768e-12     58508  517 58508     2     4      3 97973  7.5e-14        -
28308  1.0045e-07  2.9768e-12     58520  517 58520     2     4      3 97997  7.9e-14        -
28315  1.0047e-07  2.9768e-12     58534  517 58534     2     4      3 98025  6.8e-14        -
28324  1.0049e-07  2.9768e-12     58552  517 58552     2     4      3 98061  8.8e-14        -
28331  1.0051e-07  2.9508e-12     58566  517 58566     2     4      3 98089  9.6e-14        -
28339  1.0054e-07  2.9508e-12     58582  517 58582     2     4      3 98121    1e-13        -
28349  1.0057e-07  2.9508e-12     58602  517 58602     2     4      3 98161  1.1e-13        -
28358  1.0059e-07  2.9508e-12     58620  517 58620     2     4      3 98197  1.5e-13        -
28366  1.0062e-07  2.9508e-12     58636  517 58636     2     4      3 98229  1.5e-13        -
28375  1.0064e-07  2.9508e-12     58654  517 58654     2     4      3 98264  1.3e-13        -
28385  1.0067e-07  2.9508e-12     58674  517 58674     2     4      3 98304  1.4e-13        -
28395   1.007e-07  2.9508e-12     58694  517 58694     2     4      3 98343    1e-06        -
28404  1.0073e-07  2.9508e-12     58712  517 58712     2     4      3 98379  1.7e-13        -
28413  1.0076e-07  2.5402e-12     58730  517 58730     2     4      3 98415  1.1e-12        -
28422  1.0078e-07  2.5402e-12     58748  517 58748     2     4      3 98451    3e-12        -
28431   1.008e-07  2.5402e-12     58766  517 58766     2     4      3 98485  9.8e-07        -
28441  1.0083e-07  2.5402e-12     58786  517 58786     2     4      3 98523  9.4e-07        -
28449  1.0085e-07  2.5402e-12     58802  517 58802     2     4      3 98554  4.1e-12        -
28458  1.0087e-07  2.5402e-12     58820  517 58820     2     4      3 98588  4.2e-12        -
28467  1.0089e-07  2.5402e-12     58838  517 58838     2     4      3 98622  3.8e-12        -
28476  1.0092e-07  2.5402e-12     58856  517 58856     2     4      3 98656  3.9e-12        -
28485  1.0094e-07  2.5402e-12     58874  517 58874     2     4      3 98690  3.5e-12        -
28494  1.0096e-07  2.5402e-12     58892  517 58892     2     4      3 98724  3.6e-12        -
28503  1.0098e-07  2.5402e-12     58910  517 58910     2     4      3 98758  9.4e-07        -
28510    1.01e-07  1.7989e-12 out 58923  518 58923     2     4      3 98782  5.3e-13        -
28517  1.0103e-07  3.5977e-12     58937  519 58937     2     4      3 98803  6.3e-12        -
28525  1.0105e-07  3.5977e-12     58953  519 58953     2     4      3 98827  6.2e-12        -
28530  1.0107e-07  3.5977e-12     58963  519 58963     2     4      3 98842    8e-12        -
28536  1.0109e-07  3.5977e-12     58975  519 58975     2     4      3 98860  8.2e-12        -
28544  1.0112e-07  3.5977e-12     58991  519 58991     2     4      3 98884  8.6e-12        -
28551  1.0115e-07  3.5977e-12     59005  519 59005     2     4      3 98905  5.9e-12        -
28560  1.0118e-07  3.5977e-12     59023  519 59023     2     4      3 98932  9.3e-12        -
28568  1.0121e-07  3.5977e-12     59039  519 59039     2     4      3 98956  9.7e-12        -
28576  1.0124e-07  3.5977e-12     59055  519 59055     2     4      3 98980    1e-11        -
28585  1.0126e-07  2.6774e-12     59073  519 59073     2     4      3 99013  3.1e-11        -
28594  1.0129e-07  2.6774e-12     59091  519 59091     2     4      3 99046  3.3e-11        -
28603  1.0131e-07  2.6774e-12     59109  519 59109     2     4      3 99079  3.3e-11        -
28612  1.0134e-07  2.6774e-12     59127  519 59127     2     4      3 99111  9.7e-07        -
28621  1.0136e-07  2.6774e-12     59145  519 59145     2     4      3 99144  9.6e-07        -
28629  1.0138e-07  2.6774e-12     59161  519 59161     2     4      3 99174  2.9e-11        -
28638  1.0141e-07  2.6774e-12     59179  519 59179     2     4      3 99207  3.1e-11        -
28646  1.0143e-07  2.6774e-12     59195  519 59195     2     4      3 99236  2.4e-11        -
28653  1.0145e-07  2.6774e-12     59209  519 59209     2     4      3 99262  3.1e-11        -
--------   当前进度:  86 % - 正在组装残差
28657  1.0146e-07  2.6774e-12     59217  519 59217     2     4      3 99276  8.4e-07        -
28665  1.0148e-07  2.6774e-12     59233  519 59233     2     4      3 99306  3.3e-11        -
28673   1.015e-07  1.8378e-12     59248  520 59248     2     4      3 99333  9.5e-13        -
28681  1.0153e-07  3.6756e-12     59264  521 59264     2     4      3 99357  1.5e-11        -
28690  1.0156e-07  3.6756e-12     59282  521 59282     2     4      3 99384  1.6e-11        -
28699  1.0159e-07  3.6756e-12     59300  521 59300     2     4      3 99411  1.5e-11        -
28708  1.0162e-07  3.6756e-12     59318  521 59318     2     4      3 99438  1.6e-11        -
28717  1.0166e-07  3.6756e-12     59336  521 59336     2     4      3 99465  1.5e-11        -
28726  1.0169e-07  3.6756e-12     59354  521 59354     2     4      3 99492  1.6e-11        -
28735  1.0172e-07  3.6756e-12     59372  521 59372     2     4      3 99519  1.5e-11        -
28743  1.0175e-07   1.869e-12 out 59387  522 59387     2     4      3 99542  1.1e-12        -
28751  1.0178e-07  3.7379e-12     59403  523 59403     2     4      3 99566  1.6e-11        -
28760  1.0181e-07  3.7379e-12     59421  523 59421     2     4      3 99593  1.6e-11        -
28769  1.0185e-07  3.7379e-12     59439  523 59439     2     4      3 99620  1.6e-11        -
28779  1.0188e-07  3.7379e-12     59459  523 59459     2     4      3 99650  1.6e-11        -
28788  1.0192e-07  3.7379e-12     59477  523 59477     2     4      3 99677  1.5e-11        -
28798  1.0196e-07  3.7379e-12     59497  523 59497     2     4      3 99707  1.5e-11        -
28808  1.0199e-07  3.7379e-12     59517  523 59517     2     4      3 99737  1.4e-11        -
28818  1.0203e-07  3.5168e-12     59537  523 59537     2     4      3 99767  6.9e-07        -
28828  1.0206e-07  3.5168e-12     59557  523 59557     2     4      3 99804  9.3e-13        -
28838   1.021e-07  3.5168e-12     59577  523 59577     2     4      3 99843  8.7e-13        -
28847  1.0213e-07  3.5168e-12     59595  523 59595     2     4      3 99879  8.2e-13        -
28857  1.0217e-07  3.5168e-12     59615  523 59615     2     4      3 99918  7.6e-13        -
28867   1.022e-07  3.5168e-12     59635  523 59635     2     4      3 99957  7.1e-13        -
28877  1.0224e-07  3.5168e-12     59655  523 59655     2     4      3 99997  7.5e-13        -
28884  1.0226e-07  3.8236e-12     59668  525 59668     2     4      3 100019  3.2e-12        -
28893  1.0229e-07  3.8236e-12     59686  525 59686     2     4      3 100046  2.9e-12        -
28901  1.0232e-07  3.8236e-12     59702  525 59702     2     4      3 100070  3.2e-12        -
28911  1.0236e-07  3.8236e-12     59722  525 59722     2     4      3 100100  3.8e-12        -
28921   1.024e-07  3.8236e-12     59742  525 59742     2     4      3 100130  4.7e-12        -
28931  1.0244e-07  3.8236e-12     59762  525 59762     2     4      3 100160  1.1e-11        -
28941  1.0248e-07  3.8236e-12     59782  525 59782     2     4      3 100190  2.4e-11        -
28948   1.025e-07  2.6456e-12 out 59798  527 59798     2     4      3 100217  5.9e-13        -
28957  1.0252e-07  2.6456e-12     59816  527 59816     2     4      3 100244  6.6e-13        -
28966  1.0255e-07  2.6456e-12     59834  527 59834     2     4      3 100271  4.2e-13        -
28975  1.0257e-07  2.6456e-12     59852  527 59852     2     4      3 100298    7e-12        -
28985   1.026e-07  2.6456e-12     59872  527 59872     2     4      3 100328  1.2e-12        -
28995  1.0262e-07  2.6456e-12     59892  527 59892     2     4      3 100358    8e-13        -
29005  1.0265e-07  2.6456e-12     59912  527 59912     2     4      3 100388  5.9e-13        -
29015  1.0268e-07  2.6456e-12     59932  527 59932     2     4      3 100418    1e-13        -
29022   1.027e-07  2.6456e-12     59946  527 59946     2     4      3 100439  1.4e-13        -
29030  1.0272e-07  2.6456e-12     59962  527 59962     2     4      3 100463  1.5e-13        -
29039  1.0274e-07  2.6456e-12     59980  527 59980     2     4      3 100490  9.7e-14        -
29047  1.0277e-07  3.9636e-12     59996  527 59996     2     4      3 100520  1.2e-12        -
29065  1.0284e-07  3.9636e-12     60015  527 60015     2     4      3 100540  3.7e-07        -
29082   1.029e-07  3.9636e-12     60032  527 60032     2     4      3 100557  3.4e-07        -
29095  1.0296e-07  3.9636e-12     60045  527 60045     2     4      3 100570  3.2e-07        -
29109  1.0301e-07  4.2576e-12     60059  528 60059     2     4      3 100584  6.8e-07        -
29126  1.0308e-07  4.2576e-12     60076  528 60076     2     4      3 100601    7e-07        -
--------   当前进度:  87 % - 
29140  1.0314e-07  4.2576e-12     60090  528 60090     2     4      3 100615  6.4e-07        -
29156  1.0321e-07  4.2576e-12     60106  528 60106     2     4      3 100631  5.7e-07        -
29171  1.0327e-07  3.6598e-12     60124  528 60124     2     4      3 100650  6.1e-07        -
29180   1.033e-07  3.6598e-12     60140  528 60140     2     4      3 100667  6.3e-07        -
29189  1.0333e-07  3.6598e-12     60157  528 60157     2     4      3 100690  8.9e-07        -
29200  1.0337e-07  3.6598e-12     60178  528 60178     2     4      3 100728  1.1e-12        -
29210  1.0341e-07  3.6598e-12     60197  528 60197     2     4      3 100765  9.6e-13        -
29220  1.0345e-07  3.6598e-12     60216  528 60216     2     4      3 100802  8.4e-13        -
29230  1.0348e-07  3.6598e-12     60235  528 60235     2     4      3 100838  1.1e-12        -
29237  1.0351e-07  4.7944e-12     60247  530 60247     2     4      3 100860  1.3e-12        -
29247  1.0356e-07  4.7944e-12     60267  530 60267     2     4      3 100890  7.2e-13        -
29257  1.0361e-07  4.7944e-12     60287  530 60287     2     4      3 100920    4e-13        -
29267  1.0365e-07  4.7944e-12     60307  530 60307     2     4      3 100950  1.7e-13        -
29277   1.037e-07  4.7944e-12     60327  530 60327     2     4      3 100980  1.5e-15        -
29287  1.0375e-07  2.7428e-12     60346  531 60346     2     4      3 101003  1.3e-07        -
29298  1.0378e-07  2.7428e-12     60363  531 60363     2     4      3 101020  6.4e-08        -
29310  1.0381e-07  2.7428e-12     60381  531 60381     2     4      3 101038  8.3e-08        -
29322  1.0384e-07  2.7428e-12     60399  531 60399     2     4      3 101056  1.3e-08        -
29335  1.0388e-07  2.7428e-12     60418  531 60418     2     4      3 101075  4.8e-08        -
29348  1.0391e-07  2.7428e-12     60438  531 60438     2     4      3 101095  7.4e-08        -
29361  1.0395e-07  2.7428e-12     60457  531 60457     2     4      3 101114  8.8e-08        -
29374  1.0399e-07  2.7428e-12     60477  531 60477     2     4      3 101134  1.1e-07        -
29381    1.04e-07  3.1495e-12     60487  533 60487     2     4      3 101144  1.3e-07        -
29393  1.0404e-07  3.1495e-12     60505  533 60505     2     4      3 101162  1.6e-07        -
29406  1.0408e-07  3.1495e-12     60525  533 60525     2     4      3 101182  2.1e-07        -
29417  1.0412e-07  3.1495e-12     60541  533 60541     2     4      3 101198    2e-07        -
29430  1.0416e-07  3.1495e-12     60561  533 60561     2     4      3 101218  2.8e-07        -
29443   1.042e-07  3.1495e-12     60580  533 60580     2     4      3 101237  2.3e-07        -
29456  1.0424e-07  3.1495e-12     60600  533 60600     2     4      3 101257    4e-07        -
29469  1.0429e-07  4.3408e-12     60619  533 60619     2     4      3 101280  1.8e-07        -
29481  1.0434e-07  4.3408e-12     60639  533 60639     2     4      3 101305    4e-07        -
29492  1.0439e-07  4.3408e-12     60657  533 60657     2     4      3 101327  2.9e-07        -
29505  1.0445e-07  4.3408e-12     60676  533 60676     2     4      3 101349  2.2e-07        -
29518   1.045e-07  3.4579e-12 out 60695  533 60695     2     4      3 101372  8.6e-08        -
29530  1.0454e-07  3.4579e-12     60713  533 60713     2     4      3 101396  8.5e-08        -
29542  1.0458e-07  3.4579e-12     60731  533 60731     2     4      3 101420  8.6e-08        -
29556  1.0463e-07  3.4579e-12     60751  533 60751     2     4      3 101446  8.8e-07        -
29569  1.0468e-07  3.4579e-12     60770  533 60770     2     4      3 101471  1.2e-07        -
29580  1.0471e-07  3.4579e-12     60785  533 60785     2     4      3 101490    8e-07        -
29593  1.0476e-07  4.4917e-12     60803  533 60803     2     4      3 101513  5.3e-07        -
29609  1.0483e-07  4.4917e-12     60823  533 60823     2     4      3 101537  3.4e-07        -
29625   1.049e-07  4.4917e-12     60842  533 60842     2     4      3 101559  2.1e-07        -
29641  1.0497e-07  4.4917e-12     60861  533 60861     2     4      3 101581  1.8e-07        -
29656  1.0503e-07  3.7254e-12     60878  533 60878     2     4      3 101600  2.7e-07        -
29672  1.0509e-07  3.7254e-12     60895  533 60895     2     4      3 101618  3.3e-07        -
29690  1.0516e-07  3.7254e-12     60914  533 60914     2     4      3 101638  3.4e-07        -
29707  1.0522e-07  3.7254e-12     60932  533 60932     2     4      3 101657  1.8e-07        -
29718  1.0526e-07  4.1205e-12     60947  535 60947     2     4      3 101676  5.4e-11        -
--------   当前进度:  89 % - 正在组装残差
Memory: 844/1378 840/1584
29727   1.053e-07  4.1205e-12     60965  535 60965     2     4      3 101703  4.5e-11        -
29737  1.0534e-07  4.1205e-12     60985  535 60985     2     4      3 101733  4.7e-11        -
29748  1.0539e-07  4.1205e-12     61007  535 61007     2     4      3 101766  5.6e-11        -
29758  1.0543e-07  4.1205e-12     61027  535 61027     2     4      3 101796  5.7e-11        -
29768  1.0547e-07  4.1205e-12     61047  535 61047     2     4      3 101826  5.7e-11        -
29777   1.055e-07  3.4466e-12     61065  535 61065     2     4      3 101853  4.2e-07        -
29787  1.0554e-07  3.4466e-12     61085  535 61085     2     4      3 101889  9.6e-07        -
29797  1.0557e-07  3.4466e-12     61105  535 61105     2     4      3 101927  9.9e-07        -
29807  1.0561e-07  3.4466e-12     61125  535 61125     2     4      3 101966    1e-11        -
29815  1.0563e-07  3.4466e-12     61141  535 61141     2     4      3 101996  8.4e-12        -
29825  1.0567e-07  3.4466e-12     61161  535 61161     2     4      3 102034  8.2e-12        -
29833   1.057e-07  3.4466e-12     61177  535 61177     2     4      3 102065    1e-11        -
29840  1.0572e-07  3.4466e-12     61191  535 61191     2     4      3 102091  8.3e-12        -
29847  1.0574e-07  3.4466e-12     61205  535 61205     2     4      3 102118    9e-12        -
29855  1.0577e-07  2.6471e-12     61220  536 61220     2     4      3 102141  1.8e-12        -
29864  1.0579e-07  2.6471e-12     61238  536 61238     2     4      3 102168  1.9e-12        -
29873  1.0581e-07  2.6471e-12     61256  536 61256     2     4      3 102195  1.9e-12        -
29882  1.0584e-07  2.6471e-12     61274  536 61274     2     4      3 102222  1.8e-12        -
29890  1.0586e-07  2.6471e-12     61290  536 61290     2     4      3 102246  1.8e-12        -
29898  1.0588e-07  2.6471e-12     61306  536 61306     2     4      3 102270  1.7e-12        -
29908  1.0591e-07  2.6471e-12     61326  536 61326     2     4      3 102300  1.7e-12        -
29918  1.0593e-07  2.6471e-12     61346  536 61346     2     4      3 102330  1.7e-12        -
29928  1.0596e-07  2.6471e-12     61366  536 61366     2     4      3 102360  1.7e-12        -
29938  1.0599e-07  2.6471e-12     61386  536 61386     2     4      3 102390  1.7e-12        -
29948  1.0602e-07  3.8172e-12     61406  536 61406     2     4      3 102423  3.4e-07        -
29965  1.0608e-07  3.8172e-12     61423  536 61423     2     4      3 102440  9.9e-07        -
29981  1.0614e-07  3.8172e-12     61440  536 61440     2     4      3 102458  3.1e-07        -
29998  1.0621e-07  3.8172e-12     61457  536 61457     2     4      3 102475  1.7e-07        -
30014  1.0626e-07  2.8485e-12     61473  536 61473     2     4      3 102491  1.1e-07        -
30029   1.063e-07  2.8485e-12     61488  536 61488     2     4      3 102506  2.9e-07        -
30046  1.0635e-07  2.8485e-12     61505  536 61505     2     4      3 102523  6.3e-07        -
30062   1.064e-07  2.8485e-12     61522  536 61522     2     4      3 102541  8.7e-07        -
30078  1.0644e-07  2.8485e-12     61539  536 61539     2     4      3 102559  7.1e-08        -
30094  1.0649e-07  2.8485e-12     61556  536 61556     2     4      3 102577  9.2e-07        -
30106  1.0652e-07  2.5164e-12     61570  536 61570     2     4      3 102593  5.8e-08        -
30115  1.0654e-07  2.5164e-12     61588  536 61588     2     4      3 102620  1.4e-07        -
30125  1.0657e-07  2.5164e-12     61608  536 61608     2     4      3 102650  3.7e-07        -
30135  1.0659e-07  2.5164e-12     61628  536 61628     2     4      3 102680  9.4e-07        -
30145  1.0662e-07  2.5164e-12     61648  536 61648     2     4      3 102719  6.2e-14        -
30155  1.0664e-07  2.5164e-12     61668  536 61668     2     4      3 102759  6.4e-14        -
30163  1.0666e-07  2.5164e-12     61684  536 61684     2     4      3 102790  6.1e-14        -
30173  1.0669e-07  2.5164e-12     61704  536 61704     2     4      3 102830  6.3e-14        -
30183  1.0671e-07  2.5164e-12     61724  536 61724     2     4      3 102869    6e-14        -
30193  1.0674e-07  2.5164e-12     61744  536 61744     2     4      3 102908  9.9e-07        -
30201  1.0676e-07  3.3957e-12     61759  538 61759     2     4      3 102934  8.8e-13        -
30211  1.0679e-07  3.3957e-12     61779  538 61779     2     4      3 102964  8.5e-13        -
30221  1.0683e-07  3.3957e-12     61799  538 61799     2     4      3 102994  8.2e-13        -
30231  1.0686e-07  3.3957e-12     61819  538 61819     2     4      3 103024  9.1e-13        -
30241   1.069e-07  3.3957e-12     61839  538 61839     2     4      3 103054  8.6e-13        -
---------  当前进度:  90 % - 正在组装残差
30250  1.0693e-07  3.3957e-12     61857  538 61857     2     4      3 103081  1.8e-13        -
30260  1.0696e-07  3.3957e-12     61877  538 61877     2     4      3 103111  2.1e-13        -
30271    1.07e-07  2.7543e-12     61899  538 61899     2     4      3 103145  6.7e-13        -
30278  1.0702e-07  2.7543e-12     61913  538 61913     2     4      3 103173  1.2e-12        -
30283  1.0703e-07  2.7543e-12     61923  538 61923     2     4      3 103193  2.3e-12        -
30293  1.0706e-07  2.7543e-12     61943  538 61943     2     4      3 103231  2.7e-12        -
30303  1.0709e-07  2.7543e-12     61963  538 61963     2     4      3 103269  3.1e-12        -
30313  1.0711e-07  2.7543e-12     61983  538 61983     2     4      3 103306  9.6e-07        -
30323  1.0714e-07  2.7543e-12     62003  538 62003     2     4      3 103344  2.5e-12        -
30332  1.0717e-07  2.7543e-12     62021  538 62021     2     4      3 103378  2.4e-12        -
30342  1.0719e-07  2.7543e-12     62041  538 62041     2     4      3 103416  2.8e-12        -
30351  1.0722e-07  2.7543e-12     62059  538 62059     2     4      3 103449  9.8e-07        -
30359  1.0724e-07  2.7543e-12     62075  538 62075     2     4      3 103480  2.8e-12        -
30371  1.0729e-07  4.8717e-12     62093  538 62093     2     4      3 103506  6.4e-07        -
30387  1.0737e-07  4.8717e-12     62109  538 62109     2     4      3 103522  4.9e-07        -
30403  1.0744e-07  4.8717e-12     62125  538 62125     2     4      3 103538  4.5e-07        -
30418  1.0751e-07  3.2085e-12     62140  538 62140     2     4      3 103553  4.2e-07        -
30434  1.0756e-07  3.2085e-12     62157  538 62157     2     4      3 103570    4e-07        -
30443  1.0759e-07  3.2085e-12     62173  538 62173     2     4      3 103586  8.3e-07        -
30452  1.0762e-07  3.2085e-12     62191  538 62191     2     4      3 103605  1.5e-07        -
30461  1.0765e-07  3.2085e-12     62209  538 62209     2     4      3 103624    8e-08        -
30470  1.0768e-07  3.2085e-12     62228  538 62228     2     4      3 103644  1.5e-07        -
30479  1.0771e-07  3.2085e-12     62247  538 62247     2     4      3 103664  7.5e-08        -
30489  1.0774e-07  3.2085e-12     62267  538 62267     2     4      3 103685  7.6e-07        -
30499  1.0777e-07  3.0787e-12     62286  538 62286     2     4      3 103706  4.2e-08        -
30507  1.0779e-07  3.0787e-12     62303  538 62303     2     4      3 103726  4.6e-08        -
30515  1.0782e-07  3.0787e-12     62318  538 62318     2     4      3 103744  3.8e-08        -
30525  1.0785e-07  3.0787e-12     62337  538 62337     2     4      3 103766  3.9e-08        -
30535  1.0788e-07  3.0787e-12     62357  538 62357     2     4      3 103790  4.4e-08        -
30542   1.079e-07  3.0787e-12     62371  538 62371     2     4      3 103807    5e-08        -
30551  1.0793e-07  3.0787e-12     62389  538 62389     2     4      3 103829  3.9e-08        -
30560  1.0796e-07  3.0787e-12     62407  538 62407     2     4      3 103851  9.3e-08        -
30567  1.0798e-07  3.0787e-12     62421  538 62421     2     4      3 103869  3.8e-08        -
30575    1.08e-07  1.8522e-12 out 62436  539 62436     2     4      3 103887  2.3e-08        -
30583  1.0803e-07  3.7044e-12     62451  540 62451     2     4      3 103906    4e-11        -
30592  1.0806e-07  3.7044e-12     62469  540 62469     2     4      3 103927  4.7e-07        -
30601   1.081e-07  3.7044e-12     62487  540 62487     2     4      3 103948  1.1e-11        -
30611  1.0813e-07  3.7044e-12     62507  540 62507     2     4      3 103970  5.5e-07        -
30621  1.0817e-07  3.7044e-12     62527  540 62527     2     4      3 103992  4.9e-07        -
30631  1.0821e-07  3.7044e-12     62547  540 62547     2     4      3 104014  3.5e-12        -
30641  1.0824e-07  3.7044e-12     62567  540 62567     2     4      3 104035  6.9e-07        -
30651  1.0827e-07  2.7554e-12     62585  540 62585     2     4      3 104065  6.8e-13        -
30662   1.083e-07  2.7554e-12     62603  540 62603     2     4      3 104101  5.7e-13        -
30673  1.0833e-07  2.7554e-12     62622  540 62622     2     4      3 104138  4.9e-13        -
30684  1.0836e-07  2.7554e-12     62641  540 62641     2     4      3 104174  3.6e-13        -
30695  1.0839e-07  2.7554e-12     62660  540 62660     2     4      3 104211  3.1e-13        -
30706  1.0842e-07  2.7554e-12     62679  540 62679     2     4      3 104247  7.7e-07        -
30717  1.0845e-07  2.7554e-12     62698  540 62698     2     4      3 104283  1.4e-13        -
30725  1.0848e-07  2.7554e-12     62712  540 62712     2     4      3 104309  9.9e-14        -
---------  当前进度:  91 % - 
30735   1.085e-07    4.77e-12     62727  542 62727     2     4      3 104335  9.2e-14        -
30743  1.0854e-07    4.77e-12     62743  542 62743     2     4      3 104353  2.7e-10        -
30751  1.0858e-07    4.77e-12     62759  542 62759     2     4      3 104376  1.1e-13        -
30760  1.0862e-07    4.77e-12     62777  542 62777     2     4      3 104403  2.5e-13        -
30770  1.0867e-07    4.77e-12     62797  542 62797     2     4      3 104433  1.9e-12        -
30778  1.0871e-07    4.77e-12     62813  542 62813     2     4      3 104457  6.4e-13        -
30787  1.0875e-07  3.3661e-12 out 62831  542 62831     2     4      3 104486  2.1e-12        -
30796  1.0878e-07  3.3661e-12     62849  542 62849     2     4      3 104519    7e-07        -
30805  1.0881e-07  3.3661e-12     62867  542 62867     2     4      3 104552  7.5e-12        -
30815  1.0884e-07  3.3661e-12     62887  542 62887     2     4      3 104588  7.7e-12        -
30825  1.0888e-07  3.3661e-12     62907  542 62907     2     4      3 104624  7.7e-12        -
30834  1.0891e-07  3.3661e-12     62925  542 62925     2     4      3 104656  7.7e-07        -
30842  1.0894e-07  3.3661e-12     62941  542 62941     2     4      3 104685  6.4e-07        -
30851  1.0897e-07  3.3661e-12     62959  542 62959     2     4      3 104718  1.4e-11        -
30860    1.09e-07  3.3661e-12     62977  542 62977     2     4      3 104750    1e-11        -
30868  1.0903e-07  4.2736e-12     62990  544 62990     2     4      3 104771  4.4e-12        -
30877  1.0906e-07  4.2736e-12     63008  544 63008     2     4      3 104798  4.5e-12        -
30885   1.091e-07  4.2736e-12     63024  544 63024     2     4      3 104822  4.6e-12        -
30893  1.0913e-07  4.2736e-12     63040  544 63040     2     4      3 104846  4.9e-12        -
30901  1.0917e-07  4.2736e-12     63056  544 63056     2     4      3 104870  5.2e-12        -
30910  1.0921e-07  4.2736e-12     63074  544 63074     2     4      3 104897  6.4e-12        -
30919  1.0924e-07  4.2736e-12     63092  544 63092     2     4      3 104924  5.4e-12        -
30928  1.0927e-07  3.2018e-12     63110  544 63110     2     4      3 104956  9.1e-07        -
30936   1.093e-07  3.2018e-12     63126  544 63126     2     4      3 104986  6.8e-12        -
30944  1.0932e-07  3.2018e-12     63142  544 63142     2     4      3 105015  7.8e-07        -
30953  1.0935e-07  3.2018e-12     63160  544 63160     2     4      3 105048  8.3e-07        -
30961  1.0938e-07  3.2018e-12     63176  544 63176     2     4      3 105078  7.9e-12        -
30968   1.094e-07  3.2018e-12     63190  544 63190     2     4      3 105103    9e-07        -
30977  1.0943e-07  3.2018e-12     63208  544 63208     2     4      3 105136  9.5e-07        -
30986  1.0946e-07  3.2018e-12     63226  544 63226     2     4      3 105169  9.9e-07        -
30994  1.0948e-07  3.2018e-12     63242  544 63242     2     4      3 105199  7.8e-12        -
31001   1.095e-07  3.4596e-12     63253  546 63253     2     4      3 105219    3e-12        -
31010  1.0953e-07  3.4596e-12     63271  546 63271     2     4      3 105246  2.9e-12        -
31019  1.0957e-07  3.4596e-12     63289  546 63289     2     4      3 105273  3.3e-12        -
31028   1.096e-07  3.4596e-12     63307  546 63307     2     4      3 105300    3e-12        -
31037  1.0963e-07  3.4596e-12     63325  546 63325     2     4      3 105327  3.5e-12        -
31046  1.0966e-07  3.4596e-12     63343  546 63343     2     4      3 105354  3.2e-12        -
31055  1.0969e-07  3.4596e-12     63361  546 63361     2     4      3 105381  3.6e-12        -
31064  1.0972e-07  3.4596e-12     63379  546 63379     2     4      3 105408  3.2e-12        -
31073  1.0975e-07  2.1847e-12 out 63396  547 63396     2     4      3 105434  6.6e-13        -
31081  1.0978e-07  4.3694e-12     63411  548 63411     2     4      3 105457  9.5e-12        -
31091  1.0983e-07  4.3694e-12     63431  548 63431     2     4      3 105487  9.8e-12        -
31100  1.0987e-07  4.3694e-12     63449  548 63449     2     4      3 105514  9.3e-12        -
31109  1.0991e-07  4.3694e-12     63467  548 63467     2     4      3 105541    1e-11        -
31118  1.0995e-07  4.3694e-12     63485  548 63485     2     4      3 105568  9.6e-12        -
31128  1.0999e-07  4.3694e-12     63505  548 63505     2     4      3 105598  9.9e-12        -
31136  1.1001e-07   2.658e-12     63520  549 63520     2     4      3 105621  1.4e-12        -
31146  1.1004e-07   2.658e-12     63540  549 63540     2     4      3 105651  1.4e-12        -
---------  当前进度:  92 % - 正在组装残差
31155  1.1006e-07   2.658e-12     63558  549 63558     2     4      3 105678  1.5e-12        -
31164  1.1009e-07   2.658e-12     63576  549 63576     2     4      3 105705  1.5e-12        -
31174  1.1011e-07   2.658e-12     63596  549 63596     2     4      3 105735  1.4e-12        -
31183  1.1014e-07   2.658e-12     63614  549 63614     2     4      3 105762  1.5e-12        -
31192  1.1016e-07   2.658e-12     63632  549 63632     2     4      3 105789  1.4e-12        -
31200  1.1018e-07   2.658e-12     63648  549 63648     2     4      3 105813  1.5e-12        -
31210  1.1021e-07   2.658e-12     63668  549 63668     2     4      3 105843  1.5e-12        -
31220  1.1024e-07   2.658e-12     63688  549 63688     2     4      3 105873  1.5e-12        -
31228  1.1026e-07  2.8047e-12     63701  551 63701     2     4      3 105892  1.9e-12        -
31237  1.1028e-07  2.8047e-12     63719  551 63719     2     4      3 105919  2.1e-12        -
31245   1.103e-07  2.8047e-12     63735  551 63735     2     4      3 105943    2e-12        -
31254  1.1033e-07  2.8047e-12     63753  551 63753     2     4      3 105970  2.1e-12        -
31263  1.1035e-07  2.8047e-12     63771  551 63771     2     4      3 105997  1.9e-12        -
31271  1.1038e-07  2.8047e-12     63787  551 63787     2     4      3 106021    2e-12        -
31280   1.104e-07  2.8047e-12     63805  551 63805     2     4      3 106048  2.1e-12        -
31289  1.1043e-07  2.8047e-12     63823  551 63823     2     4      3 106075    2e-12        -
31297  1.1045e-07  2.8047e-12     63839  551 63839     2     4      3 106099    2e-12        -
31306  1.1047e-07  2.8047e-12     63857  551 63857     2     4      3 106126  2.1e-12        -
31315   1.105e-07  1.5921e-12     63874  552 63874     2     4      3 106151  8.1e-07        -
31323  1.1052e-07  3.1841e-12     63888  553 63888     2     4      3 106172  3.9e-12        -
31331  1.1055e-07  3.1841e-12     63904  553 63904     2     4      3 106196  3.9e-12        -
31339  1.1057e-07  3.1841e-12     63920  553 63920     2     4      3 106220  3.8e-12        -
31349  1.1061e-07  3.1841e-12     63940  553 63940     2     4      3 106250  3.7e-12        -
31351  1.1061e-07  3.1841e-12     63944  553 63944     2     4      3 106256  3.7e-12        -
31356  1.1063e-07  3.1841e-12     63954  553 63954     2     4      3 106271  3.9e-12        -
31360  1.1064e-07  3.1841e-12     63962  553 63962     2     4      3 106283  3.9e-12        -
31363  1.1065e-07  3.1841e-12     63968  553 63968     2     4      3 106292  3.6e-12        -
31367  1.1066e-07  3.1841e-12     63976  553 63976     2     4      3 106304  3.6e-12        -
31371  1.1068e-07  3.1841e-12     63984  553 63984     2     4      3 106316  3.5e-12        -
31376  1.1069e-07  3.1841e-12     63994  553 63994     2     4      3 106331    4e-12        -
31379   1.107e-07  3.1841e-12     64000  553 64000     2     4      3 106340  3.4e-12        -
31382  1.1071e-07  3.1841e-12     64006  553 64006     2     4      3 106349  3.9e-12        -
31385  1.1072e-07  3.1841e-12     64012  553 64012     2     4      3 106358  3.4e-12        -
31387  1.1073e-07  3.1841e-12     64016  553 64016     2     4      3 106364  3.3e-12        -
31389  1.1073e-07  3.1841e-12     64020  553 64020     2     4      3 106370  3.4e-12        -
31395  1.1075e-07  2.4113e-12 out 64032  553 64032     2     4      3 106388    7e-07        -
31401  1.1078e-07  4.8226e-12     64044  554 64044     2     4      3 106406  7.5e-12        -
31408  1.1081e-07  4.8226e-12     64058  554 64058     2     4      3 106427  6.9e-12        -
31412  1.1083e-07  4.8226e-12     64066  554 64066     2     4      3 106439  6.9e-12        -
31418  1.1086e-07  4.8226e-12     64078  554 64078     2     4      3 106457    7e-12        -
31423  1.1089e-07  4.8226e-12     64088  554 64088     2     4      3 106472  6.7e-12        -
31425  1.1089e-07  4.8226e-12     64092  554 64092     2     4      3 106478  6.6e-12        -
31430  1.1092e-07  4.8226e-12     64102  554 64102     2     4      3 106493  7.1e-12        -
31433  1.1093e-07  4.8226e-12     64108  554 64108     2     4      3 106502  6.3e-12        -
31439  1.1096e-07  4.8226e-12     64120  554 64120     2     4      3 106520  6.1e-12        -
---------  当前进度:  93 % - 正在组装残差
31445  1.1099e-07  4.8226e-12     64132  554 64132     2     4      3 106538  5.9e-12        -
31452  1.1102e-07  4.4352e-12     64146  554 64146     2     4      3 106560  8.7e-13        -
31459  1.1105e-07  4.4352e-12     64160  554 64160     2     4      3 106588  1.1e-12        -
31466  1.1108e-07  4.4352e-12     64174  554 64174     2     4      3 106615  8.7e-13        -
31473  1.1112e-07  4.4352e-12     64188  554 64188     2     4      3 106642  9.3e-13        -
31479  1.1114e-07  4.4352e-12     64200  554 64200     2     4      3 106666  9.9e-13        -
31486  1.1117e-07  4.4352e-12     64214  554 64214     2     4      3 106693  7.8e-13        -
31494  1.1121e-07  4.4352e-12     64230  554 64230     2     4      3 106724  7.2e-13        -
31502  1.1124e-07  4.4352e-12     64246  554 64246     2     4      3 106755  9.8e-07        -
31508  1.1126e-07  3.0319e-12     64257  555 64257     2     4      3 106772    7e-13        -
31516  1.1129e-07  3.0319e-12     64273  555 64273     2     4      3 106796  3.3e-13        -
31524  1.1131e-07  3.0319e-12     64289  555 64289     2     4      3 106820  3.7e-13        -
31532  1.1133e-07  3.0319e-12     64305  555 64305     2     4      3 106844  2.1e-12        -
31540  1.1136e-07  3.0319e-12     64321  555 64321     2     4      3 106868  6.8e-13        -
31546  1.1138e-07  3.0319e-12     64333  555 64333     2     4      3 106886  5.7e-12        -
31553   1.114e-07  3.0319e-12     64347  555 64347     2     4      3 106907  1.6e-13        -
31561  1.1142e-07  3.0319e-12     64363  555 64363     2     4      3 106931    1e-13        -
31569  1.1145e-07  3.0319e-12     64379  555 64379     2     4      3 106955  1.4e-13        -
31577  1.1147e-07  3.0319e-12     64395  555 64395     2     4      3 106979  1.2e-13        -
31584  1.1149e-07  3.0319e-12     64409  555 64409     2     4      3 107000  9.8e-14        -
31593  1.1153e-07  4.4194e-12     64424  555 64424     2     4      3 107024  3.8e-07        -
31608  1.1159e-07  4.4194e-12     64439  555 64439     2     4      3 107039  2.4e-07        -
31622  1.1165e-07  4.4194e-12     64453  555 64453     2     4      3 107053  2.2e-07        -
31637  1.1172e-07  4.4194e-12     64468  555 64468     2     4      3 107068  2.1e-07        -
31651  1.1177e-07  3.4655e-12     64482  555 64482     2     4      3 107082    2e-07        -
31665  1.1182e-07  3.4655e-12     64496  555 64496     2     4      3 107096  1.9e-07        -
31680  1.1187e-07  3.4655e-12     64511  555 64511     2     4      3 107111  1.8e-07        -
31693  1.1192e-07  3.4655e-12     64524  555 64524     2     4      3 107124  1.7e-07        -
31706  1.1196e-07  3.4655e-12     64537  555 64537     2     4      3 107137  1.6e-07        -
31718    1.12e-07  3.9504e-12     64549  557 64549     2     4      3 107149  1.8e-07        -
31732  1.1206e-07  3.9504e-12     64563  557 64563     2     4      3 107163  2.5e-07        -
31747  1.1212e-07  3.9504e-12     64578  557 64578     2     4      3 107178  2.3e-07        -
31762  1.1218e-07  3.9504e-12     64593  557 64593     2     4      3 107193  2.1e-07        -
31777  1.1224e-07  3.9504e-12     64608  557 64608     2     4      3 107208  1.9e-07        -
31788  1.1227e-07  2.5389e-12     64619  558 64619     2     4      3 107219  7.3e-08        -
31802   1.123e-07  2.5389e-12     64633  558 64633     2     4      3 107233  6.8e-08        -
31814  1.1233e-07  2.5389e-12     64645  558 64645     2     4      3 107245  6.4e-08        -
31825  1.1236e-07  2.5389e-12     64656  558 64656     2     4      3 107256  6.1e-08        -
31837  1.1239e-07  2.5389e-12     64668  558 64668     2     4      3 107268  5.7e-08        -
31851  1.1243e-07  2.5389e-12     64682  558 64682     2     4      3 107282  5.2e-08        -
31861  1.1245e-07  2.5389e-12     64692  558 64692     2     4      3 107292  4.9e-08        -
31873  1.1248e-07  2.5389e-12     64704  558 64704     2     4      3 107304  4.5e-08        -
31886  1.1252e-07  3.7257e-12     64717  558 64717     2     4      3 107317  3.9e-08        -
31897  1.1256e-07  3.7257e-12     64728  558 64728     2     4      3 107328  3.3e-08        -
31911  1.1262e-07  3.7257e-12     64742  558 64742     2     4      3 107342  2.7e-08        -
31925  1.1267e-07  3.7257e-12     64756  558 64756     2     4      3 107356    2e-08        -
31935   1.127e-07  3.7257e-12     64766  558 64766     2     4      3 107366  1.5e-08        -
31947  1.1275e-07  2.0506e-12     64778  558 64778     2     4      3 107378  9.9e-09        -
31956  1.1278e-07  4.1012e-12     64790  559 64790     2     4      3 107390  6.9e-08        -
31966  1.1282e-07  4.1012e-12     64805  559 64805     2     4      3 107405  1.1e-08        -
---------  当前进度:  94 % - 
31974  1.1286e-07  4.1012e-12     64817  559 64817     2     4      3 107417  1.1e-07        -
31984   1.129e-07  4.1012e-12     64832  559 64832     2     4      3 107432  1.1e-07        -
31993  1.1293e-07  4.1012e-12     64846  559 64846     2     4      3 107446  1.8e-08        -
32002  1.1297e-07  4.1012e-12     64859  559 64859     2     4      3 107459    2e-07        -
32012  1.1301e-07  4.0143e-12     64874  559 64874     2     4      3 107474  6.6e-07        -
32019  1.1304e-07  4.0143e-12     64885  559 64885     2     4      3 107485  2.2e-07        -
32027  1.1307e-07  4.0143e-12     64897  559 64897     2     4      3 107497  1.4e-07        -
32037  1.1311e-07  4.0143e-12     64912  559 64912     2     4      3 107512  9.2e-08        -
32048  1.1316e-07  4.0143e-12     64928  559 64928     2     4      3 107528  1.1e-07        -
32059   1.132e-07  4.0143e-12     64945  559 64945     2     4      3 107545  1.3e-07        -
32070  1.1324e-07  4.0143e-12     64961  559 64961     2     4      3 107561  1.3e-07        -
32079  1.1327e-07  2.5637e-12     64974  560 64974     2     4      3 107574  4.9e-08        -
32090   1.133e-07  2.5637e-12     64990  560 64990     2     4      3 107590  5.3e-08        -
32101  1.1332e-07  2.5637e-12     65007  560 65007     2     4      3 107607  5.6e-08        -
32113  1.1336e-07  2.5637e-12     65025  560 65025     2     4      3 107625  5.9e-08        -
32125  1.1339e-07  2.5637e-12     65043  560 65043     2     4      3 107643  6.2e-08        -
32136  1.1341e-07  2.5637e-12     65059  560 65059     2     4      3 107659  6.3e-08        -
32147  1.1344e-07  2.5637e-12     65076  560 65076     2     4      3 107676  6.7e-08        -
32157  1.1347e-07  2.5637e-12     65091  560 65091     2     4      3 107691  6.9e-08        -
32167  1.1349e-07  2.5637e-12     65106  560 65106     2     4      3 107706  7.1e-08        -
32177  1.1353e-07  3.8851e-12     65120  561 65120     2     4      3 107720  1.5e-07        -
32187  1.1357e-07  3.8851e-12     65135  561 65135     2     4      3 107735  1.9e-07        -
32199  1.1361e-07  3.8851e-12     65153  561 65153     2     4      3 107753    2e-07        -
32210  1.1366e-07  3.8851e-12     65169  561 65169     2     4      3 107769  1.8e-07        -
32220  1.1369e-07  3.8851e-12     65184  561 65184     2     4      3 107784  1.9e-07        -
32229  1.1373e-07  3.8851e-12     65198  561 65198     2     4      3 107798  2.2e-07        -
32237  1.1376e-07  2.6197e-12     65211  561 65211     2     4      3 107812  5.3e-07        -
32243  1.1377e-07  2.6197e-12     65223  561 65223     2     4      3 107831    8e-07        -
32248  1.1378e-07  2.6197e-12     65236  561 65236     2     4      3 107852  8.6e-07        -
32255   1.138e-07  2.6197e-12     65252  561 65252     2     4      3 107878  7.8e-07        -
32263  1.1382e-07  2.6197e-12     65271  561 65271     2     4      3 107909  6.9e-07        -
32271  1.1384e-07  2.6197e-12     65290  561 65290     2     4      3 107940    6e-07        -
32279  1.1387e-07  2.6197e-12     65308  561 65308     2     4      3 107969  9.7e-07        -
32286  1.1388e-07  2.6197e-12     65324  561 65324     2     4      3 107995  1.6e-12        -
32291   1.139e-07  2.6197e-12     65336  561 65336     2     4      3 108014  8.6e-07        -
32298  1.1392e-07  2.6197e-12     65353  561 65353     2     4      3 108042  9.2e-07        -
32306  1.1394e-07  2.6197e-12     65372  561 65372     2     4      3 108073  9.8e-07        -
32313  1.1395e-07  2.6197e-12     65389  561 65389     2     4      3 108101  5.2e-07        -
32321  1.1398e-07  2.6197e-12     65407  561 65407     2     4      3 108129  8.8e-07        -
32329    1.14e-07  2.6197e-12     65426  561 65426     2     4      3 108160  8.5e-07        -
32336  1.1402e-07  3.7435e-12     65437  563 65437     2     4      3 108177  1.1e-12        -
32345  1.1405e-07  3.7435e-12     65455  563 65455     2     4      3 108204    1e-12        -
32352  1.1408e-07  3.7435e-12     65469  563 65469     2     4      3 108225    1e-12        -
32359   1.141e-07  3.7435e-12     65483  563 65483     2     4      3 108246  8.8e-13        -
32368  1.1414e-07  3.7435e-12     65501  563 65501     2     4      3 108273    1e-12        -
32376  1.1417e-07  3.7435e-12     65517  563 65517     2     4      3 108297  9.1e-13        -
32383  1.1419e-07  3.7435e-12     65531  563 65531     2     4      3 108318  9.9e-13        -
32392  1.1423e-07  3.7435e-12     65549  563 65549     2     4      3 108345  9.5e-13        -
---------  当前进度:  96 % - 正在组装残差
32400  1.1426e-07  3.3359e-12     65565  563 65565     2     4      3 108369  3.7e-07        -
32407  1.1428e-07  3.3359e-12     65579  563 65579     2     4      3 108393  7.1e-14        -
32415  1.1431e-07  3.3359e-12     65595  563 65595     2     4      3 108424  7.1e-14        -
32424  1.1434e-07  3.3359e-12     65613  563 65613     2     4      3 108459    1e-13        -
32433  1.1437e-07  3.3359e-12     65631  563 65631     2     4      3 108494  7.3e-14        -
32442   1.144e-07  3.3359e-12     65649  563 65649     2     4      3 108529    1e-13        -
32449  1.1442e-07  3.3359e-12     65663  563 65663     2     4      3 108556    7e-14        -
32457  1.1445e-07  3.3359e-12     65679  563 65679     2     4      3 108587  6.8e-14        -
32466  1.1448e-07  3.3359e-12     65697  563 65697     2     4      3 108622    1e-13        -
32475  1.1451e-07  3.2413e-12     65715  563 65715     2     4      3 108657  9.7e-14        -
32483  1.1453e-07  3.2413e-12     65731  563 65731     2     4      3 108688    1e-13        -
32488  1.1455e-07  3.2413e-12     65741  563 65741     2     4      3 108707  1.3e-13        -
32497  1.1458e-07  3.2413e-12     65759  563 65759     2     4      3 108742    1e-13        -
32506  1.1461e-07  3.2413e-12     65777  563 65777     2     4      3 108777  1.6e-13        -
32513  1.1463e-07  3.2413e-12     65791  563 65791     2     4      3 108804  1.2e-13        -
32522  1.1466e-07  3.2413e-12     65809  563 65809     2     4      3 108838  1.3e-13        -
32530  1.1468e-07  3.2413e-12     65825  563 65825     2     4      3 108869  1.3e-13        -
32538  1.1471e-07  3.2413e-12     65841  563 65841     2     4      3 108900  1.4e-13        -
32547  1.1474e-07  3.2413e-12     65859  563 65859     2     4      3 108934  7.6e-14        -
32553  1.1476e-07  3.6645e-12     65868  565 65868     2     4      3 108951  8.3e-14        -
32561  1.1479e-07  3.6645e-12     65884  565 65884     2     4      3 108975  5.9e-13        -
32570  1.1482e-07  3.6645e-12     65902  565 65902     2     4      3 109002  2.6e-13        -
32576  1.1484e-07  3.6645e-12     65914  565 65914     2     4      3 109020  1.8e-13        -
32583  1.1487e-07  3.6645e-12     65928  565 65928     2     4      3 109041  8.6e-14        -
32591   1.149e-07  3.6645e-12     65944  565 65944     2     4      3 109065  4.1e-15        -
32598  1.1492e-07  3.6645e-12     65958  565 65958     2     4      3 109086  1.3e-13        -
32606  1.1495e-07  3.6645e-12     65974  565 65974     2     4      3 109110  1.5e-13        -
32612  1.1497e-07  3.6645e-12     65986  565 65986     2     4      3 109128  1.6e-13        -
32619    1.15e-07  2.2391e-12     65999  566 65999     2     4      3 109148  9.1e-15        -
32627  1.1503e-07  4.4781e-12     66013  567 66013     2     4      3 109170  1.7e-13        -
32636  1.1507e-07  4.4781e-12     66031  567 66031     2     4      3 109197  2.9e-13        -
32644  1.1511e-07  4.4781e-12     66047  567 66047     2     4      3 109221  2.4e-13        -
32651  1.1514e-07  4.4781e-12     66061  567 66061     2     4      3 109242  5.9e-13        -
32658  1.1517e-07  4.4781e-12     66075  567 66075     2     4      3 109263  2.2e-13        -
32667  1.1521e-07  4.4781e-12     66093  567 66093     2     4      3 109290  2.4e-13        -
32674  1.1524e-07  4.4781e-12     66107  567 66107     2     4      3 109311  1.7e-13        -
32682  1.1527e-07  4.0905e-12     66123  567 66123     2     4      3 109340  5.2e-14        -
32691  1.1531e-07  4.0905e-12     66141  567 66141     2     4      3 109375  2.2e-14        -
32697  1.1534e-07  4.0905e-12     66153  567 66153     2     4      3 109398    1e-06        -
32703  1.1536e-07  4.0905e-12     66165  567 66165     2     4      3 109422  2.1e-14        -
32711  1.1539e-07  4.0905e-12     66181  567 66181     2     4      3 109453  1.9e-14        -
32720  1.1543e-07  4.0905e-12     66199  567 66199     2     4      3 109488  3.7e-14        -
32729  1.1547e-07  4.0905e-12     66217  567 66217     2     4      3 109522  9.7e-07        -
32737   1.155e-07  2.2838e-12     66232  568 66232     2     4      3 109551  2.8e-15        -
32745  1.1553e-07  4.5676e-12     66246  569 66246     2     4      3 109573  1.7e-13        -
32754  1.1557e-07  4.5676e-12     66264  569 66264     2     4      3 109600  9.9e-14        -
32763  1.1561e-07  4.5676e-12     66282  569 66282     2     4      3 109627  5.7e-14        -
---------  当前进度:  97 % - 
32772  1.1566e-07  4.5676e-12     66300  569 66300     2     4      3 109654  9.2e-14        -
32780  1.1569e-07  4.5676e-12     66316  569 66316     2     4      3 109678  6.8e-14        -
32789  1.1573e-07  4.5676e-12     66334  569 66334     2     4      3 109705  5.6e-14        -
32798  1.1577e-07  3.9588e-12     66352  569 66352     2     4      3 109739  1.7e-14        -
32807  1.1581e-07  3.9588e-12     66370  569 66370     2     4      3 109766  8.9e-07        -
32813  1.1583e-07  3.9588e-12     66382  569 66382     2     4      3 109784  7.7e-07        -
32817  1.1585e-07  3.9588e-12     66390  569 66390     2     4      3 109796  6.8e-07        -
32821  1.1586e-07  3.9588e-12     66398  569 66398     2     4      3 109808  5.9e-07        -
32829  1.1589e-07  3.9588e-12     66413  569 66413     2     4      3 109831    4e-07        -
32835  1.1592e-07  3.9588e-12     66425  569 66425     2     4      3 109845  2.5e-07        -
32841  1.1594e-07  3.9588e-12     66436  569 66436     2     4      3 109856  1.1e-07        -
32847  1.1596e-07  3.9588e-12     66447  569 66447     2     4      3 109867  3.7e-08        -
32854  1.1599e-07  3.9588e-12     66460  569 66460     2     4      3 109880  1.8e-07        -
32858    1.16e-07  4.5523e-12     66465  571 66465     2     4      3 109885  8.7e-07        -
32863  1.1603e-07  4.5523e-12     66475  571 66475     2     4      3 109898  5.2e-14        -
32869  1.1605e-07  4.5523e-12     66487  571 66487     2     4      3 109916  6.8e-14        -
32877  1.1609e-07  4.5523e-12     66503  571 66503     2     4      3 109940  7.8e-14        -
32886  1.1613e-07  4.5523e-12     66521  571 66521     2     4      3 109967  8.2e-14        -
32895  1.1617e-07  4.5523e-12     66539  571 66539     2     4      3 109994  6.3e-14        -
32905  1.1622e-07  4.5523e-12     66559  571 66559     2     4      3 110024  7.3e-14        -
32913  1.1625e-07  4.3653e-12     66575  571 66575     2     4      3 110048  3.5e-07        -
32922  1.1629e-07  4.3653e-12     66593  571 66593     2     4      3 110075  3.8e-07        -
32930  1.1633e-07  4.3653e-12     66609  571 66609     2     4      3 110099  4.4e-07        -
32936  1.1635e-07  4.3653e-12     66621  571 66621     2     4      3 110117  4.8e-07        -
32942  1.1638e-07  4.3653e-12     66633  571 66633     2     4      3 110135  5.2e-07        -
32948  1.1641e-07  4.3653e-12     66645  571 66645     2     4      3 110153  5.6e-07        -
32956  1.1644e-07  4.3653e-12     66661  571 66661     2     4      3 110177  6.1e-07        -
32966  1.1649e-07  4.3653e-12     66681  571 66681     2     4      3 110207  6.7e-07        -
32975  1.1651e-07  2.7718e-12     66698  572 66698     2     4      3 110233  6.9e-14        -
32982  1.1653e-07  2.7718e-12     66712  572 66712     2     4      3 110254    1e-13        -
32991  1.1656e-07  2.7718e-12     66730  572 66730     2     4      3 110281  6.5e-14        -
32998  1.1658e-07  2.7718e-12     66744  572 66744     2     4      3 110302  5.1e-14        -
33007   1.166e-07  2.7718e-12     66762  572 66762     2     4      3 110329  3.5e-14        -
33016  1.1663e-07  2.7718e-12     66780  572 66780     2     4      3 110356  7.1e-14        -
33024  1.1665e-07  2.7718e-12     66796  572 66796     2     4      3 110380  3.8e-14        -
33033  1.1667e-07  2.7718e-12     66814  572 66814     2     4      3 110407  6.9e-14        -
33042   1.167e-07  2.7718e-12     66832  572 66832     2     4      3 110434  6.8e-14        -
33051  1.1672e-07  2.7718e-12     66850  572 66850     2     4      3 110461  4.1e-14        -
33060  1.1675e-07   1.653e-12     66867  573 66867     2     4      3 110487  1.4e-15        -
33068  1.1677e-07   3.306e-12     66882  574 66882     2     4      3 110510    9e-14        -
33078  1.1681e-07   3.306e-12     66902  574 66902     2     4      3 110540  8.3e-14        -
33088  1.1684e-07   3.306e-12     66922  574 66922     2     4      3 110570  4.3e-14        -
33098  1.1687e-07   3.306e-12     66942  574 66942     2     4      3 110600  4.2e-14        -
33107   1.169e-07   3.306e-12     66960  574 66960     2     4      3 110627  5.3e-14        -
33115  1.1693e-07   3.306e-12     66976  574 66976     2     4      3 110651  3.6e-14        -
33124  1.1696e-07   3.306e-12     66994  574 66994     2     4      3 110678  6.8e-14        -
33133  1.1699e-07   3.306e-12     67012  574 67012     2     4      3 110705  6.6e-14        -
33142  1.1701e-07  2.6784e-12     67030  574 67030     2     4      3 110739  1.1e-14        -
33152  1.1704e-07  2.6784e-12     67049  574 67049     2     4      3 110777  4.1e-14        -
---------  当前进度:  98 % - 正在组装残差
33160  1.1706e-07  2.6784e-12     67063  574 67063     2     4      3 110805  3.9e-14        -
33170  1.1709e-07  2.6784e-12     67080  574 67080     2     4      3 110839  2.4e-14        -
33179  1.1711e-07  2.6784e-12     67096  574 67096     2     4      3 110871  6.7e-14        -
33188  1.1714e-07  2.6784e-12     67112  574 67112     2     4      3 110903    3e-14        -
33198  1.1716e-07  2.6784e-12     67129  574 67129     2     4      3 110937  1.5e-14        -
33208  1.1719e-07  2.6784e-12     67147  574 67147     2     4      3 110973  2.4e-14        -
33218  1.1722e-07  2.6784e-12     67165  574 67165     2     4      3 111009  3.3e-14        -
33227  1.1724e-07  2.6784e-12     67181  574 67181     2     4      3 111041    8e-14        -
33234  1.1726e-07  3.5856e-12     67191  576 67191     2     4      3 111060  4.4e-14        -
33242  1.1729e-07  3.5856e-12     67203  576 67203     2     4      3 111080  4.6e-14        -
33253  1.1733e-07  3.5856e-12     67220  576 67220     2     4      3 111108  1.7e-13        -
33264  1.1737e-07  3.5856e-12     67236  576 67236     2     4      3 111135  5.2e-14        -
33276  1.1741e-07  3.5856e-12     67254  576 67254     2     4      3 111165  5.5e-14        -
33288  1.1745e-07  3.5856e-12     67272  576 67272     2     4      3 111195  5.8e-14        -
33300   1.175e-07  3.0897e-12     67290  576 67290     2     4      3 111225    6e-14        -
33310  1.1753e-07  3.0897e-12     67309  576 67309     2     4      3 111262  4.3e-14        -
33321  1.1756e-07  3.0897e-12     67329  576 67329     2     4      3 111302  8.2e-14        -
33331  1.1759e-07  3.0897e-12     67348  576 67348     2     4      3 111340  9.6e-14        -
33342  1.1763e-07  3.0897e-12     67368  576 67368     2     4      3 111380  4.9e-14        -
33352  1.1766e-07  3.0897e-12     67387  576 67387     2     4      3 111417  4.8e-14        -
33363  1.1769e-07  3.0897e-12     67407  576 67407     2     4      3 111457  8.7e-14        -
33373  1.1772e-07  3.0897e-12     67426  576 67426     2     4      3 111495    1e-13        -
33383  1.1775e-07  2.9588e-12     67444  576 67444     2     4      3 111531  1.4e-13        -
33394  1.1779e-07  2.9588e-12     67463  576 67463     2     4      3 111569    6e-14        -
33405  1.1782e-07  2.9588e-12     67483  576 67483     2     4      3 111609  1.2e-13        -
33415  1.1785e-07  2.9588e-12     67501  576 67501     2     4      3 111645  1.3e-13        -
33426  1.1788e-07  2.9588e-12     67521  576 67521     2     4      3 111685  8.4e-14        -
33437  1.1791e-07  2.9588e-12     67541  576 67541     2     4      3 111724  1.3e-13        -
33448  1.1795e-07  2.9588e-12     67561  576 67561     2     4      3 111764  8.5e-14        -
33458  1.1797e-07  2.9588e-12     67579  576 67579     2     4      3 111800  9.1e-14        -
33466    1.18e-07  2.2103e-12     67593  577 67593     2     4      3 111827    9e-15        -
33474  1.1803e-07  4.4205e-12     67608  578 67608     2     4      3 111850  1.1e-13        -
33484  1.1808e-07  4.4205e-12     67628  578 67628     2     4      3 111880  4.3e-13        -
33494  1.1812e-07  4.4205e-12     67648  578 67648     2     4      3 111910  8.9e-14        -
33504  1.1816e-07  4.4205e-12     67668  578 67668     2     4      3 111940  8.4e-13        -
33513   1.182e-07  4.4205e-12     67686  578 67686     2     4      3 111967  3.4e-13        -
33520  1.1823e-07  4.4205e-12     67700  578 67700     2     4      3 111988  2.8e-12        -
33529  1.1827e-07  3.4361e-12     67716  578 67716     2     4      3 112018  4.2e-13        -
33539   1.183e-07  3.4361e-12     67734  578 67734     2     4      3 112054  6.5e-13        -
33545  1.1832e-07  3.4361e-12     67744  578 67744     2     4      3 112074  5.5e-13        -
33555  1.1836e-07  3.4361e-12     67762  578 67762     2     4      3 112110  8.7e-13        -
33565  1.1839e-07  3.4361e-12     67779  578 67779     2     4      3 112143  5.5e-13        -
33575  1.1843e-07  3.4361e-12     67797  578 67797     2     4      3 112179  8.7e-13        -
33586  1.1846e-07  3.4361e-12     67816  578 67816     2     4      3 112216  4.9e-13        -
33597   1.185e-07  3.0169e-12 out 67835  578 67835     2     4      3 112253  7.7e-13        -
33608  1.1853e-07  3.0169e-12     67852  578 67852     2     4      3 112287  7.9e-13        -
33619  1.1857e-07  3.0169e-12     67870  578 67870     2     4      3 112322  1.4e-12        -
33630   1.186e-07  3.0169e-12     67888  578 67888     2     4      3 112356  9.2e-07        -
33641  1.1863e-07  3.0169e-12     67906  578 67906     2     4      3 112391  1.6e-12        -
---------  当前进度:  99 % - 正在组装残差
33653  1.1867e-07  3.0169e-12     67925  578 67925     2     4      3 112428  1.4e-12        -
33663   1.187e-07  3.0169e-12     67941  578 67941     2     4      3 112458  3.2e-07        -
33674  1.1873e-07  3.0169e-12     67960  578 67960     2     4      3 112482  7.9e-09        -
33683  1.1876e-07  2.8175e-12     67975  579 67975     2     4      3 112502    6e-07        -
33693  1.1879e-07  2.8175e-12     67995  579 67995     2     4      3 112523  2.2e-13        -
33703  1.1881e-07  2.8175e-12     68015  579 68015     2     4      3 112543  7.9e-07        -
33713  1.1884e-07  2.8175e-12     68035  579 68035     2     4      3 112564  6.9e-07        -
33723  1.1887e-07  2.8175e-12     68055  579 68055     2     4      3 112584  6.6e-07        -
33733   1.189e-07  2.8175e-12     68075  579 68075     2     4      3 112604  5.9e-07        -
33743  1.1893e-07  2.8175e-12     68095  579 68095     2     4      3 112624  5.3e-07        -
33753  1.1896e-07  2.8175e-12     68115  579 68115     2     4      3 112644  4.7e-07        -
33763  1.1898e-07  2.8175e-12     68135  579 68135     2     4      3 112664  4.2e-07        -
33772  1.1901e-07   4.877e-12     68153  580 68153     2     4      3 112685  6.7e-14        -
33782  1.1906e-07   4.877e-12     68173  580 68173     2     4      3 112715  1.9e-13        -
33792  1.1911e-07   4.877e-12     68193  580 68193     2     4      3 112745  3.6e-14        -
33802  1.1916e-07   4.877e-12     68213  580 68213     2     4      3 112775    2e-13        -
33812  1.1921e-07   4.877e-12     68233  580 68233     2     4      3 112805    2e-14        -
33821  1.1925e-07  3.0738e-12 out 68251  581 68251     2     4      3 112830  3.6e-07        -
33828  1.1927e-07  3.0738e-12     68265  581 68265     2     4      3 112844  3.1e-07        -
33837   1.193e-07  3.0738e-12     68283  581 68283     2     4      3 112862    3e-07        -
33847  1.1933e-07  3.0738e-12     68303  581 68303     2     4      3 112882  2.7e-07        -
33856  1.1936e-07  3.0738e-12     68321  581 68321     2     4      3 112900  2.3e-07        -
33864  1.1938e-07  3.0738e-12     68337  581 68337     2     4      3 112916  2.2e-07        -
33874  1.1941e-07  3.0738e-12     68357  581 68357     2     4      3 112936    2e-07        -
33884  1.1944e-07  3.0738e-12     68377  581 68377     2     4      3 112956  1.8e-07        -
33892  1.1947e-07  3.0738e-12     68393  581 68393     2     4      3 112972  1.6e-07        -
33901   1.195e-07  3.0738e-12     68411  581 68411     2     4      3 112990  1.6e-07        -
33909  1.1952e-07  4.0995e-12     68427  581 68427     2     4      3 113007    4e-08        -
33921  1.1957e-07  4.0995e-12     68441  581 68441     2     4      3 113021  5.7e-08        -
33937  1.1964e-07  4.0995e-12     68457  581 68457     2     4      3 113037  5.1e-08        -
33950  1.1969e-07  4.0995e-12     68470  581 68470     2     4      3 113050  4.7e-08        -
33962  1.1974e-07  4.0995e-12     68482  581 68482     2     4      3 113062  4.3e-08        -
33974  1.1979e-07  4.0657e-12     68494  581 68494     2     4      3 113074  3.9e-08        -
33987  1.1984e-07  4.0657e-12     68507  581 68507     2     4      3 113087  3.5e-08        -
34001   1.199e-07  4.0657e-12     68521  581 68521     2     4      3 113101  3.1e-08        -
34016  1.1996e-07  4.0657e-12     68536  581 68536     2     4      3 113116  2.6e-08        -
34026     1.2e-07  3.0298e-12 out 68546  581 68546     2     4      3 113126  2.5e-08        -
---------- 当前进度: 100 % - 
求解时间：25 s。
物理内存: 1.35 GB
虚拟内存: 1.55 GB
结束时间：2026年9月3日 14:39:16。
----- Study 2 - Charged particle tracing time dependent/解 2 (sol2) 中的“瞬态求解器 1” >
           当前进度:   0 % - 
Memory: 845/1378 840/1584
------     当前进度:  66 % - 正在计算
Memory: 847/1378 841/1584
---------- 当前进度: 100 % - 正在计算
Memory: 848/1378 842/1584
-          当前进度:  10 % - 正在绘制
---------  当前进度:  99 % - 正在计算
Memory: 849/1378 843/1584
---        当前进度:  30 % - 生成图像
Memory: 882/1378 861/1584
           当前进度:   0 % - 正在绘制
Memory: 915/1378 911/1584
           当前进度:   9 % - 正在计算
-          当前进度:  10 % - 正在绘制
---------- 当前进度: 100 % - 正在绘制
---        当前进度:  30 % - 生成图像
Memory: 936/1378 916/1584
类运行时: 81 s.
总时间: 81 s.
