particle_id,x_m,y_m,z_m,vx_m_per_s,vy_m_per_s,vz_m_per_s,K0_eV,speed_m_per_s,r_larmor_m,r_source_m,phi0_rad,theta_rad,theta_deg,angle_component_1_deg,angle_component_2_deg,guiding_center_x_m,guiding_center_y_m,guiding_center_r_m
1,-0.012986365830736682,0.008153274707397814,1.5,-6347325.2220247155,-11515348.405536607,-112532.78094793254,101633.92125302313,13149313.670372056,0.015458437421266178,0.015333674900167217,2.580958403964972,0.05750555932004737,3.2948258475779104,-3.2580941410562705,-0.490611795498536,0.0005511690683017555,0.0006913088438732238,0.0008841353173977152
2,0.001581160846612375,0.015251934838608448,1.5,-12678124.56542851,3599078.774185198,344239.840484446,102164.27419017736,13183577.344070503,0.015498718067767417,0.015333674900167217,1.4674958163071046,0.17524036088728634,10.040533079190933,9.927287701401093,1.503749782356746,-0.0026499447000070077,0.00034743106551161224,0.00267262329152048
3,-0.010641336815437987,0.011040087713619952,1.5,-10405815.389546312,-8374414.098171642,850105.0991591824,105295.95999043265,13384113.122974988,0.01573446951964012,0.015333674900167217,2.337805202687298,0.10960817504559894,6.280085830243969,5.112978924245319,3.6464948314037495,-0.000796309194867683,-0.0011930713735340479,0.0014344084621115553
4,0.012007012015055066,0.009536941250439862,1.5,-6747402.039385566,11855226.277223948,-2056343.236315721,111860.48870794293,13795012.572333056,0.016217526170623085,0.015333674900167217,0.6712439924442615,0.21417133356376294,12.271113505892169,8.747008684894608,-8.606396791972092,-0.0019300860050753977,0.0016046419079286788,0.0025100015218459328
5,-0.007943572510034592,0.01311568685665531,1.5,-10828630.806182358,-6496407.204115605,-3563793.9210160044,101198.19910728432,13121096.707583455,0.015425265336059282,0.015333674900167217,2.1153630518944584,0.2750946200716119,15.761760696858225,0.23452001773582848,-15.76001588280627,-0.0003063446861855633,0.00038546261289607205,0.0004923702800685662
6,0.0015019252780739114,-0.015259941231967465,1.5,12079630.674445514,1220612.7268527518,2383300.9214943065,89985.43708541268,12372853.185193604,0.014545624317776082,0.015333674900167217,4.8104957499015555,0.19385210401136796,11.10690740958244,-0.14701922403236473,11.105934339478251,6.696327726855335e-05,-0.0010590316229992722,0.0010611465775353646
7,-0.015259357937775773,-0.0015078399354233865,1.5,2493749.2192489165,-12423598.886676159,1272503.095469376,95332.31511756303,12735142.660901165,0.014971534698272025,0.015333674900167217,3.2400870242270208,0.1410833438734314,8.0834801635405,-5.687562465667146,5.744065176639885,-0.0006540765709375906,0.0014238314214589248,0.001566879726521222
8,0.0058195235665038075,-0.014186427718172216,1.5,11904648.22771929,6006338.2673168825,1507424.1108351757,105845.31697261064,13418981.938176325,0.015775461575290757,0.015333674900167217,5.10167255717043,0.1368536587129897,7.841137055178076,-4.449432462546038,6.456468158314437,-0.0012415753291351497,-0.00019122886113719442,0.0012562156563460287
9,-0.008238779532718035,0.01293228896040003,1.5,-12571214.901459647,-3552270.4308679225,3098428.0442143804,105954.20730487202,13425882.677048605,0.01578357413862994,0.015333674900167217,2.1380284894536135,0.3712809979197314,21.27283419420611,16.414398897995376,13.531481200211335,-0.0040627022456795015,-0.0018465309639712994,0.004462647884155106
10,-0.005205315049107962,-0.014423116209181299,1.5,12780328.542914167,-2298053.3549434864,1930271.449234609,101304.36587585257,13127977.557671396,0.015433354517985881,0.015333674900167217,4.366036125002161,0.22347940030694402,12.804426445702527,-9.580607000189152,8.495016545677405,-0.002503705302116541,0.0006015393702966075,0.0025749543401511646
11,-0.012813732666951913,-0.008421985578467083,1.5,8200266.79894703,-9927023.135388147,-100121.93996690477,97458.0080615773,12876342.194400832,0.01513752998952701,0.015333674900167217,3.7230563706394166,0.10923971988343485,6.258974904512158,-6.243035682969248,-0.4463992792172411,-0.0011434455504748097,0.0012183130961954287,0.001670854430302632
12,-0.010252792776880888,0.011401834335682886,1.5,-10629441.356365647,-8079712.0911874045,-1709191.5013466876,106503.08745270714,13460613.158885892,0.015824403568480853,0.015333674900167217,2.303182034266072,0.15155681651389089,8.683565942684567,4.697636494380213,-7.303186212032285,-0.0007542191726256781,-0.0010942212113552452,0.001328972016159822
13,-0.015332728392795675,0.00017037011702610136,1.5,-1810291.4424600776,-12417182.021118324,267070.74409302074,92599.63367148137,12551290.42109132,0.01475539654725477,0.015333674900167217,3.130481577887363,0.13533167341451313,7.753933721094409,7.656894320543466,1.2228890036116167,-0.0007349907439912311,-0.001957822857834387,0.0020912392824379493
14,0.015263602494889355,-0.0014642488934691325,1.5,697507.36819553,12701636.962539684,2154671.378355088,97846.26345370428,12901965.230364868,0.015167652633789835,0.015333674900167217,6.187547213371379,0.17262843297120073,9.890880633206828,-2.314459903757079,9.616277609046374,0.00033145736130189493,-0.0006442537003802764,0.0007245183315934069
15,-0.004403099979681193,0.014687896258925224,1.5,-12343400.99042117,-4656852.44901155,806335.360722358,102687.0011255112,13217261.420436023,0.015538317335048017,0.015333674900167217,1.8620489277922851,0.09247774622392996,5.298584557513072,-3.9777241432875066,3.500386971896632,0.0010715326869132104,0.00017689617487127475,0.0010860361668966337
16,-0.008466727987751775,-0.012784213042868102,1.5,10652146.400830735,-7533763.685267055,1143226.2766747193,100827.6508501352,13097052.513060309,0.015396998790314139,0.015333674900167217,4.127429485648257,0.09259496592669181,5.3053007517571045,1.7497988147769834,5.008434902681631,0.0003900243412854297,-0.00026146526551216673,0.0004695562499472041
17,0.0016641442123728506,0.015243103686075355,1.5,-12456573.604421949,978105.2763225614,2112079.978268726,94391.79299712832,12672166.260294853,0.014897499142334016,0.015333674900167217,1.4620534122344393,0.17016083803254678,9.749497857674113,-1.7244848368053332,9.595773055070685,0.0005142758934269869,0.0005990569795749408,0.0007895245147160262
18,-0.01164280440157195,-0.009978311060031898,1.5,7180415.798086969,-10513084.559406443,-148978.7356968657,95286.2630615383,12732066.315030603,0.014967918121672029,0.015333674900167217,3.850157745693691,0.10996308462663369,6.300420651346016,6.264504704380454,-0.6717746591696674,0.0007164611722841087,-0.0015369573091134434,0.0016957459660656593
19,0.003634133589601095,-0.014896800293920542,1.5,12874800.600744497,3357166.8869236065,594345.3294880537,104267.19859779942,13318569.982782366,0.01565741648429092,0.015333674900167217,4.951669218489036,0.04735029392040569,2.712972000343207,-0.9043717011719119,2.5577976661115405,-0.0003125784240600076,0.00023891738587967538,0.00039342952159620106
20,0.007762708916670745,0.013223537205266169,1.5,-10710719.336747771,6177525.964593081,1486481.2488125742,91163.08252855115,12453552.19432896,0.01464049471283616,0.015333674900167217,1.0399627891537289,0.11989214246109266,6.86931375980182,-0.4377457889212955,6.855351935158712,0.0005003604066433666,0.0006319306199791784,0.000806037744155684
21,-0.015315300516897508,-0.000750437219983842,1.5,1257978.131839119,-13174374.816241847,-788142.434994957,103317.02694377751,13257746.010421705,0.015585911340066651,0.015333674900167217,3.190552679084352,0.07532355271447472,4.315721668470577,-2.6461210887405913,-3.4093249630137583,0.00017259898618107034,0.0007284518472206918,0.0007486204003030985
22,0.014430691825879529,0.005184276166497291,1.5,-5322626.228949666,11649674.740767311,-1774499.2289747824,98277.36608028725,12930356.493631834,0.01520102962802125,0.015333674900167217,0.3448945467352577,0.16096606603745067,9.222676228770023,-4.763856051710086,-7.897052129706681,0.000735241821973636,-0.0010730454351920793,0.0013007717104725452
23,-0.007349817839633031,-0.013457405532576855,1.5,11051184.324822241,-5895879.876603547,-1896567.7201981745,94334.9205472294,12668348.101383748,0.014893010484441187,0.015333674900167217,4.2125032339183885,0.1505904969682479,8.628199911058223,-0.5568974597519704,-8.610208994240903,-0.00041857470402079187,-0.0004655456075174612,0.0006260491159045715
24,-0.007735289746778835,-0.01323959510247184,1.5,11428494.18949677,-5802690.16009884,-1582074.3156522675,98036.67953161182,12914513.218612459,0.015182404148275735,0.015333674900167217,4.183627696304516,0.13615967488718875,7.8013747109093385,-3.3601127744133525,-7.040673939562886,-0.0009136011808578972,0.00019583329146054436,0.0009343542131917717
25,-0.0016923152657399645,0.015240001803981572,1.5,-12929076.16125391,-1101263.8501182736,-694573.9157961655,99254.3587670708,12994469.03015225,0.01527640083434912,0.015333674900167217,1.6813875468277997,0.059291623075037395,3.397159762680127,1.4664618460494085,-3.064340729627542,-0.0003976607508268447,4.0477344856484215e-05,0.0003997155090746425
26,-0.0038388314965315225,0.014845368256976844,1.5,-11823411.77003583,-5981565.224696402,-2926925.7542399103,108237.68295080149,13569785.657553768,0.015952747623622164,0.015333674900167217,1.8238411748774683,0.3047803181528158,17.462625908810818,-12.140660978895227,-12.551798860187397,0.003193144013759504,0.0009456716237768691,0.003330234753380749
27,0.012783442805047092,0.008467890882274514,1.5,-6807796.299264752,10739703.123074489,-64146.808661710464,95042.86271922356,12715794.447737832,0.014948788785451295,0.015333674900167217,0.5850504608014374,0.02070727434507669,1.1864394251924202,1.1506884430172222,-0.2890581546289978,0.0001577626507211008,0.0004645915689397845,0.0004906468994016761
28,-0.006958381453512187,-0.013663912817763284,1.5,12733406.499100385,-2882699.013481079,-131718.49961878976,100201.14581752721,13056299.032911222,0.015349088675887183,0.015333674900167217,4.241366816802306,0.2485869281621206,14.242981825811297,-14.231002987630545,-0.5840250477859731,-0.003569457634267547,0.0013055808349284673,0.0038007327082239537
29,0.005055921118387438,0.014476161355437498,1.5,-12800871.095977383,3296910.0432038577,-2114506.579868565,105336.26608245434,13386674.520773077,0.015737480719202723,0.015333674900167217,1.23478231809363,0.17929568062747894,10.272885784880058,-4.768900429029935,-9.098888451189458,0.0011800475280231764,-0.0005726442123182209,0.0013116529885206548
30,0.009526546175803731,-0.01201526129155323,1.5,10904550.118877798,7842026.474606048,-1710056.4880108011,107762.62150500866,13539973.623154804,0.015917700359581653,0.015333674900167217,5.382767519850824,0.13500229282790094,7.735061603627988,2.6736059272257924,-7.2583062320229415,0.0003073976671819738,0.0008042142982296659,0.0008609610695414477
31,0.003628188358598203,-0.014898249399796965,1.5,12852954.111490749,4365221.675160372,2453136.473312386,111842.32342067623,13793892.42462302,0.01621620931609271,0.015333674900167217,4.951270143408772,0.1992981888559519,11.41894508604726,-5.017819757111193,10.25737743106431,-0.0015036008577063481,0.0002117853740000019,0.0015184428154973722
32,0.014731863833488968,-0.004253677695307656,1.5,3596515.301328343,12129500.8880011,2063614.7103728892,96586.90108400332,12818666.848684996,0.015069726395754128,0.015333674900167217,6.002090572805942,0.16184565479164237,9.273072952092377,0.4064821585634492,9.264159661275103,0.00047232640600799493,-2.5585787706414696e-05,0.0004730188858227407
33,0.0062180490615849,-0.014016328043098209,1.5,11972240.185995007,6221684.355909919,-2067579.9696308353,109518.9165694436,13649863.67062128,0.01604688797078056,0.015333674900167217,5.129932134078951,0.1640172521575803,9.397496315962348,-3.5090395926041196,-8.717773692065112,-0.001096212403438236,5.83324560710554e-05,0.0010977633209773023
34,0.015182598568297156,-0.0021471578092816645,1.5,1841890.7810477775,13114284.778742809,687862.403927135,103365.43396231838,13260851.4656492,0.015589562137857485,0.015333674900167217,6.142694693097766,0.051903714434630426,2.973863778156573,-0.0546189230838089,2.9733621616400603,-0.00023465861020037504,1.818359859643388e-05,0.00023536207553275822
35,-0.014764206529108042,0.004140023129145728,1.5,-4668479.309195254,-12026875.807154864,-1356021.4652386014,98915.20151033987,12972248.64683448,0.01525027837551933,0.015333674900167217,2.8682043019501604,0.1425420186338799,8.167056070996455,5.530416360149829,-6.0096006315051556,-0.0006253159604580685,-0.0013482781664783837,0.001486228133432384
36,0.013890060574361845,-0.006495213867500961,1.5,4316513.47668609,12186098.632318364,77448.86189932645,98245.13546328241,12928236.028059421,0.015198536791879623,0.015333674900167217,5.84577891021557,0.09716472637455062,5.567128738805227,-5.556504023275614,0.3437810840535013,-0.00043601361014277557,-0.0014206863955651561,0.0014860880535061344
37,-0.005952025442806034,-0.014131347390543045,1.5,13061351.486692242,-2681053.152623164,-468145.63557331736,104632.69664081116,13341893.00669941,0.015684835216152847,0.015333674900167217,4.313747259549425,0.1992623491833363,11.416891624067256,-11.236089916154256,-2.0237830298215482,-0.0028001580965811936,0.001223680990073651,0.0030558600313687215
38,0.014579968713339912,0.004748273187385857,1.5,-5056369.232576231,12286237.105632426,-100573.7233939007,103764.21516801034,13286406.854593905,0.015619605255747963,0.015333674900167217,0.3148386880678315,0.07595995711069173,4.352184954437383,-4.33047886024038,-0.43412753730017023,0.00013617094553721593,-0.0011960345780234498,0.0012037612878956654
39,-0.004898206002500661,0.014530284370964135,1.5,-11561326.017045924,-4916672.61502567,-101134.7849714424,92783.77260127988,12563763.652683761,0.01477006017722408,0.015333674900167217,1.895935955146909,0.07737780214185197,4.4334214907264595,-4.40931760969179,-0.4616755693093452,0.000881873311561132,0.000938697827245755,0.0012879651192946565
40,0.013735571036287622,-0.0068158399519879205,1.5,7589660.553216243,9723007.680668224,2070541.8110513713,91948.3926260899,12507076.759286793,0.014703418615835406,0.015333674900167217,5.822567734893339,0.26106804358028923,14.958097062888019,11.47613415688592,9.593904969090298,0.002305126106164712,0.002106625178256866,0.003122735340528854
41,0.014969763759458993,0.003320806969699723,1.5,-3627953.186539528,12279528.880820608,480662.09985559963,96505.60199714845,12813270.85145972,0.015063382818627343,0.015333674900167217,0.218299242410613,0.07850643887179762,4.498087611955792,-3.950149750943337,2.151536453317128,0.000533852233939416,-0.0009442435650494174,0.001084709231923163
42,-0.012413838739232526,0.009001010704379142,1.5,-5328851.3995980285,-11732281.341544205,441381.5486821089,97715.2969578765,12893327.746848801,0.015157498339675519,0.015333674900167217,2.5142328435446055,0.20387164124796625,11.680984605913693,-11.512795701633113,1.9750788581853664,0.001378724239593905,0.002736370742711696,0.0030640831206761266
43,-0.0014635579840415352,0.015263668758570673,1.5,-12305313.731354425,1123149.996854317,1522780.0132560327,91110.24403919495,12449942.606745848,0.014636251253050434,0.015333674900167217,1.666389155540155,0.22290182846214293,12.771334016629838,10.638315564971,7.0663437861755805,-0.0027839420266085654,0.0007974443582968935,0.00289590240030581
44,0.005567207505664861,-0.014287329580187018,1.5,11963918.02365137,5552202.642353716,-873526.8437323733,102704.24632336665,13218371.223608859,0.015539622028458431,0.015333674900167217,5.083950311788434,0.09126346072030614,5.22901112303151,-3.6008650880103854,-3.7916128418834125,-0.0009600059480990089,-0.00022245268106135113,0.0009854423451916708
45,-0.013630224148158978,-0.00702414234016951,1.5,5944114.588334435,-12040224.894026188,-135192.0759133062,105991.51227027278,13428245.99995725,0.015786352479781832,0.015333674900167217,3.6174334900977367,0.019977667237195677,1.144636017208092,0.9886375286474641,-0.5768773256419757,0.0005243597128714479,-3.619409495867615e-05,0.0005256073829318848
46,0.003948630623763006,-0.014816541504045372,1.5,13157365.15833748,2315547.6392660365,-593781.2616969767,105117.33275946377,13372755.698295172,0.015721117641125333,0.015333674900167217,4.972837170100555,0.09698394233753387,5.55677057648083,4.938127339298432,-2.548057617189316,0.0012264544573972178,0.0006513613103190045,0.0013886907836699984
47,0.012871892061893979,-0.00833282549265067,1.5,6440728.62699426,11362307.567609265,-2461799.526699461,103832.91082481302,13290804.16743817,0.01562477477159714,0.015333674900167217,5.708663973556928,0.1952677501724741,11.188017959897719,-3.331789691474253,-10.680399024511201,-0.00048572681450606905,-0.0007610538455810265,0.0009028474368374106
48,0.007578115713471495,-0.013330181850869647,1.5,11726870.204964709,4759542.578870598,-910096.2485403966,94637.02940626274,12688617.16444225,0.014916838955700762,0.015333674900167217,5.229319363492523,0.14961152417728693,8.572108901878018,7.514383988633581,-4.124934459724616,0.0019827597159108095,0.00045601975288512946,0.002034524540540155
49,0.010501971307835659,0.011172742930606374,1.5,-7743555.2361156745,10613191.421437655,695849.0561352385,101741.04014937898,13156241.323105037,0.015466581624753417,0.015333674900167217,0.8163354850725969,0.1933048694751259,11.07555318025197,10.647490707279564,3.049396643105793,-0.001974980686843689,0.002069357990803258,0.0028605578490054815
50,0.0030245841705732897,0.015032414195302617,1.5,-12055959.790938793,4958292.693490583,-90724.89148420801,99890.85555736249,13036067.809005516,0.015325304688635693,0.015333674900167217,1.3722431957844625,0.1917583393844522,10.986943533166382,10.979615749384358,-0.4012059282432956,-0.0028044240377674274,0.0008593322646884057,0.002933129067181031
51,-0.015266970324619905,0.001428706775791771,1.5,-1699613.9568890876,-12879794.283520063,1697551.8154877843,100902.11739771962,13101888.05304465,0.01540268348946421,0.015333674900167217,3.0482828555414745,0.1353133126368114,7.752881726023522,2.158810668579754,7.446254867712741,-0.00012538203175022425,-0.0005693728693899806,0.000583014681018578
52,0.01533091384465949,0.00029097531105943565,1.5,866566.2794838771,12202779.578378221,844699.098344853,88389.42422414989,12262637.690234825,0.014416054107924516,0.015333674900167217,0.018977367070731447,0.11321099800605647,6.486512380211014,5.141128824507817,3.955203821353031,0.0009852294076916675,0.0013097175008487181,0.0016389133344414176
53,0.01527910315971204,-0.001292514053655002,1.5,2263177.479506703,12658705.413681533,-1558116.412199775,98629.10959265668,12953475.279170558,0.01522820825562607,0.015333674900167217,6.198792649971242,0.15184795823682207,8.70024713464869,5.275401281329455,-6.918413223052688,0.00039742869539738726,0.0013680953376170063,0.0014246523859295151
54,0.004123383538638967,-0.014768862316959262,1.5,11831313.207476135,5686755.036616949,119086.65908988444,101298.21858527196,13127579.239610808,0.015432886252115304,0.015333674900167217,4.984650487480481,0.1760204778561405,10.085230489032815,-10.07168895232954,0.5224515905231629,-0.0025620107767835828,-0.0008598766912482764,0.002702459462139497
55,0.006864897394761547,-0.01371111847018376,1.5,11512741.248054836,6424378.582024976,1088306.9748781621,102865.84860836632,13228766.506421259,0.015551842805364372,0.015333674900167217,5.17658129275177,0.0937282652705535,5.3702340210853245,-2.560470715668795,4.720529965525564,-0.0006876530097909258,-0.0001766485661549213,0.0007099798432343757
56,-0.010885573091513253,-0.010799346480845066,1.5,11600158.650896588,-6480457.629272725,2276487.499180351,106828.90750286002,13481187.156355869,0.015848590523052597,0.015333674900167217,3.9230144980558395,0.3261656547729048,18.68791544060848,-15.881983943889306,9.848896868247492,-0.0032670957143251774,0.0028378920151600727,0.004327533419428583
57,0.006511651484765216,-0.013882362222798145,1.5,11961456.50680096,5113648.317730198,-305406.40943522577,99526.44651018531,13012267.825265514,0.015297325239023735,0.015333674900167217,5.150979113853433,0.04180390033023047,2.3951870561077544,1.981782722540824,-1.345161058901428,0.0005000059726417939,0.00017962089759904036,0.0005312905415417738
58,-0.005553775701427904,0.014292556153545351,1.5,-11675267.999163581,-4736780.373496621,-580876.2638854067,93511.6098526596,12612945.270355431,0.014827878476955356,0.015333674900167217,1.9414177101965264,0.04838700973764375,2.772371441225404,-0.8472766566966553,-2.639728333586462,1.4820866997216665e-05,0.0005670185121214293,0.0005672121747520488
59,-0.011560304357751976,0.010073775315151651,1.5,-9573660.104406426,-8709814.330253717,1009483.1326788237,99065.47635784606,12982098.815575212,0.015261858312000016,0.015333674900167217,2.424799033363838,0.13944600605070492,7.989667616661133,6.62238199963771,4.469770159146669,-0.0013209775647160266,-0.0011810954200334144,0.0017719955185346806
60,0.009820951870373597,0.01177584350710485,1.5,-9674357.199796539,8560786.380698064,-716185.5402213492,98394.37043499347,12938051.33755554,0.015210075747555918,0.015333674900167217,0.8756698261984878,0.06263989644750914,3.5890016955787925,1.6759111093231558,-3.1736816356582893,-0.00024317648341480244,0.000402592468079388,0.00047033551581848753
61,0.008253670219870776,0.012922790482153475,1.5,-9900165.984465985,7527037.122519138,-1768368.0522492898,92753.52586184544,12561715.644448193,0.014767652522502213,0.015333674900167217,1.0024123064875161,0.16302070954816644,9.340398630337978,4.648318364799351,-8.101616070457096,-0.0005951743086602176,0.0012840768452701563,0.0014153041377202727
62,-0.010539487856979802,0.011137359725563031,1.5,-11249114.062984766,-6354174.339473472,-1001187.5324316574,98704.32111171435,12958413.29845446,0.01523401343025334,0.015333674900167217,2.3286203546360396,0.2553911031738622,14.632832337052468,13.931686421212023,-4.475253698429279,-0.0030694701166708686,-0.002087187969207649,0.003711872898678055
63,0.015332825483102644,0.00016139593779355255,1.5,790222.2397135847,13296986.047670776,320404.65991701983,104356.92211177284,13324299.166792443,0.015664151758443993,0.015333674900167217,0.010525781922140076,0.0739004302587733,4.2341827580285925,4.003322486503577,1.3790259959266284,-0.000299216755916527,0.001090387469042013,0.00113069690884209
64,-0.01147311601983544,-0.010172963911241081,1.5,9266243.827899361,-8602236.458250951,-1588006.6633855202,95449.67213723809,12742978.926636491,0.014980747074409866,0.015333674900167217,3.866998801295208,0.15810415347572992,9.05870071764795,-5.536441226209433,-7.169928677514447,-0.0013602586261883542,0.0007205058115572552,0.001539295993175974
65,0.010540637160024804,0.011136272006588305,1.5,-8148196.615556065,9655333.134873848,-980984.086920744,94390.08723786286,12672051.760072002,0.014897364534964076,0.015333674900167217,0.8128691004221623,0.13603879412798284,7.794448753582503,6.399875455320968,-4.449160092489825,-0.0008102490374220332,0.0015571874524221898,0.0017553735399123576
66,0.012202416879924223,-0.009285612970211417,1.5,7254337.705902886,10842218.488722026,-889589.980544015,100497.13050999618,13075568.348716412,0.015371741836348044,0.015333674900167217,5.632703411439507,0.09125698708224121,5.228640210892294,-3.478694610379732,-3.9035064061270375,-0.0005437811511751697,-0.0007573560382845325,0.0009323551410806052
67,0.005118483873350258,-0.014454158874949155,1.5,11112126.930389121,4596850.790413704,3753348.935331391,93283.33144742702,12597540.646362668,0.014809768678835109,0.015333674900167217,5.0527280471523035,0.30682229740129285,17.579622701601846,-2.8825266739625577,17.34168891153827,-0.000285610367600159,-0.0013906543395275344,0.001419680518330607
68,-0.007572493050644333,-0.013333376726919607,1.5,12011792.427138954,-6498378.6973303,-1903211.1871437877,111761.69294442833,13788919.313327577,0.016210362887018406,0.015333674900167217,4.195880346138879,0.13998121876149064,8.02033304613091,-1.1728265665358995,-7.934117469239231,6.705247626128015e-05,0.000787781700576683,0.0007906301552156104
69,0.015327004878453275,-0.0004522249439025426,1.5,418507.2888685168,13050076.603181949,3108206.1695601395,105887.3549694223,13421646.444912959,0.015778593990539137,0.015333674900167217,6.253688755985678,0.23371693505871358,13.390993979597432,0.14409816633396563,13.390218649449825,-1.476865970204827e-05,3.9775543536942374e-05,4.242884835880068e-05
70,-0.013213512092839988,-0.007779761186334033,1.5,6989555.427196451,-11057917.638284523,-20836.66195528684,100591.98683960785,13081737.718339134,0.015378994596197891,0.015333674900167217,3.673716219259897,0.031595273509055534,1.8102758246303767,-1.8079732339533827,-0.09127621020472222,-0.00021373643108104495,0.00043721559909621135,0.0004866628628366061
71,-0.0018365820553359077,0.01522328979879304,1.5,-12714325.073095527,-3586804.097514942,1525089.9160347637,103950.26561194849,13298312.86104694,0.01563360205134545,0.015333674900167217,1.690858992854156,0.19260856045573727,11.03565761220411,-8.835823204640786,6.611653895216381,0.0023800932840551715,0.00027622842182296707,0.0023960689017278568
72,0.013878785590098993,-0.006519271162336986,1.5,4144051.703728716,12707087.93261331,339034.7753094157,105074.7744962278,13370048.348050682,0.01571793485870938,0.015333674900167217,5.844046228297507,0.1264493002129634,7.245011224585506,-7.097041650104797,1.4567729613936942,-0.001059767747131686,-0.0016474911182634555,0.0019589116015322236
73,0.015315394243839332,-0.0007485219434266236,1.5,2040359.2816603163,13410606.534418648,1564625.7401658555,109599.2747201577,13654870.461708492,0.016052773994085136,0.015333674900167217,6.2343503377158935,0.15354622578068453,8.797550697396057,5.827109332023527,6.591031414422039,-0.0004502211403792939,0.001650140607571232,0.001710456985720479
74,0.0018573838300717693,-0.015220765790583797,1.5,13142198.759784354,2234782.4975819485,-677844.9421563616,104729.68771401503,13348075.322636707,0.01569210319579277,0.015333674900167217,4.83381820363194,0.0692005184756456,3.9648976487715695,-2.690924312537522,-2.9119305811486624,-0.0007698441952852389,0.0002293072853762311,0.0008032695165017738
75,-0.006490674985540401,-0.013892182124349589,1.5,12627334.838858766,-4829750.968472135,1612743.348792499,108965.34773741345,13615323.009726517,0.016006281695934904,0.015333674900167217,4.275309330398547,0.1386452616932647,7.943788344510892,-4.092424421557635,6.80851199721538,-0.0008127814484312715,0.000952612843443541,0.001252231972282941
76,0.015302158600078587,-0.0009826129055019665,1.5,3279468.078075838,12229861.990942083,-784812.395235139,94601.38505762185,12686227.401726764,0.014914029531702285,0.015333674900167217,6.219059344206639,0.2071994751406196,11.871655442883322,11.322160514036417,-3.5699977939679215,0.0009246358641447384,0.0028727557723478942,0.0030178928425013424
77,0.015004625483253303,0.0031595569390855567,1.5,-1976520.729211595,12693899.79120453,-2362239.851431716,100292.2312034119,13062231.938602135,0.0153560634468637,0.015333674900167217,0.2075401591272961,0.18935036687269088,10.848976871058944,3.0073198344716396,-10.423834542142608,8.157622964105257e-05,0.0008359434965682696,0.0008399144067684721
78,-0.015078683700563889,-0.002784759200068658,1.5,761667.422948144,-13590928.924434816,237919.8916041594,108949.51906296112,13614334.06990736,0.016005119090441486,0.015333674900167217,3.3242167805931278,0.12783416895260535,7.32435835854659,7.255217294862294,1.0040156217621168,0.0008989201152638255,-0.0018893369378413538,0.0020922837853211197
79,-0.015274223949285595,-0.0013489509594823946,1.5,1174593.8343934703,-13066483.722645788,1920748.7523430493,103337.0793133559,13259032.518234123,0.015587423768852577,0.015333674900167217,3.229679628044738,0.14538330330163293,8.329849690853933,-0.08907498926659414,8.32937341692078,8.683792861528296e-05,3.191086643089601e-05,9.251556216422978e-05
80,0.0020801364006847655,-0.015191926095744553,1.5,13203975.033582183,3088948.0154686286,674941.7035114559,108357.01893579807,13577264.188078102,0.015961539443409223,0.015333674900167217,4.848466600316268,0.10607243002356834,6.077502563047225,-5.365917494303137,2.8535884160434093,-0.0015512553807932915,0.0003307716575607616,0.0015861283510125003
81,0.015267807892043506,0.0014197281837281892,1.5,-2448578.023669486,12574922.211989144,-1251598.5806819117,97393.65156589882,12872090.039412407,0.015132531122404218,0.015333674900167217,0.09272170851047419,0.13918070895441567,7.974467212726683,-5.688068087417679,-5.589097311709061,0.00048462962401576645,-0.0014588395574360062,0.0015372308632127269
82,-0.011345602512737512,0.010314983740509839,1.5,-8840773.027681073,-10133056.077516083,508890.82311206893,106449.57169523729,13457230.884060305,0.015820427339375397,0.015333674900167217,2.4037390062278425,0.043000769714958566,2.4637626204810936,-1.1716651698770553,2.167331765045868,0.0005668985642887526,-7.829913568752588e-05,0.000572280295696141
83,-0.00378152579209224,0.01486006893078761,1.5,-12043794.7214061,-5521675.756060743,-120506.24707807951,103192.7575001696,13249770.42072893,0.01557653517357963,0.015333674900167217,1.8199829160012535,0.18091195769425,10.365491639329825,-10.352240638778559,-0.5239567556947817,0.002709800012075946,0.0007012883523816286,0.0027990751077155715
84,0.007238051062221312,0.013517847564042696,1.5,-12008413.08729298,5472997.353025864,-871268.1657765588,102815.60890743091,13225535.645787397,0.015548044579983385,0.015333674900167217,1.0791971485732925,0.09182293581701419,5.261066684815554,-3.6594736294909507,-3.7798247865657024,0.0008039519746670396,-0.0005993380847334473,0.0010027686260464022
85,-0.012892727679713799,-0.00830055172387714,1.5,7402507.343759042,-9875243.901667584,1813887.3940858897,91466.84922132391,12474283.32892327,0.014664866399057326,0.015333674900167217,3.7136087104246,0.16227309762805942,9.297563622602175,-4.052181975348301,8.368064922967411,-0.0012833126409934198,0.0004018946092571949,0.0013447715833863755
86,0.0007132317938283461,0.015317078257692964,1.5,-12834694.023297492,2612277.2869665385,-986285.2350684718,101411.53847157846,13134919.941156236,0.015441516039061819,0.015333674900167217,1.524265456942094,0.17146398755690664,9.824162825494414,8.821687908589814,-4.323424298547006,-0.0023577820993572014,0.00022851018837337714,0.002368829528319775
87,-0.015150879776528058,0.002360599064053705,1.5,-3954618.155810946,-12307872.506244577,1616823.4242075027,99771.9924566781,13028309.497909037,0.015316183956589437,0.015333674900167217,2.9870292892746484,0.19947930477184342,11.42932226363049,8.910382301618709,7.157827508743116,-0.0006816472602030471,-0.0022884813989326844,0.0023878421431500064
88,-0.010829343397595042,0.01085573155162667,1.5,-10634905.073901495,-7115974.069471997,-353099.50395814894,96319.30472233916,12800897.31807849,0.015048836394665715,0.015333674900167217,2.354977609869439,0.19640800695220387,11.253349860937412,11.140363976526986,-1.5906519302348796,-0.0024637478538412187,-0.0016467471850723538,0.0029634152221467264
89,-0.002552756239986584,-0.01511968986200536,1.5,12808924.495328248,-1711051.3850321805,-933428.8535480889,98673.2014650752,12956370.363411069,0.015231611739616424,0.015333674900167217,4.545129813038767,0.07990590833028194,4.578271305484402,-1.9711365741101188,-4.1322135415328285,-0.0005412306635842086,-6.141665411156169e-05,0.0005447041734795705
90,-0.0038355992331742684,0.014846203705543418,1.5,-12816371.487198165,-4139807.8616552227,549063.9016755691,106803.3093765425,13479571.892215705,0.01584669160572083,0.015333674900167217,1.8236234522625414,0.0721850367243144,4.135897948300068,-3.4131237689091574,2.33585915175981,0.0010311917165051832,-0.00022082424504521643,0.0010545708621940472
91,0.00486319965704467,-0.014542038201013595,1.5,12858842.43416202,4061871.231304776,-195629.4742626796,106913.83952863973,13486545.05562887,0.01585488931192458,0.015333674900167217,5.035120385007695,0.02217200930539018,1.2703625565236454,0.9607139504461532,-0.8311737065351855,8.803162802086678e-05,0.0005749189316084698,0.0005816195882652412
92,-0.012071732060538671,0.009454886091465137,1.5,-6178652.068269757,-11330208.366256228,-372478.0885091955,97979.92779721582,12910774.683570934,0.015178009096835384,0.015333674900167217,2.477164202777108,0.1676597473631188,9.60619591813634,-9.461546740980413,-1.6607628626213289,0.0012481507402130644,0.002191213725025772,0.002521764830240072
93,-0.012710352672177048,0.008577209388425813,1.5,-9018521.616253965,-9777950.796033004,-209710.13335819877,104033.09148287654,13303609.745197564,0.015639829110355732,0.015333674900167217,2.5479661581816884,0.1522031623851396,8.720598833212822,8.673337778624981,-0.9066729221221513,-0.0012153161799477747,-0.0020250361379943963,0.0023617291922288872
94,0.010884131512814687,0.010800799375776425,1.5,-10091379.600952523,8863267.956524685,63166.77899388218,106038.33704346219,13431211.827740878,0.01578983913044245,0.015333674900167217,0.7815553230736441,0.0687054141497096,3.9365302604767676,-3.9272823709167346,0.26967326663190055,0.00046440341989028265,-0.0010627065049189244,0.0011597480985122528
95,-0.014512839648108554,0.004949653653772809,1.5,-2779748.0534037217,-12764288.608767983,-1485051.1277481306,101607.46406637703,13147602.054380555,0.015456425231933933,0.015333674900167217,2.8129101833985026,0.16065866210869292,9.205063281046463,-6.518300766290688,-6.499611152080107,0.0004929592575949101,0.001681759799567408,0.001752519572812108
96,-0.01327553998230485,-0.007673436265601182,1.5,6249739.668864654,-11598182.083193865,1003434.5904994167,102621.14068009306,13213022.157739326,0.015533333624205612,0.015333674900167217,3.665688423518697,0.08165601486277964,4.678545023494795,1.7069455865209917,4.356044111521878,0.0003593748450353377,-0.00032619275219768033,0.0004853369868766137
97,0.014698127779569945,0.0043688242948706916,1.5,-3590612.9350592652,12280019.730967091,1929883.1559668228,98407.69149815464,12938927.113097144,0.015211105316227283,0.015333674900167217,0.2889198138723338,0.1497776679222878,8.581628237259064,0.2533349284150684,8.577888121010151,0.00026163920672585793,0.0001476712558594901,0.00030043614014171996
98,-0.009460449384715281,-0.012067372679388764,1.5,8857376.015143165,-9585924.743249578,1388330.3577902722,101261.2971763438,13125186.636358356,0.015430073488759046,0.015333674900167217,4.047499593409576,0.19165437196797985,10.980986638995638,9.13231160232013,6.097782577620318,0.0018088397571489473,-0.0016545711994739205,0.002451429607631276
99,-0.011990416841080449,-0.009557797336266995,1.5,6971578.042500517,-10655680.769143837,-2344279.638579328,98540.67934866477,12947666.974418007,0.015221379966500742,0.015333674900167217,3.814574838963064,0.2044846512167232,11.716107489922914,5.304482883864471,-10.44651310486981,0.0005364859676909202,-0.0013619549068409186,0.0014638095374048218
100,-0.014416922056672825,0.005222446204207254,1.5,-5644700.729283272,-11163677.014102785,-503891.3831209152,92134.88416822358,12519753.884336604,0.014718321944570019,0.015333674900167217,2.794051786393514,0.1271124469257506,7.283006732426186,6.906207946168704,-2.312245417087341,-0.0012928148340596857,-0.0014135087340349396,0.0019155618330813104
101,-0.009748355443709004,-0.011836010818140003,1.5,9520794.19164346,-8751857.583930653,-466056.0875976624,98432.32439187533,12940546.413727017,0.015213008978888361,0.015333674900167217,4.0234116112299905,0.0652062530665851,3.736043098577308,3.1134984450470826,-2.064980742553434,0.0005403977317407858,-0.0006432896692109714,0.0008401495741736392
102,0.006284516744689217,0.013986652037915971,1.5,-12409376.115416165,4349768.700813904,1723223.1794546207,103384.49048259192,13262073.79901994,0.01559099912266089,0.015333674900167217,1.148505995615428,0.15552714150470615,8.911048807953598,-4.851058465444274,7.474892816794947,0.001170894167564134,-0.0006019089262463678,0.0013165437733439636
103,0.001105292261320274,0.015293786809063464,1.5,-13337821.911821429,250410.86877882318,963538.9332065077,105151.43201055836,13374924.531767318,0.015723667338953428,0.015333674900167217,1.498651085664009,0.08968053523349276,5.138316173353412,-3.0527415686009363,4.133166100301456,0.0008109072582957923,-0.00038626239566818925,0.0008982033287981779
104,-0.0063185019988110675,0.013971332020785944,1.5,-12327401.913999869,-3480250.271699572,1375628.13704618,97557.4317911798,12882908.548708469,0.015145249447720421,0.015333674900167217,1.995517823062031,0.18365564179700422,10.52269315873478,8.536592630196,6.152532615026686,-0.00222709218199055,-0.0005208594221589244,0.002287189131824292
105,-0.007310575954824196,-0.013478763487529723,1.5,12621150.798217067,-3755250.3947965503,-570778.6534248446,102113.97561861237,13180331.606987758,0.015494902353515153,0.015333674900167217,4.215416926434737,0.21218094167382967,12.157072451021925,-11.897258792140425,-2.4999287614317307,-0.0028958738126168707,0.0013587614730473149,0.0031987994434221536
106,-0.014983217503389058,-0.0032595673317411117,1.5,3058830.5548578235,-12586245.603432825,2427359.161986709,102079.26813652428,13178091.487561647,0.015492268851354298,0.015333674900167217,3.3558028504331245,0.18681002603082683,10.703426062295424,-1.3705128805568079,10.615320245534415,-0.0001867273665888021,0.00033641812421985034,0.00038476520598514563
107,0.009234237752934112,-0.012241341391624713,1.5,10669509.606579272,7388144.720030628,-118742.8170620823,99008.06427979,12978336.46911682,0.015257435267669175,0.015333674900167217,5.35866733744977,0.041651556911389324,2.3864584211715627,2.3281369273979995,-0.5243684232164169,0.0005486762341464866,0.00030181870809456446,0.0006262109408761892
108,0.010039604957856003,-0.011589992158505166,1.5,11031145.665348057,7389242.470849178,1590246.0732282088,105108.73118319931,13372208.55193884,0.01572047441153011,0.015333674900167217,5.426230557861932,0.171531325848065,9.82802102537741,7.050197582401152,6.847241146941254,0.0013527529145012339,0.001378310159575416,0.0019312377750241919
109,0.004529600699588721,-0.014649378944047543,1.5,12680803.171179514,3364950.6350581106,-598570.6613278175,101386.74890833673,13133314.459007552,0.015439628621516798,0.015333674900167217,5.012265418124737,0.0609711219954818,3.493387962518369,2.3186628407520256,-2.6129604068152257,0.0005737380498977516,0.00025827381921076677,0.0006291905240785105
110,-0.0031354820478593777,0.015009674822312764,1.5,-12822129.658397263,-2804151.7648895094,179881.07967331767,101280.17100963004,13126409.764292296,0.01543151140765725,0.015333674900167217,1.7767322582162042,0.016601355047785104,0.9511875784362915,-0.5368552926541499,0.7852032884041708,0.0001611010030833169,-6.412247999821631e-05,0.0001733932687147126
111,0.013490214365959987,-0.007289424003614066,1.5,5168007.464069511,10968576.366569094,3757784.512373438,94718.09201304794,12694050.303168407,0.0149232261966705,0.015333674900167217,5.78778186639606,0.30538760729839093,17.497421013796377,-3.0607205137008267,17.227644414459395,0.0005954690116809786,-0.001213873448001332,0.0013520621626371193
112,0.0016863730332991914,-0.015240660482294702,1.5,12408582.306785807,2412410.9495445313,-1782768.9102161436,95794.94496285141,12766005.892251242,0.01500781775778396,0.015333674900167217,4.822590298629391,0.16211250581723655,9.28836238961766,-4.657087119965596,-8.036492732399777,-0.001149676408728933,-0.000653032725852893,0.0013221980130913508
113,0.007571927332880115,0.013333698002039837,1.5,-11385092.48223552,5472975.363692297,-1222989.2097888712,94677.28646696718,12691315.643695045,0.01492001130930853,0.015333674900167217,1.0543301207321456,0.11821308802440958,6.773111027007164,-3.904902766848916,-5.534145585871563,0.0011378540961607536,-5.070700067283038e-05,0.0011389833818221582
114,-0.008134716896646816,-0.012997998574989417,1.5,11334410.770024419,-6841218.145855783,-1990672.456722869,105354.40296639691,13387826.93542111,0.015738835507001274,0.015333674900167217,4.153183113406138,0.15011187669210407,8.600776989245796,-0.9189309290791406,-8.55154551916329,-9.212659543378181e-05,0.00032682460495608856,0.00033956094002538493
115,0.012183390416622168,-0.00931056302809756,1.5,8649791.282371799,9347594.191583939,-1100859.2276850026,96052.04512526716,12783125.495680163,0.015027943699328663,0.015333674900167217,5.630657135187363,0.12755691618061732,7.3084729448533725,5.379117230776494,-4.9476130207623505,0.001194284561190629,0.0008582001938824378,0.0014706539993751579
116,0.01515191381201192,0.002353952798460592,1.5,-3147443.9409480398,12714403.730926976,-402960.0483003766,100940.54322471599,13104382.564430365,0.015405616056830034,0.015333674900167217,0.15412470736643014,0.09372207367862109,5.369879268999131,-5.071725128449984,-1.7644284017991863,0.00020475996427146183,-0.0013462072568673762,0.0013616903544531834
117,0.00580199922153994,-0.014193603875593683,1.5,11910996.763700716,6034878.2189117065,533542.233580525,104967.83738279082,13363243.107008042,0.015709934563375997,0.015333674900167217,5.100437580198775,0.09021590258541298,5.168990463107535,-4.6336962402519735,2.2907032895535333,-0.0012926514675077189,-0.00019094162931678448,0.001306677665782961
118,0.005444791589408187,0.014334428153642127,1.5,-11949847.312181257,4085954.292419731,-183981.0737488817,93771.02767284807,12630428.428983975,0.014848431816875627,0.015333674900167217,1.2077889892412057,0.036569460773439165,2.0952757613872834,-1.921799924794344,-0.8347847419050695,0.0006413113227657094,0.0002860928944975298,0.0007022316975112122
119,0.014795566774978038,-0.004026510865648334,1.5,3379921.28778065,12160254.936202504,73576.77817807019,93637.80735176253,12621453.227236442,0.014837880498530392,0.015333674900167217,6.017477102770601,0.007944144203308249,0.45516593469288047,0.30921479933904117,0.33400933516080056,0.0004998746445604996,-5.304859790366146e-05,0.0005026816229125848
120,0.015166059723696208,0.0022610215393263763,1.5,-198058.15609002498,12495673.10755018,-906948.0784390628,92287.35518918774,12530108.868678307,0.01473049534627425,0.015333674900167217,0.14799428654665434,0.1505990957658549,8.628692585869992,7.558096944613363,-4.162872363798094,0.00047604733127012966,0.0020281828004812034,0.0020833018345350705
121,0.014826171396686608,-0.00391231742833963,1.5,3497838.1577040288,12901090.176690266,231152.08691427254,105056.1046565013,13368860.490403406,0.015716538403839866,0.015333674900167217,6.02518717508024,0.01856702728140613,1.0638123013288299,0.38751789754809135,0.9907201883167862,-0.00034045251706443444,0.00019976884673473996,0.0003947347318152243
122,-0.00936551940639589,-0.012141195665684666,1.5,10490471.352136169,-7706196.678332437,-154425.1817268445,99608.8505219748,13017653.535560198,0.015303656722753342,0.015333674900167217,4.055342229156948,0.026307202922348675,1.5072916982448046,-1.345306363973545,-0.6797639668664316,-0.00030605348336565363,0.00019148564238805586,0.0003610200630450015
123,-0.014195875659251836,-0.005796438579945396,1.5,4676697.205789358,-12092283.975512212,68893.10278471078,98809.59653443891,12965322.007519856,0.015242135363414748,0.015333674900167217,3.529249513814809,0.01936746485083184,1.109673995820633,1.0670873311187261,0.30446839699128747,1.9909270787503777e-05,-0.00029847625991963507,0.00029913952730942076
124,0.002992439800128352,0.015038846032413056,1.5,-13075035.62381906,804193.3568621777,1360319.2836554141,101956.8031882687,13170184.208007248,0.015482972990807631,0.015333674900167217,1.37438107480639,0.16989042501836482,9.734004333236076,-7.706474727650903,5.946518950742244,0.0020470237127729572,-0.000332269528321303,0.00207381511232454
125,-0.009730680434889422,0.011850546156953204,1.5,-9741746.914330924,-8503764.763803791,-3073842.0311076352,103843.88954277104,13291506.796943337,0.01562560078841507,0.015333674900167217,2.258281287782587,0.23528258317186124,13.480699008683414,-1.696871621430595,-13.373476453903134,0.0002664128539126096,0.00039807123513954483,0.00047899532041073664
126,0.012465697475111523,-0.008929052155913098,1.5,8415352.101843443,9369915.59434171,-2903640.1480505005,98189.47545661761,12924573.314135347,0.015194230876346184,0.015333674900167217,5.6616100380676455,0.2515571416765137,14.413162524438743,6.205540696620121,-13.008863079396173,0.0014503504015954717,0.0009641025064006849,0.0017415538838222114
127,-0.012066392630280328,0.009461699363007404,1.5,-7931657.269827745,-10453776.454087393,-411214.467935979,101314.90624838528,13128660.500473123,0.015434157390959137,0.015333674900167217,2.4765996791077183,0.03514083868457508,2.0134217451762075,-0.9120901131542515,-1.7949815457086653,0.00022314986466598352,0.00013718018077590183,0.0002619432459487281
128,-0.014144942974711439,-0.005919643079289461,1.5,6208067.112560625,-11686787.743771354,1155065.752897499,103721.11434220626,13283647.162415065,0.01561636093973893,0.015333674900167217,3.537943950261091,0.12654222684847663,7.250335528604763,-5.254824614342189,4.995416253912377,-0.00040586263017826883,0.001378609846471317,0.0014371115417262817
129,0.01526139726397332,-0.0014870573274779232,1.5,906055.2992271989,12636779.6265949,-392571.0525332361,94438.49392756665,12675300.689438049,0.014901184002089903,0.015333674900167217,6.186052803547025,0.040154536633006103,2.3006854773747047,-1.4637329950311864,-1.775004052124926,0.00040549892882306947,-0.0004218915329415186,0.0005851682209795754
130,0.013382969202693764,0.0074844987316298175,1.5,-7698922.523330913,10633787.941881375,-302152.6872619534,101362.17963156891,13131723.049911363,0.015437757748363892,0.015333674900167217,0.5099213561010416,0.11897109495410048,6.816541624920122,-6.687226365244411,-1.3214549800309856,0.0008818037752561358,-0.0015664156370986141,0.0017975638642905099
131,-0.007977520266758223,-0.013095066106647952,1.5,11532876.727450386,-6731713.29285232,-1143539.1815037755,105587.75013356945,13402644.93774888,0.01575625566804041,0.015333674900167217,4.165231888057701,0.08746741295004175,5.0115136069653134,-1.0751591360945554,-4.894823946259037,-6.36647390788933e-05,0.00046307522662701085,0.0004674311334492398
132,-0.008855125438843293,-0.01251832015113723,1.5,9939537.730263092,-8138883.57643502,-377248.2937015942,97092.37291083613,12852165.282052208,0.01510910741965382,0.015333674900167217,4.096731614663873,0.07632722629651618,4.37322792873033,4.036233608069049,-1.6834312512606173,0.0007130106326823284,-0.0008333207776879091,0.001096725891389656
133,0.0014435449129489137,-0.015265574474231797,1.5,12965463.295263574,2176481.762297106,608430.5239154994,101813.81808220617,13160945.977583487,0.015472112453864878,0.015333674900167217,4.806670733839069,0.08558100216406342,4.903430230500799,-4.12436882948338,2.6520199440756493,-0.0011151443056987217,-2.327301182516138e-05,0.0011153871326188493
134,0.014482234231910899,-0.005038499538164734,1.5,4995417.326570741,12617336.385255072,-634478.0618947687,108481.53421584296,13585062.905128945,0.015970707677015836,0.015333674900167217,5.948374512797867,0.06292804785593761,3.605511555142494,2.4144479866000936,-2.6777144161147586,-0.000350806474540789,0.0008341526832129648,0.0009049176103331872
135,-0.0059092533395413765,0.014149286586720097,1.5,-12913277.79838357,-4754736.779829273,-1296748.9552129684,112295.14112901395,13821787.988409212,0.01624900356208377,0.015333674900167217,1.9664132165258288,0.10322714548921838,5.914479767715127,2.4459809173651275,-5.3850021610578045,-0.0003195470774423146,-0.0010316651917380223,0.0010800200935842698
136,-0.008097922333844052,0.013020953875160137,1.5,-11205725.516961344,-7299375.546946207,-278677.0187437598,105173.8992812654,13376353.337797664,0.015725347054652734,0.015333674900167217,2.1271739063282893,0.02956614957444099,1.6940155870679838,-1.201837686088246,-1.1938488118381392,0.0004832814411508332,-0.00015258590084638035,0.0005067972064819691
137,-0.0032689815951510116,-0.014981166352276516,1.5,10822184.687725514,-6303572.588825851,-2377941.40278424,95523.6191622566,12747914.108312493,0.014986548913122786,0.015333674900167217,4.497550420005136,0.3629907259178257,20.79783659748144,17.696635236771648,-10.926074703762117,0.0041415483258388595,-0.0022585202164910577,0.004717344179043699
138,-0.015083604168234324,-0.002757983183422663,1.5,1737411.6065702434,-13404236.573001724,456697.9377873398,107509.77438854551,13524079.643436784,0.015899015270990337,0.015333674900167217,3.3224413178212915,0.061956796697789376,3.549862962933407,2.97542371926054,1.9360735384969554,0.0006745226388305565,-0.0007154683215509624,0.0009832983827088746
139,-0.014321383186223037,0.005479011733641954,1.5,-4335196.134909815,-12167883.373061111,-869363.7771930548,98520.1206729374,12946316.259293584,0.015219792055089679,0.015333674900167217,2.7761969608392283,0.07106727970293096,4.071855188453683,-1.3235736537279135,-3.850734664826248,-1.6723004943149794e-05,0.00038252078055008715,0.0003828861533758782
140,0.012307622829352527,-0.009145709717371232,1.5,7184897.432136055,11069012.935055563,335666.7673719146,102429.81995584955,13200699.627120549,0.01551884715949596,0.015333674900167217,5.644119283067804,0.06823301254871383,3.909463642504487,-3.6273970423534987,1.4580454962687357,-0.000705196551273048,-0.000699087321926568,0.0009929880460538593
141,0.015333646204315415,-2.966521366184408e-05,1.5,2080993.9764770127,12593036.898628222,930502.8734864957,96271.09169502507,12797693.145950647,0.015045069544504033,0.015333674900167217,6.281250661221561,0.17731356239225232,10.159318775505655,9.256026277756346,4.187807962147467,0.0005291721670303787,0.002416767806784276,0.002474023001968354
142,-0.013979335590961593,0.006300774744370141,1.5,-5387071.50829224,-12146500.157838643,718711.5634770157,104085.12364225595,13306936.230075793,0.01564373975235667,0.015333674900167217,2.718139624488469,0.05436955122317173,3.1151458191080827,-0.34406085044837753,3.0960871443638838,0.00030018631293984854,-3.230923874738504e-05,0.0003019200380644786
143,-0.013708246214147256,0.006870631097383672,1.5,-6908368.795619292,-10772288.459898653,374208.14236707194,96345.64872374339,12802647.765730565,0.015050894234806052,0.015333674900167217,2.6769821183641924,0.10958691760727385,6.2788678687446815,6.050480954625031,1.6780530178972777,-0.0010442584794581773,-0.001250902040177201,0.0016294881668916126
144,0.005745402657964682,0.014216607691072806,1.5,-11494310.992014859,4492440.205275178,2915262.956835083,94518.8553814218,12680692.500278577,0.014907522657669578,0.015333674900167217,1.186731962619042,0.23225138065203346,13.307023897447863,-0.645864795777463,13.291340928319604,0.00046405432884983125,0.0007038045421913358,0.0008430226887417818
145,-0.012787533965873316,-0.008461711470834634,1.5,5536733.157415982,-11766880.94589956,-1307361.0591592963,100411.0798587487,13069969.173276952,0.01536515940130152,0.015333674900167217,3.7261597999386815,0.17585955976650705,10.076010561649511,8.26673557549822,-5.760822142998739,0.0010457045821984472,-0.0019526840662322494,0.0022150560118760296
146,0.012035830670691016,0.009500545563833245,1.5,-8380205.540874747,10013474.3731794,2019477.4743164903,102616.34928894049,13212713.695486637,0.015532970993535332,0.015333674900167217,0.6682164254230407,0.15607035353959878,8.942172564933658,-1.6268511339700502,8.792940666748104,0.00026391079353239866,-0.00035129052270334825,0.00043937903714684885
147,0.006305560856078734,-0.01397717740583934,1.5,11188962.345795074,5358425.760476119,264420.42513208726,90507.42300918639,12408687.407110436,0.01458775131321686,0.015333674900167217,5.136184406383824,0.031231344345407617,1.7894242195116252,-1.3080050431941432,1.2211313788259952,6.1530412466016815e-06,-0.0008233445467831432,0.0008233675380011784
148,0.0008763274206738243,-0.015308613137570409,1.5,13223434.738658829,1331170.4022303491,254393.85922634695,103862.58419512582,13292703.154849855,0.015627007236256756,0.015333674900167217,4.769570652072201,0.04719970210260802,2.7043437247541973,-2.4718877333371325,1.0969257109735464,-0.0006886070599968569,0.000236961599333025,0.0007282379299624402
149,0.015256261273822139,0.0015388560325426909,1.5,-78009.04875390201,12219123.121269204,-4265827.242172723,98463.24043437655,12942578.465069706,0.015215397874560424,0.015333674900167217,0.10052717136289126,0.34833838912902204,19.95831953947872,5.189387116546775,-19.271864990045888,0.0008913632382319576,0.0014471479762376825,0.0016996369281703024
150,0.006041785613067198,-0.014093204481229681,1.5,11542092.402360158,5364668.136676047,-1736140.7848915423,96995.7341941511,12845767.63242474,0.0151015862920202,0.015333674900167217,5.117391111692802,0.13884555679040342,7.955264408234104,-1.7131246998644343,-7.768618639605803,-0.0002649607887258666,-0.0005242291274530683,0.0005873843695847197
151,-0.015281246854266134,-0.0012669177254263665,1.5,1195069.670506089,-13127764.259865317,-974649.4366716729,102698.95003285198,13218030.394289654,0.015539221346808093,0.015333674900167217,3.22431017800473,0.07424200574226894,4.253753591618033,-0.46130853731686977,-4.2286657531190475,0.00015185690912753076,0.00013801565578856756,0.0002052043910166532
152,0.0009539690629769501,-0.015303971019670057,1.5,12898929.572636912,-948095.7691569694,-971119.8177760446,98882.93604109315,12970132.744417762,0.015247790903859724,0.015333674900167217,4.7746431722766145,0.1548417674937889,8.871779769740085,7.756101986373363,-4.307128772134011,0.002068557967331952,-0.00013988712917712386,0.0020732825357683195
153,-0.013818610175905065,0.00664587080452149,1.5,-7958276.051462564,-10284482.191406941,-983984.30110348,99969.55829986147,13041202.274386637,0.01533134080685261,0.015333674900167217,2.693312010525229,0.22324992888802073,12.791278701879344,12.025563983697273,-4.359199663144037,-0.0017280913586220099,-0.0027099416284793914,0.0032140447062089226
154,0.010283590017125156,-0.01137406533758717,1.5,9910651.248475248,8587843.323686015,-269687.72868966224,101128.61121915365,13116584.639001431,0.015419960912454815,0.015333674900167217,5.447479057116016,0.029446276160379675,1.6871473463664461,1.207587461125042,-1.178218439884946,0.00018765330660613748,0.0002769748588106486,0.0003345576719990079
155,0.0013772069593781882,0.015271702162334701,1.5,-13034237.104859332,1334153.930463332,1497897.7758329338,102227.92734963985,13187683.699676294,0.015503545531979834,0.015333674900167217,1.4808592861980305,0.11446364182945748,6.5582835845250225,0.6883066512253624,6.522063901015484,-0.0001912349807417313,-5.145033598976702e-05,0.00019803523659376948
156,0.011958130833257056,-0.009598160913358609,1.5,9027936.09732253,9626423.253818577,-627495.6851390251,102610.23758250085,13212320.22295351,0.01553250842410526,0.015333674900167217,5.6068322669703,0.09043069747834674,5.181297303933604,4.406915627402614,-2.7248736493100494,0.0006412313212260604,0.001015152351660005,0.0012007130816319765
157,0.010468859959571787,0.011203774234198613,1.5,-11068771.277299054,6913278.314052216,3610620.5022073216,107772.50209696795,13540594.338789748,0.015918430077804194,0.015333674900167217,0.8192949558296361,0.3305620287347292,18.939809113782225,-10.798509376084985,15.559838190711138,0.002341555153210063,-0.0018087610516521312,0.0029587999387417742
158,-0.014924231044346033,0.003519788868525523,1.5,-3287108.2985932846,-12593184.132908622,185456.34710897153,99590.31004271563,13016441.9727015,0.0153022323998493,0.015333674900167217,2.9099811080537608,0.027664886241875547,1.585081222369006,1.3586384620478578,0.8164459632768443,-0.00011958391727343379,-0.00034456171314945806,0.0003647233025718934
159,-0.0056861604172582444,-0.014240406091584034,1.5,12070687.402603634,-4578443.617653637,-1256215.008202675,98893.14800076972,12970802.460844165,0.015248578227801264,0.015333674900167217,4.332488240373672,0.09853844537086572,5.645837039531029,-0.9917178731236648,-5.558054654019477,-0.00030370579456828924,-5.001026391079737e-05,0.0003077957701963812
160,-0.010213720185642046,-0.011436848600616618,1.5,9744373.436190547,-8340141.929377502,-1124608.2553312462,97443.51075070078,12875384.452281643,0.015136404060297063,0.015333674900167217,3.9834248846787688,0.0899504000344107,5.153778287485148,-1.2034977851575053,-5.011289626201456,-0.0004089831984748389,1.8714081122797252e-05,0.0004094111301210314
161,0.004719819989925888,-0.014589204406228398,1.5,11735568.427909026,4747090.389716837,1603658.4813612895,95712.21013121004,12760491.919166716,0.015001335487301528,0.015333674900167217,5.02527676032641,0.14478360319426328,8.29548940572811,-4.074686800235363,7.225792133775716,-0.0008608971153232607,-0.000792777102605809,0.0011703159306734113
162,-0.015115665075433792,0.0025764811800844285,1.5,-3291644.2432415406,-12440406.718871878,-1604654.324395835,98853.08338690648,12968174.761924673,0.015245489084114595,0.015333674900167217,2.9727641357085344,0.1530328138494545,8.768134360584916,5.12081209470856,-7.117405682968786,-0.000490624287784916,-0.0012932018940878137,0.0013831425561513047
163,0.013174808716509437,0.007845125953571752,1.5,-5964726.046573896,11674857.205504224,-1074169.4067279347,101710.12268487863,13154242.186228031,0.015464231423588213,0.015333674900167217,0.5370776234916922,0.10423895802592248,5.9724523557266975,3.701358281011149,-4.687230954093852,-0.0005502459926310672,0.0008329467146115134,0.000998283968512298
164,0.015091931251299895,0.0027120466533700474,1.5,-2767338.081219323,12497645.454637012,-493012.93959367933,96454.14200033122,12809854.164828833,0.015059366134730705,0.015333674900167217,0.17780404587234575,0.055586781214822086,3.1848879603263924,-2.296920560933946,-2.206279052293906,0.0003996001519983774,-0.0005412579391277689,0.0006727855811073584
165,-0.01442017611553485,0.005213454396173073,1.5,-3079327.57402715,-12706618.74122403,1432753.9322747465,101686.09001382173,13152688.013232825,0.015462404325490894,0.015333674900167217,2.7946754141724997,0.15421451154133906,8.835840650990251,-6.229537306402944,6.266174667037761,0.0005178256365780363,0.0015933724819410257,0.0016754042067824567
166,-0.004735168445885025,0.01458423003566225,1.5,-13245340.203231053,-2015808.8437570657,233229.85102109105,105544.26864603633,13399885.02030168,0.015753011087204113,0.015333674900167217,1.8847363280356615,0.1638279614565739,9.386650757693609,9.333046228185033,1.0017287803947172,-0.002365367584364331,-0.0009870969390964948,0.0025630692882431445
167,-0.01011248993912419,-0.011526453625253959,1.5,8799837.634632673,-9053168.972206006,-1004059.8669643922,94286.78142092418,12665115.358797949,0.014889210046622579,0.015333674900167217,3.9922415252277452,0.11222984463770823,6.430296433149615,4.541986167680715,-4.55182094010449,0.0005304872936970732,-0.0011812947217305029,0.0012949416930357872
168,-0.012714190970487316,-0.008571518763322924,1.5,5535270.450144172,-11934531.109324105,1210793.4693476113,102594.28864298154,13211293.37275798,0.015531301250872763,0.015333674900167217,3.7347715008443783,0.18331139586479006,10.502969319704363,9.078972646446294,5.2805890027279245,0.0013161384391252133,-0.0020642109289881402,0.002448098680669763
169,-0.00567068584651988,-0.01424657530686225,1.5,12874591.24213886,-3812894.154546287,2082786.1788431746,108526.98651974906,13587908.58641285,0.015974053082498656,0.015333674900167217,4.333574671329611,0.17854128190420365,10.229661921966327,-5.166244640080544,8.829263806035408,-0.001188217243251884,0.0008888962493010261,0.0014839126521404616
170,-0.006144514525145331,-0.014048719770651565,1.5,10974397.685616853,-7099816.305982709,-1165001.0040886758,101221.03215864187,13122576.861283692,0.015427005416486487,0.015333674900167217,4.300086107672854,0.18453047714427395,10.572817531902198,9.252838237207646,-5.11560896853606,0.0022020858237239435,-0.0011471308275385825,0.002482960150815013
171,0.005661949291440898,-0.01425004968991933,1.5,11597435.507470487,5122409.015693357,1829565.9770354703,96450.9281316827,12809640.74977591,0.01505911524230217,0.015333674900167217,5.090590125262871,0.14816421069129207,8.489183947498145,-2.1461627854721503,8.213417643874845,-0.00035999536667789735,-0.0006160125429196823,0.0007134900959816662
172,-0.003428219574195218,0.014945530987392949,1.5,-12940818.601035805,-3463999.089659862,-8692.454470740395,105489.73969428366,13396423.079197051,0.015748941201789286,0.015333674900167217,1.7962766545878457,0.0360737719663893,2.0668748847914515,-2.0665403573407013,-0.037185223729887244,0.0006440852241520918,-0.0002677979770539952,0.0006975396278959802
173,-0.01359458079234687,0.007092880869179438,1.5,-5691514.6744358735,-12002351.107505752,389668.85615966865,103807.12844823625,13289153.969106693,0.015622834785353043,0.015333674900167217,2.660702129262639,0.048071490551205825,2.7542935234871093,-2.1820644733554277,1.6806925500052459,0.0005154783449216032,0.0004018910857943644,0.0006536316768058969
174,-0.01106240854958474,0.01061813086310828,1.5,-7729201.849784579,-11240506.63787079,-278341.75308532524,109429.71532846797,13644303.750732072,0.016040351684870197,0.015333674900167217,2.376683625925068,0.16380404377944904,9.385280375738596,-9.311554676165413,-1.174068670907305,0.0021520201879674777,0.0015316198780943348,0.0026414106724235976
175,0.014620852069673904,0.004620851728927301,1.5,-445908.3595486413,13173611.729051637,-286596.1121944128,102175.03452800516,13184271.598554362,0.015499534238843883,0.015333674900167217,0.3061114916194289,0.2731208173021526,15.648670128576974,15.597772364775919,-1.2611003329037551,-0.0008661503420527954,0.0040966383255134405,0.004187202166734219
176,0.013384753754561838,-0.007481306896108521,1.5,5329423.236023857,12501717.16604835,-971073.8007345072,109119.14534919543,13624928.199994741,0.0160175736337807,0.015333674900167217,5.773502434980315,0.12828555973172492,7.350221145101264,-6.103964116205266,-4.094798279521493,-0.0013123640809623825,-0.0012159946790043681,0.0017891178106450047
177,-0.009097563442610212,0.012343254244797047,1.5,-9729535.313578693,-8861218.663957585,3554169.280462973,109224.07097136909,13631477.282482328,0.016025272787085498,0.015333674900167217,2.205956103401156,0.28294175809811345,16.211368587033384,-5.79539638782377,15.140074378042268,0.0013197554857219927,0.0009051353776622865,0.0016003201535908817
178,0.01156967743880919,-0.010063008988663765,1.5,7632302.017037864,10938616.880759278,222141.8952578353,104602.49019607287,13339967.030129453,0.015682571022824752,0.015333674900167217,5.567322628084932,0.10794302809669405,6.184679937802633,-6.110351592819091,0.9559651380628781,-0.0012898473063814603,-0.0010904142154154108,0.001688996517154347
179,-0.01420152855505038,0.005782574914699056,1.5,-4214338.9713476,-11634298.71695095,-344915.0569700645,90073.03754252788,12378874.18132967,0.014552702648578454,0.015333674900167217,2.7549121969853543,0.04804968447312046,2.753044127245085,-2.2424666819315844,-1.5970582791449421,-0.0005241547266705681,0.0008281646014544064,0.000980099374856057
180,-0.006683341064523291,-0.013800526734848738,1.5,10888385.542102154,-7444547.099747732,1426482.4969213642,103461.18249862583,13266991.880145425,0.015596780857831016,0.015333674900167217,4.261394984101741,0.18340393457129567,10.508271397028732,8.487843422677617,6.195182143062505,0.002068527539114846,-0.0010000543497038564,0.002297588928080505
181,-0.014305139244494322,-0.005521284011862327,1.5,5833858.84492487,-11151620.116617968,-882752.7250239342,93561.81079674208,12616330.39442943,0.014831858055659838,0.015333674900167217,3.5099417087403175,0.13340280841493785,7.643417897368242,-6.5003558641195385,-4.020847024398702,-0.0011952062061721565,0.0013370467070990396,0.0017933799854567421
182,0.005018959261760015,0.014489017698685148,1.5,-12349348.44475703,5135595.9187313225,364349.57271492365,105224.84686312388,13379592.783849971,0.015729155373119728,0.015333674900167217,1.2373344747017945,0.06646974323304822,3.8084357525719263,3.4736395404573046,1.5614132138673804,-0.001018488024138662,-2.8974259847684355e-05,0.001018900075104324
183,0.004472718977998794,0.014666845976141821,1.5,-11930463.041711561,2856339.1829122715,3456162.8255978646,95482.68994991525,12745182.752496336,0.014983337909566423,0.015333674900167217,1.2748004466890086,0.28113956284414754,16.10811040512263,-3.4068955517711266,15.743706155887882,0.001114783984596923,0.0006412990190732375,0.0012860823318038737
184,0.009997983269818303,-0.011625915726533176,1.5,9169614.525416005,9407768.459491586,-188502.2729015069,101468.76070463558,13138625.157869978,0.015445871921211822,0.015333674900167217,5.422644943751908,0.08912055244763648,5.106231523123869,-5.039451369576154,-0.8231222639565287,-0.0010618639321305669,-0.0008460441779775934,0.0013576987005405768
185,-0.013541690252847427,-0.007193344913178784,1.5,5717772.174333134,-11879491.27538841,-696174.3036375787,102454.1665698826,13202268.375572924,0.015520691392616309,0.015333674900167217,3.629887554504891,0.06601796360295163,3.7825506864974106,2.272936027864134,-3.0234833403144865,0.00042393389153982074,-0.00047148660469986756,0.0006340501264154954
186,-0.011741147738412002,-0.009862405169572017,1.5,10230455.449558627,-8604438.217582505,791920.3900391487,105408.36548468485,13391255.118537543,0.015742865706257488,0.015333674900167217,3.840244541922465,0.18261402398796944,10.463012854411424,-9.892701014546402,3.407213616486539,-0.0016257019390354052,0.002164599381577219,0.002707101268388007
187,-0.010924474694606386,-0.010759992499575583,1.5,10467946.511249969,-6955299.504952994,-3172661.759506988,98762.7504673618,12962248.184872396,0.01523852175313584,0.015333674900167217,3.919405708295698,0.32081418625281044,18.381298880209954,-11.589501775580823,-14.267291162565394,-0.0027477694430054246,0.0015462084269356382,0.0031529347299684343
188,0.0003851039545922456,-0.015328838210646479,1.5,13288428.891520701,12312.946436573151,581207.6640948977,103994.45166606511,13301138.912230587,0.015636924379526736,0.015333674900167217,4.737506537214743,0.04995392010773746,2.862148792307055,1.3851573383497475,2.5046426606046173,0.00037062875712319147,0.00029314416774681336,0.00047254542500235205
189,-0.013966189504381419,0.006329860715033498,1.5,-4505805.703608663,-11903719.87828574,853040.4727157699,95652.46338990776,12756508.53593798,0.014996652590390713,0.015333674900167217,2.716058006049643,0.09234501237697643,5.2909794682841,-3.6431907932990506,3.8368769301900896,2.7917977697970026e-05,0.001032799800093142,0.0010331770615684315
190,-0.015230424582399446,-0.001776443915202724,1.5,810751.1487875276,-13257300.631295497,1589680.1391984273,105181.88858412046,13376861.38071148,0.015725944313930856,0.015333674900167217,3.257705846608808,0.1311635982523444,7.515120605608834,3.1382925407636475,6.82848135718578,0.00035496316643470437,-0.0008233184356584336,0.0008965779921570694
191,0.014650695016561006,0.004525342139079937,1.5,-2711753.7812904157,12990976.06088169,2161490.249623338,106269.72990807155,13445858.384051232,0.01580705773818399,0.015333674900167217,0.29958575175170965,0.1865197509771627,10.686794526822535,5.3274723538645885,9.264211546447576,-0.000621599455415376,0.0013373828903464834,0.001474780959452693
192,0.013999895803616299,-0.0062549583077671144,1.5,5670486.44127204,11538103.285389328,-451944.12761711277,97273.61930219809,12864155.52609069,0.015123203245624741,0.015333674900167217,5.863007306974184,0.05074122193944076,2.907257864466573,2.096861932877502,-2.013782094704381,0.0004356100873831731,0.00041131051796255286,0.000599109748223645
193,-0.00758995432238468,-0.013323444724549736,1.5,10655809.61152272,-6278187.775038389,338380.06481687585,89978.92735727888,12372405.638513753,0.01454509817835033,0.015333674900167217,4.194570267270344,0.031007908307076528,1.7766222775241305,0.8366973516578158,1.5672664925671784,-0.00020926698977781748,-0.0007963904476560695,0.0008234260246849767
194,0.003999676830027582,0.014802843348470544,1.5,-13131106.427776953,2229418.3555818526,1688578.1846191348,105950.22954698223,13425630.655853085,0.01578327786051403,0.015333674900167217,1.3069013297951562,0.15816461784296867,9.06216507070166,-5.455056822424955,7.236379677211538,0.0013787549325420313,-0.0006341894940224951,0.0015176170394198562
195,-0.015302290216647963,-0.0009805610993192377,1.5,479727.65617445804,-13222231.149138844,-685141.3002838382,103175.43937563451,13248658.565557146,0.015575228067822983,0.015333674900167217,3.2055845310778532,0.05869212281170434,3.362810927774161,1.5871584612112726,-2.964696503010516,0.00024186957087164902,-0.00041658946261451167,0.0004817132649980518
196,0.00876686751787401,-0.012580286954917351,1.5,9903762.194386411,8198300.90222614,-3701985.377341361,105217.69679147692,13379138.201709732,0.015728620962750954,0.015333674900167217,5.321013481148693,0.2920291536969322,16.732038001611457,-4.621108068767287,-16.081245471173677,-0.0008711200330144137,-0.0009373455851346395,0.0012796354394476706
197,0.010404758444250624,0.01126332933287549,1.5,-9923476.992210945,8958303.166388944,-706298.1451187187,105349.42911789328,13387510.907770433,0.01573846398238913,0.015333674900167217,0.8250011957278632,0.05401307063562706,3.0947209859634293,-0.6565258840080084,-3.0242803680528634,-0.00012669379499281527,-0.00040278890956257224,0.00042224426977318177
198,0.015123144951799209,0.0025322070829393445,1.5,-1084286.9411248143,12584914.618250031,589599.8540744667,93991.8419971793,12645290.90639127,0.01486590426317093,0.015333674900167217,0.16590022371439062,0.09254023723402828,5.302165028649216,4.577746823190029,2.6752921361608952,0.00032821953173418385,0.0012575107568610717,0.0012996389362561866
199,0.005966700234249119,-0.014125157495002653,1.5,12695990.39724764,1671734.2083865872,-1097419.36212434,97097.68915665224,12852517.134276057,0.015109521059918267,0.015333674900167217,5.1120693852456816,0.28171472438849865,16.141064734152174,15.360882117692855,-4.957546905318688,0.004001396242485509,0.0008003494916517979,0.00408065328080743
200,-0.004740049243633241,-0.014582644448519961,1.5,12731054.242634052,-3629296.0818690825,691787.4383435672,103294.85072355572,13256323.096492887,0.015584238551168623,0.015333674900167217,4.3981142982575445,0.06373159893148983,3.6515516403948345,-2.093220679871143,2.9920321802798164,-0.0004734199904858922,0.00038408387281723376,0.0006096285006050384
201,-0.014192694145440417,0.005804224223615025,1.5,-6535457.713233564,-11329692.18986226,-36177.953386357956,100558.82279377322,13079581.089729182,0.015376459246502572,0.015333674900167217,2.753387287855131,0.13504130257917824,7.737296697736031,7.7356635941430065,-0.15896209311466494,-0.0008734181657505651,-0.0018789116884126832,0.0020719962415788502
202,0.008056703378019366,-0.013046498251355782,1.5,9977952.50431229,9391378.059771843,-28244.487705233594,110365.08245737167,13702493.050206652,0.01610875948675737,0.015333674900167217,5.265604078117325,0.20191902478683837,11.569107923683296,-11.568496833395947,-0.11890822317896423,-0.0029838751400476926,-0.0013163381649158173,0.0032613274928790237
203,-0.011279936703340546,-0.01038675184610901,1.5,8949782.02000571,-9862843.925275292,-1638037.0973384073,105838.48538274075,13418548.879525462,0.01577495246810677,0.015333674900167217,3.8857902704117118,0.12259403583722817,7.024120846948738,0.41593678153320196,-7.011795081596984,0.0003149008248047123,0.00013468286587599299,0.00034249380114574163
204,0.01516495952313209,-0.0022683889890808954,1.5,2018634.1142576633,12876776.911753563,2020727.1551850217,102260.02391214034,13189753.809606023,0.015505979169628615,0.015333674900167217,6.134705217663393,0.15396889878249725,8.821768076514052,0.3990285986240608,8.812738971130516,2.691847643802002e-05,0.00010473328284390506,0.00010813725033033556
205,-0.009654324045673074,-0.011912833968672477,1.5,12197343.695512641,-4413132.132913894,987843.28907646,99472.1621417899,13008718.722948564,0.015293152886196542,0.015333674900167217,4.031330388544031,0.34212699027624216,19.60243260034203,-19.093692101924166,4.436923006754888,-0.004466210915316963,0.00242646000129354,0.005082789399333188
206,-0.015278610988054313,0.0012983189976751165,1.5,-2110491.1549102487,-13351265.881939318,402902.01179747505,107493.35901897852,13523047.126897907,0.015897801436359667,0.015333674900167217,3.0568200632541074,0.07791681277813022,4.464304525297864,4.124327094516813,1.7087834596664038,0.0004172430545548479,-0.0011827911396414842,0.0012542275098994843
207,0.01165532892002689,0.009963678723744707,1.5,-9950758.93677004,9080676.904263655,2709365.5017151195,110987.35647421778,13741068.294685831,0.016154108850057986,0.015333674900167217,0.7073089971059565,0.23347404771152477,13.377077559706386,-6.998259869501942,11.400463272925307,0.000980013144148452,-0.0017345123890552122,0.0019922246335415477
208,-0.013270703724221474,0.007681797225125928,1.5,-8418838.089964041,-9323634.075840812,-2035910.321781065,95195.97951917212,12726033.08197586,0.014960825405051024,0.015333674900167217,2.6168669671016422,0.26347190810521487,15.095828354687479,11.911919325633388,-9.273090730376158,-0.002309765570854567,-0.0022154555924653414,0.003200509408592807
209,0.014547165004258794,-0.0048478424358560125,1.5,3394910.23566235,11924515.125912623,-4002699.6329889167,99774.48032223292,13028471.930669902,0.015316374913831154,0.015333674900167217,5.961509773331282,0.3153044528903065,18.065614412296053,-2.4558989358614394,-17.89790447260778,0.0005286104641687474,-0.0008567590421234518,0.0010067100273112378
210,-0.012970484516383315,-0.008178515596016114,1.5,5416060.810474729,-11470920.502037678,611436.1700905686,94806.6581748951,12699983.703018028,0.014930201548583915,0.015333674900167217,3.704171737069637,0.13061144193552543,7.483484379023619,6.953407976342618,2.766343428720555,0.0005148205870009418,-0.001811351559375801,0.0018830917950150865
211,0.015241276273083823,-0.0016807984744014518,1.5,2295828.023739127,12815108.290130727,-449301.4448286385,99750.1556671612,13026883.686848834,0.015314507761800778,0.015333674900167217,6.173349750394226,0.07573374125130293,4.33922374043548,3.862152122308873,-1.9780403569452123,0.00017573334698446803,0.0010181951555798703,0.001033249042626549
212,-0.004337587378836633,-0.01470737643752193,1.5,12899285.842377933,-2400423.011130286,127104.83103784428,101202.06844682517,13121347.549463382,0.01542556022776243,0.015333674900167217,4.4255937282307185,0.10326390122461422,5.916585716226208,-5.890402825112367,0.5560045821396062,-0.0015156310522692908,0.0004571262865036684,0.0015830672532825482
213,0.002530738881205778,-0.015123390713036923,1.5,12835718.819867486,1199047.8774118263,-695074.6956011893,97973.12063791498,12910326.187493918,0.015177481841290795,0.015333674900167217,4.878192121791957,0.0904187899754633,5.180615054273844,4.158996338349254,-3.08893538264663,0.0011211286884063917,-3.36178847433026e-05,0.0011216326039048838
214,-0.015081595225047022,0.002768947708400605,1.5,-3291298.269617778,-12722235.649505373,239570.81608202774,101540.38306479846,13143261.330318766,0.015451322242306166,0.015333674900167217,2.960017024198734,0.07385929216854292,4.231825719081163,4.100690146207563,1.0453177705717063,-0.00012523411172087745,-0.0011003286364360677,0.0011074324769031172
215,0.014152093793337267,-0.0059025271882984925,1.5,3313978.762407211,12591235.790275086,51021.41734724113,99647.04224822621,13020148.891200071,0.015306590282631049,0.015333674900167217,5.8880437406326065,0.13783639760962388,7.8974438463185574,-7.894231352424339,0.22523467795931804,-0.0006502628466855363,-0.002006587476288603,0.002109320997330146
216,-0.014993564392561259,-0.0032116370825697703,1.5,3465140.580110074,-12767861.18165274,320366.81036901,102940.9993485969,13233597.89653088,0.015557522625888812,0.015333674900167217,3.3526050282991227,0.05917406924765963,3.3904244245057713,-3.093351267068078,1.3878601214868909,1.643445815502874e-05,0.0008620096610025075,0.0008621663105668808
217,0.012541663921231967,0.008822032193938453,1.5,-7113653.16063732,11087798.884597765,1135549.6163445709,102767.4237998628,13222436.172139877,0.015544400814185401,0.015333674900167217,0.613016244675218,0.09593129418698772,5.496458280142284,2.434014670922501,4.928146325656201,-0.0004932403706427429,0.00045916512901483277,0.0006738832828724855
218,0.011341931733966056,0.010319019841345003,1.5,-6791855.572995505,10975555.582345476,-369418.46017690346,98003.72770605287,12912342.640446952,0.01517985239937229,0.015333674900167217,0.7382094463437789,0.18625485677433257,10.671617206982885,10.543485958277095,-1.6487321371244423,-0.0015610184417228935,0.0023344605722178963,0.002808288578233882
219,-0.005802804884108,0.014193274513690998,1.5,-11560407.00800555,-5776080.985575109,826487.0964991975,98568.37818973431,12949486.579140726,0.015223519108241728,0.015333674900167217,1.9589016896356726,0.09866577555600047,5.65313252174387,-4.306035074587535,3.662781626690313,0.0009876017252395345,0.0006027683642879662,0.0011570163649155941
220,0.00868697735954429,0.012635585079401074,1.5,-10754871.06130608,5915066.087232095,-31699.72647933243,88556.34886012081,12274211.308035275,0.014429660144786275,0.015333674900167217,0.9685083025894221,0.0994862968985197,5.700144931670631,-5.698217584616577,-0.1482180839736106,0.0017331787625758498,-7.926623387480639e-06,0.001733196888527752
221,0.007385112376046182,0.013438069100030243,1.5,-9533557.570143858,8825999.409214132,-2119335.9838424744,101853.83078111331,13163531.840927228,0.015475152415316952,0.015333674900167217,1.0682860112042247,0.29213100551863347,16.737873681130658,13.878027849168864,-9.35717683829796,-0.002990802517130786,0.002230343222126124,0.003730861909124993
222,-0.012921074354162931,-0.008256356549847585,1.5,7901032.624510981,-10305078.67639845,49102.0158885754,99117.4878454331,12985506.30773838,0.015265864186807495,0.015333674900167217,3.710184563079705,0.08560303175392732,4.904692433024405,-4.899893353325809,0.21691700855490728,-0.0008063421457994956,0.0010321600565046645,0.0013097870202197941
223,-0.012858168074531136,-0.00835398705476172,1.5,6848365.3390229875,-10788885.36197022,-2171185.95602272,98759.4150442228,12962029.302007344,0.015238264432704006,0.015333674900167217,3.7177588770593863,0.16862588826179525,9.661551714045478,0.6003657345222726,-9.642880405147968,-0.00017466889015793456,-0.00030299445658607885,0.0003497354170096272
224,-0.0030329748964686336,0.015030723509578946,1.5,-13106112.731306251,101013.83925482533,-277313.10474021256,101018.40073101538,13109435.429471761,0.015411556245040503,0.015333674900167217,1.7699076647203797,0.20788233892326985,11.910780655611521,11.848053150834195,-1.2207916943924144,-0.003151727566908077,-0.00037692654515011914,0.003174186553504238
225,0.014954454209697555,0.0033890832438990322,1.5,-3308752.2709028055,12434639.905132806,-2003648.506594006,99681.39430516446,13022392.963603197,0.01530922843194303,0.015333674900167217,0.22286251325636938,0.15885740687162664,9.101858958136729,-2.114580735991216,-8.852817901933184,0.0003361929340095528,-0.0005007121632536636,0.000603107253569475
226,0.014979903751021007,-0.0032747625187431358,1.5,1213772.5341424663,13089585.453897016,737243.8994475907,101898.18009631781,13166397.36931799,0.01547852115321597,0.015333674900167217,6.067960851136062,0.13488167909352916,7.728150945697172,-7.02629813947743,3.217988734389247,-0.000408316705329077,-0.001847841902728803,0.0018924170336718055
227,-0.007707749139279846,0.013255647443635067,1.5,-11045386.211341659,-6684729.440705077,581008.9152674953,98177.21401890804,12923766.309120031,0.015193282154850855,0.015333674900167217,2.0974787019892833,0.04827489613452008,2.7659478049404127,-1.0052049383570216,2.576825623040361,0.00015087179924638816,0.0002706038267608641,0.0003098204816752214
228,-0.013970058965173619,-0.006321316196298865,1.5,3494602.150584467,-12169535.232583283,-2329165.3384355414,97419.59791416363,12873804.532527477,0.015134546694105746,0.015333674900167217,3.5665155856036086,0.23231720231293085,13.310795200817825,8.23205241059785,-10.459951337711134,0.00033654315525931573,-0.0022130341968548822,0.0022384775298852186
229,0.01014758211592173,-0.01149557145794169,1.5,8991912.661691528,9424634.046188386,-25.555204338306847,99737.53059613206,13026059.27442044,0.015313538576012599,0.015333674900167217,5.4355850074628655,0.08569415065704987,4.909913161607188,-4.909913160317344,-0.00011254354990113851,-0.0009320924034872807,-0.0009246076295066422,0.0013128958516122244
230,0.014752971323289479,0.004179883141693843,1.5,-4839731.696791109,13026762.571879804,-370519.4929069986,113597.13131920554,13901684.455334079,0.01634293048215726,0.015333674900167217,0.2760891510533259,0.0839632140411769,4.81073779891301,-4.561325345847961,-1.5288915132262864,-0.0005613940547933016,-0.0015097438187714543,0.001610741966633973
231,-0.007625163264626347,0.013303325566632239,1.5,-11779984.430562051,-5477523.5739827985,-784644.1633817116,99566.32912353512,13014874.726671426,0.015300389932988524,0.015333674900167217,2.09125966570017,0.1043661303955642,5.979738795777846,4.876671743276995,-3.4605416879521034,-0.0011857431158234372,-0.0005453175419157155,0.001305127563973603
232,-0.014776477506806402,0.004096010062837075,1.5,-4205973.40502833,-12457376.572679002,2319659.457064269,104780.3261646324,13351301.934795909,0.015695896426633257,0.015333674900167217,2.871184126905319,0.1830594580564939,10.488534346589216,3.130685050283046,10.01040278188225,-0.00013148682445568265,-0.0008485656243060408,0.0008586922637122919
233,0.014983177784807225,-0.003259749900356981,1.5,1919482.4637221773,13382214.895511197,215334.9674005034,107459.06300300344,13520889.674365519,0.015895265118054596,0.015333674900167217,6.068962925446207,0.07350199974537815,4.2113543711818195,-4.111125385291632,0.9133201553031384,-0.0007490601635740547,-0.0010031910950465332,0.0012519918138048077
234,0.0005515804672767545,0.015323751007248091,1.5,-13242681.206551611,-739555.252307774,645314.6662563863,103648.63611040819,13279005.178403119,0.015610903786524851,0.015333674900167217,1.5348167266509145,0.10381818971378667,5.948344107288473,-5.253770781876218,2.7893888560430664,0.001421007486355916,-0.0002444500299292017,0.0014418800551404913
235,0.012492213374737366,0.008891917169207715,1.5,-8688267.00362356,9053188.58699404,1975454.7167030692,94841.36353097756,12702307.99719789,0.014932934007252763,0.015333674900167217,0.6185994624007987,0.21352632423546652,12.234157193634216,-8.310113776858472,8.978675361890465,0.00184921308261575,-0.0013220784157775538,0.0022732092649780686
236,0.011218473356278893,-0.01045310678690688,1.5,8380115.173226418,9725425.101316657,-295438.0149539503,96927.40860913202,12841242.437495667,0.015096266436978052,0.015333674900167217,5.5330890736796405,0.04516279517467563,2.587637554522713,-2.226438797509176,-1.3186502168968772,-0.00021481351272778504,-0.0006013769372942516,0.0006385914703156193
237,0.0004475775352448426,-0.01532714129555679,1.5,13187984.031123018,-1438705.2764513677,-2038515.2271406278,105891.90852020397,13421935.032212343,0.01577893325605671,0.015333674900167217,4.741582315915979,0.2051912814590402,11.756594420483983,7.837097560209161,-8.76341338746032,0.002138930866771206,0.00017675730845335795,0.0021462218894881995
238,0.01531565071632818,-0.0007432557295132441,1.5,-395802.4619395946,13804776.735615758,-1157879.8861338233,112899.04089648918,13858903.497022728,0.016292636848325413,0.015333674900167217,6.23469418585221,0.11373422759384759,6.516491227307815,-4.410314971395586,-4.797267948391425,-0.0009133542820771324,-0.0012085642423721658,0.0015148741111159175
239,0.012562032199567197,-0.008793004774310944,1.5,6621229.115992617,10734143.790779708,-763056.0552246111,93839.83022764414,12635061.237327578,0.01485387818310124,0.015333674900167217,5.672481662732716,0.08373150435043818,4.797461811561399,-3.3188261348310455,-3.4642507011116273,-5.711235962910233e-05,-0.0010090353210564767,0.0010106503355572346
240,-0.0022932335383005716,0.015161222440253015,1.5,-13072005.652955234,-590475.324143013,-1013818.0357214086,101251.4783047216,13124550.274537766,0.01542932537675659,0.015333674900167217,1.7209149043800094,0.13029693217678157,7.465464297231918,6.002802851874739,-4.438413578607672,-0.0015990660649340047,-0.0002063310627070103,0.0016123227925763893
241,-0.013804861837092832,0.006674382039020244,1.5,-5319598.133665078,-11541244.252141418,-496784.0572339135,95074.4919531035,12717910.110973503,0.01495127597592777,0.015333674900167217,2.691247735305885,0.04320533169458078,2.475483158562288,-1.0563719327701746,-2.2387709145825814,-0.00023688357543896407,0.0004206202901593835,0.00048273725442160706
242,-0.013926128860741297,0.006417516723628108,1.5,-5536944.786075405,-11909864.060981741,-1512282.4105442616,102742.03024421025,13220802.456899265,0.015542480205593632,0.015333674900167217,2.709772711376278,0.11468648888748414,6.571051780426857,0.19160631108589116,-6.568257647398055,7.520177123715964e-05,-9.175947330444887e-05,0.0001186385575532506
243,0.013537579578848656,0.007201078050567009,1.5,-6504331.423666198,10642242.148763888,377119.10725816427,91524.52423636244,12478215.579275642,0.014669489183753218,0.015333674900167217,0.48886604904620096,0.06693812484850466,3.8352720423391,-3.421458075236351,1.7328982307532932,0.0010264753187604527,-0.0004454655486225397,0.0011189687819747043
244,0.006142625122497115,0.014049545990831356,1.5,-13236940.725231377,2664421.0891021155,674511.7881733795,107433.34544470404,13519271.639246175,0.015893362943137732,0.015333674900167217,1.1586279394396595,0.21920518466562422,12.5595319287261,-12.22447899084497,2.881658493139028,0.0030103105620352282,-0.0015119064909854592,0.0033686541700484506
245,0.00972328396366458,0.011856615659873662,1.5,-8912738.763210135,9083386.138028862,-2200542.6102519715,98038.17966586485,12914612.025659073,0.015182520306623249,0.015333674900167217,0.8839353520137376,0.20216967657234228,11.583469213120088,6.1283558170484635,-9.829548005424723,-0.0009552168089116998,0.0013787292943201936,0.0016772995018910933
246,0.014146387389365418,-0.005916190478172686,1.5,3801687.569336783,12507551.913856115,-157632.1926289219,100465.41467644875,13073504.930232313,0.015369316065215808,0.015333674900167217,5.887078085357736,0.10174382351412163,5.829491678883073,-5.78826981105874,-0.6920302222829716,-0.0005575898219495265,-0.0014468964253420667,0.0015506178366088
247,-0.015286089938977537,0.0012070792523723678,1.5,-594007.2530568673,-13281371.723842315,-2783447.1278645406,108447.04379593683,13582903.128461886,0.01596816862643962,0.015333674900167217,3.062790314656776,0.20914458836769093,11.983102221469581,-1.9263737013142666,-11.82724918199807,0.00032759597713167936,0.0005087596153674661,0.0006051078172207924
248,-0.009958716195123295,-0.011659569361216008,1.5,8848114.622472757,-9004065.983952893,1658331.4956323667,95290.3114525221,12732336.783371704,0.014968236086398565,0.015333674900167217,4.005505679199565,0.15693945020570307,8.991968135890325,4.9705859776002015,7.49324802713424,0.0006265351753346558,-0.0012576556479647477,0.0014050779532784852
249,0.000394091676089879,-0.01532860977697765,1.5,13151508.133575177,-112375.29480008896,-694219.4078915182,101958.55655331518,13170297.452247186,0.015483106121634097,0.015333674900167217,4.738092869204527,0.06287199197874463,3.6022997899624327,1.9604662734242084,-3.0221078351921173,0.0005262009637614965,0.00013240747263159637,0.0005426040850124653
250,0.007902121744338157,-0.01314070233593609,1.5,9498799.59128021,8375879.1732941475,1428028.6812414203,95472.18478848886,12744481.61030396,0.014982513641245206,0.015333674900167217,5.253798323031018,0.21288761539852352,12.197561872939673,-10.340953445142043,6.468786400059634,-0.0019446282301637998,-0.0019738382136051183,0.0027708511773528793
251,-0.011516281028792435,0.010124073153128318,1.5,-6719837.989769811,-11006941.509210551,12689.697743915178,97757.17483780578,12896090.299946127,0.01516074601900301,0.015333674900167217,2.420439830519502,0.17304462362704107,9.914726601259261,-9.914564694964593,0.05666116023939515,0.001423566691400712,0.0022241783259206154,0.0026407406821497264
252,-0.007464652684846099,-0.013394048911312743,1.5,10715921.261710482,-7587295.92661524,-2569236.2721333327,105216.32366190449,13379050.90009215,0.015728518330277046,0.015333674900167217,4.203949943417563,0.22087557084723314,12.655238007089263,6.091504310944675,-11.092728440100707,0.0014550325716157202,-0.0007963269017897817,0.001658691146349063
253,0.01421081363109865,-0.005759718906873745,1.5,5779690.432748739,11781913.221880162,-354964.6329067808,101304.6631883986,13127996.821942657,0.015433377165215936,0.015333674900167217,5.898113729050942,0.0759603535770217,4.35220767028481,4.0665771928895875,-1.5506971140606975,0.0003599030201823488,0.0010349309971930147,0.001095724578937291
254,-0.013236277639188056,0.007740965069185391,1.5,-6649738.518510448,-11206097.12675186,-681234.1536790463,100079.33562163898,13048360.630780276,0.015339756227392736,0.015333674900167217,2.6124026529664475,0.05261820728054411,3.014801202719718,0.364361470683801,-2.992702292344061,-6.230099576504458e-05,-7.652026374061968e-05,9.86750466746791e-05
255,0.015156344923529831,0.002325251492421761,1.5,-2202198.3067083084,12684854.704133885,1792526.1940206622,99320.27570778855,12998783.266264066,0.015281472684532855,0.015333674900167217,0.15223074851450288,0.1397221501063636,8.005489505588,-1.119491502976463,7.926827927919409,0.0002439291460028404,-0.000263670299760683,0.0003591983508391477
256,0.0009545087680677488,0.015303937367739712,1.5,-13012652.880224887,1008045.0511782215,1425446.7737515084,101323.99474076678,13129249.343021426,0.015434849638928279,0.015333674900167217,1.5085068691746568,0.10981307758869165,6.291825881174678,0.85733724904252,6.2331409225545125,-0.0002305569876124631,6.159455052357279e-06,0.00023063924952937967
257,0.0080190662075976,0.013069665760920756,1.5,-10661095.104890486,6917028.083784894,-2606748.6567897764,98927.03397579984,12973024.508843884,0.015251190485049953,0.015333674900167217,1.0204635163957245,0.20385617313835114,11.680098348515703,1.424414938608107,-11.59291764456512,-0.00011264685779648412,0.0005363978161114589,0.0005480984689821381
258,0.013073965068552856,-0.008012054875640695,1.5,7358069.201030952,10925268.609990858,805669.6791182065,102367.10688867906,13196657.917801093,0.015514095693970385,0.015333674900167217,5.733388866945258,0.07464141865178463,4.276638265616322,2.4558326515819915,3.501217051591854,0.00023013265632561113,0.0006381496245204642,0.0006783774633514082
259,-0.006572322319776295,0.013853741922996418,1.5,-11612749.34427984,-5700926.490281771,-416302.5739021333,98474.69126073814,12943331.024651492,0.015216282589572359,0.015333674900167217,2.0137613167990303,0.03484435656416756,1.9964345709757672,-0.7670382309649262,-1.843204640951566,0.00012973206895027997,0.00020170170800925397,0.0002398207429059683
260,-0.015278721854476986,-0.0012970136612794085,1.5,3180924.6755834105,-12913601.48921251,1502552.5166188108,105297.4678195987,13384208.952311097,0.01573458217736755,0.015333674900167217,3.2262798086944895,0.19273666853042465,11.042997664205243,-8.947539364355162,6.472197210759052,-9.738954251358768e-05,0.0024425066111787557,0.002444447436260992
261,-0.015254217235392935,-0.001558987645704487,1.5,2073431.7829955705,-12989678.562107597,499879.8840480531,101855.11094583996,13163614.564552162,0.015475249665866398,0.015333674900167217,3.243439477165556,0.06801921668415527,3.897214041787931,-3.232180591925881,2.1774494043919095,1.655188673582199e-05,0.0008785552001187721,0.0008787111041805783
262,-0.013829134663451025,0.006623942965043964,1.5,-4171955.7437403356,-12398351.037672956,-2485680.02054952,104219.36426287143,13315514.57307051,0.01565382452040512,0.015333674900167217,2.694898240071774,0.22359237875142568,12.81089963374728,-6.913405957400974,-10.785358941366713,0.0007464651318906165,0.0017193587102615464,0.0018744077911918538
263,0.010577176058721117,-0.011101573427529762,1.5,10490223.634620422,8001321.523862363,1460331.0694446214,103570.17976203388,13273978.486684287,0.015604994367879935,0.015333674900167217,5.473602394344482,0.15529812888186406,8.897927351209525,6.254571629642078,6.328779098458011,0.001170759027028484,0.0012308166618671176,0.00169870137296065
264,0.009321536665643289,-0.012174996514787423,1.5,9247884.95256207,8570676.348796537,-3860857.425471452,102210.93268426119,13186587.47483451,0.015502256801363076,0.015333674900167217,5.365818167442832,0.31122825941474325,17.832065729667516,-5.225140042844866,-17.049354231754407,-0.0007542184130663546,-0.00130310963141635,0.0015056361200829322
265,0.007172256831452267,-0.01355287120457154,1.5,10791339.54353566,5941446.68957262,-66904.29248655293,89204.11521233745,12319020.825262979,0.014482338568566093,0.015333674900167217,5.199127253228766,0.017415061454636005,0.9978095213116033,-0.9480432880961795,-0.31118766800095893,0.0001874449891815129,-0.000866486864889035,0.0008865298139343574
266,0.011477640368405498,-0.010167859042963107,1.5,9822916.297169821,7888362.683882242,834132.5178796133,93702.84545267487,12625835.713767802,0.01484303258444855,0.015333674900167217,5.558224013500543,0.18157349356588046,10.403394852770758,9.68213836378109,3.8061556940376877,0.0022040186447254764,0.001380039248966446,0.002600424295184422
267,0.013181353915900775,-0.00783412374728568,1.5,6668010.848518052,10734616.188299159,-561455.843852308,94054.26909618356,12649489.556920655,0.014870840230027398,0.015333674900167217,5.746942570450466,0.04853009061554864,2.7805693716583804,1.1220851699634171,-2.544109058580793,0.0005616540024346306,4.84268169173227e-06,0.0005616748792823189
268,0.010347557405901889,0.011315902159155632,1.5,-10529845.876943605,7435861.842933026,2459224.516869676,101230.11801113878,13123165.80569439,0.015427697784205868,0.015333674900167217,0.8300678797733483,0.22625627548084634,12.963529673401785,-7.126208490448114,10.829139122932801,0.0016058992590467763,-0.001063068152509672,0.0019258832589457006
269,-0.011173209264652503,-0.010501475166485022,1.5,8223332.726797557,-9743174.758217476,153614.10720040384,95562.96598717483,12750539.314033618,0.014989635125785687,0.015333674900167217,3.896009089833533,0.05475114834306303,3.1370097235522016,3.0600436871832106,0.6906248172425041,0.0002809442417565887,-0.000834060004135077,0.0008801055376907869
270,0.005469290214470823,-0.014325098620739468,1.5,12621924.745513558,4097797.0455341283,1021632.5310719934,104128.68350461677,13309720.430435056,0.01564701288037695,0.015333674900167217,5.077105949732958,0.09207896543593089,5.275736101409824,2.9046235612509093,4.404151834251973,0.0006518875133573422,0.0005133361984165086,0.0008297417566182456
271,0.008343673981451381,-0.012864862627920649,1.5,9835398.584698817,8640482.017411362,-1435644.2414453863,101956.98959751517,13170196.247630477,0.015482987144684171,0.015333674900167217,5.287753348670339,0.181662046429347,10.40846855811119,-8.30037347506294,-6.28012881234619,-0.001814145194821263,-0.0013022900597909632,0.0022331775987868563
272,-0.007846009639094948,0.013174282473335968,1.5,-11324971.981105348,-6372022.084728502,205072.09142891018,99279.91942729452,12996142.134640263,0.015278367749252479,0.015333674900167217,2.107941025504971,0.02925862785713259,1.676395890557597,1.4116230346819663,0.9042254087525277,-0.00035500994793657807,-0.00013944439150932394,0.0003814142124480123
273,0.002949134441635225,-0.015047398180056877,1.5,12563128.729157774,1383138.2413345156,-2003832.728404354,96259.14199636037,12796898.861187259,0.015044135777037738,0.015333674900167217,4.905925486307008,0.17804755330558042,10.201373357040307,4.766436507818859,-9.019373669311157,0.0013231061572232677,-0.00027808442396471365,0.0013520136279394188
274,0.004510404666718816,-0.014655300600344546,1.5,12794328.95868342,92214.2234889524,-3408879.3242686433,103056.03371685297,13240989.963497635,0.015566212798431954,0.015333674900167217,5.010955318139155,0.38826600117155236,22.246003195551427,16.31039472940156,-15.127976796240608,0.004401996894352223,0.0003858139789310721,0.004418871924397136
275,-0.015282586269294695,-0.00125065697358762,1.5,4550602.691870362,-12371983.463666195,-2508414.650458746,105843.56971710832,13418871.179913891,0.01577533136699916,0.015333674900167217,3.2232461262387884,0.3283628036886019,18.813802800439667,-15.330787455309926,-10.905325846298375,-0.0007379844030428826,0.004099067635980768,0.004164970163576147
276,-0.01445935550765405,0.005103785286166784,1.5,-6103253.453872765,-11304314.247719426,241261.89520468304,97043.74870781176,12848946.67416283,0.015105323598696407,0.015333674900167217,2.8022703145518335,0.15685608731485987,8.987191794077,8.922032615870163,1.0802547592461504,-0.0011699140379872932,-0.0020712478712975706,0.0023788162183393763
277,-0.005832372596706838,0.014181150018147374,1.5,-11751049.622059945,-5924761.280540473,-1013094.8033182059,102405.04630326403,13199103.171504384,0.015516970353614152,0.015333674900167217,1.96098579899714,0.10858278549182193,6.221335336455743,-4.391903991125439,-4.4063809074306475,0.0011328237463951,0.00036652289991942824,0.0011906421278293396
278,-0.015332153418283985,0.00021600347733509518,1.5,-1092555.72651443,-12526359.435737768,515945.5249600102,93090.25440740689,12584496.752495205,0.01479443417377009,0.015333674900167217,3.127505318144727,0.08363699786274215,4.792046988679812,4.175264720269354,2.3517820599259025,-0.0006060659351065836,-0.0010684136984163634,0.0012283418696195085
279,-0.012988857128191637,0.00814930527391405,1.5,-6763696.450599203,-11230795.248562463,1820562.4366827593,102979.02197107724,13236041.673281394,0.015560395549215183,0.015333674900167217,2.581264036256109,0.13917858508985126,7.974345524250885,-1.0395504031884713,7.9062963199826255,0.00021415482308111133,0.00019785009236999648,0.00029155950901954515
280,0.01532829047966138,-0.00040632119701094,1.5,-1475724.255993254,13465055.326137234,-242008.13117503893,107887.91734877652,13547842.815415978,0.01592695144440438,0.015333674900167217,6.256683586865373,0.1368266171634659,7.839587688518868,-7.772068406113485,-1.0266877892861035,-0.0005013353358652942,-0.0021411943344368904,0.0021991021569749336
281,0.015325073898753873,0.0005135133316194344,1.5,747056.1772926064,12915538.442161903,1641804.3860658377,99964.73305451633,13040887.539776498,0.015330970802349176,0.015333674900167217,0.03349551690757149,0.15563043566395038,8.916967127326645,5.201709237782473,7.242549534203579,0.00014146448954367383,0.0013917584975910004,0.0013989295612784121
282,-0.0061181733452408266,-0.014060211266606303,1.5,10286297.395676432,-7042359.448882006,2891066.526893419,96259.3688410935,12796913.939793492,0.015044153503566795,0.015333674900167217,4.30196032851454,0.295584598030775,16.935749956234353,10.691162231725496,13.134636527708643,0.002160880266804067,-0.0019675584807899715,0.0029224458767942575
283,0.015308823259516923,0.0008726490433684037,1.5,-1427971.0111745556,13083251.29037289,-666354.6653752367,102074.85891395583,13177806.876558257,0.015491934260401826,0.015333674900167217,0.05694139178686822,0.07236938420840575,4.146460281102358,-2.9638565878093166,-2.899773610070061,-7.195070396605503e-05,-0.00080608500077882,0.0008092897702812024
284,-0.011417161709894878,0.010235721979134076,1.5,-7639371.310140162,-9967683.976186803,-2963661.472080363,97868.18876429676,12903410.680297565,0.015169351916192727,0.015333674900167217,2.4107031376713204,0.24397758794824734,13.97888608521643,-4.330534958900389,-13.291189681634942,0.000300926613454211,0.0012548164888571429,0.0012903957716114806
285,0.007716851617232548,0.013250350450521432,1.5,-9746466.008655408,8611725.910433711,-990528.8768913249,100006.9505725522,13043640.989779893,0.015334207780007254,0.015333674900167217,1.043427127612126,0.21032305346047386,12.050623297589537,11.225173685371926,-4.3832633497933235,-0.0024071616516492898,0.001792327723998812,0.0030011440964048527
286,0.010064832044244522,0.011568091539453115,1.5,-10184534.093286308,7925382.641716627,-201438.10163658188,97914.62224404555,12906471.32347666,0.015172950032584114,0.015333674900167217,0.8547760650414565,0.056907690622547025,3.260570494508157,-3.1354076685419,-0.8947282837296544,0.000747689364576495,-0.00040492750111888187,0.000850297399186417
287,0.009655075240057334,-0.011912225151198658,1.5,9812409.34109505,8154377.270128177,2319119.9677432254,98842.50674200042,12967480.987669803,0.015244673477599134,0.015333674900167217,5.393510631408558,0.1802211168300117,10.3259093734938,-0.6945180301024685,10.30252634529365,6.872465936538438e-05,-0.00037667892014782607,0.00038289696745811457
288,0.008676351616242911,-0.012642883712798167,1.5,11687803.801027803,6679772.684457905,-109500.22879666976,106531.30468477856,13462396.187434703,0.01582649971098175,0.015333674900167217,5.313836309470306,0.08263531480699185,4.734654777175552,4.711610706325987,-0.46656233352641197,0.0008235578796665418,0.0010973911167027357,0.0013720476829100828
289,0.006628921137647563,-0.01382674909350956,1.5,12319427.025112161,4863468.501661185,144025.2656284805,103125.70974015702,13245465.313489508,0.015571474055370672,0.015333674900167217,5.159443402108817,0.07188158501916993,4.118511446309242,4.071035190846209,0.6235455141944387,0.0009113890011507855,0.0006560670068202837,0.0011229665306039859
290,0.012390515164806049,-0.009033090273806048,1.5,7830889.984291512,9828871.037033243,-89482.57730701075,92836.31864302285,12567320.754255839,0.014774241934039034,0.015333674900167217,5.653238890632554,0.04338127466118385,2.4855639479836547,2.4518343530329734,-0.4080887707392514,0.0008356164334736363,0.00017296608849268896,0.0008533300016169951
291,0.012122359469472214,0.009389887477329823,1.5,-7557613.948718514,9849558.942713412,-1406771.8361783554,91762.28090047877,12494412.629768357,0.014688530564750531,0.015333674900167217,0.659055365596525,0.11292348260224473,6.470038961027602,0.2607784158901119,-6.4647814174201566,0.0005431398721728944,0.0005050965894531703,0.0007417030978910717
292,-0.004769225390886485,-0.014573128528731974,1.5,12720697.60461303,-3009060.1200721837,1023484.4267123485,101054.14711595533,13111754.677614251,0.015414282771547803,0.015333674900167217,4.396112901310392,0.11465917395768023,6.569486750231397,-4.8028829452483635,4.482239571431707,-0.0012317504527251375,0.0003814244468224662,0.0012894548407844323
293,0.0045646905378493394,0.014638483057943089,1.5,-11781778.143655118,4464231.669841292,26044.127760166542,93308.20060329196,12599219.774450885,0.014811742675130633,0.015333674900167217,1.2685236867326473,0.059957022892929715,3.43528436393413,3.433239640167893,0.11850837215217869,-0.0006834956133236455,0.0007877312460592822,0.0010429222259836903
294,0.011294140663829869,-0.010371305251010729,1.5,9558769.34096413,8971817.87871204,1248543.6463909533,101938.40288250943,13168995.732381267,0.01548157580943745,0.015333674900167217,5.540356215186946,0.12045690428030188,6.901672228472639,4.240450939592204,5.445333357856255,0.0007468004216115119,0.0008660597845919875,0.0011435779029898452
295,-0.0091836509452313,-0.012279337981347787,1.5,10381052.752506284,-8338660.738190644,34299.679819355435,104218.05186081686,13315430.733738815,0.015653725958221953,0.015333674900167217,4.070236670168999,0.034667685869185574,1.9863120857896563,1.9808190504503427,0.14761975317367743,0.0006193447418312067,-7.529004665882653e-05,0.0006239042397354359
296,0.0005971796784835625,0.015322041716939176,1.5,-12381404.2848138,3622361.966325316,2860270.1251063067,102631.64410608508,13213698.326648047,0.015534128533736537,0.015333674900167217,1.5318408416434428,0.32709922514687995,18.741405082915705,13.849755522715192,12.626342956016945,-0.003661297773444939,0.0007663646586417647,0.0037406438183617504
297,0.006565773265174283,0.013856846949228412,1.5,-11703263.055397643,4822347.975266632,-1800558.2297979593,96084.4440797964,12785281.227931075,0.01503047799525719,0.015333674900167217,1.1283040120204577,0.15038179934734638,8.616242418186145,-2.9390303596863405,-8.09948973416179,0.000896582745581207,9.839809770276556e-05,0.0009019660776910949
298,-0.0032664860657553503,0.0149817106742269,1.5,-12550796.0471103,-1427476.592907617,1230160.6629760012,94679.62200509188,12691472.180018842,0.014920195334652078,0.015333674900167217,1.7854683124234556,0.14028128356571792,8.037525492993552,5.792800209420679,5.571829303223224,-0.0015883332636433378,0.00022689531694446326,0.001604457553582277
299,0.012706724422383936,0.008582583550284247,1.5,-5217404.042546779,12160815.64477418,2699484.3981224103,107211.89174067964,13505330.729200017,0.015876973898739953,0.015333674900167217,0.5940493734407246,0.27503881490553467,15.758563296366974,10.668455726300639,11.598119226045553,-0.001589626881476727,0.0024489619853125958,0.002919645257187872
300,0.0065526220830507634,-0.013863070719747973,1.5,11670833.305829769,5879442.488775851,854082.7926609687,100811.7019170439,13096016.62521882,0.015395780992353385,0.015333674900167217,5.153932433673041,0.06992345277189378,4.0063187328118515,-1.437079129858051,3.7397049834720364,-0.00035929712908735253,-0.00014274653897315692,0.0003866147971291692
301,0.014746942389612562,0.004201104152656328,1.5,-2513675.4451924497,12323261.452257575,-225255.8416799336,93009.44238068837,12579033.240224462,0.014788011225420481,0.015333674900167217,0.2775278676210117,0.07837933882294769,4.4908053155807846,4.371782053212287,-1.0270608850791636,0.00025961850632463465,0.001246007366545405,0.001272767113933908
302,0.013709740897025906,-0.0068676481040042675,1.5,4009121.731689174,12077091.681788437,-247751.80828301003,95218.70608058272,12727552.062684065,0.014962611130816683,0.015333674900167217,5.818792365853606,0.1451800949948643,8.318206712514092,-8.242564888771863,-1.1192349916348112,-0.00048818385204112656,-0.0021544928050173323,0.0022091090331319467
303,-0.005069950607774101,-0.014471253808110379,1.5,11440263.207400005,-4390479.860518773,1805561.9474890218,90178.52696358795,12386120.845786687,0.014561221884778144,0.015333674900167217,4.375405663148693,0.14920981362976202,8.54909258291895,1.6757412435673427,8.383249684694306,9.15323315281262e-05,-0.0010219896634059335,0.0010260804256117296
304,-0.015315145093677849,0.0007536024838158501,1.5,-1383560.9513650106,-13176968.902544905,-590852.6636723324,103392.28228515787,13262573.552480161,0.01559158663679163,0.015333674900167217,3.0924259537385512,0.07112340935639395,4.075071180702644,3.1748548292710863,-2.5547019279844188,0.00017580403782898116,-0.0008729227418599291,0.00089044998342031
305,0.00648675250341651,0.013894014103326574,1.5,-12203634.916089714,5906382.621734712,8331.74451293089,108046.67456265958,13557806.985552657,0.01593866540183014,0.015333674900167217,1.1339990099547297,0.013970349200139436,0.8004420474919551,0.7996671988456,0.03521139706891759,-0.0004568377426557562,-0.0004526758754374669,0.00064312998011124
306,-0.012221437771255513,-0.00926056395406604,1.5,7991789.480045083,-10729277.176462524,1331407.593337601,106250.70052964358,13444654.47686611,0.015805642415350516,0.015333674900167217,3.790023357352149,0.09953094647657522,5.702703164050251,0.4699118292575395,5.683309445208187,0.0003919855575586148,0.00013464713132856077,0.0004144665575285282
307,0.010215219907606009,-0.011435509091565097,1.5,10169077.99925561,7660664.242749078,-573182.129264166,95473.7426059604,12744585.58558836,0.014982635875414043,0.015333674900167217,5.441484214470134,0.09479492386260249,5.431349056591099,4.779064596049346,-2.5807158234336294,0.001209282276907038,0.0005193396423019137,0.0013160840737991436
308,-0.009286511210113584,0.012201733298529879,1.5,-11146726.542962786,-7475993.90046995,-233456.04999035125,105919.04104677039,13423654.463324511,0.015780954632906782,0.015333674900167217,2.221351836235531,0.06224898248756727,3.566603975521377,3.4243920643846524,-0.9970972407866308,-0.0004976734981820795,-0.0009024468157985844,0.0010305771034414613
309,-0.001673549073624217,-0.015242073987557916,1.5,12690596.714980224,-1167684.6918991876,-1109060.0919067892,96191.03100309697,12792370.648531992,0.015038812374332747,0.015333674900167217,4.603029053776366,0.08856910086562984,5.074635674869076,-1.0062415020049265,-4.97387226135702,-0.0003008096904147711,-0.00032290785654743095,0.0004413116287471776
310,-0.0006473726847637534,-0.015320003085869137,1.5,13213829.497748695,560975.3513412178,-1576429.4032555511,104279.42881009837,13319351.072925236,0.015658334740056703,0.015333674900167217,4.670157410904604,0.14562871568607544,8.343910784722732,-4.827846885669257,-6.80534654752761,-0.0013068597561780029,0.00021427965365347287,0.0013243104591777117
311,-0.007713536954726745,0.013252280316688255,1.5,-11112420.458756274,-6421583.817314446,-777355.312960604,97179.81228941212,12857951.176512059,0.015115909363061343,0.015333674900167217,2.097915387603282,0.0605747367769331,3.4706767624341577,0.1789591322741085,-3.466059840550383,-0.0001642720977296716,0.00018843070699061173,0.0002499829062745862
312,-0.014952009208985591,0.0033998539025123058,1.5,-4390365.251865506,-12323778.931315444,-1222867.28066229,101482.14355481362,13139491.56470055,0.015446890475952206,0.015333674900167217,2.918009850675846,0.15074445342575282,8.63702096630204,6.778435579742659,-5.352657495452128,-0.00046407697321377075,-0.0017614943019483263,0.0018216008379619494
313,-0.01467442418561086,0.00444779279696988,1.5,-5579683.406614923,-11946205.584665207,-2212238.4292079336,105063.31280537469,13369319.11717289,0.01571707756910685,0.015333674900167217,2.847295825699105,0.21862751292660643,12.526433776136397,8.098144299820474,-9.556756879151834,-0.000630370170212011,-0.0021117272611742323,0.0022038054762341308
314,0.0036943709424285295,-0.01488197598720539,1.5,11428714.642333468,5184800.317087825,-24438.95662347618,92578.10754494312,12549831.47163986,0.014753681394710573,0.015333674900167217,4.95571486966681,0.18258139462787207,10.461143329789632,-10.460541644506549,-0.1121974596250915,-0.0024009214243551585,-0.001446288427170055,0.0028028867084656907
315,-0.014823364082694945,0.003922940633744996,1.5,-3266464.234418902,-11980555.986212319,2553629.174135042,94474.51733180747,12677717.944981238,0.014904025746874635,0.015333674900167217,2.8828779365740878,0.20294948562943976,11.62814898091785,0.42170455840812454,11.620499730555423,-0.000738927462848241,8.285937761507009e-05,0.0007435586539137954
316,0.014340661996751287,-0.005428351447626758,1.5,5168227.160000656,12253579.722613424,1855338.5091105541,105982.85882240793,13427697.82871211,0.0157857080453192,0.015333674900167217,5.92132461920181,0.14350881634648566,8.222449499571667,2.121907809527361,7.943940018710688,-6.474349261036301e-05,0.0006474573842647569,0.00065068639472049
317,-0.014329691586414438,-0.005457245182531328,1.5,2008874.6997158013,-12789472.876925467,-2894835.7115123337,103445.42598870225,13265981.600523103,0.015595593165095779,0.015333674900167217,3.505468923624404,0.30163990019285336,17.282693213797884,11.727873656258605,-12.694426502410058,0.0007057141446391614,-0.003095596155731366,0.0031750193721176876
318,-0.002664828821057398,0.015100340171614676,1.5,-13371568.955078896,-2018754.8138431371,-479593.2695115689,107629.3965047961,13531601.421228953,0.015907857932608405,0.015333674900167217,1.7454725660073047,0.043280166661351434,2.479770886318248,1.4222978537432913,-2.0313376046016614,-0.0002915646537428006,-0.0006193823247750609,0.0006845760816417108
319,-0.008170891487580902,0.012975288753711652,1.5,-10803344.170049375,-6206735.4022906255,-1966103.930607043,93520.41861442995,12613539.32393823,0.014828576851057974,0.015333674900167217,2.132787714688534,0.1616288338953284,9.260650029823342,2.30252232404916,-8.969840016528853,-0.000874204130973626,0.0002747916799062944,0.0009163751033049054
320,0.008830712490348478,0.012535553552070268,1.5,-12326791.854372669,6434550.567963315,-200489.6859845297,113677.42760456451,13906596.799608866,0.016348705473040216,0.015333674900167217,0.9570877966958599,0.13339524187642918,7.642984366646172,-7.597949014591109,-0.8284810199828346,0.0012662038184658919,-0.0019559206999392627,0.0023299995481434114
321,0.013122517299222796,-0.007932283761667668,1.5,5055266.910330892,12572385.742708147,22458.121960759578,107933.2171750172,13550686.741467368,0.015930294786421932,0.015333674900167217,5.73947906381142,0.16140538949139674,9.247847608522243,-9.247355812441297,0.09537226304695744,-0.0016576790754047124,-0.001989271895031089,0.0025894212846493715
322,0.010889515259708207,-0.010795371385580035,1.5,9376746.974371444,9923176.914895665,433509.98203804204,109672.90744403253,13659456.607428748,0.016058165503360724,0.015333674900167217,5.502128567567009,0.039769760905483904,2.278639452128607,-1.3725495633689229,1.8188747754842103,-0.0007762502094584827,0.0002280067124699036,0.0008090435393819492
323,-0.01355711687405696,0.007164228360903789,1.5,-5615909.347160091,-11858228.30660217,-1266290.2430354161,102136.52735047597,13181786.955744192,0.015496613273053725,0.015333674900167217,2.655446669483764,0.10570569611665982,6.056490257977024,-2.5047012593572036,-5.514303749916668,0.0003835103556157956,0.0005621207997932092,0.0006804851110970109
324,0.013130943905315749,0.00791832672346054,1.5,-7822063.017072349,10276226.266872458,-68570.28158692126,98039.93969273123,12914727.9496909,0.01518265658783431,0.015333674900167217,0.5426429902768108,0.10810527660632291,6.193976092636654,-6.186471921401248,-0.3048032182710361,0.001050130818382601,-0.0012773525861799716,0.0016536034485745285
325,-0.008672509250309612,0.012645519730217193,1.5,-10384961.196901668,-7474950.334819523,1839116.811014192,98224.77711778755,12926896.464879991,0.015196961990783525,0.015333674900167217,2.171939772251608,0.14454238888319312,8.281668843745635,-1.2939685892826482,8.179956242390116,0.00011510163756806545,0.0004368769973041482,0.0004517852340928586
326,0.011441688250189855,0.010208298385602055,1.5,-7947840.447919866,10329456.800059857,1196053.2241144814,100688.69655269863,13088024.63646858,0.015386385547004368,0.015333674900167217,0.7284901318354297,0.11679168195803294,6.69167045842949,4.151847839871952,5.247915113525423,-0.0007017030736616251,0.0008647541308773824,0.0011136367946757457
327,-0.014083667769371224,0.00606398285831946,1.5,-4314308.405407503,-11974675.115076987,-219198.88766738126,95256.07146937495,12730049.06828597,0.014965546630402837,0.015333674900167217,2.7350149577219978,0.06315867821567045,3.6187257013827696,-3.481457548348429,-0.987233022591912,-6.144748264878472e-06,0.0009920476856643589,0.0009920667157823858
328,0.014661323517152668,-0.004490788201352208,1.5,4934451.462196275,12561050.25474699,895195.7479775811,107527.07931389184,13525168.027135467,0.01590029478349709,0.015333674900167217,5.985957217810091,0.10159293786334031,5.820846567904219,4.410379625490304,3.7987901134627498,-0.00010554676794045925,0.0013101920664246288,0.0013144365222956627
329,0.015136683833708886,-0.002449977237109394,1.5,5119319.754531442,12485395.47582034,273887.74937749124,107078.8078273367,13496945.929951336,0.015867116662254092,0.015333674900167217,6.122719988203267,0.22953613763018157,13.151451931943402,13.099040908187112,1.17295149254281,0.0004587539066431504,0.0035683356610904777,0.003597704064687696
330,0.01402380074143888,0.006201177203437782,1.5,-3596321.2212196467,12550044.86585888,293964.6329545917,100234.42917656283,13058467.278616345,0.015351637682731708,0.015333674900167217,0.41633974580404587,0.13908242455592956,7.968835931501447,7.86307633777488,1.293977051385889,-0.0007301315212077317,0.0019733134579513244,0.0021040575186037406
331,-0.009725000862388953,-0.011855207470582378,1.5,10335772.155389396,-6830777.39838203,-264245.00429527456,90261.72575381209,12391833.251648627,0.014567937434407222,0.015333674900167217,4.025383191878165,0.10519174872328967,6.027043241445163,-5.901438801572413,-1.2240385229008888,-0.0016946847866982674,0.0002956082350735103,0.0017202734535270339
332,0.013556919974116647,-0.0071646009490700345,1.5,3894555.2350842324,12997900.88831759,-687397.1099520065,108500.09038296192,13586224.743041003,0.0159720735428783,0.015333674900167217,5.79701184002717,0.20143619299554358,11.541443699827363,-11.166323309602838,-2.9185863738640756,-0.0017235153799053226,-0.002586130931972119,0.0031078253590047767
333,-0.010917482362733617,-0.010767087108564624,1.5,8201082.4203963885,-10336136.448347528,707772.5566395595,102627.28734381094,13213417.859771369,0.01553379881465229,0.015333674900167217,3.920055339528001,0.12028223045491362,6.891664155486486,6.166889976523613,3.0764432140817837,0.0012337616086125908,-0.0011258295828585948,0.0016702275163958608
334,0.010083842866708366,-0.011551523665021551,1.5,8919865.433560742,9642156.92963732,-631034.72310954,101650.93490286857,13150414.230371403,0.015459731248328543,0.015333674900167217,5.430053803953801,0.11689649520888036,6.6976758153400935,-6.10452180763216,-2.7556623210282787,-0.00125155327937879,-0.0010652591292914081,0.0016435214095540383
335,0.015204274507431129,-0.0019878688705993745,1.5,2076349.2732714887,12932704.765152665,-1187434.9268448104,101676.02597483262,13152037.125582807,0.015461639136808175,0.015333674900167217,6.153178659597481,0.09499010256568305,5.442531972528451,1.6676244138491696,-5.1807512086886245,4.842327888526787e-07,0.0004531037999271352,0.000453104058677257
336,-0.01286637457090046,0.008341342298773266,1.5,-5974149.86946027,-11094132.985501869,1734144.9991228168,95093.46312031057,12719178.91378038,0.014952767590568784,0.015333674900167217,2.566409518927208,0.1589334511004567,9.106215971505017,-4.6241899812964276,7.844745778963829,0.00017597614022476019,0.0013180843388995288,0.0013297796533187792
337,0.012748235785599185,-0.008520802209814899,1.5,6605251.380917871,10711882.577670269,-158857.5872790193,93107.56604674461,12585666.843514863,0.014795809742051297,0.015333674900167217,5.693990093293809,0.03875098666536541,2.2202679878931697,-2.0991235299836384,-0.7233742765209531,0.00015526168505953196,-0.0007556163086132701,0.0007714027460995131
338,0.0036007916737721326,-0.01490489467477417,1.5,12151803.673806122,3357232.676952081,-876714.8233178831,93875.80393864357,12637482.844908163,0.014856725044175647,0.015333674900167217,4.949431634220579,0.07665237795094958,4.39185774623106,-1.8595770424928482,-3.978741972805389,-0.0003459976831681408,-0.0006191379154459643,0.000709257467426671
339,0.006007404006663681,0.01410789435191302,1.5,-11665424.648269456,4695571.632657387,-1601225.0009103608,94456.83289267497,12676531.33492793,0.01490263075868648,0.015333674900167217,1.168232511069636,0.1281959567563494,7.3450872727804315,-1.1333162930499459,-7.257127615294401,0.000487252760742944,0.00039392863185524866,0.0006265740338116228
340,-0.0139110172791084,0.0064502080745016,1.5,-5506966.395219852,-12074295.659380209,273565.77377727453,103565.2586177667,13273663.125934409,0.015604623627281657,0.015333674900167217,2.7074239551007357,0.02154120164074456,1.2342199396549476,-0.3587251125008799,1.1809382511812772,0.0002836204438438437,-2.3825288420920715e-05,0.00028461939592114754
341,0.011115479048360478,0.010562561785356682,1.5,-8158786.068406908,10086888.860659927,2781053.2180497446,103480.16883185868,13268209.148146586,0.015598211887745775,0.015333674900167217,0.7598978234895931,0.22552752911404747,12.921775582248719,4.503046150551069,12.111765336399413,-0.0007427474824365839,0.0009710281864477189,0.0012225258940169036
342,0.005201135729844343,-0.01442462384479244,1.5,11407465.911324274,6721585.942695083,461384.43825800327,103173.03991060224,13248504.50816726,0.015575046956733798,0.015333674900167217,5.058452085566575,0.18958687957573844,10.8625280507448,-10.675441645809059,2.0073518177298224,-0.0027008140046830874,-0.0010139164614280036,0.0028848609808181363
343,0.010639952417329653,0.011041421941986412,1.5,-9656517.962573217,9002297.122110227,1182702.8587018216,103270.38435317395,13254753.060251057,0.015582392804112782,0.015333674900167217,0.8039128407085467,0.09086022871768304,5.205907631116598,-0.9447637616979822,5.119462442317582,5.678053488051768e-05,-0.00031085714829915713,0.0003160003097941549
344,0.004623970953302976,0.014619865887450146,1.5,-12439236.623190945,3661880.7789251055,-2787515.7183873546,103403.07745316163,13263265.905765915,0.01559240057280453,0.015333674900167217,1.26447148717434,0.212678087610059,12.185556814969946,-1.130463638060577,-12.133006505144689,0.0003190348719090399,-3.7993264376933594e-06,0.0003190574938398997
345,-0.01028890002190287,0.011369262169697083,1.5,-10881428.663347853,-7508633.945695757,1800384.1924407633,104644.65711374758,13342655.535026506,0.015685731650500818,0.015333674900167217,2.3063533540794814,0.18846053159609538,10.797993065248166,7.490853251176262,7.777131335298992,-0.0014616904139774858,-0.0014230316536181405,0.002039989694462414
346,0.0014940739383583607,-0.01526071194311512,1.5,12729120.071108827,1428936.820903398,1091994.5899929074,97143.31080932094,12855536.177360043,0.015113070270907969,0.015333674900167217,4.809981256355345,0.08622002865435403,4.940043751391508,-0.8114675696286825,4.8729408624672645,-0.0001857955193646911,-0.00029625744916041835,0.00034969765683949495
347,-0.014161982237465301,0.005878762203877227,1.5,-4026760.6185408593,-12194270.705614805,3428438.067568182,103846.87192536797,13291697.660720304,0.01562582516938477,0.015333674900167217,2.7481297559009983,0.271088373767512,15.532219691943418,-4.172259764644774,14.961353448639636,0.0001736991012088688,0.001144870489636015,0.001157972286283302
348,-0.0007279577072638552,0.015316385458731875,1.5,-12767385.586080432,-2712387.653833699,-962251.8622621618,100684.41807455555,13087746.564430062,0.015386058643310854,0.015333674900167217,1.6182886231737699,0.1776537897102882,10.178812364904166,-9.256060239863674,-4.234804599499338,0.0024607467270579136,0.00030694572194173153,0.002479816551873256
349,-0.013926134495429315,-0.006417504496237752,1.5,6566935.424407258,-10955659.516837519,1189281.9006591681,96732.25793844367,12828308.842417339,0.015081061600044179,0.015333674900167217,3.5734117177855906,0.1424282973572141,8.160540321802666,-6.179653249994497,5.329756472260208,-0.001046574292121752,0.0013026368626551888,0.001670981910398284
350,-0.01274812752201839,-0.008520964184080071,1.5,6835033.8975126585,-10501640.824815607,1588209.6764327257,93769.16790237225,12630303.17806724,0.01484828457090471,0.015333674900167217,3.730800573151531,0.1266686321292543,7.25757801770149,0.6971615268845058,7.224015814521446,-0.00040231529329292845,-0.00048564413425857163,0.000630640801373597
351,0.015303058866585676,-0.0009684912337401987,1.5,-396280.8435428874,13037745.278905256,2179202.252276494,102800.30825437486,13224551.520596163,0.015546887634604732,0.015333674900167217,6.219982171876461,0.1899526281478747,10.883483900291143,-5.313108081091037,9.498479053329625,-2.4217868966017186e-05,-0.0014343621358053837,0.0014345665693196105
352,0.013313054025562421,0.0076081652490251755,1.5,-7005419.560545897,10673807.916703261,-2387576.0440539005,99166.40721896496,12988710.406660715,0.0152696309509082,0.015333674900167217,0.5191860792966612,0.19475775470571594,11.158797372081672,-3.490134838630959,-10.598948891251021,0.0007648407983769853,-0.0006274615373688137,0.000989287333255197
353,0.007520557455448755,0.013362739296391,1.5,-10137565.336896379,6930045.5139578665,-1770456.6276089214,90480.82798822127,12406864.166888218,0.014585607897553834,0.015333674900167217,1.058178560391417,0.16740088143385665,9.591363992929887,4.951544719376645,-8.21440613415755,-0.0006264590040812546,0.0014449370982800944,0.0015748949494428436
354,-0.012324295911127223,-0.009123229485165378,1.5,8312896.502059328,-10411737.749004668,-1055756.835481918,104995.39796282005,13364997.332721986,0.015711996845035825,0.015333674900167217,3.7788333853886815,0.08709199839007922,4.9900039371117,-2.088850990561194,-4.531759132127587,-8.41744512313277e-05,0.000649477561597972,0.0006549094908911786
355,0.014717000793482113,-0.00430481980908202,1.5,5078600.801000542,12004172.284670273,-3639878.548950596,107651.03777981403,13532961.766999861,0.015909457165883847,0.015333674900167217,5.998617293750283,0.2953010668387062,16.919504815568498,6.462279021517966,-15.636770544204273,0.0006048006658976018,0.0016656235644570217,0.0017720286972689513
356,-0.005433688709044045,-0.014338640554711781,1.5,11990811.141921679,-5613527.031410453,776152.8114250436,103390.98531060769,13262490.367962267,0.015591488844412764,0.015333674900167217,4.350156089397716,0.09560161322960828,5.4775689526986096,4.327384354615607,3.358199856916769,0.0011656181827801645,-0.0002421478924926404,0.0011905046618415067
357,0.012127978814905222,0.00938262840622116,1.5,-8854167.046310574,9952140.512015657,466197.9115524171,104428.49727326809,13328867.744396418,0.015669522614502766,0.015333674900167217,0.658456687688883,0.07701459485441933,4.412611246068175,-3.930284454201816,2.005991554814442,0.00042816351129105167,-0.0010264005844878646,0.0011121250614198534
358,0.003578204152685863,0.014910333362662277,1.5,-12749844.239705352,2822803.2546097776,-728404.1566500252,100548.17030678423,13078888.292450866,0.015375644788528493,0.015333674900167217,1.3352688394193595,0.058445649370700854,3.348689039842595,-1.0098300385729932,-3.1927983930648653,0.00025969426252692813,-7.848462823135602e-05,0.00027129494440188015
359,-0.015284858351286222,0.0012225756112134339,1.5,-3167320.4523017146,-12423028.894867782,719137.998829158,96917.54402016274,12840588.975263111,0.015095498221595685,0.015333674900167217,3.0617765183318015,0.17874232960609082,10.241181106765266,9.719809025896787,3.2260041788040517,-0.0006802470713378438,-0.002500951428477086,0.0025918129032909167
360,-0.014987630460743397,0.0032392158180977715,1.5,-4800339.742760178,-12333105.300144989,950515.135041664,103484.19706028866,13268467.395005744,0.015598515484801226,0.015333674900167217,2.9287405438142464,0.17368386553862292,9.951352464880776,9.056048590228487,4.125215123082589,-0.0004887340718200683,-0.0024041016488415934,0.0024532765296477873
361,0.00022022351309552058,-0.015332093384410949,1.5,12346663.127773954,749997.4026747477,2107173.4594795783,92545.48237729275,12547619.952926807,0.014751081515774783,0.015333674900167217,4.726751557270443,0.17491445053890872,10.021859791729257,-2.6280073787705533,9.671155613586574,-0.0006614793807583849,-0.0008172583058172322,0.0010514114844321176
362,-0.005105987575725075,-0.014458577966748988,1.5,11980567.112412265,-5194629.753845328,-126424.09046786194,100240.64931724101,13058872.449993534,0.015352114005415625,0.015333674900167217,4.3729143282807925,0.07031610126869287,4.028815834510595,3.990385127875721,-0.5551428281366559,0.001000860354855416,-0.00037412826685340184,0.001068500542807555
363,0.004921547861186609,-0.014522394864280051,1.5,13408412.126838984,3510820.0567330844,-456157.2887697125,113046.13682031241,13867928.926340075,0.016303247214600015,0.015333674900167217,5.0391354728386,0.07793039310878132,4.465082620928564,4.046966894839518,-1.8865369765237288,0.0007941999626708569,0.001240640756986884,0.001473072662363734
364,0.0006437415853342952,-0.01532015609304714,1.5,12838569.02301435,1360381.5412133187,413056.89304753265,98075.1553096738,12917047.204886714,0.015185383122633555,0.015333674900167217,4.754383534163176,0.07115439387719807,4.076846462974956,-3.641168106288685,1.833731688229628,-0.0009555337419609205,-0.00022703254333275233,0.000982134668850447
365,-0.012645358103472837,0.008672744916054662,1.5,-9312163.877829794,-9670952.305202618,506716.2768554722,106098.89542976061,13435046.55601506,0.015794347267409897,0.015333674900167217,2.540430571710369,0.16954884708462617,9.714433359258052,9.46865501276607,2.171356198481876,-0.0012761098855318485,-0.0022747087815750324,0.002608209439620729
366,0.011678375701645543,-0.009936655720876772,1.5,7982686.632861321,9976536.37375642,1382538.6711676645,97085.21618327044,12851691.603544718,0.015108550559444277,0.015333674900167217,5.578192529570262,0.1119100838281676,6.411975488309251,-1.7215002646360689,6.176557819816519,-5.0119570483422166e-05,-0.0005521460148144326,0.0005544160829385294
367,0.0006346761096736712,0.015320534330754513,1.5,-12716099.581156138,212154.9130044976,-1832362.9898633112,97047.46466113106,12849192.674701866,0.015105612798880813,0.015333674900167217,1.5293935008966066,0.14519835944691026,8.319253188531444,-1.4066942266160831,-8.1994624804127,0.00038526511161650784,0.00037138682803703263,0.0005351237074436982
368,-0.010007728322395867,-0.011617528126461916,1.5,9725368.25783297,-8608876.858068138,618879.5084971999,99385.04814884148,13003021.201008787,0.015286454834224387,0.015333674900167217,4.0012944965238475,0.049483699259563856,2.835207122267646,0.7718942509135307,2.7281089955432174,0.00011293557793281596,-0.00018430808310541252,0.0002161571517692875
369,0.0035743309327739363,0.014911262331775721,1.5,-12854602.078642337,1973409.5304263725,-547639.9483995065,99594.59375780034,13016721.910223654,0.015302561496620173,0.015333674900167217,1.3355285988185435,0.09298362116969351,5.327569056866733,-4.749259492749807,-2.4140269936787675,0.001254375040219492,-0.00020070980527257115,0.001270331125123763
370,0.01532651801080943,-0.0004684352765882321,1.5,600449.2394893239,13044318.889547184,2052123.3496926879,102704.6383995584,13218396.454326624,0.01553965168989031,0.015333674900167217,6.252631107164487,0.1566351224314563,8.974531438837376,0.877742973620421,8.931505014214594,-8.486713539807358e-06,0.00023745761074981498,0.00023760921953854694
371,-0.012700215504038763,-0.008592212293408,1.5,7966914.436141677,-10292907.65440998,1544853.7697945149,100986.04183212372,13107335.609690573,0.015409087680254755,0.015333674900167217,3.7363999886497177,0.13423534983047888,7.691119006748591,-3.643576381235105,6.773305155540767,-0.0005997916456377712,0.0007737554931216209,0.000979003361236696
372,-0.01460956901803494,-0.00465640194262606,1.5,3669991.3727564383,-11896656.915205315,-1510558.3150518627,92450.4358717946,12541174.9392703,0.014743504706613042,0.015333674900167217,3.450136556022873,0.12109826749885833,6.93841963403085,0.531232117257766,-6.918053155006733,-0.0006237648113602192,-0.00034193098280926957,0.000711336303654019
373,0.012399891469487114,-0.009020214935851518,1.5,6899390.944204136,11078871.938035905,1701929.6587201138,101830.90222750127,13162050.120843511,0.01547341049343691,0.015333674900167217,5.654277626058462,0.14818366226014068,8.490298440298078,-4.097943154412336,7.4358610468817306,-0.0006245182332212853,-0.0009092362316061517,0.0011030564575266269
374,0.01247370844490433,-0.008917857566452858,1.5,7405157.938623409,10966939.1953753,-863956.7475859475,103369.17185399408,13261091.23235021,0.015589844009492475,0.015333674900167217,5.6625077810807944,0.07047184390785709,4.0377392304249335,-1.531799997797388,-3.7358970622409364,-0.000419112237936942,-0.00021229517297749814,0.0004698130569258987
375,0.008364813362723772,-0.012851127707357668,1.5,10738604.524754917,6748263.083659457,279466.26761425356,94598.10363715573,12686007.37742581,0.014913770869389352,0.015333674900167217,5.289397413412566,0.027203778141865687,1.5586616743391448,0.9142715400713282,1.2623524729921147,0.00043150176973636226,-0.00022673907392774077,0.0004874468021550886
376,0.009197695922299296,-0.012268821282622753,1.5,9829233.81562007,7647281.062827619,1486600.2205834961,92464.34120601353,12542118.053656245,0.01474461343936379,0.015333674900167217,5.355685569923686,0.12014160587595558,6.883606960616387,-1.0204059436014477,6.807555838809492,0.00020749166404086458,-0.0007134960659069337,0.0007430541209838745
377,-0.0018238612335686817,-0.015224819084137042,1.5,12133541.404856764,-2811624.033171965,2075509.3823116478,93716.99298436058,12626788.820731394,0.014844153064552819,0.015333674900167217,4.593161888125827,0.19729588182766977,11.304221344037312,6.158616892824,9.479285741152209,0.0014815062752198634,-0.0009605315930003803,0.0017656392000257816
378,-0.012988301843410722,0.008150190253513823,1.5,-6070407.374834775,-10716596.624603672,-642012.4393501576,89409.37329436833,12333185.674560955,0.014498990877724084,0.015333674900167217,2.5811959010454495,0.06882243831304742,3.9432352511370743,-2.5766869431260284,-2.9849269074692444,-0.00038978587191508714,0.0010137712070267422,0.001086123881581223
379,0.015274465137976197,0.0013462171789009084,1.5,1511038.7791059217,12307441.686041074,1248729.5888338145,91295.17523240176,12462571.349175598,0.014651097702793242,0.015333674900167217,0.08790799586988142,0.2324964934539562,13.321067826502663,11.995502165009615,5.792993686129306,0.0008057390972987088,0.0031226063497323945,0.0032248854101044905
380,0.008290781073068382,-0.012899012952256043,1.5,10955338.450757474,7779159.653624868,854306.113935752,106548.05316894341,13463454.401584243,0.015827743755927295,0.015333674900167217,5.283647379915108,0.0785072094257226,4.498131761443581,-2.643519819354784,3.639367020236621,-0.0008544607022916064,-1.983019677814432e-05,0.0008546907794430247
381,0.0042260951568436535,0.014739800055269432,1.5,-12784907.350952167,3740004.6388506875,211241.57060040106,104327.04132412291,13322391.439685488,0.015661909019329314,0.015333674900167217,1.2915733924332808,0.016741085036720775,0.9591935170737153,0.3076072712438562,0.908531766023705,-0.0001706839537791386,-0.0002902384072466131,0.00033670661579293323
382,0.0028413572873593603,-0.015068121140659441,1.5,12834853.543589218,1064227.246932267,-1426885.3028135246,98693.48880885883,12957702.218598904,0.015233177479136483,0.015333674900167217,4.898767934547455,0.15124605154039203,8.665760421282586,5.9146210307905065,-6.333455750315021,0.0015902432968416063,2.0634461980048244e-05,0.0015903771641251855
383,-0.012622328975255302,-0.008706227494411604,1.5,6582690.181152077,-10676884.702379096,-876338.436510009,92929.24756015708,12573609.108932786,0.014781634573662146,0.015333674900167217,3.7454049629043578,0.08657484021622722,4.960372956409287,2.935773009737837,-3.998316733573198,-7.049865443130646e-05,-0.000967564718558642,0.0009701296536422793
384,-0.015251481062183249,0.0015855318835910736,1.5,-2574526.323810431,-12808356.745528458,-24873.782472018418,100328.0306984881,13064563.02437137,0.015358803889778873,0.015333674900167217,3.0380055498258254,0.09479237246483074,5.431202872266918,5.430103972055809,-0.10924967910316095,-0.00019387530545618079,-0.001441101677953583,0.0014540844818188383
385,0.009791955381582182,-0.01179996592152375,1.5,8430508.85608317,10094447.951942023,-811393.4181544667,102060.2368377923,13176862.991850056,0.015490824622054124,0.015333674900167217,5.405055631256062,0.1923337274620523,11.019910841595015,-10.432461201138308,-3.5499560903548075,-0.002075157676867589,-0.0018889928587369261,0.002806167030706047
386,-0.01175793714161543,0.009842382847554674,1.5,-7815827.42671728,-9892537.355054608,-3914759.277880388,102439.41482319632,13201317.884557113,0.015519573987840995,0.015333674900167217,2.444644858610056,0.3023567642185281,17.323766496953805,-1.571576650638838,-17.252334116639,-0.0001281917819610217,0.0006540341473820679,0.0006664786560004233
387,-0.010590990193357887,-0.01108839540547753,1.5,9656566.701300995,-8716726.909140969,698205.193509307,99760.971475705,13027589.913620278,0.015315338007593469,0.015333674900167217,3.949930487357311,0.06056236348349497,3.469967824941476,-1.6123762945940179,3.072607913606997,-0.0003435369177672669,0.00026394098244289857,0.00043322333279955776
388,0.010573233900694668,-0.011105328037713209,1.5,9989007.493368972,8235419.626104213,-392520.3647564447,98607.92369721412,12952083.977389602,0.015226572630219747,0.015333674900167217,5.4732473553498515,0.07754490819574193,4.4429959623454405,4.088904678732339,-1.7381230248916977,0.000891609283674091,0.0006378283815247614,0.0010962628147539815
389,-0.011575453028238383,0.010056364807178834,1.5,-8531281.50494701,-9473073.989697587,-976174.4045433463,96091.1422950929,12785726.862365762,0.015031001886632363,0.015333674900167217,2.4263041066057256,0.078475659943543,4.4963241092688655,1.0206291358784045,-4.378954973802375,-0.00043883212712476395,2.6922619288780383e-05,0.00043965721104766793
390,-0.013985324879175809,-0.006287469599761436,1.5,6429035.945741196,-11583471.041119989,-1312178.0600108383,104177.15257161096,13312817.726284381,0.015650654085938104,0.015333674900167217,3.564094114291498,0.12965708042943686,7.428803492594995,-4.807820349316669,-5.663213294613593,-0.0003677044695521159,0.0012705560385074168,0.001322693926770764
391,0.006368573572215019,0.01394857901720826,1.5,-10992570.846531296,6039594.9056319725,-2099632.5930002057,95060.70199857249,12716987.751261467,0.014950191642536245,0.015333674900167217,1.1424880340186727,0.18152206666797757,10.400448308567473,4.206212982804309,-9.511944983150002,-0.0007316220911429902,0.0010256255620161789,0.0012598327975209427
392,0.014482999492179916,0.00503629940070429,1.5,-5243921.32870648,11730076.007159749,1155466.2537018529,97827.32999016017,12900716.890888324,0.015166185076002226,0.015333674900167217,0.33465887864182486,0.12399587006615777,7.10444003184338,-4.899261119884203,5.144930382935201,0.0006930291219435364,-0.0011284960961513617,0.0013243084243825878
393,0.00130032603898155,-0.015278440304440918,1.5,12793330.928560805,1216516.7200171552,1724393.4022036926,98823.22595945367,12966216.170622613,0.015243186548648813,0.015333674900167217,4.79729293426618,0.13375121772818058,7.6633802805601015,-0.5639113922242599,7.6426043510178605,-0.00012982066370769286,-0.0002384990172915446,0.00027154223607854885
394,-0.003650794308252175,-0.014892725971522192,1.5,12567023.644640042,-4405179.915179249,-1243460.3617686296,105147.48244454068,13374673.343350494,0.015723372039858755,0.015333674900167217,4.47199018022162,0.13417387282505472,7.687596633800683,5.527458509248311,-5.342877916681424,0.0015279701318762265,-0.00011883332190348352,0.0015325841191596858
395,-0.013798467764901734,0.006687590992650931,1.5,-6567280.601393797,-11392771.620621,1664807.3371177856,103274.80727150326,13255036.897979263,0.015582726485996812,0.015333674900167217,2.6902906802829647,0.1447764522798635,8.295079688513344,4.08156006753134,7.22144130031673,-0.000405035106209678,-0.001032956159044543,0.0011095277661105829
396,-0.008435917832849993,0.012804564665049006,1.5,-10549695.822463112,-6612554.214919914,445791.00103573926,91239.3339586426,12458759.360721083,0.014646616298938112,0.015333674900167217,2.1533477237030847,0.042356050394143044,2.4268229244278237,1.2976771792665334,2.0507324167085446,-0.0006621466620861339,0.00040225860002645816,0.0007747581451053321
397,0.003196633035490635,-0.014996770425009114,1.5,12288037.39935124,2948262.798248574,1692390.675988189,95548.88811563082,12749600.10571167,0.014988530985034746,0.015333674900167217,4.922400763008697,0.13553328523651378,7.765485227594989,-1.4504939038889,7.628815652168896,-0.00026936808902913245,-0.0005508562176347563,0.0006131898073957824
398,0.001998748491809859,-0.01520284810193491,1.5,12587162.026196912,1424101.8745637357,2746909.329787741,98757.07632674942,12961875.824468635,0.015238084003292462,0.015333674900167217,4.843111224827832,0.21429233349073443,12.278046291029026,1.0191021758392431,12.235679444961418,0.00032456303534348567,-0.00040528061126621565,0.0005192239765069542
399,-0.015307646268025188,-0.0008930574880894512,1.5,237113.93171207083,-12395079.346746974,-2209662.500816169,93212.08552724372,12592728.98923337,0.014804112056558813,0.015333674900167217,3.1998672129177437,0.18063238632419787,10.349473379753148,2.2196560836197565,-10.108646106609374,-0.0007358926984797239,-0.0006143044697216327,0.0009585969148686773
400,0.0032770824910722165,0.014979396392736459,1.5,-12034173.519030895,1753314.8060993638,-4284862.73317853,97725.63839873383,12894009.994474715,0.015158300395394576,0.015333674900167217,1.3554169958168238,0.3457771636997296,19.81157213199868,-3.8947051869680753,-19.42497520842667,0.001215871701726161,0.0008319265761362101,0.001473243300728087
401,-0.011166172683095605,-0.010508956825266131,1.5,10943493.337738493,-6898225.023751349,-2238994.465359853,101313.09851058456,13128543.374165626,0.015434019696343265,0.015333674900167217,3.896678907693211,0.3047737852016952,17.46225159828384,-14.367911737181496,-9.924381249948464,-0.003056564644179957,0.002356300721418224,0.0038593704815432
402,-0.014589430234279176,0.004719121886868227,1.5,-3559950.174183712,-12342198.285581743,372268.56149554503,97070.93876150747,12850746.579291241,0.015107439581438113,0.015333674900167217,2.8287527239375834,0.04318222111600485,2.4741590199477814,-1.8343606160575052,1.6602963549457357,-7.984405957157069e-05,0.0005340162326894372,0.0005399522299469534
403,0.0009746698533642807,0.015302666585303392,1.5,-13135029.898980407,-207101.24067451412,486074.9446794664,101577.32761719692,13145652.141405664,0.01545413289877839,0.015333674900167217,1.50718943569452,0.08755000594054708,5.016245836738634,-4.545643980866383,2.1212833600938135,0.0012181397141561084,-0.00013897872104845672,0.0012260421885516787
404,0.011695656162930052,0.009916310446054741,1.5,-7746726.888060227,10162077.730445514,871439.7569526783,96422.7796043573,12807771.41144429,0.015056917633336185,0.015333674900167217,0.7032519337701603,0.08560092887338455,4.9045719468444835,2.9698697631141275,3.9031653272586757,-0.0002509629994136356,0.0008091968870752968,0.0008472201774786995
405,-0.011463821581573818,0.010183436585448966,1.5,-9990406.694763603,-8864142.05580799,613454.74353357,105074.40665172326,13370024.94517812,0.015717907346106817,0.015333674900167217,2.415273334853256,0.1272656312692176,7.291783548794327,6.798646542034989,2.636003133333358,-0.0010430658906005995,-0.0015613647460438074,0.0018777237076638472
406,-0.010082708301532666,-0.011552513979659248,1.5,9476521.744134353,-8664415.21200835,-2205705.028084129,99774.83838642445,13028495.308516964,0.015316402397013542,0.015333674900167217,3.994822370399908,0.17166336488631884,9.835586305000323,1.310450188677603,-9.747896094342858,0.00010324692809172975,-0.00041183987109003756,0.0004245845117050757
407,-0.0035212713702312015,0.014923881327630832,1.5,-12788870.506866226,-1561232.2888523312,1482856.1574240793,98863.64083336861,12968867.239846293,0.015246303166650406,0.015333674900167217,1.8025072087101268,0.15883737457484667,9.100711192077283,6.2882596987120625,6.578809479165239,-0.0016858743113213536,-0.00011081625240449804,0.0016895124845262984
408,0.014669854238052712,-0.004462842432610073,1.5,3135058.1585935066,12591169.712465333,-1363410.0426839616,100058.94833441073,13047031.514116898,0.015338193707303745,0.015333674900167217,5.987862750586123,0.11654104082729598,6.677309779465876,-2.9282948166653044,-6.000962869210384,-0.00013242472037296692,-0.0007772432012338806,0.0007884435936895861
409,-0.015093609994239822,-0.0027026881591855722,1.5,1554405.8734597024,-12231097.492253361,-1194092.472672475,90193.68684595487,12387161.915376158,0.014562445774442916,0.015333674900167217,3.31877663478889,0.10904828677651371,6.2480065954265,2.9001587736119046,-5.5341363828817,-0.0007146347931672545,-0.0008753162883428623,0.0011299918106975509
410,0.015331302117170407,0.00026974309270916063,1.5,-2649829.7206130857,12686617.460481098,1275943.9862159698,99691.48965856156,13023052.376182359,0.015310003642600049,0.015333674900167217,0.017592456405231636,0.21208168800661337,12.151385634789236,-10.754855893625164,5.655903778594385,0.0004168140293034691,-0.0028454177392515556,0.0028757844227048084
411,-0.014912427808089802,0.0035694653398692755,1.5,-1527851.3658753228,-12641014.919870194,481825.8128147776,95436.87693208497,12742124.788059587,0.014979742942325779,0.015333674900167217,2.9066512160784144,0.12071143957568835,6.916256026635399,-6.566410504625603,2.1718311423112566,-5.155042858042552e-05,0.0017733111587125744,0.0017740602899285465
412,-0.002622827219681752,-0.015107692190394753,1.5,12985882.4944226,-3448426.3048964012,118967.50303370362,106121.50557010033,13436478.013453929,0.01579603010012609,0.015333674900167217,4.540493562763432,0.08811082445664101,5.048378370783604,5.022758511353415,0.5079577848823191,0.0014311700894098088,0.00015861424446176643,0.0014399327426541343
413,0.01238129149025308,-0.00904572865928471,1.5,8399989.718632761,9797360.733663205,991342.0842356201,98475.30594670202,12943371.42118074,0.015216330080052477,0.015333674900167217,5.652218506083452,0.109166695627667,6.254790922854577,4.448407954537628,4.397053122106937,0.0008634365214303715,0.0008293658635071983,0.0011972344641258958
414,0.011540397321067214,0.010096574449580549,1.5,-6867726.017940507,10878068.463372566,486039.0003797543,97419.25987955558,12873782.197210263,0.015134520436529717,0.015333674900167217,0.7187675106595277,0.16010448051648218,9.173311014728947,8.912362701592665,2.172424002861173,-0.0012479462245116174,0.002022821283744706,0.0023767994709784374
415,0.003088437282225572,0.015019425458311553,1.5,-12511875.377917148,2849864.3144150665,-429762.2234152887,96901.51015056463,12839526.768996617,0.015094249483485797,0.015333674900167217,1.3679936712097605,0.03959683341147835,2.268731436560315,1.2113163974303156,-1.918294793965065,-0.0002618858044270895,0.0003103655483625966,0.00040609229021349206
416,0.015315948944080587,-0.0007370847212735392,1.5,708187.0866306168,13132507.28638744,1754062.0197589411,103477.60374169833,13268044.69942163,0.015598018560520684,0.015333674900167217,6.235097103638068,0.13271558934593855,7.604043145113673,0.3295616056231154,7.596898136795659,-0.00012273075890335654,9.546563349478276e-05,0.0001554880264186089
417,-0.015314204045686446,-0.000772489735270996,1.5,647641.3320529262,-13623389.290804092,612252.5437062769,109561.38541443204,13652509.961214228,0.01604999897098597,0.015333674900167217,3.1919926312998164,0.04495383440825402,2.575664984522936,0.16586376991098503,2.570318914517895,0.0007015604342466078,-1.1117449695093604e-05,0.000701648516415457
418,0.009157338172029187,0.012298973272070935,1.5,-11599933.278023249,5465465.1204284765,1763171.955576666,98479.81595227293,12943667.810251603,0.015216678517394465,0.015333674900167217,0.9307851533626328,0.24145706833191416,13.834470949020606,-11.37015679710165,7.881124339116738,0.0027320940368448995,-0.001338000273797161,0.00304213453989871
419,-0.0008283855763530537,-0.015311282221973062,1.5,13268283.926328577,227892.43976195974,382001.8514032942,103597.63835608863,13275737.973018505,0.015607062833966677,0.015333674900167217,4.6583387240454215,0.076809478695068,4.4008589558274105,-4.079724150187117,1.6502758579905172,-0.0010962977356604718,0.00028701757559643215,0.001133246581250317
420,0.012695426386927434,0.008599286877301207,1.5,-9125889.853722837,9315346.898492621,-798448.3300122081,100335.24080741142,13065032.460626984,0.015359355762763469,0.015333674900167217,0.595364484490569,0.18977081085099487,10.873066536537452,-10.286620083762285,-3.5226443420119713,0.0017442307049660554,-0.0021291816004874783,0.0027524089521727695
421,-0.009017364437295797,0.01240196454393461,1.5,-11713910.96524376,-5582033.571802539,701243.0739972932,99260.42806145469,12994866.32279139,0.015276867894726112,0.015333674900167217,2.199474146203927,0.19165363835770888,10.980944606223305,10.531080434073656,3.1108663320714567,-0.002455081506320971,-0.0013690020748410754,0.002810977033630552
422,0.00782526257587101,-0.013186616380356665,1.5,10137818.502229283,7740722.808907992,2614436.31854416,99650.07161539805,13020346.802301912,0.015306822948491753,0.015333674900167217,5.247959600831705,0.23295950380898553,13.347596365716697,-6.586187020464479,11.609499096582883,-0.0012747925400464002,-0.001268516559072867,0.0017983965860732774
423,0.00541377093177766,-0.014346172668773277,1.5,10910601.966842698,7696995.322106813,-2603003.0008134916,108779.35259110284,13603697.912319649,0.01599261513923962,0.015333674900167217,5.073233138322568,0.31709640748619516,18.168285847719545,-14.345117363682204,-11.14918017015734,-0.0036348778039095534,-0.0015195824785333833,0.003939729376292235
424,-0.0018235124065886371,0.01522486086790403,1.5,-12427235.834564062,-2994494.050341235,-2081775.2219637532,98596.45788893546,12951330.94242381,0.015225687356342605,0.015333674900167217,1.6900005073528428,0.19922436000247884,11.414715004336964,-6.659382351507274,-9.27083304383532,0.001696838544492151,0.0006153038762888498,0.001804954267080007
425,-0.004321395723916446,0.014712142092208556,1.5,-12409266.49339741,-3479001.9385773945,-437813.3038252542,97742.99986138572,12895155.287230447,0.015159646810640064,0.015333674900167217,1.8564908367141533,0.0361357151326202,2.070423966786159,0.7077027953874641,-1.945716360532363,-0.0002314534574132934,0.00012371000056073805,0.00026244021640614654
426,-0.008872499352840528,0.012506012201251944,1.5,-10372467.602176465,-6658634.296171534,1349646.599743972,90373.12016336157,12399477.440301774,0.014576924003204138,0.015333674900167217,2.1878422539335385,0.11846703510226225,6.787661122787802,2.6450402690191166,6.251088344686247,-0.0010445560731551177,0.00031205703736855717,0.001090172914971052
427,-0.001402109725719734,0.015269435950979338,1.5,-12694165.79896792,-1300374.3694956054,890567.1369645069,96179.96961906117,12791635.104941398,0.01503794766345499,0.015333674900167217,1.662364135749528,0.07046507093621933,4.037351167735328,-0.6014813221429974,3.9922956642421825,0.00012662069466406285,0.0003460739765310805,0.00036851051212854796
428,-0.01251574330063481,0.008858767158958012,1.5,-8186207.6781666465,-10221964.376147188,1806470.2502116412,102728.08107880822,13219904.93998336,0.015541425077590236,0.015333674900167217,2.5256443466803,0.14928270849668748,8.553269151141947,3.376754350991656,7.858494971999116,-0.0004987209227198947,-0.0007650035018301905,0.0009132102258357805
429,-0.013611550835932898,0.007060259894992008,1.5,-6338625.472526787,-11261737.286130296,-535454.1064374738,98334.67204722205,12934125.818271738,0.01520546087595761,0.015333674900167217,2.6631001885678263,0.05367543542522857,3.075375913392584,1.9560994413046071,-2.373101764443126,-0.00037216317993370857,-0.00039147847403623974,0.0005401488944097847
430,-0.014999388753028186,0.003184324571953947,1.5,-2377573.8135056095,-12531003.703195846,-1667773.0903749838,97258.26629155934,12863140.29034724,0.015122009726434205,0.015333674900167217,2.932401540223662,0.13180703508663405,7.55198682059689,-1.235429303324262,-7.450249618298494,-0.000267841432199328,0.00038922994330191623,0.0004724817261708649
431,-0.010106336007824256,-0.011531849740651887,1.5,8646065.254961867,-9924711.90131662,-555855.6144229552,102021.21128365373,13174343.48198346,0.015487862666275946,0.015333674900167217,3.99277529660339,0.14095542386095414,8.076150886710291,7.703333073515092,-2.4254633997238417,0.0015612340035509216,-0.0013674668660413596,0.0020754318209868076
432,-0.002437597882919769,0.015138682323940982,1.5,-11690571.985053323,-2733027.817988764,1554845.692226055,86146.46798067687,12106050.53344186,0.014231969004706383,0.015333674900167217,1.7304438618715765,0.1464964496511694,8.393628278662767,-3.9889709590676774,7.38519507989342,0.0007753712920534187,0.0013951531953487542,0.0015961369236479766
433,-0.0031512769055610933,-0.015006366642478631,1.5,11279922.820247492,-5536814.283073959,1654313.029888866,94418.78795787175,12673978.177228017,0.014899629246248635,0.015333674900167217,4.505400621296505,0.28095796212888746,16.09770545058167,14.202451395728984,7.57802712621449,0.0033578458710081115,-0.001745599928365071,0.0037844746007014455
434,-0.0026272158560733277,-0.015106929628141351,1.5,12080650.926517367,-4909756.8258980345,672033.2328071388,100220.26304053687,13057544.469149416,0.015350552820604765,0.015333674900167217,4.540203065242922,0.21985786147888497,12.59692755551199,12.241136628519659,2.9727357569638855,0.0031447332014497447,-0.000904820602747174,0.003272315270791633
435,0.01304269642444079,0.00806285656103949,1.5,-5453727.875518941,11664428.379444644,797507.0733844113,97832.94845125919,12901087.34531722,0.015166620585166438,0.015333674900167217,0.5536868012851971,0.13169003643596927,7.545283291705073,6.656860222667859,3.552113726775389,-0.0006700980740864011,0.001651410824043918,0.0017821866172384182
436,-0.0054770335406416435,-0.014322139837981774,1.5,11395017.904153366,-3120364.6818056703,2514050.2184995646,85762.68945905715,12079054.486364968,0.014200232237691693,0.015333674900167217,4.347131412612361,0.2311222316982285,13.242328427953225,-5.530891748748759,12.031978168921395,-0.0018087080770923898,-0.0009260664305566681,0.0020319999857143748
437,-0.005255270848242814,-0.014404989214005936,1.5,12043541.130174827,-3699993.6082126275,192552.5397541995,93327.93506964193,12600552.056778815,0.014813308916799972,0.015333674900167217,4.362570357939243,0.053960133171962396,3.091687892717317,-2.964995272518953,0.8759777736421762,-0.0009055290225143987,-0.0002465067594623477,0.0009384819620410987
438,-0.0039773076016764814,-0.014808869308143163,1.5,10749171.217217704,-6264563.645860488,829323.977717518,91390.12506243872,12469050.396486318,0.014658714522188756,0.015333674900167217,4.450004819610834,0.2733199025008658,15.660076870226764,15.177249628572078,3.8586398242670974,0.00338736309663331,-0.00217205838726307,0.004023936677696737
439,0.0077075597189574805,0.013255757583884906,1.5,-12089116.427920528,5809392.266557391,2754929.2168612974,110204.66706013717,13692531.157695819,0.016097048206926617,0.015333674900167217,1.0441282413239075,0.21713768771596473,12.441073079354439,-4.447464516604449,11.618965476297022,0.0008779921035380412,-0.0009563035520878845,0.0012982244095729597
440,-0.003125342540588117,0.015011789365295809,1.5,-12394944.257964514,-2771247.4201381193,-1728269.4832905591,96576.99720495821,12818009.628196692,0.015068953762136503,0.015333674900167217,1.7760567743808815,0.13603504973062722,7.794234215417206,-0.8371585665160545,-7.749145277983183,0.0001325579017425996,0.0004401946071942199,0.00045972044713855643
441,-0.009284413305450068,0.012203329689785483,1.5,-11039860.197784964,-7622354.218796952,-240243.07964172703,105826.17660815726,13417768.583515074,0.015774035145929427,0.015333674900167217,2.221179912511396,0.04945581655573134,2.8336095610166296,2.641225306670132,-1.0262904187851134,-0.000323513242696985,-0.000775217501731729,0.0008400136863120157
442,-0.008592104893630733,0.01270028816369396,1.5,-12043681.681718944,-4120169.638064502,-1166616.977852914,96039.56253890716,12782294.843650559,0.015026967178215824,0.015333674900167217,2.1655952053471337,0.28013435808955167,16.050516415137803,15.150808641113603,-5.298308665316269,-0.003748400795330149,-0.0014583595243594268,0.004022104054437372
443,-0.0007801157919254962,-0.015313817463167262,1.5,12951757.807286704,1487191.4839486463,1075835.1847804629,100583.36282785126,13081176.940679042,0.015378335341533876,0.015333674900167217,4.661491023626644,0.184434088408486,10.567294864148945,-9.445084456838348,4.738997821170561,-0.002528469893467714,-8.762828110691831e-05,0.002529987888868717
444,0.00511365007585774,-0.014455869702155531,1.5,12169476.023592059,4288309.280752492,118041.41398409016,97869.17026005853,12903475.382686066,0.01516942798083372,0.015333674900167217,5.05239364433879,0.009227702813363516,0.5287084258067255,0.06926921486391763,0.5241510997710127,7.22796803128518e-05,-0.00014933718828218957,0.00016590945720530278
445,-0.0010347361024747677,0.015298722402287501,1.5,-12924915.43198638,-2017253.4260987688,391724.6770324584,100676.82858309134,13087253.284463592,0.015385478739470698,0.015333674900167217,1.638328933292933,0.09227125906128197,5.286753714569711,-5.000030159977411,1.717400139115202,0.0013367630215019657,0.00010408932948274136,0.0013408094436448573
446,0.008094247177969695,0.013023238789408254,1.5,-10025094.985654956,8423462.438370917,1448204.166600788,102016.0492179954,13174010.180283366,0.015487470834154327,0.015333674900167217,1.0147009718554698,0.1800421756205917,10.315656797413068,8.143140066653134,6.3326175486036425,-0.0018084420602784857,0.0012376576280751696,0.0021914057337054107
447,0.013281031818319034,-0.00766392717768218,1.5,6273037.8595376825,11148146.866727278,1094402.3051403738,96887.66813311847,12838609.69711327,0.015093171366507611,0.015333674900167217,5.75980567543177,0.08603060672786822,4.929190674456634,-0.6195727303898481,4.890097170497486,0.0001751819601102638,-0.000289294126575336,0.00033820084390648786
448,-0.014384507280897428,0.005311076748628941,1.5,-3383810.6616873364,-12557076.955611207,-2245432.1135640857,102379.18122882157,13197436.176769935,0.01551501062138553,0.015333674900167217,2.7878972123538284,0.19322882343549705,11.071196063132554,-5.133089711407101,-9.809320684072281,0.0003776919622245217,0.0013330421020779212,0.0013855152342148146
449,-0.014724434816055301,-0.004279322994558437,1.5,3881457.5282165483,-12141149.8032983,-225287.7858247752,95532.24316516364,12748489.544880252,0.014987225400914895,0.015333674900167217,3.424428631361078,0.031925884672286076,1.8292184489433976,-1.5233203022162365,-1.0126872127220348,-0.0004512028313783008,0.00028374925448467966,0.0005330080998112569
450,0.004167209856185683,0.014756556100883668,1.5,-12076413.78285207,3619965.9581451723,-352469.48718182824,93500.89403308218,12612222.569086846,0.014827028863613189,0.015333674900167217,1.29556610408338,0.032205759953957434,1.8452541213732014,0.9165984010122584,-1.6015024644709597,-8.845082952656756e-05,0.0005594282951817773,0.0005663775831491988
451,0.010668020223629936,0.011014305718121356,1.5,-8881207.441125555,10034611.818819484,357816.55749951635,105626.79285360775,13405122.627395708,0.01575916845963661,0.015333674900167217,0.8013676704397498,0.08136470442066102,4.661854164633308,4.403265432746566,1.5310577327743469,-0.0011287490022371914,0.0005734878248450787,0.0012660815910900034
452,0.012668148591450856,-0.008639421115383822,1.5,7856941.854924491,10578546.860993443,1598753.4709102565,103567.06251868894,13273778.725843148,0.015604759527451044,0.015333674900167217,5.684656110725494,0.12725441632313989,7.291140979716607,2.2977330205264814,6.919621359040182,0.00023192501675139109,0.0005972620326150872,0.0006407114397282434
453,-0.010193957569265274,-0.011454467033434484,1.5,8728013.482848661,-10249758.092821877,-43473.60830935729,106532.20941225543,13462453.352668488,0.015826566914883895,0.015333674900167217,3.985151531742907,0.13821263884325422,7.919000881084371,7.916825303082589,-0.18561270184530473,0.0018557393223687987,-0.001193745172293731,0.0022065348329361125
454,0.010048173095339348,-0.011582564629222518,1.5,8924549.261138937,9583145.601076892,-1570540.5658988962,102249.00331494346,13189043.058352223,0.015505143604818588,0.015333674900167217,5.426970065130928,0.1597239911938924,9.151510582394762,-6.06651051487173,-6.851831588169256,-0.001217848864948851,-0.001090793748650008,0.001634927172675022
455,-0.0014002672114488649,0.015269605026999204,1.5,-13004746.049379833,-930940.6232918331,2134939.0699461363,102600.02708169191,13211662.843311505,0.015531735603385284,0.015333674900167217,1.6622434695982915,0.1635216520226774,9.369100519906297,1.1349466893380404,9.300104330837856,-0.00030584603260842206,-1.8877552647750956e-05,0.00030642806277539364
456,-0.014889315009565543,0.0036646806804883168,1.5,-2395252.362550822,-12778814.992430368,-655874.4375058936,99612.50325158585,13017892.216823818,0.01530393731833953,0.015333674900167217,2.900261320210572,0.075356462516692,4.317607261242237,-3.208249578347182,-2.889440621533313,0.00013356122796157922,0.0008488030093927886,0.0008592468506598435
457,0.0028433243095773416,-0.015067750091323676,1.5,12560235.525000839,2096716.8894621942,2567244.6684009824,99189.85196666417,12990245.699965894,0.015271435853892214,0.015333674900167217,4.898898478124579,0.20003956361785552,11.461422730941853,1.1930491305320066,11.39915982822802,0.0003784073079475432,-0.00030183760898070365,0.0004840434204730966
458,0.0012201868528191962,0.015285049230808036,1.5,-12846136.044863796,1747432.646026154,-1723699.0578446838,100542.61650635855,13078527.0798191,0.015375220144094273,0.015333674900167217,1.4911364732255532,0.14331168199991717,8.211154533516224,3.1635439830450998,-7.577271820426081,-0.0008341088225009108,0.0001830298302030759,0.0008539540072615285
459,0.0022566002996849467,-0.015166718202415443,1.5,13048183.139570048,849055.4998845389,-1295129.6037927356,101486.3173141345,13139761.762538336,0.015447208122672904,0.015333674900167217,4.8600917512896915,0.12871579288057164,7.374871688736804,4.7242898128556545,-5.6630220015006065,0.0012584439212482272,0.00017282936490309493,0.0012702563096869156
460,-0.012516439939425483,0.008857782859540685,1.5,-8409835.970580311,-9546619.775273193,-482428.21704039973,95280.68745876424,12731693.80602206,0.014967480197127694,0.015333674900167217,2.525722989394551,0.11283543932682143,6.464994452931339,6.087910580068298,-2.1756603699855033,-0.0012933580295916864,-0.001028886995118784,0.0016526897595840091
461,0.009325841148797432,-0.012171699668140629,1.5,10733541.447758289,6542074.545517907,2548709.196531864,96695.85064339067,12825894.508311868,0.015078223289724794,0.015333674900167217,5.366171766393339,0.22625257705721463,12.963317769336838,6.015092011968939,11.483304214221258,0.0016349264362666227,0.00044673677182327856,0.0016948622939054851
462,0.013546383861429648,0.007184502085935844,1.5,-4289463.046489631,12758176.995947504,-357827.7171770379,106568.04422823402,13464717.381449351,0.015829228525071792,0.015333674900167217,0.4876420064426805,0.16543186789030445,9.478547827080247,9.35431168099064,-1.5296149466874722,-0.0014522301837786838,0.0021417753142413364,0.0025876966598447054
463,0.007870496575025096,0.01315966829394025,1.5,-11890408.399880543,6528036.230303391,677720.06144949,108424.18764103591,13581471.695725562,0.015966485822763936,0.015333674900167217,1.031791904939665,0.062078897164391605,3.5568588043462928,-2.113386750470848,2.860916111491214,0.00019608541718038174,-0.0008187901085696912,0.0008419422383527098
464,0.012598439519483253,0.008740761272219984,1.5,-6679677.873304159,10916433.095903853,1841968.5653126817,98268.74721164546,12929789.488775685,0.015200363052616172,0.015333674900167217,0.6065508266784168,0.1539788959021463,8.82234086927723,3.2682193109252005,8.194659294285207,-0.0002350057923201556,0.0008880789963877835,0.0009186468452289796
465,0.014620781887480746,-0.004621073786765696,1.5,3367717.4013680946,11742600.055289317,226832.79224031675,87748.33380055615,12218086.170493057,0.014363678988035014,0.015333674900167217,5.977058627774228,0.03262491259645178,1.8692697987598834,-1.5369705352366507,1.0639037336010142,0.0008160881469510498,-0.0006619585046610263,0.0010508039424588491
466,0.002704918538545872,-0.015093210448537746,1.5,12470734.681664497,3847377.9474766944,1133146.0356629884,100870.42885941954,13099830.55269565,0.015400264675738524,0.015333674900167217,4.889720733314862,0.1494238622466077,8.56135666527482,-6.967779808937195,4.9746228484391395,-0.0018180894851379365,-0.0004325158673376128,0.0018688283365434972
467,-0.006187600660412979,-0.014029796292579411,1.5,11267362.789971258,-5546100.405417836,-1363134.8467389592,93796.36687811973,12632134.83771444,0.014850437884510506,0.015333674900167217,4.297017134843019,0.11597575775554318,6.6449214452242495,2.399208627607083,-6.196674832070573,0.0003324389552200385,-0.0007837952496561156,0.000851381613808569
468,-0.015004277154445208,0.003161210688424881,1.5,-3696688.5012878403,-12265255.742671905,911164.9759521702,96947.81633020418,12842594.205303764,0.01509785558593239,0.015333674900167217,2.933942277214128,0.11076827458014513,6.346554637388556,4.86685711988883,4.073384040321462,-0.0005851452433152365,-0.001184645627394182,0.001321279765333066
469,-0.004438618414769079,-0.014677201794350683,1.5,12392062.695817666,-3757356.661791215,714234.0734537961,98863.38206319872,12968850.267185025,0.015246283213455232,0.015333674900167217,4.418717288689747,0.055105680100485145,3.157322896955845,0.041465533955972404,3.1570505990774675,-2.144012838071769e-05,-0.00010899462355891051,0.00011108333389726051
470,0.006463840944037542,0.013904687921496189,1.5,-10800684.284346556,7693650.914227963,1004486.1480197514,103956.68024103045,13298723.16508976,0.01563408440803178,0.015333674900167217,1.1356474001688186,0.19858382707596808,11.378015171008736,10.51104830618631,4.3562705077534885,-0.0025808760792270765,0.0012073178304152152,0.0028493047713372167
471,-0.013174195425448185,0.007846155799888137,1.5,-7175251.648636454,-10681087.577151995,1549822.874213,98734.50118912416,12960394.245295344,0.015236342247067835,0.015333674900167217,2.604436860440507,0.1315698493919001,7.538397081327757,3.100385062595592,6.871320325774733,-0.000617424171713548,-0.0005891269359860323,0.0008533950752848597
472,-0.014567539401284522,0.004786270127776024,1.5,-1999156.9966807798,-12416824.675676111,218384.60736813085,93003.4340260295,12578626.934629718,0.014787533569341413,0.015333674900167217,2.824146749926253,0.1587563069743966,9.096066360716241,-9.04104817000617,0.9989350460273709,2.9778149384407024e-05,0.002436045309722698,0.002436227306554689
473,-0.009741393974313091,0.011841740977628024,1.5,-9320727.74697056,-9675000.071859358,125451.25560116896,106097.04630362487,13434929.480319478,0.015794209632293794,0.015333674900167217,2.259185678197288,0.11603142247810716,6.648110798894932,-6.626451010991076,0.5362128246496604,0.0016326128302072175,0.0008842195275273572,0.0018566822092695142
474,-0.015311324917457216,0.0008275960464332282,1.5,-1004476.6511732897,-13553362.12296542,1229655.4225010835,109457.70995949928,13646048.90204752,0.0160424032985952,0.015333674900167217,3.087593962417139,0.09241258155359257,5.294850896929378,1.1415917792997206,5.1703205152242875,0.0006221150686688548,-0.0003532746699047727,0.0007154230574011296
475,-0.014977705996917248,-0.003284799691598751,1.5,1943306.6595422802,-12553588.890371706,2116831.0236666566,97487.29250032976,12878276.60769262,0.015139804101132191,0.015333674900167217,3.35748720131049,0.17638774331669826,10.106273249883705,3.5377309257571032,9.46684841424308,-0.00021960735095023602,-0.0010002329727629858,0.0010240573169474744
476,-0.006104219705438194,0.014066274834929046,1.5,-12208136.628568092,-5123947.294113557,2059224.3924282438,105530.70351522049,13399023.879111905,0.015751998722792804,0.015333674900167217,1.9802327723433955,0.15476225375583536,8.867223968142039,0.6849320655616948,8.840731246155944,-8.04666350104951e-05,-0.0002857073927218963,0.00029682249511426206
477,-0.013143350990139458,0.007897715536407869,1.5,-5017893.045734515,-12336014.40663458,1153601.6070531856,105033.10266181633,13367396.856790122,0.015714817744557883,0.015333674900167217,2.6005185870771994,0.1770681263612541,10.145256326789015,-8.844205665549055,4.970538409641608,0.0013589653674414334,0.001998640681355075,0.002416888794105494
478,-0.009812384186883863,-0.011782983599793798,1.5,10957604.321461888,-7017644.355304601,-3681962.909890772,107493.6364840625,13523064.579934169,0.015897821954287496,0.015333674900167217,4.017989823562497,0.3020142610316228,17.304142509874353,-6.966673496662638,-15.839785617013222,-0.0015623858348323416,0.0010988629312519305,0.001910117598098174
479,-0.01442010153945921,-0.005213660665569277,1.5,3318081.858364173,-13069098.995402576,1053082.7777213175,107521.10072739124,13524792.017150257,0.01589985274317682,0.015333674900167217,3.4885241972657814,0.12537041877390817,7.183195871532639,5.620598974828493,4.4729375239276985,0.0009440348738329312,-0.0013128973214159801,0.001617065620064323
480,-0.0032099517685632083,0.014993925289513618,1.5,-11941678.552305503,-5318104.617669434,-765507.0426302635,100791.8770264927,13094728.878575027,0.015394267107187472,0.015333674900167217,1.7816963003647739,0.21602246738733585,12.377175661296812,-11.90795594207003,-3.375657362991276,0.0030420541910500093,0.000955193289254936,0.0031884930486238464
481,0.005839170007771912,0.014178352498240234,1.5,-10185872.81460248,7954967.444157996,2431603.1297537824,101658.46548467662,13150901.330840401,0.015460303887502469,0.015333674900167217,1.1801274801091992,0.32849222078251267,18.821217853717606,15.423357182694145,10.786950204396755,-0.003512752800245391,0.00220375964627326,0.004146804651074642
482,-0.014829742123059418,-0.0038987606373789173,1.5,4554140.779608942,-12653109.53908595,-433259.5363335277,106409.61866416756,13454705.239225013,0.015817458171279376,0.015333674900167217,3.39867651339688,0.09407292583734692,5.389981616927174,-5.063379727413542,-1.8477249705598606,4.535378670694756e-05,0.0014551233761909907,0.001455830005840698
483,0.014615989025859278,-0.004636210817033588,1.5,3718992.2412047856,12451955.409312963,-1159720.7297928168,100060.13431497109,13047108.83593645,0.015338284607447952,0.015333674900167217,5.976023148927385,0.09059604060171213,5.190770767073952,-0.9673659318273705,-5.099833753197183,-2.2628493850020137e-05,-0.00026413404770575,0.00026510157278172424
484,0.006809594434217108,-0.01373866840656319,1.5,12145533.941566814,5771829.725436271,615518.1524092845,106514.11999702359,13461310.32630652,0.015825223164028887,0.015333674900167217,5.172551907316606,0.0486352447574026,2.7865942601849323,0.9466190711685633,2.6208815129638303,2.4185640000094072e-05,0.0005397176058272654,0.0005402592333520359
485,0.011626059409093779,0.009997816189560605,1.5,-7805580.422027657,10140496.399379935,499475.3216524856,96403.51140197428,12806491.65648105,0.0150554131432533,0.015333674900167217,0.7102415920928019,0.0667881243238028,3.8266776453489353,3.105227687734674,2.236296672791703,-0.0002951885693152998,0.0008215139493569987,0.0008729384058698225
486,-0.007498670435608326,0.013375033743589275,1.5,-10315989.480830675,-6734498.582745293,2608589.3206084487,93212.68801274202,12592769.686339853,0.01480415990039991,0.015333674900167217,2.081776932547857,0.2191178175183101,12.554526159916904,-3.80410728099373,11.964317569118949,0.00041845950095575207,0.0012474747070156927,0.0013157893063040242
487,-0.008951948596340763,0.012449265129817533,1.5,-10602265.671322353,-8279176.510708882,-937640.1777113519,106881.55300049679,13484508.525105122,0.015852495150491745,0.015333674900167217,2.194209562460924,0.08003565188565352,4.585705063626215,-2.263223137059739,-3.988296874913475,0.0007811169612009089,-1.4842466388127057e-05,0.0007812579637253145
488,-0.015003224751247633,-0.003166201668808943,1.5,3598263.9106652318,-12599430.521464005,1919879.8673340632,103088.52524378551,13243077.109984266,0.015568666464392124,0.015333674900167217,3.3495756788046536,0.16142882273797776,9.249190234651625,-3.993794445368025,8.342489192376727,-0.00019123432025721157,0.001063945917794727,0.0010809955972326168
489,0.0151152326229058,-0.0025790170025539578,1.5,4061873.7274063993,12144518.42864901,290502.6107246495,96442.48824820829,12809080.28735973,0.015058456358241394,0.015333674900167217,6.114189025675237,0.15541998519291675,8.904909203539878,8.80881454468446,1.3046816625693456,0.0008380404555542471,0.0021961539609067072,0.002350617796484956
490,0.004556010431950079,-0.014641186935763786,1.5,10451143.669514656,7987610.664639859,-1028184.7723382618,102328.14245558307,13194146.128369693,0.015511142814397041,0.015333674900167217,5.014068710373373,0.3591142090062322,20.575728539236042,-20.06354058669974,-4.562339755671962,-0.0048342880049173035,-0.0023547395632384296,0.005377279881609998
491,0.012183721396188832,0.00931012990693839,1.5,-8020736.893938405,10113083.130787397,1144396.664256948,98701.875402607,12958252.754795445,0.015233824693854734,0.015333674900167217,0.6524926223413291,0.09024397100418174,5.1705986650405915,-1.0303426214182256,5.066900890821584,0.0002947006737166868,-0.00011911198777408982,0.00031786184533624665
492,-0.0012839577813632372,0.015279824552647682,1.5,-13626487.363451976,-1729531.319515863,564041.3674118705,111089.4117253778,13747384.446346676,0.01616153416803579,0.015333674900167217,1.654628998905026,0.05901247514144772,3.3811657642256403,-2.428920975770498,2.3521532302623593,0.0007492929525588633,-0.0007395820460570739,0.0010528160008303191
493,-0.009112487669765064,-0.012332240445774556,1.5,10271386.96987531,-8679702.375761539,-463293.15225265455,106423.82652507041,13455603.448439203,0.015818514113154124,0.015333674900167217,4.076019564375273,0.0737568594419201,4.225956756161659,3.7362874899341243,-1.974554708664748,0.0010914392707905111,-0.0002571164747655272,0.0011213155503334352
494,-0.003616728551930496,-0.014901035552124183,1.5,12836346.431529442,-1343926.742553114,-1331689.3848097927,98957.57656967572,12975026.991000948,0.015253544618952921,0.015333674900167217,4.474276950319419,0.16854978442103602,9.657191285165238,-7.638798366608024,-5.908477217742147,-0.0020367976164221645,0.00018947510141601766,0.0020455916856302533
495,-0.01531864535453479,0.000678741811006089,1.5,-946889.2642226481,-13006375.896256618,-1338282.9452165063,101016.11840307269,13109287.336651165,0.015411382145946275,0.015333674900167217,3.097313401403178,0.10612030459612676,6.0802455740008154,1.6212070989929714,-5.86012574799648,-2.824671397525652e-05,-0.00043442871658087834,0.0004353460538933471
496,0.008255761324653518,-0.012921454674082688,1.5,11159103.932183156,6219815.172958709,725838.597311007,96246.16479013726,12796036.2231583,0.015043121652930416,0.015333674900167217,5.280934824321705,0.08260784266416622,4.7330807393374625,3.4373398811908515,3.2537282963182608,0.0009436972859299224,0.00019727639716247448,0.0009640967505125759
497,0.014748045578848047,0.004197229746897196,1.5,-4830828.958797897,12336895.284912728,1363414.6982805529,104273.36287051567,13318963.673632784,0.01565787931037653,0.015333674900167217,0.2772651514103124,0.14032567481025318,8.040068923952756,-5.478674250894842,5.884457218341609,0.0002446936537782475,-0.0014819310841870607,0.001501996911607739
498,-0.012485680012056258,0.008901088730068755,1.5,-6587990.775783606,-10510324.768263513,-1573594.9988442273,91900.0641799146,12503789.442267928,0.014699554019880526,0.015333674900167217,2.522258816972016,0.13941279308057036,7.987764653647329,-3.387161506869005,-7.234052881230722,-0.00012965887055219755,0.0011561945331347362,0.0011634419715497296
499,-0.009517151907130258,0.012022703752510291,1.5,-7997573.27806899,-9340485.654453792,1621317.2640624605,90424.5409469827,12403004.485602962,0.014581070425628695,0.015333674900167217,2.240393247003495,0.23293706607231676,13.34631077810375,-11.00013195170913,7.557850781188802,0.0014635970956823705,0.002620693188294887,0.003001691064327755
500,-0.011113602885976561,-0.010564535807920362,1.5,9656099.701634672,-8920976.387975514,-922862.8194703389,102087.29853309682,13178609.826013008,0.015492878214147996,0.015333674900167217,3.901668084284607,0.09546494614671942,5.469738505650714,-3.71089381516026,-4.01837111437003,-0.0006260323034268551,0.000787251571489159,0.00100582378265086
