*******************************************
***COMSOL 6.4.0.293 progress output file***
*******************************************
Fri Sep 04 10:34:31 CST 2026
COMSOL Multiphysics 6.4 (开发版本: 293) 在批处理模式下启动
正在运行: E:\imp\imp\project\muon-ion_beam\stage1_3d_feasibility\scripts\RunStage1AxialSourcePositionScan.class
AXIAL_SOURCE_CASE_START=axial_source_gap130mm_frac0p50
           当前进度:   2 % - 生成方程
Memory: 661/661 704/704
           当前进度:   3 % - 生成方程
Memory: 704/704 710/710
<---- Study 1 - 3D Electrostatics stationary/解 1 (sol1) 中的“编译方程: 稳态” -----------
开始于 2026年9月4日 10:34:47。
几何形函数: 二次拉格朗日单元
几何形函数: 二次拉格朗日单元
在 Intel64 Family 6 Model 186 Stepping 2, GenuineIntel 上运行。
在以下位置使用 1 个插槽： 陈红星 上（共 1 个内核）。
可用内存：15.90 GB。
           当前进度:   6 % - 编译方程: 稳态
Memory: 847/849 863/864
           当前进度:   7 % - 编译方程: 稳态
Memory: 886/909 894/926
时间：2。
物理内存: 909 MB
虚拟内存: 926 MB
Warning: 自由空间采用真空条件，这会导致某些材料属性被忽略。请考虑为忽略的材料添加合适的物理场特征。

  - 节点: 自由空间 1

  - 物理场: Electrostatics: four finite-thickness rounded ring electrodes (es)

  - Materials: Natural Neon gas, representative relative permittivity (mat_gas), Representative alumina ceramic; epsilon_r=9.4 assumption (mat_diel)

  - Quantities: 相对介电常数, 相对介电常数
结束时间：2026年9月4日 10:34:49。
----- Study 1 - 3D Electrostatics stationary/解 1 (sol1) 中的“编译方程: 稳态” ---------->
<---- Study 1 - 3D Electrostatics stationary/解 1 (sol1) 中的“因变量 1” --------------
开始于 2026年9月4日 10:34:49。
           当前进度:   7 % - 因变量 1
Memory: 890/909 897/926
求解时间：0 s。
物理内存: 890 MB
虚拟内存: 897 MB
结束时间：2026年9月4日 10:34:49。
----- Study 1 - 3D Electrostatics stationary/解 1 (sol1) 中的“因变量 1” ------------->
<---- Study 1 - 3D Electrostatics stationary/解 1 (sol1) 中的“稳态求解器 1” ------------
开始于 2026年9月4日 10:34:50。
线性求解器 
求解的自由度数：122163。
--         当前进度:  22 % - 组装稀疏模式
Memory: 911/911 913/926
--         当前进度:  29 % - 组装矩阵
Memory: 927/927 928/928
---        当前进度:  38 % - 
Memory: 946/954 948/956
找到对称矩阵。
缩放因变量：
电势 (comp1.V): 1
已使用正交零空间函数。
---        当前进度:  38 % - 组装延展
Memory: 964/968 969/973
-----      当前进度:  56 % - 组装矩阵
Memory: 944/982 946/984
Iter      SolEst     Damping    Stepsize #Res #Jac #Sol LinIt   LinErr   LinRes
--------   当前进度:  82 % - 求解线性方程组
Memory: 972/982 1004/1007
   1        0.76   1.0000000        0.76    1    1    1     4  2.8e-05  5.3e-08
---------- 当前进度: 100 % - 
Memory: 952/982 978/1007
求解时间：4 s。
物理内存: 982 MB
虚拟内存: 1007 MB
结束时间：2026年9月4日 10:34:54。
----- Study 1 - 3D Electrostatics stationary/解 1 (sol1) 中的“稳态求解器 1” ----------->
           当前进度:   2 % - 生成方程
Memory: 953/982 979/1007
           当前进度:   3 % - 生成方程
Memory: 1000/1000 1501/1501
<---- Study 2 - Single_Muon_Diagnostic/解 2 (sol2) 中的“编译方程: 瞬态” -----------------
开始于 2026年9月4日 10:34:55。
几何形函数: 二次拉格朗日单元
几何形函数: 二次拉格朗日单元
在 Intel64 Family 6 Model 186 Stepping 2, GenuineIntel 上运行。
在以下位置使用 1 个插槽： 陈红星 上（共 1 个内核）。
可用内存：15.90 GB。
           当前进度:   5 % - 编译方程: 瞬态
Memory: 1076/1097 1096/1501
时间：1。
物理内存: 1.1 GB
虚拟内存: 1.1 GB
Warning: 自由空间采用真空条件，这会导致某些材料属性被忽略。请考虑为忽略的材料添加合适的物理场特征。

  - 节点: 自由空间 1

  - 物理场: Electrostatics: four finite-thickness rounded ring electrodes (es)

  - Materials: Natural Neon gas, representative relative permittivity (mat_gas), Representative alumina ceramic; epsilon_r=9.4 assumption (mat_diel)

  - Quantities: 相对介电常数, 相对介电常数
结束时间：2026年9月4日 10:34:56。
----- Study 2 - Single_Muon_Diagnostic/解 2 (sol2) 中的“编译方程: 瞬态” ---------------->
<---- Study 2 - Single_Muon_Diagnostic/解 2 (sol2) 中的“因变量 1” --------------------
开始于 2026年9月4日 10:34:56。
不求解变量的值: 解 1 (sol1).
           当前进度:   5 % - 因变量 1
Memory: 1079/1097 1098/1501
求解时间：0 s。
物理内存: 1.08 GB
虚拟内存: 1.1 GB
结束时间：2026年9月4日 10:34:56。
----- Study 2 - Single_Muon_Diagnostic/解 2 (sol2) 中的“因变量 1” ------------------->
<---- Study 2 - Single_Muon_Diagnostic/解 2 (sol2) 中的“瞬态求解器 1” ------------------
开始于 2026年9月4日 10:34:57。
瞬态求解器（广义 α）
求解的自由度数：3（加上 4 个内部自由度）。
找到非对称矩阵。
缩放因变量：
颗粒位置 (comp1.qcpt): 1
Step        Time    Stepsize      Res  Jac  Sol Order Tfail NLfail LinIt   LinErr   LinRes
   0           0           - out    2    3    2                  0     0        0        0
   1    1.25e-10    1.25e-10        8    6    8     2     2      0    15  1.4e-10        -
   2  2.2537e-10  1.0037e-10       14    7   14     2     2      0    27  4.9e-07        -
   4  3.9701e-10  8.1301e-11       22    9   22     2     2      0    41  2.4e-07        -
   7   5.515e-10  5.1496e-11       28   10   28     2     2      0    50  3.2e-07        -
  13  8.6048e-10  5.1496e-11       40   10   40     2     2      0    72  2.7e-11        -
  16       1e-09  4.4014e-11 out   50   12   50     2     2      0    90  2.9e-08        -
  22  1.2641e-09  4.4014e-11       62   12   62     2     2      0   108  7.2e-07        -
  27  1.4701e-09  2.9929e-11       76   13   76     2     2      0   133    4e-09        -
  31  1.6796e-09  5.9859e-11       84   15   84     2     2      0   146  6.8e-11        -
  36  1.9595e-09  4.0494e-11       98   16   98     2     2      0   173  1.9e-08        -
  40  2.1215e-09  4.0494e-11      106   17  106     2     2      0   185  2.5e-07        -
  46  2.3644e-09  4.0494e-11      118   17  118     2     2      0   203  7.2e-07        -
  49  2.4727e-09  2.7282e-11      128   18  128     2     2      0   220  2.5e-09        -
  52  2.6091e-09  5.4564e-11      134   20  134     2     2      0   229  3.9e-07        -
  57  2.8819e-09  5.4564e-11      144   20  144     2     2      0   248  5.6e-11        -
  61  3.0317e-09  3.1744e-11      152   21  152     2     2      0   261  3.6e-08        -
  67  3.2222e-09  3.1744e-11      164   21  164     2     2      0   279  1.3e-07        -
  74  3.4444e-09  3.1744e-11      178   21  178     2     2      0   300  2.3e-07        -
           当前进度:   7 % - 正在组装残差
Memory: 1056/1097 1074/1501
  77  3.5556e-09  5.5582e-11      188   22  188     2     2      0   319  5.3e-08        -
  83  3.8891e-09  5.5582e-11      200   22  200     2     2      0   339  7.1e-11        -
  89  4.2219e-09  5.5463e-11      212   22  212     2     2      0   363  3.9e-11        -
  94  4.4719e-09  2.8147e-11      222   23  222     2     2      0   382  2.1e-09        -
  98  4.6689e-09  5.6293e-11      230   24  230     2     2      0   394  6.2e-07        -
 102  4.8941e-09  5.6293e-11      238   24  238     2     2      0   409  8.7e-11        -
 105   5.053e-09  5.2973e-11      247   24  247     2     2      0   427    6e-10        -
 110  5.3178e-09  5.2973e-11      262   24  262     2     2      0   457  6.3e-10        -
 113  5.4619e-09  3.8106e-11      274   25  274     2     2      0   480  1.1e-08        -
 118  5.6524e-09  3.8106e-11      284   26  284     2     2      0   495  1.8e-07        -
 124  5.8811e-09  3.8106e-11      296   26  296     2     2      0   513  4.3e-07        -
 129  6.0427e-09  4.2724e-11      306   28  306     2     2      0   528    2e-08        -
 135  6.2991e-09  4.2724e-11      318   28  318     2     2      0   546  5.2e-07        -
 139  6.4636e-09   3.638e-11      330   29  330     2     2      0   566  1.1e-08        -
 144  6.6455e-09   3.638e-11      340   30  340     2     2      0   581  1.9e-07        -
 150  6.8638e-09   3.638e-11      352   30  352     2     2      0   599    5e-07        -
 153  6.9683e-09  3.1722e-11      362   31  362     2     2      0   616  7.3e-09        -
 157  7.1903e-09  6.3444e-11      370   33  370     2     2      0   630  1.3e-10        -
 160   7.368e-09    5.71e-11      380   35  380     2     2      0   648  1.7e-07        -
 165  7.5749e-09  3.7462e-11      390   36  390     2     2      0   663  2.6e-07        -
 172  7.8372e-09  3.7462e-11      404   36  404     2     2      0   684  7.8e-07        -
 176  7.9748e-09   2.523e-11      416   37  416     2     2      0   704  2.6e-09        -
 180  8.1514e-09   5.046e-11      424   39  424     2     2      0   716  7.1e-07        -
 186  8.4518e-09  4.8158e-11      437   39  437     2     2      0   742  3.2e-10        -
 191  8.6926e-09  4.8158e-11      452   39  452     2     2      0   772  3.1e-10        -
 195  8.8853e-09  4.8158e-11      464   39  464     2     2      0   796    3e-10        -
 199  9.0666e-09  6.6577e-11      473   41  473     2     2      0   811  2.5e-07        -
 205  9.4497e-09  5.0269e-11      489   42  489     2     2      0   842  6.2e-08        -
 210  9.7011e-09  5.0269e-11      499   43  499     2     2      0   858  5.4e-11        -
 216       1e-08  4.8922e-11 out  511   43  511     2     2      0   882    1e-09        -
 222  1.0294e-08  4.8922e-11      523   43  523     2     2      0   906  9.3e-10        -
 227    1.05e-08   2.985e-11 out  533   44  533     2     2      0   924  1.6e-08        -
 230  1.0643e-08   5.373e-11      543   46  543     2     2      0   941  5.6e-08        -
 235  1.0912e-08   5.373e-11      553   47  553     2     2      0   956  8.9e-07        -
 238  1.1044e-08  4.4036e-11      563   49  563     2     2      0   973    9e-08        -
 244  1.1308e-08  4.4036e-11      575   49  575     2     2      0   991  5.2e-07        -
 248   1.147e-08  2.9821e-11      587   50  587     2     2      0  1011  2.5e-09        -
 252  1.1649e-08  5.9643e-11      595   52  595     2     2      0  1023  4.1e-07        -
 256  1.1888e-08  5.9643e-11      603   52  603     2     2      0  1038    2e-10        -
 260  1.2112e-08  5.6161e-11      615   52  615     2     2      0  1062  3.6e-10        -
 264  1.2337e-08  5.6161e-11      627   52  627     2     2      0  1086  4.2e-10        -
 267    1.25e-08  5.3437e-11 out  638   54  638     2     2      0  1106  5.9e-08        -
 273  1.2821e-08  5.3437e-11      650   54  650     2     2      0  1126  1.2e-10        -
 276  1.2964e-08  3.6251e-11      660   55  660     2     2      0  1145  8.9e-09        -
 281  1.3145e-08  3.6251e-11      670   56  670     2     2      0  1160  1.5e-07        -
 286  1.3326e-08  3.6251e-11      680   56  680     2     2      0  1175  3.3e-07        -
           当前进度:   9 % - 
Memory: 1063/1097 1082/1501
 290  1.3468e-08  3.2494e-11      690   56  690     2     2      0  1192  7.6e-11        -
 294  1.3695e-08  6.4989e-11      700   57  700     2     2      0  1210  1.9e-10        -
 297  1.3883e-08   5.849e-11      710   58  710     2     2      0  1229  1.2e-07        -
 300  1.4058e-08  5.8283e-11      716   59  716     2     2      0  1239  9.9e-11        -
 305   1.435e-08  5.8283e-11      726   59  726     2     2      0  1259  2.6e-10        -
 308    1.45e-08   4.601e-11 out  736   61  736     2     2      0  1277    5e-08        -
 313   1.473e-08   4.601e-11      746   61  746     2     2      0  1293  5.1e-11        -
 318  1.4957e-08  4.2956e-11      758   61  758     2     2      0  1317  5.2e-11        -
 322  1.5129e-08  4.2956e-11      774   61  774     2     2      0  1349  5.2e-11        -
 325  1.5258e-08  4.2956e-11      786   61  786     2     2      0  1373  5.3e-11        -
 329   1.543e-08  4.2956e-11      802   61  802     2     2      0  1405  5.4e-11        -
 331    1.55e-08  3.5221e-11 out  810   63  810     2     2      0  1419  1.3e-08        -
 333  1.5629e-08  5.8571e-11      818   65  818     2     2      0  1433  1.7e-07        -
 338  1.5922e-08  5.8571e-11      828   66  828     2     2      0  1451    2e-10        -
 340     1.6e-08  3.9067e-11 out  836   68  836     2     2      0  1465    2e-08        -
 346  1.6234e-08  3.9067e-11      848   68  848     2     2      0  1483  4.6e-07        -
 352  1.6465e-08  3.5134e-11      862   68  862     2     2      0  1506  7.1e-11        -
 356  1.6711e-08  7.0267e-11      872   69  872     2     2      0  1525  3.7e-10        -
 361     1.7e-08  3.9198e-11 out  882   70  882     2     2      0  1543  9.8e-08        -
 366  1.7264e-08  6.8474e-11      896   72  896     2     2      0  1566  3.1e-07        -
 368  1.7395e-08  6.1627e-11      904   74  904     2     2      0  1580  1.7e-07        -
 373  1.7658e-08  5.2716e-11      914   75  914     2     2      0  1596  1.2e-10        -
 378  1.7922e-08  5.2716e-11      924   75  924     2     2      0  1616  2.4e-10        -
 380     1.8e-08  3.9134e-11 out  932   77  932     2     2      0  1630  1.2e-08        -
 382  1.8106e-08  5.0343e-11      940   79  940     2     3      0  1644  1.8e-11        -
 385  1.8257e-08  5.0343e-11      952   79  952     2     3      0  1668    4e-11        -
 388  1.8408e-08  5.0343e-11      964   79  964     2     3      0  1692  5.8e-11        -
 390    1.85e-08  4.5831e-11 out  972   81  972     2     3      0  1706  2.3e-08        -
 396  1.8775e-08  4.5831e-11      984   81  984     2     3      0  1724  5.6e-07        -
 401     1.9e-08   4.376e-11 out  996   81  996     2     3      0  1745  2.7e-11        -
 404  1.9131e-08   4.376e-11     1005   81 1005     2     3      0  1763  2.3e-11        -
 405  1.9175e-08   4.376e-11     1008   81 1008     2     3      0  1769    2e-11        -
 408  1.9306e-08   4.376e-11     1017   81 1017     2     3      0  1787  1.1e-11        -
 412  1.9469e-08  3.1198e-11     1032   82 1032     2     3      0  1816  4.2e-09        -
 416  1.9687e-08  6.2397e-11     1040   84 1040     2     3      0  1829  1.9e-10        -
 421  1.9968e-08  3.1611e-11     1050   85 1050     2     3      0  1848  4.7e-09        -
 425   2.019e-08  6.3221e-11     1058   86 1058     2     3      0  1861    2e-10        -
 430    2.05e-08  6.0337e-11 out 1070   86 1070     2     3      0  1885  2.4e-11        -
 434  2.0741e-08  6.0337e-11     1082   86 1082     2     3      0  1909  1.9e-11        -
 438  2.0961e-08  3.8822e-11     1093   87 1093     2     3      0  1930  1.4e-08        -
 441  2.1144e-08  6.6687e-11     1103   89 1103     2     3      0  1947  2.3e-07        -
 443  2.1271e-08  6.0018e-11     1111   91 1111     2     3      0  1961  1.4e-07        -
 446  2.1446e-08  5.4463e-11     1121   93 1121     2     3      0  1978  9.2e-08        -
 451  2.1718e-08  5.4463e-11     1131   94 1131     2     3      0  1995  1.7e-10        -
 456  2.1968e-08  3.2147e-11     1141   95 1141     2     3      0  2014    8e-09        -
 459  2.2122e-08  5.7864e-11     1151   97 1151     2     3      0  2031  1.5e-07        -
 463  2.2348e-08  5.2078e-11     1163   99 1163     2     3      0  2052  8.8e-08        -
 467   2.255e-08  5.0048e-11     1174  100 1174     2     3      0  2073  4.6e-11        -
 471   2.275e-08  5.0048e-11     1186  100 1186     2     3      0  2097  2.5e-11        -
-          当前进度:  11 % - 正在组装残差
Memory: 1060/1097 1078/1501
 474    2.29e-08  5.0048e-11     1195  100 1195     2     3      0  2115  1.9e-11        -
 478    2.31e-08  4.9808e-11     1207  100 1207     2     3      0  2139  3.1e-11        -
 482  2.3299e-08  4.9808e-11     1219  100 1219     2     3      0  2163  3.5e-11        -
 486  2.3474e-08  2.5864e-11     1230  101 1230     2     3      0  2184  2.3e-09        -
 491  2.3707e-08  5.1728e-11     1240  102 1240     2     3      0  2199  9.3e-07        -
 496  2.3957e-08   4.309e-11     1254  103 1254     2     3      0  2226  3.2e-08        -
 501  2.4172e-08   4.309e-11     1264  104 1264     2     3      0  2241  5.5e-07        -
 507  2.4444e-08  5.6097e-11     1280  105 1280     2     3      0  2269  1.2e-07        -
 511  2.4668e-08  5.6097e-11     1288  106 1288     2     3      0  2283  1.8e-10        -
 517     2.5e-08   5.366e-11 out 1302  106 1302     2     3      0  2311  2.1e-10        -
 521  2.5215e-08   5.366e-11     1314  106 1314     2     3      0  2335  2.2e-10        -
 525  2.5429e-08   5.366e-11     1326  106 1326     2     3      0  2359  2.2e-10        -
 529  2.5606e-08  7.0722e-11     1334  108 1334     2     3      0  2371    2e-07        -
 531  2.5725e-08   5.943e-11     1342  110 1342     2     3      0  2385  8.2e-08        -
 534  2.5885e-08  5.3487e-11     1354  110 1354     2     3      0  2409  4.4e-10        -
 537     2.6e-08  3.0553e-11 out 1362  111 1362     2     3      0  2423  1.4e-08        -
 541  2.6214e-08  6.1106e-11     1370  112 1370     2     3      0  2435  8.3e-07        -
 545  2.6449e-08  5.1405e-11     1382  113 1382     2     3      0  2458  4.3e-08        -
 550  2.6706e-08  5.1405e-11     1392  114 1392     2     3      0  2473  7.5e-07        -
 555  2.6956e-08  4.4381e-11     1406  115 1406     2     3      0  2499  2.4e-08        -
 560  2.7178e-08  4.4381e-11     1416  116 1416     2     3      0  2514  4.1e-07        -
 567  2.7472e-08  2.8093e-11     1430  117 1430     2     3      0  2535  2.7e-09        -
 571  2.7669e-08  5.6187e-11     1438  118 1438     2     3      0  2547  7.7e-07        -
 577     2.8e-08  5.3346e-11 out 1452  118 1452     2     3      0  2575  3.3e-10        -
 581  2.8213e-08  5.3346e-11     1464  118 1464     2     3      0  2599    3e-10        -
 585  2.8427e-08  5.3346e-11     1476  118 1476     2     3      0  2623  2.3e-10        -
 589  2.8639e-08  6.5908e-11     1488  121 1488     2     3      0  2643  1.9e-07        -
 594  2.8951e-08  4.8615e-11     1502  123 1502     2     3      0  2668  4.5e-08        -
 596  2.9069e-08  6.9084e-11     1508  126 1508     2     4      0  2678  2.7e-07        -
 598  2.9193e-08  6.2176e-11     1516  128 1516     2     4      0  2692  1.6e-07        -
 603    2.95e-08  6.0019e-11 out 1528  128 1528     2     4      0  2715  1.6e-10        -
 608    2.98e-08  6.0019e-11     1543  128 1543     2     4      0  2745  1.8e-10        -
 612       3e-08  3.9933e-11 out 1553  129 1553     2     4      0  2763  9.1e-08        -
 615  3.0158e-08  5.6103e-11     1565  132 1565     2     5      0  2783    1e-07        -
 620  3.0439e-08  5.6103e-11     1575  133 1575     2     5      0  2800  2.5e-10        -
 624  3.0592e-08  6.1109e-11     1583  135 1583     2     5      0  2812  1.5e-07        -
 630  3.0949e-08  5.1394e-11     1599  136 1599     2     5      0  2842  6.1e-08        -
 635  3.1206e-08  5.1394e-11     1609  137 1609     2     5      0  2858  1.4e-10        -
 640  3.1456e-08  4.4422e-11     1623  138 1623     2     5      0  2885  3.2e-08        -
 644  3.1633e-08  4.4422e-11     1631  139 1631     2     5      0  2897  4.2e-07        -
 649    3.19e-08  8.8844e-11     1641  140 1641     2     5      0  2913  8.5e-11        -
 653  3.2121e-08  7.0448e-11     1651  143 1651     2     6      0  2929    3e-07        -
 655  3.2247e-08  6.3403e-11     1659  145 1659     2     6      0  2943  1.6e-07        -
 659    3.25e-08   6.292e-11 out 1667  145 1667     2     6      0  2958  1.5e-09        -
 661  3.2613e-08  5.6628e-11     1675  147 1675     2     6      0  2972    7e-08        -
 667  3.2948e-08  5.1801e-11     1689  147 1689     2     6      0  2997  3.8e-10        -
-          当前进度:  13 % - 
Memory: 1064/1097 1081/1501
 669  3.3067e-08  6.7118e-11     1697  149 1697     2     7      0  3012  1.3e-07        -
 672  3.3248e-08  6.0406e-11     1709  149 1709     2     7      0  3036  1.3e-09        -
 674  3.3369e-08  6.0406e-11     1717  149 1717     2     7      0  3052  1.3e-09        -
 677    3.35e-08  3.5221e-11 out 1725  150 1725     2     7      0  3066  2.5e-08        -
 680  3.3669e-08  6.3398e-11     1735  152 1735     2     7      0  3083  9.5e-08        -
 682  3.3796e-08  6.3398e-11     1739  153 1739     2     7      0  3089  4.8e-07        -
 686     3.4e-08  3.8672e-11 out 1747  154 1747     2     7      0  3102  4.3e-08        -
 688  3.4147e-08  6.9609e-11     1755  156 1755     2     7      0  3116  1.5e-07        -
 692  3.4425e-08  6.9609e-11     1763  157 1763     2     7      0  3130  6.5e-10        -
 695  3.4575e-08  7.4611e-11     1769  159 1769     2     7      0  3139  2.4e-07        -
 700  3.4937e-08  6.3472e-11     1783  160 1783     2     7      0  3166  1.2e-07        -
 704   3.519e-08  6.3472e-11     1791  161 1791     2     7      0  3180  3.8e-10        -
 709    3.55e-08  5.9583e-11 out 1803  161 1803     2     7      0  3204  1.1e-09        -
 713  3.5738e-08  5.9583e-11     1815  161 1815     2     7      0  3228  9.9e-10        -
 717  3.5959e-08  4.1461e-11     1826  162 1826     2     7      0  3249  1.5e-08        -
 721  3.6199e-08   7.463e-11     1838  164 1838     2     7      0  3269  2.9e-07        -
 723  3.6341e-08  6.7167e-11     1846  166 1846     2     7      0  3283  1.7e-07        -
 725  3.6454e-08  4.6012e-11     1854  168 1854     2     7      0  3297  2.6e-08        -
 728  3.6638e-08  9.2023e-11     1860  170 1860     2     7      0  3306  8.4e-07        -
 730  3.6786e-08  7.3886e-11     1868  172 1868     2     7      0  3320  2.8e-07        -
 732  3.6919e-08  6.6497e-11     1876  174 1876     2     7      0  3334  1.7e-07        -
 736  3.7122e-08    8.12e-11     1884  176 1884     2     7      0  3346  4.5e-07        -
 738  3.7264e-08  7.1324e-11     1892  178 1892     2     7      0  3360  2.4e-07        -
 740  3.7393e-08  6.4192e-11     1900  180 1900     2     7      0  3374  1.4e-07        -
 741  3.7446e-08  5.3584e-11     1906  181 1906     2     7      0  3385  8.3e-08        -
 745  3.7661e-08  5.3584e-11     1914  182 1914     2     7      0  3397  5.7e-07        -
 750  3.7929e-08  5.3584e-11     1924  182 1924     2     7      0  3415  3.3e-10        -
 754  3.8107e-08   7.133e-11     1932  184 1932     2     7      0  3427    2e-07        -
 758  3.8392e-08   7.133e-11     1940  184 1940     2     7      0  3443  9.3e-10        -
 760    3.85e-08  5.3843e-11 out 1948  186 1948     2     7      0  3457  5.5e-08        -
 764  3.8715e-08  5.3843e-11     1956  186 1956     2     7      0  3469  9.2e-07        -
 769  3.8965e-08  3.4629e-11     1966  187 1966     2     7      0  3488    7e-09        -
 773  3.9208e-08  6.9257e-11     1974  188 1974     2     7      0  3502    4e-10        -
 777  3.9458e-08  4.2228e-11     1982  189 1982     2     7      0  3517  1.5e-08        -
 780  3.9658e-08  7.3391e-11     1992  191 1992     2     7      0  3534  2.2e-07        -
 782  3.9797e-08  6.6052e-11     2000  193 2000     2     7      0  3548  1.2e-07        -
 785  3.9965e-08  3.5304e-11     2006  195 2006     2     7      0  3557  4.3e-09        -
 788  4.0134e-08  6.3547e-11     2014  196 2014     2     7      0  3571  1.6e-09        -
 790  4.0261e-08  6.3547e-11     2022  196 2022     2     7      0  3587  1.7e-09        -
 793  4.0444e-08  5.5827e-11     2036  197 2036     2     7      0  3614    3e-08        -
 795  4.0556e-08  5.5827e-11     2040  198 2040     2     7      0  3620  1.4e-07        -
 799  4.0779e-08  5.5827e-11     2048  198 2048     2     7      0  3632    6e-07        -
 803     4.1e-08  5.4605e-11 out 2056  198 2056     2     7      0  3646  2.1e-09        -
 808  4.1273e-08  5.4605e-11     2066  198 2066     2     7      0  3666    2e-09        -
 812  4.1468e-08  3.1581e-11     2074  199 2074     2     7      0  3681  1.7e-09        -
 815  4.1626e-08  6.3163e-11     2080  200 2080     2     7      0  3690  2.7e-07        -
 819  4.1879e-08  6.3163e-11     2088  200 2088     2     7      0  3704    5e-10        -
-          当前进度:  15 % - 
Memory: 1063/1097 1080/1501
 822  4.2061e-08  6.0512e-11     2097  200 2097     2     7      0  3722  5.8e-10        -
 825  4.2242e-08  6.0512e-11     2106  200 2106     2     7      0  3740  5.6e-10        -
 829  4.2462e-08  3.8208e-11     2117  201 2117     2     7      0  3761  4.2e-09        -
 832  4.2615e-08  7.6415e-11     2123  202 2123     2     7      0  3770  1.3e-07        -
 837   4.296e-08  3.9857e-11     2133  203 2133     2     7      0  3788  4.4e-09        -
 841  4.3199e-08  7.9715e-11     2141  204 2141     2     7      0  3800  9.1e-07        -
 844  4.3429e-08  7.0642e-11     2151  205 2151     2     7      0  3819  5.6e-08        -
 848  4.3712e-08  7.0642e-11     2159  206 2159     2     7      0  3831  7.6e-07        -
 852  4.3962e-08  3.8075e-11     2167  207 2167     2     7      0  3845  2.2e-09        -
 856  4.4228e-08   7.615e-11     2175  208 2175     2     7      0  3857    7e-07        -
 859   4.444e-08  5.9625e-11     2185  209 2185     2     7      0  3875  1.8e-08        -
 862  4.4619e-08  5.9625e-11     2191  210 2191     2     7      0  3884  1.4e-07        -
 867  4.4917e-08  5.9625e-11     2201  210 2201     2     7      0  3899  4.8e-07        -
 869     4.5e-08  4.1312e-11 out 2209  212 2209     2     7      0  3913  3.3e-09        -
 873   4.533e-08  8.2624e-11     2217  213 2217     2     7      0  3926    7e-10        -
 876    4.55e-08   4.344e-11 out 2223  214 2223     2     7      0  3936  2.2e-08        -
 881  4.5717e-08   4.344e-11     2233  214 2233     2     7      0  3951  1.1e-07        -
 885  4.5891e-08   4.344e-11     2241  214 2241     2     7      0  3963  1.8e-07        -
 887     4.6e-08  6.5599e-11 out 2245  215 2245     2     7      0  3969  3.9e-08        -
 892  4.6328e-08  6.5599e-11     2255  215 2255     2     7      0  3984  9.5e-07        -
 894  4.6447e-08  5.3204e-11     2263  216 2263     2     7      0  3999  1.2e-08        -
 897   4.666e-08  1.0641e-10     2269  218 2269     2     7      0  4008  3.2e-07        -
 899  4.6831e-08  8.5738e-11     2277  220 2277     2     7      0  4022  1.1e-07        -
 901     4.7e-08  9.1748e-11 out 2285  222 2285     2     7      0  4036  1.8e-07        -
 903  4.7164e-08  8.2136e-11     2293  224 2293     2     7      0  4050  6.2e-08        -
 906  4.7386e-08  7.3922e-11     2305  224 2305     2     7      0  4074  5.8e-10        -
 907  4.7443e-08  5.6981e-11     2311  225 2311     2     7      0  4085  6.6e-09        -
 911  4.7671e-08  5.6981e-11     2319  226 2319     2     7      0  4097  7.1e-08        -
 915  4.7899e-08  5.6981e-11     2327  226 2327     2     7      0  4109  1.7e-07        -
 917     4.8e-08  5.0568e-11 out 2335  226 2335     2     7      0  4125  1.7e-10        -
 920  4.8152e-08  5.0568e-11     2347  226 2347     2     7      0  4149  1.6e-10        -
 922  4.8253e-08  5.0568e-11     2355  226 2355     2     7      0  4165  1.7e-10        -
 924  4.8354e-08  5.0568e-11     2363  226 2363     2     7      0  4181  1.5e-10        -
 926  4.8452e-08  4.7728e-11     2373  227 2373     2     7      0  4200  3.7e-09        -
 929  4.8595e-08  4.7728e-11     2379  228 2379     2     7      0  4209  3.2e-08        -
 934  4.8834e-08  4.7728e-11     2389  228 2389     2     7      0  4224  9.6e-08        -
 937  4.8965e-08  3.5225e-11     2399  229 2399     2     7      0  4241    1e-09        -
 939   4.907e-08  7.0451e-11     2403  231 2403     2     7      0  4247  2.9e-08        -
 944  4.9423e-08  7.0451e-11     2413  231 2413     2     7      0  4262  6.4e-07        -
 947  4.9577e-08  7.7294e-11     2419  233 2419     2     7      0  4271  8.6e-08        -
 950  4.9809e-08  7.7294e-11     2425  233 2425     2     7      0  4281    6e-10        -
 952       5e-08  1.1353e-10 out 2433  234 2433     2     7      0  4296  3.9e-07        -
 954  5.0196e-08  1.0066e-10     2439  237 2439     2     8      0  4307  3.6e-07        -
 955  5.0287e-08  9.0598e-11     2445  238 2445     2     8      0  4318  2.1e-07        -
 957  5.0447e-08  5.3285e-11     2449  240 2449     2     8      0  4324  1.5e-08        -
 960   5.066e-08  1.0657e-10     2455  241 2455     2     8      0  4333  4.8e-07        -
-          当前进度:  16 % - 正在组装残差
 961  5.0752e-08   9.204e-11     2461  242 2461     2     8      0  4344  2.2e-07        -
 963  5.0922e-08  7.8033e-11     2469  244 2469     2     8      0  4358  1.1e-07        -
 967  5.1234e-08  7.8033e-11     2477  245 2477     2     8      0  4371  8.3e-10        -
 970  5.1445e-08  5.4916e-11     2487  246 2487     2     8      0  4390  1.7e-08        -
 974  5.1665e-08  5.4916e-11     2495  247 2495     2     8      0  4402  2.2e-07        -
 979  5.1939e-08  5.4916e-11     2505  247 2505     2     8      0  4417  5.3e-07        -
 982  5.2061e-08  6.0669e-11     2511  249 2511     2     8      0  4426  2.5e-08        -
 987  5.2364e-08  6.0669e-11     2521  249 2521     2     8      0  4441  4.9e-07        -
 991  5.2575e-08  7.5316e-11     2529  251 2529     2     8      0  4453  8.8e-08        -
 996  5.2938e-08  6.1711e-11     2543  252 2543     2     8      0  4478    4e-08        -
1000  5.3185e-08  6.1711e-11     2551  253 2551     2     8      0  4490  5.7e-07        -
1005  5.3466e-08  3.4011e-11     2561  254 2561     2     8      0  4507    2e-09        -
1009  5.3704e-08  6.8021e-11     2569  255 2569     2     8      0  4519  4.9e-07        -
1012  5.3943e-08  5.6979e-11     2575  257 2575     2     8      0  4530    3e-08        -
1016  5.4266e-08  9.5336e-11     2587  259 2587     2     8      0  4553    4e-07        -
1018  5.4431e-08  6.9196e-11     2595  261 2595     2     8      0  4567  6.9e-08        -
1022  5.4708e-08  6.9196e-11     2603  262 2603     2     8      0  4579  8.5e-07        -
1026  5.4958e-08  4.2411e-11     2611  263 2611     2     8      0  4594  4.3e-09        -
1030  5.5212e-08  8.4821e-11     2619  264 2619     2     8      0  4606  2.4e-07        -
1033  5.5441e-08  5.9152e-11     2629  265 2629     2     8      0  4623    7e-09        -
1035  5.5559e-08  5.9152e-11     2633  266 2633     2     8      0  4629    4e-08        -
1037  5.5677e-08  5.9152e-11     2637  266 2637     2     8      0  4635    1e-07        -
1042  5.5957e-08  4.2967e-11     2651  267 2651     2     8      0  4658  1.5e-09        -
1044  5.6086e-08  8.5934e-11     2655  269 2655     2     8      0  4664  2.2e-07        -
1048  5.6422e-08  7.8132e-11     2665  269 2665     2     8      0  4684  5.9e-09        -
1051  5.6656e-08  7.8132e-11     2677  269 2677     2     8      0  4708  5.9e-09        -
1054  5.6891e-08  7.8132e-11     2689  269 2689     2     8      0  4732  5.8e-09        -
1057  5.7055e-08  5.4669e-11     2695  270 2695     2     8      0  4741  3.3e-07        -
1062  5.7383e-08  1.0934e-10     2705  271 2705     2     8      0  4758  1.6e-09        -
1064    5.75e-08  5.8658e-11 out 2709  272 2709     2     8      0  4764  2.6e-07        -
1067  5.7776e-08  1.0006e-10     2719  274 2719     2     8      0  4785  5.1e-07        -
1069  5.7938e-08  6.1958e-11     2723  276 2723     2     8      0  4792  4.4e-08        -
1073  5.8186e-08  6.1958e-11     2731  276 2731     2     8      0  4804  7.5e-07        -
1077  5.8434e-08  6.1958e-11     2739  276 2739     2     8      0  4819  1.1e-09        -
1080  5.8566e-08  6.6296e-11     2745  278 2745     2     8      0  4828  5.8e-08        -
1083  5.8765e-08  6.6296e-11     2751  278 2751     2     8      0  4837  7.5e-07        -
1086  5.8949e-08  5.1112e-11     2761  279 2761     2     8      0  4855  1.4e-08        -
1089  5.9102e-08  5.1112e-11     2767  280 2767     2     8      0  4864  1.5e-07        -
1093  5.9307e-08  5.1112e-11     2775  280 2775     2     8      0  4876    4e-07        -
1096  5.9454e-08  4.5551e-11     2783  280 2783     2     8      0  4890  1.6e-09        -
1098  5.9591e-08  9.1103e-11     2789  281 2789     2     8      0  4901  2.4e-07        -
1102  5.9932e-08  6.7795e-11     2801  282 2801     2     8      0  4924  7.6e-08        -
-          当前进度:  18 % - 
Memory: 1069/1097 1087/1501
1104  6.0068e-08  6.7795e-11     2805  283 2805     2     8      0  4930  3.9e-07        -
1108  6.0339e-08  6.7795e-11     2813  283 2813     2     8      0  4945  1.6e-09        -
1110  6.0453e-08  4.6616e-11     2821  284 2821     2     8      0  4960  1.6e-08        -
1113  6.0593e-08  4.6616e-11     2827  285 2827     2     8      0  4969  1.5e-07        -
1116  6.0826e-08  9.3231e-11     2833  286 2833     2     8      0  4981  3.5e-09        -
1119  6.1087e-08  8.6846e-11     2842  286 2842     2     8      0  5002  3.1e-08        -
1121  6.1261e-08  8.6846e-11     2848  286 2848     2     8      0  5016  3.1e-08        -
1123  6.1424e-08  7.6309e-11     2857  287 2857     2     8      0  5035  2.2e-07        -
1126  6.1653e-08  7.6309e-11     2863  288 2863     2     8      0  5046  1.8e-09        -
1130  6.1941e-08  5.9228e-11     2875  289 2875     2     8      0  5069  2.6e-08        -
1133  6.2118e-08  5.9228e-11     2881  290 2881     2     8      0  5078  2.3e-07        -
1137  6.2355e-08  5.9228e-11     2889  290 2889     2     8      0  5090  6.2e-07        -
1139  6.2457e-08    4.27e-11     2897  291 2897     2     8      0  5104  4.4e-09        -
1141  6.2585e-08  8.5401e-11     2901  293 2901     2     8      0  5110  1.4e-07        -
1145  6.2921e-08  7.9198e-11     2910  293 2910     2     8      0  5127  1.9e-08        -
1148  6.3158e-08  7.9198e-11     2919  293 2919     2     8      0  5145  1.9e-08        -
1151  6.3396e-08  7.9198e-11     2928  293 2928     2     8      0  5163  1.9e-08        -
1154  6.3552e-08  5.2004e-11     2934  294 2934     2     8      0  5172    1e-07        -
1159  6.3812e-08  5.2004e-11     2944  294 2944     2     8      0  5187  3.3e-07        -
1162  6.3958e-08  4.1984e-11     2954  295 2954     2     8      0  5204  5.1e-09        -
1165  6.4168e-08  8.3969e-11     2960  297 2960     2     8      0  5213  8.3e-07        -
1169    6.45e-08  8.2063e-11 out 2968  297 2968     2     8      0  5229  3.8e-08        -
1173  6.4828e-08  8.2063e-11     2976  297 2976     2     8      0  5245  3.9e-08        -
1176     6.5e-08  4.4843e-11 out 2982  298 2982     2     8      0  5255  5.8e-08        -
1179  6.5224e-08  8.9686e-11     2988  299 2988     2     8      0  5267  3.3e-09        -
1182  6.5452e-08  4.8207e-11     2994  300 2994     2     8      0  5280  1.5e-08        -
1185  6.5683e-08  8.6773e-11     3002  301 3002     2     8      0  5296  2.3e-08        -
1187  6.5857e-08  8.6773e-11     3010  301 3010     2     8      0  5314  2.4e-08        -
1189     6.6e-08  7.1633e-11 out 3018  303 3018     2     8      0  5331  8.7e-08        -
1193  6.6287e-08  7.1633e-11     3026  303 3026     2     8      0  5345  2.4e-09        -
1196    6.65e-08  7.0918e-11 out 3032  303 3032     2     8      0  5357  1.4e-08        -
1199  6.6713e-08  7.0918e-11     3038  303 3038     2     8      0  5369  1.5e-08        -
1202  6.6926e-08  7.0918e-11     3044  303 3044     2     8      0  5381  1.6e-08        -
1204     6.7e-08  3.7246e-11 out 3048  304 3048     2     8      0  5387  1.7e-08        -
1207  6.7223e-08  7.4492e-11     3054  305 3054     2     8      0  5397  1.7e-09        -
1210  6.7436e-08  6.3769e-11     3064  306 3064     2     8      0  5416  4.3e-08        -
1213  6.7628e-08  6.3769e-11     3070  307 3070     2     8      0  5425  3.9e-07        -
1217  6.7883e-08  6.3769e-11     3078  307 3078     2     8      0  5438  1.6e-09        -
1220  6.8059e-08  5.8693e-11     3087  307 3087     2     8      0  5456    1e-08        -
1223  6.8235e-08  5.8693e-11     3096  307 3096     2     8      0  5474  9.8e-09        -
1225  6.8352e-08  5.8693e-11     3102  307 3102     2     8      0  5486  9.5e-09        -
1227  6.8455e-08  4.4573e-11     3111  308 3111     2     8      0  5503  9.4e-09        -
1229  6.8545e-08  4.4573e-11     3115  309 3115     2     8      0  5509  4.7e-08        -
1232  6.8678e-08  4.4573e-11     3121  309 3121     2     8      0  5518  1.6e-07        -
1236  6.8857e-08  4.4573e-11     3129  309 3129     2     8      0  5530    3e-07        -
1239  6.8973e-08  2.7133e-11     3135  310 3135     2     8      0  5539  6.4e-10        -
--         当前进度:  20 % - 正在组装残差
Memory: 1070/1097 1087/1501
1242  6.9109e-08  5.4266e-11     3141  311 3141     2     8      0  5548  9.8e-08        -
1246  6.9326e-08  5.4266e-11     3149  311 3149     2     8      0  5560  4.1e-07        -
1249  6.9467e-08  3.2935e-11     3155  312 3155     2     8      0  5569  1.4e-09        -
1251  6.9566e-08   6.587e-11     3159  313 3159     2     8      0  5575  4.4e-08        -
1254  6.9763e-08   6.587e-11     3165  313 3165     2     8      0  5584  5.7e-07        -
1257  6.9948e-08   5.239e-11     3175  314 3175     2     8      0  5601  1.2e-08        -
1259  7.0052e-08   5.239e-11     3179  315 3179     2     8      0  5607  6.1e-08        -
1262   7.021e-08   5.239e-11     3185  315 3185     2     8      0  5616  2.1e-07        -
1266  7.0419e-08   5.239e-11     3193  315 3193     2     8      0  5628  3.9e-07        -
1267   7.046e-08  4.0438e-11     3199  316 3199     2     8      0  5639  3.2e-09        -
1269  7.0581e-08  8.0876e-11     3203  318 3203     2     8      0  5645    1e-07        -
1273  7.0904e-08  8.0876e-11     3211  318 3211     2     8      0  5659  4.4e-09        -
1276  7.1048e-08   4.781e-11     3217  319 3217     2     8      0  5668  7.1e-08        -
1280  7.1239e-08   4.781e-11     3225  319 3225     2     8      0  5680    2e-07        -
1284   7.143e-08   4.781e-11     3233  319 3233     2     8      0  5692  3.1e-07        -
1285  7.1465e-08  3.4856e-11     3239  320 3239     2     8      0  5703    2e-09        -
1287   7.157e-08  6.9712e-11     3243  322 3243     2     8      0  5709  6.4e-08        -
1291  7.1849e-08  6.9712e-11     3251  322 3251     2     8      0  5722  1.8e-09        -
1293  7.1959e-08  4.0864e-11     3255  323 3255     2     8      0  5729  4.8e-09        -
1296  7.2123e-08  8.1729e-11     3261  324 3261     2     8      0  5738  1.5e-07        -
1299  7.2368e-08  8.1729e-11     3267  324 3267     2     8      0  5749  3.4e-09        -
1300  7.2434e-08  6.6111e-11     3273  325 3273     2     8      0  5760  4.9e-08        -
1303  7.2632e-08  6.6111e-11     3279  326 3279     2     8      0  5769  4.3e-07        -
1306  7.2831e-08  6.6111e-11     3285  326 3285     2     8      0  5778    1e-06        -
1308  7.2948e-08  5.1668e-11     3293  327 3293     2     8      0  5793  1.3e-08        -
1311  7.3103e-08  5.1668e-11     3299  328 3299     2     8      0  5802  1.2e-07        -
1314  7.3258e-08  5.1668e-11     3305  328 3305     2     8      0  5811  2.7e-07        -
1318  7.3457e-08  4.3329e-11     3317  329 3317     2     8      0  5831  4.8e-09        -
1321  7.3587e-08  4.3329e-11     3323  330 3323     2     8      0  5840  4.3e-08        -
1325   7.376e-08  4.3329e-11     3331  330 3331     2     8      0  5852  1.2e-07        -
1329  7.3933e-08  4.3329e-11     3339  330 3339     2     8      0  5864  1.9e-07        -
1330  7.3967e-08  3.3354e-11     3345  331 3345     2     8      0  5875  1.2e-09        -
1332  7.4067e-08  6.6707e-11     3349  333 3349     2     8      0  5881  3.8e-08        -
1336  7.4334e-08  6.6707e-11     3357  333 3357     2     8      0  5893  6.4e-07        -
1338   7.445e-08  4.9878e-11     3365  334 3365     2     8      0  5907  9.2e-09        -
1341    7.46e-08  4.9878e-11     3371  335 3371     2     8      0  5916  8.2e-08        -
1344  7.4749e-08  4.9878e-11     3377  335 3377     2     8      0  5925  1.9e-07        -
1347  7.4899e-08  4.9878e-11     3383  335 3383     2     8      0  5934  2.9e-07        -
1350     7.5e-08  2.5548e-11 out 3389  336 3389     2     8      0  5943  1.9e-09        -
1353  7.5153e-08  5.1097e-11     3395  337 3395     2     8      0  5952  1.2e-07        -
1357  7.5358e-08  5.1097e-11     3403  337 3403     2     8      0  5964  3.1e-07        -
1360    7.55e-08  4.5614e-11 out 3411  337 3411     2     8      0  5979    1e-08        -
1363  7.5682e-08  9.1227e-11     3419  338 3419     2     8      0  5995  2.1e-07        -
1366  7.5932e-08  6.7545e-11     3429  339 3429     2     8      0  6018  4.8e-08        -
1369  7.6135e-08  6.7545e-11     3435  340 3435     2     8      0  6027  4.2e-07        -
1373  7.6405e-08  6.7545e-11     3443  340 3443     2     8      0  6040    2e-09        -
1375    7.65e-08  4.7365e-11 out 3451  342 3451     2     8      0  6054  6.3e-09        -
--         当前进度:  21 % - 正在组装残差
Memory: 1067/1097 1083/1501
1379  7.6689e-08  4.7365e-11     3459  342 3459     2     8      0  6066  1.1e-07        -
1384  7.6926e-08  4.7365e-11     3469  342 3469     2     8      0  6081  2.3e-07        -
1386     7.7e-08  3.6858e-11 out 3477  344 3477     2     8      0  6095  5.7e-10        -
1388  7.7147e-08  7.3716e-11     3481  345 3481     2     8      0  6101  9.2e-08        -
1391  7.7369e-08  7.3716e-11     3487  345 3487     2     8      0  6110  3.1e-07        -
1394  7.7566e-08  6.5709e-11     3499  345 3499     2     8      0  6134  7.2e-09        -
1397  7.7763e-08  6.5709e-11     3511  345 3511     2     8      0  6158  6.9e-09        -
1399  7.7894e-08  6.5709e-11     3519  345 3519     2     8      0  6174  6.9e-09        -
1401     7.8e-08  5.2872e-11 out 3527  347 3527     2     8      0  6188  3.2e-09        -
1406  7.8264e-08  5.2872e-11     3537  347 3537     2     8      0  6203  6.6e-08        -
1410  7.8461e-08  3.8513e-11     3549  348 3549     2     8      0  6223  7.7e-10        -
1412  7.8577e-08  7.7027e-11     3553  350 3553     2     8      0  6229  2.5e-08        -
1415  7.8808e-08  7.7027e-11     3559  350 3559     2     8      0  6238    3e-07        -
1417  7.8943e-08  5.7433e-11     3567  351 3567     2     8      0  6252  6.4e-09        -
1420  7.9115e-08  5.7433e-11     3573  352 3573     2     8      0  6261  5.6e-08        -
1423  7.9287e-08  5.7433e-11     3579  352 3579     2     8      0  6270  1.3e-07        -
1426  7.9451e-08  4.8986e-11     3589  353 3589     2     8      0  6287    3e-09        -
1429  7.9598e-08  4.8986e-11     3595  354 3595     2     8      0  6296  2.6e-08        -
1433  7.9794e-08  4.8986e-11     3603  354 3603     2     8      0  6308  7.2e-08        -
1437   7.997e-08  2.9563e-11     3611  355 3611     2     8      0  6320  2.1e-10        -
1439  8.0059e-08  5.9127e-11     3615  356 3615     2     8      0  6326  6.5e-09        -
1443  8.0296e-08  5.9127e-11     3623  356 3623     2     8      0  6338  1.1e-07        -
1446  8.0457e-08  4.3057e-11     3633  357 3633     2     8      0  6355  1.2e-09        -
1448  8.0586e-08  8.6114e-11     3637  359 3637     2     8      0  6361  3.7e-08        -
1452  8.0922e-08  7.7773e-11     3646  359 3646     2     8      0  6376  4.3e-08        -
1455  8.1156e-08  7.7773e-11     3655  359 3655     2     8      0  6394  4.3e-08        -
1458  8.1389e-08  7.7773e-11     3664  359 3664     2     8      0  6412  4.2e-08        -
1461  8.1556e-08  5.5568e-11     3670  360 3670     2     8      0  6421  3.3e-08        -
1465  8.1778e-08  5.5568e-11     3678  360 3678     2     8      0  6433  8.9e-08        -
1469     8.2e-08  5.5512e-11 out 3686  360 3686     2     8      0  6447    7e-10        -
1473  8.2222e-08  5.5512e-11     3694  360 3694     2     8      0  6463  8.5e-10        -
1478  8.2472e-08  2.7953e-11     3704  361 3704     2     8      0  6482  1.6e-10        -
1481  8.2612e-08  5.5905e-11     3710  362 3710     2     8      0  6491  2.3e-08        -
1485  8.2835e-08  5.5905e-11     3718  362 3718     2     8      0  6503  9.6e-08        -
1490  8.3109e-08  5.4331e-11     3728  362 3728     2     8      0  6522    9e-09        -
1494  8.3326e-08  5.4331e-11     3736  362 3736     2     8      0  6538  8.9e-09        -
1497  8.3467e-08  3.2676e-11     3742  363 3742     2     8      0  6549    3e-10        -
1500  8.3631e-08  6.5352e-11     3748  364 3748     2     8      0  6558  4.8e-08        -
1503  8.3827e-08  6.5352e-11     3754  364 3754     2     8      0  6567  1.6e-07        -
1505  8.3946e-08  5.3943e-11     3762  365 3762     2     8      0  6581    3e-09        -
1509  8.4162e-08  5.3943e-11     3770  366 3770     2     8      0  6593  3.8e-08        -
1513  8.4378e-08  5.3943e-11     3778  366 3778     2     8      0  6605  8.2e-08        -
1517  8.4568e-08  6.8459e-11     3786  368 3786     2     8      0  6617  7.6e-09        -
1521  8.4842e-08  6.8459e-11     3794  368 3794     2     8      0  6629  1.3e-07        -
1524     8.5e-08  4.4624e-11 out 3800  369 3800     2     8      0  6638  4.2e-09        -
1529  8.5223e-08  4.4624e-11     3810  369 3810     2     8      0  6653  2.1e-08        -
1534  8.5446e-08  4.4624e-11     3820  369 3820     2     8      0  6668  3.7e-08        -
1537  8.5554e-08  5.3761e-11     3826  371 3826     2     8      0  6677  2.4e-09        -
--         当前进度:  23 % - 正在组装残差
Memory: 1067/1097 1084/1501
1541  8.5769e-08  5.3761e-11     3834  371 3834     2     8      0  6689  3.8e-08        -
1544   8.593e-08  5.3761e-11     3840  371 3840     2     8      0  6698  6.3e-08        -
1547   8.607e-08  6.9911e-11     3846  373 3846     2     8      0  6707    1e-08        -
1551   8.635e-08  6.9911e-11     3854  373 3854     2     8      0  6719  1.6e-07        -
1553   8.646e-08  4.0266e-11     3858  374 3858     2     8      0  6725  7.8e-10        -
1557  8.6701e-08  8.0531e-11     3866  375 3866     2     8      0  6737  1.2e-07        -
1560  8.6931e-08  6.8805e-11     3876  376 3876     2     8      0  6754  1.1e-08        -
1564  8.7206e-08  6.8805e-11     3884  377 3884     2     8      0  6766  1.4e-07        -
1568  8.7456e-08  4.3586e-11     3892  378 3892     2     8      0  6778  9.5e-10        -
1573  8.7674e-08  4.3586e-11     3902  378 3902     2     8      0  6793    2e-08        -
1577  8.7849e-08  4.3586e-11     3910  378 3910     2     8      0  6805  3.4e-08        -
1580  8.7968e-08  3.2069e-11     3920  379 3920     2     8      0  6822  1.7e-10        -
1583  8.8128e-08  6.4137e-11     3926  381 3926     2     8      0  6831  2.8e-08        -
1588  8.8442e-08  5.7589e-11     3937  381 3937     2     8      0  6849  1.7e-08        -
1592  8.8673e-08  5.7589e-11     3949  381 3949     2     8      0  6873  1.7e-08        -
1595  8.8846e-08  5.7589e-11     3958  381 3958     2     8      0  6891  1.7e-08        -
1597  8.8952e-08  4.8439e-11     3967  382 3967     2     8      0  6908  3.1e-09        -
1601  8.9145e-08  4.8439e-11     3975  383 3975     2     8      0  6920  3.9e-08        -
1606  8.9388e-08  4.8439e-11     3985  383 3985     2     8      0  6935  9.6e-08        -
1610  8.9564e-08   6.405e-11     3993  385 3993     2     8      0  6947  1.4e-08        -
1614   8.982e-08   6.405e-11     4001  385 4001     2     8      0  6959  2.2e-07        -
1618  9.0058e-08  5.7849e-11     4012  385 4012     2     8      0  6980  2.1e-08        -
1622  9.0289e-08  5.7849e-11     4024  385 4024     2     8      0  7004    2e-08        -
1625  9.0452e-08  4.7528e-11     4036  386 4036     2     8      0  7027  3.8e-09        -
1629  9.0643e-08  4.7528e-11     4044  387 4044     2     8      0  7039  4.9e-08        -
1634   9.088e-08  4.7528e-11     4054  387 4054     2     8      0  7054  1.2e-07        -
1636  9.0964e-08  3.6126e-11     4062  388 4062     2     8      0  7068  8.1e-10        -
1639  9.1108e-08  7.2252e-11     4068  390 4068     2     8      0  7077  2.5e-08        -
1644  9.1449e-08  5.1307e-11     4082  391 4082     2     8      0  7100  3.8e-09        -
1648  9.1654e-08  5.1307e-11     4090  392 4090     2     8      0  7112  4.8e-08        -
1653   9.191e-08  5.1307e-11     4100  392 4100     2     8      0  7127  1.2e-07        -
1657   9.209e-08  4.4773e-11     4112  392 4112     2     8      0  7151  1.6e-08        -
1660  9.2224e-08  4.4773e-11     4121  392 4121     2     8      0  7169  1.6e-08        -
1663  9.2358e-08  4.4773e-11     4130  392 4130     2     8      0  7187  1.5e-08        -
1666  9.2474e-08  2.6134e-11     4138  393 4138     2     8      0  7202  1.1e-10        -
1669  9.2605e-08  5.2268e-11     4144  394 4144     2     8      0  7211  1.6e-08        -
1673  9.2814e-08  5.2268e-11     4152  394 4152     2     8      0  7223  6.7e-08        -
1676  9.2959e-08  4.0926e-11     4162  395 4162     2     8      0  7240  1.1e-09        -
1679  9.3082e-08  4.0926e-11     4168  396 4168     2     8      0  7249  9.3e-09        -
1684  9.3286e-08  4.0926e-11     4178  396 4178     2     8      0  7264  2.9e-08        -
1687  9.3409e-08  4.0926e-11     4184  396 4184     2     8      0  7273  4.1e-08        -
1689  9.3475e-08  2.4905e-11     4188  397 4188     2     8      0  7279  1.1e-10        -
1691   9.355e-08  4.9811e-11     4192  398 4192     2     8      0  7285  4.2e-09        -
1695  9.3749e-08  4.9811e-11     4200  398 4200     2     8      0  7297  6.8e-08        -
1699  9.3948e-08  4.9811e-11     4208  398 4208     2     8      0  7309  1.3e-07        -
1702  9.4052e-08  5.1704e-11     4214  400 4214     2     8      0  7318    5e-09        -
1706  9.4259e-08  5.1704e-11     4222  400 4222     2     8      0  7330  8.5e-08        -
--         当前进度:  24 % - 
Memory: 1070/1097 1086/1501
1710  9.4457e-08  4.3185e-11     4234  401 4234     2     8      0  7350  1.8e-09        -
1713  9.4586e-08  4.3185e-11     4240  402 4240     2     8      0  7359  1.7e-08        -
1717  9.4759e-08  4.3185e-11     4248  402 4248     2     8      0  7371  4.5e-08        -
1721  9.4932e-08  4.3185e-11     4256  402 4256     2     8      0  7383  7.2e-08        -
1722  9.4966e-08  3.4077e-11     4262  403 4262     2     8      0  7394  4.5e-10        -
1724  9.5068e-08  6.8154e-11     4266  405 4266     2     8      0  7400  1.4e-08        -
1727  9.5273e-08  6.8154e-11     4272  405 4272     2     8      0  7409  1.8e-07        -
1730  9.5454e-08  4.5539e-11     4282  406 4282     2     8      0  7427  1.7e-09        -
1732  9.5546e-08  4.5539e-11     4286  407 4286     2     8      0  7433  8.4e-09        -
1735  9.5682e-08  4.5539e-11     4292  407 4292     2     8      0  7442  2.8e-08        -
1739  9.5864e-08  4.5539e-11     4300  407 4300     2     8      0  7454  5.3e-08        -
1743  9.6045e-08  4.5076e-11     4308  407 4308     2     8      0  7469  2.6e-09        -
1746   9.618e-08  4.5076e-11     4314  407 4314     2     8      0  7481  2.6e-09        -
1749  9.6316e-08  4.5076e-11     4320  407 4320     2     8      0  7493  2.6e-09        -
1752  9.6451e-08  4.5076e-11     4326  407 4326     2     8      0  7505  2.6e-09        -
1754    9.65e-08  2.4619e-11 out 4330  408 4330     2     8      0  7511  3.7e-10        -
1757  9.6648e-08  4.9237e-11     4336  409 4336     2     8      0  7520  2.1e-08        -
1760  9.6795e-08  4.9237e-11     4342  409 4342     2     8      0  7529  4.8e-08        -
1763  9.6943e-08  4.9237e-11     4348  409 4348     2     8      0  7538  7.4e-08        -
1765     9.7e-08  2.8433e-11 out 4352  410 4352     2     8      0  7544  8.5e-10        -
1768  9.7171e-08  5.6865e-11     4358  411 4358     2     8      0  7553  4.8e-08        -
1772  9.7398e-08  5.6865e-11     4366  411 4366     2     8      0  7565  1.3e-07        -
1775  9.7551e-08  5.0971e-11     4375  411 4375     2     8      0  7583  1.6e-08        -
1778  9.7704e-08  5.0971e-11     4384  411 4384     2     8      0  7601  1.6e-08        -
1781  9.7857e-08  5.0971e-11     4393  411 4393     2     8      0  7619  1.5e-08        -
1783  9.7954e-08  4.6116e-11     4402  412 4402     2     8      0  7636    2e-09        -
1786  9.8092e-08  4.6116e-11     4408  413 4408     2     8      0  7645  1.8e-08        -
1790  9.8277e-08  4.6116e-11     4416  413 4416     2     8      0  7657    5e-08        -
1794  9.8458e-08  4.2477e-11     4424  413 4424     2     8      0  7670    2e-08        -
1798  9.8627e-08  4.2477e-11     4432  413 4432     2     8      0  7686    2e-08        -
1802  9.8797e-08  4.2477e-11     4440  413 4440     2     8      0  7702  1.9e-08        -
1806  9.8962e-08  3.7615e-11     4452  414 4452     2     8      0  7725  4.5e-10        -
1809  9.9113e-08   7.523e-11     4458  416 4458     2     8      0  7734  1.4e-08        -
1813  9.9414e-08   7.523e-11     4466  416 4466     2     8      0  7746  2.3e-07        -
1815    9.95e-08  4.3117e-11 out 4470  417 4470     2     8      0  7752  3.9e-09        -
1817  9.9586e-08  4.3117e-11     4474  417 4474     2     8      0  7758    1e-08        -
1820  9.9716e-08  4.3117e-11     4480  417 4480     2     8      0  7767  1.9e-08        -
1825  9.9931e-08  4.3117e-11     4490  417 4490     2     8      0  7782  3.3e-08        -
1826  9.9966e-08  3.4417e-11     4496  418 4496     2     8      0  7793  2.6e-10        -
1828  1.0007e-07  6.8834e-11     4500  420 4500     2     8      0  7799  8.4e-09        -
1830  1.0021e-07  6.8834e-11     4504  420 4504     2     8      0  7805  7.1e-08        -
1833  1.0041e-07  6.8834e-11     4510  420 4510     2     8      0  7814  1.6e-07        -
1836  1.0054e-07  4.3499e-11     4516  421 4516     2     8      0  7823  8.2e-09        -
1841  1.0076e-07  4.3499e-11     4526  421 4526     2     8      0  7838  2.5e-08        -
--         当前进度:  26 % - 正在组装残差
Memory: 1067/1097 1084/1501
1844  1.0089e-07  4.3499e-11     4532  421 4532     2     8      0  7847  3.5e-08        -
1846  1.0097e-07  3.2505e-11     4540  422 4540     2     8      0  7861  2.5e-10        -
1849  1.0113e-07  6.5011e-11     4546  424 4546     2     8      0  7870  3.9e-08        -
1852  1.0133e-07  6.5011e-11     4552  424 4552     2     8      0  7879  1.3e-07        -
1854  1.0145e-07  5.4968e-11     4560  425 4560     2     8      0  7893  3.3e-09        -
1857  1.0161e-07  5.4968e-11     4566  426 4566     2     8      0  7902  3.8e-08        -
1862  1.0188e-07  5.4968e-11     4576  426 4576     2     8      0  7917  1.1e-07        -
1866  1.0206e-07  6.0256e-11     4584  428 4584     2     8      0  7929  5.5e-09        -
1871  1.0236e-07  6.0256e-11     4594  428 4594     2     8      0  7944  1.1e-07        -
1875  1.0254e-07  3.9102e-11     4602  429 4602     2     8      0  7956  4.5e-09        -
1880  1.0273e-07  3.9102e-11     4612  429 4612     2     8      0  7971  1.4e-08        -
1884  1.0289e-07  3.9102e-11     4620  429 4620     2     8      0  7983  2.1e-08        -
1888  1.0307e-07  6.9875e-11     4628  430 4628     2     8      0  7997  7.5e-09        -
1892  1.0335e-07  6.9875e-11     4636  430 4636     2     8      0  8009  1.3e-07        -
1896  1.0354e-07  4.0376e-11     4644  431 4644     2     8      0  8021  4.4e-09        -
1900   1.037e-07  4.0376e-11     4652  431 4652     2     8      0  8033    1e-08        -
1902  1.0378e-07  4.0376e-11     4656  431 4656     2     8      0  8039  1.4e-08        -
1904  1.0386e-07  4.0376e-11     4660  431 4660     2     8      0  8045  1.7e-08        -
1906  1.0394e-07  4.0376e-11     4664  431 4664     2     8      0  8051    2e-08        -
1907  1.0397e-07  2.7933e-11     4670  432 4670     2     8      0  8062  6.1e-11        -
1908    1.04e-07  2.7933e-11 out 4672  433 4672     2     8      0  8065  6.1e-11        -
1909  1.0406e-07  5.5866e-11     4674  434 4674     2     8      0  8068  1.9e-09        -
1912  1.0422e-07  5.5866e-11     4680  434 4680     2     8      0  8077  2.2e-08        -
1916  1.0445e-07   5.447e-11     4688  434 4688     2     8      0  8090  1.1e-08        -
1920  1.0466e-07   5.447e-11     4696  434 4696     2     8      0  8106  1.2e-08        -
1924  1.0488e-07   5.447e-11     4704  434 4704     2     8      0  8122  1.2e-08        -
1926  1.0497e-07   3.212e-11     4708  435 4708     2     8      0  8129  1.3e-10        -
1928  1.0506e-07  6.4239e-11     4712  436 4712     2     8      0  8135  3.9e-09        -
1931  1.0526e-07  6.4239e-11     4718  436 4718     2     8      0  8144  4.8e-08        -
1934  1.0544e-07  5.7283e-11     4725  436 4725     2     8      0  8156  2.6e-08        -
1937  1.0561e-07  5.7283e-11     4734  436 4734     2     8      0  8174  2.6e-08        -
1939  1.0573e-07  5.7283e-11     4740  436 4740     2     8      0  8186  2.5e-08        -
1942   1.059e-07  5.7283e-11     4749  436 4749     2     8      0  8204  2.5e-08        -
1943  1.0595e-07   4.951e-11     4755  437 4755     2     8      0  8215  4.7e-10        -
1945  1.0605e-07   4.951e-11     4759  438 4759     2     8      0  8221    3e-09        -
1949  1.0625e-07   4.951e-11     4767  438 4767     2     8      0  8233  1.3e-08        -
1953  1.0645e-07   4.951e-11     4775  438 4775     2     8      0  8245  2.1e-08        -
1956  1.0655e-07  5.4408e-11     4781  440 4781     2     8      0  8254    8e-10        -
1960  1.0677e-07  5.4408e-11     4789  440 4789     2     8      0  8266  1.3e-08        -
1963  1.0694e-07  5.4408e-11     4795  440 4795     2     8      0  8275  2.1e-08        -
1966  1.0706e-07  6.4739e-11     4801  442 4801     2     8      0  8284  2.9e-09        -
1970  1.0732e-07  6.4739e-11     4809  442 4809     2     8      0  8296    3e-08        -
1973   1.075e-07  5.5782e-11 out 4819  442 4819     2     8      0  8315  1.6e-08        -
1975  1.0761e-07  5.5782e-11     4827  442 4827     2     8      0  8331  1.6e-08        -
1977  1.0772e-07  5.5782e-11     4835  442 4835     2     8      0  8347  1.6e-08        -
1979  1.0783e-07  5.5782e-11     4843  442 4843     2     8      0  8363  1.6e-08        -
--         当前进度:  27 % - 
1981  1.0795e-07  5.4762e-11     4851  442 4851     2     8      0  8379  2.4e-08        -
1983  1.0805e-07  5.4762e-11     4859  442 4859     2     8      0  8395  2.4e-08        -
1985  1.0816e-07  5.4762e-11     4867  442 4867     2     8      0  8411  2.4e-08        -
1987  1.0827e-07  5.4762e-11     4875  442 4875     2     8      0  8427  2.3e-08        -
1989  1.0838e-07  5.4762e-11     4885  443 4885     2     8      0  8446  1.3e-09        -
1991  1.0847e-07  3.0952e-11     4889  445 4889     2     8      0  8452    1e-10        -
1994  1.0862e-07  6.1904e-11     4895  446 4895     2     8      0  8461  1.4e-08        -
1997  1.0881e-07  6.1904e-11     4901  446 4901     2     8      0  8470  4.6e-08        -
2000  1.0897e-07  3.3336e-11     4907  447 4907     2     8      0  8479  1.3e-10        -
2003  1.0913e-07  6.6673e-11     4913  448 4913     2     8      0  8488  1.7e-08        -
2006  1.0933e-07  6.6673e-11     4919  448 4919     2     8      0  8497  5.4e-08        -
2008  1.0945e-07  4.9982e-11     4927  449 4927     2     8      0  8511  7.2e-10        -
2011   1.096e-07  4.9982e-11     4933  450 4933     2     8      0  8520  5.5e-09        -
2015   1.098e-07  4.9982e-11     4941  450 4941     2     8      0  8532  1.4e-08        -
2019  1.0997e-07  2.5079e-11     4949  451 4949     2     8      0  8544  1.4e-11        -
2021  1.1005e-07  5.0158e-11     4953  452 4953     2     8      0  8550  4.2e-10        -
2025  1.1025e-07  5.0158e-11     4961  452 4961     2     8      0  8562  8.7e-09        -
2029  1.1045e-07  4.9368e-11     4969  452 4969     2     8      0  8575  4.6e-09        -
2032   1.106e-07  4.9368e-11     4975  452 4975     2     8      0  8587  4.6e-09        -
2036   1.108e-07  4.9368e-11     4983  452 4983     2     8      0  8603  4.6e-09        -
2040  1.1097e-07  2.7844e-11     4991  453 4991     2     8      0  8618  2.5e-11        -
2043  1.1111e-07  5.5688e-11     4997  454 4997     2     8      0  8627  4.3e-09        -
2047  1.1133e-07  5.5688e-11     5005  454 5005     2     8      0  8639  1.7e-08        -
2050   1.115e-07  5.5093e-11 out 5011  454 5011     2     8      0  8650  4.6e-09        -
2054  1.1172e-07  5.5093e-11     5019  454 5019     2     8      0  8666  4.5e-09        -
2059  1.1197e-07  2.9627e-11     5029  455 5029     2     8      0  8685  4.6e-11        -
2062  1.1212e-07  5.9254e-11     5035  456 5035     2     8      0  8694  6.1e-09        -
2067  1.1241e-07  5.9254e-11     5045  456 5045     2     8      0  8709  2.5e-08        -
2068  1.1246e-07  4.2611e-11     5051  457 5051     2     8      0  8720  2.8e-10        -
2072  1.1263e-07  4.2611e-11     5059  458 5059     2     8      0  8732  1.5e-09        -
2076   1.128e-07  4.2611e-11     5067  458 5067     2     8      0  8744  3.9e-09        -
2080  1.1296e-07  3.6947e-11     5076  458 5076     2     8      0  8759  6.6e-09        -
2083  1.1307e-07  3.6947e-11     5085  458 5085     2     8      0  8777    7e-09        -
2085  1.1315e-07  3.6947e-11     5091  458 5091     2     8      0  8789  7.3e-09        -
2088  1.1326e-07  3.6947e-11     5100  458 5100     2     8      0  8807  7.6e-09        -
2091  1.1337e-07  3.6947e-11     5109  458 5109     2     8      0  8825    8e-09        -
2094  1.1347e-07  2.8321e-11     5117  459 5117     2     8      0  8840  3.3e-11        -
2097  1.1361e-07  5.6642e-11     5123  460 5123     2     8      0  8849  2.3e-09        -
2101  1.1384e-07  5.6642e-11     5131  460 5131     2     8      0  8861    1e-08        -
2105  1.1405e-07  5.1754e-11     5139  460 5139     2     8      0  8876  5.5e-08        -
2110  1.1431e-07  5.1754e-11     5149  460 5149     2     8      0  8896  5.5e-08        -
2113  1.1446e-07  4.2985e-11     5159  461 5159     2     8      0  8915    1e-10        -
2116  1.1459e-07  4.2985e-11     5165  462 5165     2     8      0  8924  1.7e-09        -
2121   1.148e-07  4.2985e-11     5175  462 5175     2     8      0  8939  5.4e-09        -
2124  1.1493e-07  4.2985e-11     5181  462 5181     2     8      0  8948  7.6e-09        -
2126    1.15e-07  3.5073e-11 out 5189  462 5189     2     8      0  8964  1.2e-08        -
2129  1.1521e-07  7.0146e-11     5195  463 5195     2     8      0  8973  2.2e-08        -
2133  1.1546e-07  3.9562e-11     5203  464 5203     2     8      0  8985  7.2e-11        -
--         当前进度:  28 % - 正在组装残差
Memory: 1069/1097 1085/1501
2138  1.1566e-07  3.9562e-11     5213  464 5213     2     8      0  9000  1.7e-09        -
2140  1.1587e-07  1.3131e-10     5215  466 5215     2     8      0  9000        0        -
2144    1.17e-07       5e-10 out 5219  468 5219     2     8      0  9000        0        -
2152    1.21e-07       5e-10 out 5227  468 5227     2     8      0  9000        0        -
2159   1.245e-07       5e-10 out 5234  468 5234     2     8      0  9000        0        -
2167   1.285e-07       5e-10 out 5242  468 5242     2     8      0  9000        0        -
2171   1.305e-07       5e-10 out 5246  468 5246     2     8      0  9000        0        -
2177   1.335e-07       5e-10 out 5252  468 5252     2     8      0  9000        0        -
2184    1.37e-07       5e-10 out 5259  468 5259     2     8      0  9000        0        -
2192    1.41e-07       5e-10 out 5267  468 5267     2     8      0  9000        0        -
2201   1.455e-07       5e-10 out 5276  468 5276     2     8      0  9000        0        -
2210     1.5e-07       5e-10 out 5285  468 5285     2     8      0  9000        0        -
2219   1.545e-07       5e-10 out 5294  468 5294     2     8      0  9000        0        -
2228    1.59e-07       5e-10 out 5303  468 5303     2     8      0  9000        0        -
2236    1.63e-07       5e-10 out 5311  468 5311     2     8      0  9000        0        -
2244    1.67e-07       5e-10 out 5319  468 5319     2     8      0  9000        0        -
2253   1.715e-07       5e-10 out 5328  468 5328     2     8      0  9000        0        -
2262    1.76e-07       5e-10 out 5337  468 5337     2     8      0  9000        0        -
2271   1.805e-07       5e-10 out 5346  468 5346     2     8      0  9000        0        -
2280    1.85e-07       5e-10 out 5355  468 5355     2     8      0  9000        0        -
2287   1.885e-07       5e-10 out 5362  468 5362     2     8      0  9000        0        -
2296    1.93e-07       5e-10 out 5371  468 5371     2     8      0  9000        0        -
2305   1.975e-07       5e-10 out 5380  468 5380     2     8      0  9000        0        -
2314    2.02e-07       5e-10 out 5389  468 5389     2     8      0  9000        0        -
2323   2.065e-07       5e-10 out 5398  468 5398     2     8      0  9000        0        -
2332    2.11e-07       5e-10 out 5407  468 5407     2     8      0  9000        0        -
2341   2.155e-07       5e-10 out 5416  468 5416     2     8      0  9000        0        -
2350     2.2e-07       5e-10 out 5425  468 5425     2     8      0  9000        0        -
2359   2.245e-07       5e-10 out 5434  468 5434     2     8      0  9000        0        -
2367   2.285e-07       5e-10 out 5442  468 5442     2     8      0  9000        0        -
2376    2.33e-07       5e-10 out 5451  468 5451     2     8      0  9000        0        -
2385   2.375e-07       5e-10 out 5460  468 5460     2     8      0  9000        0        -
2393   2.415e-07       5e-10 out 5468  468 5468     2     8      0  9000        0        -
2402    2.46e-07       5e-10 out 5477  468 5477     2     8      0  9000        0        -
2411   2.505e-07       5e-10 out 5486  468 5486     2     8      0  9000        0        -
2418    2.54e-07       5e-10 out 5493  468 5493     2     8      0  9000        0        -
2427   2.585e-07       5e-10 out 5502  468 5502     2     8      0  9000        0        -
2436    2.63e-07       5e-10 out 5511  468 5511     2     8      0  9000        0        -
2445   2.675e-07       5e-10 out 5520  468 5520     2     8      0  9000        0        -
2455   2.725e-07       5e-10 out 5530  468 5530     2     8      0  9000        0        -
2463   2.765e-07       5e-10 out 5538  468 5538     2     8      0  9000        0        -
2472    2.81e-07       5e-10 out 5547  468 5547     2     8      0  9000        0        -
2481   2.855e-07       5e-10 out 5556  468 5556     2     8      0  9000        0        -
2490     2.9e-07       5e-10 out 5565  468 5565     2     8      0  9000        0        -
2498    2.94e-07       5e-10 out 5573  468 5573     2     8      0  9000        0        -
2507   2.985e-07       5e-10 out 5582  468 5582     2     8      0  9000        0        -
2516    3.03e-07       5e-10 out 5591  468 5591     2     8      0  9000        0        -
2525   3.075e-07       5e-10 out 5600  468 5600     2     8      0  9000        0        -
2534    3.12e-07       5e-10 out 5609  468 5609     2     8      0  9000        0        -
2543   3.165e-07       5e-10 out 5618  468 5618     2     8      0  9000        0        -
2552    3.21e-07       5e-10 out 5627  468 5627     2     8      0  9000        0        -
2561   3.255e-07       5e-10 out 5636  468 5636     2     8      0  9000        0        -
2569   3.295e-07       5e-10 out 5644  468 5644     2     8      0  9000        0        -
2578    3.34e-07       5e-10 out 5653  468 5653     2     8      0  9000        0        -
2587   3.385e-07       5e-10 out 5662  468 5662     2     8      0  9000        0        -
-------    当前进度:  70 % - 正在组装残差
Memory: 1067/1097 1084/1501
2593   3.415e-07       5e-10 out 5668  468 5668     2     8      0  9000        0        -
2599   3.445e-07       5e-10 out 5674  468 5674     2     8      0  9000        0        -
2606    3.48e-07       5e-10 out 5681  468 5681     2     8      0  9000        0        -
2615   3.525e-07       5e-10 out 5690  468 5690     2     8      0  9000        0        -
2624    3.57e-07       5e-10 out 5699  468 5699     2     8      0  9000        0        -
2633   3.615e-07       5e-10 out 5708  468 5708     2     8      0  9000        0        -
2640    3.65e-07       5e-10 out 5715  468 5715     2     8      0  9000        0        -
2644    3.67e-07       5e-10 out 5719  468 5719     2     8      0  9000        0        -
2650     3.7e-07       5e-10 out 5725  468 5725     2     8      0  9000        0        -
2658    3.74e-07       5e-10 out 5733  468 5733     2     8      0  9000        0        -
2666    3.78e-07       5e-10 out 5741  468 5741     2     8      0  9000        0        -
2674    3.82e-07       5e-10 out 5749  468 5749     2     8      0  9000        0        -
2680    3.85e-07       5e-10 out 5755  468 5755     2     8      0  9000        0        -
2689   3.895e-07       5e-10 out 5764  468 5764     2     8      0  9000        0        -
2696    3.93e-07       5e-10 out 5771  468 5771     2     8      0  9000        0        -
2703   3.965e-07       5e-10 out 5778  468 5778     2     8      0  9000        0        -
2712    4.01e-07       5e-10 out 5787  468 5787     2     8      0  9000        0        -
2720    4.05e-07       5e-10 out 5795  468 5795     2     8      0  9000        0        -
2726    4.08e-07       5e-10 out 5801  468 5801     2     8      0  9000        0        -
2735   4.125e-07       5e-10 out 5810  468 5810     2     8      0  9000        0        -
2742    4.16e-07       5e-10 out 5817  468 5817     2     8      0  9000        0        -
2750     4.2e-07       5e-10 out 5825  468 5825     2     8      0  9000        0        -
2759   4.245e-07       5e-10 out 5834  468 5834     2     8      0  9000        0        -
2767   4.285e-07       5e-10 out 5842  468 5842     2     8      0  9000        0        -
2776    4.33e-07       5e-10 out 5851  468 5851     2     8      0  9000        0        -
2785   4.375e-07       5e-10 out 5860  468 5860     2     8      0  9000        0        -
2793   4.415e-07       5e-10 out 5868  468 5868     2     8      0  9000        0        -
2800    4.45e-07       5e-10 out 5875  468 5875     2     8      0  9000        0        -
2809   4.495e-07       5e-10 out 5884  468 5884     2     8      0  9000        0        -
2817   4.535e-07       5e-10 out 5892  468 5892     2     8      0  9000        0        -
2823   4.565e-07       5e-10 out 5898  468 5898     2     8      0  9000        0        -
2832    4.61e-07       5e-10 out 5907  468 5907     2     8      0  9000        0        -
2840    4.65e-07       5e-10 out 5915  468 5915     2     8      0  9000        0        -
2849   4.695e-07       5e-10 out 5924  468 5924     2     8      0  9000        0        -
2858    4.74e-07       5e-10 out 5933  468 5933     2     8      0  9000        0        -
2867   4.785e-07       5e-10 out 5942  468 5942     2     8      0  9000        0        -
2876    4.83e-07       5e-10 out 5951  468 5951     2     8      0  9000        0        -
2885   4.875e-07       5e-10 out 5960  468 5960     2     8      0  9000        0        -
2894    4.92e-07       5e-10 out 5969  468 5969     2     8      0  9000        0        -
2903   4.965e-07       5e-10 out 5978  468 5978     2     8      0  9000        0        -
2910       5e-07       5e-10 out 5985  468 5985     2     8      0  9000        0        -
---------- 当前进度: 100 % - 
Memory: 1068/1097 1085/1501
求解时间：6 s。
物理内存: 1.08 GB
虚拟内存: 1.1 GB
结束时间：2026年9月4日 10:35:03。
----- Study 2 - Single_Muon_Diagnostic/解 2 (sol2) 中的“瞬态求解器 1” ----------------->
           当前进度:   0 % - 
Memory: 1052/1097 1070/1501
-          当前进度:  14 % - 正在计算
Memory: 1057/1097 1073/1501
--         当前进度:  26 % - 正在计算
Memory: 1057/1097 1074/1501
---        当前进度:  35 % - 正在计算
Memory: 1058/1097 1075/1501
----       当前进度:  43 % - 正在计算
Memory: 1059/1097 1075/1501
-----      当前进度:  52 % - 正在计算
------     当前进度:  62 % - 正在计算
Memory: 1061/1097 1077/1501
-------    当前进度:  71 % - 正在计算
Memory: 1066/1097 1083/1501
-------    当前进度:  79 % - 正在计算
Memory: 1062/1097 1095/1501
--------   当前进度:  88 % - 正在计算
Memory: 1063/1097 1095/1501
---------  当前进度:  98 % - 正在计算
---------- 当前进度: 100 % - 正在计算
           当前进度:   0 % - 
Memory: 1064/1097 1096/1501
---        当前进度:  34 % - 正在计算
---------  当前进度:  95 % - 正在计算
AXIAL_SOURCE_CASE_COMPLETE=axial_source_gap130mm_frac0p50
AXIAL_SOURCE_CASE_START=axial_source_gap130mm_frac0p70
           当前进度:   2 % - 生成方程
Memory: 1065/1097 1097/1501
           当前进度:   3 % - 生成方程
Memory: 1066/1097 1098/1501
<---- Study 1 - 3D Electrostatics stationary/解 1 (sol1) 中的“编译方程: 稳态” -----------
开始于 2026年9月4日 10:35:08。
几何形函数: 二次拉格朗日单元
几何形函数: 二次拉格朗日单元
在 Intel64 Family 6 Model 186 Stepping 2, GenuineIntel 上运行。
在以下位置使用 1 个插槽： 陈红星 上（共 1 个内核）。
可用内存：15.90 GB。
           当前进度:   6 % - 编译方程: 稳态
Memory: 1113/1113 1145/1501
           当前进度:   7 % - 编译方程: 稳态
Memory: 1110/1122 1141/1501
时间：2。
物理内存: 1.12 GB
虚拟内存: 1.15 GB
Warning: 自由空间采用真空条件，这会导致某些材料属性被忽略。请考虑为忽略的材料添加合适的物理场特征。

  - 节点: 自由空间 1

  - 物理场: Electrostatics: four finite-thickness rounded ring electrodes (es)

  - Materials: Natural Neon gas, representative relative permittivity (mat_gas), Representative alumina ceramic; epsilon_r=9.4 assumption (mat_diel)

  - Quantities: 相对介电常数, 相对介电常数
结束时间：2026年9月4日 10:35:10。
----- Study 1 - 3D Electrostatics stationary/解 1 (sol1) 中的“编译方程: 稳态” ---------->
<---- Study 1 - 3D Electrostatics stationary/解 1 (sol1) 中的“因变量 1” --------------
开始于 2026年9月4日 10:35:10。
           当前进度:   7 % - 因变量 1
Memory: 1119/1122 1150/1501
求解时间：0 s。
物理内存: 1.12 GB
虚拟内存: 1.15 GB
结束时间：2026年9月4日 10:35:10。
----- Study 1 - 3D Electrostatics stationary/解 1 (sol1) 中的“因变量 1” ------------->
<---- Study 1 - 3D Electrostatics stationary/解 1 (sol1) 中的“稳态求解器 1” ------------
开始于 2026年9月4日 10:35:11。
线性求解器 
求解的自由度数：122163。
--         当前进度:  23 % - 组装稀疏模式
Memory: 1147/1155 1188/1501
---        当前进度:  31 % - 组装矩阵
Memory: 1171/1171 1204/1501
---        当前进度:  38 % - 
Memory: 1186/1198 1217/1501
找到对称矩阵。
缩放因变量：
电势 (comp1.V): 1
已使用正交零空间函数。
---        当前进度:  38 % - 组装延展
Memory: 1207/1221 1243/1501
-----      当前进度:  56 % - 组装稀疏模式
Memory: 1204/1223 1238/1501
-------    当前进度:  74 % - 正在创建多重网格层次结构
Memory: 1215/1223 1249/1501
Iter      SolEst     Damping    Stepsize #Res #Jac #Sol LinIt   LinErr   LinRes
---------  当前进度:  90 % - 求解线性方程组
Memory: 1220/1223 1260/1501
   1        0.76   1.0000000        0.76    1    1    1     4  2.8e-05  5.3e-08
---------- 当前进度: 100 % - 
Memory: 1205/1223 1241/1501
求解时间：5 s。
物理内存: 1.22 GB
虚拟内存: 1.26 GB
结束时间：2026年9月4日 10:35:16。
----- Study 1 - 3D Electrostatics stationary/解 1 (sol1) 中的“稳态求解器 1” ----------->
           当前进度:   2 % - 生成方程
Memory: 1156/1223 1191/1501
           当前进度:   3 % - 生成方程
Memory: 1159/1223 1536/1536
<---- Study 2 - Single_Muon_Diagnostic/解 2 (sol2) 中的“编译方程: 瞬态” -----------------
开始于 2026年9月4日 10:35:17。
几何形函数: 二次拉格朗日单元
几何形函数: 二次拉格朗日单元
在 Intel64 Family 6 Model 186 Stepping 2, GenuineIntel 上运行。
在以下位置使用 1 个插槽： 陈红星 上（共 1 个内核）。
可用内存：15.90 GB。
           当前进度:   4 % - 编译方程: 瞬态
Memory: 1118/1223 1149/1538
           当前进度:   5 % - 编译方程: 瞬态
Memory: 1119/1223 1149/1538
时间：1。
物理内存: 1.22 GB
虚拟内存: 1.54 GB
Warning: 自由空间采用真空条件，这会导致某些材料属性被忽略。请考虑为忽略的材料添加合适的物理场特征。

  - 节点: 自由空间 1

  - 物理场: Electrostatics: four finite-thickness rounded ring electrodes (es)

  - Materials: Natural Neon gas, representative relative permittivity (mat_gas), Representative alumina ceramic; epsilon_r=9.4 assumption (mat_diel)

  - Quantities: 相对介电常数, 相对介电常数
结束时间：2026年9月4日 10:35:19。
----- Study 2 - Single_Muon_Diagnostic/解 2 (sol2) 中的“编译方程: 瞬态” ---------------->
<---- Study 2 - Single_Muon_Diagnostic/解 2 (sol2) 中的“因变量 1” --------------------
开始于 2026年9月4日 10:35:19。
不求解变量的值: 解 1 (sol1).
           当前进度:   5 % - 因变量 1
Memory: 1116/1223 1146/1538
求解时间：0 s。
物理内存: 1.12 GB
虚拟内存: 1.15 GB
结束时间：2026年9月4日 10:35:19。
----- Study 2 - Single_Muon_Diagnostic/解 2 (sol2) 中的“因变量 1” ------------------->
<---- Study 2 - Single_Muon_Diagnostic/解 2 (sol2) 中的“瞬态求解器 1” ------------------
开始于 2026年9月4日 10:35:19。
瞬态求解器（广义 α）
求解的自由度数：3（加上 4 个内部自由度）。
找到非对称矩阵。
缩放因变量：
颗粒位置 (comp1.qcpt): 1
Step        Time    Stepsize      Res  Jac  Sol Order Tfail NLfail LinIt   LinErr   LinRes
   0           0           - out    2    3    2                  0     0        0        0
   1    1.25e-10    1.25e-10        8    6    8     2     2      0    15  5.1e-11        -
   2  2.2608e-10  1.0108e-10       14    7   14     2     2      0    29    5e-07        -
   4  3.9893e-10  8.1875e-11       22    9   22     2     2      0    43  2.4e-07        -
   7  5.5054e-10  5.0536e-11       28   10   28     2     2      0    52  2.7e-07        -
  11  7.5268e-10  5.0536e-11       36   10   36     2     2      0    65  5.7e-11        -
  14  9.0429e-10  5.0536e-11       42   10   42     2     2      0    77  6.3e-11        -
  17  1.0479e-09  4.7857e-11       51   10   51     2     2      0    95  1.5e-09        -
  19  1.1436e-09  4.7857e-11       57   10   57     2     2      0   107  1.5e-09        -
  21  1.2393e-09  4.7857e-11       63   10   63     2     2      0   119  1.5e-09        -
  23   1.335e-09  4.7857e-11       69   10   69     2     2      0   131  1.5e-09        -
  26  1.4654e-09  3.4641e-11       81   11   81     2     2      0   154  7.2e-09        -
  28  1.5693e-09  6.9283e-11       85   13   85     2     2      0   160  2.3e-07        -
  32  1.8464e-09  6.9283e-11       93   13   93     2     2      0   176  4.7e-10        -
  35       2e-09  4.2152e-11 out   99   14   99     2     2      0   186  9.9e-08        -
  37  2.0843e-09  4.2152e-11      103   14  103     2     2      0   192  2.6e-07        -
  41  2.2529e-09  4.2152e-11      111   14  111     2     2      0   204  5.8e-07        -
  44  2.3794e-09  4.2152e-11      117   14  117     2     2      0   213  8.3e-07        -
  47     2.5e-09  3.9242e-11 out  125   14  125     2     2      0   228    1e-09        -
  49  2.5785e-09  3.9242e-11      131   14  131     2     2      0   240    1e-09        -
  52  2.6962e-09  3.9242e-11      140   14  140     2     2      0   258  9.8e-10        -
  55  2.8139e-09  3.9242e-11      149   14  149     2     2      0   276  9.6e-10        -
  58  2.9317e-09  3.9242e-11      158   14  158     2     2      0   294  9.4e-10        -
  59  2.9658e-09  3.4171e-11      164   15  164     2     2      0   305  5.6e-09        -
           当前进度:   7 % - 组装稀疏模式
Memory: 1118/1223 1147/1538
  62  3.1298e-09  6.1507e-11      174   18  174     2     2      0   322    1e-07        -
  65  3.3144e-09  6.1507e-11      180   19  180     2     2      0   331  8.2e-07        -
  66  3.3697e-09  5.5357e-11      186   20  186     2     2      0   342  5.3e-08        -
  68  3.4625e-09  3.7458e-11      194   22  194     2     2      0   356    7e-09        -
  71  3.5749e-09  3.7458e-11      200   23  200     2     2      0   365    6e-08        -
  74  3.6873e-09  3.7458e-11      206   23  206     2     2      0   374  1.4e-07        -
  77  3.7997e-09  3.7458e-11      212   23  212     2     2      0   383  2.2e-07        -
  81  3.9495e-09  3.7458e-11      220   23  220     2     2      0   395  3.2e-07        -
  82  3.9747e-09  2.5254e-11      226   24  226     2     2      0   406  9.7e-10        -
  84  4.0505e-09  5.0509e-11      230   26  230     2     2      0   412  3.1e-08        -
  88  4.2525e-09  5.0509e-11      238   26  238     2     2      0   424  5.4e-07        -
  91  4.4041e-09  5.0509e-11      244   26  244     2     2      0   433  9.3e-07        -
  94   4.548e-09  4.7965e-11      253   26  253     2     2      0   451  7.8e-10        -
  97  4.6919e-09  4.7965e-11      262   26  262     2     2      0   469  7.9e-10        -
 100  4.8358e-09  4.7965e-11      271   26  271     2     2      0   487  8.1e-10        -
 103  4.9658e-09  3.4158e-11      283   27  283     2     2      0   510  5.6e-09        -
 105  5.0683e-09  6.8317e-11      287   29  287     2     2      0   516  1.8e-07        -
 109  5.3416e-09  6.8317e-11      295   29  295     2     2      0   531  6.5e-10        -
 112     5.5e-09  4.5049e-11 out  301   30  301     2     2      0   541  1.1e-07        -
 115  5.6351e-09  4.5049e-11      307   30  307     2     2      0   550  3.7e-07        -
 119  5.8153e-09  4.5049e-11      315   30  315     2     2      0   562  7.1e-07        -
 123  5.9752e-09  2.4754e-11      323   31  323     2     2      0   574  1.1e-09        -
 126   6.099e-09  4.9508e-11      329   32  329     2     2      0   583  1.8e-07        -
 130   6.297e-09  4.9508e-11      337   32  337     2     2      0   595    8e-07        -
 134  6.4728e-09  2.7214e-11      345   33  345     2     2      0   609  2.1e-09        -
 136  6.5544e-09  5.4429e-11      349   34  349     2     2      0   615    7e-08        -
 140  6.7721e-09  5.4429e-11      357   34  357     2     2      0   628  1.7e-10        -
 143  6.9354e-09  5.4429e-11      363   34  363     2     2      0   640  2.4e-10        -
 146  7.0323e-09  3.2284e-11      369   35  369     2     2      0   649  5.9e-08        -
 149   7.226e-09  6.4569e-11      375   36  375     2     2      0   660  3.6e-10        -
 152  7.4197e-09  6.4569e-11      381   36  381     2     2      0   672    6e-10        -
 155  7.5402e-09  4.0151e-11      387   37  387     2     2      0   681    2e-07        -
 159  7.7008e-09  4.0151e-11      395   37  395     2     2      0   693  5.6e-07        -
 163  7.8614e-09  4.0151e-11      403   37  403     2     2      0   705  8.8e-07        -
 166  7.9708e-09  2.9168e-11      413   38  413     2     2      0   723  4.4e-09        -
 168  8.0583e-09  5.8337e-11      417   40  417     2     2      0   729  1.4e-07        -
 170   8.175e-09  5.8337e-11      421   40  421     2     2      0   736  2.1e-10        -
 174  8.4084e-09  5.8337e-11      429   40  429     2     2      0   752  4.1e-10        -
 175  8.4542e-09  4.5822e-11      435   41  435     2     2      0   763  3.6e-08        -
 178  8.5916e-09  4.5822e-11      441   42  441     2     2      0   772    3e-07        -
 182  8.7749e-09  4.5822e-11      449   42  449     2     2      0   784  7.9e-07        -
 186  8.9562e-09    4.38e-11      458   42  458     2     2      0   801  4.9e-10        -
 188   9.069e-09  6.9033e-11      465   44  465     2     3      0   813  2.5e-07        -
 189  9.1312e-09  6.2129e-11      471   45  471     2     3      0   824  1.5e-07        -
           当前进度:   8 % - 
 191  9.2554e-09  6.2129e-11      475   46  475     2     3      0   830  7.4e-07        -
 194  9.4398e-09   6.016e-11      482   46  482     2     3      0   844  6.8e-10        -
 197  9.6203e-09   6.016e-11      491   46  491     2     3      0   862  6.3e-10        -
 198  9.6805e-09   6.016e-11      494   46  494     2     3      0   868  6.2e-10        -
 199  9.7406e-09   6.016e-11      497   46  497     2     3      0   874    6e-10        -
 201   9.861e-09   6.016e-11      503   46  503     2     3      0   886  5.5e-10        -
 203  9.9606e-09   3.944e-11      508   47  508     2     3      0   895  1.4e-08        -
 205  1.0039e-08   3.944e-11      512   47  512     2     3      0   901  1.3e-07        -
 207  1.0118e-08   3.944e-11      516   47  516     2     3      0   907  2.4e-07        -
 209  1.0197e-08   3.944e-11      520   47  520     2     3      0   913  3.6e-07        -
 211  1.0276e-08   3.944e-11      524   47  524     2     3      0   919  4.7e-07        -
 213  1.0355e-08   3.944e-11      528   47  528     2     3      0   925  5.8e-07        -
 215  1.0434e-08   3.944e-11      532   47  532     2     3      0   931    7e-07        -
 216  1.0467e-08  3.3081e-11      538   48  538     2     3      0   942  4.9e-09        -
 217    1.05e-08  3.3081e-11 out  540   49  540     2     3      0   945  4.8e-09        -
 219  1.0599e-08  6.6161e-11      544   50  544     2     3      0   951  1.5e-07        -
 220  1.0659e-08  5.9545e-11      550   51  550     2     3      0   962  8.7e-08        -
 222  1.0778e-08  5.9545e-11      554   52  554     2     3      0   968    4e-07        -
 224  1.0897e-08  5.9545e-11      558   52  558     2     3      0   975  3.7e-10        -
 225  1.0948e-08  5.1516e-11      564   53  564     2     3      0   986  3.7e-08        -
 227  1.1052e-08  5.1516e-11      568   54  568     2     3      0   992  1.8e-07        -
 230  1.1206e-08  5.1516e-11      574   54  574     2     3      0  1001  6.1e-07        -
 233  1.1361e-08  5.1516e-11      580   54  580     2     3      0  1011    3e-10        -
 235  1.1456e-08  4.3936e-11      588   55  588     2     3      0  1026  1.5e-08        -
 237  1.1544e-08  4.3936e-11      592   56  592     2     3      0  1032  7.9e-08        -
 240  1.1676e-08  4.3936e-11      598   56  598     2     3      0  1041  2.7e-07        -
 243  1.1808e-08  4.3936e-11      604   56  604     2     3      0  1050  4.7e-07        -
 246  1.1939e-08  4.3936e-11      610   56  610     2     3      0  1059  6.6e-07        -
 247   1.197e-08   3.032e-11      616   57  616     2     3      0  1070  2.8e-09        -
 249  1.2061e-08   6.064e-11      620   59  620     2     3      0  1076  9.2e-08        -
 253  1.2303e-08   6.064e-11      628   59  628     2     3      0  1090  5.3e-10        -
 256  1.2462e-08  3.7762e-11      634   60  634     2     3      0  1101  9.3e-09        -
 259  1.2613e-08  7.5523e-11      640   61  640     2     3      0  1110    3e-07        -
 260  1.2681e-08  6.7971e-11      646   62  646     2     3      0  1121  1.8e-07        -
 263  1.2885e-08  6.7971e-11      652   63  652     2     3      0  1131  6.5e-10        -
 264  1.2943e-08  5.7416e-11      658   64  658     2     3      0  1142  7.8e-08        -
 266  1.3057e-08  5.7416e-11      662   65  662     2     3      0  1148  3.9e-07        -
 268  1.3172e-08  5.7416e-11      666   65  666     2     3      0  1155  3.2e-10        -
 271  1.3344e-08  5.7416e-11      672   65  672     2     3      0  1167  5.4e-10        -
           当前进度:   9 % - 正在组装残差
 273  1.3451e-08  4.9043e-11      680   66  680     2     3      0  1182  3.7e-08        -
 276  1.3598e-08  4.9043e-11      686   67  686     2     3      0  1191  3.4e-07        -
 280  1.3794e-08  4.9043e-11      694   67  694     2     3      0  1203  9.8e-07        -
 284  1.3971e-08  2.9307e-11      702   68  702     2     3      0  1218  3.4e-09        -
 287  1.4117e-08  5.8614e-11      708   69  708     2     3      0  1227  5.6e-07        -
 291  1.4352e-08  5.8614e-11      716   69  716     2     3      0  1243  5.6e-10        -
 293  1.4455e-08  4.4852e-11      724   70  724     2     3      0  1258  3.5e-08        -
 296   1.459e-08  4.4852e-11      730   71  730     2     3      0  1267  3.2e-07        -
 300  1.4769e-08  4.4852e-11      738   71  738     2     3      0  1279  9.1e-07        -
 304  1.4949e-08  4.4852e-11      746   71  746     2     3      0  1295  2.2e-10        -
 307  1.5051e-08  5.1484e-11      752   73  752     2     3      0  1304  7.4e-08        -
 311  1.5257e-08  5.1484e-11      760   73  760     2     3      0  1317  2.4e-10        -
 315  1.5456e-08  4.4064e-11      772   74  772     2     3      0  1340  3.2e-08        -
 318  1.5588e-08  4.4064e-11      778   75  778     2     3      0  1349  2.9e-07        -
 323  1.5808e-08  4.4064e-11      788   75  788     2     3      0  1364  8.7e-07        -
 327   1.597e-08  2.9681e-11      800   76  800     2     3      0  1386  4.1e-09        -
 329  1.6059e-08  5.9363e-11      804   78  804     2     3      0  1392  1.3e-07        -
 333  1.6297e-08  5.9363e-11      812   78  812     2     3      0  1407  6.2e-10        -
 336  1.6458e-08  4.2231e-11      822   79  822     2     3      0  1426  2.2e-08        -
 338  1.6584e-08  8.4461e-11      826   81  826     2     3      0  1432  7.2e-07        -
 339  1.6657e-08  7.2408e-11      832   82  832     2     3      0  1443  3.3e-07        -
 343  1.6937e-08  6.2954e-11      844   84  844     2     3      0  1465  1.7e-07        -
 346  1.7126e-08  6.2954e-11      850   85  850     2     3      0  1475  5.5e-10        -
 350  1.7378e-08  6.2954e-11      858   85  858     2     3      0  1491  1.3e-09        -
 353  1.7561e-08  6.1139e-11      867   85  867     2     3      0  1509  1.1e-10        -
 356  1.7745e-08  6.1139e-11      876   85  876     2     3      0  1527  6.6e-11        -
 359  1.7928e-08  6.1139e-11      885   85  885     2     3      0  1545  5.4e-11        -
 362  1.8036e-08  3.6014e-11      891   86  891     2     3      0  1554  6.2e-08        -
 367  1.8216e-08  3.6014e-11      901   86  901     2     3      0  1569  1.9e-07        -
 371   1.836e-08  3.6014e-11      909   86  909     2     3      0  1581  2.9e-07        -
 375    1.85e-08  3.3914e-11 out  919   86  919     2     3      0  1599    8e-11        -
 378   1.867e-08  6.7827e-11      926   87  926     2     3      0  1611  7.2e-07        -
 381  1.8873e-08  6.7827e-11      932   87  932     2     3      0  1623  1.6e-09        -
 384  1.9063e-08  6.3475e-11      943   87  943     2     3      0  1645  5.9e-11        -
 387  1.9254e-08  6.3475e-11      955   87  955     2     3      0  1669  7.1e-11        -
 390   1.944e-08  5.9574e-11      969   88  969     2     3      0  1696  9.2e-08        -
 394  1.9679e-08  5.9574e-11      977   89  977     2     3      0  1709  6.1e-10        -
 399  1.9959e-08  4.1491e-11      991   90  991     2     3      0  1736  1.8e-08        -
 402  2.0154e-08  7.1374e-11     1001   93 1001     2     3      0  1753  2.4e-07        -
 404   2.029e-08  6.4237e-11     1009   95 1009     2     3      0  1767  1.4e-07        -
 406  2.0426e-08  6.4242e-11     1019   98 1019     2     4      0  1785  1.4e-07        -
 408  2.0567e-08  6.6969e-11     1027  100 1027     2     4      0  1799  1.8e-07        -
-          当前进度:  11 % - 正在组装残差
 410  2.0694e-08  6.0272e-11     1035  102 1035     2     4      0  1813  1.1e-07        -
 413  2.0875e-08  6.0272e-11     1041  103 1041     2     4      0  1822  9.7e-07        -
 416     2.1e-08   3.235e-11 out 1047  104 1047     2     4      0  1832  2.5e-08        -
 419  2.1194e-08  6.4699e-11     1053  105 1053     2     4      0  1842  7.2e-10        -
 423  2.1444e-08  5.5902e-11     1065  106 1065     2     4      0  1865  8.8e-08        -
 427  2.1668e-08  5.5902e-11     1073  107 1073     2     4      0  1878  4.4e-10        -
 431  2.1891e-08  5.5902e-11     1081  107 1081     2     4      0  1894  9.3e-10        -
 434  2.2054e-08  5.4344e-11     1090  107 1090     2     4      0  1912  7.1e-11        -
 437  2.2217e-08  5.4344e-11     1099  107 1099     2     4      0  1930  5.7e-11        -
 440   2.238e-08  5.4344e-11     1108  107 1108     2     4      0  1948  5.8e-11        -
 443    2.25e-08  3.2622e-11 out 1115  108 1115     2     4      0  1960  3.3e-08        -
 447   2.263e-08  3.2622e-11     1123  108 1123     2     4      0  1972  1.4e-07        -
 451  2.2761e-08  3.2622e-11     1131  108 1131     2     4      0  1984  2.3e-07        -
 454  2.2891e-08  6.5245e-11     1137  109 1137     2     4      0  1993  2.1e-07        -
 455  2.2946e-08  5.4265e-11     1143  110 1143     2     4      0  2004  8.2e-08        -
 457  2.3054e-08  5.4265e-11     1147  111 1147     2     4      0  2010    4e-07        -
 462  2.3326e-08  5.4265e-11     1157  111 1157     2     4      0  2029  7.3e-10        -
 465  2.3467e-08  3.2939e-11     1163  112 1163     2     4      0  2040  6.2e-09        -
 468  2.3599e-08  6.5878e-11     1169  113 1169     2     4      0  2049  1.9e-07        -
 472  2.3862e-08  6.5878e-11     1177  113 1177     2     4      0  2064  1.6e-09        -
 475  2.4065e-08  6.4617e-11     1185  113 1185     2     4      0  2080  4.4e-10        -
 476  2.4141e-08  7.6069e-11     1189  115 1189     2     5      0  2087  4.5e-07        -
 477  2.4209e-08  6.8462e-11     1195  116 1195     2     5      0  2098  2.7e-07        -
 480  2.4415e-08  6.8462e-11     1201  117 1201     2     5      0  2109  1.2e-09        -
 483  2.4543e-08  4.2732e-11     1207  118 1207     2     5      0  2118  2.2e-07        -
 485  2.4702e-08  7.3966e-11     1215  120 1215     2     5      0  2132  3.8e-07        -
 487  2.4843e-08  6.6569e-11     1223  122 1223     2     5      0  2146  2.2e-07        -
 489  2.4955e-08  4.5367e-11     1231  124 1231     2     5      0  2160  2.9e-08        -
 492  2.5091e-08  4.5367e-11     1237  125 1237     2     5      0  2169  2.3e-07        -
 496  2.5272e-08  4.5367e-11     1245  125 1245     2     5      0  2181  6.3e-07        -
 501  2.5477e-08  2.3166e-11     1255  126 1255     2     5      0  2197  7.2e-10        -
 503  2.5546e-08  4.6332e-11     1259  127 1259     2     5      0  2203  2.3e-08        -
 508  2.5778e-08  4.6332e-11     1269  127 1269     2     5      0  2218  4.6e-07        -
 512  2.5958e-08  4.1508e-11     1279  127 1279     2     5      0  2235  8.5e-11        -
 514  2.6042e-08  4.1508e-11     1287  127 1287     2     5      0  2251  7.2e-11        -
 517  2.6166e-08  4.1508e-11     1299  127 1299     2     5      0  2275    4e-11        -
 519  2.6249e-08  4.1508e-11     1307  127 1307     2     5      0  2291  9.1e-12        -
 521  2.6332e-08  4.1508e-11     1315  127 1315     2     5      0  2307  2.4e-11        -
 524  2.6457e-08  4.1508e-11     1327  127 1327     2     5      0  2331  8.4e-11        -
 527   2.663e-08  8.6822e-11     1335  128 1335     2     5      0  2346  5.2e-07        -
 528  2.6708e-08  7.8072e-11     1341  129 1341     2     5      0  2357  3.1e-07        -
 530  2.6857e-08  7.0265e-11     1349  131 1349     2     5      0  2371  1.9e-07        -
 532  2.6963e-08  3.6546e-11     1353  133 1353     2     5      0  2377  7.6e-09        -
 535   2.711e-08  7.3091e-11     1359  134 1359     2     5      0  2386  2.5e-07        -
 539  2.7402e-08  7.3091e-11     1367  134 1367     2     5      0  2402  3.6e-09        -
 540  2.7451e-08  4.8999e-11     1373  135 1373     2     5      0  2413  3.5e-08        -
 543  2.7647e-08  9.7997e-11     1379  137 1379     2     5      0  2423  1.4e-09        -
-          当前进度:  12 % - 
 544  2.7725e-08  7.7849e-11     1385  138 1385     2     5      0  2434  3.6e-07        -
 546  2.7873e-08  7.0064e-11     1393  140 1393     2     5      0  2448  2.2e-07        -
 548     2.8e-08  6.3621e-11 out 1397  141 1397     2     5      0  2454  6.7e-07        -
 552  2.8254e-08  6.3621e-11     1405  141 1405     2     5      0  2470    2e-09        -
 555  2.8441e-08  5.9137e-11     1413  141 1413     2     5      0  2486  1.5e-10        -
 557  2.8559e-08  5.9137e-11     1421  141 1421     2     5      0  2502  1.4e-10        -
 559  2.8677e-08  5.9137e-11     1429  141 1429     2     5      0  2518  1.2e-10        -
 561  2.8796e-08  5.9137e-11     1437  141 1437     2     5      0  2534  9.7e-11        -
 563  2.8914e-08  5.9137e-11     1445  141 1445     2     5      0  2550    6e-11        -
 564  2.8957e-08  4.3019e-11     1451  142 1451     2     5      0  2561  1.9e-08        -
 567  2.9086e-08  4.3019e-11     1457  143 1457     2     5      0  2570  1.7e-07        -
 571  2.9258e-08  4.3019e-11     1465  143 1465     2     5      0  2582  4.8e-07        -
 575   2.943e-08  4.3019e-11     1473  143 1473     2     5      0  2594    8e-07        -
 576  2.9465e-08  3.4903e-11     1479  144 1479     2     5      0  2605  7.1e-09        -
 578   2.957e-08  6.9807e-11     1483  146 1483     2     5      0  2611  2.3e-07        -
 582  2.9849e-08  6.9807e-11     1491  146 1491     2     5      0  2627  2.8e-09        -
 585       3e-08   4.058e-11 out 1497  147 1497     2     5      0  2637  7.6e-08        -
 587  3.0081e-08   4.058e-11     1501  147 1501     2     5      0  2643  1.9e-07        -
 589  3.0162e-08   4.058e-11     1505  147 1505     2     5      0  2649  3.1e-07        -
 591  3.0315e-08  7.1557e-11     1513  149 1513     2     5      0  2663  2.6e-07        -
 593  3.0443e-08  5.6704e-11     1521  151 1521     2     5      0  2677  8.1e-08        -
 595  3.0557e-08  5.6704e-11     1525  152 1525     2     5      0  2683    4e-07        -
 597   3.067e-08  5.6704e-11     1529  152 1529     2     5      0  2690  6.5e-10        -
 599  3.0784e-08  5.6704e-11     1533  152 1533     2     5      0  2698    1e-09        -
 600  3.0861e-08  7.7583e-11     1537  154 1537     2     6      0  2705  3.8e-07        -
 601  3.0931e-08  6.9449e-11     1543  155 1543     2     6      0  2716  2.2e-07        -
 603  3.1069e-08  6.9449e-11     1547  156 1547     2     6      0  2723  8.5e-10        -
 607  3.1347e-08  6.9449e-11     1555  156 1555     2     6      0  2739  3.6e-09        -
 609  3.1458e-08  4.1654e-11     1559  157 1559     2     6      0  2746  1.7e-08        -
 612  3.1625e-08  8.3308e-11     1565  158 1565     2     6      0  2755  5.7e-07        -
 613    3.17e-08  7.4977e-11     1571  159 1571     2     6      0  2766  3.4e-07        -
 616  3.1925e-08  7.4977e-11     1577  160 1577     2     6      0  2777  2.4e-09        -
 619  3.2038e-08  3.7565e-11     1583  161 1583     2     6      0  2786  8.7e-08        -
 622  3.2263e-08   7.513e-11     1589  162 1589     2     6      0  2797  2.5e-09        -
 626    3.25e-08  4.3393e-11 out 1597  163 1597     2     6      0  2811  8.1e-08        -
 631  3.2717e-08  4.3393e-11     1607  163 1607     2     6      0  2826  3.9e-07        -
 636  3.2934e-08  4.3393e-11     1617  163 1617     2     6      0  2841  6.7e-07        -
 638     3.3e-08  3.3037e-11 out 1625  165 1625     2     6      0  2855  3.5e-09        -
 641  3.3198e-08  6.6073e-11     1631  166 1631     2     6      0  2864    9e-07        -
 645  3.3448e-08   5.178e-11     1643  167 1643     2     6      0  2887  3.2e-08        -
 648  3.3604e-08   5.178e-11     1649  168 1649     2     6      0  2896  2.6e-07        -
 651  3.3759e-08   5.178e-11     1655  168 1655     2     6      0  2905  6.1e-07        -
 655  3.3957e-08  4.2879e-11     1667  169 1667     2     6      0  2925  1.4e-08        -
 657  3.4086e-08  8.5758e-11     1671  171 1671     2     6      0  2931  3.8e-07        -
 659   3.424e-08  7.7183e-11     1679  173 1679     2     6      0  2945  2.3e-07        -
-          当前进度:  13 % - 
 662  3.4447e-08  5.2756e-11     1689  174 1689     2     6      0  2964  3.6e-08        -
 665  3.4658e-08  1.0551e-10     1695  176 1695     2     6      0  2974    2e-09        -
 666  3.4744e-08  8.5397e-11     1701  177 1701     2     6      0  2985  3.8e-07        -
 668  3.4906e-08  7.6857e-11     1709  179 1709     2     6      0  2999  2.2e-07        -
 671  3.5094e-08  9.4082e-11     1715  181 1715     2     6      0  3008  6.2e-07        -
 672  3.5177e-08   8.321e-11     1721  182 1721     2     6      0  3019  3.4e-07        -
 674  3.5335e-08  7.4889e-11     1729  184 1729     2     6      0  3033    2e-07        -
 676  3.5455e-08   4.486e-11     1733  186 1733     2     6      0  3039  1.7e-08        -
 679  3.5635e-08   8.972e-11     1739  187 1739     2     6      0  3048  5.2e-07        -
 681  3.5796e-08  8.0748e-11     1747  189 1747     2     6      0  3062  3.1e-07        -
 683  3.5938e-08  6.1588e-11     1755  190 1755     2     6      0  3077  8.1e-08        -
 687  3.6185e-08  6.1588e-11     1763  191 1763     2     6      0  3090  1.1e-09        -
 691  3.6431e-08  6.1588e-11     1771  191 1771     2     6      0  3106  2.4e-09        -
 694  3.6569e-08  6.8881e-11     1777  193 1777     2     6      0  3115  1.4e-07        -
 699  3.6913e-08  6.8881e-11     1787  193 1787     2     6      0  3134  3.5e-09        -
 702  3.7043e-08  4.3356e-11     1793  194 1793     2     6      0  3143  1.2e-07        -
 707   3.726e-08  4.3356e-11     1803  194 1803     2     6      0  3158  3.9e-07        -
 712    3.75e-08  6.6444e-11 out 1813  195 1813     2     6      0  3173  1.2e-07        -
 715  3.7699e-08  6.6444e-11     1819  195 1819     2     6      0  3184  1.9e-09        -
 719  3.7949e-08  5.0667e-11     1831  196 1831     2     6      0  3207    3e-08        -
 722  3.8152e-08  1.0133e-10     1837  198 1837     2     6      0  3216  9.8e-07        -
 724  3.8318e-08  8.3195e-11     1845  200 1845     2     6      0  3230  3.8e-07        -
 725  3.8393e-08  7.4876e-11     1851  201 1851     2     6      0  3241  2.3e-07        -
 727  3.8586e-08   8.614e-11     1859  203 1859     2     6      0  3256  3.8e-07        -
 729   3.875e-08  7.7526e-11     1867  205 1867     2     6      0  3270  2.6e-07        -
 732  3.8952e-08   4.757e-11     1873  207 1873     2     6      0  3280  2.4e-08        -
 735  3.9181e-08  8.5626e-11     1883  209 1883     2     6      0  3297  4.6e-07        -
 738  3.9426e-08  7.3991e-11     1893  211 1893     2     6      0  3315  2.1e-07        -
 742  3.9722e-08  7.3991e-11     1901  212 1901     2     6      0  3329  3.2e-09        -
 745  3.9935e-08  6.5023e-11     1911  213 1911     2     6      0  3348  8.8e-08        -
 749  4.0195e-08  6.5023e-11     1919  214 1919     2     6      0  3360    9e-07        -
 753  4.0445e-08   5.493e-11     1931  215 1931     2     6      0  3383  2.9e-08        -
 757  4.0665e-08   5.493e-11     1939  216 1939     2     6      0  3395  3.2e-07        -
 761  4.0885e-08   5.493e-11     1947  216 1947     2     6      0  3407  7.1e-07        -
 765  4.1061e-08   6.056e-11     1955  218 1955     2     6      0  3419  3.7e-08        -
 770  4.1363e-08   6.056e-11     1965  218 1965     2     6      0  3434  7.7e-07        -
 773    4.15e-08  3.8039e-11 out 1971  219 1971     2     6      0  3443  1.9e-08        -
 777  4.1804e-08  7.6078e-11     1979  220 1979     2     6      0  3457  3.8e-09        -
 779   4.194e-08  5.9804e-11     1985  222 1985     2     7      0  3467  2.9e-08        -
 781  4.2094e-08  9.3979e-11     1991  224 1991     2     8      0  3476  2.8e-07        -
 783  4.2275e-08  9.6826e-11     2001  227 2001     2     9      0  3495  3.3e-07        -
 784  4.2363e-08  8.7144e-11     2007  228 2007     2     9      0  3506    2e-07        -
 787  4.2595e-08  9.4858e-11     2015  231 2015     2    10      0  3519  3.1e-07        -
-          当前进度:  15 % - 求解线性方程组
 788   4.268e-08  8.5372e-11     2021  232 2021     2    10      0  3530  1.9e-07        -
 791  4.2925e-08  7.4512e-11     2031  234 2031     2    10      0  3548  1.1e-07        -
 793  4.3075e-08  7.4512e-11     2035  235 2035     2    10      0  3554  5.6e-07        -
 797  4.3373e-08  7.4512e-11     2043  235 2043     2    10      0  3569  4.8e-09        -
 799    4.35e-08  6.3719e-11 out 2051  237 2051     2    10      0  3583  5.4e-08        -
 804  4.3819e-08  6.3719e-11     2061  237 2061     2    10      0  3599    2e-09        -
 808  4.4059e-08  5.8842e-11     2072  237 2072     2    10      0  3621  7.3e-09        -
 812  4.4294e-08  5.8842e-11     2084  237 2084     2    10      0  3645  5.5e-09        -
 815  4.4456e-08  4.4052e-11     2096  238 2096     2    10      0  3668  4.5e-09        -
 819  4.4632e-08  4.4052e-11     2104  239 2104     2    10      0  3680  6.9e-08        -
 822  4.4896e-08  8.8104e-11     2110  240 2110     2    10      0  3690  4.1e-09        -
 826  4.5155e-08  1.0353e-10     2118  242 2118     2    10      0  3704  9.9e-09        -
 828  4.5341e-08  9.2953e-11     2126  244 2126     2    10      0  3721    5e-09        -
 830    4.55e-08  7.9399e-11 out 2134  246 2134     2    10      0  3735  6.2e-07        -
 832   4.568e-08  1.0079e-10     2140  248 2140     2    11      0  3746  7.6e-09        -
 834  4.5862e-08   9.071e-11     2148  250 2148     2    11      0  3760  4.6e-07        -
 836     4.6e-08  6.9196e-11 out 2156  252 2156     2    11      0  3774    4e-08        -
 840  4.6277e-08  6.9196e-11     2164  252 2164     2    11      0  3786  6.4e-07        -
 845     4.7e-08  3.3035e-10 out 2171  254 2171     2    11      0  3792        0        -
 852    5.05e-08       5e-10 out 2178  255 2178     2    11      0  3792        0        -
 857     5.3e-08       5e-10 out 2183  255 2183     2    11      0  3792        0        -
 861     5.5e-08       5e-10 out 2187  255 2187     2    11      0  3792        0        -
 868    5.85e-08       5e-10 out 2194  255 2194     2    11      0  3792        0        -
 875     6.2e-08       5e-10 out 2201  255 2201     2    11      0  3792        0        -
 883     6.6e-08       5e-10 out 2209  255 2209     2    11      0  3792        0        -
 889     6.9e-08       5e-10 out 2215  255 2215     2    11      0  3792        0        -
 897     7.3e-08       5e-10 out 2223  255 2223     2    11      0  3792        0        -
 904    7.65e-08       5e-10 out 2230  255 2230     2    11      0  3792        0        -
 912    8.05e-08       5e-10 out 2238  255 2238     2    11      0  3792        0        -
 921     8.5e-08       5e-10 out 2247  255 2247     2    11      0  3792        0        -
 930    8.95e-08       5e-10 out 2256  255 2256     2    11      0  3792        0        -
 935     9.2e-08       5e-10 out 2261  255 2261     2    11      0  3792        0        -
 944    9.65e-08       5e-10 out 2270  255 2270     2    11      0  3792        0        -
 953    1.01e-07       5e-10 out 2279  255 2279     2    11      0  3792        0        -
 962   1.055e-07       5e-10 out 2288  255 2288     2    11      0  3792        0        -
 971     1.1e-07       5e-10 out 2297  255 2297     2    11      0  3792        0        -
 980   1.145e-07       5e-10 out 2306  255 2306     2    11      0  3792        0        -
 988   1.185e-07       5e-10 out 2314  255 2314     2    11      0  3792        0        -
 996   1.225e-07       5e-10 out 2322  255 2322     2    11      0  3792        0        -
1005    1.27e-07       5e-10 out 2331  255 2331     2    11      0  3792        0        -
1014   1.315e-07       5e-10 out 2340  255 2340     2    11      0  3792        0        -
1023    1.36e-07       5e-10 out 2349  255 2349     2    11      0  3792        0        -
1032   1.405e-07       5e-10 out 2358  255 2358     2    11      0  3792        0        -
1040   1.445e-07       5e-10 out 2366  255 2366     2    11      0  3792        0        -
1049    1.49e-07       5e-10 out 2375  255 2375     2    11      0  3792        0        -
1057    1.53e-07       5e-10 out 2383  255 2383     2    11      0  3792        0        -
1066   1.575e-07       5e-10 out 2392  255 2392     2    11      0  3792        0        -
1075    1.62e-07       5e-10 out 2401  255 2401     2    11      0  3792        0        -
1082   1.655e-07       5e-10 out 2408  255 2408     2    11      0  3792        0        -
1090   1.695e-07       5e-10 out 2416  255 2416     2    11      0  3792        0        -
1099    1.74e-07       5e-10 out 2425  255 2425     2    11      0  3792        0        -
---        当前进度:  39 % - 
Memory: 1118/1223 1148/1538
1104   1.765e-07       5e-10 out 2430  255 2430     2    11      0  3792        0        -
1111     1.8e-07       5e-10 out 2437  255 2437     2    11      0  3792        0        -
1119    1.84e-07       5e-10 out 2445  255 2445     2    11      0  3792        0        -
1126   1.875e-07       5e-10 out 2452  255 2452     2    11      0  3792        0        -
1134   1.915e-07       5e-10 out 2460  255 2460     2    11      0  3792        0        -
1139    1.94e-07       5e-10 out 2465  255 2465     2    11      0  3792        0        -
1146   1.975e-07       5e-10 out 2472  255 2472     2    11      0  3792        0        -
1153    2.01e-07       5e-10 out 2479  255 2479     2    11      0  3792        0        -
1160   2.045e-07       5e-10 out 2486  255 2486     2    11      0  3792        0        -
1169    2.09e-07       5e-10 out 2495  255 2495     2    11      0  3792        0        -
1178   2.135e-07       5e-10 out 2504  255 2504     2    11      0  3792        0        -
1186   2.175e-07       5e-10 out 2512  255 2512     2    11      0  3792        0        -
1195    2.22e-07       5e-10 out 2521  255 2521     2    11      0  3792        0        -
1204   2.265e-07       5e-10 out 2530  255 2530     2    11      0  3792        0        -
1213    2.31e-07       5e-10 out 2539  255 2539     2    11      0  3792        0        -
1221    2.35e-07       5e-10 out 2547  255 2547     2    11      0  3792        0        -
1230   2.395e-07       5e-10 out 2556  255 2556     2    11      0  3792        0        -
1239    2.44e-07       5e-10 out 2565  255 2565     2    11      0  3792        0        -
1248   2.485e-07       5e-10 out 2574  255 2574     2    11      0  3792        0        -
1256   2.525e-07       5e-10 out 2582  255 2582     2    11      0  3792        0        -
1263    2.56e-07       5e-10 out 2589  255 2589     2    11      0  3792        0        -
1271     2.6e-07       5e-10 out 2597  255 2597     2    11      0  3792        0        -
1279    2.64e-07       5e-10 out 2605  255 2605     2    11      0  3792        0        -
1287    2.68e-07       5e-10 out 2613  255 2613     2    11      0  3792        0        -
1295    2.72e-07       5e-10 out 2621  255 2621     2    11      0  3792        0        -
1303    2.76e-07       5e-10 out 2629  255 2629     2    11      0  3792        0        -
1310   2.795e-07       5e-10 out 2636  255 2636     2    11      0  3792        0        -
1318   2.835e-07       5e-10 out 2644  255 2644     2    11      0  3792        0        -
1326   2.875e-07       5e-10 out 2652  255 2652     2    11      0  3792        0        -
1334   2.915e-07       5e-10 out 2660  255 2660     2    11      0  3792        0        -
1342   2.955e-07       5e-10 out 2668  255 2668     2    11      0  3792        0        -
1350   2.995e-07       5e-10 out 2676  255 2676     2    11      0  3792        0        -
1357    3.03e-07       5e-10 out 2683  255 2683     2    11      0  3792        0        -
1364   3.065e-07       5e-10 out 2690  255 2690     2    11      0  3792        0        -
1370   3.095e-07       5e-10 out 2696  255 2696     2    11      0  3792        0        -
1377    3.13e-07       5e-10 out 2703  255 2703     2    11      0  3792        0        -
1385    3.17e-07       5e-10 out 2711  255 2711     2    11      0  3792        0        -
1392   3.205e-07       5e-10 out 2718  255 2718     2    11      0  3792        0        -
1400   3.245e-07       5e-10 out 2726  255 2726     2    11      0  3792        0        -
1408   3.285e-07       5e-10 out 2734  255 2734     2    11      0  3792        0        -
1416   3.325e-07       5e-10 out 2742  255 2742     2    11      0  3792        0        -
1423    3.36e-07       5e-10 out 2749  255 2749     2    11      0  3792        0        -
1431     3.4e-07       5e-10 out 2757  255 2757     2    11      0  3792        0        -
1439    3.44e-07       5e-10 out 2765  255 2765     2    11      0  3792        0        -
1446   3.475e-07       5e-10 out 2772  255 2772     2    11      0  3792        0        -
1454   3.515e-07       5e-10 out 2780  255 2780     2    11      0  3792        0        -
1462   3.555e-07       5e-10 out 2788  255 2788     2    11      0  3792        0        -
1469    3.59e-07       5e-10 out 2795  255 2795     2    11      0  3792        0        -
1475    3.62e-07       5e-10 out 2801  255 2801     2    11      0  3792        0        -
1484   3.665e-07       5e-10 out 2810  255 2810     2    11      0  3792        0        -
1491     3.7e-07       5e-10 out 2817  255 2817     2    11      0  3792        0        -
1498   3.735e-07       5e-10 out 2824  255 2824     2    11      0  3792        0        -
1507    3.78e-07       5e-10 out 2833  255 2833     2    11      0  3792        0        -
1512   3.805e-07       5e-10 out 2838  255 2838     2    11      0  3792        0        -
1520   3.845e-07       5e-10 out 2846  255 2846     2    11      0  3792        0        -
1529    3.89e-07       5e-10 out 2855  255 2855     2    11      0  3792        0        -
-------    当前进度:  79 % - 正在组装残差
1538   3.935e-07       5e-10 out 2864  255 2864     2    11      0  3792        0        -
1547    3.98e-07       5e-10 out 2873  255 2873     2    11      0  3792        0        -
1556   4.025e-07       5e-10 out 2882  255 2882     2    11      0  3792        0        -
1564   4.065e-07       5e-10 out 2890  255 2890     2    11      0  3792        0        -
1572   4.105e-07       5e-10 out 2898  255 2898     2    11      0  3792        0        -
1581    4.15e-07       5e-10 out 2907  255 2907     2    11      0  3792        0        -
1588   4.185e-07       5e-10 out 2914  255 2914     2    11      0  3792        0        -
1594   4.215e-07       5e-10 out 2920  255 2920     2    11      0  3792        0        -
1603    4.26e-07       5e-10 out 2929  255 2929     2    11      0  3792        0        -
1612   4.305e-07       5e-10 out 2938  255 2938     2    11      0  3792        0        -
1621    4.35e-07       5e-10 out 2947  255 2947     2    11      0  3792        0        -
1630   4.395e-07       5e-10 out 2956  255 2956     2    11      0  3792        0        -
1638   4.435e-07       5e-10 out 2964  255 2964     2    11      0  3792        0        -
1647    4.48e-07       5e-10 out 2973  255 2973     2    11      0  3792        0        -
1656   4.525e-07       5e-10 out 2982  255 2982     2    11      0  3792        0        -
1664   4.565e-07       5e-10 out 2990  255 2990     2    11      0  3792        0        -
1673    4.61e-07       5e-10 out 2999  255 2999     2    11      0  3792        0        -
1681    4.65e-07       5e-10 out 3007  255 3007     2    11      0  3792        0        -
1689    4.69e-07       5e-10 out 3015  255 3015     2    11      0  3792        0        -
1697    4.73e-07       5e-10 out 3023  255 3023     2    11      0  3792        0        -
1705    4.77e-07       5e-10 out 3031  255 3031     2    11      0  3792        0        -
1714   4.815e-07       5e-10 out 3040  255 3040     2    11      0  3792        0        -
1723    4.86e-07       5e-10 out 3049  255 3049     2    11      0  3792        0        -
1732   4.905e-07       5e-10 out 3058  255 3058     2    11      0  3792        0        -
1741    4.95e-07       5e-10 out 3067  255 3067     2    11      0  3792        0        -
1750   4.995e-07       5e-10 out 3076  255 3076     2    11      0  3792        0        -
1751       5e-07       5e-10 out 3077  255 3077     2    11      0  3792        0        -
---------- 当前进度: 100 % - 
求解时间：4 s。
物理内存: 1.12 GB
虚拟内存: 1.15 GB
结束时间：2026年9月4日 10:35:23。
----- Study 2 - Single_Muon_Diagnostic/解 2 (sol2) 中的“瞬态求解器 1” ----------------->
           当前进度:   0 % - 
Memory: 1081/1223 1111/1538
-          当前进度:  13 % - 正在计算
Memory: 1085/1223 1115/1538
--         当前进度:  23 % - 正在计算
Memory: 1091/1223 1121/1538
---        当前进度:  32 % - 正在计算
Memory: 1092/1223 1122/1538
----       当前进度:  40 % - 正在计算
Memory: 1094/1223 1123/1538
----       当前进度:  48 % - 正在计算
Memory: 1095/1223 1124/1538
-----      当前进度:  56 % - 正在计算
Memory: 1101/1223 1130/1538
------     当前进度:  64 % - 正在计算
Memory: 1100/1223 1130/1538
-------    当前进度:  73 % - 正在计算
--------   当前进度:  82 % - 正在计算
---------  当前进度:  90 % - 正在计算
---------  当前进度:  98 % - 正在计算
---------- 当前进度: 100 % - 正在计算
           当前进度:   0 % - 
---        当前进度:  34 % - 正在计算
Memory: 1101/1223 1130/1538
---------  当前进度:  95 % - 正在计算
Memory: 1097/1223 1127/1538
AXIAL_SOURCE_CASE_COMPLETE=axial_source_gap130mm_frac0p70
AXIAL_SOURCE_CASE_START=axial_source_gap130mm_frac0p80
           当前进度:   2 % - 生成方程
Memory: 1099/1223 1128/1538
           当前进度:   3 % - 生成方程
Memory: 1100/1223 1129/1538
<---- Study 1 - 3D Electrostatics stationary/解 1 (sol1) 中的“编译方程: 稳态” -----------
开始于 2026年9月4日 10:35:28。
几何形函数: 二次拉格朗日单元
几何形函数: 二次拉格朗日单元
在 Intel64 Family 6 Model 186 Stepping 2, GenuineIntel 上运行。
在以下位置使用 1 个插槽： 陈红星 上（共 1 个内核）。
可用内存：15.90 GB。
           当前进度:   6 % - 编译方程: 稳态
Memory: 1125/1223 1155/1538
           当前进度:   7 % - 编译方程: 稳态
Memory: 1137/1223 1169/1538
时间：2。
物理内存: 1.17 GB
虚拟内存: 1.85 GB
Warning: 自由空间采用真空条件，这会导致某些材料属性被忽略。请考虑为忽略的材料添加合适的物理场特征。

  - 节点: 自由空间 1

  - 物理场: Electrostatics: four finite-thickness rounded ring electrodes (es)

  - Materials: Natural Neon gas, representative relative permittivity (mat_gas), Representative alumina ceramic; epsilon_r=9.4 assumption (mat_diel)

  - Quantities: 相对介电常数, 相对介电常数
结束时间：2026年9月4日 10:35:29。
----- Study 1 - 3D Electrostatics stationary/解 1 (sol1) 中的“编译方程: 稳态” ---------->
<---- Study 1 - 3D Electrostatics stationary/解 1 (sol1) 中的“因变量 1” --------------
开始于 2026年9月4日 10:35:29。
           当前进度:   7 % - 因变量 1
Memory: 1167/1223 1850/1850
求解时间：0 s。
物理内存: 1.17 GB
虚拟内存: 1.85 GB
结束时间：2026年9月4日 10:35:30。
----- Study 1 - 3D Electrostatics stationary/解 1 (sol1) 中的“因变量 1” ------------->
<---- Study 1 - 3D Electrostatics stationary/解 1 (sol1) 中的“稳态求解器 1” ------------
开始于 2026年9月4日 10:35:30。
线性求解器 
求解的自由度数：122163。
--         当前进度:  23 % - 组装稀疏模式
Memory: 1121/1223 1207/1853
--         当前进度:  29 % - 组装矩阵
Memory: 1141/1223 1227/1853
---        当前进度:  36 % - 组装矩阵
Memory: 1142/1223 1227/1853
找到对称矩阵。
缩放因变量：
电势 (comp1.V): 1
已使用正交零空间函数。
---        当前进度:  38 % - 
Memory: 1154/1223 1249/1853
---        当前进度:  38 % - 组装延展
Memory: 1178/1223 1265/1853
-----      当前进度:  56 % - 组装矩阵
Memory: 1144/1223 1229/1853
Iter      SolEst     Damping    Stepsize #Res #Jac #Sol LinIt   LinErr   LinRes
---------  当前进度:  90 % - 求解线性方程组
Memory: 1164/1223 1254/1853
   1        0.76   1.0000000        0.76    1    1    1     4  2.8e-05  5.3e-08
---------- 当前进度: 100 % - 
Memory: 1120/1223 1205/1853
求解时间：4 s。
物理内存: 1.18 GB
虚拟内存: 1.85 GB
结束时间：2026年9月4日 10:35:35。
----- Study 1 - 3D Electrostatics stationary/解 1 (sol1) 中的“稳态求解器 1” ----------->
           当前进度:   2 % - 生成方程
Memory: 1162/1223 1194/1853
           当前进度:   3 % - Study 2 - Single_Muon_Diagnostic
Memory: 1169/1223 1202/1853
<---- Study 2 - Single_Muon_Diagnostic/解 2 (sol2) 中的“编译方程: 瞬态” -----------------
开始于 2026年9月4日 10:35:35。
几何形函数: 二次拉格朗日单元
几何形函数: 二次拉格朗日单元
在 Intel64 Family 6 Model 186 Stepping 2, GenuineIntel 上运行。
在以下位置使用 1 个插槽： 陈红星 上（共 1 个内核）。
可用内存：15.90 GB。
           当前进度:   3 % - 生成方程
Memory: 1149/1223 1181/1853
           当前进度:   4 % - 编译方程: 瞬态
Memory: 1172/1223 1204/1853
           当前进度:   5 % - 编译方程: 瞬态
Memory: 1158/1223 1189/1853
时间：1。
物理内存: 1.17 GB
虚拟内存: 1.2 GB
Warning: 自由空间采用真空条件，这会导致某些材料属性被忽略。请考虑为忽略的材料添加合适的物理场特征。

  - 节点: 自由空间 1

  - 物理场: Electrostatics: four finite-thickness rounded ring electrodes (es)

  - Materials: Natural Neon gas, representative relative permittivity (mat_gas), Representative alumina ceramic; epsilon_r=9.4 assumption (mat_diel)

  - Quantities: 相对介电常数, 相对介电常数
结束时间：2026年9月4日 10:35:37。
----- Study 2 - Single_Muon_Diagnostic/解 2 (sol2) 中的“编译方程: 瞬态” ---------------->
<---- Study 2 - Single_Muon_Diagnostic/解 2 (sol2) 中的“因变量 1” --------------------
开始于 2026年9月4日 10:35:37。
不求解变量的值: 解 1 (sol1).
           当前进度:   5 % - 因变量 1
Memory: 1162/1223 1193/1853
求解时间：0 s。
物理内存: 1.16 GB
虚拟内存: 1.19 GB
结束时间：2026年9月4日 10:35:37。
----- Study 2 - Single_Muon_Diagnostic/解 2 (sol2) 中的“因变量 1” ------------------->
<---- Study 2 - Single_Muon_Diagnostic/解 2 (sol2) 中的“瞬态求解器 1” ------------------
开始于 2026年9月4日 10:35:38。
瞬态求解器（广义 α）
求解的自由度数：3（加上 4 个内部自由度）。
找到非对称矩阵。
缩放因变量：
颗粒位置 (comp1.qcpt): 1
Step        Time    Stepsize      Res  Jac  Sol Order Tfail NLfail LinIt   LinErr   LinRes
   0           0           - out    2    3    2                  0     0        0        0
   1    1.25e-10    1.25e-10        8    6    8     2     2      0    15  7.5e-11        -
   2  2.2644e-10  1.0144e-10       14    7   14     2     2      0    30  5.1e-07        -
   4  3.9989e-10  8.2163e-11       22    9   22     2     2      0    46  2.4e-07        -
   8  6.0011e-10  5.0055e-11       30   10   30     2     2      0    58    4e-07        -
  13  8.5038e-10  5.0055e-11       40   10   40     2     2      0    75  8.3e-11        -
  18  1.0996e-09  4.9781e-11       50   10   50     2     2      0    95  1.7e-09        -
  23  1.3485e-09  4.9781e-11       60   10   60     2     2      0   115  1.8e-09        -
  28   1.552e-09  5.1973e-11       70   12   70     2     2      0   132  5.3e-08        -
  33  1.8118e-09  5.1973e-11       80   12   80     2     2      0   148  1.3e-10        -
  36  1.9579e-09  4.2106e-11       90   13   90     2     2      0   167  1.9e-08        -
  41  2.1684e-09  4.2106e-11      100   14  100     2     2      0   182  3.2e-07        -
  47  2.4211e-09  4.2106e-11      112   14  112     2     2      0   200  7.8e-07        -
  51  2.5789e-09  3.9468e-11      124   14  124     2     2      0   224  1.4e-09        -
  56  2.7763e-09  3.9468e-11      139   14  139     2     2      0   254  1.4e-09        -
  60  2.9341e-09  3.9468e-11      151   14  151     2     2      0   278  1.4e-09        -
  62       3e-09  3.2928e-11 out  159   16  159     2     2      0   292  4.7e-09        -
  65  3.1844e-09  5.9271e-11      169   19  169     2     2      0   309    8e-08        -
  70  3.4607e-09  3.9258e-11      179   20  179     2     2      0   325  9.1e-09        -
  76  3.6963e-09  3.9258e-11      191   20  191     2     2      0   343  2.1e-07        -
  81  3.8926e-09  3.9258e-11      201   20  201     2     2      0   358  3.8e-07        -
  84       4e-09  3.4079e-11 out  211   22  211     2     2      0   375  4.2e-09        -
  85  4.0682e-09  6.8157e-11      213   23  213     2     2      0   378  1.3e-07        -
  87  4.1908e-09  6.1342e-11      221   25  221     2     2      0   392    8e-08        -
  89  4.3135e-09  6.1342e-11      225   25  225     2     2      0   398  7.4e-07        -
  91  4.4362e-09  6.1342e-11      229   25  229     2     2      0   406  5.3e-10        -
  93     4.5e-09  3.1897e-11 out  233   26  233     2     2      0   412  1.7e-08        -
  95  4.6276e-09  6.3794e-11      237   27  237     2     2      0   418  5.5e-07        -
           当前进度:   8 % - 
Memory: 1148/1223 1179/1853
  97  4.7552e-09  6.3794e-11      241   27  241     2     2      0   426  5.6e-10        -
 100  4.9414e-09  5.8619e-11      249   27  249     2     2      0   442  2.1e-09        -
 103  5.1172e-09  5.8619e-11      261   27  261     2     2      0   466  2.1e-09        -
 104  5.1759e-09  5.8619e-11      265   27  265     2     2      0   474  2.1e-09        -
 106  5.2931e-09  5.8619e-11      273   27  273     2     2      0   490  2.2e-09        -
 109  5.4552e-09  4.4833e-11      287   28  287     2     2      0   517    2e-08        -
 113  5.6345e-09  4.4833e-11      295   29  295     2     2      0   529  2.6e-07        -
 118  5.8587e-09  4.4833e-11      305   29  305     2     2      0   544  6.6e-07        -
 121  5.9742e-09  2.5833e-11      311   30  311     2     2      0   553  1.3e-09        -
 124  6.1033e-09  5.1667e-11      317   31  317     2     2      0   562  2.2e-07        -
 129  6.3617e-09  5.1667e-11      327   31  327     2     2      0   578  2.5e-10        -
 131  6.4567e-09  4.3333e-11      335   32  335     2     2      0   593    2e-08        -
 135    6.63e-09  4.3333e-11      343   33  343     2     2      0   605  2.8e-07        -
 140  6.8467e-09  4.3333e-11      353   33  353     2     2      0   620  7.5e-07        -
 143  6.9667e-09  3.3333e-11      363   34  363     2     2      0   637    7e-09        -
 146     7.1e-09  6.6666e-11      369   36  369     2     2      0   646  2.4e-07        -
 147    7.16e-09       6e-11      375   37  375     2     2      0   657  1.5e-07        -
 151     7.4e-09       6e-11      383   38  383     2     2      0   671  4.5e-10        -
 153     7.5e-09  5.0001e-11 out  391   40  391     2     2      0   685  6.3e-08        -
 156    7.65e-09  5.0001e-11      397   40  397     2     2      0   694  7.9e-07        -
 161     7.9e-09  5.0001e-11      407   40  407     2     2      0   714    3e-10        -
 165     8.1e-09  4.9996e-11      415   40  415     2     2      0   730  3.8e-10        -
 169     8.3e-09  4.9996e-11      423   40  423     2     2      0   746  4.7e-10        -
 173   8.475e-09  2.5019e-11      431   41  431     2     2      0   761  1.6e-09        -
 176  8.6001e-09  5.0038e-11      437   42  437     2     2      0   770  2.4e-07        -
 180  8.8002e-09  5.0038e-11      445   42  445     2     2      0   782  9.5e-07        -
 185  9.0498e-09  4.9849e-11      455   42  455     2     2      0   802    6e-10        -
 190  9.2991e-09  4.9849e-11      465   42  465     2     2      0   822  5.1e-10        -
 194  9.4743e-09  2.5679e-11      473   43  473     2     2      0   837  1.7e-09        -
 198  9.6541e-09  5.1358e-11      481   44  481     2     2      0   849  4.9e-07        -
 203  9.9109e-09  5.1358e-11      491   44  491     2     2      0   867  4.1e-10        -
 205       1e-08  4.4566e-11 out  499   46  499     2     2      0   881  2.5e-08        -
 210  1.0223e-08  4.4566e-11      509   46  509     2     2      0   896  5.1e-07        -
 214  1.0401e-08  4.4566e-11      517   46  517     2     2      0   908  8.9e-07        -
 218  1.0554e-08  5.4339e-11      525   48  525     2     2      0   920  5.7e-08        -
 223  1.0826e-08  5.4339e-11      535   48  535     2     2      0   936    5e-10        -
 227     1.1e-08  3.2643e-11 out  543   49  543     2     2      0   950  1.8e-08        -
 230  1.1157e-08  5.8757e-11      553   51  553     2     2      0   967  6.9e-08        -
 233  1.1333e-08  5.8757e-11      559   52  559     2     2      0   976    6e-07        -
 236    1.15e-08  5.4145e-11 out  569   52  569     2     2      0   995  9.7e-10        -
 239  1.1662e-08  5.4145e-11      581   52  581     2     2      0  1019    1e-09        -
 241  1.1771e-08  5.4145e-11      589   52  589     2     2      0  1035    1e-09        -
 244  1.1933e-08  5.4145e-11      601   52  601     2     2      0  1059    1e-09        -
           当前进度:   9 % - 
Memory: 1150/1223 1181/1853
 247  1.2067e-08  6.6841e-11      607   54  607     2     2      0  1068  1.4e-07        -
 251  1.2334e-08  6.6841e-11      615   54  615     2     2      0  1083  1.5e-09        -
 253  1.2451e-08  4.9478e-11      623   55  623     2     2      0  1098  3.2e-08        -
 256  1.2599e-08  4.9478e-11      629   56  629     2     2      0  1107    3e-07        -
 261  1.2846e-08  4.9478e-11      639   56  639     2     2      0  1122  9.5e-07        -
 265     1.3e-08  2.7351e-11 out  647   57  647     2     2      0  1136  8.9e-09        -
 268  1.3164e-08  5.4702e-11      653   58  653     2     2      0  1145  5.2e-07        -
 273  1.3438e-08  5.4702e-11      663   58  663     2     2      0  1163  7.7e-10        -
 276  1.3562e-08  6.2388e-11      669   60  669     2     2      0  1172  1.1e-07        -
 281  1.3874e-08  6.2388e-11      679   60  679     2     2      0  1191  1.3e-09        -
 285  1.4063e-08  6.3286e-11      687   62  687     2     2      0  1204  1.5e-07        -
 290   1.438e-08  6.3286e-11      697   62  697     2     2      0  1223  1.5e-09        -
 293   1.456e-08  6.0143e-11      706   62  706     2     2      0  1241  2.2e-09        -
 296  1.4741e-08  6.0143e-11      715   62  715     2     2      0  1259  2.1e-09        -
 299  1.4921e-08  6.0143e-11      724   62  724     2     2      0  1277  2.3e-09        -
 302  1.5079e-08  7.8996e-11      730   64  730     2     2      0  1286  5.6e-07        -
 303  1.5142e-08  6.2806e-11      736   65  736     2     2      0  1297  1.8e-07        -
 305  1.5261e-08  5.6525e-11      744   67  744     2     2      0  1311    1e-07        -
 309  1.5465e-08  3.4646e-11      752   69  752     2     2      0  1323  8.6e-09        -
 313  1.5666e-08  6.2363e-11      764   71  764     2     2      0  1343  1.6e-07        -
 317  1.5916e-08  6.2363e-11      772   72  772     2     2      0  1357    1e-09        -
 319     1.6e-08  4.2122e-11 out  780   74  780     2     2      0  1371  2.1e-08        -
 321  1.6154e-08  7.0115e-11      788   76  788     2     2      0  1385  2.6e-07        -
 325  1.6432e-08  6.7649e-11      797   77  797     2     2      0  1402  1.6e-09        -
 329  1.6703e-08  6.7649e-11      809   77  809     2     2      0  1426  1.5e-09        -
 333  1.6953e-08  4.7054e-11      824   78  824     2     2      0  1455  3.9e-08        -
 337  1.7141e-08  4.7054e-11      832   79  832     2     2      0  1467  4.8e-07        -
 342  1.7376e-08  4.7054e-11      842   79  842     2     2      0  1484  4.9e-10        -
 344  1.7462e-08  3.8259e-11      850   80  850     2     2      0  1499  1.3e-08        -
 347  1.7615e-08  7.6517e-11      856   82  856     2     2      0  1508  4.1e-07        -
 349  1.7753e-08  6.8865e-11      864   84  864     2     2      0  1522  2.3e-07        -
 352  1.7945e-08  5.4881e-11      874   85  874     2     2      0  1540  6.4e-08        -
 356  1.8165e-08  5.4881e-11      882   86  882     2     2      0  1552  6.8e-07        -
 360  1.8384e-08  5.4881e-11      890   86  890     2     2      0  1567  1.2e-09        -
 364  1.8561e-08  6.0949e-11      898   88  898     2     2      0  1580  8.5e-08        -
 369  1.8866e-08  6.0949e-11      908   88  908     2     2      0  1598  1.7e-09        -
 373  1.9073e-08  7.3359e-11      916   90  916     2     2      0  1611  2.1e-07        -
 375  1.9205e-08  6.6023e-11      924   92  924     2     2      0  1625  1.3e-07        -
 379  1.9452e-08  4.8263e-11      936   93  936     2     2      0  1647  2.8e-08        -
 382  1.9675e-08  7.8603e-11      946   96  946     2     2      0  1666  3.3e-07        -
 383  1.9754e-08  7.8603e-11      948   97  948     2     2      0  1669  3.3e-07        -
-          当前进度:  10 % - 组装稀疏模式
Memory: 1151/1223 1181/1853
 385  1.9895e-08  7.0742e-11      956   99  956     2     2      0  1683    2e-07        -
 386  1.9948e-08  5.2392e-11      962  100  962     2     2      0  1694  4.6e-08        -
 389  2.0105e-08  5.2392e-11      968  101  968     2     2      0  1703  4.3e-07        -
 393  2.0314e-08  5.2392e-11      976  101  976     2     2      0  1716  8.8e-10        -
 396   2.046e-08  4.0433e-11      986  102  986     2     2      0  1735  1.2e-08        -
 399  2.0621e-08  8.0866e-11      992  104  992     2     2      0  1744  3.9e-07        -
 400  2.0694e-08   7.278e-11      998  105  998     2     2      0  1755  2.3e-07        -
 403  2.0912e-08   7.278e-11     1004  106 1004     2     2      0  1766  2.4e-09        -
 406  2.1044e-08  4.3791e-11     1010  107 1010     2     2      0  1775  1.8e-07        -
 411  2.1263e-08  4.3791e-11     1020  107 1020     2     2      0  1790    6e-07        -
 416  2.1469e-08  3.1044e-11     1034  108 1034     2     2      0  1813  4.2e-09        -
 418  2.1562e-08  6.2088e-11     1038  110 1038     2     2      0  1819  1.4e-07        -
 422   2.181e-08  6.2088e-11     1046  110 1046     2     2      0  1834  1.7e-09        -
 425  2.1967e-08  3.2693e-11     1052  111 1052     2     2      0  1845  5.8e-09        -
 429  2.2163e-08  6.5387e-11     1060  112 1060     2     2      0  1857  9.4e-07        -
 434  2.2463e-08  3.7494e-11     1070  113 1070     2     2      0  1876  1.2e-08        -
 437  2.2641e-08  6.6089e-11     1080  115 1080     2     2      0  1893    2e-07        -
 440  2.2839e-08  6.6089e-11     1086  116 1086     2     2      0  1903  1.4e-09        -
 442  2.2953e-08  4.7284e-11     1094  117 1094     2     2      0  1918  3.6e-08        -
 444  2.3072e-08  7.1585e-11     1100  120 1100     2     3      0  1928  2.8e-07        -
 446    2.32e-08  6.4426e-11     1108  122 1108     2     3      0  1942  1.7e-07        -
 450  2.3447e-08  5.3142e-11     1120  123 1120     2     3      0  1964  6.1e-08        -
 452  2.3553e-08  5.3142e-11     1124  124 1124     2     3      0  1970    3e-07        -
 456  2.3791e-08  7.8246e-11     1134  126 1134     2     4      0  1986  5.3e-07        -
 457  2.3861e-08  7.0421e-11     1140  127 1140     2     4      0  1997  3.2e-07        -
 461  2.4139e-08  6.9383e-11     1148  128 1148     2     4      0  2012  2.9e-09        -
 466  2.4458e-08  4.1851e-11     1158  129 1158     2     4      0  2031  1.9e-08        -
 471  2.4667e-08  4.1851e-11     1168  129 1168     2     4      0  2046  3.7e-07        -
 475  2.4835e-08  4.1851e-11     1176  129 1176     2     4      0  2058  6.5e-07        -
 478  2.4959e-08  4.0745e-11     1182  129 1182     2     4      0  2068  2.5e-09        -
 483  2.5163e-08  4.0745e-11     1192  129 1192     2     4      0  2088  2.8e-09        -
 487  2.5326e-08  4.0745e-11     1200  129 1200     2     4      0  2104  3.1e-09        -
 491  2.5474e-08  2.5903e-11     1208  130 1208     2     4      0  2119  1.3e-09        -
 495  2.5655e-08  5.1806e-11     1216  131 1216     2     4      0  2131  3.1e-07        -
 500  2.5914e-08  5.1806e-11     1226  131 1226     2     4      0  2146  9.8e-07        -
 501  2.5957e-08  4.2777e-11     1232  132 1232     2     4      0  2157  1.3e-08        -
 504  2.6163e-08  7.6998e-11     1242  135 1242     2     4      0  2174  2.4e-07        -
 506  2.6317e-08  7.6998e-11     1246  136 1246     2     4      0  2181  2.3e-09        -
 508  2.6447e-08  5.3226e-11     1254  137 1254     2     4      0  2196  3.9e-08        -
 511  2.6606e-08  5.3226e-11     1260  138 1260     2     4      0  2205  3.5e-07        -
 515  2.6819e-08  5.3226e-11     1268  138 1268     2     4      0  2217  9.9e-07        -
 518  2.6963e-08  3.7095e-11     1278  139 1278     2     4      0  2236  6.9e-09        -
 520  2.7074e-08   7.419e-11     1282  141 1282     2     4      0  2242  2.2e-07        -
 525  2.7435e-08  6.4525e-11     1296  142 1296     2     4      0  2269  1.1e-07        -
 529     2.8e-08  1.8547e-10 out 1301  144 1301     2     4      0  2272        0        -
-          当前进度:  12 % - 组装稀疏模式
 534       3e-08       5e-10 out 1306  146 1306     2     4      0  2272        0        -
 541    3.35e-08       5e-10 out 1313  146 1313     2     4      0  2272        0        -
 550     3.8e-08       5e-10 out 1322  146 1322     2     4      0  2272        0        -
 559    4.25e-08       5e-10 out 1331  146 1331     2     4      0  2272        0        -
 564     4.5e-08       5e-10 out 1336  146 1336     2     4      0  2272        0        -
 572     4.9e-08       5e-10 out 1344  146 1344     2     4      0  2272        0        -
 580     5.3e-08       5e-10 out 1352  146 1352     2     4      0  2272        0        -
 585    5.55e-08       5e-10 out 1357  146 1357     2     4      0  2272        0        -
 593    5.95e-08       5e-10 out 1365  146 1365     2     4      0  2272        0        -
 602     6.4e-08       5e-10 out 1374  146 1374     2     4      0  2272        0        -
 611    6.85e-08       5e-10 out 1383  146 1383     2     4      0  2272        0        -
 619    7.25e-08       5e-10 out 1391  146 1391     2     4      0  2272        0        -
 627    7.65e-08       5e-10 out 1399  146 1399     2     4      0  2272        0        -
 635    8.05e-08       5e-10 out 1407  146 1407     2     4      0  2272        0        -
 643    8.45e-08       5e-10 out 1415  146 1415     2     4      0  2272        0        -
 652     8.9e-08       5e-10 out 1424  146 1424     2     4      0  2272        0        -
 661    9.35e-08       5e-10 out 1433  146 1433     2     4      0  2272        0        -
 670     9.8e-08       5e-10 out 1442  146 1442     2     4      0  2272        0        -
 677   1.015e-07       5e-10 out 1449  146 1449     2     4      0  2272        0        -
 685   1.055e-07       5e-10 out 1457  146 1457     2     4      0  2272        0        -
 694     1.1e-07       5e-10 out 1466  146 1466     2     4      0  2272        0        -
 703   1.145e-07       5e-10 out 1475  146 1475     2     4      0  2272        0        -
 712    1.19e-07       5e-10 out 1484  146 1484     2     4      0  2272        0        -
 720    1.23e-07       5e-10 out 1492  146 1492     2     4      0  2272        0        -
 729   1.275e-07       5e-10 out 1501  146 1501     2     4      0  2272        0        -
 738    1.32e-07       5e-10 out 1510  146 1510     2     4      0  2272        0        -
 746    1.36e-07       5e-10 out 1518  146 1518     2     4      0  2272        0        -
 755   1.405e-07       5e-10 out 1527  146 1527     2     4      0  2272        0        -
 764    1.45e-07       5e-10 out 1536  146 1536     2     4      0  2272        0        -
 772    1.49e-07       5e-10 out 1544  146 1544     2     4      0  2272        0        -
 781   1.535e-07       5e-10 out 1553  146 1553     2     4      0  2272        0        -
 790    1.58e-07       5e-10 out 1562  146 1562     2     4      0  2272        0        -
 796    1.61e-07       5e-10 out 1568  146 1568     2     4      0  2272        0        -
 805   1.655e-07       5e-10 out 1577  146 1577     2     4      0  2272        0        -
 814     1.7e-07       5e-10 out 1586  146 1586     2     4      0  2272        0        -
 818    1.72e-07       5e-10 out 1590  146 1590     2     4      0  2272        0        -
 827   1.765e-07       5e-10 out 1599  146 1599     2     4      0  2272        0        -
 836    1.81e-07       5e-10 out 1608  146 1608     2     4      0  2272        0        -
 845   1.855e-07       5e-10 out 1617  146 1617     2     4      0  2272        0        -
 854     1.9e-07       5e-10 out 1626  146 1626     2     4      0  2272        0        -
 863   1.945e-07       5e-10 out 1635  146 1635     2     4      0  2272        0        -
 871   1.985e-07       5e-10 out 1643  146 1643     2     4      0  2272        0        -
 880    2.03e-07       5e-10 out 1652  146 1652     2     4      0  2272        0        -
 888    2.07e-07       5e-10 out 1660  146 1660     2     4      0  2272        0        -
 895   2.105e-07       5e-10 out 1667  146 1667     2     4      0  2272        0        -
 903   2.145e-07       5e-10 out 1675  146 1675     2     4      0  2272        0        -
 910    2.18e-07       5e-10 out 1682  146 1682     2     4      0  2272        0        -
 917   2.215e-07       5e-10 out 1689  146 1689     2     4      0  2272        0        -
 923   2.245e-07       5e-10 out 1695  146 1695     2     4      0  2272        0        -
 930    2.28e-07       5e-10 out 1702  146 1702     2     4      0  2272        0        -
 938    2.32e-07       5e-10 out 1710  146 1710     2     4      0  2272        0        -
 946    2.36e-07       5e-10 out 1718  146 1718     2     4      0  2272        0        -
-----      当前进度:  51 % - 正在组装残差
Memory: 1154/1223 1184/1853
 950    2.38e-07       5e-10 out 1722  146 1722     2     4      0  2272        0        -
 957   2.415e-07       5e-10 out 1729  146 1729     2     4      0  2272        0        -
 964    2.45e-07       5e-10 out 1736  146 1736     2     4      0  2272        0        -
 972    2.49e-07       5e-10 out 1744  146 1744     2     4      0  2272        0        -
 980    2.53e-07       5e-10 out 1752  146 1752     2     4      0  2272        0        -
 988    2.57e-07       5e-10 out 1760  146 1760     2     4      0  2272        0        -
 994     2.6e-07       5e-10 out 1766  146 1766     2     4      0  2272        0        -
1002    2.64e-07       5e-10 out 1774  146 1774     2     4      0  2272        0        -
1009   2.675e-07       5e-10 out 1781  146 1781     2     4      0  2272        0        -
1017   2.715e-07       5e-10 out 1789  146 1789     2     4      0  2272        0        -
1025   2.755e-07       5e-10 out 1797  146 1797     2     4      0  2272        0        -
1032    2.79e-07       5e-10 out 1804  146 1804     2     4      0  2272        0        -
1040    2.83e-07       5e-10 out 1812  146 1812     2     4      0  2272        0        -
1048    2.87e-07       5e-10 out 1820  146 1820     2     4      0  2272        0        -
1056    2.91e-07       5e-10 out 1828  146 1828     2     4      0  2272        0        -
1063   2.945e-07       5e-10 out 1835  146 1835     2     4      0  2272        0        -
1071   2.985e-07       5e-10 out 1843  146 1843     2     4      0  2272        0        -
1079   3.025e-07       5e-10 out 1851  146 1851     2     4      0  2272        0        -
1085   3.055e-07       5e-10 out 1857  146 1857     2     4      0  2272        0        -
1093   3.095e-07       5e-10 out 1865  146 1865     2     4      0  2272        0        -
1100    3.13e-07       5e-10 out 1872  146 1872     2     4      0  2272        0        -
1106    3.16e-07       5e-10 out 1878  146 1878     2     4      0  2272        0        -
1114     3.2e-07       5e-10 out 1886  146 1886     2     4      0  2272        0        -
1120    3.23e-07       5e-10 out 1892  146 1892     2     4      0  2272        0        -
1128    3.27e-07       5e-10 out 1900  146 1900     2     4      0  2272        0        -
1136    3.31e-07       5e-10 out 1908  146 1908     2     4      0  2272        0        -
1142    3.34e-07       5e-10 out 1914  146 1914     2     4      0  2272        0        -
1150    3.38e-07       5e-10 out 1922  146 1922     2     4      0  2272        0        -
1158    3.42e-07       5e-10 out 1930  146 1930     2     4      0  2272        0        -
1164    3.45e-07       5e-10 out 1936  146 1936     2     4      0  2272        0        -
1172    3.49e-07       5e-10 out 1944  146 1944     2     4      0  2272        0        -
1180    3.53e-07       5e-10 out 1952  146 1952     2     4      0  2272        0        -
1185   3.555e-07       5e-10 out 1957  146 1957     2     4      0  2272        0        -
1192    3.59e-07       5e-10 out 1964  146 1964     2     4      0  2272        0        -
1199   3.625e-07       5e-10 out 1971  146 1971     2     4      0  2272        0        -
1204    3.65e-07       5e-10 out 1976  146 1976     2     4      0  2272        0        -
1212    3.69e-07       5e-10 out 1984  146 1984     2     4      0  2272        0        -
1219   3.725e-07       5e-10 out 1991  146 1991     2     4      0  2272        0        -
1226    3.76e-07       5e-10 out 1998  146 1998     2     4      0  2272        0        -
1234     3.8e-07       5e-10 out 2006  146 2006     2     4      0  2272        0        -
1241   3.835e-07       5e-10 out 2013  146 2013     2     4      0  2272        0        -
1249   3.875e-07       5e-10 out 2021  146 2021     2     4      0  2272        0        -
1257   3.915e-07       5e-10 out 2029  146 2029     2     4      0  2272        0        -
1264    3.95e-07       5e-10 out 2036  146 2036     2     4      0  2272        0        -
1272    3.99e-07       5e-10 out 2044  146 2044     2     4      0  2272        0        -
1279   4.025e-07       5e-10 out 2051  146 2051     2     4      0  2272        0        -
1286    4.06e-07       5e-10 out 2058  146 2058     2     4      0  2272        0        -
1294     4.1e-07       5e-10 out 2066  146 2066     2     4      0  2272        0        -
1302    4.14e-07       5e-10 out 2074  146 2074     2     4      0  2272        0        -
1309   4.175e-07       5e-10 out 2081  146 2081     2     4      0  2272        0        -
1317   4.215e-07       5e-10 out 2089  146 2089     2     4      0  2272        0        -
1325   4.255e-07       5e-10 out 2097  146 2097     2     4      0  2272        0        -
1330    4.28e-07       5e-10 out 2102  146 2102     2     4      0  2272        0        -
--------   当前进度:  87 % - 正在组装残差
Memory: 1155/1223 1185/1853
1337   4.315e-07       5e-10 out 2109  146 2109     2     4      0  2272        0        -
1342    4.34e-07       5e-10 out 2114  146 2114     2     4      0  2272        0        -
1346    4.36e-07       5e-10 out 2118  146 2118     2     4      0  2272        0        -
1351   4.385e-07       5e-10 out 2123  146 2123     2     4      0  2272        0        -
1356    4.41e-07       5e-10 out 2128  146 2128     2     4      0  2272        0        -
1361   4.435e-07       5e-10 out 2133  146 2133     2     4      0  2272        0        -
1366    4.46e-07       5e-10 out 2138  146 2138     2     4      0  2272        0        -
1370    4.48e-07       5e-10 out 2142  146 2142     2     4      0  2272        0        -
1374     4.5e-07       5e-10 out 2146  146 2146     2     4      0  2272        0        -
1382    4.54e-07       5e-10 out 2154  146 2154     2     4      0  2272        0        -
1386    4.56e-07       5e-10 out 2158  146 2158     2     4      0  2272        0        -
1394     4.6e-07       5e-10 out 2166  146 2166     2     4      0  2272        0        -
1402    4.64e-07       5e-10 out 2174  146 2174     2     4      0  2272        0        -
1408    4.67e-07       5e-10 out 2180  146 2180     2     4      0  2272        0        -
1416    4.71e-07       5e-10 out 2188  146 2188     2     4      0  2272        0        -
1424    4.75e-07       5e-10 out 2196  146 2196     2     4      0  2272        0        -
1431   4.785e-07       5e-10 out 2203  146 2203     2     4      0  2272        0        -
1438    4.82e-07       5e-10 out 2210  146 2210     2     4      0  2272        0        -
1445   4.855e-07       5e-10 out 2217  146 2217     2     4      0  2272        0        -
1451   4.885e-07       5e-10 out 2223  146 2223     2     4      0  2272        0        -
1458    4.92e-07       5e-10 out 2230  146 2230     2     4      0  2272        0        -
1466    4.96e-07       5e-10 out 2238  146 2238     2     4      0  2272        0        -
1472    4.99e-07       5e-10 out 2244  146 2244     2     4      0  2272        0        -
1474       5e-07       5e-10 out 2246  146 2246     2     4      0  2272        0        -
---------- 当前进度: 100 % - 
求解时间：2 s。
物理内存: 1.16 GB
虚拟内存: 1.19 GB
结束时间：2026年9月4日 10:35:40。
----- Study 2 - Single_Muon_Diagnostic/解 2 (sol2) 中的“瞬态求解器 1” ----------------->
           当前进度:   0 % - 
-          当前进度:  11 % - 正在计算
Memory: 1148/1223 1177/1853
-          当前进度:  18 % - 正在计算
Memory: 1149/1223 1178/1853
--         当前进度:  26 % - 正在计算
---        当前进度:  34 % - 正在计算
Memory: 1153/1223 1182/1853
----       当前进度:  42 % - 正在计算
-----      当前进度:  50 % - 正在计算
-----      当前进度:  58 % - 正在计算
------     当前进度:  67 % - 正在计算
-------    当前进度:  75 % - 正在计算
--------   当前进度:  83 % - 正在计算
---------  当前进度:  91 % - 正在计算
---------- 当前进度: 100 % - 正在计算
           当前进度:   0 % - 
Memory: 1139/1223 1170/1853
---        当前进度:  34 % - 正在计算
Memory: 1135/1223 1166/1853
---------  当前进度:  95 % - 正在计算
Memory: 1133/1223 1162/1853
AXIAL_SOURCE_CASE_COMPLETE=axial_source_gap130mm_frac0p80
AXIAL_SOURCE_CASE_START=axial_source_gap130mm_frac0p90
           当前进度:   2 % - 生成方程
Memory: 1140/1223 1169/1853
           当前进度:   3 % - 生成方程
Memory: 1141/1223 1169/1853
<---- Study 1 - 3D Electrostatics stationary/解 1 (sol1) 中的“编译方程: 稳态” -----------
开始于 2026年9月4日 10:35:45。
几何形函数: 二次拉格朗日单元
几何形函数: 二次拉格朗日单元
在 Intel64 Family 6 Model 186 Stepping 2, GenuineIntel 上运行。
在以下位置使用 1 个插槽： 陈红星 上（共 1 个内核）。
可用内存：15.90 GB。
           当前进度:   6 % - 编译方程: 稳态
Memory: 1167/1223 1196/1853
           当前进度:   7 % - 编译方程: 稳态
Memory: 1165/1223 1193/1853
时间：2。
物理内存: 1.22 GB
虚拟内存: 1.88 GB
Warning: 自由空间采用真空条件，这会导致某些材料属性被忽略。请考虑为忽略的材料添加合适的物理场特征。

  - 节点: 自由空间 1

  - 物理场: Electrostatics: four finite-thickness rounded ring electrodes (es)

  - Materials: Natural Neon gas, representative relative permittivity (mat_gas), Representative alumina ceramic; epsilon_r=9.4 assumption (mat_diel)

  - Quantities: 相对介电常数, 相对介电常数
结束时间：2026年9月4日 10:35:47。
----- Study 1 - 3D Electrostatics stationary/解 1 (sol1) 中的“编译方程: 稳态” ---------->
<---- Study 1 - 3D Electrostatics stationary/解 1 (sol1) 中的“因变量 1” --------------
开始于 2026年9月4日 10:35:47。
           当前进度:   7 % - 因变量 1
Memory: 1216/1223 1876/1878
求解时间：0 s。
物理内存: 1.22 GB
虚拟内存: 1.88 GB
结束时间：2026年9月4日 10:35:47。
----- Study 1 - 3D Electrostatics stationary/解 1 (sol1) 中的“因变量 1” ------------->
<---- Study 1 - 3D Electrostatics stationary/解 1 (sol1) 中的“稳态求解器 1” ------------
开始于 2026年9月4日 10:35:47。
线性求解器 
求解的自由度数：122163。
--         当前进度:  22 % - 组装稀疏模式
Memory: 1264/1286 1882/1907
--         当前进度:  28 % - 组装矩阵
Memory: 1300/1300 1920/1921
---        当前进度:  37 % - 组装矩阵
Memory: 1301/1304 1922/1924
找到对称矩阵。
缩放因变量：
电势 (comp1.V): 1
已使用正交零空间函数。
---        当前进度:  38 % - 
Memory: 1307/1328 1943/1949
---        当前进度:  38 % - 组装延展
Memory: 1301/1328 1927/1949
-----      当前进度:  56 % - 组装矩阵
Memory: 1311/1328 1936/1949
Iter      SolEst     Damping    Stepsize #Res #Jac #Sol LinIt   LinErr   LinRes
---------  当前进度:  90 % - 求解线性方程组
Memory: 1330/1330 1957/1957
   1        0.76   1.0000000        0.76    1    1    1     4  2.8e-05  5.3e-08
---------- 当前进度: 100 % - 
Memory: 1316/1330 1939/1957
求解时间：5 s。
物理内存: 1.33 GB
虚拟内存: 1.96 GB
结束时间：2026年9月4日 10:35:52。
----- Study 1 - 3D Electrostatics stationary/解 1 (sol1) 中的“稳态求解器 1” ----------->
           当前进度:   0 % - Study 2 - Single_Muon_Diagnostic
Memory: 1178/1330 1208/1957
           当前进度:   3 % - 生成方程
Memory: 1181/1330 1212/1957
<---- Study 2 - Single_Muon_Diagnostic/解 2 (sol2) 中的“编译方程: 瞬态” -----------------
开始于 2026年9月4日 10:35:52。
几何形函数: 二次拉格朗日单元
几何形函数: 二次拉格朗日单元
在 Intel64 Family 6 Model 186 Stepping 2, GenuineIntel 上运行。
在以下位置使用 1 个插槽： 陈红星 上（共 1 个内核）。
可用内存：15.90 GB。
           当前进度:   5 % - 编译方程: 瞬态
Memory: 1184/1330 1214/1957
时间：1。
物理内存: 1.2 GB
虚拟内存: 1.23 GB
Warning: 自由空间采用真空条件，这会导致某些材料属性被忽略。请考虑为忽略的材料添加合适的物理场特征。

  - 节点: 自由空间 1

  - 物理场: Electrostatics: four finite-thickness rounded ring electrodes (es)

  - Materials: Natural Neon gas, representative relative permittivity (mat_gas), Representative alumina ceramic; epsilon_r=9.4 assumption (mat_diel)

  - Quantities: 相对介电常数, 相对介电常数
结束时间：2026年9月4日 10:35:53。
----- Study 2 - Single_Muon_Diagnostic/解 2 (sol2) 中的“编译方程: 瞬态” ---------------->
<---- Study 2 - Single_Muon_Diagnostic/解 2 (sol2) 中的“因变量 1” --------------------
开始于 2026年9月4日 10:35:53。
不求解变量的值: 解 1 (sol1).
           当前进度:   5 % - 因变量 1
Memory: 1181/1330 1210/1957
求解时间：0 s。
物理内存: 1.18 GB
虚拟内存: 1.21 GB
结束时间：2026年9月4日 10:35:54。
----- Study 2 - Single_Muon_Diagnostic/解 2 (sol2) 中的“因变量 1” ------------------->
<---- Study 2 - Single_Muon_Diagnostic/解 2 (sol2) 中的“瞬态求解器 1” ------------------
开始于 2026年9月4日 10:35:54。
瞬态求解器（广义 α）
求解的自由度数：3（加上 4 个内部自由度）。
找到非对称矩阵。
缩放因变量：
颗粒位置 (comp1.qcpt): 1
Step        Time    Stepsize      Res  Jac  Sol Order Tfail NLfail LinIt   LinErr   LinRes
   0           0           - out    2    3    2                  0     0        0        0
   1    1.25e-10    1.25e-10        8    6    8     2     2      0    16  5.5e-10        -
   3  3.1852e-10  9.1665e-11       16    8   16     2     2      0    35  3.4e-07        -
   7  5.4537e-10  4.5371e-11       24    9   24     2     2      0    49  1.5e-07        -
  12  7.7223e-10  4.5371e-11       34    9   34     2     2      0    64  6.7e-07        -
  16  9.5371e-10  4.5371e-11       42    9   42     2     2      0    78  5.7e-11        -
  19  1.0463e-09  4.6289e-11       48   11   48     2     2      0    87  2.9e-08        -
  24  1.2777e-09  4.6289e-11       58   11   58     2     2      0   102  5.9e-07        -
  28  1.4583e-09  4.1698e-11       68   11   68     2     2      0   119  2.1e-09        -
  31  1.5834e-09  4.1698e-11       80   11   80     2     2      0   143  2.2e-09        -
  34  1.7085e-09  4.1698e-11       92   11   92     2     2      0   167  2.2e-09        -
  37  1.8336e-09  4.1698e-11      104   11  104     2     2      0   191  2.3e-09        -
  40  1.9585e-09  4.1512e-11      116   11  116     2     2      0   215  2.7e-09        -
  43   2.083e-09  4.1512e-11      128   11  128     2     2      0   239  2.7e-09        -
  46  2.2076e-09  4.1512e-11      140   11  140     2     2      0   263  2.8e-09        -
  48  2.3321e-09  8.3024e-11      146   12  146     2     2      0   275    6e-07        -
  49  2.4068e-09  7.4722e-11      152   13  152     2     2      0   288  3.6e-07        -
  53  2.5932e-09   4.659e-11      160   14  160     2     2      0   300  3.8e-07        -
  58  2.8261e-09   4.659e-11      170   14  170     2     2      0   315  9.6e-07        -
  61  2.9597e-09  4.0344e-11      180   15  180     2     2      0   334  1.5e-08        -
  65   3.121e-09  4.0344e-11      188   16  188     2     2      0   346  1.4e-07        -
  70  3.3228e-09  4.0344e-11      198   16  198     2     2      0   361  3.6e-07        -
  74  3.4719e-09  2.8108e-11      210   17  210     2     2      0   381  2.1e-09        -
           当前进度:   7 % - 预处理
Memory: 1173/1330 1201/1957
  76  3.5562e-09  5.6217e-11      214   19  214     2     2      0   387  6.7e-08        -
  81  3.8373e-09  5.6217e-11      224   19  224     2     2      0   403  4.3e-10        -
  83  3.9468e-09  5.3241e-11      229   19  229     2     2      0   413  5.6e-09        -
  85  4.0532e-09  5.3241e-11      235   19  235     2     2      0   425  5.6e-09        -
  88   4.213e-09  5.3241e-11      244   19  244     2     2      0   443  5.6e-09        -
  91  4.3727e-09  5.3241e-11      253   19  253     2     2      0   461  5.5e-09        -
  94     4.5e-09  3.7036e-11 out  260   20  260     2     2      0   473  3.4e-08        -
  97  4.7222e-09  7.4071e-11      266   21  266     2     2      0   487  4.7e-10        -
 100  4.9352e-09  6.4822e-11      276   22  276     2     2      0   509  1.1e-07        -
 104  5.1945e-09  6.4822e-11      284   23  284     2     2      0   523  8.3e-10        -
 108  5.4445e-09  5.5535e-11      296   24  296     2     2      0   546  5.3e-08        -
 112  5.6666e-09  5.5535e-11      304   25  304     2     2      0   558  7.1e-07        -
 117  5.9443e-09  5.5535e-11      314   25  314     2     2      0   577  6.7e-10        -
 120  6.0557e-09  5.5721e-11      320   27  320     2     2      0   586  5.3e-08        -
 125  6.3343e-09  5.5721e-11      330   27  330     2     2      0   603    5e-10        -
 128     6.5e-09  5.4977e-11 out  336   27  336     2     2      0   615  7.3e-09        -
 133  6.7749e-09  5.4977e-11      346   27  346     2     2      0   635  6.3e-09        -
 137  6.9699e-09  3.0091e-11      354   28  354     2     2      0   650  3.8e-09        -
 140  7.1204e-09  6.0183e-11      360   29  360     2     2      0   659  6.3e-07        -
 144  7.3611e-09  6.0183e-11      368   29  368     2     2      0   675  8.4e-10        -
 146  7.4606e-09   3.936e-11      372   30  372     2     2      0   682  1.7e-08        -
 148  7.5394e-09   3.936e-11      376   30  376     2     2      0   688  1.5e-07        -
 150  7.6181e-09   3.936e-11      380   30  380     2     2      0   694  2.8e-07        -
 153  7.7362e-09   3.936e-11      386   30  386     2     2      0   703  4.7e-07        -
 157  7.8936e-09   3.936e-11      394   30  394     2     2      0   715    7e-07        -
 159  7.9665e-09  3.3522e-11      402   31  402     2     2      0   729  6.5e-09        -
 162  8.1006e-09  6.7045e-11      408   33  408     2     2      0   738    2e-07        -
 166  8.3687e-09  6.7045e-11      416   33  416     2     2      0   754  1.5e-09        -
 170  8.6313e-09  6.5627e-11      424   33  424     2     2      0   770  1.7e-08        -
 174  8.8938e-09  6.5627e-11      432   33  432     2     2      0   786  2.2e-08        -
 175  8.9469e-09  5.3118e-11      438   34  438     2     2      0   797  6.5e-08        -
 178  9.1062e-09  5.3118e-11      444   35  444     2     2      0   806  5.3e-07        -
 181  9.2656e-09  5.3118e-11      450   35  450     2     2      0   816  4.9e-10        -
 184  9.4249e-09  5.3118e-11      456   35  456     2     2      0   828  7.3e-10        -
 185  9.4625e-09  3.7527e-11      462   36  462     2     2      0   839  1.2e-08        -
 188  9.6126e-09  7.5054e-11      468   38  468     2     2      0   849  3.8e-07        -
 192  9.9128e-09  7.5054e-11      476   38  476     2     2      0   869  2.5e-09        -
 195  1.0044e-08  4.3601e-11      482   39  482     2     2      0   878  1.9e-07        -
 199  1.0218e-08  4.3601e-11      490   39  490     2     2      0   890  5.1e-07        -
 202  1.0349e-08  4.3601e-11      496   39  496     2     2      0   899  7.6e-07        -
 205  1.0468e-08  3.1993e-11      506   40  506     2     2      0   916  4.5e-09        -
 207  1.0564e-08  6.3987e-11      510   42  510     2     2      0   922  1.4e-07        -
 211   1.082e-08  6.3987e-11      518   42  518     2     2      0   937  1.4e-09        -
           当前进度:   9 % - 正在组装残差
Memory: 1176/1330 1206/1957
 214     1.1e-08  5.8039e-11 out  528   42  528     2     2      0   957  6.5e-09        -
 216  1.1116e-08  5.8039e-11      536   42  536     2     2      0   973  6.5e-09        -
 218  1.1232e-08  5.8039e-11      544   42  544     2     2      0   989  6.6e-09        -
 220  1.1348e-08  5.8039e-11      552   42  552     2     2      0  1005  6.8e-09        -
 222  1.1453e-08  4.6863e-11      562   43  562     2     2      0  1024  2.2e-08        -
 225  1.1594e-08  4.6863e-11      568   44  568     2     2      0  1033  1.9e-07        -
 229  1.1781e-08  4.6863e-11      576   44  576     2     2      0  1045  5.2e-07        -
 233  1.1961e-08  3.9118e-11      588   45  588     2     2      0  1065  8.4e-09        -
 235  1.2078e-08  7.8236e-11      592   47  592     2     2      0  1072  2.7e-07        -
 239  1.2391e-08  7.8236e-11      600   47  600     2     2      0  1092    4e-09        -
 240  1.2446e-08  5.4411e-11      606   48  606     2     2      0  1107  4.6e-08        -
 243  1.2609e-08  5.4411e-11      612   49  612     2     2      0  1116  4.4e-07        -
 248  1.2881e-08  5.4411e-11      622   49  622     2     2      0  1134    1e-09        -
 251     1.3e-08  3.2357e-11 out  628   50  628     2     2      0  1144  1.8e-08        -
 254  1.3194e-08  6.4713e-11      634   51  634     2     2      0  1154  1.2e-09        -
 258  1.3444e-08   5.586e-11      646   52  646     2     2      0  1177  5.1e-08        -
 261  1.3612e-08   5.586e-11      652   53  652     2     2      0  1186  5.6e-07        -
 264  1.3779e-08   5.586e-11      658   53  658     2     2      0  1197    1e-09        -
 268     1.4e-08  5.4491e-11 out  666   53  666     2     2      0  1213    4e-09        -
 272  1.4218e-08  5.4491e-11      674   53  674     2     2      0  1229  4.7e-09        -
 275  1.4381e-08  5.4491e-11      680   53  680     2     2      0  1241  7.3e-09        -
 278    1.45e-08  3.2035e-11 out  686   54  686     2     2      0  1251  2.5e-08        -
 281  1.4692e-08   6.407e-11      692   55  692     2     2      0  1261  7.6e-10        -
 285  1.4942e-08   5.779e-11      704   56  704     2     2      0  1284  1.1e-07        -
 288  1.5116e-08   5.779e-11      710   57  710     2     2      0  1293  9.1e-07        -
 291  1.5289e-08   5.779e-11      716   57  716     2     2      0  1305  1.1e-09        -
 294  1.5452e-08  4.7735e-11      726   58  726     2     2      0  1324  3.9e-08        -
 297  1.5595e-08  4.7735e-11      732   59  732     2     2      0  1333  3.3e-07        -
 302  1.5834e-08  4.7735e-11      742   59  742     2     2      0  1348  9.8e-07        -
 305  1.5965e-08  3.5193e-11      752   60  752     2     2      0  1367  8.1e-09        -
 308  1.6106e-08  7.0386e-11      758   62  758     2     2      0  1376  2.4e-07        -
 312  1.6387e-08  7.0386e-11      766   62  766     2     2      0  1392  2.9e-09        -
 315     1.7e-08  2.7424e-10 out  769   64  769     2     2      0  1392        0        -
 321       2e-08       5e-10 out  775   65  775     2     2      0  1392        0        -
 328    2.35e-08       5e-10 out  782   65  782     2     2      0  1392        0        -
 331     2.5e-08       5e-10 out  785   65  785     2     2      0  1392        0        -
 333     2.6e-08       5e-10 out  787   65  787     2     2      0  1392        0        -
 338    2.85e-08       5e-10 out  792   65  792     2     2      0  1392        0        -
 344    3.15e-08       5e-10 out  798   65  798     2     2      0  1392        0        -
 351     3.5e-08       5e-10 out  805   65  805     2     2      0  1392        0        -
 353     3.6e-08       5e-10 out  807   65  807     2     2      0  1392        0        -
 357     3.8e-08       5e-10 out  811   65  811     2     2      0  1392        0        -
 361       4e-08       5e-10 out  815   65  815     2     2      0  1392        0        -
 365     4.2e-08       5e-10 out  819   65  819     2     2      0  1392        0        -
 371     4.5e-08       5e-10 out  825   65  825     2     2      0  1392        0        -
-          当前进度:  15 % - 正在组装残差
Memory: 1173/1330 1201/1957
 377     4.8e-08       5e-10 out  831   65  831     2     2      0  1392        0        -
 382    5.05e-08       5e-10 out  836   65  836     2     2      0  1392        0        -
 387     5.3e-08       5e-10 out  841   65  841     2     2      0  1392        0        -
 393     5.6e-08       5e-10 out  847   65  847     2     2      0  1392        0        -
 398    5.85e-08       5e-10 out  852   65  852     2     2      0  1392        0        -
 403     6.1e-08       5e-10 out  857   65  857     2     2      0  1392        0        -
 409     6.4e-08       5e-10 out  863   65  863     2     2      0  1392        0        -
 414    6.65e-08       5e-10 out  868   65  868     2     2      0  1392        0        -
 418    6.85e-08       5e-10 out  872   65  872     2     2      0  1392        0        -
 422    7.05e-08       5e-10 out  876   65  876     2     2      0  1392        0        -
 428    7.35e-08       5e-10 out  882   65  882     2     2      0  1392        0        -
 433     7.6e-08       5e-10 out  887   65  887     2     2      0  1392        0        -
 439     7.9e-08       5e-10 out  893   65  893     2     2      0  1392        0        -
 443     8.1e-08       5e-10 out  897   65  897     2     2      0  1392        0        -
 447     8.3e-08       5e-10 out  901   65  901     2     2      0  1392        0        -
 452    8.55e-08       5e-10 out  906   65  906     2     2      0  1392        0        -
 457     8.8e-08       5e-10 out  911   65  911     2     2      0  1392        0        -
 461       9e-08       5e-10 out  915   65  915     2     2      0  1392        0        -
 466    9.25e-08       5e-10 out  920   65  920     2     2      0  1392        0        -
 469     9.4e-08       5e-10 out  923   65  923     2     2      0  1392        0        -
 474    9.65e-08       5e-10 out  928   65  928     2     2      0  1392        0        -
 479     9.9e-08       5e-10 out  933   65  933     2     2      0  1392        0        -
 482   1.005e-07       5e-10 out  936   65  936     2     2      0  1392        0        -
 487    1.03e-07       5e-10 out  941   65  941     2     2      0  1392        0        -
 492   1.055e-07       5e-10 out  946   65  946     2     2      0  1392        0        -
 496   1.075e-07       5e-10 out  950   65  950     2     2      0  1392        0        -
 501     1.1e-07       5e-10 out  955   65  955     2     2      0  1392        0        -
 506   1.125e-07       5e-10 out  960   65  960     2     2      0  1392        0        -
 511    1.15e-07       5e-10 out  965   65  965     2     2      0  1392        0        -
 517    1.18e-07       5e-10 out  971   65  971     2     2      0  1392        0        -
 523    1.21e-07       5e-10 out  977   65  977     2     2      0  1392        0        -
 529    1.24e-07       5e-10 out  983   65  983     2     2      0  1392        0        -
 535    1.27e-07       5e-10 out  989   65  989     2     2      0  1392        0        -
 541     1.3e-07       5e-10 out  995   65  995     2     2      0  1392        0        -
 547    1.33e-07       5e-10 out 1001   65 1001     2     2      0  1392        0        -
 553    1.36e-07       5e-10 out 1007   65 1007     2     2      0  1392        0        -
 559    1.39e-07       5e-10 out 1013   65 1013     2     2      0  1392        0        -
 565    1.42e-07       5e-10 out 1019   65 1019     2     2      0  1392        0        -
 571    1.45e-07       5e-10 out 1025   65 1025     2     2      0  1392        0        -
 575    1.47e-07       5e-10 out 1029   65 1029     2     2      0  1392        0        -
 581     1.5e-07       5e-10 out 1035   65 1035     2     2      0  1392        0        -
 588   1.535e-07       5e-10 out 1042   65 1042     2     2      0  1392        0        -
 593    1.56e-07       5e-10 out 1047   65 1047     2     2      0  1392        0        -
 600   1.595e-07       5e-10 out 1054   65 1054     2     2      0  1392        0        -
 607    1.63e-07       5e-10 out 1061   65 1061     2     2      0  1392        0        -
 614   1.665e-07       5e-10 out 1068   65 1068     2     2      0  1392        0        -
 621     1.7e-07       5e-10 out 1075   65 1075     2     2      0  1392        0        -
 628   1.735e-07       5e-10 out 1082   65 1082     2     2      0  1392        0        -
 635    1.77e-07       5e-10 out 1089   65 1089     2     2      0  1392        0        -
----       当前进度:  40 % - 正在组装残差
Memory: 1174/1330 1202/1957
 641     1.8e-07       5e-10 out 1095   65 1095     2     2      0  1392        0        -
 648   1.835e-07       5e-10 out 1102   65 1102     2     2      0  1392        0        -
 655    1.87e-07       5e-10 out 1109   65 1109     2     2      0  1392        0        -
 662   1.905e-07       5e-10 out 1116   65 1116     2     2      0  1392        0        -
 669    1.94e-07       5e-10 out 1123   65 1123     2     2      0  1392        0        -
 677    1.98e-07       5e-10 out 1131   65 1131     2     2      0  1392        0        -
 684   2.015e-07       5e-10 out 1138   65 1138     2     2      0  1392        0        -
 691    2.05e-07       5e-10 out 1145   65 1145     2     2      0  1392        0        -
 699    2.09e-07       5e-10 out 1153   65 1153     2     2      0  1392        0        -
 707    2.13e-07       5e-10 out 1161   65 1161     2     2      0  1392        0        -
 714   2.165e-07       5e-10 out 1168   65 1168     2     2      0  1392        0        -
 721     2.2e-07       5e-10 out 1175   65 1175     2     2      0  1392        0        -
 727    2.23e-07       5e-10 out 1181   65 1181     2     2      0  1392        0        -
 734   2.265e-07       5e-10 out 1188   65 1188     2     2      0  1392        0        -
 740   2.295e-07       5e-10 out 1194   65 1194     2     2      0  1392        0        -
 747    2.33e-07       5e-10 out 1201   65 1201     2     2      0  1392        0        -
 753    2.36e-07       5e-10 out 1207   65 1207     2     2      0  1392        0        -
 760   2.395e-07       5e-10 out 1214   65 1214     2     2      0  1392        0        -
 768   2.435e-07       5e-10 out 1222   65 1222     2     2      0  1392        0        -
 776   2.475e-07       5e-10 out 1230   65 1230     2     2      0  1392        0        -
 783    2.51e-07       5e-10 out 1237   65 1237     2     2      0  1392        0        -
 790   2.545e-07       5e-10 out 1244   65 1244     2     2      0  1392        0        -
 797    2.58e-07       5e-10 out 1251   65 1251     2     2      0  1392        0        -
 804   2.615e-07       5e-10 out 1258   65 1258     2     2      0  1392        0        -
 811    2.65e-07       5e-10 out 1265   65 1265     2     2      0  1392        0        -
 817    2.68e-07       5e-10 out 1271   65 1271     2     2      0  1392        0        -
 824   2.715e-07       5e-10 out 1278   65 1278     2     2      0  1392        0        -
 832   2.755e-07       5e-10 out 1286   65 1286     2     2      0  1392        0        -
 839    2.79e-07       5e-10 out 1293   65 1293     2     2      0  1392        0        -
 847    2.83e-07       5e-10 out 1301   65 1301     2     2      0  1392        0        -
 855    2.87e-07       5e-10 out 1309   65 1309     2     2      0  1392        0        -
 862   2.905e-07       5e-10 out 1316   65 1316     2     2      0  1392        0        -
 870   2.945e-07       5e-10 out 1324   65 1324     2     2      0  1392        0        -
 878   2.985e-07       5e-10 out 1332   65 1332     2     2      0  1392        0        -
 885    3.02e-07       5e-10 out 1339   65 1339     2     2      0  1392        0        -
 892   3.055e-07       5e-10 out 1346   65 1346     2     2      0  1392        0        -
 900   3.095e-07       5e-10 out 1354   65 1354     2     2      0  1392        0        -
 906   3.125e-07       5e-10 out 1360   65 1360     2     2      0  1392        0        -
 914   3.165e-07       5e-10 out 1368   65 1368     2     2      0  1392        0        -
 921     3.2e-07       5e-10 out 1375   65 1375     2     2      0  1392        0        -
 928   3.235e-07       5e-10 out 1382   65 1382     2     2      0  1392        0        -
 936   3.275e-07       5e-10 out 1390   65 1390     2     2      0  1392        0        -
 943    3.31e-07       5e-10 out 1397   65 1397     2     2      0  1392        0        -
 949    3.34e-07       5e-10 out 1403   65 1403     2     2      0  1392        0        -
 957    3.38e-07       5e-10 out 1411   65 1411     2     2      0  1392        0        -
 964   3.415e-07       5e-10 out 1418   65 1418     2     2      0  1392        0        -
 972   3.455e-07       5e-10 out 1426   65 1426     2     2      0  1392        0        -
 980   3.495e-07       5e-10 out 1434   65 1434     2     2      0  1392        0        -
 987    3.53e-07       5e-10 out 1441   65 1441     2     2      0  1392        0        -
 994   3.565e-07       5e-10 out 1448   65 1448     2     2      0  1392        0        -
1002   3.605e-07       5e-10 out 1456   65 1456     2     2      0  1392        0        -
1010   3.645e-07       5e-10 out 1464   65 1464     2     2      0  1392        0        -
-------    当前进度:  75 % - 正在组装残差
1016   3.675e-07       5e-10 out 1470   65 1470     2     2      0  1392        0        -
1024   3.715e-07       5e-10 out 1478   65 1478     2     2      0  1392        0        -
1031    3.75e-07       5e-10 out 1485   65 1485     2     2      0  1392        0        -
1039    3.79e-07       5e-10 out 1493   65 1493     2     2      0  1392        0        -
1046   3.825e-07       5e-10 out 1500   65 1500     2     2      0  1392        0        -
1054   3.865e-07       5e-10 out 1508   65 1508     2     2      0  1392        0        -
1062   3.905e-07       5e-10 out 1516   65 1516     2     2      0  1392        0        -
1070   3.945e-07       5e-10 out 1524   65 1524     2     2      0  1392        0        -
1075    3.97e-07       5e-10 out 1529   65 1529     2     2      0  1392        0        -
1082   4.005e-07       5e-10 out 1536   65 1536     2     2      0  1392        0        -
1090   4.045e-07       5e-10 out 1544   65 1544     2     2      0  1392        0        -
1097    4.08e-07       5e-10 out 1551   65 1551     2     2      0  1392        0        -
1105    4.12e-07       5e-10 out 1559   65 1559     2     2      0  1392        0        -
1114   4.165e-07       5e-10 out 1568   65 1568     2     2      0  1392        0        -
1123    4.21e-07       5e-10 out 1577   65 1577     2     2      0  1392        0        -
1132   4.255e-07       5e-10 out 1586   65 1586     2     2      0  1392        0        -
1139    4.29e-07       5e-10 out 1593   65 1593     2     2      0  1392        0        -
1146   4.325e-07       5e-10 out 1600   65 1600     2     2      0  1392        0        -
1154   4.365e-07       5e-10 out 1608   65 1608     2     2      0  1392        0        -
1156   4.375e-07       5e-10 out 1610   65 1610     2     2      0  1392        0        -
1162   4.405e-07       5e-10 out 1616   65 1616     2     2      0  1392        0        -
1170   4.445e-07       5e-10 out 1624   65 1624     2     2      0  1392        0        -
1178   4.485e-07       5e-10 out 1632   65 1632     2     2      0  1392        0        -
1186   4.525e-07       5e-10 out 1640   65 1640     2     2      0  1392        0        -
1193    4.56e-07       5e-10 out 1647   65 1647     2     2      0  1392        0        -
1200   4.595e-07       5e-10 out 1654   65 1654     2     2      0  1392        0        -
1206   4.625e-07       5e-10 out 1660   65 1660     2     2      0  1392        0        -
1214   4.665e-07       5e-10 out 1668   65 1668     2     2      0  1392        0        -
1221     4.7e-07       5e-10 out 1675   65 1675     2     2      0  1392        0        -
1229    4.74e-07       5e-10 out 1683   65 1683     2     2      0  1392        0        -
1237    4.78e-07       5e-10 out 1691   65 1691     2     2      0  1392        0        -
1243    4.81e-07       5e-10 out 1697   65 1697     2     2      0  1392        0        -
1251    4.85e-07       5e-10 out 1705   65 1705     2     2      0  1392        0        -
1259    4.89e-07       5e-10 out 1713   65 1713     2     2      0  1392        0        -
1264   4.915e-07       5e-10 out 1718   65 1718     2     2      0  1392        0        -
1272   4.955e-07       5e-10 out 1726   65 1726     2     2      0  1392        0        -
1279    4.99e-07       5e-10 out 1733   65 1733     2     2      0  1392        0        -
1281       5e-07       5e-10 out 1735   65 1735     2     2      0  1392        0        -
---------- 当前进度: 100 % - 
Memory: 1175/1330 1202/1957
求解时间：2 s。
物理内存: 1.18 GB
虚拟内存: 1.21 GB
结束时间：2026年9月4日 10:35:55。
----- Study 2 - Single_Muon_Diagnostic/解 2 (sol2) 中的“瞬态求解器 1” ----------------->
           当前进度:   0 % - 
-          当前进度:  10 % - 正在计算
Memory: 1174/1330 1202/1957
-          当前进度:  19 % - 正在计算
--         当前进度:  28 % - 正在计算
---        当前进度:  37 % - 正在计算
Memory: 1175/1330 1202/1957
----       当前进度:  45 % - 正在计算
-----      当前进度:  54 % - 正在计算
Memory: 1174/1330 1202/1957
------     当前进度:  63 % - 正在计算
Memory: 1175/1330 1203/1957
-------    当前进度:  72 % - 正在计算
--------   当前进度:  80 % - 正在计算
--------   当前进度:  89 % - 正在计算
---------  当前进度:  96 % - 正在计算
Memory: 1145/1330 1173/1957
---------- 当前进度: 100 % - 正在计算
           当前进度:   0 % - 
Memory: 1151/1330 1180/1957
---        当前进度:  34 % - 正在计算
Memory: 1154/1330 1183/1957
---------  当前进度:  95 % - 正在计算
Memory: 1151/1330 1179/1957
AXIAL_SOURCE_CASE_COMPLETE=axial_source_gap130mm_frac0p90
AXIAL_SOURCE_CASE_START=axial_source_gap130mm_frac0p95
           当前进度:   0 % - Study 1 - 3D Electrostatics stationary
Memory: 1158/1330 1186/1957
           当前进度:   3 % - 生成方程
Memory: 1163/1330 1192/1957
<---- Study 1 - 3D Electrostatics stationary/解 1 (sol1) 中的“编译方程: 稳态” -----------
开始于 2026年9月4日 10:36:01。
几何形函数: 二次拉格朗日单元
几何形函数: 二次拉格朗日单元
在 Intel64 Family 6 Model 186 Stepping 2, GenuineIntel 上运行。
在以下位置使用 1 个插槽： 陈红星 上（共 1 个内核）。
可用内存：15.90 GB。
           当前进度:   6 % - 编译方程: 稳态
Memory: 1348/1348 1622/1957
           当前进度:   7 % - 编译方程: 稳态
Memory: 1346/1361 1620/1957
时间：1。
物理内存: 1.44 GB
虚拟内存: 1.63 GB
Warning: 自由空间采用真空条件，这会导致某些材料属性被忽略。请考虑为忽略的材料添加合适的物理场特征。

  - 节点: 自由空间 1

  - 物理场: Electrostatics: four finite-thickness rounded ring electrodes (es)

  - Materials: Natural Neon gas, representative relative permittivity (mat_gas), Representative alumina ceramic; epsilon_r=9.4 assumption (mat_diel)

  - Quantities: 相对介电常数, 相对介电常数
结束时间：2026年9月4日 10:36:02。
----- Study 1 - 3D Electrostatics stationary/解 1 (sol1) 中的“编译方程: 稳态” ---------->
<---- Study 1 - 3D Electrostatics stationary/解 1 (sol1) 中的“因变量 1” --------------
开始于 2026年9月4日 10:36:02。
           当前进度:   7 % - 因变量 1
Memory: 1446/1447 1616/1957
求解时间：0 s。
物理内存: 1.45 GB
虚拟内存: 1.62 GB
结束时间：2026年9月4日 10:36:02。
----- Study 1 - 3D Electrostatics stationary/解 1 (sol1) 中的“因变量 1” ------------->
<---- Study 1 - 3D Electrostatics stationary/解 1 (sol1) 中的“稳态求解器 1” ------------
开始于 2026年9月4日 10:36:02。
线性求解器 
求解的自由度数：122163。
--         当前进度:  22 % - 组装稀疏模式
Memory: 1487/1487 1616/1957
--         当前进度:  24 % - 组装稀疏模式
Memory: 1510/1519 1639/1957
--         当前进度:  29 % - 组装矩阵
Memory: 1527/1527 1657/1957
---        当前进度:  35 % - 组装矩阵
---        当前进度:  38 % - 
Memory: 1437/1527 1670/1957
找到对称矩阵。
缩放因变量：
电势 (comp1.V): 1
已使用正交零空间函数。
---        当前进度:  38 % - 组装延展
Memory: 1418/1527 1671/1957
-------    当前进度:  74 % - 正在创建多重网格层次结构
Memory: 1424/1527 1674/1957
Iter      SolEst     Damping    Stepsize #Res #Jac #Sol LinIt   LinErr   LinRes
---------  当前进度:  90 % - 求解线性方程组
Memory: 1425/1527 1686/1957
   1        0.76   1.0000000        0.76    1    1    1     4  2.8e-05  5.3e-08
---------- 当前进度: 100 % - 
Memory: 1405/1527 1663/1957
求解时间：6 s。
物理内存: 1.53 GB
虚拟内存: 1.69 GB
结束时间：2026年9月4日 10:36:08。
----- Study 1 - 3D Electrostatics stationary/解 1 (sol1) 中的“稳态求解器 1” ----------->
           当前进度:   0 % - Study 2 - Single_Muon_Diagnostic
Memory: 1136/1527 1216/1957
           当前进度:   3 % - 生成方程
<---- Study 2 - Single_Muon_Diagnostic/解 2 (sol2) 中的“编译方程: 瞬态” -----------------
开始于 2026年9月4日 10:36:09。
几何形函数: 二次拉格朗日单元
几何形函数: 二次拉格朗日单元
在 Intel64 Family 6 Model 186 Stepping 2, GenuineIntel 上运行。
在以下位置使用 1 个插槽： 陈红星 上（共 1 个内核）。
可用内存：15.90 GB。
           当前进度:   4 % - 编译方程: 瞬态
Memory: 1165/1527 1242/1957
           当前进度:   5 % - 编译方程: 瞬态
Memory: 1141/1527 1218/1957
时间：1。
物理内存: 1.16 GB
虚拟内存: 1.24 GB
Warning: 自由空间采用真空条件，这会导致某些材料属性被忽略。请考虑为忽略的材料添加合适的物理场特征。

  - 节点: 自由空间 1

  - 物理场: Electrostatics: four finite-thickness rounded ring electrodes (es)

  - Materials: Natural Neon gas, representative relative permittivity (mat_gas), Representative alumina ceramic; epsilon_r=9.4 assumption (mat_diel)

  - Quantities: 相对介电常数, 相对介电常数
结束时间：2026年9月4日 10:36:10。
----- Study 2 - Single_Muon_Diagnostic/解 2 (sol2) 中的“编译方程: 瞬态” ---------------->
<---- Study 2 - Single_Muon_Diagnostic/解 2 (sol2) 中的“因变量 1” --------------------
开始于 2026年9月4日 10:36:10。
不求解变量的值: 解 1 (sol1).
           当前进度:   5 % - 因变量 1
Memory: 1132/1527 1208/1957
求解时间：1 s。
物理内存: 1.14 GB
虚拟内存: 1.22 GB
结束时间：2026年9月4日 10:36:11。
----- Study 2 - Single_Muon_Diagnostic/解 2 (sol2) 中的“因变量 1” ------------------->
<---- Study 2 - Single_Muon_Diagnostic/解 2 (sol2) 中的“瞬态求解器 1” ------------------
开始于 2026年9月4日 10:36:11。
瞬态求解器（广义 α）
求解的自由度数：3（加上 4 个内部自由度）。
找到非对称矩阵。
缩放因变量：
颗粒位置 (comp1.qcpt): 1
Step        Time    Stepsize      Res  Jac  Sol Order Tfail NLfail LinIt   LinErr   LinRes
   0           0           - out    2    3    2                  0     0        0        0
   1    1.25e-10    1.25e-10        8    6    8     2     2      0    16  5.2e-10        -
   2  2.2715e-10  1.0215e-10       14    7   14     2     2      0    30  5.1e-07        -
   4  4.0955e-10  9.0455e-11       18    8   18     2     2      0    39  3.9e-08        -
   6       5e-10  4.5227e-11 out   22    9   22     2     2      0    45  7.2e-08        -
   9  6.3568e-10  4.5227e-11       28    9   28     2     2      0    54  3.2e-07        -
  12  7.7136e-10  4.5227e-11       34    9   34     2     2      0    63  6.4e-07        -
  15  9.0705e-10  4.5227e-11       40    9   40     2     2      0    72  9.7e-07        -
  18       1e-09  2.3864e-11 out   46   10   46     2     2      0    82    5e-09        -
  20  1.0955e-09  4.7727e-11       50   11   50     2     2      0    88  1.6e-07        -
  24  1.2864e-09  4.7727e-11       58   11   58     2     2      0   100  6.6e-07        -
  28  1.4648e-09  3.5228e-11       70   12   70     2     2      0   121  8.2e-09        -
  30  1.5705e-09  7.0457e-11       74   14   74     2     2      0   128  2.6e-07        -
  34  1.8523e-09  7.0457e-11       82   14   82     2     2      0   148  1.4e-10        -
  36  1.9614e-09  3.8629e-11       86   15   86     2     2      0   156  1.2e-08        -
  39  2.1468e-09  6.9533e-11       96   17   96     2     2      0   176  2.3e-07        -
  40  2.2163e-09  6.9533e-11       98   18   98     2     2      0   180  2.4e-07        -
  44  2.4625e-09  3.7539e-11      106   19  106     2     2      0   198  1.1e-08        -
           当前进度:   7 % - 
Memory: 1132/1527 1207/1957
  47  2.6502e-09  7.5077e-11      112   20  112     2     2      0   210  2.6e-10        -
  50  2.8679e-09  6.7569e-11      122   21  122     2     2      0   233  1.9e-07        -
  53  3.0661e-09  6.6061e-11      128   22  128     2     2      0   246  1.3e-10        -
  57  3.3303e-09  6.6061e-11      136   22  136     2     2      0   266  1.9e-10        -
  58  3.3898e-09  5.9455e-11      142   23  142     2     2      0   278  8.4e-08        -
  61  3.5551e-09  5.5119e-11      148   24  148     2     2      0   287  3.9e-07        -
  65  3.7756e-09  5.5119e-11      156   24  156     2     2      0   300  3.4e-10        -
  69  3.9705e-09  2.9523e-11      164   25  164     2     2      0   315  2.2e-09        -
  72  4.1181e-09  5.9047e-11      170   26  170     2     2      0   324  3.2e-07        -
  76  4.3543e-09  5.9047e-11      178   26  178     2     2      0   338  6.2e-10        -
  78  4.4567e-09  4.3337e-11      186   27  186     2     2      0   353  1.4e-08        -
  81  4.5867e-09  4.3337e-11      192   28  192     2     2      0   362  1.3e-07        -
  85    4.76e-09  4.3337e-11      200   28  200     2     2      0   374  3.7e-07        -
  89  4.9334e-09  4.3337e-11      208   28  208     2     2      0   386  6.1e-07        -
  90  4.9667e-09  3.3314e-11      214   29  214     2     2      0   397    4e-09        -
  92  5.0666e-09  6.6629e-11      218   31  218     2     2      0   403  1.3e-07        -
  96  5.3331e-09  6.6629e-11      226   31  226     2     2      0   418  1.3e-09        -
  98  5.4499e-09  5.0113e-11      234   32  234     2     2      0   433    3e-08        -
 101  5.6002e-09  5.0113e-11      240   33  240     2     2      0   442  2.9e-07        -
 104  5.7506e-09  5.0113e-11      246   33  246     2     2      0   451  6.9e-07        -
 108  5.9505e-09  4.9547e-11      254   33  254     2     2      0   465  5.6e-09        -
 112  6.1486e-09  4.9547e-11      262   33  262     2     2      0   481  5.3e-09        -
 115  6.2973e-09  4.9547e-11      268   33  268     2     2      0   493  5.4e-09        -
 117  6.3964e-09  4.9547e-11      272   33  272     2     2      0   501  5.6e-09        -
 119   6.473e-09  2.7039e-11      276   34  276     2     2      0   508  1.4e-09        -
 122  6.6082e-09  5.4079e-11      282   35  282     2     2      0   517  2.7e-07        -
 126  6.8245e-09  5.4079e-11      290   35  290     2     2      0   531  2.8e-10        -
 129  6.9663e-09  3.3685e-11      296   36  296     2     2      0   542  5.8e-09        -
 132  7.1011e-09  6.7371e-11      302   37  302     2     2      0   551  1.8e-07        -
 136  7.3705e-09  6.7371e-11      310   37  310     2     2      0   567  1.3e-09        -
 138  7.4656e-09  3.4414e-11      318   39  318     2     2      0   581  8.6e-09        -
 141  7.6308e-09  6.1945e-11      328   41  328     2     2      0   598  1.5e-07        -
 144  7.8166e-09  6.1945e-11      334   42  334     2     2      0   608  3.9e-10        -
 149  8.1214e-09  6.0722e-11      344   42  344     2     2      0   628  3.6e-09        -
 153  8.3643e-09  6.0722e-11      352   42  352     2     2      0   644  2.3e-09        -
 156     8.5e-09  3.7472e-11 out  358   43  358     2     2      0   654  5.1e-08        -
 159  8.6799e-09   6.745e-11      368   45  368     2     2      0   671  2.5e-07        -
 162  8.8822e-09   6.745e-11      374   46  374     2     2      0   681  4.5e-10        -
 163  8.9411e-09   5.889e-11      380   47  380     2     2      0   692    1e-07        -
 166  9.1178e-09   5.889e-11      386   48  386     2     2      0   701  7.9e-07        -
 170     9.5e-09  1.4666e-10 out  392   49  392     2     2      0   709        0        -
 174     1.1e-08       5e-10 out  396   51  396     2     2      0   709        0        -
 178     1.3e-08       5e-10 out  400   51  400     2     2      0   709        0        -
 184     1.6e-08       5e-10 out  406   51  406     2     2      0   709        0        -
-          当前进度:  10 % - 正在组装残差
 189    1.85e-08       5e-10 out  411   51  411     2     2      0   709        0        -
 193    2.05e-08       5e-10 out  415   51  415     2     2      0   709        0        -
 200     2.4e-08       5e-10 out  422   51  422     2     2      0   709        0        -
 208     2.8e-08       5e-10 out  430   51  430     2     2      0   709        0        -
 211    2.95e-08       5e-10 out  433   51  433     2     2      0   709        0        -
 219    3.35e-08       5e-10 out  441   51  441     2     2      0   709        0        -
 227    3.75e-08       5e-10 out  449   51  449     2     2      0   709        0        -
 234     4.1e-08       5e-10 out  456   51  456     2     2      0   709        0        -
 241    4.45e-08       5e-10 out  463   51  463     2     2      0   709        0        -
 249    4.85e-08       5e-10 out  471   51  471     2     2      0   709        0        -
 257    5.25e-08       5e-10 out  479   51  479     2     2      0   709        0        -
 262     5.5e-08       5e-10 out  484   51  484     2     2      0   709        0        -
 270     5.9e-08       5e-10 out  492   51  492     2     2      0   709        0        -
 277    6.25e-08       5e-10 out  499   51  499     2     2      0   709        0        -
 285    6.65e-08       5e-10 out  507   51  507     2     2      0   709        0        -
 290     6.9e-08       5e-10 out  512   51  512     2     2      0   709        0        -
 295    7.15e-08       5e-10 out  517   51  517     2     2      0   709        0        -
 302     7.5e-08       5e-10 out  524   51  524     2     2      0   709        0        -
 309    7.85e-08       5e-10 out  531   51  531     2     2      0   709        0        -
 316     8.2e-08       5e-10 out  538   51  538     2     2      0   709        0        -
 323    8.55e-08       5e-10 out  545   51  545     2     2      0   709        0        -
 330     8.9e-08       5e-10 out  552   51  552     2     2      0   709        0        -
 337    9.25e-08       5e-10 out  559   51  559     2     2      0   709        0        -
 344     9.6e-08       5e-10 out  566   51  566     2     2      0   709        0        -
 351    9.95e-08       5e-10 out  573   51  573     2     2      0   709        0        -
 359   1.035e-07       5e-10 out  581   51  581     2     2      0   709        0        -
 366    1.07e-07       5e-10 out  588   51  588     2     2      0   709        0        -
 371   1.095e-07       5e-10 out  593   51  593     2     2      0   709        0        -
 377   1.125e-07       5e-10 out  599   51  599     2     2      0   709        0        -
 384    1.16e-07       5e-10 out  606   51  606     2     2      0   709        0        -
 392     1.2e-07       5e-10 out  614   51  614     2     2      0   709        0        -
 399   1.235e-07       5e-10 out  621   51  621     2     2      0   709        0        -
 406    1.27e-07       5e-10 out  628   51  628     2     2      0   709        0        -
 413   1.305e-07       5e-10 out  635   51  635     2     2      0   709        0        -
 420    1.34e-07       5e-10 out  642   51  642     2     2      0   709        0        -
 427   1.375e-07       5e-10 out  649   51  649     2     2      0   709        0        -
 431   1.395e-07       5e-10 out  653   51  653     2     2      0   709        0        -
 438    1.43e-07       5e-10 out  660   51  660     2     2      0   709        0        -
 443   1.455e-07       5e-10 out  665   51  665     2     2      0   709        0        -
 449   1.485e-07       5e-10 out  671   51  671     2     2      0   709        0        -
 457   1.525e-07       5e-10 out  679   51  679     2     2      0   709        0        -
 464    1.56e-07       5e-10 out  686   51  686     2     2      0   709        0        -
 471   1.595e-07       5e-10 out  693   51  693     2     2      0   709        0        -
 479   1.635e-07       5e-10 out  701   51  701     2     2      0   709        0        -
 486    1.67e-07       5e-10 out  708   51  708     2     2      0   709        0        -
 494    1.71e-07       5e-10 out  716   51  716     2     2      0   709        0        -
 502    1.75e-07       5e-10 out  724   51  724     2     2      0   709        0        -
 509   1.785e-07       5e-10 out  731   51  731     2     2      0   709        0        -
 517   1.825e-07       5e-10 out  739   51  739     2     2      0   709        0        -
 525   1.865e-07       5e-10 out  747   51  747     2     2      0   709        0        -
 529   1.885e-07       5e-10 out  751   51  751     2     2      0   709        0        -
 536    1.92e-07       5e-10 out  758   51  758     2     2      0   709        0        -
----       当前进度:  43 % - 
 543   1.955e-07       5e-10 out  765   51  765     2     2      0   709        0        -
 549   1.985e-07       5e-10 out  771   51  771     2     2      0   709        0        -
 556    2.02e-07       5e-10 out  778   51  778     2     2      0   709        0        -
 563   2.055e-07       5e-10 out  785   51  785     2     2      0   709        0        -
 569   2.085e-07       5e-10 out  791   51  791     2     2      0   709        0        -
 576    2.12e-07       5e-10 out  798   51  798     2     2      0   709        0        -
 583   2.155e-07       5e-10 out  805   51  805     2     2      0   709        0        -
 588    2.18e-07       5e-10 out  810   51  810     2     2      0   709        0        -
 595   2.215e-07       5e-10 out  817   51  817     2     2      0   709        0        -
 602    2.25e-07       5e-10 out  824   51  824     2     2      0   709        0        -
 609   2.285e-07       5e-10 out  831   51  831     2     2      0   709        0        -
 616    2.32e-07       5e-10 out  838   51  838     2     2      0   709        0        -
 623   2.355e-07       5e-10 out  845   51  845     2     2      0   709        0        -
 630    2.39e-07       5e-10 out  852   51  852     2     2      0   709        0        -
 638    2.43e-07       5e-10 out  860   51  860     2     2      0   709        0        -
 645   2.465e-07       5e-10 out  867   51  867     2     2      0   709        0        -
 653   2.505e-07       5e-10 out  875   51  875     2     2      0   709        0        -
 659   2.535e-07       5e-10 out  881   51  881     2     2      0   709        0        -
 666    2.57e-07       5e-10 out  888   51  888     2     2      0   709        0        -
 674    2.61e-07       5e-10 out  896   51  896     2     2      0   709        0        -
 680    2.64e-07       5e-10 out  902   51  902     2     2      0   709        0        -
 688    2.68e-07       5e-10 out  910   51  910     2     2      0   709        0        -
 694    2.71e-07       5e-10 out  916   51  916     2     2      0   709        0        -
 699   2.735e-07       5e-10 out  921   51  921     2     2      0   709        0        -
 705   2.765e-07       5e-10 out  927   51  927     2     2      0   709        0        -
 711   2.795e-07       5e-10 out  933   51  933     2     2      0   709        0        -
 718    2.83e-07       5e-10 out  940   51  940     2     2      0   709        0        -
 724    2.86e-07       5e-10 out  946   51  946     2     2      0   709        0        -
 731   2.895e-07       5e-10 out  953   51  953     2     2      0   709        0        -
 736    2.92e-07       5e-10 out  958   51  958     2     2      0   709        0        -
 742    2.95e-07       5e-10 out  964   51  964     2     2      0   709        0        -
 747   2.975e-07       5e-10 out  969   51  969     2     2      0   709        0        -
 752       3e-07       5e-10 out  974   51  974     2     2      0   709        0        -
 758    3.03e-07       5e-10 out  980   51  980     2     2      0   709        0        -
 763   3.055e-07       5e-10 out  985   51  985     2     2      0   709        0        -
 768    3.08e-07       5e-10 out  990   51  990     2     2      0   709        0        -
 774    3.11e-07       5e-10 out  996   51  996     2     2      0   709        0        -
 779   3.135e-07       5e-10 out 1001   51 1001     2     2      0   709        0        -
 782    3.15e-07       5e-10 out 1004   51 1004     2     2      0   709        0        -
 786    3.17e-07       5e-10 out 1008   51 1008     2     2      0   709        0        -
 791   3.195e-07       5e-10 out 1013   51 1013     2     2      0   709        0        -
 795   3.215e-07       5e-10 out 1017   51 1017     2     2      0   709        0        -
 801   3.245e-07       5e-10 out 1023   51 1023     2     2      0   709        0        -
 806    3.27e-07       5e-10 out 1028   51 1028     2     2      0   709        0        -
 811   3.295e-07       5e-10 out 1033   51 1033     2     2      0   709        0        -
 817   3.325e-07       5e-10 out 1039   51 1039     2     2      0   709        0        -
 822    3.35e-07       5e-10 out 1044   51 1044     2     2      0   709        0        -
 827   3.375e-07       5e-10 out 1049   51 1049     2     2      0   709        0        -
 833   3.405e-07       5e-10 out 1055   51 1055     2     2      0   709        0        -
 839   3.435e-07       5e-10 out 1061   51 1061     2     2      0   709        0        -
 845   3.465e-07       5e-10 out 1067   51 1067     2     2      0   709        0        -
 852     3.5e-07       5e-10 out 1074   51 1074     2     2      0   709        0        -
-------    当前进度:  72 % - 
 858    3.53e-07       5e-10 out 1080   51 1080     2     2      0   709        0        -
 865   3.565e-07       5e-10 out 1087   51 1087     2     2      0   709        0        -
 871   3.595e-07       5e-10 out 1093   51 1093     2     2      0   709        0        -
 877   3.625e-07       5e-10 out 1099   51 1099     2     2      0   709        0        -
 883   3.655e-07       5e-10 out 1105   51 1105     2     2      0   709        0        -
 889   3.685e-07       5e-10 out 1111   51 1111     2     2      0   709        0        -
 895   3.715e-07       5e-10 out 1117   51 1117     2     2      0   709        0        -
 902    3.75e-07       5e-10 out 1124   51 1124     2     2      0   709        0        -
 908    3.78e-07       5e-10 out 1130   51 1130     2     2      0   709        0        -
 914    3.81e-07       5e-10 out 1136   51 1136     2     2      0   709        0        -
 920    3.84e-07       5e-10 out 1142   51 1142     2     2      0   709        0        -
 925   3.865e-07       5e-10 out 1147   51 1147     2     2      0   709        0        -
 929   3.885e-07       5e-10 out 1151   51 1151     2     2      0   709        0        -
 934    3.91e-07       5e-10 out 1156   51 1156     2     2      0   709        0        -
 939   3.935e-07       5e-10 out 1161   51 1161     2     2      0   709        0        -
 943   3.955e-07       5e-10 out 1165   51 1165     2     2      0   709        0        -
 948    3.98e-07       5e-10 out 1170   51 1170     2     2      0   709        0        -
 954    4.01e-07       5e-10 out 1176   51 1176     2     2      0   709        0        -
 960    4.04e-07       5e-10 out 1182   51 1182     2     2      0   709        0        -
 966    4.07e-07       5e-10 out 1188   51 1188     2     2      0   709        0        -
 972     4.1e-07       5e-10 out 1194   51 1194     2     2      0   709        0        -
 978    4.13e-07       5e-10 out 1200   51 1200     2     2      0   709        0        -
 984    4.16e-07       5e-10 out 1206   51 1206     2     2      0   709        0        -
 990    4.19e-07       5e-10 out 1212   51 1212     2     2      0   709        0        -
 996    4.22e-07       5e-10 out 1218   51 1218     2     2      0   709        0        -
1002    4.25e-07       5e-10 out 1224   51 1224     2     2      0   709        0        -
1008    4.28e-07       5e-10 out 1230   51 1230     2     2      0   709        0        -
1014    4.31e-07       5e-10 out 1236   51 1236     2     2      0   709        0        -
1020    4.34e-07       5e-10 out 1242   51 1242     2     2      0   709        0        -
1026    4.37e-07       5e-10 out 1248   51 1248     2     2      0   709        0        -
1033   4.405e-07       5e-10 out 1255   51 1255     2     2      0   709        0        -
1040    4.44e-07       5e-10 out 1262   51 1262     2     2      0   709        0        -
1047   4.475e-07       5e-10 out 1269   51 1269     2     2      0   709        0        -
1054    4.51e-07       5e-10 out 1276   51 1276     2     2      0   709        0        -
1060    4.54e-07       5e-10 out 1282   51 1282     2     2      0   709        0        -
1067   4.575e-07       5e-10 out 1289   51 1289     2     2      0   709        0        -
1074    4.61e-07       5e-10 out 1296   51 1296     2     2      0   709        0        -
1081   4.645e-07       5e-10 out 1303   51 1303     2     2      0   709        0        -
1088    4.68e-07       5e-10 out 1310   51 1310     2     2      0   709        0        -
1095   4.715e-07       5e-10 out 1317   51 1317     2     2      0   709        0        -
1100    4.74e-07       5e-10 out 1322   51 1322     2     2      0   709        0        -
1107   4.775e-07       5e-10 out 1329   51 1329     2     2      0   709        0        -
1115   4.815e-07       5e-10 out 1337   51 1337     2     2      0   709        0        -
1123   4.855e-07       5e-10 out 1345   51 1345     2     2      0   709        0        -
1131   4.895e-07       5e-10 out 1353   51 1353     2     2      0   709        0        -
1139   4.935e-07       5e-10 out 1361   51 1361     2     2      0   709        0        -
1147   4.975e-07       5e-10 out 1369   51 1369     2     2      0   709        0        -
1152       5e-07       5e-10 out 1374   51 1374     2     2      0   709        0        -
---------- 当前进度: 100 % - 
Memory: 1132/1527 1208/1957
求解时间：3 s。
物理内存: 1.13 GB
虚拟内存: 1.21 GB
结束时间：2026年9月4日 10:36:13。
----- Study 2 - Single_Muon_Diagnostic/解 2 (sol2) 中的“瞬态求解器 1” ----------------->
           当前进度:   0 % - 
-          当前进度:  11 % - 正在计算
-          当前进度:  17 % - 正在计算
--         当前进度:  25 % - 正在计算
---        当前进度:  33 % - 正在计算
----       当前进度:  41 % - 正在计算
----       当前进度:  48 % - 正在计算
-----      当前进度:  55 % - 正在计算
------     当前进度:  64 % - 正在计算
-------    当前进度:  73 % - 正在计算
--------   当前进度:  82 % - 正在计算
--------   当前进度:  89 % - 正在计算
---------  当前进度:  97 % - 正在计算
---------- 当前进度: 100 % - 正在计算
           当前进度:   0 % - 
---        当前进度:  34 % - 正在计算
---------  当前进度:  95 % - 正在计算
Memory: 1129/1527 1204/1957
AXIAL_SOURCE_CASE_COMPLETE=axial_source_gap130mm_frac0p95
AXIAL_SOURCE_CASE_START=axial_source_gap130mm_frac0p98
           当前进度:   2 % - 生成方程
           当前进度:   3 % - Study 1 - 3D Electrostatics stationary
Memory: 1132/1527 1207/1957
<---- Study 1 - 3D Electrostatics stationary/解 1 (sol1) 中的“编译方程: 稳态” -----------
开始于 2026年9月4日 10:36:18。
几何形函数: 二次拉格朗日单元
几何形函数: 二次拉格朗日单元
在 Intel64 Family 6 Model 186 Stepping 2, GenuineIntel 上运行。
在以下位置使用 1 个插槽： 陈红星 上（共 1 个内核）。
可用内存：15.90 GB。
           当前进度:   3 % - 生成方程
Memory: 1130/1527 1204/1957
           当前进度:   6 % - 编译方程: 稳态
Memory: 1156/1527 1232/1957
           当前进度:   7 % - 编译方程: 稳态
Memory: 1147/1527 1222/1957
时间：1。
物理内存: 1.16 GB
虚拟内存: 1.23 GB
Warning: 自由空间采用真空条件，这会导致某些材料属性被忽略。请考虑为忽略的材料添加合适的物理场特征。

  - 节点: 自由空间 1

  - 物理场: Electrostatics: four finite-thickness rounded ring electrodes (es)

  - Materials: Natural Neon gas, representative relative permittivity (mat_gas), Representative alumina ceramic; epsilon_r=9.4 assumption (mat_diel)

  - Quantities: 相对介电常数, 相对介电常数
结束时间：2026年9月4日 10:36:19。
----- Study 1 - 3D Electrostatics stationary/解 1 (sol1) 中的“编译方程: 稳态” ---------->
<---- Study 1 - 3D Electrostatics stationary/解 1 (sol1) 中的“因变量 1” --------------
开始于 2026年9月4日 10:36:19。
           当前进度:   7 % - 因变量 1
Memory: 1151/1527 1226/1957
求解时间：0 s。
物理内存: 1.15 GB
虚拟内存: 1.23 GB
结束时间：2026年9月4日 10:36:19。
----- Study 1 - 3D Electrostatics stationary/解 1 (sol1) 中的“因变量 1” ------------->
<---- Study 1 - 3D Electrostatics stationary/解 1 (sol1) 中的“稳态求解器 1” ------------
开始于 2026年9月4日 10:36:20。
线性求解器 
求解的自由度数：122163。
--         当前进度:  23 % - 组装稀疏模式
Memory: 1176/1527 1253/1957
---        当前进度:  30 % - 组装矩阵
Memory: 1189/1527 1265/1957
---        当前进度:  38 % - 
Memory: 1202/1527 1278/1957
找到对称矩阵。
缩放因变量：
电势 (comp1.V): 1
已使用正交零空间函数。
---        当前进度:  38 % - 组装延展
Memory: 1204/1527 1283/1957
-----      当前进度:  56 % - 组装矩阵
Memory: 1199/1527 1276/1957
Iter      SolEst     Damping    Stepsize #Res #Jac #Sol LinIt   LinErr   LinRes
---------  当前进度:  90 % - 求解线性方程组
Memory: 1208/1527 1292/1957
   1        0.76   1.0000000        0.76    1    1    1     4  2.8e-05  5.3e-08
---------- 当前进度: 100 % - 
Memory: 1194/1527 1274/1957
求解时间：4 s。
物理内存: 1.21 GB
虚拟内存: 1.29 GB
结束时间：2026年9月4日 10:36:24。
----- Study 1 - 3D Electrostatics stationary/解 1 (sol1) 中的“稳态求解器 1” ----------->
           当前进度:   0 % - Study 2 - Single_Muon_Diagnostic
Memory: 1135/1527 1218/1957
           当前进度:   3 % - Study 2 - Single_Muon_Diagnostic
Memory: 1138/1527 1219/1957
<---- Study 2 - Single_Muon_Diagnostic/解 2 (sol2) 中的“编译方程: 瞬态” -----------------
开始于 2026年9月4日 10:36:25。
几何形函数: 二次拉格朗日单元
几何形函数: 二次拉格朗日单元
在 Intel64 Family 6 Model 186 Stepping 2, GenuineIntel 上运行。
在以下位置使用 1 个插槽： 陈红星 上（共 1 个内核）。
可用内存：15.90 GB。
           当前进度:   3 % - 生成方程
Memory: 1135/1527 1215/1957
           当前进度:   4 % - 编译方程: 瞬态
Memory: 1219/1527 1886/1957
           当前进度:   5 % - 编译方程: 瞬态
Memory: 1218/1527 1886/1957
时间：1。
物理内存: 1.23 GB
虚拟内存: 1.9 GB
Warning: 自由空间采用真空条件，这会导致某些材料属性被忽略。请考虑为忽略的材料添加合适的物理场特征。

  - 节点: 自由空间 1

  - 物理场: Electrostatics: four finite-thickness rounded ring electrodes (es)

  - Materials: Natural Neon gas, representative relative permittivity (mat_gas), Representative alumina ceramic; epsilon_r=9.4 assumption (mat_diel)

  - Quantities: 相对介电常数, 相对介电常数
结束时间：2026年9月4日 10:36:26。
----- Study 2 - Single_Muon_Diagnostic/解 2 (sol2) 中的“编译方程: 瞬态” ---------------->
<---- Study 2 - Single_Muon_Diagnostic/解 2 (sol2) 中的“因变量 1” --------------------
开始于 2026年9月4日 10:36:26。
不求解变量的值: 解 1 (sol1).
           当前进度:   5 % - 因变量 1
Memory: 1189/1527 1886/1957
求解时间：0 s。
物理内存: 1.19 GB
虚拟内存: 1.89 GB
结束时间：2026年9月4日 10:36:26。
----- Study 2 - Single_Muon_Diagnostic/解 2 (sol2) 中的“因变量 1” ------------------->
<---- Study 2 - Single_Muon_Diagnostic/解 2 (sol2) 中的“瞬态求解器 1” ------------------
开始于 2026年9月4日 10:36:27。
瞬态求解器（广义 α）
求解的自由度数：3（加上 4 个内部自由度）。
找到非对称矩阵。
缩放因变量：
颗粒位置 (comp1.qcpt): 1
Step        Time    Stepsize      Res  Jac  Sol Order Tfail NLfail LinIt   LinErr   LinRes
   0           0           - out    2    3    2                  0     0        0        0
   1    1.25e-10    1.25e-10        8    6    8     2     2      0    16  1.7e-09        -
   3   3.195e-10   9.213e-11       16    8   16     2     2      0    31  3.5e-07        -
   7  5.4513e-10  4.5126e-11       24    9   24     2     2      0    44  1.4e-07        -
  10   6.805e-10  4.5126e-11       30    9   30     2     2      0    53  4.1e-07        -
  14  8.6101e-10  4.5126e-11       38    9   38     2     2      0    65  8.4e-07        -
  17  9.7563e-10  2.4371e-11       44   10   44     2     2      0    75  1.2e-09        -
  19  1.0487e-09  4.8742e-11       48   11   48     2     2      0    81  4.8e-08        -
  23  1.2437e-09  4.8742e-11       56   11   56     2     2      0    93  5.9e-07        -
  26  1.3899e-09  4.8742e-11       62   11   62     2     2      0   102  9.2e-07        -
  29     1.5e-09  3.0659e-11 out   68   12   68     2     2      0   112  1.4e-08        -
  32   1.684e-09  6.1319e-11       74   13   74     2     2      0   121  9.2e-07        -
  35  1.8679e-09  6.1319e-11       80   13   80     2     2      0   133  7.3e-10        -
  38       2e-09  3.5385e-11 out   86   14   86     2     2      0   143  3.3e-08        -
  41  2.1698e-09  6.3693e-11       96   16   96     2     2      0   162  1.3e-07        -
  44  2.3609e-09  6.3693e-11      102   17  102     2     2      0   172  6.3e-10        -
  46  2.4623e-09   3.769e-11      106   18  106     2     2      0   179  1.1e-08        -
  50  2.6131e-09   3.769e-11      114   18  114     2     2      0   191  1.6e-07        -
  54  2.7638e-09   3.769e-11      122   18  122     2     2      0   203  3.1e-07        -
  57  2.8769e-09   3.769e-11      128   18  128     2     2      0   212  4.2e-07        -
  60  2.9761e-09  2.3858e-11      134   19  134     2     2      0   221  7.7e-10        -
  63  3.0954e-09  4.7716e-11      140   20  140     2     2      0   230  1.2e-07        -
  67  3.2863e-09  4.7716e-11      148   20  148     2     2      0   242  4.9e-07        -
  71  3.4647e-09   3.528e-11      160   21  160     2     2      0   262  4.5e-09        -
           当前进度:   7 % - 正在组装残差
Memory: 1002/1527 1208/1957
  73  3.5706e-09   7.056e-11      164   23  164     2     2      0   269  1.4e-07        -
  74  3.6321e-09  6.1544e-11      170   24  170     2     2      0   281  7.1e-08        -
  77  3.8167e-09  6.1544e-11      176   25  176     2     2      0   290  6.3e-07        -
  81  4.0609e-09  6.0859e-11      184   25  184     2     2      0   305    2e-08        -
  83  4.1826e-09  6.0859e-11      188   25  188     2     2      0   313  2.1e-08        -
  87   4.426e-09  6.0859e-11      196   25  196     2     2      0   329    2e-08        -
  90   4.537e-09  3.6993e-11      202   26  202     2     2      0   338  5.8e-08        -
  92  4.6776e-09  6.6587e-11      210   28  210     2     2      0   355  1.3e-07        -
  94  4.8107e-09  6.6587e-11      214   29  214     2     2      0   363  6.5e-07        -
  97  5.1893e-09  1.8926e-10      217   30  217     2     2      0   363        0        -
 101       7e-09       5e-10 out  221   32  221     2     2      0   363        0        -
 107       1e-08       5e-10 out  227   32  227     2     2      0   363        0        -
 113     1.3e-08       5e-10 out  233   32  233     2     2      0   363        0        -
 118    1.55e-08       5e-10 out  238   32  238     2     2      0   363        0        -
 123     1.8e-08       5e-10 out  243   32  243     2     2      0   363        0        -
 127       2e-08       5e-10 out  247   32  247     2     2      0   363        0        -
 131     2.2e-08       5e-10 out  251   32  251     2     2      0   363        0        -
 138    2.55e-08       5e-10 out  258   32  258     2     2      0   363        0        -
 145     2.9e-08       5e-10 out  265   32  265     2     2      0   363        0        -
 151     3.2e-08       5e-10 out  271   32  271     2     2      0   363        0        -
 158    3.55e-08       5e-10 out  278   32  278     2     2      0   363        0        -
 165     3.9e-08       5e-10 out  285   32  285     2     2      0   363        0        -
 171     4.2e-08       5e-10 out  291   32  291     2     2      0   363        0        -
 178    4.55e-08       5e-10 out  298   32  298     2     2      0   363        0        -
 185     4.9e-08       5e-10 out  305   32  305     2     2      0   363        0        -
 191     5.2e-08       5e-10 out  311   32  311     2     2      0   363        0        -
 198    5.55e-08       5e-10 out  318   32  318     2     2      0   363        0        -
 205     5.9e-08       5e-10 out  325   32  325     2     2      0   363        0        -
 211     6.2e-08       5e-10 out  331   32  331     2     2      0   363        0        -
 218    6.55e-08       5e-10 out  338   32  338     2     2      0   363        0        -
 225     6.9e-08       5e-10 out  345   32  345     2     2      0   363        0        -
 229     7.1e-08       5e-10 out  349   32  349     2     2      0   363        0        -
 235     7.4e-08       5e-10 out  355   32  355     2     2      0   363        0        -
 242    7.75e-08       5e-10 out  362   32  362     2     2      0   363        0        -
 249     8.1e-08       5e-10 out  369   32  369     2     2      0   363        0        -
 257     8.5e-08       5e-10 out  377   32  377     2     2      0   363        0        -
 263     8.8e-08       5e-10 out  383   32  383     2     2      0   363        0        -
 269     9.1e-08       5e-10 out  389   32  389     2     2      0   363        0        -
 277     9.5e-08       5e-10 out  397   32  397     2     2      0   363        0        -
 284    9.85e-08       5e-10 out  404   32  404     2     2      0   363        0        -
 292   1.025e-07       5e-10 out  412   32  412     2     2      0   363        0        -
 299    1.06e-07       5e-10 out  419   32  419     2     2      0   363        0        -
 306   1.095e-07       5e-10 out  426   32  426     2     2      0   363        0        -
 314   1.135e-07       5e-10 out  434   32  434     2     2      0   363        0        -
 322   1.175e-07       5e-10 out  442   32  442     2     2      0   363        0        -
 329    1.21e-07       5e-10 out  449   32  449     2     2      0   363        0        -
 337    1.25e-07       5e-10 out  457   32  457     2     2      0   363        0        -
 343    1.28e-07       5e-10 out  463   32  463     2     2      0   363        0        -
---        当前进度:  31 % - 正在组装残差
Memory: 1000/1527 1205/1957
 348   1.305e-07       5e-10 out  468   32  468     2     2      0   363        0        -
 354   1.335e-07       5e-10 out  474   32  474     2     2      0   363        0        -
 360   1.365e-07       5e-10 out  480   32  480     2     2      0   363        0        -
 366   1.395e-07       5e-10 out  486   32  486     2     2      0   363        0        -
 374   1.435e-07       5e-10 out  494   32  494     2     2      0   363        0        -
 382   1.475e-07       5e-10 out  502   32  502     2     2      0   363        0        -
 390   1.515e-07       5e-10 out  510   32  510     2     2      0   363        0        -
 398   1.555e-07       5e-10 out  518   32  518     2     2      0   363        0        -
 406   1.595e-07       5e-10 out  526   32  526     2     2      0   363        0        -
 414   1.635e-07       5e-10 out  534   32  534     2     2      0   363        0        -
 422   1.675e-07       5e-10 out  542   32  542     2     2      0   363        0        -
 430   1.715e-07       5e-10 out  550   32  550     2     2      0   363        0        -
 438   1.755e-07       5e-10 out  558   32  558     2     2      0   363        0        -
 446   1.795e-07       5e-10 out  566   32  566     2     2      0   363        0        -
 453    1.83e-07       5e-10 out  573   32  573     2     2      0   363        0        -
 460   1.865e-07       5e-10 out  580   32  580     2     2      0   363        0        -
 468   1.905e-07       5e-10 out  588   32  588     2     2      0   363        0        -
 474   1.935e-07       5e-10 out  594   32  594     2     2      0   363        0        -
 480   1.965e-07       5e-10 out  600   32  600     2     2      0   363        0        -
 488   2.005e-07       5e-10 out  608   32  608     2     2      0   363        0        -
 495    2.04e-07       5e-10 out  615   32  615     2     2      0   363        0        -
 503    2.08e-07       5e-10 out  623   32  623     2     2      0   363        0        -
 511    2.12e-07       5e-10 out  631   32  631     2     2      0   363        0        -
 514   2.135e-07       5e-10 out  634   32  634     2     2      0   363        0        -
 522   2.175e-07       5e-10 out  642   32  642     2     2      0   363        0        -
 530   2.215e-07       5e-10 out  650   32  650     2     2      0   363        0        -
 538   2.255e-07       5e-10 out  658   32  658     2     2      0   363        0        -
 546   2.295e-07       5e-10 out  666   32  666     2     2      0   363        0        -
 554   2.335e-07       5e-10 out  674   32  674     2     2      0   363        0        -
 562   2.375e-07       5e-10 out  682   32  682     2     2      0   363        0        -
 570   2.415e-07       5e-10 out  690   32  690     2     2      0   363        0        -
 578   2.455e-07       5e-10 out  698   32  698     2     2      0   363        0        -
 585    2.49e-07       5e-10 out  705   32  705     2     2      0   363        0        -
 590   2.515e-07       5e-10 out  710   32  710     2     2      0   363        0        -
 597    2.55e-07       5e-10 out  717   32  717     2     2      0   363        0        -
 604   2.585e-07       5e-10 out  724   32  724     2     2      0   363        0        -
 610   2.615e-07       5e-10 out  730   32  730     2     2      0   363        0        -
 617    2.65e-07       5e-10 out  737   32  737     2     2      0   363        0        -
 622   2.675e-07       5e-10 out  742   32  742     2     2      0   363        0        -
 627     2.7e-07       5e-10 out  747   32  747     2     2      0   363        0        -
 634   2.735e-07       5e-10 out  754   32  754     2     2      0   363        0        -
 641    2.77e-07       5e-10 out  761   32  761     2     2      0   363        0        -
 647     2.8e-07       5e-10 out  767   32  767     2     2      0   363        0        -
 654   2.835e-07       5e-10 out  774   32  774     2     2      0   363        0        -
 662   2.875e-07       5e-10 out  782   32  782     2     2      0   363        0        -
 669    2.91e-07       5e-10 out  789   32  789     2     2      0   363        0        -
 675    2.94e-07       5e-10 out  795   32  795     2     2      0   363        0        -
 683    2.98e-07       5e-10 out  803   32  803     2     2      0   363        0        -
 689    3.01e-07       5e-10 out  809   32  809     2     2      0   363        0        -
 696   3.045e-07       5e-10 out  816   32  816     2     2      0   363        0        -
 704   3.085e-07       5e-10 out  824   32  824     2     2      0   363        0        -
 710   3.115e-07       5e-10 out  830   32  830     2     2      0   363        0        -
------     当前进度:  65 % - 求解线性方程组
Memory: 1001/1527 1206/1957
 718   3.155e-07       5e-10 out  838   32  838     2     2      0   363        0        -
 726   3.195e-07       5e-10 out  846   32  846     2     2      0   363        0        -
 734   3.235e-07       5e-10 out  854   32  854     2     2      0   363        0        -
 742   3.275e-07       5e-10 out  862   32  862     2     2      0   363        0        -
 750   3.315e-07       5e-10 out  870   32  870     2     2      0   363        0        -
 756   3.345e-07       5e-10 out  876   32  876     2     2      0   363        0        -
 764   3.385e-07       5e-10 out  884   32  884     2     2      0   363        0        -
 772   3.425e-07       5e-10 out  892   32  892     2     2      0   363        0        -
 779    3.46e-07       5e-10 out  899   32  899     2     2      0   363        0        -
 787     3.5e-07       5e-10 out  907   32  907     2     2      0   363        0        -
 795    3.54e-07       5e-10 out  915   32  915     2     2      0   363        0        -
 803    3.58e-07       5e-10 out  923   32  923     2     2      0   363        0        -
 811    3.62e-07       5e-10 out  931   32  931     2     2      0   363        0        -
 820   3.665e-07       5e-10 out  940   32  940     2     2      0   363        0        -
 828   3.705e-07       5e-10 out  948   32  948     2     2      0   363        0        -
 836   3.745e-07       5e-10 out  956   32  956     2     2      0   363        0        -
 844   3.785e-07       5e-10 out  964   32  964     2     2      0   363        0        -
 852   3.825e-07       5e-10 out  972   32  972     2     2      0   363        0        -
 861    3.87e-07       5e-10 out  981   32  981     2     2      0   363        0        -
 870   3.915e-07       5e-10 out  990   32  990     2     2      0   363        0        -
 878   3.955e-07       5e-10 out  998   32  998     2     2      0   363        0        -
 887       4e-07       5e-10 out 1007   32 1007     2     2      0   363        0        -
 896   4.045e-07       5e-10 out 1016   32 1016     2     2      0   363        0        -
 905    4.09e-07       5e-10 out 1025   32 1025     2     2      0   363        0        -
 914   4.135e-07       5e-10 out 1034   32 1034     2     2      0   363        0        -
 922   4.175e-07       5e-10 out 1042   32 1042     2     2      0   363        0        -
 928   4.205e-07       5e-10 out 1048   32 1048     2     2      0   363        0        -
 936   4.245e-07       5e-10 out 1056   32 1056     2     2      0   363        0        -
 943    4.28e-07       5e-10 out 1063   32 1063     2     2      0   363        0        -
 949    4.31e-07       5e-10 out 1069   32 1069     2     2      0   363        0        -
 953    4.33e-07       5e-10 out 1073   32 1073     2     2      0   363        0        -
 961    4.37e-07       5e-10 out 1081   32 1081     2     2      0   363        0        -
 969    4.41e-07       5e-10 out 1089   32 1089     2     2      0   363        0        -
 976   4.445e-07       5e-10 out 1096   32 1096     2     2      0   363        0        -
 982   4.475e-07       5e-10 out 1102   32 1102     2     2      0   363        0        -
 990   4.515e-07       5e-10 out 1110   32 1110     2     2      0   363        0        -
 998   4.555e-07       5e-10 out 1118   32 1118     2     2      0   363        0        -
1005    4.59e-07       5e-10 out 1125   32 1125     2     2      0   363        0        -
1013    4.63e-07       5e-10 out 1133   32 1133     2     2      0   363        0        -
1021    4.67e-07       5e-10 out 1141   32 1141     2     2      0   363        0        -
1028   4.705e-07       5e-10 out 1148   32 1148     2     2      0   363        0        -
1036   4.745e-07       5e-10 out 1156   32 1156     2     2      0   363        0        -
1043    4.78e-07       5e-10 out 1163   32 1163     2     2      0   363        0        -
1048   4.805e-07       5e-10 out 1168   32 1168     2     2      0   363        0        -
1056   4.845e-07       5e-10 out 1176   32 1176     2     2      0   363        0        -
1064   4.885e-07       5e-10 out 1184   32 1184     2     2      0   363        0        -
1071    4.92e-07       5e-10 out 1191   32 1191     2     2      0   363        0        -
1080   4.965e-07       5e-10 out 1200   32 1200     2     2      0   363        0        -
1087       5e-07       5e-10 out 1207   32 1207     2     2      0   363        0        -
---------- 当前进度: 100 % - 
Memory: 1002/1527 1206/1957
求解时间：1 s。
物理内存: 1.19 GB
虚拟内存: 1.89 GB
结束时间：2026年9月4日 10:36:29。
----- Study 2 - Single_Muon_Diagnostic/解 2 (sol2) 中的“瞬态求解器 1” ----------------->
           当前进度:   0 % - 
Memory: 1003/1527 1206/1957
-          当前进度:  12 % - 正在计算
--         当前进度:  20 % - 正在计算
Memory: 1004/1527 1206/1957
--         当前进度:  29 % - 正在计算
---        当前进度:  37 % - 正在计算
----       当前进度:  47 % - 正在计算
-----      当前进度:  55 % - 正在计算
Memory: 1005/1527 1206/1957
------     当前进度:  63 % - 正在计算
-------    当前进度:  73 % - 正在计算
--------   当前进度:  82 % - 正在计算
---------  当前进度:  91 % - 正在计算
---------- 当前进度: 100 % - 正在计算
           当前进度:   0 % - 
---        当前进度:  34 % - 正在计算
Memory: 1008/1527 1206/1957
---------  当前进度:  95 % - 正在计算
Memory: 1009/1527 1206/1957
AXIAL_SOURCE_CASE_COMPLETE=axial_source_gap130mm_frac0p98
AXIAL_SOURCE_CASE_START=axial_source_gap130mm_frac0p99
           当前进度:   0 % - Study 1 - 3D Electrostatics stationary
Memory: 1010/1527 1206/1957
           当前进度:   3 % - Study 1 - 3D Electrostatics stationary
Memory: 1014/1527 1210/1957
<---- Study 1 - 3D Electrostatics stationary/解 1 (sol1) 中的“编译方程: 稳态” -----------
开始于 2026年9月4日 10:36:33。
几何形函数: 二次拉格朗日单元
几何形函数: 二次拉格朗日单元
在 Intel64 Family 6 Model 186 Stepping 2, GenuineIntel 上运行。
在以下位置使用 1 个插槽： 陈红星 上（共 1 个内核）。
可用内存：15.90 GB。
           当前进度:   3 % - 生成方程
Memory: 1012/1527 1207/1957
           当前进度:   6 % - 编译方程: 稳态
Memory: 1034/1527 1230/1957
           当前进度:   7 % - 编译方程: 稳态
Memory: 1032/1527 1225/1957
时间：1。
物理内存: 1.03 GB
虚拟内存: 1.23 GB
Warning: 自由空间采用真空条件，这会导致某些材料属性被忽略。请考虑为忽略的材料添加合适的物理场特征。

  - 节点: 自由空间 1

  - 物理场: Electrostatics: four finite-thickness rounded ring electrodes (es)

  - Materials: Natural Neon gas, representative relative permittivity (mat_gas), Representative alumina ceramic; epsilon_r=9.4 assumption (mat_diel)

  - Quantities: 相对介电常数, 相对介电常数
结束时间：2026年9月4日 10:36:34。
----- Study 1 - 3D Electrostatics stationary/解 1 (sol1) 中的“编译方程: 稳态” ---------->
<---- Study 1 - 3D Electrostatics stationary/解 1 (sol1) 中的“因变量 1” --------------
开始于 2026年9月4日 10:36:34。
           当前进度:   7 % - 因变量 1
求解时间：0 s。
物理内存: 1.03 GB
虚拟内存: 1.23 GB
结束时间：2026年9月4日 10:36:35。
----- Study 1 - 3D Electrostatics stationary/解 1 (sol1) 中的“因变量 1” ------------->
<---- Study 1 - 3D Electrostatics stationary/解 1 (sol1) 中的“稳态求解器 1” ------------
开始于 2026年9月4日 10:36:36。
线性求解器 
求解的自由度数：122163。
--         当前进度:  23 % - 组装稀疏模式
Memory: 1059/1527 1253/1957
---        当前进度:  30 % - 组装矩阵
Memory: 1075/1527 1269/1957
---        当前进度:  38 % - 
Memory: 1088/1527 1282/1957
找到对称矩阵。
缩放因变量：
电势 (comp1.V): 1
已使用正交零空间函数。
---        当前进度:  38 % - 组装延展
-------    当前进度:  74 % - 正在创建多重网格层次结构
Memory: 1095/1527 1289/1957
Iter      SolEst     Damping    Stepsize #Res #Jac #Sol LinIt   LinErr   LinRes
---------  当前进度:  98 % - 求解线性方程组
Memory: 1104/1527 1301/1957
   1        0.76   1.0000000        0.76    1    1    1     4  2.8e-05  5.3e-08
---------- 当前进度: 100 % - 
Memory: 1084/1527 1277/1957
求解时间：4 s。
物理内存: 1.1 GB
虚拟内存: 1.3 GB
结束时间：2026年9月4日 10:36:39。
----- Study 1 - 3D Electrostatics stationary/解 1 (sol1) 中的“稳态求解器 1” ----------->
           当前进度:   0 % - Study 2 - Single_Muon_Diagnostic
Memory: 1031/1527 1222/1957
           当前进度:   3 % - Study 2 - Single_Muon_Diagnostic
<---- Study 2 - Single_Muon_Diagnostic/解 2 (sol2) 中的“编译方程: 瞬态” -----------------
开始于 2026年9月4日 10:36:40。
几何形函数: 二次拉格朗日单元
几何形函数: 二次拉格朗日单元
在 Intel64 Family 6 Model 186 Stepping 2, GenuineIntel 上运行。
在以下位置使用 1 个插槽： 陈红星 上（共 1 个内核）。
可用内存：15.90 GB。
           当前进度:   3 % - 生成方程
           当前进度:   4 % - 编译方程: 瞬态
Memory: 1048/1527 1239/1957
           当前进度:   5 % - 编译方程: 瞬态
Memory: 1038/1527 1228/1957
时间：1。
物理内存: 1.05 GB
虚拟内存: 1.24 GB
Warning: 自由空间采用真空条件，这会导致某些材料属性被忽略。请考虑为忽略的材料添加合适的物理场特征。

  - 节点: 自由空间 1

  - 物理场: Electrostatics: four finite-thickness rounded ring electrodes (es)

  - Materials: Natural Neon gas, representative relative permittivity (mat_gas), Representative alumina ceramic; epsilon_r=9.4 assumption (mat_diel)

  - Quantities: 相对介电常数, 相对介电常数
结束时间：2026年9月4日 10:36:41。
----- Study 2 - Single_Muon_Diagnostic/解 2 (sol2) 中的“编译方程: 瞬态” ---------------->
<---- Study 2 - Single_Muon_Diagnostic/解 2 (sol2) 中的“因变量 1” --------------------
开始于 2026年9月4日 10:36:41。
不求解变量的值: 解 1 (sol1).
           当前进度:   5 % - 因变量 1
Memory: 1035/1527 1225/1957
求解时间：0 s。
物理内存: 1.04 GB
虚拟内存: 1.23 GB
结束时间：2026年9月4日 10:36:41。
----- Study 2 - Single_Muon_Diagnostic/解 2 (sol2) 中的“因变量 1” ------------------->
<---- Study 2 - Single_Muon_Diagnostic/解 2 (sol2) 中的“瞬态求解器 1” ------------------
开始于 2026年9月4日 10:36:42。
瞬态求解器（广义 α）
求解的自由度数：3（加上 4 个内部自由度）。
找到非对称矩阵。
缩放因变量：
颗粒位置 (comp1.qcpt): 1
Step        Time    Stepsize      Res  Jac  Sol Order Tfail NLfail LinIt   LinErr   LinRes
   0           0           - out    2    3    2                  0     0        0        0
   1    1.25e-10    1.25e-10        8    6    8     2     2      0    14  4.1e-09        -
   3  3.1956e-10   9.216e-11       16    8   16     2     2      0    28  3.7e-07        -
   7  5.4511e-10   4.511e-11       24    9   24     2     2      0    41  1.4e-07        -
  13  8.1577e-10   4.511e-11       36    9   36     2     2      0    59  7.2e-07        -
  18       1e-09  2.4449e-11 out   46   10   46     2     2      0    75  5.6e-09        -
  22  1.1956e-09  4.8899e-11       54   11   54     2     2      0    87  4.2e-07        -
  27  1.4401e-09  4.8899e-11       64   11   64     2     2      0   103  5.5e-11        -
  31  1.6797e-09  1.1983e-10       71   14   71     2     2      0   112        0        -
  36       3e-09       5e-10 out   76   16   76     2     2      0   112        0        -
  47     8.5e-09       5e-10 out   87   16   87     2     2      0   112        0        -
  59    1.45e-08       5e-10 out   99   16   99     2     2      0   112        0        -
  71    2.05e-08       5e-10 out  111   16  111     2     2      0   112        0        -
  82     2.6e-08       5e-10 out  122   16  122     2     2      0   112        0        -
  93    3.15e-08       5e-10 out  133   16  133     2     2      0   112        0        -
 104     3.7e-08       5e-10 out  144   16  144     2     2      0   112        0        -
 115    4.25e-08       5e-10 out  155   16  155     2     2      0   112        0        -
 126     4.8e-08       5e-10 out  166   16  166     2     2      0   112        0        -
 137    5.35e-08       5e-10 out  177   16  177     2     2      0   112        0        -
 148     5.9e-08       5e-10 out  188   16  188     2     2      0   112        0        -
 159    6.45e-08       5e-10 out  199   16  199     2     2      0   112        0        -
 171    7.05e-08       5e-10 out  211   16  211     2     2      0   112        0        -
 182     7.6e-08       5e-10 out  222   16  222     2     2      0   112        0        -
 194     8.2e-08       5e-10 out  234   16  234     2     2      0   112        0        -
 204     8.7e-08       5e-10 out  244   16  244     2     2      0   112        0        -
 215    9.25e-08       5e-10 out  255   16  255     2     2      0   112        0        -
 224     9.7e-08       5e-10 out  264   16  264     2     2      0   112        0        -
 235   1.025e-07       5e-10 out  275   16  275     2     2      0   112        0        -
 246    1.08e-07       5e-10 out  286   16  286     2     2      0   112        0        -
 257   1.135e-07       5e-10 out  297   16  297     2     2      0   112        0        -
 265   1.175e-07       5e-10 out  305   16  305     2     2      0   112        0        -
 273   1.215e-07       5e-10 out  313   16  313     2     2      0   112        0        -
--         当前进度:  29 % - 正在组装残差
 280    1.25e-07       5e-10 out  320   16  320     2     2      0   112        0        -
 289   1.295e-07       5e-10 out  329   16  329     2     2      0   112        0        -
 301   1.355e-07       5e-10 out  341   16  341     2     2      0   112        0        -
 313   1.415e-07       5e-10 out  353   16  353     2     2      0   112        0        -
 320    1.45e-07       5e-10 out  360   16  360     2     2      0   112        0        -
 330     1.5e-07       5e-10 out  370   16  370     2     2      0   112        0        -
 341   1.555e-07       5e-10 out  381   16  381     2     2      0   112        0        -
 349   1.595e-07       5e-10 out  389   16  389     2     2      0   112        0        -
 359   1.645e-07       5e-10 out  399   16  399     2     2      0   112        0        -
 370     1.7e-07       5e-10 out  410   16  410     2     2      0   112        0        -
 378    1.74e-07       5e-10 out  418   16  418     2     2      0   112        0        -
 389   1.795e-07       5e-10 out  429   16  429     2     2      0   112        0        -
 400    1.85e-07       5e-10 out  440   16  440     2     2      0   112        0        -
 409   1.895e-07       5e-10 out  449   16  449     2     2      0   112        0        -
 421   1.955e-07       5e-10 out  461   16  461     2     2      0   112        0        -
 433   2.015e-07       5e-10 out  473   16  473     2     2      0   112        0        -
 444    2.07e-07       5e-10 out  484   16  484     2     2      0   112        0        -
 455   2.125e-07       5e-10 out  495   16  495     2     2      0   112        0        -
 467   2.185e-07       5e-10 out  507   16  507     2     2      0   112        0        -
 477   2.235e-07       5e-10 out  517   16  517     2     2      0   112        0        -
 482    2.26e-07       5e-10 out  522   16  522     2     2      0   112        0        -
 492    2.31e-07       5e-10 out  532   16  532     2     2      0   112        0        -
 501   2.355e-07       5e-10 out  541   16  541     2     2      0   112        0        -
 512    2.41e-07       5e-10 out  552   16  552     2     2      0   112        0        -
 523   2.465e-07       5e-10 out  563   16  563     2     2      0   112        0        -
 534    2.52e-07       5e-10 out  574   16  574     2     2      0   112        0        -
 545   2.575e-07       5e-10 out  585   16  585     2     2      0   112        0        -
 556    2.63e-07       5e-10 out  596   16  596     2     2      0   112        0        -
 567   2.685e-07       5e-10 out  607   16  607     2     2      0   112        0        -
 578    2.74e-07       5e-10 out  618   16  618     2     2      0   112        0        -
 589   2.795e-07       5e-10 out  629   16  629     2     2      0   112        0        -
 600    2.85e-07       5e-10 out  640   16  640     2     2      0   112        0        -
 611   2.905e-07       5e-10 out  651   16  651     2     2      0   112        0        -
 622    2.96e-07       5e-10 out  662   16  662     2     2      0   112        0        -
 633   3.015e-07       5e-10 out  673   16  673     2     2      0   112        0        -
 644    3.07e-07       5e-10 out  684   16  684     2     2      0   112        0        -
 655   3.125e-07       5e-10 out  695   16  695     2     2      0   112        0        -
 666    3.18e-07       5e-10 out  706   16  706     2     2      0   112        0        -
 676    3.23e-07       5e-10 out  716   16  716     2     2      0   112        0        -
 687   3.285e-07       5e-10 out  727   16  727     2     2      0   112        0        -
 696    3.33e-07       5e-10 out  736   16  736     2     2      0   112        0        -
 705   3.375e-07       5e-10 out  745   16  745     2     2      0   112        0        -
 716    3.43e-07       5e-10 out  756   16  756     2     2      0   112        0        -
 727   3.485e-07       5e-10 out  767   16  767     2     2      0   112        0        -
 738    3.54e-07       5e-10 out  778   16  778     2     2      0   112        0        -
 749   3.595e-07       5e-10 out  789   16  789     2     2      0   112        0        -
 759   3.645e-07       5e-10 out  799   16  799     2     2      0   112        0        -
 770     3.7e-07       5e-10 out  810   16  810     2     2      0   112        0        -
 781   3.755e-07       5e-10 out  821   16  821     2     2      0   112        0        -
 791   3.805e-07       5e-10 out  831   16  831     2     2      0   112        0        -
 801   3.855e-07       5e-10 out  841   16  841     2     2      0   112        0        -
 812    3.91e-07       5e-10 out  852   16  852     2     2      0   112        0        -
--------   当前进度:  80 % - 正在组装残差
 821   3.955e-07       5e-10 out  861   16  861     2     2      0   112        0        -
 832    4.01e-07       5e-10 out  872   16  872     2     2      0   112        0        -
 841   4.055e-07       5e-10 out  881   16  881     2     2      0   112        0        -
 850     4.1e-07       5e-10 out  890   16  890     2     2      0   112        0        -
 860    4.15e-07       5e-10 out  900   16  900     2     2      0   112        0        -
 870     4.2e-07       5e-10 out  910   16  910     2     2      0   112        0        -
 880    4.25e-07       5e-10 out  920   16  920     2     2      0   112        0        -
 891   4.305e-07       5e-10 out  931   16  931     2     2      0   112        0        -
 902    4.36e-07       5e-10 out  942   16  942     2     2      0   112        0        -
 911   4.405e-07       5e-10 out  951   16  951     2     2      0   112        0        -
 921   4.455e-07       5e-10 out  961   16  961     2     2      0   112        0        -
 931   4.505e-07       5e-10 out  971   16  971     2     2      0   112        0        -
 941   4.555e-07       5e-10 out  981   16  981     2     2      0   112        0        -
 951   4.605e-07       5e-10 out  991   16  991     2     2      0   112        0        -
 961   4.655e-07       5e-10 out 1001   16 1001     2     2      0   112        0        -
 971   4.705e-07       5e-10 out 1011   16 1011     2     2      0   112        0        -
 981   4.755e-07       5e-10 out 1021   16 1021     2     2      0   112        0        -
 991   4.805e-07       5e-10 out 1031   16 1031     2     2      0   112        0        -
1000    4.85e-07       5e-10 out 1040   16 1040     2     2      0   112        0        -
1010     4.9e-07       5e-10 out 1050   16 1050     2     2      0   112        0        -
1020    4.95e-07       5e-10 out 1060   16 1060     2     2      0   112        0        -
1029   4.995e-07       5e-10 out 1069   16 1069     2     2      0   112        0        -
1030       5e-07       5e-10 out 1070   16 1070     2     2      0   112        0        -
---------- 当前进度: 100 % - 
求解时间：1 s。
物理内存: 1.03 GB
虚拟内存: 1.23 GB
结束时间：2026年9月4日 10:36:43。
----- Study 2 - Single_Muon_Diagnostic/解 2 (sol2) 中的“瞬态求解器 1” ----------------->
           当前进度:   0 % - 
-          当前进度:  12 % - 正在计算
Memory: 1036/1527 1225/1957
--         当前进度:  21 % - 正在计算
---        当前进度:  30 % - 正在计算
---        当前进度:  39 % - 正在计算
----       当前进度:  48 % - 正在计算
Memory: 1037/1527 1225/1957
-----      当前进度:  58 % - 正在计算
------     当前进度:  68 % - 正在计算
-------    当前进度:  77 % - 正在计算
--------   当前进度:  86 % - 正在计算
---------  当前进度:  95 % - 正在计算
---------- 当前进度: 100 % - 正在计算
           当前进度:   0 % - 
---        当前进度:  34 % - 正在计算
Memory: 1038/1527 1225/1957
---------  当前进度:  95 % - 正在计算
AXIAL_SOURCE_CASE_COMPLETE=axial_source_gap130mm_frac0p99
AXIAL_SOURCE_CASE_START=axial_source_gap80mm_frac0p50
           当前进度:   0 % - Grounded outer shell / bore boundary
Memory: 1041/1527 1225/1957
           当前进度:   1 % - Uniform Ne gas volume before electrode subtraction
Memory: 1052/1527 1226/1957
           当前进度:   2 % - Gas cutter reserved for dielectric liner
Memory: 1053/1527 1226/1957
           当前进度:   2 % - Representative alumina dielectric liner
           当前进度:   2 % - 执行布尔操作
Memory: 1056/1527 1226/1957
-          当前进度:  11 % - V1 electrode outer blank
-          当前进度:  12 % - V1 aperture cutter
-          当前进度:  12 % - V1 finite-thickness annular electrode
-          当前进度:  12 % - 执行布尔操作
--         当前进度:  21 % - V1 electrode, 1 mm rounded edges
Memory: 1057/1527 1226/1957
--         当前进度:  29 % - V2 electrode outer blank
Memory: 1058/1527 1226/1957
---        当前进度:  30 % - V2 aperture cutter
---        当前进度:  31 % - V2 finite-thickness annular electrode
---        当前进度:  31 % - 执行布尔操作
---        当前进度:  39 % - V2 electrode, 1 mm rounded edges
Memory: 1059/1527 1227/1957
----       当前进度:  47 % - V3 electrode outer blank
Memory: 1058/1527 1226/1957
----       当前进度:  48 % - V3 aperture cutter
----       当前进度:  49 % - V3 finite-thickness annular electrode
----       当前进度:  49 % - 执行布尔操作
-----      当前进度:  57 % - V3 electrode, 1 mm rounded edges
Memory: 1059/1527 1227/1957
------     当前进度:  65 % - V4 electrode outer blank
Memory: 1058/1527 1226/1957
------     当前进度:  66 % - V4 aperture cutter
------     当前进度:  67 % - V4 finite-thickness annular electrode
------     当前进度:  67 % - 执行布尔操作
-------    当前进度:  75 % - V4 electrode, 1 mm rounded edges
--------   当前进度:  83 % - Ne gas domain excluding four electrode solids
--------   当前进度:  83 % - 执行布尔操作
---------  当前进度:  92 % - 形成联合体
---------  当前进度:  92 % - 执行布尔操作
Memory: 1059/1527 1226/1957
---------- 当前进度: 100 % - 正在更新选择
           当前进度:   0 % - 自由四面体网格
Memory: 1064/1527 1230/1957
顶点单元数：80
-          当前进度:  10 % - 调整边界网格
Memory: 1066/1527 1230/1957
--         当前进度:  20 % - 正在创建边界网格
Memory: 1068/1527 1231/1957
--         当前进度:  23 % - 正在创建边界网格
Memory: 1072/1527 1235/1957
边单元数：1392
边界单元数：19166
----       当前进度:  40 % - 正在创建初始四面体网格
Memory: 1067/1527 1230/1957
----       当前进度:  45 % - 相关边界
Memory: 1069/1527 1232/1957
-----      当前进度:  55 % - 正在创建初始四面体网格
Memory: 1070/1527 1232/1957
------     当前进度:  65 % - 相关边界
Memory: 1068/1527 1230/1957
--------   当前进度:  80 % - 正在插入内部点
--------   当前进度:  84 % - 正在提高单元质量
单元数：76410
最小单元质量：0.2281
---------- 当前进度: 100 % - 正在定型网格
Memory: 1069/1527 1230/1957
           当前进度:   2 % - 生成方程
Memory: 1071/1527 1910/1957
           当前进度:   3 % - Study 1 - 3D Electrostatics stationary
Memory: 1268/1527 1883/1957
<---- Study 1 - 3D Electrostatics stationary/解 1 (sol1) 中的“编译方程: 稳态” -----------
开始于 2026年9月4日 10:36:50。
几何形函数: 二次拉格朗日单元
几何形函数: 二次拉格朗日单元
在 Intel64 Family 6 Model 186 Stepping 2, GenuineIntel 上运行。
在以下位置使用 1 个插槽： 陈红星 上（共 1 个内核）。
可用内存：15.90 GB。
           当前进度:   3 % - 生成方程
Memory: 1428/1527 1880/1957
           当前进度:   3 % - 编译方程: 稳态
Memory: 1491/1527 1875/1957
           当前进度:   6 % - 编译方程: 稳态
Memory: 1483/1527 1864/1957
           当前进度:   7 % - 编译方程: 稳态
Memory: 1490/1527 1873/1957
时间：2。
物理内存: 1.52 GB
虚拟内存: 1.89 GB
Warning: 自由空间采用真空条件，这会导致某些材料属性被忽略。请考虑为忽略的材料添加合适的物理场特征。

  - 节点: 自由空间 1

  - 物理场: Electrostatics: four finite-thickness rounded ring electrodes (es)

  - Materials: Natural Neon gas, representative relative permittivity (mat_gas), Representative alumina ceramic; epsilon_r=9.4 assumption (mat_diel)

  - Quantities: 相对介电常数, 相对介电常数
结束时间：2026年9月4日 10:36:53。
----- Study 1 - 3D Electrostatics stationary/解 1 (sol1) 中的“编译方程: 稳态” ---------->
<---- Study 1 - 3D Electrostatics stationary/解 1 (sol1) 中的“因变量 1” --------------
开始于 2026年9月4日 10:36:53。
           当前进度:   7 % - 因变量 1
Memory: 1517/1527 1873/1957
求解时间：0 s。
物理内存: 1.52 GB
虚拟内存: 1.87 GB
结束时间：2026年9月4日 10:36:53。
----- Study 1 - 3D Electrostatics stationary/解 1 (sol1) 中的“因变量 1” ------------->
<---- Study 1 - 3D Electrostatics stationary/解 1 (sol1) 中的“稳态求解器 1” ------------
开始于 2026年9月4日 10:36:54。
线性求解器 
求解的自由度数：113511。
--         当前进度:  24 % - 组装稀疏模式
Memory: 1047/1529 1207/1957
---        当前进度:  32 % - 组装矩阵
Memory: 1075/1529 1236/1957
找到对称矩阵。
---        当前进度:  38 % - 
Memory: 1088/1529 1250/1957
缩放因变量：
电势 (comp1.V): 1
已使用正交零空间函数。
---        当前进度:  38 % - 组装延展
Memory: 1075/1529 1236/1957
-----      当前进度:  56 % - 组装矩阵
Iter      SolEst     Damping    Stepsize #Res #Jac #Sol LinIt   LinErr   LinRes
--------   当前进度:  82 % - 求解线性方程组
Memory: 1079/1529 1244/1957
   1        0.78   1.0000000        0.78    1    1    1     4  2.3e-05  4.1e-08
---------- 当前进度: 100 % - 
Memory: 1062/1529 1222/1957
求解时间：4 s。
物理内存: 1.53 GB
虚拟内存: 1.88 GB
结束时间：2026年9月4日 10:36:58。
----- Study 1 - 3D Electrostatics stationary/解 1 (sol1) 中的“稳态求解器 1” ----------->
           当前进度:   0 % - Study 2 - Single_Muon_Diagnostic
Memory: 1041/1529 1200/1957
           当前进度:   3 % - Study 2 - Single_Muon_Diagnostic
Memory: 1042/1529 1200/1957
<---- Study 2 - Single_Muon_Diagnostic/解 2 (sol2) 中的“编译方程: 瞬态” -----------------
开始于 2026年9月4日 10:36:58。
几何形函数: 二次拉格朗日单元
几何形函数: 二次拉格朗日单元
在 Intel64 Family 6 Model 186 Stepping 2, GenuineIntel 上运行。
在以下位置使用 1 个插槽： 陈红星 上（共 1 个内核）。
可用内存：15.90 GB。
           当前进度:   3 % - 生成方程
Memory: 1042/1529 1201/1957
           当前进度:   5 % - 编译方程: 瞬态
Memory: 1052/1529 1210/1957
时间：1。
物理内存: 1.05 GB
虚拟内存: 1.21 GB
Warning: 自由空间采用真空条件，这会导致某些材料属性被忽略。请考虑为忽略的材料添加合适的物理场特征。

  - 节点: 自由空间 1

  - 物理场: Electrostatics: four finite-thickness rounded ring electrodes (es)

  - Materials: Natural Neon gas, representative relative permittivity (mat_gas), Representative alumina ceramic; epsilon_r=9.4 assumption (mat_diel)

  - Quantities: 相对介电常数, 相对介电常数
结束时间：2026年9月4日 10:36:59。
----- Study 2 - Single_Muon_Diagnostic/解 2 (sol2) 中的“编译方程: 瞬态” ---------------->
<---- Study 2 - Single_Muon_Diagnostic/解 2 (sol2) 中的“因变量 1” --------------------
开始于 2026年9月4日 10:36:59。
不求解变量的值: 解 1 (sol1).
           当前进度:   5 % - 因变量 1
求解时间：0 s。
物理内存: 1.05 GB
虚拟内存: 1.21 GB
结束时间：2026年9月4日 10:37:00。
----- Study 2 - Single_Muon_Diagnostic/解 2 (sol2) 中的“因变量 1” ------------------->
<---- Study 2 - Single_Muon_Diagnostic/解 2 (sol2) 中的“瞬态求解器 1” ------------------
开始于 2026年9月4日 10:37:01。
瞬态求解器（广义 α）
求解的自由度数：3（加上 4 个内部自由度）。
找到非对称矩阵。
缩放因变量：
颗粒位置 (comp1.qcpt): 1
Step        Time    Stepsize      Res  Jac  Sol Order Tfail NLfail LinIt   LinErr   LinRes
   0           0           - out    2    3    2                  0     0        0        0
   1    1.25e-10    1.25e-10        8    6    8     2     2      0    16  4.7e-10        -
   3  3.1434e-10  8.9685e-11       16    8   16     2     2      0    35  3.4e-07        -
   5  4.4753e-10  5.2474e-11       24   10   24     2     2      0    50  3.2e-08        -
  10   7.099e-10  5.2474e-11       34   10   34     2     2      0    66  1.1e-10        -
  15   9.599e-10  4.0104e-11       48   11   48     2     2      0    93  2.1e-08        -
  20  1.1604e-09  4.0104e-11       58   12   58     2     2      0   108  3.8e-07        -
  26   1.401e-09  4.0104e-11       70   12   70     2     2      0   126  8.6e-07        -
  29     1.5e-09   2.943e-11 out   80   14   80     2     2      0   143  4.5e-09        -
  34  1.7943e-09  5.8859e-11       90   15   90     2     2      0   161  3.2e-10        -
  38       2e-09  4.3993e-11 out  102   17  102     2     2      0   183  3.4e-08        -
  44   2.264e-09  4.3993e-11      114   17  114     2     2      0   201  8.6e-07        -
  49    2.47e-09  3.0033e-11      128   18  128     2     2      0   228  4.9e-09        -
  53  2.6802e-09  6.0067e-11      136   20  136     2     2      0   241  3.2e-10        -
  58  2.9602e-09  3.9767e-11      146   21  146     2     2      0   260  1.5e-08        -
  65  3.2386e-09  3.9767e-11      160   21  160     2     2      0   281    4e-07        -
  71  3.4687e-09  3.1282e-11      176   22  176     2     2      0   307  3.4e-09        -
  77  3.6564e-09  3.1282e-11      188   23  188     2     2      0   325  6.8e-08        -
  84  3.8754e-09  3.1282e-11      202   23  202     2     2      0   346  1.6e-07        -
  91  4.0931e-09  3.1027e-11      216   23  216     2     2      0   372  2.5e-10        -
  97  4.4517e-09  4.8325e-11      232   25  232     2     2      0   400  3.4e-08        -
 102  4.6933e-09  4.8325e-11      242   26  242     2     2      0   415    6e-07        -
 108  4.9675e-09  3.2537e-11      258   27  258     2     2      0   444  5.5e-09        -
 112  5.1952e-09  6.5074e-11      266   29  266     2     2      0   457    6e-10        -
           当前进度:   8 % - 正在组装残差
 116  5.4452e-09  5.4779e-11      278   30  278     2     2      0   480  7.5e-08        -
 121  5.7191e-09  5.4779e-11      288   31  288     2     2      0   496  2.9e-10        -
 126  5.9691e-09  3.0883e-11      298   32  298     2     2      0   515  4.4e-09        -
 131  6.2471e-09  6.1767e-11      308   33  308     2     2      0   532  5.2e-10        -
 135  6.4631e-09  3.6905e-11      320   35  320     2     2      0   554  1.3e-08        -
 141  6.6845e-09  3.6905e-11      332   35  332     2     2      0   572  3.6e-07        -
 148  6.9429e-09  3.6905e-11      346   35  346     2     2      0   593  8.5e-07        -
 151  7.0571e-09  5.7145e-11      356   38  356     2     2      0   610  1.9e-07        -
 157     7.4e-09  5.7145e-11      368   38  368     2     2      0   633  5.4e-10        -
 160    7.55e-09  4.9992e-11      378   40  378     2     2      0   650  5.6e-07        -
 164    7.75e-09  4.9992e-11      386   40  386     2     2      0   666  2.2e-10        -
 169   7.975e-09  2.5034e-11      396   41  396     2     2      0   685  3.2e-09        -
 174  8.2003e-09  5.0068e-11      406   42  406     2     2      0   701  1.7e-10        -
 180     8.5e-09  4.9729e-11 out  418   42  418     2     2      0   725  1.7e-09        -
 187  8.8481e-09  4.9729e-11      432   42  432     2     2      0   753  1.5e-09        -
 192  9.0524e-09  5.2439e-11      442   44  442     2     2      0   770    9e-08        -
 196  9.2622e-09  5.2439e-11      450   44  450     2     2      0   784  3.1e-10        -
 200  9.4598e-09  4.0245e-11      462   45  462     2     2      0   807  2.4e-08        -
 205   9.661e-09  4.0245e-11      472   46  472     2     2      0   822  4.2e-07        -
 211  9.9024e-09  4.0245e-11      484   46  484     2     2      0   841  1.3e-10        -
 214       1e-08  2.8654e-11 out  494   48  494     2     2      0   859    4e-09        -
 218  1.0229e-08  5.7308e-11      502   49  502     2     2      0   873  4.8e-10        -
 222  1.0451e-08  4.9423e-11      514   50  514     2     2      0   896  4.7e-08        -
 226  1.0648e-08  4.9423e-11      522   51  522     2     2      0   908  5.5e-07        -
 230  1.0846e-08  4.9423e-11      530   51  530     2     2      0   922  3.7e-10        -
 235  1.1055e-08  5.5196e-11      540   53  540     2     2      0   939  6.2e-08        -
 241  1.1386e-08  5.5196e-11      552   53  552     2     2      0   960  6.5e-10        -
 245  1.1558e-08  5.8433e-11      560   55  560     2     2      0   973  7.9e-08        -
 251  1.1909e-08  5.8433e-11      572   55  572     2     2      0   995  8.9e-10        -
 252  1.1955e-08  4.5484e-11      578   56  578     2     2      0  1006  2.6e-08        -
 255  1.2091e-08  4.5484e-11      584   57  584     2     2      0  1015  2.4e-07        -
 260  1.2318e-08  4.5484e-11      594   57  594     2     2      0  1030  7.9e-07        -
 266  1.2591e-08  4.5323e-11      606   57  606     2     2      0  1053  3.9e-11        -
 273  1.2908e-08  4.5323e-11      620   57  620     2     2      0  1081  1.1e-11        -
 277  1.3047e-08  4.6772e-11      628   59  628     2     2      0  1094  3.7e-08        -
 282  1.3281e-08  4.6772e-11      638   59  638     2     2      0  1109  7.6e-07        -
 286   1.346e-08  3.9527e-11      650   60  650     2     2      0  1131  1.6e-08        -
 291  1.3658e-08  3.9527e-11      660   61  660     2     2      0  1146    3e-07        -
 297  1.3895e-08  3.9527e-11      672   61  672     2     2      0  1164  7.5e-07        -
 299  1.3967e-08  3.2603e-11      680   62  680     2     2      0  1178  7.9e-09        -
 302  1.4124e-08  5.8685e-11      690   65  690     2     2      0  1195  1.6e-07        -
 307  1.4417e-08  5.8685e-11      700   66  700     2     2      0  1213  7.9e-10        -
 309    1.45e-08  4.1344e-11 out  708   68  708     2     2      0  1227  3.6e-08        -
 315  1.4748e-08  4.1344e-11      720   68  720     2     2      0  1245  9.4e-07        -
 321  1.4977e-08   2.261e-11      732   69  732     2     2      0  1268  1.9e-09        -
 326  1.5181e-08   4.522e-11      742   70  742     2     2      0  1283  7.6e-07        -
 333  1.5476e-08    2.39e-11      756   71  756     2     2      0  1309  2.3e-09        -
-          当前进度:  10 % - 正在组装残差
Memory: 1053/1529 1210/1957
 338  1.5691e-08    4.78e-11      766   72  766     2     2      0  1324    9e-07        -
 342  1.5882e-08    4.78e-11      774   72  774     2     2      0  1340  4.2e-10        -
 344  1.5965e-08  3.4899e-11      782   73  782     2     2      0  1355  1.3e-08        -
 347   1.607e-08  3.4899e-11      788   74  788     2     2      0  1364  1.1e-07        -
 349   1.614e-08  3.4899e-11      792   74  792     2     2      0  1370  2.1e-07        -
 351  1.6209e-08  3.4899e-11      796   74  796     2     2      0  1376    3e-07        -
 357  1.6419e-08  3.4899e-11      808   74  808     2     2      0  1394  5.5e-07        -
 359    1.65e-08  4.0604e-11 out  816   76  816     2     2      0  1408  2.6e-08        -
 364  1.6703e-08  4.0604e-11      826   76  826     2     2      0  1423  5.4e-07        -
 370  1.6947e-08  4.0604e-11      838   76  838     2     2      0  1443  2.5e-10        -
 374  1.7107e-08  5.3361e-11      846   78  846     2     2      0  1455  5.3e-07        -
 379  1.7374e-08  5.3361e-11      856   78  856     2     2      0  1474    8e-10        -
 382    1.75e-08  3.6555e-11 out  866   80  866     2     2      0  1492  1.3e-08        -
 388  1.7719e-08  3.6555e-11      878   80  878     2     2      0  1510  3.1e-07        -
 391  1.7829e-08  3.6555e-11      884   80  884     2     2      0  1519  4.5e-07        -
 395  1.7969e-08  3.0671e-11      896   81  896     2     2      0  1539  3.9e-09        -
 400  1.8123e-08  3.0671e-11      906   82  906     2     2      0  1554  6.2e-08        -
 406  1.8307e-08  3.0671e-11      918   82  918     2     2      0  1572  1.5e-07        -
 412   1.848e-08  1.9966e-11      930   83  930     2     2      0  1590  3.9e-10        -
 417   1.866e-08  3.9932e-11      940   84  940     2     2      0  1605  1.6e-07        -
 423  1.8899e-08  3.9932e-11      952   84  952     2     2      0  1623  4.5e-07        -
 426     1.9e-08  3.0373e-11 out  962   86  962     2     2      0  1640  3.4e-09        -
 431  1.9304e-08  6.0746e-11      972   87  972     2     2      0  1658  1.3e-09        -
 436  1.9575e-08  7.4779e-11      982   89  982     2     2      0  1675  3.7e-07        -
 441  1.9937e-08  6.3052e-11      996   90  996     2     2      0  1702  1.7e-07        -
 446  2.0252e-08  6.3052e-11     1006   91 1006     2     2      0  1720  1.7e-09        -
 450    2.05e-08  6.0844e-11 out 1016   91 1016     2     2      0  1740  2.9e-10        -
 454  2.0743e-08  6.0844e-11     1028   91 1028     2     2      0  1764  3.4e-10        -
 458  2.0963e-08  3.7046e-11     1039   92 1039     2     2      0  1785  1.3e-08        -
 463  2.1148e-08  3.7046e-11     1049   92 1049     2     2      0  1800  2.8e-07        -
 469   2.137e-08  3.7046e-11     1061   92 1061     2     2      0  1818  6.3e-07        -
 472  2.1472e-08  2.7727e-11     1071   93 1071     2     2      0  1835  3.7e-09        -
 476  2.1666e-08  5.5453e-11     1079   95 1079     2     2      0  1848  4.8e-10        -
 481  2.1944e-08  5.5453e-11     1089   95 1089     2     2      0  1868  1.4e-09        -
 484  2.2056e-08  5.6375e-11     1095   97 1095     2     2      0  1877  1.5e-07        -
 490  2.2395e-08  5.6375e-11     1107   97 1107     2     2      0  1900  1.4e-09        -
 493  2.2553e-08  5.2687e-11     1119   97 1119     2     2      0  1924  1.6e-10        -
 496  2.2711e-08  5.2687e-11     1131   97 1131     2     2      0  1948  1.6e-10        -
 499  2.2869e-08  5.2687e-11     1143   97 1143     2     2      0  1972  1.7e-10        -
 501  2.2961e-08  3.9251e-11     1153   98 1153     2     2      0  1991  2.4e-08        -
 505  2.3118e-08  3.9251e-11     1161   99 1161     2     2      0  2003    3e-07        -
 511  2.3353e-08  3.9251e-11     1173   99 1173     2     2      0  2021  7.6e-07        -
 514  2.3466e-08  3.4117e-11     1183  100 1183     2     2      0  2038    1e-08        -
 517  2.3636e-08  6.8234e-11     1189  102 1189     2     2      0  2048  9.9e-10        -
 522  2.3955e-08  4.5297e-11     1199  103 1199     2     2      0  2067  4.4e-08        -
 527  2.4181e-08  4.5297e-11     1209  103 1209     2     2      0  2082  9.1e-07        -
 533  2.4453e-08  4.5297e-11     1221  103 1221     2     2      0  2106  6.8e-10        -
 536  2.4547e-08  4.7026e-11     1227  105 1227     2     2      0  2115  5.9e-08        -
 541  2.4782e-08  4.7026e-11     1237  105 1237     2     2      0  2131  4.6e-10        -
-          当前进度:  11 % - 正在组装残差
 545  2.4962e-08  3.8381e-11     1249  106 1249     2     2      0  2154  1.6e-08        -
 549  2.5115e-08  3.8381e-11     1257  107 1257     2     2      0  2166  1.9e-07        -
 554  2.5307e-08  3.8381e-11     1267  107 1267     2     2      0  2181  4.6e-07        -
 559   2.548e-08  1.9714e-11     1277  108 1277     2     2      0  2196    4e-10        -
 563  2.5618e-08  3.9428e-11     1285  109 1285     2     2      0  2208  1.1e-07        -
 567  2.5776e-08  3.9428e-11     1293  109 1293     2     2      0  2220    3e-07        -
 572  2.5967e-08  3.3144e-11     1307  110 1307     2     2      0  2243  4.7e-09        -
 575  2.6133e-08  6.6289e-11     1313  112 1313     2     2      0  2252  7.4e-07        -
 580  2.6449e-08  5.1133e-11     1327  113 1327     2     2      0  2279  4.3e-08        -
 584  2.6653e-08  5.1133e-11     1335  114 1335     2     2      0  2291  5.8e-07        -
 589  2.6909e-08  5.1133e-11     1345  114 1345     2     2      0  2309  1.2e-09        -
 591     2.7e-08  4.5468e-11 out 1353  116 1353     2     2      0  2323  2.9e-08        -
 596  2.7227e-08  4.5468e-11     1363  116 1363     2     2      0  2338  6.2e-07        -
 601  2.7455e-08  4.5395e-11     1373  116 1373     2     2      0  2355  7.7e-10        -
 606  2.7682e-08  4.5395e-11     1383  116 1383     2     2      0  2375  1.1e-09        -
 609  2.7818e-08  4.5395e-11     1389  116 1389     2     2      0  2387  1.2e-09        -
 613  2.7977e-08  2.3027e-11     1397  117 1397     2     2      0  2402  1.1e-09        -
 617  2.8138e-08  4.6055e-11     1405  118 1405     2     2      0  2414  3.2e-07        -
 622  2.8368e-08  4.6055e-11     1415  118 1415     2     2      0  2430  6.3e-10        -
 626  2.8543e-08  4.2753e-11     1426  118 1426     2     2      0  2452  1.2e-10        -
 630  2.8714e-08  4.2753e-11     1438  118 1438     2     2      0  2476  5.5e-11        -
 634  2.8885e-08  4.2753e-11     1450  118 1450     2     2      0  2500  1.2e-10        -
 636  2.8964e-08  3.6233e-11     1459  119 1459     2     2      0  2517  1.1e-08        -
 639  2.9109e-08  7.2466e-11     1465  121 1465     2     2      0  2526  3.5e-07        -
 641  2.9239e-08   6.522e-11     1473  123 1473     2     2      0  2540  2.3e-07        -
 646  2.9565e-08  6.5211e-11     1483  123 1483     2     2      0  2560  3.4e-09        -
 651  2.9891e-08  6.5211e-11     1493  123 1493     2     2      0  2580  6.2e-09        -
 653       3e-08  5.4366e-11 out 1501  125 1501     2     2      0  2594  9.3e-08        -
 658  3.0272e-08  5.4366e-11     1511  125 1511     2     2      0  2612  1.2e-09        -
 662  3.0467e-08  3.2535e-11     1519  126 1519     2     2      0  2627  7.1e-09        -
 665   3.063e-08   6.507e-11     1525  127 1525     2     2      0  2637  8.6e-10        -
 669   3.089e-08   6.507e-11     1533  127 1533     2     2      0  2653  3.6e-09        -
 671     3.1e-08   5.479e-11 out 1541  129 1541     2     2      0  2667  9.6e-08        -
 676  3.1274e-08   5.479e-11     1551  129 1551     2     2      0  2685  1.3e-09        -
 680  3.1469e-08  3.0839e-11     1559  130 1559     2     2      0  2700  5.7e-09        -
 684  3.1685e-08  6.1677e-11     1567  131 1567     2     2      0  2713  1.1e-09        -
 689  3.1966e-08  3.4129e-11     1577  132 1577     2     2      0  2732  9.3e-09        -
 693  3.2205e-08  6.8258e-11     1585  133 1585     2     2      0  2746  2.1e-09        -
 697  3.2455e-08  4.5227e-11     1593  134 1593     2     2      0  2761  2.8e-08        -
 700   3.259e-08  4.5227e-11     1599  134 1599     2     2      0  2770  3.3e-07        -
 705  3.2817e-08  4.5227e-11     1609  134 1609     2     2      0  2785  8.1e-07        -
 709  3.2976e-08  2.3864e-11     1617  135 1617     2     2      0  2798  8.2e-10        -
 713  3.3143e-08  4.7729e-11     1625  136 1625     2     2      0  2810  2.2e-07        -
 718  3.3382e-08  4.7729e-11     1635  136 1635     2     2      0  2825  6.9e-07        -
 720  3.3465e-08  3.5221e-11     1643  137 1643     2     2      0  2839  5.2e-09        -
 722   3.357e-08  7.0442e-11     1647  139 1647     2     2      0  2845  1.7e-07        -
 727  3.3923e-08  7.0442e-11     1657  139 1657     2     2      0  2864  6.2e-09        -
 730  3.4077e-08  7.7349e-11     1663  141 1663     2     2      0  2873  2.8e-07        -
-          当前进度:  13 % - 
 734  3.4387e-08  7.7349e-11     1671  141 1671     2     2      0  2889  8.6e-09        -
 736    3.45e-08  5.6628e-11 out 1679  143 1679     2     2      0  2903  6.8e-08        -
 740  3.4727e-08  5.6628e-11     1687  143 1687     2     2      0  2916  1.4e-09        -
 744  3.4948e-08  5.1803e-11     1697  143 1697     2     2      0  2936  4.5e-10        -
 746  3.5052e-08  5.1803e-11     1705  143 1705     2     2      0  2952  4.1e-10        -
 749  3.5207e-08  5.1803e-11     1717  143 1717     2     2      0  2976  3.1e-10        -
 752  3.5363e-08  5.1803e-11     1729  143 1729     2     2      0  3000  2.3e-10        -
 754  3.5457e-08  4.2787e-11     1739  144 1739     2     2      0  3019  1.7e-08        -
 757  3.5628e-08  8.5574e-11     1745  146 1745     2     2      0  3028  5.6e-07        -
 758  3.5705e-08  7.7017e-11     1751  147 1751     2     2      0  3039  3.4e-07        -
 761   3.593e-08  7.0294e-11     1759  148 1759     2     2      0  3054  1.7e-09        -
 764  3.6141e-08  7.0294e-11     1771  148 1771     2     2      0  3078  2.1e-09        -
 767  3.6351e-08  7.0294e-11     1783  148 1783     2     2      0  3102  2.3e-09        -
 770    3.65e-08  3.9119e-11 out 1791  149 1791     2     2      0  3116  5.8e-08        -
 772  3.6649e-08  7.0414e-11     1799  151 1799     2     2      0  3130  2.2e-07        -
 775   3.686e-08  7.0414e-11     1805  152 1805     2     2      0  3141  2.6e-09        -
 779   3.714e-08  7.0053e-11     1813  152 1813     2     2      0  3157  8.6e-09        -
 784   3.746e-08   3.984e-11     1823  153 1823     2     2      0  3176  1.3e-08        -
 789  3.7659e-08   3.984e-11     1833  153 1833     2     2      0  3191  2.6e-07        -
 793  3.7859e-08  7.9681e-11     1841  154 1841     2     2      0  3203  4.1e-07        -
 794  3.7929e-08  7.0718e-11     1847  155 1847     2     2      0  3214  2.2e-07        -
 797  3.8141e-08  7.0718e-11     1853  156 1853     2     2      0  3225  2.8e-09        -
 802  3.8462e-08  3.7847e-11     1863  157 1863     2     2      0  3244    9e-09        -
 806  3.8727e-08  7.5693e-11     1871  158 1871     2     2      0  3258  3.6e-09        -
 809  3.8939e-08  6.0767e-11     1881  159 1881     2     2      0  3277  1.1e-07        -
 813  3.9182e-08  6.0767e-11     1889  160 1889     2     2      0  3291  1.4e-09        -
 818  3.9463e-08  3.7317e-11     1899  161 1899     2     2      0  3310  8.9e-09        -
 822  3.9724e-08  7.4634e-11     1907  162 1907     2     2      0  3324  3.5e-09        -
 825  3.9937e-08  6.3416e-11     1917  163 1917     2     2      0  3343  9.9e-08        -
 829   4.019e-08  6.3416e-11     1925  164 1925     2     2      0  3356  1.9e-09        -
 834    4.05e-08  5.9753e-11 out 1937  164 1937     2     2      0  3380  4.3e-10        -
 838  4.0739e-08  5.9753e-11     1949  164 1949     2     2      0  3404  2.2e-11        -
 842  4.0959e-08  4.0864e-11     1960  165 1960     2     2      0  3425  6.7e-09        -
 846  4.1245e-08  8.1728e-11     1968  166 1968     2     2      0  3439  5.9e-09        -
 850    4.15e-08   4.568e-11 out 1976  167 1976     2     2      0  3453  6.2e-08        -
 854  4.1865e-08  9.1361e-11     1984  168 1984     2     2      0  3468  1.4e-08        -
 856     4.2e-08  6.7278e-11 out 1992  170 1992     2     2      0  3482  7.8e-08        -
 861  4.2336e-08  6.7278e-11     2002  170 2002     2     2      0  3500  3.8e-09        -
 863  4.2452e-08  4.8165e-11     2010  171 2010     2     2      0  3515  1.6e-08        -
 865  4.2596e-08   9.633e-11     2014  173 2014     2     2      0  3521  5.3e-07        -
 869  4.2943e-08  5.7341e-11     2022  174 2022     2     2      0  3536  3.7e-08        -
 874  4.3229e-08  5.7341e-11     2032  174 2032     2     2      0  3551  8.1e-07        -
 876  4.3344e-08  5.7341e-11     2036  174 2036     2     2      0  3559  1.9e-09        -
 878  4.3451e-08  4.9307e-11     2044  175 2044     2     2      0  3574  1.5e-08        -
-          当前进度:  15 % - 组装矩阵
 880  4.3549e-08  4.9307e-11     2048  176 2048     2     2      0  3580  6.9e-08        -
 884  4.3747e-08  4.9307e-11     2056  176 2056     2     2      0  3592  2.9e-07        -
 888  4.3944e-08  4.9307e-11     2064  176 2064     2     2      0  3604  5.2e-07        -
 891  4.4056e-08  5.6241e-11     2070  178 2070     2     2      0  3613  2.3e-08        -
 896  4.4337e-08  5.6241e-11     2080  178 2080     2     2      0  3628    5e-07        -
 900  4.4553e-08  5.3156e-11     2091  178 2091     2     2      0  3649  8.7e-10        -
 904  4.4766e-08  5.3156e-11     2103  178 2103     2     2      0  3673  7.5e-10        -
 908  4.4963e-08  3.7377e-11     2114  179 2114     2     2      0  3694  1.6e-09        -
 912  4.5224e-08  7.4755e-11     2122  180 2122     2     2      0  3706    5e-07        -
 915  4.5437e-08  6.3113e-11     2132  181 2132     2     2      0  3723  2.1e-08        -
 917  4.5563e-08  6.3113e-11     2136  182 2136     2     2      0  3729  1.1e-07        -
 920  4.5752e-08  6.3113e-11     2142  182 2142     2     2      0  3738  3.9e-07        -
 924     4.6e-08  6.0661e-11 out 2152  182 2152     2     2      0  3756  2.1e-10        -
 926  4.6121e-08  6.0661e-11     2158  182 2158     2     2      0  3768  5.8e-10        -
 929  4.6303e-08  6.0661e-11     2167  182 2167     2     2      0  3786  1.2e-09        -
 932  4.6462e-08  3.7686e-11     2175  183 2175     2     2      0  3801  4.6e-09        -
 934  4.6575e-08  7.5372e-11     2179  184 2179     2     2      0  3807  1.5e-07        -
 938  4.6877e-08  7.5372e-11     2187  184 2187     2     2      0  3820  3.5e-09        -
 939  4.6938e-08  6.1571e-11     2193  185 2193     2     2      0  3831  2.5e-08        -
 942  4.7123e-08  6.1571e-11     2199  186 2199     2     2      0  3840    2e-07        -
 947  4.7431e-08  6.1571e-11     2209  186 2209     2     2      0  3855  6.1e-07        -
 950  4.7569e-08  6.9002e-11     2215  188 2215     2     2      0  3864  2.7e-08        -
 954  4.7845e-08  6.9002e-11     2223  188 2223     2     2      0  3876  4.4e-07        -
 957     4.8e-08  4.2995e-11 out 2229  189 2229     2     2      0  3885    1e-08        -
 959  4.8172e-08  8.5989e-11     2233  190 2233     2     2      0  3893  3.2e-07        -
 962  4.8422e-08  7.8022e-11     2241  190 2241     2     2      0  3910  1.1e-08        -
 964  4.8578e-08  7.8022e-11     2249  190 2249     2     2      0  3928  1.1e-08        -
 966  4.8734e-08  7.8022e-11     2257  190 2257     2     2      0  3946  1.1e-08        -
 968   4.889e-08  7.8022e-11     2265  190 2265     2     2      0  3964  1.1e-08        -
 970     4.9e-08  5.4946e-11 out 2269  191 2269     2     2      0  3970  3.5e-08        -
 972  4.9209e-08  9.8902e-11     2277  193 2277     2     2      0  3987  1.4e-07        -
 975   4.975e-08     2.5e-10     2280  195 2280     2     2      0  3987        0        -
 978     5.1e-08       5e-10 out 2283  196 2283     2     2      0  3987        0        -
 983    5.35e-08       5e-10 out 2288  196 2288     2     2      0  3987        0        -
 988     5.6e-08       5e-10 out 2293  196 2293     2     2      0  3987        0        -
 995    5.95e-08       5e-10 out 2300  196 2300     2     2      0  3987        0        -
1002     6.3e-08       5e-10 out 2307  196 2307     2     2      0  3987        0        -
1010     6.7e-08       5e-10 out 2315  196 2315     2     2      0  3987        0        -
1019    7.15e-08       5e-10 out 2324  196 2324     2     2      0  3987        0        -
1027    7.55e-08       5e-10 out 2332  196 2332     2     2      0  3987        0        -
1035    7.95e-08       5e-10 out 2340  196 2340     2     2      0  3987        0        -
1040     8.2e-08       5e-10 out 2345  196 2345     2     2      0  3987        0        -
1044     8.4e-08       5e-10 out 2349  196 2349     2     2      0  3987        0        -
1051    8.75e-08       5e-10 out 2356  196 2356     2     2      0  3987        0        -
--         当前进度:  23 % - 正在组装残差
1058     9.1e-08       5e-10 out 2363  196 2363     2     2      0  3987        0        -
1063    9.35e-08       5e-10 out 2368  196 2368     2     2      0  3987        0        -
1068     9.6e-08       5e-10 out 2373  196 2373     2     2      0  3987        0        -
1074     9.9e-08       5e-10 out 2379  196 2379     2     2      0  3987        0        -
1080    1.02e-07       5e-10 out 2385  196 2385     2     2      0  3987        0        -
1085   1.045e-07       5e-10 out 2390  196 2390     2     2      0  3987        0        -
1092    1.08e-07       5e-10 out 2397  196 2397     2     2      0  3987        0        -
1100    1.12e-07       5e-10 out 2405  196 2405     2     2      0  3987        0        -
1108    1.16e-07       5e-10 out 2413  196 2413     2     2      0  3987        0        -
1116     1.2e-07       5e-10 out 2421  196 2421     2     2      0  3987        0        -
1125   1.245e-07       5e-10 out 2430  196 2430     2     2      0  3987        0        -
1132    1.28e-07       5e-10 out 2437  196 2437     2     2      0  3987        0        -
1140    1.32e-07       5e-10 out 2445  196 2445     2     2      0  3987        0        -
1149   1.365e-07       5e-10 out 2454  196 2454     2     2      0  3987        0        -
1158    1.41e-07       5e-10 out 2463  196 2463     2     2      0  3987        0        -
1167   1.455e-07       5e-10 out 2472  196 2472     2     2      0  3987        0        -
1176     1.5e-07       5e-10 out 2481  196 2481     2     2      0  3987        0        -
1184    1.54e-07       5e-10 out 2489  196 2489     2     2      0  3987        0        -
1192    1.58e-07       5e-10 out 2497  196 2497     2     2      0  3987        0        -
1201   1.625e-07       5e-10 out 2506  196 2506     2     2      0  3987        0        -
1210    1.67e-07       5e-10 out 2515  196 2515     2     2      0  3987        0        -
1219   1.715e-07       5e-10 out 2524  196 2524     2     2      0  3987        0        -
1228    1.76e-07       5e-10 out 2533  196 2533     2     2      0  3987        0        -
1235   1.795e-07       5e-10 out 2540  196 2540     2     2      0  3987        0        -
1240    1.82e-07       5e-10 out 2545  196 2545     2     2      0  3987        0        -
1243   1.835e-07       5e-10 out 2548  196 2548     2     2      0  3987        0        -
1249   1.865e-07       5e-10 out 2554  196 2554     2     2      0  3987        0        -
1258    1.91e-07       5e-10 out 2563  196 2563     2     2      0  3987        0        -
1267   1.955e-07       5e-10 out 2572  196 2572     2     2      0  3987        0        -
1274    1.99e-07       5e-10 out 2579  196 2579     2     2      0  3987        0        -
1283   2.035e-07       5e-10 out 2588  196 2588     2     2      0  3987        0        -
1292    2.08e-07       5e-10 out 2597  196 2597     2     2      0  3987        0        -
1299   2.115e-07       5e-10 out 2604  196 2604     2     2      0  3987        0        -
1308    2.16e-07       5e-10 out 2613  196 2613     2     2      0  3987        0        -
1317   2.205e-07       5e-10 out 2622  196 2622     2     2      0  3987        0        -
1323   2.235e-07       5e-10 out 2628  196 2628     2     2      0  3987        0        -
1330    2.27e-07       5e-10 out 2635  196 2635     2     2      0  3987        0        -
1338    2.31e-07       5e-10 out 2643  196 2643     2     2      0  3987        0        -
1345   2.345e-07       5e-10 out 2650  196 2650     2     2      0  3987        0        -
1352    2.38e-07       5e-10 out 2657  196 2657     2     2      0  3987        0        -
1360    2.42e-07       5e-10 out 2665  196 2665     2     2      0  3987        0        -
1367   2.455e-07       5e-10 out 2672  196 2672     2     2      0  3987        0        -
1376     2.5e-07       5e-10 out 2681  196 2681     2     2      0  3987        0        -
1385   2.545e-07       5e-10 out 2690  196 2690     2     2      0  3987        0        -
1393   2.585e-07       5e-10 out 2698  196 2698     2     2      0  3987        0        -
1399   2.615e-07       5e-10 out 2704  196 2704     2     2      0  3987        0        -
1408    2.66e-07       5e-10 out 2713  196 2713     2     2      0  3987        0        -
1417   2.705e-07       5e-10 out 2722  196 2722     2     2      0  3987        0        -
1425   2.745e-07       5e-10 out 2730  196 2730     2     2      0  3987        0        -
-----      当前进度:  58 % - 正在组装残差
1433   2.785e-07       5e-10 out 2738  196 2738     2     2      0  3987        0        -
1442    2.83e-07       5e-10 out 2747  196 2747     2     2      0  3987        0        -
1451   2.875e-07       5e-10 out 2756  196 2756     2     2      0  3987        0        -
1459   2.915e-07       5e-10 out 2764  196 2764     2     2      0  3987        0        -
1468    2.96e-07       5e-10 out 2773  196 2773     2     2      0  3987        0        -
1477   3.005e-07       5e-10 out 2782  196 2782     2     2      0  3987        0        -
1485   3.045e-07       5e-10 out 2790  196 2790     2     2      0  3987        0        -
1493   3.085e-07       5e-10 out 2798  196 2798     2     2      0  3987        0        -
1502    3.13e-07       5e-10 out 2807  196 2807     2     2      0  3987        0        -
1510    3.17e-07       5e-10 out 2815  196 2815     2     2      0  3987        0        -
1519   3.215e-07       5e-10 out 2824  196 2824     2     2      0  3987        0        -
1528    3.26e-07       5e-10 out 2833  196 2833     2     2      0  3987        0        -
1537   3.305e-07       5e-10 out 2842  196 2842     2     2      0  3987        0        -
1546    3.35e-07       5e-10 out 2851  196 2851     2     2      0  3987        0        -
1555   3.395e-07       5e-10 out 2860  196 2860     2     2      0  3987        0        -
1564    3.44e-07       5e-10 out 2869  196 2869     2     2      0  3987        0        -
1573   3.485e-07       5e-10 out 2878  196 2878     2     2      0  3987        0        -
1581   3.525e-07       5e-10 out 2886  196 2886     2     2      0  3987        0        -
1590    3.57e-07       5e-10 out 2895  196 2895     2     2      0  3987        0        -
1599   3.615e-07       5e-10 out 2904  196 2904     2     2      0  3987        0        -
1607   3.655e-07       5e-10 out 2912  196 2912     2     2      0  3987        0        -
1616     3.7e-07       5e-10 out 2921  196 2921     2     2      0  3987        0        -
1625   3.745e-07       5e-10 out 2930  196 2930     2     2      0  3987        0        -
1633   3.785e-07       5e-10 out 2938  196 2938     2     2      0  3987        0        -
1641   3.825e-07       5e-10 out 2946  196 2946     2     2      0  3987        0        -
1650    3.87e-07       5e-10 out 2955  196 2955     2     2      0  3987        0        -
1657   3.905e-07       5e-10 out 2962  196 2962     2     2      0  3987        0        -
1665   3.945e-07       5e-10 out 2970  196 2970     2     2      0  3987        0        -
1674    3.99e-07       5e-10 out 2979  196 2979     2     2      0  3987        0        -
1683   4.035e-07       5e-10 out 2988  196 2988     2     2      0  3987        0        -
1692    4.08e-07       5e-10 out 2997  196 2997     2     2      0  3987        0        -
1701   4.125e-07       5e-10 out 3006  196 3006     2     2      0  3987        0        -
1709   4.165e-07       5e-10 out 3014  196 3014     2     2      0  3987        0        -
1716     4.2e-07       5e-10 out 3021  196 3021     2     2      0  3987        0        -
1724    4.24e-07       5e-10 out 3029  196 3029     2     2      0  3987        0        -
1730    4.27e-07       5e-10 out 3035  196 3035     2     2      0  3987        0        -
1738    4.31e-07       5e-10 out 3043  196 3043     2     2      0  3987        0        -
1746    4.35e-07       5e-10 out 3051  196 3051     2     2      0  3987        0        -
1752    4.38e-07       5e-10 out 3057  196 3057     2     2      0  3987        0        -
1759   4.415e-07       5e-10 out 3064  196 3064     2     2      0  3987        0        -
1767   4.455e-07       5e-10 out 3072  196 3072     2     2      0  3987        0        -
1775   4.495e-07       5e-10 out 3080  196 3080     2     2      0  3987        0        -
1783   4.535e-07       5e-10 out 3088  196 3088     2     2      0  3987        0        -
1791   4.575e-07       5e-10 out 3096  196 3096     2     2      0  3987        0        -
1800    4.62e-07       5e-10 out 3105  196 3105     2     2      0  3987        0        -
1808    4.66e-07       5e-10 out 3113  196 3113     2     2      0  3987        0        -
1816     4.7e-07       5e-10 out 3121  196 3121     2     2      0  3987        0        -
1824    4.74e-07       5e-10 out 3129  196 3129     2     2      0  3987        0        -
1833   4.785e-07       5e-10 out 3138  196 3138     2     2      0  3987        0        -
1842    4.83e-07       5e-10 out 3147  196 3147     2     2      0  3987        0        -
1851   4.875e-07       5e-10 out 3156  196 3156     2     2      0  3987        0        -
1860    4.92e-07       5e-10 out 3165  196 3165     2     2      0  3987        0        -
---------  当前进度:  99 % - 正在组装残差
1868    4.96e-07       5e-10 out 3173  196 3173     2     2      0  3987        0        -
1876       5e-07       5e-10 out 3181  196 3181     2     2      0  3987        0        -
---------- 当前进度: 100 % - 
求解时间：2 s。
物理内存: 1.05 GB
虚拟内存: 1.21 GB
结束时间：2026年9月4日 10:37:03。
----- Study 2 - Single_Muon_Diagnostic/解 2 (sol2) 中的“瞬态求解器 1” ----------------->
           当前进度:   0 % - 
-          当前进度:  11 % - 正在计算
-          当前进度:  19 % - 正在计算
--         当前进度:  26 % - 正在计算
---        当前进度:  35 % - 正在计算
----       当前进度:  44 % - 正在计算
-----      当前进度:  54 % - 正在计算
------     当前进度:  64 % - 正在计算
-------    当前进度:  70 % - 正在计算
-------    当前进度:  78 % - 正在计算
--------   当前进度:  87 % - 正在计算
---------  当前进度:  96 % - 正在计算
---------- 当前进度: 100 % - 正在计算
           当前进度:   0 % - 
---        当前进度:  34 % - 正在计算
---------  当前进度:  95 % - 正在计算
AXIAL_SOURCE_CASE_COMPLETE=axial_source_gap80mm_frac0p50
AXIAL_SOURCE_CASE_START=axial_source_gap80mm_frac0p70
           当前进度:   2 % - 生成方程
Memory: 1054/1529 1211/1957
           当前进度:   3 % - Study 1 - 3D Electrostatics stationary
<---- Study 1 - 3D Electrostatics stationary/解 1 (sol1) 中的“编译方程: 稳态” -----------
开始于 2026年9月4日 10:37:07。
几何形函数: 二次拉格朗日单元
几何形函数: 二次拉格朗日单元
在 Intel64 Family 6 Model 186 Stepping 2, GenuineIntel 上运行。
在以下位置使用 1 个插槽： 陈红星 上（共 1 个内核）。
可用内存：15.90 GB。
           当前进度:   3 % - 编译方程: 稳态
Memory: 1055/1529 1211/1957
           当前进度:   6 % - 编译方程: 稳态
Memory: 1085/1529 1242/1957
           当前进度:   7 % - 编译方程: 稳态
Memory: 1077/1529 1233/1957
时间：2。
物理内存: 1.09 GB
虚拟内存: 1.24 GB
Warning: 自由空间采用真空条件，这会导致某些材料属性被忽略。请考虑为忽略的材料添加合适的物理场特征。

  - 节点: 自由空间 1

  - 物理场: Electrostatics: four finite-thickness rounded ring electrodes (es)

  - Materials: Natural Neon gas, representative relative permittivity (mat_gas), Representative alumina ceramic; epsilon_r=9.4 assumption (mat_diel)

  - Quantities: 相对介电常数, 相对介电常数
结束时间：2026年9月4日 10:37:09。
----- Study 1 - 3D Electrostatics stationary/解 1 (sol1) 中的“编译方程: 稳态” ---------->
<---- Study 1 - 3D Electrostatics stationary/解 1 (sol1) 中的“因变量 1” --------------
开始于 2026年9月4日 10:37:09。
           当前进度:   7 % - 因变量 1
Memory: 1084/1529 1237/1957
求解时间：0 s。
物理内存: 1.08 GB
虚拟内存: 1.24 GB
结束时间：2026年9月4日 10:37:09。
----- Study 1 - 3D Electrostatics stationary/解 1 (sol1) 中的“因变量 1” ------------->
<---- Study 1 - 3D Electrostatics stationary/解 1 (sol1) 中的“稳态求解器 1” ------------
开始于 2026年9月4日 10:37:09。
线性求解器 
求解的自由度数：113511。
--         当前进度:  24 % - 组装稀疏模式
Memory: 1107/1529 1262/1957
---        当前进度:  30 % - 组装矩阵
Memory: 1122/1529 1276/1957
---        当前进度:  38 % - 
Memory: 1133/1529 1288/1957
找到对称矩阵。
缩放因变量：
电势 (comp1.V): 1
已使用正交零空间函数。
---        当前进度:  38 % - 组装延展
Memory: 1145/1529 1303/1957
-----      当前进度:  56 % - 组装矩阵
Memory: 1132/1529 1290/1957
Iter      SolEst     Damping    Stepsize #Res #Jac #Sol LinIt   LinErr   LinRes
---------  当前进度:  90 % - 求解线性方程组
Memory: 1146/1529 1311/1957
   1        0.78   1.0000000        0.78    1    1    1     4  2.3e-05  4.1e-08
---------- 当前进度: 100 % - 
Memory: 1133/1529 1293/1957
求解时间：3 s。
物理内存: 1.15 GB
虚拟内存: 1.31 GB
结束时间：2026年9月4日 10:37:13。
----- Study 1 - 3D Electrostatics stationary/解 1 (sol1) 中的“稳态求解器 1” ----------->
           当前进度:   0 % - Study 2 - Single_Muon_Diagnostic
Memory: 1118/1529 1277/1957
           当前进度:   3 % - Study 2 - Single_Muon_Diagnostic
Memory: 1225/1529 1952/1957
<---- Study 2 - Single_Muon_Diagnostic/解 2 (sol2) 中的“编译方程: 瞬态” -----------------
开始于 2026年9月4日 10:37:13。
几何形函数: 二次拉格朗日单元
几何形函数: 二次拉格朗日单元
在 Intel64 Family 6 Model 186 Stepping 2, GenuineIntel 上运行。
在以下位置使用 1 个插槽： 陈红星 上（共 1 个内核）。
可用内存：15.90 GB。
           当前进度:   3 % - 编译方程: 瞬态
Memory: 1397/1529 1957/1958
           当前进度:   4 % - 编译方程: 瞬态
Memory: 1462/1529 1975/1990
           当前进度:   5 % - 编译方程: 瞬态
时间：2。
物理内存: 1.46 GB
虚拟内存: 1.99 GB
Warning: 自由空间采用真空条件，这会导致某些材料属性被忽略。请考虑为忽略的材料添加合适的物理场特征。

  - 节点: 自由空间 1

  - 物理场: Electrostatics: four finite-thickness rounded ring electrodes (es)

  - Materials: Natural Neon gas, representative relative permittivity (mat_gas), Representative alumina ceramic; epsilon_r=9.4 assumption (mat_diel)

  - Quantities: 相对介电常数, 相对介电常数
结束时间：2026年9月4日 10:37:15。
----- Study 2 - Single_Muon_Diagnostic/解 2 (sol2) 中的“编译方程: 瞬态” ---------------->
<---- Study 2 - Single_Muon_Diagnostic/解 2 (sol2) 中的“因变量 1” --------------------
开始于 2026年9月4日 10:37:15。
不求解变量的值: 解 1 (sol1).
           当前进度:   5 % - 因变量 1
Memory: 1129/1529 1283/1990
求解时间：0 s。
物理内存: 1.41 GB
虚拟内存: 1.58 GB
结束时间：2026年9月4日 10:37:16。
----- Study 2 - Single_Muon_Diagnostic/解 2 (sol2) 中的“因变量 1” ------------------->
<---- Study 2 - Single_Muon_Diagnostic/解 2 (sol2) 中的“瞬态求解器 1” ------------------
开始于 2026年9月4日 10:37:16。
瞬态求解器（广义 α）
求解的自由度数：3（加上 4 个内部自由度）。
找到非对称矩阵。
缩放因变量：
颗粒位置 (comp1.qcpt): 1
Step        Time    Stepsize      Res  Jac  Sol Order Tfail NLfail LinIt   LinErr   LinRes
   0           0           - out    2    3    2                  0     0        0        0
   1    1.25e-10    1.25e-10        8    6    8     2     2      0    16  2.1e-10        -
   4  3.9628e-10  8.1083e-11       22    9   22     2     2      0    49  2.4e-07        -
   9  6.5558e-10  5.1861e-11       32   10   32     2     2      0    64  8.1e-07        -
  15  9.5744e-10  4.2558e-11       48   11   48     2     2      0    95  2.6e-08        -
  20  1.1702e-09  4.2558e-11       58   12   58     2     2      0   110  4.5e-07        -
  27  1.4628e-09  3.7212e-11       76   13   76     2     2      0   140  1.3e-08        -
  32  1.6488e-09  3.7212e-11       86   14   86     2     2      0   155  2.1e-07        -
  39  1.9093e-09  3.7212e-11      100   14  100     2     2      0   176  5.3e-07        -
  42       2e-09   2.673e-11 out  110   16  110     2     2      0   193  2.6e-09        -
  48  2.3208e-09   5.346e-11      122   17  122     2     2      0   214  3.1e-10        -
  52     2.5e-09   3.616e-11 out  134   19  134     2     2      0   236  1.2e-08        -
  59  2.7531e-09   3.616e-11      148   19  148     2     2      0   257  3.2e-07        -
  65   2.967e-09  3.3038e-11      162   19  162     2     2      0   280  5.2e-10        -
  69  3.0991e-09  3.3038e-11      178   19  178     2     2      0   312  5.1e-10        -
  72  3.1982e-09  3.3038e-11      190   19  190     2     2      0   336  5.1e-10        -
  76  3.3304e-09  3.3038e-11      206   19  206     2     2      0   368    5e-10        -
  80  3.4625e-09  3.3038e-11      222   19  222     2     2      0   400    5e-10        -
  84  3.5749e-09  3.7471e-11      230   21  230     2     2      0   412    4e-08        -
  90  3.7998e-09  3.7471e-11      242   21  242     2     2      0   430  2.3e-07        -
  95  3.9748e-09  2.5175e-11      256   22  256     2     2      0   453  1.1e-09        -
  99   4.151e-09   5.035e-11      264   24  264     2     2      0   465  3.2e-07        -
 105  4.4514e-09  4.8601e-11      277   24  277     2     2      0   487  1.2e-09        -
 109  4.6458e-09  4.8601e-11      289   24  289     2     2      0   511  1.2e-09        -
 114  4.8888e-09  4.8601e-11      304   24  304     2     2      0   541  1.2e-09        -
 118  5.0626e-09  6.2593e-11      313   26  313     2     2      0   556  1.3e-07        -
 125     5.5e-09   6.222e-11 out  327   26  327     2     2      0   583  5.7e-09        -
 132  5.9355e-09   6.222e-11      341   26  341     2     2      0   611  5.4e-09        -
 136  6.0967e-09  6.4462e-11      349   28  349     2     2      0   623  1.6e-07        -
           当前进度:   8 % - 组装稀疏模式
Memory: 1116/1529 1269/1990
 138  6.2127e-09  5.8015e-11      357   30  357     2     2      0   637  9.9e-08        -
 144  6.5566e-09  5.6615e-11      372   30  372     2     2      0   665    1e-09        -
 148  6.7831e-09  5.6615e-11      384   30  384     2     2      0   689  9.5e-10        -
 151  6.9482e-09  5.1846e-11      396   31  396     2     2      0   712  8.7e-08        -
 157  7.2592e-09  5.1846e-11      408   32  408     2     2      0   733  4.1e-10        -
 161  7.4574e-09  4.2614e-11      420   33  420     2     2      0   756  4.2e-08        -
 167  7.7131e-09  4.2614e-11      432   34  432     2     2      0   774  8.4e-07        -
 173  7.9631e-09   3.693e-11      448   35  448     2     2      0   804  1.8e-08        -
 178  8.1477e-09   3.693e-11      458   36  458     2     2      0   819  2.9e-07        -
 185  8.4062e-09   3.693e-11      472   36  472     2     2      0   840  6.8e-07        -
 187  8.4716e-09  2.8421e-11      480   37  480     2     2      0   854  4.1e-09        -
 190  8.6137e-09  5.6842e-11      486   39  486     2     2      0   863  6.2e-07        -
 196  8.9489e-09  5.1051e-11      502   40  502     2     2      0   894    7e-08        -
 202  9.2553e-09  5.1051e-11      514   41  514     2     2      0   914  4.7e-10        -
 206  9.4542e-09  4.5794e-11      526   42  526     2     2      0   937  4.2e-08        -
 210  9.6374e-09  4.5794e-11      534   43  534     2     2      0   949  5.3e-07        -
 216  9.9122e-09  4.5794e-11      546   43  546     2     2      0   971  4.2e-10        -
 221  1.0132e-08  4.3925e-11      561   43  561     2     2      0  1001    1e-09        -
 224  1.0264e-08  4.3925e-11      570   43  570     2     2      0  1019    1e-09        -
 228  1.0439e-08  4.3925e-11      582   43  582     2     2      0  1043  1.1e-09        -
 231  1.0561e-08  6.0752e-11      588   45  588     2     2      0  1052  1.4e-07        -
 233   1.067e-08  5.4677e-11      596   47  596     2     2      0  1066  7.5e-08        -
 239  1.0972e-08  2.8255e-11      608   48  608     2     2      0  1086  2.1e-09        -
 242  1.1113e-08   5.651e-11      614   49  614     2     2      0  1095  3.2e-07        -
 248  1.1448e-08  5.2216e-11      628   49  628     2     2      0  1121  1.3e-09        -
 251  1.1604e-08  5.2216e-11      640   49  640     2     2      0  1145  1.4e-09        -
 254  1.1761e-08  5.2216e-11      652   49  652     2     2      0  1169  1.4e-09        -
 258  1.1959e-08  4.1136e-11      670   50  670     2     2      0  1204  1.4e-08        -
 263  1.2165e-08  4.1136e-11      680   51  680     2     2      0  1219  2.6e-07        -
 270  1.2452e-08  4.1136e-11      694   51  694     2     2      0  1240  6.8e-07        -
 273  1.2548e-08  4.7503e-11      700   53  700     2     2      0  1249  3.2e-08        -
 280   1.288e-08  4.7503e-11      714   53  714     2     2      0  1270  9.6e-07        -
 283     1.3e-08  3.6234e-11 out  724   55  724     2     2      0  1288  8.8e-09        -
 285  1.3138e-08  6.5222e-11      732   57  732     2     2      0  1302  1.7e-07        -
 290  1.3449e-08  5.0711e-11      746   59  746     2     2      0  1327  4.9e-08        -
 296  1.3754e-08  5.0711e-11      758   60  758     2     2      0  1346  6.3e-10        -
 301     1.4e-08  4.7157e-11 out  772   60  772     2     2      0  1374    6e-10        -
 305  1.4189e-08  4.7157e-11      788   60  788     2     2      0  1406  5.8e-10        -
 308   1.433e-08  4.7157e-11      800   60  800     2     2      0  1430  5.8e-10        -
 311  1.4462e-08  3.7795e-11      814   61  814     2     2      0  1457  1.8e-08        -
 317  1.4689e-08  3.7795e-11      826   62  826     2     2      0  1475  4.1e-07        -
 323  1.4916e-08  3.7795e-11      838   62  838     2     2      0  1493  8.7e-07        -
 328  1.5093e-08  4.6464e-11      848   64  848     2     2      0  1508  2.7e-07        -
 335  1.5418e-08  4.6464e-11      862   64  862     2     2      0  1533  6.2e-10        -
 337    1.55e-08  4.0912e-11 out  870   66  870     2     2      0  1547  2.7e-08        -
-          当前进度:  10 % - 
 344  1.5786e-08  4.0912e-11      884   66  884     2     2      0  1568    7e-07        -
 350     1.6e-08  2.4986e-11 out  896   67  896     2     2      0  1587    1e-08        -
 356    1.63e-08  4.9972e-11      908   68  908     2     2      0  1607  6.8e-10        -
 362   1.655e-08   5.025e-11      920   70  920     2     2      0  1628  6.6e-08        -
 368  1.6852e-08   5.025e-11      932   70  932     2     2      0  1649  8.6e-10        -
 375  1.7196e-08     4.9e-11      946   70  946     2     2      0  1677  8.6e-09        -
 381   1.747e-08  2.9501e-11      958   71  958     2     2      0  1700  4.5e-09        -
 385  1.7677e-08  5.9002e-11      966   72  966     2     2      0  1713  9.9e-10        -
 390  1.7957e-08  4.3492e-11      980   73  980     2     2      0  1740  3.2e-08        -
 395  1.8174e-08  4.3492e-11      990   74  990     2     2      0  1755  3.3e-07        -
 400  1.8391e-08  4.3492e-11     1000   74 1000     2     2      0  1770  6.9e-07        -
 402  1.8467e-08  3.2539e-11     1008   75 1008     2     2      0  1784  4.9e-09        -
 406  1.8695e-08  6.5079e-11     1016   77 1016     2     2      0  1797    2e-09        -
 410  1.8945e-08  5.4764e-11     1028   78 1028     2     2      0  1820  5.7e-08        -
 413   1.911e-08  5.4764e-11     1034   79 1034     2     2      0  1829  5.2e-07        -
 417  1.9329e-08  5.4764e-11     1042   79 1042     2     2      0  1843  1.7e-09        -
 421    1.95e-08  3.0943e-11 out 1050   80 1050     2     2      0  1857  1.9e-08        -
 426  1.9809e-08  6.1886e-11     1060   81 1060     2     2      0  1875  2.6e-09        -
 431  2.0067e-08  6.6799e-11     1070   83 1070     2     2      0  1892  1.9e-07        -
 437   2.045e-08  4.9602e-11     1086   84 1086     2     2      0  1922  4.3e-08        -
 441  2.0649e-08  4.9602e-11     1094   85 1094     2     2      0  1934  5.9e-07        -
 447  2.0946e-08  4.9602e-11     1106   85 1106     2     2      0  1956  1.5e-09        -
 451  2.1107e-08  5.3584e-11     1114   87 1114     2     2      0  1968  3.5e-07        -
 455  2.1322e-08  5.3584e-11     1122   87 1122     2     2      0  1982  1.3e-09        -
 460  2.1571e-08  7.1329e-11     1132   89 1132     2     2      0  1999  3.2e-07        -
 462    2.17e-08  6.4196e-11     1140   91 1140     2     2      0  2013  1.9e-07        -
 466  2.1946e-08  5.3844e-11     1152   92 1152     2     2      0  2036  9.5e-08        -
 471  2.2215e-08  5.3844e-11     1162   93 1162     2     2      0  2053  1.2e-09        -
 476  2.2465e-08  3.4622e-11     1172   94 1172     2     2      0  2072  9.8e-09        -
 482  2.2673e-08  3.4622e-11     1184   94 1184     2     2      0  2090  2.5e-07        -
 486  2.2874e-08   6.232e-11     1196   96 1196     2     2      0  2110  1.9e-07        -
 489     2.3e-08   3.188e-11 out 1202   98 1202     2     2      0  2119  3.2e-08        -
 494  2.3319e-08  6.3761e-11     1212   99 1212     2     2      0  2138  3.2e-09        -
 498  2.3559e-08  5.8718e-11     1226   99 1226     2     2      0  2166  4.2e-10        -
 501  2.3735e-08  5.8718e-11     1238   99 1238     2     2      0  2190  1.6e-09        -
 504  2.3911e-08  5.8718e-11     1250   99 1250     2     2      0  2214    2e-09        -
 505  2.3956e-08  4.4487e-11     1256  100 1256     2     2      0  2225  3.1e-08        -
 510  2.4178e-08  4.4487e-11     1266  101 1266     2     2      0  2240  5.4e-07        -
 516  2.4445e-08  4.4487e-11     1278  101 1278     2     2      0  2261    9e-10        -
 519  2.4555e-08  5.5127e-11     1284  103 1284     2     2      0  2270  8.7e-08        -
 525  2.4886e-08  5.5127e-11     1296  103 1296     2     2      0  2292  2.1e-09        -
 529  2.5059e-08  5.8981e-11     1304  105 1304     2     2      0  2305    1e-07        -
 534  2.5354e-08  5.8981e-11     1314  105 1314     2     2      0  2323  2.9e-09        -
 537    2.55e-08  4.3568e-11 out 1324  107 1324     2     2      0  2341  1.9e-08        -
 541  2.5718e-08  8.7136e-11     1331  108 1331     2     2      0  2350        0        -
 544   2.625e-08     2.5e-10     1334  110 1334     2     2      0  2350        0        -
 552       3e-08       5e-10 out 1342  111 1342     2     2      0  2350        0        -
-          当前进度:  13 % - 正在组装残差
 561    3.45e-08       5e-10 out 1351  111 1351     2     2      0  2350        0        -
 571    3.95e-08       5e-10 out 1361  111 1361     2     2      0  2350        0        -
 582     4.5e-08       5e-10 out 1372  111 1372     2     2      0  2350        0        -
 586     4.7e-08       5e-10 out 1376  111 1376     2     2      0  2350        0        -
 595    5.15e-08       5e-10 out 1385  111 1385     2     2      0  2350        0        -
 604     5.6e-08       5e-10 out 1394  111 1394     2     2      0  2350        0        -
 611    5.95e-08       5e-10 out 1401  111 1401     2     2      0  2350        0        -
 621    6.45e-08       5e-10 out 1411  111 1411     2     2      0  2350        0        -
 631    6.95e-08       5e-10 out 1421  111 1421     2     2      0  2350        0        -
 640     7.4e-08       5e-10 out 1430  111 1430     2     2      0  2350        0        -
 650     7.9e-08       5e-10 out 1440  111 1440     2     2      0  2350        0        -
 660     8.4e-08       5e-10 out 1450  111 1450     2     2      0  2350        0        -
 669    8.85e-08       5e-10 out 1459  111 1459     2     2      0  2350        0        -
 679    9.35e-08       5e-10 out 1469  111 1469     2     2      0  2350        0        -
 685    9.65e-08       5e-10 out 1475  111 1475     2     2      0  2350        0        -
 694    1.01e-07       5e-10 out 1484  111 1484     2     2      0  2350        0        -
 704    1.06e-07       5e-10 out 1494  111 1494     2     2      0  2350        0        -
 712     1.1e-07       5e-10 out 1502  111 1502     2     2      0  2350        0        -
 721   1.145e-07       5e-10 out 1511  111 1511     2     2      0  2350        0        -
 731   1.195e-07       5e-10 out 1521  111 1521     2     2      0  2350        0        -
 739   1.235e-07       5e-10 out 1529  111 1529     2     2      0  2350        0        -
 744    1.26e-07       5e-10 out 1534  111 1534     2     2      0  2350        0        -
 754    1.31e-07       5e-10 out 1544  111 1544     2     2      0  2350        0        -
 764    1.36e-07       5e-10 out 1554  111 1554     2     2      0  2350        0        -
 774    1.41e-07       5e-10 out 1564  111 1564     2     2      0  2350        0        -
 784    1.46e-07       5e-10 out 1574  111 1574     2     2      0  2350        0        -
 792     1.5e-07       5e-10 out 1582  111 1582     2     2      0  2350        0        -
 802    1.55e-07       5e-10 out 1592  111 1592     2     2      0  2350        0        -
 812     1.6e-07       5e-10 out 1602  111 1602     2     2      0  2350        0        -
 821   1.645e-07       5e-10 out 1611  111 1611     2     2      0  2350        0        -
 830    1.69e-07       5e-10 out 1620  111 1620     2     2      0  2350        0        -
 840    1.74e-07       5e-10 out 1630  111 1630     2     2      0  2350        0        -
 848    1.78e-07       5e-10 out 1638  111 1638     2     2      0  2350        0        -
 856    1.82e-07       5e-10 out 1646  111 1646     2     2      0  2350        0        -
 866    1.87e-07       5e-10 out 1656  111 1656     2     2      0  2350        0        -
 874    1.91e-07       5e-10 out 1664  111 1664     2     2      0  2350        0        -
 883   1.955e-07       5e-10 out 1673  111 1673     2     2      0  2350        0        -
 893   2.005e-07       5e-10 out 1683  111 1683     2     2      0  2350        0        -
 903   2.055e-07       5e-10 out 1693  111 1693     2     2      0  2350        0        -
 911   2.095e-07       5e-10 out 1701  111 1701     2     2      0  2350        0        -
 921   2.145e-07       5e-10 out 1711  111 1711     2     2      0  2350        0        -
 929   2.185e-07       5e-10 out 1719  111 1719     2     2      0  2350        0        -
 939   2.235e-07       5e-10 out 1729  111 1729     2     2      0  2350        0        -
 949   2.285e-07       5e-10 out 1739  111 1739     2     2      0  2350        0        -
 957   2.325e-07       5e-10 out 1747  111 1747     2     2      0  2350        0        -
 965   2.365e-07       5e-10 out 1755  111 1755     2     2      0  2350        0        -
 975   2.415e-07       5e-10 out 1765  111 1765     2     2      0  2350        0        -
 985   2.465e-07       5e-10 out 1775  111 1775     2     2      0  2350        0        -
 995   2.515e-07       5e-10 out 1785  111 1785     2     2      0  2350        0        -
1005   2.565e-07       5e-10 out 1795  111 1795     2     2      0  2350        0        -
1014    2.61e-07       5e-10 out 1804  111 1804     2     2      0  2350        0        -
1024    2.66e-07       5e-10 out 1814  111 1814     2     2      0  2350        0        -
-----      当前进度:  57 % - 
Memory: 1117/1529 1269/1990
1034    2.71e-07       5e-10 out 1824  111 1824     2     2      0  2350        0        -
1042    2.75e-07       5e-10 out 1832  111 1832     2     2      0  2350        0        -
1052     2.8e-07       5e-10 out 1842  111 1842     2     2      0  2350        0        -
1062    2.85e-07       5e-10 out 1852  111 1852     2     2      0  2350        0        -
1072     2.9e-07       5e-10 out 1862  111 1862     2     2      0  2350        0        -
1083   2.955e-07       5e-10 out 1873  111 1873     2     2      0  2350        0        -
1093   3.005e-07       5e-10 out 1883  111 1883     2     2      0  2350        0        -
1102    3.05e-07       5e-10 out 1892  111 1892     2     2      0  2350        0        -
1112     3.1e-07       5e-10 out 1902  111 1902     2     2      0  2350        0        -
1119   3.135e-07       5e-10 out 1909  111 1909     2     2      0  2350        0        -
1125   3.165e-07       5e-10 out 1915  111 1915     2     2      0  2350        0        -
1134    3.21e-07       5e-10 out 1924  111 1924     2     2      0  2350        0        -
1140    3.24e-07       5e-10 out 1930  111 1930     2     2      0  2350        0        -
1145   3.265e-07       5e-10 out 1935  111 1935     2     2      0  2350        0        -
1150    3.29e-07       5e-10 out 1940  111 1940     2     2      0  2350        0        -
1156    3.32e-07       5e-10 out 1946  111 1946     2     2      0  2350        0        -
1166    3.37e-07       5e-10 out 1956  111 1956     2     2      0  2350        0        -
1176    3.42e-07       5e-10 out 1966  111 1966     2     2      0  2350        0        -
1186    3.47e-07       5e-10 out 1976  111 1976     2     2      0  2350        0        -
1196    3.52e-07       5e-10 out 1986  111 1986     2     2      0  2350        0        -
1206    3.57e-07       5e-10 out 1996  111 1996     2     2      0  2350        0        -
1214    3.61e-07       5e-10 out 2004  111 2004     2     2      0  2350        0        -
1222    3.65e-07       5e-10 out 2012  111 2012     2     2      0  2350        0        -
1232     3.7e-07       5e-10 out 2022  111 2022     2     2      0  2350        0        -
1238    3.73e-07       5e-10 out 2028  111 2028     2     2      0  2350        0        -
1248    3.78e-07       5e-10 out 2038  111 2038     2     2      0  2350        0        -
1258    3.83e-07       5e-10 out 2048  111 2048     2     2      0  2350        0        -
1264    3.86e-07       5e-10 out 2054  111 2054     2     2      0  2350        0        -
1273   3.905e-07       5e-10 out 2063  111 2063     2     2      0  2350        0        -
1283   3.955e-07       5e-10 out 2073  111 2073     2     2      0  2350        0        -
1290    3.99e-07       5e-10 out 2080  111 2080     2     2      0  2350        0        -
1298    4.03e-07       5e-10 out 2088  111 2088     2     2      0  2350        0        -
1307   4.075e-07       5e-10 out 2097  111 2097     2     2      0  2350        0        -
1313   4.105e-07       5e-10 out 2103  111 2103     2     2      0  2350        0        -
1321   4.145e-07       5e-10 out 2111  111 2111     2     2      0  2350        0        -
1331   4.195e-07       5e-10 out 2121  111 2121     2     2      0  2350        0        -
1339   4.235e-07       5e-10 out 2129  111 2129     2     2      0  2350        0        -
1348    4.28e-07       5e-10 out 2138  111 2138     2     2      0  2350        0        -
1358    4.33e-07       5e-10 out 2148  111 2148     2     2      0  2350        0        -
1367   4.375e-07       5e-10 out 2157  111 2157     2     2      0  2350        0        -
1376    4.42e-07       5e-10 out 2166  111 2166     2     2      0  2350        0        -
1386    4.47e-07       5e-10 out 2176  111 2176     2     2      0  2350        0        -
1396    4.52e-07       5e-10 out 2186  111 2186     2     2      0  2350        0        -
1405   4.565e-07       5e-10 out 2195  111 2195     2     2      0  2350        0        -
1414    4.61e-07       5e-10 out 2204  111 2204     2     2      0  2350        0        -
1424    4.66e-07       5e-10 out 2214  111 2214     2     2      0  2350        0        -
1434    4.71e-07       5e-10 out 2224  111 2224     2     2      0  2350        0        -
1443   4.755e-07       5e-10 out 2233  111 2233     2     2      0  2350        0        -
1453   4.805e-07       5e-10 out 2243  111 2243     2     2      0  2350        0        -
1463   4.855e-07       5e-10 out 2253  111 2253     2     2      0  2350        0        -
1472     4.9e-07       5e-10 out 2262  111 2262     2     2      0  2350        0        -
1482    4.95e-07       5e-10 out 2272  111 2272     2     2      0  2350        0        -
1492       5e-07       5e-10 out 2282  111 2282     2     2      0  2350        0        -
---------- 当前进度: 100 % - 
求解时间：2 s。
物理内存: 1.13 GB
虚拟内存: 1.28 GB
结束时间：2026年9月4日 10:37:17。
----- Study 2 - Single_Muon_Diagnostic/解 2 (sol2) 中的“瞬态求解器 1” ----------------->
           当前进度:   0 % - 
-          当前进度:  13 % - 正在计算
Memory: 1118/1529 1271/1990
--         当前进度:  23 % - 正在计算
Memory: 1117/1529 1270/1990
---        当前进度:  33 % - 正在计算
----       当前进度:  42 % - 正在计算
-----      当前进度:  51 % - 正在计算
------     当前进度:  60 % - 正在计算
------     当前进度:  69 % - 正在计算
-------    当前进度:  78 % - 正在计算
--------   当前进度:  88 % - 正在计算
---------  当前进度:  99 % - 正在计算
---------- 当前进度: 100 % - 正在计算
           当前进度:   0 % - 
---        当前进度:  34 % - 正在计算
Memory: 1099/1529 1252/1990
---------  当前进度:  95 % - 正在计算
AXIAL_SOURCE_CASE_COMPLETE=axial_source_gap80mm_frac0p70
AXIAL_SOURCE_CASE_START=axial_source_gap80mm_frac0p80
           当前进度:   0 % - Study 1 - 3D Electrostatics stationary
Memory: 1103/1529 1255/1990
           当前进度:   3 % - Study 1 - 3D Electrostatics stationary
Memory: 1101/1529 1253/1990
<---- Study 1 - 3D Electrostatics stationary/解 1 (sol1) 中的“编译方程: 稳态” -----------
开始于 2026年9月4日 10:37:22。
几何形函数: 二次拉格朗日单元
几何形函数: 二次拉格朗日单元
在 Intel64 Family 6 Model 186 Stepping 2, GenuineIntel 上运行。
在以下位置使用 1 个插槽： 陈红星 上（共 1 个内核）。
可用内存：15.90 GB。
           当前进度:   3 % - 编译方程: 稳态
           当前进度:   6 % - 编译方程: 稳态
Memory: 1118/1529 1269/1990
           当前进度:   7 % - 编译方程: 稳态
Memory: 1118/1529 1268/1990
时间：1。
物理内存: 1.12 GB
虚拟内存: 1.27 GB
Warning: 自由空间采用真空条件，这会导致某些材料属性被忽略。请考虑为忽略的材料添加合适的物理场特征。

  - 节点: 自由空间 1

  - 物理场: Electrostatics: four finite-thickness rounded ring electrodes (es)

  - Materials: Natural Neon gas, representative relative permittivity (mat_gas), Representative alumina ceramic; epsilon_r=9.4 assumption (mat_diel)

  - Quantities: 相对介电常数, 相对介电常数
结束时间：2026年9月4日 10:37:23。
----- Study 1 - 3D Electrostatics stationary/解 1 (sol1) 中的“编译方程: 稳态” ---------->
<---- Study 1 - 3D Electrostatics stationary/解 1 (sol1) 中的“因变量 1” --------------
开始于 2026年9月4日 10:37:23。
           当前进度:   7 % - 因变量 1
Memory: 1114/1529 1263/1990
求解时间：0 s。
物理内存: 1.11 GB
虚拟内存: 1.26 GB
结束时间：2026年9月4日 10:37:23。
----- Study 1 - 3D Electrostatics stationary/解 1 (sol1) 中的“因变量 1” ------------->
<---- Study 1 - 3D Electrostatics stationary/解 1 (sol1) 中的“稳态求解器 1” ------------
开始于 2026年9月4日 10:37:23。
线性求解器 
求解的自由度数：113511。
--         当前进度:  22 % - 组装稀疏模式
Memory: 1141/1529 1291/1990
--         当前进度:  27 % - 组装矩阵
Memory: 1151/1529 1301/1990
---        当前进度:  35 % - 组装矩阵
找到对称矩阵。
---        当前进度:  38 % - 
Memory: 1146/1529 1298/1990
缩放因变量：
电势 (comp1.V): 1
已使用正交零空间函数。
---        当前进度:  38 % - 组装延展
Memory: 1163/1529 1316/1990
-----      当前进度:  56 % - 组装稀疏模式
Memory: 1172/1529 1326/1990
Iter      SolEst     Damping    Stepsize #Res #Jac #Sol LinIt   LinErr   LinRes
-------    当前进度:  74 % - 求解线性方程组
Memory: 1175/1529 1332/1990
---------- 当前进度: 100 % - 
Memory: 1176/1529 1332/1990
   1        0.78   1.0000000        0.78    1    1    1     4  2.3e-05  4.1e-08
求解时间：5 s。
物理内存: 1.18 GB
虚拟内存: 1.33 GB
结束时间：2026年9月4日 10:37:28。
----- Study 1 - 3D Electrostatics stationary/解 1 (sol1) 中的“稳态求解器 1” ----------->
           当前进度:   0 % - Study 2 - Single_Muon_Diagnostic
Memory: 1154/1529 1304/1990
           当前进度:   3 % - Study 2 - Single_Muon_Diagnostic
Memory: 1192/1529 1908/1990
<---- Study 2 - Single_Muon_Diagnostic/解 2 (sol2) 中的“编译方程: 瞬态” -----------------
开始于 2026年9月4日 10:37:29。
几何形函数: 二次拉格朗日单元
几何形函数: 二次拉格朗日单元
在 Intel64 Family 6 Model 186 Stepping 2, GenuineIntel 上运行。
在以下位置使用 1 个插槽： 陈红星 上（共 1 个内核）。
可用内存：15.90 GB。
           当前进度:   3 % - 编译方程: 瞬态
Memory: 1333/1529 1881/1990
           当前进度:   4 % - 编译方程: 瞬态
Memory: 1375/1529 1878/1990
           当前进度:   5 % - 编译方程: 瞬态
Memory: 1367/1529 1870/1990
时间：1。
物理内存: 1.46 GB
虚拟内存: 1.91 GB
Warning: 自由空间采用真空条件，这会导致某些材料属性被忽略。请考虑为忽略的材料添加合适的物理场特征。

  - 节点: 自由空间 1

  - 物理场: Electrostatics: four finite-thickness rounded ring electrodes (es)

  - Materials: Natural Neon gas, representative relative permittivity (mat_gas), Representative alumina ceramic; epsilon_r=9.4 assumption (mat_diel)

  - Quantities: 相对介电常数, 相对介电常数
结束时间：2026年9月4日 10:37:30。
----- Study 2 - Single_Muon_Diagnostic/解 2 (sol2) 中的“编译方程: 瞬态” ---------------->
<---- Study 2 - Single_Muon_Diagnostic/解 2 (sol2) 中的“因变量 1” --------------------
开始于 2026年9月4日 10:37:30。
不求解变量的值: 解 1 (sol1).
           当前进度:   5 % - 因变量 1
Memory: 1468/1529 1871/1990
求解时间：0 s。
物理内存: 1.47 GB
虚拟内存: 1.87 GB
结束时间：2026年9月4日 10:37:30。
----- Study 2 - Single_Muon_Diagnostic/解 2 (sol2) 中的“因变量 1” ------------------->
<---- Study 2 - Single_Muon_Diagnostic/解 2 (sol2) 中的“瞬态求解器 1” ------------------
开始于 2026年9月4日 10:37:30。
瞬态求解器（广义 α）
求解的自由度数：3（加上 4 个内部自由度）。
找到非对称矩阵。
缩放因变量：
颗粒位置 (comp1.qcpt): 1
Step        Time    Stepsize      Res  Jac  Sol Order Tfail NLfail LinIt   LinErr   LinRes
   0           0           - out    2    3    2                  0     0        0        0
   1    1.25e-10    1.25e-10        8    6    8     2     2      0    16  6.3e-10        -
   3  3.1569e-10  9.0325e-11       16    8   16     2     2      0    36  3.4e-07        -
   5  4.4849e-10  5.1511e-11       24   10   24     2     2      0    52  2.8e-08        -
  10  7.0605e-10  5.1511e-11       34   10   34     2     2      0    68  1.7e-10        -
  15  9.5605e-10  4.3954e-11       48   11   48     2     2      0    95  2.8e-08        -
  19  1.1319e-09  4.3954e-11       56   12   56     2     2      0   107  3.8e-07        -
  24  1.3516e-09  4.3954e-11       66   12   66     2     2      0   122  9.3e-07        -
  27  1.4698e-09  3.0229e-11       76   13   76     2     2      0   141  4.5e-09        -
  30  1.6209e-09  6.0458e-11       82   15   82     2     2      0   150  6.8e-07        -
  35  1.9232e-09  6.0458e-11       92   15   92     2     2      0   170  6.5e-10        -
  39  2.0768e-09  3.8398e-11      100   16  100     2     2      0   182  1.9e-07        -
  44  2.2688e-09  3.8398e-11      110   16  110     2     2      0   197  4.9e-07        -
  49  2.4608e-09  3.8398e-11      120   16  120     2     2      0   212    8e-07        -
  52  2.5392e-09  3.9226e-11      126   18  126     2     2      0   221  2.1e-08        -
  57  2.7354e-09  3.9226e-11      136   18  136     2     2      0   236  3.2e-07        -
  62  2.9315e-09  3.9226e-11      146   18  146     2     2      0   251  6.3e-07        -
  64       3e-09  3.4259e-11 out  154   20  154     2     2      0   265  7.9e-09        -
  69  3.1713e-09  3.4259e-11      164   20  164     2     2      0   280  1.2e-07        -
  73  3.3083e-09  3.4259e-11      172   20  172     2     2      0   292  2.1e-07        -
  78  3.4727e-09  2.7313e-11      186   21  186     2     2      0   315    2e-09        -
  81  3.6093e-09  5.4627e-11      192   23  192     2     2      0   324  2.6e-07        -
  86  3.8824e-09  5.4627e-11      202   23  202     2     2      0   341  6.2e-10        -
  90   4.063e-09  6.2987e-11      210   25  210     2     2      0   354  1.1e-07        -
  94  4.3149e-09  6.2987e-11      218   25  218     2     2      0   368  1.3e-09        -
  97     4.5e-09   6.104e-11 out  226   25  226     2     2      0   384  3.4e-09        -
           当前进度:   8 % - 正在组装残差
Memory: 1492/1529 1857/1990
 100  4.6831e-09   6.104e-11      235   25  235     2     2      0   402  3.4e-09        -
 103  4.8662e-09   6.104e-11      244   25  244     2     2      0   420  3.4e-09        -
 106       5e-09  3.6361e-11 out  251   26  251     2     2      0   432  4.2e-08        -
 109  5.1745e-09  6.5449e-11      261   28  261     2     2      0   451  1.6e-07        -
 112  5.3709e-09  6.5449e-11      267   29  267     2     2      0   461  1.2e-09        -
 117  5.6937e-09   6.456e-11      277   29  277     2     2      0   481  2.4e-08        -
 121  5.9437e-09  5.6319e-11      289   30  289     2     2      0   504  7.4e-08        -
 125   6.169e-09  5.6319e-11      297   31  297     2     2      0   517  5.9e-10        -
 129  6.3942e-09  5.6319e-11      305   31  305     2     2      0   533  9.3e-10        -
 132  6.5529e-09  5.2882e-11      317   31  317     2     2      0   557    1e-09        -
 134  6.6586e-09  5.2882e-11      325   31  325     2     2      0   573  9.7e-10        -
 137  6.8173e-09  5.2882e-11      337   31  337     2     2      0   597  9.2e-10        -
 140  6.9615e-09   3.847e-11      351   32  351     2     2      0   624  1.9e-08        -
 144  7.1154e-09   3.847e-11      359   33  359     2     2      0   636  2.6e-07        -
 149  7.3078e-09   3.847e-11      369   33  369     2     2      0   651  6.8e-07        -
 154     7.5e-09  3.8412e-11 out  379   33  379     2     2      0   668  3.3e-11        -
 159  7.6921e-09  3.8412e-11      389   33  389     2     2      0   688  1.8e-11        -
 164  7.8841e-09  3.8412e-11      399   33  399     2     2      0   708  5.7e-11        -
 168       8e-09  1.9526e-11 out  407   34  407     2     2      0   722  3.5e-09        -
 172  8.1562e-09  3.9052e-11      415   35  415     2     2      0   734  2.7e-07        -
 175  8.2734e-09  3.9052e-11      421   35  421     2     2      0   743    5e-07        -
 179  8.4296e-09  3.9052e-11      429   35  429     2     2      0   755  7.6e-07        -
 182  8.5352e-09  3.5213e-11      441   35  441     2     2      0   779  9.4e-10        -
 185  8.6409e-09  3.5213e-11      453   35  453     2     2      0   803    1e-09        -
 188  8.7465e-09  3.5213e-11      465   35  465     2     2      0   827  1.1e-09        -
 191  8.8521e-09  3.5213e-11      477   35  477     2     2      0   851  1.1e-09        -
 194  8.9578e-09  3.5213e-11      489   35  489     2     2      0   875  1.2e-09        -
 197  9.0422e-09  4.2228e-11      495   37  495     2     2      0   884  2.6e-08        -
 201  9.2111e-09  4.2228e-11      503   37  503     2     2      0   896  4.1e-07        -
 206  9.4223e-09  4.2228e-11      513   37  513     2     2      0   911  8.8e-07        -
 209  9.5389e-09  3.8858e-11      525   37  525     2     2      0   935  8.4e-10        -
 212  9.6943e-09  7.7717e-11      535   38  535     2     2      0   955  5.8e-07        -
 214  9.8342e-09  6.9945e-11      543   40  543     2     2      0   972  3.4e-07        -
 216  9.9486e-09  5.1433e-11      551   42  551     2     2      0   987  7.3e-08        -
 221  1.0206e-08  5.1433e-11      561   42  561     2     2      0  1004  6.5e-10        -
 226  1.0456e-08  4.4267e-11      575   43  575     2     2      0  1031  3.7e-08        -
 230  1.0633e-08  4.4267e-11      583   44  583     2     2      0  1043  2.8e-07        -
 235  1.0854e-08  4.4267e-11      593   44  593     2     2      0  1058  6.9e-07        -
 239     1.1e-08  2.8666e-11 out  601   45  601     2     2      0  1070  1.1e-08        -
 243  1.1229e-08  5.7332e-11      609   46  609     2     2      0  1082  8.6e-07        -
 247  1.1451e-08  4.9339e-11      621   47  621     2     2      0  1105  3.5e-08        -
 248    1.15e-08  4.9339e-11 out  623   48  623     2     2      0  1108  3.4e-08        -
 250  1.1599e-08  4.9339e-11      627   48  627     2     2      0  1114  2.9e-07        -
 252  1.1697e-08  4.9339e-11      631   48  631     2     2      0  1120  5.6e-07        -
           当前进度:   9 % - 正在组装残差
 255  1.1845e-08  4.9339e-11      637   48  637     2     2      0  1129  9.6e-07        -
 258  1.1972e-08  2.7976e-11      643   49  643     2     2      0  1140  1.9e-09        -
 262  1.2168e-08  5.5952e-11      651   50  651     2     2      0  1152  5.9e-07        -
 266  1.2392e-08  5.5952e-11      659   50  659     2     2      0  1167  1.5e-09        -
 269  1.2554e-08  5.4169e-11      668   50  668     2     2      0  1185  1.9e-09        -
 273  1.2771e-08  5.4169e-11      680   50  680     2     2      0  1209  1.8e-09        -
 277  1.2967e-08  3.3322e-11      691   51  691     2     2      0  1230    5e-09        -
 281    1.32e-08  6.6644e-11      699   52  699     2     2      0  1243    2e-09        -
 285   1.345e-08  5.0067e-11      711   53  711     2     2      0  1266  3.9e-08        -
 289   1.365e-08  5.0067e-11      719   54  719     2     2      0  1278    6e-07        -
 295   1.395e-08  4.9731e-11      731   54  731     2     2      0  1300  9.6e-10        -
 300  1.4199e-08  4.9731e-11      741   54  741     2     2      0  1320  1.6e-10        -
 306  1.4474e-08  2.6209e-11      753   55  753     2     2      0  1343  2.5e-09        -
 309  1.4605e-08  5.2419e-11      759   56  759     2     2      0  1352  4.2e-07        -
 314  1.4867e-08  5.2419e-11      769   56  769     2     2      0  1371  1.1e-09        -
 316   1.496e-08  4.0326e-11      777   57  777     2     2      0  1386  2.5e-08        -
 320  1.5121e-08  4.0326e-11      785   58  785     2     2      0  1398  3.1e-07        -
 325  1.5323e-08  4.0326e-11      795   58  795     2     2      0  1413  7.5e-07        -
 329  1.5472e-08  2.8209e-11      807   59  807     2     2      0  1433  3.7e-09        -
 332  1.5613e-08  5.6417e-11      813   61  813     2     2      0  1442  5.8e-07        -
 337  1.5895e-08  5.6417e-11      823   61  823     2     2      0  1462  1.7e-09        -
 340  1.6053e-08  5.2539e-11      835   61  835     2     2      0  1486  1.5e-10        -
 343   1.621e-08  5.2539e-11      847   61  847     2     2      0  1510  5.4e-10        -
 346  1.6368e-08  5.2539e-11      859   61  859     2     2      0  1534  1.5e-09        -
 348   1.646e-08  3.9843e-11      869   62  869     2     2      0  1553  1.9e-08        -
 352   1.662e-08  3.9843e-11      877   63  877     2     2      0  1565  2.4e-07        -
 357  1.6819e-08  3.9843e-11      887   63  887     2     2      0  1580    6e-07        -
 360     1.7e-08  5.0784e-11 out  893   65  893     2     2      0  1590  3.1e-07        -
 365  1.7254e-08  5.0784e-11      903   65  903     2     2      0  1608  1.1e-09        -
 369  1.7453e-08  4.6865e-11      913   65  913     2     2      0  1628  1.3e-09        -
 372  1.7594e-08  4.6865e-11      925   65  925     2     2      0  1652  1.3e-09        -
 375  1.7734e-08  4.6865e-11      937   65  937     2     2      0  1676  1.4e-09        -
 380     1.9e-08       5e-10 out  942   68  942     2     2      0  1676        0        -
 389    2.35e-08       5e-10 out  951   68  951     2     2      0  1676        0        -
 398     2.8e-08       5e-10 out  960   68  960     2     2      0  1676        0        -
 407    3.25e-08       5e-10 out  969   68  969     2     2      0  1676        0        -
 416     3.7e-08       5e-10 out  978   68  978     2     2      0  1676        0        -
 425    4.15e-08       5e-10 out  987   68  987     2     2      0  1676        0        -
 435    4.65e-08       5e-10 out  997   68  997     2     2      0  1676        0        -
 445    5.15e-08       5e-10 out 1007   68 1007     2     2      0  1676        0        -
 454     5.6e-08       5e-10 out 1016   68 1016     2     2      0  1676        0        -
 464     6.1e-08       5e-10 out 1026   68 1026     2     2      0  1676        0        -
 473    6.55e-08       5e-10 out 1035   68 1035     2     2      0  1676        0        -
 482       7e-08       5e-10 out 1044   68 1044     2     2      0  1676        0        -
 492     7.5e-08       5e-10 out 1054   68 1054     2     2      0  1676        0        -
 501    7.95e-08       5e-10 out 1063   68 1063     2     2      0  1676        0        -
 510     8.4e-08       5e-10 out 1072   68 1072     2     2      0  1676        0        -
 520     8.9e-08       5e-10 out 1082   68 1082     2     2      0  1676        0        -
--         当前进度:  24 % - 
 529    9.35e-08       5e-10 out 1091   68 1091     2     2      0  1676        0        -
 539    9.85e-08       5e-10 out 1101   68 1101     2     2      0  1676        0        -
 549   1.035e-07       5e-10 out 1111   68 1111     2     2      0  1676        0        -
 559   1.085e-07       5e-10 out 1121   68 1121     2     2      0  1676        0        -
 569   1.135e-07       5e-10 out 1131   68 1131     2     2      0  1676        0        -
 579   1.185e-07       5e-10 out 1141   68 1141     2     2      0  1676        0        -
 589   1.235e-07       5e-10 out 1151   68 1151     2     2      0  1676        0        -
 599   1.285e-07       5e-10 out 1161   68 1161     2     2      0  1676        0        -
 609   1.335e-07       5e-10 out 1171   68 1171     2     2      0  1676        0        -
 619   1.385e-07       5e-10 out 1181   68 1181     2     2      0  1676        0        -
 629   1.435e-07       5e-10 out 1191   68 1191     2     2      0  1676        0        -
 639   1.485e-07       5e-10 out 1201   68 1201     2     2      0  1676        0        -
 647   1.525e-07       5e-10 out 1209   68 1209     2     2      0  1676        0        -
 656    1.57e-07       5e-10 out 1218   68 1218     2     2      0  1676        0        -
 666    1.62e-07       5e-10 out 1228   68 1228     2     2      0  1676        0        -
 674    1.66e-07       5e-10 out 1236   68 1236     2     2      0  1676        0        -
 683   1.705e-07       5e-10 out 1245   68 1245     2     2      0  1676        0        -
 693   1.755e-07       5e-10 out 1255   68 1255     2     2      0  1676        0        -
 701   1.795e-07       5e-10 out 1263   68 1263     2     2      0  1676        0        -
 711   1.845e-07       5e-10 out 1273   68 1273     2     2      0  1676        0        -
 721   1.895e-07       5e-10 out 1283   68 1283     2     2      0  1676        0        -
 731   1.945e-07       5e-10 out 1293   68 1293     2     2      0  1676        0        -
 741   1.995e-07       5e-10 out 1303   68 1303     2     2      0  1676        0        -
 751   2.045e-07       5e-10 out 1313   68 1313     2     2      0  1676        0        -
 760    2.09e-07       5e-10 out 1322   68 1322     2     2      0  1676        0        -
 770    2.14e-07       5e-10 out 1332   68 1332     2     2      0  1676        0        -
 780    2.19e-07       5e-10 out 1342   68 1342     2     2      0  1676        0        -
 790    2.24e-07       5e-10 out 1352   68 1352     2     2      0  1676        0        -
 800    2.29e-07       5e-10 out 1362   68 1362     2     2      0  1676        0        -
 810    2.34e-07       5e-10 out 1372   68 1372     2     2      0  1676        0        -
 816    2.37e-07       5e-10 out 1378   68 1378     2     2      0  1676        0        -
 824    2.41e-07       5e-10 out 1386   68 1386     2     2      0  1676        0        -
 833   2.455e-07       5e-10 out 1395   68 1395     2     2      0  1676        0        -
 843   2.505e-07       5e-10 out 1405   68 1405     2     2      0  1676        0        -
 853   2.555e-07       5e-10 out 1415   68 1415     2     2      0  1676        0        -
 862     2.6e-07       5e-10 out 1424   68 1424     2     2      0  1676        0        -
 872    2.65e-07       5e-10 out 1434   68 1434     2     2      0  1676        0        -
 881   2.695e-07       5e-10 out 1443   68 1443     2     2      0  1676        0        -
 890    2.74e-07       5e-10 out 1452   68 1452     2     2      0  1676        0        -
 899   2.785e-07       5e-10 out 1461   68 1461     2     2      0  1676        0        -
 908    2.83e-07       5e-10 out 1470   68 1470     2     2      0  1676        0        -
 916    2.87e-07       5e-10 out 1478   68 1478     2     2      0  1676        0        -
 923   2.905e-07       5e-10 out 1485   68 1485     2     2      0  1676        0        -
 932    2.95e-07       5e-10 out 1494   68 1494     2     2      0  1676        0        -
 939   2.985e-07       5e-10 out 1501   68 1501     2     2      0  1676        0        -
 948    3.03e-07       5e-10 out 1510   68 1510     2     2      0  1676        0        -
 956    3.07e-07       5e-10 out 1518   68 1518     2     2      0  1676        0        -
 964    3.11e-07       5e-10 out 1526   68 1526     2     2      0  1676        0        -
 973   3.155e-07       5e-10 out 1535   68 1535     2     2      0  1676        0        -
 981   3.195e-07       5e-10 out 1543   68 1543     2     2      0  1676        0        -
 989   3.235e-07       5e-10 out 1551   68 1551     2     2      0  1676        0        -
 998    3.28e-07       5e-10 out 1560   68 1560     2     2      0  1676        0        -
------     当前进度:  68 % - 
1006    3.32e-07       5e-10 out 1568   68 1568     2     2      0  1676        0        -
1015   3.365e-07       5e-10 out 1577   68 1577     2     2      0  1676        0        -
1024    3.41e-07       5e-10 out 1586   68 1586     2     2      0  1676        0        -
1031   3.445e-07       5e-10 out 1593   68 1593     2     2      0  1676        0        -
1040    3.49e-07       5e-10 out 1602   68 1602     2     2      0  1676        0        -
1049   3.535e-07       5e-10 out 1611   68 1611     2     2      0  1676        0        -
1056    3.57e-07       5e-10 out 1618   68 1618     2     2      0  1676        0        -
1064    3.61e-07       5e-10 out 1626   68 1626     2     2      0  1676        0        -
1073   3.655e-07       5e-10 out 1635   68 1635     2     2      0  1676        0        -
1081   3.695e-07       5e-10 out 1643   68 1643     2     2      0  1676        0        -
1090    3.74e-07       5e-10 out 1652   68 1652     2     2      0  1676        0        -
1099   3.785e-07       5e-10 out 1661   68 1661     2     2      0  1676        0        -
1105   3.815e-07       5e-10 out 1667   68 1667     2     2      0  1676        0        -
1114    3.86e-07       5e-10 out 1676   68 1676     2     2      0  1676        0        -
1123   3.905e-07       5e-10 out 1685   68 1685     2     2      0  1676        0        -
1130    3.94e-07       5e-10 out 1692   68 1692     2     2      0  1676        0        -
1139   3.985e-07       5e-10 out 1701   68 1701     2     2      0  1676        0        -
1148    4.03e-07       5e-10 out 1710   68 1710     2     2      0  1676        0        -
1158    4.08e-07       5e-10 out 1720   68 1720     2     2      0  1676        0        -
1168    4.13e-07       5e-10 out 1730   68 1730     2     2      0  1676        0        -
1178    4.18e-07       5e-10 out 1740   68 1740     2     2      0  1676        0        -
1188    4.23e-07       5e-10 out 1750   68 1750     2     2      0  1676        0        -
1198    4.28e-07       5e-10 out 1760   68 1760     2     2      0  1676        0        -
1207   4.325e-07       5e-10 out 1769   68 1769     2     2      0  1676        0        -
1216    4.37e-07       5e-10 out 1778   68 1778     2     2      0  1676        0        -
1226    4.42e-07       5e-10 out 1788   68 1788     2     2      0  1676        0        -
1236    4.47e-07       5e-10 out 1798   68 1798     2     2      0  1676        0        -
1245   4.515e-07       5e-10 out 1807   68 1807     2     2      0  1676        0        -
1255   4.565e-07       5e-10 out 1817   68 1817     2     2      0  1676        0        -
1265   4.615e-07       5e-10 out 1827   68 1827     2     2      0  1676        0        -
1275   4.665e-07       5e-10 out 1837   68 1837     2     2      0  1676        0        -
1285   4.715e-07       5e-10 out 1847   68 1847     2     2      0  1676        0        -
1295   4.765e-07       5e-10 out 1857   68 1857     2     2      0  1676        0        -
1305   4.815e-07       5e-10 out 1867   68 1867     2     2      0  1676        0        -
1315   4.865e-07       5e-10 out 1877   68 1877     2     2      0  1676        0        -
1324    4.91e-07       5e-10 out 1886   68 1886     2     2      0  1676        0        -
1334    4.96e-07       5e-10 out 1896   68 1896     2     2      0  1676        0        -
1342       5e-07       5e-10 out 1904   68 1904     2     2      0  1676        0        -
---------- 当前进度: 100 % - 
求解时间：2 s。
物理内存: 1.5 GB
虚拟内存: 1.87 GB
结束时间：2026年9月4日 10:37:32。
----- Study 2 - Single_Muon_Diagnostic/解 2 (sol2) 中的“瞬态求解器 1” ----------------->
           当前进度:   0 % - 
Memory: 1530/1530 1857/1990
-          当前进度:  11 % - 正在计算
Memory: 1535/1535 1857/1990
--         当前进度:  20 % - 正在计算
---        当前进度:  30 % - 正在计算
----       当前进度:  40 % - 正在计算
-----      当前进度:  50 % - 正在计算
-----      当前进度:  59 % - 正在计算
------     当前进度:  66 % - 正在计算
-------    当前进度:  74 % - 正在计算
--------   当前进度:  83 % - 正在计算
---------  当前进度:  91 % - 正在计算
Memory: 1533/1535 1855/1990
---------- 当前进度: 100 % - 正在计算
           当前进度:   0 % - 
Memory: 1554/1554 1855/1990
---        当前进度:  34 % - 正在计算
Memory: 1555/1556 1854/1990
---------  当前进度:  95 % - 正在计算
Memory: 1564/1566 1854/1990
AXIAL_SOURCE_CASE_COMPLETE=axial_source_gap80mm_frac0p80
AXIAL_SOURCE_CASE_START=axial_source_gap80mm_frac0p90
           当前进度:   0 % - Study 1 - 3D Electrostatics stationary
Memory: 1114/1570 1262/1990
           当前进度:   3 % - Study 1 - 3D Electrostatics stationary
Memory: 1118/1570 1266/1990
<---- Study 1 - 3D Electrostatics stationary/解 1 (sol1) 中的“编译方程: 稳态” -----------
开始于 2026年9月4日 10:37:37。
几何形函数: 二次拉格朗日单元
几何形函数: 二次拉格朗日单元
在 Intel64 Family 6 Model 186 Stepping 2, GenuineIntel 上运行。
在以下位置使用 1 个插槽： 陈红星 上（共 1 个内核）。
可用内存：15.90 GB。
           当前进度:   3 % - 生成方程
Memory: 1116/1570 1264/1990
           当前进度:   6 % - 编译方程: 稳态
Memory: 1141/1570 1289/1990
           当前进度:   7 % - 编译方程: 稳态
Memory: 1140/1570 1288/1990
时间：1。
物理内存: 1.14 GB
虚拟内存: 1.29 GB
Warning: 自由空间采用真空条件，这会导致某些材料属性被忽略。请考虑为忽略的材料添加合适的物理场特征。

  - 节点: 自由空间 1

  - 物理场: Electrostatics: four finite-thickness rounded ring electrodes (es)

  - Materials: Natural Neon gas, representative relative permittivity (mat_gas), Representative alumina ceramic; epsilon_r=9.4 assumption (mat_diel)

  - Quantities: 相对介电常数, 相对介电常数
结束时间：2026年9月4日 10:37:38。
----- Study 1 - 3D Electrostatics stationary/解 1 (sol1) 中的“编译方程: 稳态” ---------->
<---- Study 1 - 3D Electrostatics stationary/解 1 (sol1) 中的“因变量 1” --------------
开始于 2026年9月4日 10:37:38。
           当前进度:   7 % - 因变量 1
Memory: 1137/1570 1283/1990
求解时间：0 s。
物理内存: 1.14 GB
虚拟内存: 1.28 GB
结束时间：2026年9月4日 10:37:38。
----- Study 1 - 3D Electrostatics stationary/解 1 (sol1) 中的“因变量 1” ------------->
<---- Study 1 - 3D Electrostatics stationary/解 1 (sol1) 中的“稳态求解器 1” ------------
开始于 2026年9月4日 10:37:38。
线性求解器 
求解的自由度数：113511。
--         当前进度:  24 % - 组装稀疏模式
Memory: 1163/1570 1311/1990
---        当前进度:  30 % - 组装矩阵
Memory: 1176/1570 1324/1990
---        当前进度:  38 % - 
Memory: 1188/1570 1336/1990
找到对称矩阵。
缩放因变量：
电势 (comp1.V): 1
已使用正交零空间函数。
---        当前进度:  38 % - 组装延展
Memory: 1187/1570 1338/1990
-------    当前进度:  74 % - 正在创建多重网格层次结构
Memory: 1178/1570 1326/1990
Iter      SolEst     Damping    Stepsize #Res #Jac #Sol LinIt   LinErr   LinRes
---------  当前进度:  98 % - 求解线性方程组
Memory: 1185/1570 1339/1990
   1        0.78   1.0000000        0.78    1    1    1     4  2.3e-05  4.1e-08
---------- 当前进度: 100 % - 
Memory: 1172/1570 1320/1990
求解时间：4 s。
物理内存: 1.19 GB
虚拟内存: 1.34 GB
结束时间：2026年9月4日 10:37:42。
----- Study 1 - 3D Electrostatics stationary/解 1 (sol1) 中的“稳态求解器 1” ----------->
           当前进度:   0 % - Study 2 - Single_Muon_Diagnostic
Memory: 1139/1570 1286/1990
           当前进度:   3 % - Study 2 - Single_Muon_Diagnostic
<---- Study 2 - Single_Muon_Diagnostic/解 2 (sol2) 中的“编译方程: 瞬态” -----------------
开始于 2026年9月4日 10:37:43。
几何形函数: 二次拉格朗日单元
几何形函数: 二次拉格朗日单元
在 Intel64 Family 6 Model 186 Stepping 2, GenuineIntel 上运行。
在以下位置使用 1 个插槽： 陈红星 上（共 1 个内核）。
可用内存：15.90 GB。
           当前进度:   3 % - 编译方程: 瞬态
           当前进度:   5 % - 编译方程: 瞬态
Memory: 1153/1570 1617/1990
时间：1。
物理内存: 1.25 GB
虚拟内存: 1.62 GB
Warning: 自由空间采用真空条件，这会导致某些材料属性被忽略。请考虑为忽略的材料添加合适的物理场特征。

  - 节点: 自由空间 1

  - 物理场: Electrostatics: four finite-thickness rounded ring electrodes (es)

  - Materials: Natural Neon gas, representative relative permittivity (mat_gas), Representative alumina ceramic; epsilon_r=9.4 assumption (mat_diel)

  - Quantities: 相对介电常数, 相对介电常数
结束时间：2026年9月4日 10:37:44。
----- Study 2 - Single_Muon_Diagnostic/解 2 (sol2) 中的“编译方程: 瞬态” ---------------->
<---- Study 2 - Single_Muon_Diagnostic/解 2 (sol2) 中的“因变量 1” --------------------
开始于 2026年9月4日 10:37:44。
不求解变量的值: 解 1 (sol1).
           当前进度:   5 % - 因变量 1
Memory: 1249/1570 1611/1990
求解时间：0 s。
物理内存: 1.25 GB
虚拟内存: 1.62 GB
结束时间：2026年9月4日 10:37:44。
----- Study 2 - Single_Muon_Diagnostic/解 2 (sol2) 中的“因变量 1” ------------------->
<---- Study 2 - Single_Muon_Diagnostic/解 2 (sol2) 中的“瞬态求解器 1” ------------------
开始于 2026年9月4日 10:37:44。
瞬态求解器（广义 α）
求解的自由度数：3（加上 4 个内部自由度）。
找到非对称矩阵。
缩放因变量：
颗粒位置 (comp1.qcpt): 1
Step        Time    Stepsize      Res  Jac  Sol Order Tfail NLfail LinIt   LinErr   LinRes
   0           0           - out    2    3    2                  0     0        0        0
   1    1.25e-10    1.25e-10        8    6    8     2     2      0    16  2.6e-09        -
   3  3.1677e-10   9.084e-11       16    8   16     2     2      0    35  3.5e-07        -
   5  4.4926e-10  5.0735e-11       24   10   24     2     2      0    51  2.5e-08        -
  11  7.5368e-10  5.0735e-11       36   10   36     2     2      0    70  1.1e-10        -
  15  9.5294e-10  4.7058e-11       46   10   46     2     2      0    90  1.2e-09        -
  16       1e-09  4.7058e-11 out   50   10   50     2     2      0    98  1.2e-09        -
  19  1.1412e-09  4.7058e-11       62   10   62     2     2      0   122  1.4e-09        -
  22  1.2824e-09  4.7058e-11       74   10   74     2     2      0   146  1.5e-09        -
  25  1.4235e-09  4.7058e-11       86   10   86     2     2      0   170  1.6e-09        -
  26  1.4618e-09  3.8237e-11       92   11   92     2     2      0   181  6.5e-07        -
  31  1.6529e-09  3.8237e-11      102   12  102     2     2      0   196  2.2e-07        -
  37  1.8824e-09  3.8237e-11      114   12  114     2     2      0   214  5.1e-07        -
  42  2.0412e-09  4.1155e-11      124   14  124     2     2      0   229  2.2e-08        -
  48  2.2881e-09  4.1155e-11      136   14  136     2     2      0   247    5e-07        -
  53  2.4764e-09  2.3646e-11      146   15  146     2     2      0   262  1.4e-09        -
  55  2.5473e-09  4.7291e-11      150   16  150     2     2      0   268  4.5e-08        -
  60  2.7837e-09  4.7291e-11      160   16  160     2     2      0   283  7.9e-07        -
  64  2.9628e-09  3.7189e-11      172   17  172     2     2      0   305  1.2e-08        -
  68  3.1116e-09  3.7189e-11      180   18  180     2     2      0   317  1.1e-07        -
  74  3.3347e-09  3.7189e-11      192   18  192     2     2      0   335  3.1e-07        -
  78  3.4731e-09  2.6869e-11      204   19  204     2     2      0   355  1.9e-09        -
  81  3.6075e-09  5.3738e-11      210   21  210     2     2      0   364  2.3e-07        -
  85  3.8224e-09  5.3738e-11      218   21  218     2     2      0   376  9.1e-07        -
  88   3.965e-09  3.5049e-11      224   22  224     2     2      0   387  7.2e-09        -
  93  4.1402e-09  3.5049e-11      234   22  234     2     2      0   402  1.1e-07        -
  97  4.3435e-09  6.3088e-11      246   24  246     2     2      0   425  1.4e-07        -
           当前进度:   8 % - 正在组装残差
Memory: 1287/1570 1611/1990
  99  4.4533e-09  4.6715e-11      254   26  254     2     2      0   442  2.9e-08        -
 103  4.6401e-09  4.6715e-11      262   27  262     2     2      0   454  3.3e-07        -
 109  4.9204e-09  4.6715e-11      274   27  274     2     2      0   472  9.7e-07        -
 111       5e-09  3.9781e-11 out  282   29  282     2     2      0   486  1.2e-08        -
 116  5.1989e-09  3.9781e-11      292   29  292     2     2      0   501  2.7e-07        -
 121  5.3978e-09  3.9781e-11      302   29  302     2     2      0   516  5.2e-07        -
 123  5.4688e-09  3.1202e-11      310   30  310     2     2      0   530  3.5e-09        -
 126  5.6248e-09  6.2404e-11      316   32  316     2     2      0   539    6e-07        -
 129   5.812e-09  6.2404e-11      322   32  322     2     2      0   551  1.4e-09        -
 133       6e-09  3.1586e-11 out  330   33  330     2     2      0   565    2e-08        -
 137  6.2527e-09  6.3173e-11      338   34  338     2     2      0   579  1.2e-09        -
 141     6.5e-09  6.0481e-11 out  348   34  348     2     2      0   599    6e-09        -
 144  6.6814e-09  6.0481e-11      357   34  357     2     2      0   617    4e-09        -
 148  6.9234e-09  6.0481e-11      369   34  369     2     2      0   641  2.9e-09        -
 151  7.0383e-09  3.8316e-11      375   35  375     2     2      0   650  1.6e-07        -
 156  7.2299e-09  3.8316e-11      385   35  385     2     2      0   665  5.2e-07        -
 161  7.4215e-09  3.8316e-11      395   35  395     2     2      0   680    9e-07        -
 165  7.5402e-09  4.0212e-11      403   37  403     2     2      0   692  2.6e-08        -
 170  7.7413e-09  4.0212e-11      413   37  413     2     2      0   707  5.3e-07        -
 173  7.8619e-09  4.0212e-11      419   37  419     2     2      0   716    8e-07        -
 176  7.9712e-09  2.8833e-11      429   38  429     2     2      0   733  4.4e-09        -
 179  8.0865e-09  5.7666e-11      435   40  435     2     2      0   742  1.3e-07        -
 184  8.3748e-09  5.7666e-11      445   40  445     2     2      0   761    1e-09        -
 187     8.5e-09  3.3751e-11 out  451   41  451     2     2      0   771    4e-08        -
 190   8.662e-09  6.0752e-11      461   43  461     2     2      0   788  1.5e-07        -
 194   8.905e-09  6.0752e-11      469   44  469     2     2      0   802  1.2e-09        -
 196       9e-09  4.7494e-11 out  477   46  477     2     2      0   816  5.4e-08        -
 198    9.12e-09  5.6857e-11      487   49  487     2     3      0   835    1e-07        -
 202  9.3475e-09  5.6857e-11      495   50  495     2     3      0   848  8.8e-10        -
 204  9.4522e-09  4.7843e-11      503   51  503     2     3      0   863  5.1e-08        -
 208  9.6435e-09  4.7843e-11      511   52  511     2     3      0   875  5.8e-07        -
 212  9.8349e-09  4.7843e-11      519   52  519     2     3      0   889  5.8e-10        -
 215  9.9653e-09  3.4706e-11      529   53  529     2     3      0   908  7.9e-09        -
 219  1.0104e-08  3.4706e-11      537   54  537     2     3      0   920    1e-07        -
 224  1.0278e-08  3.4706e-11      547   54  547     2     3      0   935  2.6e-07        -
 228  1.0416e-08  3.4706e-11      555   54  555     2     3      0   947  3.8e-07        -
 230  1.0476e-08  2.4414e-11      563   55  563     2     3      0   961    1e-09        -
 233  1.0598e-08  4.8828e-11      569   57  569     2     3      0   970  1.7e-07        -
 238  1.0891e-08  9.7657e-11      578   58  578     2     3      0   982        0        -
 243    1.25e-08       5e-10 out  583   60  583     2     3      0   982        0        -
 252     1.7e-08       5e-10 out  592   60  592     2     3      0   982        0        -
 261    2.15e-08       5e-10 out  601   60  601     2     3      0   982        0        -
 267    2.45e-08       5e-10 out  607   60  607     2     3      0   982        0        -
 275    2.85e-08       5e-10 out  615   60  615     2     3      0   982        0        -
 280     3.1e-08       5e-10 out  620   60  620     2     3      0   982        0        -
-          当前进度:  13 % - 正在组装残差
 287    3.45e-08       5e-10 out  627   60  627     2     3      0   982        0        -
 295    3.85e-08       5e-10 out  635   60  635     2     3      0   982        0        -
 300     4.1e-08       5e-10 out  640   60  640     2     3      0   982        0        -
 308     4.5e-08       5e-10 out  648   60  648     2     3      0   982        0        -
 315    4.85e-08       5e-10 out  655   60  655     2     3      0   982        0        -
 321    5.15e-08       5e-10 out  661   60  661     2     3      0   982        0        -
 327    5.45e-08       5e-10 out  667   60  667     2     3      0   982        0        -
 336     5.9e-08       5e-10 out  676   60  676     2     3      0   982        0        -
 344     6.3e-08       5e-10 out  684   60  684     2     3      0   982        0        -
 351    6.65e-08       5e-10 out  691   60  691     2     3      0   982        0        -
 360     7.1e-08       5e-10 out  700   60  700     2     3      0   982        0        -
 368     7.5e-08       5e-10 out  708   60  708     2     3      0   982        0        -
 373    7.75e-08       5e-10 out  713   60  713     2     3      0   982        0        -
 378       8e-08       5e-10 out  718   60  718     2     3      0   982        0        -
 383    8.25e-08       5e-10 out  723   60  723     2     3      0   982        0        -
 391    8.65e-08       5e-10 out  731   60  731     2     3      0   982        0        -
 399    9.05e-08       5e-10 out  739   60  739     2     3      0   982        0        -
 407    9.45e-08       5e-10 out  747   60  747     2     3      0   982        0        -
 414     9.8e-08       5e-10 out  754   60  754     2     3      0   982        0        -
 422    1.02e-07       5e-10 out  762   60  762     2     3      0   982        0        -
 429   1.055e-07       5e-10 out  769   60  769     2     3      0   982        0        -
 436    1.09e-07       5e-10 out  776   60  776     2     3      0   982        0        -
 444    1.13e-07       5e-10 out  784   60  784     2     3      0   982        0        -
 451   1.165e-07       5e-10 out  791   60  791     2     3      0   982        0        -
 459   1.205e-07       5e-10 out  799   60  799     2     3      0   982        0        -
 467   1.245e-07       5e-10 out  807   60  807     2     3      0   982        0        -
 474    1.28e-07       5e-10 out  814   60  814     2     3      0   982        0        -
 482    1.32e-07       5e-10 out  822   60  822     2     3      0   982        0        -
 490    1.36e-07       5e-10 out  830   60  830     2     3      0   982        0        -
 496    1.39e-07       5e-10 out  836   60  836     2     3      0   982        0        -
 503   1.425e-07       5e-10 out  843   60  843     2     3      0   982        0        -
 511   1.465e-07       5e-10 out  851   60  851     2     3      0   982        0        -
 520    1.51e-07       5e-10 out  860   60  860     2     3      0   982        0        -
 526    1.54e-07       5e-10 out  866   60  866     2     3      0   982        0        -
 535   1.585e-07       5e-10 out  875   60  875     2     3      0   982        0        -
 544    1.63e-07       5e-10 out  884   60  884     2     3      0   982        0        -
 551   1.665e-07       5e-10 out  891   60  891     2     3      0   982        0        -
 559   1.705e-07       5e-10 out  899   60  899     2     3      0   982        0        -
 567   1.745e-07       5e-10 out  907   60  907     2     3      0   982        0        -
 575   1.785e-07       5e-10 out  915   60  915     2     3      0   982        0        -
 584    1.83e-07       5e-10 out  924   60  924     2     3      0   982        0        -
 590    1.86e-07       5e-10 out  930   60  930     2     3      0   982        0        -
 598     1.9e-07       5e-10 out  938   60  938     2     3      0   982        0        -
 607   1.945e-07       5e-10 out  947   60  947     2     3      0   982        0        -
 614    1.98e-07       5e-10 out  954   60  954     2     3      0   982        0        -
 622    2.02e-07       5e-10 out  962   60  962     2     3      0   982        0        -
 630    2.06e-07       5e-10 out  970   60  970     2     3      0   982        0        -
 639   2.105e-07       5e-10 out  979   60  979     2     3      0   982        0        -
 648    2.15e-07       5e-10 out  988   60  988     2     3      0   982        0        -
 657   2.195e-07       5e-10 out  997   60  997     2     3      0   982        0        -
 666    2.24e-07       5e-10 out 1006   60 1006     2     3      0   982        0        -
 675   2.285e-07       5e-10 out 1015   60 1015     2     3      0   982        0        -
-----      当前进度:  50 % - 
 682    2.32e-07       5e-10 out 1022   60 1022     2     3      0   982        0        -
 689   2.355e-07       5e-10 out 1029   60 1029     2     3      0   982        0        -
 698     2.4e-07       5e-10 out 1038   60 1038     2     3      0   982        0        -
 704    2.43e-07       5e-10 out 1044   60 1044     2     3      0   982        0        -
 706    2.44e-07       5e-10 out 1046   60 1046     2     3      0   982        0        -
 714    2.48e-07       5e-10 out 1054   60 1054     2     3      0   982        0        -
 720    2.51e-07       5e-10 out 1060   60 1060     2     3      0   982        0        -
 726    2.54e-07       5e-10 out 1066   60 1066     2     3      0   982        0        -
 735   2.585e-07       5e-10 out 1075   60 1075     2     3      0   982        0        -
 743   2.625e-07       5e-10 out 1083   60 1083     2     3      0   982        0        -
 751   2.665e-07       5e-10 out 1091   60 1091     2     3      0   982        0        -
 760    2.71e-07       5e-10 out 1100   60 1100     2     3      0   982        0        -
 769   2.755e-07       5e-10 out 1109   60 1109     2     3      0   982        0        -
 778     2.8e-07       5e-10 out 1118   60 1118     2     3      0   982        0        -
 787   2.845e-07       5e-10 out 1127   60 1127     2     3      0   982        0        -
 793   2.875e-07       5e-10 out 1133   60 1133     2     3      0   982        0        -
 800    2.91e-07       5e-10 out 1140   60 1140     2     3      0   982        0        -
 808    2.95e-07       5e-10 out 1148   60 1148     2     3      0   982        0        -
 814    2.98e-07       5e-10 out 1154   60 1154     2     3      0   982        0        -
 823   3.025e-07       5e-10 out 1163   60 1163     2     3      0   982        0        -
 829   3.055e-07       5e-10 out 1169   60 1169     2     3      0   982        0        -
 836    3.09e-07       5e-10 out 1176   60 1176     2     3      0   982        0        -
 843   3.125e-07       5e-10 out 1183   60 1183     2     3      0   982        0        -
 850    3.16e-07       5e-10 out 1190   60 1190     2     3      0   982        0        -
 856    3.19e-07       5e-10 out 1196   60 1196     2     3      0   982        0        -
 863   3.225e-07       5e-10 out 1203   60 1203     2     3      0   982        0        -
 870    3.26e-07       5e-10 out 1210   60 1210     2     3      0   982        0        -
 877   3.295e-07       5e-10 out 1217   60 1217     2     3      0   982        0        -
 883   3.325e-07       5e-10 out 1223   60 1223     2     3      0   982        0        -
 891   3.365e-07       5e-10 out 1231   60 1231     2     3      0   982        0        -
 899   3.405e-07       5e-10 out 1239   60 1239     2     3      0   982        0        -
 907   3.445e-07       5e-10 out 1247   60 1247     2     3      0   982        0        -
 915   3.485e-07       5e-10 out 1255   60 1255     2     3      0   982        0        -
 923   3.525e-07       5e-10 out 1263   60 1263     2     3      0   982        0        -
 931   3.565e-07       5e-10 out 1271   60 1271     2     3      0   982        0        -
 938     3.6e-07       5e-10 out 1278   60 1278     2     3      0   982        0        -
 944    3.63e-07       5e-10 out 1284   60 1284     2     3      0   982        0        -
 951   3.665e-07       5e-10 out 1291   60 1291     2     3      0   982        0        -
 959   3.705e-07       5e-10 out 1299   60 1299     2     3      0   982        0        -
 966    3.74e-07       5e-10 out 1306   60 1306     2     3      0   982        0        -
 974    3.78e-07       5e-10 out 1314   60 1314     2     3      0   982        0        -
 982    3.82e-07       5e-10 out 1322   60 1322     2     3      0   982        0        -
 990    3.86e-07       5e-10 out 1330   60 1330     2     3      0   982        0        -
 998     3.9e-07       5e-10 out 1338   60 1338     2     3      0   982        0        -
1006    3.94e-07       5e-10 out 1346   60 1346     2     3      0   982        0        -
1014    3.98e-07       5e-10 out 1354   60 1354     2     3      0   982        0        -
1022    4.02e-07       5e-10 out 1362   60 1362     2     3      0   982        0        -
1030    4.06e-07       5e-10 out 1370   60 1370     2     3      0   982        0        -
1039   4.105e-07       5e-10 out 1379   60 1379     2     3      0   982        0        -
1047   4.145e-07       5e-10 out 1387   60 1387     2     3      0   982        0        -
1054    4.18e-07       5e-10 out 1394   60 1394     2     3      0   982        0        -
1062    4.22e-07       5e-10 out 1402   60 1402     2     3      0   982        0        -
1068    4.25e-07       5e-10 out 1408   60 1408     2     3      0   982        0        -
--------   当前进度:  86 % - 正在组装残差
1075   4.285e-07       5e-10 out 1415   60 1415     2     3      0   982        0        -
1083   4.325e-07       5e-10 out 1423   60 1423     2     3      0   982        0        -
1091   4.365e-07       5e-10 out 1431   60 1431     2     3      0   982        0        -
1099   4.405e-07       5e-10 out 1439   60 1439     2     3      0   982        0        -
1107   4.445e-07       5e-10 out 1447   60 1447     2     3      0   982        0        -
1115   4.485e-07       5e-10 out 1455   60 1455     2     3      0   982        0        -
1121   4.515e-07       5e-10 out 1461   60 1461     2     3      0   982        0        -
1129   4.555e-07       5e-10 out 1469   60 1469     2     3      0   982        0        -
1135   4.585e-07       5e-10 out 1475   60 1475     2     3      0   982        0        -
1142    4.62e-07       5e-10 out 1482   60 1482     2     3      0   982        0        -
1150    4.66e-07       5e-10 out 1490   60 1490     2     3      0   982        0        -
1155   4.685e-07       5e-10 out 1495   60 1495     2     3      0   982        0        -
1163   4.725e-07       5e-10 out 1503   60 1503     2     3      0   982        0        -
1171   4.765e-07       5e-10 out 1511   60 1511     2     3      0   982        0        -
1178     4.8e-07       5e-10 out 1518   60 1518     2     3      0   982        0        -
1185   4.835e-07       5e-10 out 1525   60 1525     2     3      0   982        0        -
1193   4.875e-07       5e-10 out 1533   60 1533     2     3      0   982        0        -
1200    4.91e-07       5e-10 out 1540   60 1540     2     3      0   982        0        -
1208    4.95e-07       5e-10 out 1548   60 1548     2     3      0   982        0        -
1215   4.985e-07       5e-10 out 1555   60 1555     2     3      0   982        0        -
1218       5e-07       5e-10 out 1558   60 1558     2     3      0   982        0        -
---------- 当前进度: 100 % - 
求解时间：2 s。
物理内存: 1.29 GB
虚拟内存: 1.61 GB
结束时间：2026年9月4日 10:37:45。
----- Study 2 - Single_Muon_Diagnostic/解 2 (sol2) 中的“瞬态求解器 1” ----------------->
           当前进度:   0 % - 
Memory: 1325/1570 1612/1990
-          当前进度:  12 % - 正在计算
Memory: 1331/1570 1612/1990
--         当前进度:  20 % - 正在计算
Memory: 1332/1570 1614/1990
--         当前进度:  28 % - 正在计算
Memory: 1330/1570 1611/1990
---        当前进度:  37 % - 正在计算
----       当前进度:  47 % - 正在计算
-----      当前进度:  57 % - 正在计算
------     当前进度:  66 % - 正在计算
-------    当前进度:  76 % - 正在计算
--------   当前进度:  85 % - 正在计算
---------  当前进度:  93 % - 正在计算
---------- 当前进度: 100 % - 正在计算
           当前进度:   0 % - 
Memory: 1350/1570 1611/1990
---        当前进度:  34 % - 正在计算
Memory: 1340/1570 1599/1990
---------  当前进度:  95 % - 正在计算
Memory: 1341/1570 1600/1990
AXIAL_SOURCE_CASE_COMPLETE=axial_source_gap80mm_frac0p90
AXIAL_SOURCE_CASE_START=axial_source_gap80mm_frac0p95
           当前进度:   0 % - Study 1 - 3D Electrostatics stationary
Memory: 1119/1570 1263/1990
           当前进度:   3 % - Study 1 - 3D Electrostatics stationary
Memory: 1119/1570 1264/1990
<---- Study 1 - 3D Electrostatics stationary/解 1 (sol1) 中的“编译方程: 稳态” -----------
开始于 2026年9月4日 10:37:50。
几何形函数: 二次拉格朗日单元
几何形函数: 二次拉格朗日单元
在 Intel64 Family 6 Model 186 Stepping 2, GenuineIntel 上运行。
在以下位置使用 1 个插槽： 陈红星 上（共 1 个内核）。
可用内存：15.90 GB。
           当前进度:   3 % - 编译方程: 稳态
           当前进度:   6 % - 编译方程: 稳态
Memory: 1142/1570 1287/1990
           当前进度:   7 % - 编译方程: 稳态
Memory: 1138/1570 1283/1990
时间：1。
物理内存: 1.14 GB
虚拟内存: 1.29 GB
Warning: 自由空间采用真空条件，这会导致某些材料属性被忽略。请考虑为忽略的材料添加合适的物理场特征。

  - 节点: 自由空间 1

  - 物理场: Electrostatics: four finite-thickness rounded ring electrodes (es)

  - Materials: Natural Neon gas, representative relative permittivity (mat_gas), Representative alumina ceramic; epsilon_r=9.4 assumption (mat_diel)

  - Quantities: 相对介电常数, 相对介电常数
结束时间：2026年9月4日 10:37:51。
----- Study 1 - 3D Electrostatics stationary/解 1 (sol1) 中的“编译方程: 稳态” ---------->
<---- Study 1 - 3D Electrostatics stationary/解 1 (sol1) 中的“因变量 1” --------------
开始于 2026年9月4日 10:37:51。
           当前进度:   7 % - 因变量 1
Memory: 1139/1570 1283/1990
求解时间：0 s。
物理内存: 1.14 GB
虚拟内存: 1.28 GB
结束时间：2026年9月4日 10:37:51。
----- Study 1 - 3D Electrostatics stationary/解 1 (sol1) 中的“因变量 1” ------------->
<---- Study 1 - 3D Electrostatics stationary/解 1 (sol1) 中的“稳态求解器 1” ------------
开始于 2026年9月4日 10:37:51。
线性求解器 
求解的自由度数：113511。
--         当前进度:  22 % - 组装稀疏模式
Memory: 1144/1570 1289/1990
---        当前进度:  30 % - 组装矩阵
Memory: 1187/1570 1333/1990
---        当前进度:  38 % - 
Memory: 1199/1570 1346/1990
找到对称矩阵。
缩放因变量：
电势 (comp1.V): 1
已使用正交零空间函数。
---        当前进度:  38 % - 组装延展
Memory: 1189/1570 1336/1990
Iter      SolEst     Damping    Stepsize #Res #Jac #Sol LinIt   LinErr   LinRes
-------    当前进度:  74 % - 求解线性方程组
Memory: 1193/1570 1347/1990
   1        0.78   1.0000000        0.78    1    1    1     4  2.3e-05  4.1e-08
---------- 当前进度: 100 % - 
Memory: 1173/1570 1322/1990
求解时间：4 s。
物理内存: 1.2 GB
虚拟内存: 1.35 GB
结束时间：2026年9月4日 10:37:56。
----- Study 1 - 3D Electrostatics stationary/解 1 (sol1) 中的“稳态求解器 1” ----------->
           当前进度:   0 % - Study 2 - Single_Muon_Diagnostic
Memory: 1170/1570 1319/1990
           当前进度:   3 % - Study 2 - Single_Muon_Diagnostic
<---- Study 2 - Single_Muon_Diagnostic/解 2 (sol2) 中的“编译方程: 瞬态” -----------------
开始于 2026年9月4日 10:37:56。
几何形函数: 二次拉格朗日单元
几何形函数: 二次拉格朗日单元
在 Intel64 Family 6 Model 186 Stepping 2, GenuineIntel 上运行。
在以下位置使用 1 个插槽： 陈红星 上（共 1 个内核）。
可用内存：15.90 GB。
           当前进度:   3 % - 编译方程: 瞬态
           当前进度:   5 % - 编译方程: 瞬态
Memory: 1185/1570 1648/1990
时间：1。
物理内存: 1.28 GB
虚拟内存: 1.66 GB
Warning: 自由空间采用真空条件，这会导致某些材料属性被忽略。请考虑为忽略的材料添加合适的物理场特征。

  - 节点: 自由空间 1

  - 物理场: Electrostatics: four finite-thickness rounded ring electrodes (es)

  - Materials: Natural Neon gas, representative relative permittivity (mat_gas), Representative alumina ceramic; epsilon_r=9.4 assumption (mat_diel)

  - Quantities: 相对介电常数, 相对介电常数
结束时间：2026年9月4日 10:37:57。
----- Study 2 - Single_Muon_Diagnostic/解 2 (sol2) 中的“编译方程: 瞬态” ---------------->
<---- Study 2 - Single_Muon_Diagnostic/解 2 (sol2) 中的“因变量 1” --------------------
开始于 2026年9月4日 10:37:57。
不求解变量的值: 解 1 (sol1).
           当前进度:   5 % - 因变量 1
Memory: 1280/1570 1643/1990
求解时间：0 s。
物理内存: 1.28 GB
虚拟内存: 1.64 GB
结束时间：2026年9月4日 10:37:57。
----- Study 2 - Single_Muon_Diagnostic/解 2 (sol2) 中的“因变量 1” ------------------->
<---- Study 2 - Single_Muon_Diagnostic/解 2 (sol2) 中的“瞬态求解器 1” ------------------
开始于 2026年9月4日 10:37:57。
瞬态求解器（广义 α）
求解的自由度数：3（加上 4 个内部自由度）。
找到非对称矩阵。
缩放因变量：
颗粒位置 (comp1.qcpt): 1
Step        Time    Stepsize      Res  Jac  Sol Order Tfail NLfail LinIt   LinErr   LinRes
   0           0           - out    2    3    2                  0     0        0        0
   1    1.25e-10    1.25e-10        8    6    8     2     2      0    16    9e-11        -
   2  2.2591e-10  1.0091e-10       14    7   14     2     2      0    31    3e-08        -
   4  3.9846e-10  8.1736e-11       22    9   22     2     2      0    45  2.3e-07        -
   7  5.5077e-10  5.0768e-11       28   10   28     2     2      0    54  2.9e-07        -
  11  7.5384e-10  5.0768e-11       36   10   36     2     2      0    67  6.8e-11        -
  15  9.5307e-10  4.6928e-11       46   10   46     2     2      0    87  9.3e-10        -
  17  1.0469e-09  4.6928e-11       54   10   54     2     2      0   103  9.1e-10        -
  20  1.1877e-09  4.6928e-11       66   10   66     2     2      0   127  1.2e-09        -
  23  1.3285e-09  4.6928e-11       78   10   78     2     2      0   151  1.5e-09        -
  26  1.4612e-09  3.8825e-11       92   11   92     2     2      0   178  1.5e-08        -
  30  1.6165e-09  3.8825e-11      100   12  100     2     2      0   190  1.8e-07        -
  33  1.7329e-09  3.8825e-11      106   12  106     2     2      0   199  3.4e-07        -
  37  1.9441e-09  5.5876e-11      118   14  118     2     2      0   224    1e-07        -
  39  2.0559e-09  5.5876e-11      122   15  122     2     2      0   230  4.4e-07        -
  44  2.3353e-09  5.5876e-11      132   15  132     2     2      0   249  4.6e-10        -
  48  2.5544e-09  5.4432e-11      143   15  143     2     2      0   271  2.2e-09        -
  51  2.7177e-09  5.4432e-11      152   15  152     2     2      0   289  2.2e-09        -
  55  2.9355e-09  5.4432e-11      164   15  164     2     2      0   313  2.3e-09        -
  59  3.0968e-09   6.454e-11      172   17  172     2     2      0   326  1.8e-07        -
  61   3.213e-09  5.8086e-11      180   19  180     2     2      0   341  9.7e-08        -
  64  3.3814e-09  5.2277e-11      190   20  190     2     2      0   359    4e-08        -
  66  3.4669e-09  3.3145e-11      194   22  194     2     2      0   365  3.7e-09        -
           当前进度:   7 % - 
Memory: 1318/1570 1643/1990
  70  3.5994e-09  3.3145e-11      202   22  202     2     2      0   377  6.5e-08        -
  74   3.732e-09  3.3145e-11      210   22  210     2     2      0   389  1.2e-07        -
  77  3.8646e-09  6.6291e-11      216   23  216     2     2      0   399  1.2e-07        -
  79  3.9621e-09   3.787e-11      224   25  224     2     2      0   415  7.3e-09        -
  83  4.1136e-09   3.787e-11      232   25  232     2     2      0   427  1.3e-07        -
  88   4.303e-09   3.787e-11      242   25  242     2     2      0   442  2.9e-07        -
  91  4.4393e-09   6.065e-11      248   26  248     2     2      0   452    9e-08        -
  94  4.6213e-09   6.065e-11      254   26  254     2     2      0   465  6.3e-09        -
  99  4.9246e-09   6.065e-11      264   26  264     2     2      0   490  7.8e-10        -
 102  5.0377e-09  3.7724e-11      270   27  270     2     2      0   499  8.6e-08        -
 104  5.1811e-09  6.7904e-11      278   29  278     2     2      0   516  1.8e-07        -
 107  5.3848e-09  6.7904e-11      284   30  284     2     2      0   529  2.8e-10        -
 109     5.5e-09  5.7607e-11 out  292   32  292     2     2      0   544  7.9e-08        -
 114   5.788e-09  5.7607e-11      302   32  302     2     2      0   562  1.1e-09        -
 117  5.9516e-09  4.8376e-11      312   33  312     2     2      0   581  3.3e-08        -
 121  6.1451e-09  4.8376e-11      320   34  320     2     2      0   593  4.4e-07        -
 124  6.2903e-09  4.8376e-11      326   34  326     2     2      0   602  8.8e-07        -
 128  6.4677e-09  3.2306e-11      338   35  338     2     2      0   625  5.4e-09        -
 131  6.5646e-09  3.2306e-11      344   36  344     2     2      0   634  5.2e-08        -
 135  6.7908e-09  6.4612e-11      352   37  352     2     2      0   647    6e-10        -
 139       7e-09  4.0013e-11 out  360   38  360     2     2      0   661    1e-07        -
 144  7.2001e-09  4.0013e-11      370   38  370     2     2      0   676  5.4e-07        -
 149  7.4001e-09  4.0013e-11      380   38  380     2     2      0   691  9.9e-07        -
 151  7.4701e-09  2.9931e-11      388   39  388     2     2      0   706  5.6e-09        -
 154  7.5898e-09  5.9862e-11      394   41  394     2     2      0   715  1.8e-07        -
 156  7.6975e-09  5.3875e-11      402   43  402     2     2      0   729  1.1e-07        -
 161  7.9565e-09  4.3478e-11      416   44  416     2     2      0   754  4.2e-08        -
 165  8.1304e-09  4.3478e-11      424   45  424     2     2      0   766  4.3e-07        -
 169  8.3043e-09  4.3478e-11      432   45  432     2     2      0   778  8.9e-07        -
 173  8.4674e-09  3.2612e-11      444   46  444     2     2      0   800  6.2e-09        -
 176  8.5978e-09  6.5223e-11      450   48  450     2     2      0   809  1.9e-07        -
 178  8.7152e-09  5.8701e-11      458   50  458     2     2      0   823  1.1e-07        -
 182  8.9457e-09  5.4331e-11      468   50  468     2     2      0   842  1.2e-09        -
 185  9.3043e-09  1.9567e-10      474   52  474     2     2      0   850        0        -
 192     1.2e-08       5e-10 out  481   53  481     2     2      0   850        0        -
 199    1.55e-08       5e-10 out  488   53  488     2     2      0   850        0        -
 207    1.95e-08       5e-10 out  496   53  496     2     2      0   850        0        -
 215    2.35e-08       5e-10 out  504   53  504     2     2      0   850        0        -
 223    2.75e-08       5e-10 out  512   53  512     2     2      0   850        0        -
 231    3.15e-08       5e-10 out  520   53  520     2     2      0   850        0        -
 239    3.55e-08       5e-10 out  528   53  528     2     2      0   850        0        -
 246     3.9e-08       5e-10 out  535   53  535     2     2      0   850        0        -
 254     4.3e-08       5e-10 out  543   53  543     2     2      0   850        0        -
 262     4.7e-08       5e-10 out  551   53  551     2     2      0   850        0        -
 267    4.95e-08       5e-10 out  556   53  556     2     2      0   850        0        -
 274     5.3e-08       5e-10 out  563   53  563     2     2      0   850        0        -
-          当前进度:  17 % - 
 281    5.65e-08       5e-10 out  570   53  570     2     2      0   850        0        -
 289    6.05e-08       5e-10 out  578   53  578     2     2      0   850        0        -
 297    6.45e-08       5e-10 out  586   53  586     2     2      0   850        0        -
 305    6.85e-08       5e-10 out  594   53  594     2     2      0   850        0        -
 312     7.2e-08       5e-10 out  601   53  601     2     2      0   850        0        -
 320     7.6e-08       5e-10 out  609   53  609     2     2      0   850        0        -
 328       8e-08       5e-10 out  617   53  617     2     2      0   850        0        -
 336     8.4e-08       5e-10 out  625   53  625     2     2      0   850        0        -
 345    8.85e-08       5e-10 out  634   53  634     2     2      0   850        0        -
 354     9.3e-08       5e-10 out  643   53  643     2     2      0   850        0        -
 362     9.7e-08       5e-10 out  651   53  651     2     2      0   850        0        -
 370    1.01e-07       5e-10 out  659   53  659     2     2      0   850        0        -
 378    1.05e-07       5e-10 out  667   53  667     2     2      0   850        0        -
 386    1.09e-07       5e-10 out  675   53  675     2     2      0   850        0        -
 395   1.135e-07       5e-10 out  684   53  684     2     2      0   850        0        -
 404    1.18e-07       5e-10 out  693   53  693     2     2      0   850        0        -
 413   1.225e-07       5e-10 out  702   53  702     2     2      0   850        0        -
 422    1.27e-07       5e-10 out  711   53  711     2     2      0   850        0        -
 431   1.315e-07       5e-10 out  720   53  720     2     2      0   850        0        -
 439   1.355e-07       5e-10 out  728   53  728     2     2      0   850        0        -
 448     1.4e-07       5e-10 out  737   53  737     2     2      0   850        0        -
 456    1.44e-07       5e-10 out  745   53  745     2     2      0   850        0        -
 462    1.47e-07       5e-10 out  751   53  751     2     2      0   850        0        -
 471   1.515e-07       5e-10 out  760   53  760     2     2      0   850        0        -
 478    1.55e-07       5e-10 out  767   53  767     2     2      0   850        0        -
 486    1.59e-07       5e-10 out  775   53  775     2     2      0   850        0        -
 495   1.635e-07       5e-10 out  784   53  784     2     2      0   850        0        -
 503   1.675e-07       5e-10 out  792   53  792     2     2      0   850        0        -
 512    1.72e-07       5e-10 out  801   53  801     2     2      0   850        0        -
 521   1.765e-07       5e-10 out  810   53  810     2     2      0   850        0        -
 528     1.8e-07       5e-10 out  817   53  817     2     2      0   850        0        -
 536    1.84e-07       5e-10 out  825   53  825     2     2      0   850        0        -
 545   1.885e-07       5e-10 out  834   53  834     2     2      0   850        0        -
 554    1.93e-07       5e-10 out  843   53  843     2     2      0   850        0        -
 562    1.97e-07       5e-10 out  851   53  851     2     2      0   850        0        -
 571   2.015e-07       5e-10 out  860   53  860     2     2      0   850        0        -
 581   2.065e-07       5e-10 out  870   53  870     2     2      0   850        0        -
 590    2.11e-07       5e-10 out  879   53  879     2     2      0   850        0        -
 600    2.16e-07       5e-10 out  889   53  889     2     2      0   850        0        -
 608     2.2e-07       5e-10 out  897   53  897     2     2      0   850        0        -
 617   2.245e-07       5e-10 out  906   53  906     2     2      0   850        0        -
 626    2.29e-07       5e-10 out  915   53  915     2     2      0   850        0        -
 635   2.335e-07       5e-10 out  924   53  924     2     2      0   850        0        -
 644    2.38e-07       5e-10 out  933   53  933     2     2      0   850        0        -
 654    2.43e-07       5e-10 out  943   53  943     2     2      0   850        0        -
 663   2.475e-07       5e-10 out  952   53  952     2     2      0   850        0        -
 671   2.515e-07       5e-10 out  960   53  960     2     2      0   850        0        -
 680    2.56e-07       5e-10 out  969   53  969     2     2      0   850        0        -
 689   2.605e-07       5e-10 out  978   53  978     2     2      0   850        0        -
 697   2.645e-07       5e-10 out  986   53  986     2     2      0   850        0        -
 706    2.69e-07       5e-10 out  995   53  995     2     2      0   850        0        -
 715   2.735e-07       5e-10 out 1004   53 1004     2     2      0   850        0        -
 724    2.78e-07       5e-10 out 1013   53 1013     2     2      0   850        0        -
-----      当前进度:  59 % - 正在组装残差
 731   2.815e-07       5e-10 out 1020   53 1020     2     2      0   850        0        -
 740    2.86e-07       5e-10 out 1029   53 1029     2     2      0   850        0        -
 749   2.905e-07       5e-10 out 1038   53 1038     2     2      0   850        0        -
 759   2.955e-07       5e-10 out 1048   53 1048     2     2      0   850        0        -
 766    2.99e-07       5e-10 out 1055   53 1055     2     2      0   850        0        -
 776    3.04e-07       5e-10 out 1065   53 1065     2     2      0   850        0        -
 784    3.08e-07       5e-10 out 1073   53 1073     2     2      0   850        0        -
 793   3.125e-07       5e-10 out 1082   53 1082     2     2      0   850        0        -
 802    3.17e-07       5e-10 out 1091   53 1091     2     2      0   850        0        -
 809   3.205e-07       5e-10 out 1098   53 1098     2     2      0   850        0        -
 818    3.25e-07       5e-10 out 1107   53 1107     2     2      0   850        0        -
 827   3.295e-07       5e-10 out 1116   53 1116     2     2      0   850        0        -
 836    3.34e-07       5e-10 out 1125   53 1125     2     2      0   850        0        -
 845   3.385e-07       5e-10 out 1134   53 1134     2     2      0   850        0        -
 854    3.43e-07       5e-10 out 1143   53 1143     2     2      0   850        0        -
 863   3.475e-07       5e-10 out 1152   53 1152     2     2      0   850        0        -
 872    3.52e-07       5e-10 out 1161   53 1161     2     2      0   850        0        -
 881   3.565e-07       5e-10 out 1170   53 1170     2     2      0   850        0        -
 889   3.605e-07       5e-10 out 1178   53 1178     2     2      0   850        0        -
 895   3.635e-07       5e-10 out 1184   53 1184     2     2      0   850        0        -
 899   3.655e-07       5e-10 out 1188   53 1188     2     2      0   850        0        -
 906    3.69e-07       5e-10 out 1195   53 1195     2     2      0   850        0        -
 912    3.72e-07       5e-10 out 1201   53 1201     2     2      0   850        0        -
 920    3.76e-07       5e-10 out 1209   53 1209     2     2      0   850        0        -
 929   3.805e-07       5e-10 out 1218   53 1218     2     2      0   850        0        -
 936    3.84e-07       5e-10 out 1225   53 1225     2     2      0   850        0        -
 944    3.88e-07       5e-10 out 1233   53 1233     2     2      0   850        0        -
 951   3.915e-07       5e-10 out 1240   53 1240     2     2      0   850        0        -
 957   3.945e-07       5e-10 out 1246   53 1246     2     2      0   850        0        -
 964    3.98e-07       5e-10 out 1253   53 1253     2     2      0   850        0        -
 972    4.02e-07       5e-10 out 1261   53 1261     2     2      0   850        0        -
 980    4.06e-07       5e-10 out 1269   53 1269     2     2      0   850        0        -
 988     4.1e-07       5e-10 out 1277   53 1277     2     2      0   850        0        -
 993   4.125e-07       5e-10 out 1282   53 1282     2     2      0   850        0        -
1000    4.16e-07       5e-10 out 1289   53 1289     2     2      0   850        0        -
1009   4.205e-07       5e-10 out 1298   53 1298     2     2      0   850        0        -
1017   4.245e-07       5e-10 out 1306   53 1306     2     2      0   850        0        -
1023   4.275e-07       5e-10 out 1312   53 1312     2     2      0   850        0        -
1031   4.315e-07       5e-10 out 1320   53 1320     2     2      0   850        0        -
1038    4.35e-07       5e-10 out 1327   53 1327     2     2      0   850        0        -
1046    4.39e-07       5e-10 out 1335   53 1335     2     2      0   850        0        -
1055   4.435e-07       5e-10 out 1344   53 1344     2     2      0   850        0        -
1064    4.48e-07       5e-10 out 1353   53 1353     2     2      0   850        0        -
1073   4.525e-07       5e-10 out 1362   53 1362     2     2      0   850        0        -
1082    4.57e-07       5e-10 out 1371   53 1371     2     2      0   850        0        -
1089   4.605e-07       5e-10 out 1378   53 1378     2     2      0   850        0        -
1097   4.645e-07       5e-10 out 1386   53 1386     2     2      0   850        0        -
1106    4.69e-07       5e-10 out 1395   53 1395     2     2      0   850        0        -
1115   4.735e-07       5e-10 out 1404   53 1404     2     2      0   850        0        -
1123   4.775e-07       5e-10 out 1412   53 1412     2     2      0   850        0        -
---------  当前进度:  97 % - 正在组装残差
Memory: 1319/1570 1643/1990
1132    4.82e-07       5e-10 out 1421   53 1421     2     2      0   850        0        -
1141   4.865e-07       5e-10 out 1430   53 1430     2     2      0   850        0        -
1150    4.91e-07       5e-10 out 1439   53 1439     2     2      0   850        0        -
1158    4.95e-07       5e-10 out 1447   53 1447     2     2      0   850        0        -
1166    4.99e-07       5e-10 out 1455   53 1455     2     2      0   850        0        -
1168       5e-07       5e-10 out 1457   53 1457     2     2      0   850        0        -
---------- 当前进度: 100 % - 
求解时间：1 s。
物理内存: 1.32 GB
虚拟内存: 1.64 GB
结束时间：2026年9月4日 10:37:59。
----- Study 2 - Single_Muon_Diagnostic/解 2 (sol2) 中的“瞬态求解器 1” ----------------->
           当前进度:   0 % - 
Memory: 1356/1570 1643/1990
-          当前进度:  12 % - 正在计算
Memory: 1357/1570 1639/1990
--         当前进度:  20 % - 正在计算
--         当前进度:  28 % - 正在计算
---        当前进度:  35 % - 正在计算
----       当前进度:  43 % - 正在计算
-----      当前进度:  53 % - 正在计算
------     当前进度:  63 % - 正在计算
-------    当前进度:  72 % - 正在计算
--------   当前进度:  82 % - 正在计算
---------  当前进度:  92 % - 正在计算
---------- 当前进度: 100 % - 正在计算
           当前进度:   0 % - 
Memory: 1378/1570 1639/1990
---        当前进度:  34 % - 正在计算
Memory: 1364/1570 1623/1990
---------  当前进度:  95 % - 正在计算
Memory: 1356/1570 1614/1990
AXIAL_SOURCE_CASE_COMPLETE=axial_source_gap80mm_frac0p95
AXIAL_SOURCE_CASE_START=axial_source_gap80mm_frac0p98
           当前进度:   2 % - 生成方程
Memory: 1442/1570 1614/1990
           当前进度:   3 % - Study 1 - 3D Electrostatics stationary
Memory: 1125/1570 1269/1990
<---- Study 1 - 3D Electrostatics stationary/解 1 (sol1) 中的“编译方程: 稳态” -----------
开始于 2026年9月4日 10:38:03。
几何形函数: 二次拉格朗日单元
几何形函数: 二次拉格朗日单元
在 Intel64 Family 6 Model 186 Stepping 2, GenuineIntel 上运行。
在以下位置使用 1 个插槽： 陈红星 上（共 1 个内核）。
可用内存：15.90 GB。
           当前进度:   3 % - 编译方程: 稳态
           当前进度:   6 % - 编译方程: 稳态
Memory: 1129/1570 1272/1990
           当前进度:   7 % - 编译方程: 稳态
Memory: 1124/1570 1268/1990
时间：1。
物理内存: 1.13 GB
虚拟内存: 1.27 GB
Warning: 自由空间采用真空条件，这会导致某些材料属性被忽略。请考虑为忽略的材料添加合适的物理场特征。

  - 节点: 自由空间 1

  - 物理场: Electrostatics: four finite-thickness rounded ring electrodes (es)

  - Materials: Natural Neon gas, representative relative permittivity (mat_gas), Representative alumina ceramic; epsilon_r=9.4 assumption (mat_diel)

  - Quantities: 相对介电常数, 相对介电常数
结束时间：2026年9月4日 10:38:04。
----- Study 1 - 3D Electrostatics stationary/解 1 (sol1) 中的“编译方程: 稳态” ---------->
<---- Study 1 - 3D Electrostatics stationary/解 1 (sol1) 中的“因变量 1” --------------
开始于 2026年9月4日 10:38:04。
           当前进度:   7 % - 因变量 1
求解时间：0 s。
物理内存: 1.12 GB
虚拟内存: 1.27 GB
结束时间：2026年9月4日 10:38:05。
----- Study 1 - 3D Electrostatics stationary/解 1 (sol1) 中的“因变量 1” ------------->
<---- Study 1 - 3D Electrostatics stationary/解 1 (sol1) 中的“稳态求解器 1” ------------
开始于 2026年9月4日 10:38:05。
线性求解器 
求解的自由度数：113511。
--         当前进度:  23 % - 组装稀疏模式
Memory: 1130/1570 1275/1990
--         当前进度:  29 % - 组装矩阵
Memory: 1173/1570 1318/1990
---        当前进度:  38 % - 
Memory: 1184/1570 1331/1990
找到对称矩阵。
缩放因变量：
电势 (comp1.V): 1
已使用正交零空间函数。
---        当前进度:  38 % - 组装延展
Memory: 1190/1570 1339/1990
-----      当前进度:  56 % - 组装稀疏模式
Memory: 1184/1570 1332/1990
Iter      SolEst     Damping    Stepsize #Res #Jac #Sol LinIt   LinErr   LinRes
-------    当前进度:  74 % - 求解线性方程组
Memory: 1182/1570 1334/1990
   1        0.78   1.0000000        0.78    1    1    1     4  2.3e-05  4.1e-08
---------- 当前进度: 100 % - 
Memory: 1169/1570 1317/1990
求解时间：4 s。
物理内存: 1.19 GB
虚拟内存: 1.34 GB
结束时间：2026年9月4日 10:38:09。
----- Study 1 - 3D Electrostatics stationary/解 1 (sol1) 中的“稳态求解器 1” ----------->
           当前进度:   0 % - Study 2 - Single_Muon_Diagnostic
Memory: 1160/1570 1306/1990
           当前进度:   3 % - Study 2 - Single_Muon_Diagnostic
Memory: 1162/1570 1308/1990
<---- Study 2 - Single_Muon_Diagnostic/解 2 (sol2) 中的“编译方程: 瞬态” -----------------
开始于 2026年9月4日 10:38:09。
几何形函数: 二次拉格朗日单元
几何形函数: 二次拉格朗日单元
在 Intel64 Family 6 Model 186 Stepping 2, GenuineIntel 上运行。
在以下位置使用 1 个插槽： 陈红星 上（共 1 个内核）。
可用内存：15.90 GB。
           当前进度:   3 % - 编译方程: 瞬态
           当前进度:   5 % - 编译方程: 瞬态
Memory: 1193/1570 1651/1990
时间：1。
物理内存: 1.29 GB
虚拟内存: 1.65 GB
Warning: 自由空间采用真空条件，这会导致某些材料属性被忽略。请考虑为忽略的材料添加合适的物理场特征。

  - 节点: 自由空间 1

  - 物理场: Electrostatics: four finite-thickness rounded ring electrodes (es)

  - Materials: Natural Neon gas, representative relative permittivity (mat_gas), Representative alumina ceramic; epsilon_r=9.4 assumption (mat_diel)

  - Quantities: 相对介电常数, 相对介电常数
结束时间：2026年9月4日 10:38:10。
----- Study 2 - Single_Muon_Diagnostic/解 2 (sol2) 中的“编译方程: 瞬态” ---------------->
<---- Study 2 - Single_Muon_Diagnostic/解 2 (sol2) 中的“因变量 1” --------------------
开始于 2026年9月4日 10:38:10。
不求解变量的值: 解 1 (sol1).
           当前进度:   5 % - 因变量 1
Memory: 1281/1570 1638/1990
求解时间：0 s。
物理内存: 1.29 GB
虚拟内存: 1.65 GB
结束时间：2026年9月4日 10:38:11。
----- Study 2 - Single_Muon_Diagnostic/解 2 (sol2) 中的“因变量 1” ------------------->
<---- Study 2 - Single_Muon_Diagnostic/解 2 (sol2) 中的“瞬态求解器 1” ------------------
开始于 2026年9月4日 10:38:11。
瞬态求解器（广义 α）
求解的自由度数：3（加上 4 个内部自由度）。
找到非对称矩阵。
缩放因变量：
颗粒位置 (comp1.qcpt): 1
Step        Time    Stepsize      Res  Jac  Sol Order Tfail NLfail LinIt   LinErr   LinRes
   0           0           - out    2    3    2                  0     0        0        0
   1    1.25e-10    1.25e-10        8    6    8     2     2      0    16  9.8e-10        -
   3  3.1692e-10   9.091e-11       16    8   16     2     2      0    31  3.9e-07        -
   5  4.4937e-10  5.0631e-11       24   10   24     2     2      0    45  2.4e-08        -
  10  7.0252e-10  5.0631e-11       34   10   34     2     2      0    60  8.7e-07        -
  15  9.5252e-10  4.7477e-11       45   10   45     2     2      0    82  1.4e-09        -
  18   1.095e-09  4.7477e-11       54   10   54     2     2      0   100  1.7e-09        -
  22  1.2849e-09  4.7477e-11       66   10   66     2     2      0   124  3.6e-09        -
  25  1.4273e-09  4.7477e-11       75   10   75     2     2      0   142  5.5e-09        -
  26  1.4636e-09  3.6351e-11       81   11   81     2     2      0   153  1.6e-08        -
  30  1.6091e-09  3.6351e-11       89   12   89     2     2      0   165  1.2e-07        -
  35  1.7908e-09  3.6351e-11       99   12   99     2     2      0   180  3.1e-07        -
  40  1.9681e-09  3.1891e-11      113   13  113     2     2      0   203  5.1e-09        -
  44  2.0957e-09  3.1891e-11      121   14  121     2     2      0   215  6.6e-08        -
  48  2.2232e-09  3.1891e-11      129   14  129     2     2      0   227  1.5e-07        -
  53  2.3827e-09  3.1891e-11      139   14  139     2     2      0   242  2.5e-07        -
  56  2.4732e-09   2.676e-11      149   15  149     2     2      0   259  2.1e-09        -
  59  2.6606e-09  1.0704e-10      154   18  154     2     2      0   265        0        -
  65     4.5e-09       5e-10 out  160   20  160     2     2      0   265        0        -
  75     9.5e-09       5e-10 out  170   20  170     2     2      0   265        0        -
  85    1.45e-08       5e-10 out  180   20  180     2     2      0   265        0        -
  95    1.95e-08       5e-10 out  190   20  190     2     2      0   265        0        -
 104     2.4e-08       5e-10 out  199   20  199     2     2      0   265        0        -
 113    2.85e-08       5e-10 out  208   20  208     2     2      0   265        0        -
 122     3.3e-08       5e-10 out  217   20  217     2     2      0   265        0        -
 129    3.65e-08       5e-10 out  224   20  224     2     2      0   265        0        -
 136       4e-08       5e-10 out  231   20  231     2     2      0   265        0        -
-          当前进度:  14 % - 正在组装残差
Memory: 1319/1570 1638/1990
 144     4.4e-08       5e-10 out  239   20  239     2     2      0   265        0        -
 152     4.8e-08       5e-10 out  247   20  247     2     2      0   265        0        -
 160     5.2e-08       5e-10 out  255   20  255     2     2      0   265        0        -
 167    5.55e-08       5e-10 out  262   20  262     2     2      0   265        0        -
 174     5.9e-08       5e-10 out  269   20  269     2     2      0   265        0        -
 183    6.35e-08       5e-10 out  278   20  278     2     2      0   265        0        -
 189    6.65e-08       5e-10 out  284   20  284     2     2      0   265        0        -
 197    7.05e-08       5e-10 out  292   20  292     2     2      0   265        0        -
 205    7.45e-08       5e-10 out  300   20  300     2     2      0   265        0        -
 213    7.85e-08       5e-10 out  308   20  308     2     2      0   265        0        -
 220     8.2e-08       5e-10 out  315   20  315     2     2      0   265        0        -
 226     8.5e-08       5e-10 out  321   20  321     2     2      0   265        0        -
 231    8.75e-08       5e-10 out  326   20  326     2     2      0   265        0        -
 239    9.15e-08       5e-10 out  334   20  334     2     2      0   265        0        -
 247    9.55e-08       5e-10 out  342   20  342     2     2      0   265        0        -
 255    9.95e-08       5e-10 out  350   20  350     2     2      0   265        0        -
 263   1.035e-07       5e-10 out  358   20  358     2     2      0   265        0        -
 272    1.08e-07       5e-10 out  367   20  367     2     2      0   265        0        -
 280    1.12e-07       5e-10 out  375   20  375     2     2      0   265        0        -
 289   1.165e-07       5e-10 out  384   20  384     2     2      0   265        0        -
 298    1.21e-07       5e-10 out  393   20  393     2     2      0   265        0        -
 304    1.24e-07       5e-10 out  399   20  399     2     2      0   265        0        -
 312    1.28e-07       5e-10 out  407   20  407     2     2      0   265        0        -
 320    1.32e-07       5e-10 out  415   20  415     2     2      0   265        0        -
 326    1.35e-07       5e-10 out  421   20  421     2     2      0   265        0        -
 333   1.385e-07       5e-10 out  428   20  428     2     2      0   265        0        -
 340    1.42e-07       5e-10 out  435   20  435     2     2      0   265        0        -
 345   1.445e-07       5e-10 out  440   20  440     2     2      0   265        0        -
 352    1.48e-07       5e-10 out  447   20  447     2     2      0   265        0        -
 360    1.52e-07       5e-10 out  455   20  455     2     2      0   265        0        -
 366    1.55e-07       5e-10 out  461   20  461     2     2      0   265        0        -
 374    1.59e-07       5e-10 out  469   20  469     2     2      0   265        0        -
 381   1.625e-07       5e-10 out  476   20  476     2     2      0   265        0        -
 387   1.655e-07       5e-10 out  482   20  482     2     2      0   265        0        -
 394    1.69e-07       5e-10 out  489   20  489     2     2      0   265        0        -
 402    1.73e-07       5e-10 out  497   20  497     2     2      0   265        0        -
 410    1.77e-07       5e-10 out  505   20  505     2     2      0   265        0        -
 418    1.81e-07       5e-10 out  513   20  513     2     2      0   265        0        -
 424    1.84e-07       5e-10 out  519   20  519     2     2      0   265        0        -
 430    1.87e-07       5e-10 out  525   20  525     2     2      0   265        0        -
 437   1.905e-07       5e-10 out  532   20  532     2     2      0   265        0        -
 444    1.94e-07       5e-10 out  539   20  539     2     2      0   265        0        -
 452    1.98e-07       5e-10 out  547   20  547     2     2      0   265        0        -
 459   2.015e-07       5e-10 out  554   20  554     2     2      0   265        0        -
 466    2.05e-07       5e-10 out  561   20  561     2     2      0   265        0        -
 473   2.085e-07       5e-10 out  568   20  568     2     2      0   265        0        -
 480    2.12e-07       5e-10 out  575   20  575     2     2      0   265        0        -
 488    2.16e-07       5e-10 out  583   20  583     2     2      0   265        0        -
 495   2.195e-07       5e-10 out  590   20  590     2     2      0   265        0        -
 502    2.23e-07       5e-10 out  597   20  597     2     2      0   265        0        -
----       当前进度:  49 % - 正在组装残差
Memory: 1320/1570 1638/1990
 508    2.26e-07       5e-10 out  603   20  603     2     2      0   265        0        -
 516     2.3e-07       5e-10 out  611   20  611     2     2      0   265        0        -
 522    2.33e-07       5e-10 out  617   20  617     2     2      0   265        0        -
 529   2.365e-07       5e-10 out  624   20  624     2     2      0   265        0        -
 535   2.395e-07       5e-10 out  630   20  630     2     2      0   265        0        -
 541   2.425e-07       5e-10 out  636   20  636     2     2      0   265        0        -
 549   2.465e-07       5e-10 out  644   20  644     2     2      0   265        0        -
 557   2.505e-07       5e-10 out  652   20  652     2     2      0   265        0        -
 565   2.545e-07       5e-10 out  660   20  660     2     2      0   265        0        -
 573   2.585e-07       5e-10 out  668   20  668     2     2      0   265        0        -
 580    2.62e-07       5e-10 out  675   20  675     2     2      0   265        0        -
 587   2.655e-07       5e-10 out  682   20  682     2     2      0   265        0        -
 595   2.695e-07       5e-10 out  690   20  690     2     2      0   265        0        -
 603   2.735e-07       5e-10 out  698   20  698     2     2      0   265        0        -
 610    2.77e-07       5e-10 out  705   20  705     2     2      0   265        0        -
 618    2.81e-07       5e-10 out  713   20  713     2     2      0   265        0        -
 626    2.85e-07       5e-10 out  721   20  721     2     2      0   265        0        -
 630    2.87e-07       5e-10 out  725   20  725     2     2      0   265        0        -
 638    2.91e-07       5e-10 out  733   20  733     2     2      0   265        0        -
 646    2.95e-07       5e-10 out  741   20  741     2     2      0   265        0        -
 650    2.97e-07       5e-10 out  745   20  745     2     2      0   265        0        -
 658    3.01e-07       5e-10 out  753   20  753     2     2      0   265        0        -
 667   3.055e-07       5e-10 out  762   20  762     2     2      0   265        0        -
 673   3.085e-07       5e-10 out  768   20  768     2     2      0   265        0        -
 681   3.125e-07       5e-10 out  776   20  776     2     2      0   265        0        -
 689   3.165e-07       5e-10 out  784   20  784     2     2      0   265        0        -
 696     3.2e-07       5e-10 out  791   20  791     2     2      0   265        0        -
 704    3.24e-07       5e-10 out  799   20  799     2     2      0   265        0        -
 712    3.28e-07       5e-10 out  807   20  807     2     2      0   265        0        -
 716     3.3e-07       5e-10 out  811   20  811     2     2      0   265        0        -
 723   3.335e-07       5e-10 out  818   20  818     2     2      0   265        0        -
 731   3.375e-07       5e-10 out  826   20  826     2     2      0   265        0        -
 737   3.405e-07       5e-10 out  832   20  832     2     2      0   265        0        -
 745   3.445e-07       5e-10 out  840   20  840     2     2      0   265        0        -
 754    3.49e-07       5e-10 out  849   20  849     2     2      0   265        0        -
 763   3.535e-07       5e-10 out  858   20  858     2     2      0   265        0        -
 772    3.58e-07       5e-10 out  867   20  867     2     2      0   265        0        -
 780    3.62e-07       5e-10 out  875   20  875     2     2      0   265        0        -
 789   3.665e-07       5e-10 out  884   20  884     2     2      0   265        0        -
 798    3.71e-07       5e-10 out  893   20  893     2     2      0   265        0        -
 805   3.745e-07       5e-10 out  900   20  900     2     2      0   265        0        -
 814    3.79e-07       5e-10 out  909   20  909     2     2      0   265        0        -
 822    3.83e-07       5e-10 out  917   20  917     2     2      0   265        0        -
 829   3.865e-07       5e-10 out  924   20  924     2     2      0   265        0        -
 838    3.91e-07       5e-10 out  933   20  933     2     2      0   265        0        -
 845   3.945e-07       5e-10 out  940   20  940     2     2      0   265        0        -
 852    3.98e-07       5e-10 out  947   20  947     2     2      0   265        0        -
 861   4.025e-07       5e-10 out  956   20  956     2     2      0   265        0        -
 870    4.07e-07       5e-10 out  965   20  965     2     2      0   265        0        -
 879   4.115e-07       5e-10 out  974   20  974     2     2      0   265        0        -
 888    4.16e-07       5e-10 out  983   20  983     2     2      0   265        0        -
 897   4.205e-07       5e-10 out  992   20  992     2     2      0   265        0        -
 906    4.25e-07       5e-10 out 1001   20 1001     2     2      0   265        0        -
--------   当前进度:  87 % - 
 914    4.29e-07       5e-10 out 1009   20 1009     2     2      0   265        0        -
 923   4.335e-07       5e-10 out 1018   20 1018     2     2      0   265        0        -
 931   4.375e-07       5e-10 out 1026   20 1026     2     2      0   265        0        -
 940    4.42e-07       5e-10 out 1035   20 1035     2     2      0   265        0        -
 947   4.455e-07       5e-10 out 1042   20 1042     2     2      0   265        0        -
 956     4.5e-07       5e-10 out 1051   20 1051     2     2      0   265        0        -
 965   4.545e-07       5e-10 out 1060   20 1060     2     2      0   265        0        -
 973   4.585e-07       5e-10 out 1068   20 1068     2     2      0   265        0        -
 981   4.625e-07       5e-10 out 1076   20 1076     2     2      0   265        0        -
 989   4.665e-07       5e-10 out 1084   20 1084     2     2      0   265        0        -
 997   4.705e-07       5e-10 out 1092   20 1092     2     2      0   265        0        -
1005   4.745e-07       5e-10 out 1100   20 1100     2     2      0   265        0        -
1014    4.79e-07       5e-10 out 1109   20 1109     2     2      0   265        0        -
1022    4.83e-07       5e-10 out 1117   20 1117     2     2      0   265        0        -
1031   4.875e-07       5e-10 out 1126   20 1126     2     2      0   265        0        -
1040    4.92e-07       5e-10 out 1135   20 1135     2     2      0   265        0        -
1048    4.96e-07       5e-10 out 1143   20 1143     2     2      0   265        0        -
1056       5e-07       5e-10 out 1151   20 1151     2     2      0   265        0        -
---------- 当前进度: 100 % - 
求解时间：1 s。
物理内存: 1.32 GB
虚拟内存: 1.64 GB
结束时间：2026年9月4日 10:38:12。
----- Study 2 - Single_Muon_Diagnostic/解 2 (sol2) 中的“瞬态求解器 1” ----------------->
           当前进度:   0 % - 
Memory: 1357/1570 1638/1990
-          当前进度:  13 % - 正在计算
Memory: 1362/1570 1638/1990
--         当前进度:  22 % - 正在计算
Memory: 1363/1570 1638/1990
---        当前进度:  31 % - 正在计算
----       当前进度:  41 % - 正在计算
-----      当前进度:  51 % - 正在计算
------     当前进度:  60 % - 正在计算
------     当前进度:  66 % - 正在计算
-------    当前进度:  75 % - 正在计算
--------   当前进度:  85 % - 正在计算
---------  当前进度:  95 % - 正在计算
---------- 当前进度: 100 % - 正在计算
           当前进度:   0 % - 
Memory: 1383/1570 1638/1990
---        当前进度:  34 % - 正在计算
Memory: 1373/1570 1626/1990
---------  当前进度:  95 % - 正在计算
AXIAL_SOURCE_CASE_COMPLETE=axial_source_gap80mm_frac0p98
AXIAL_SOURCE_CASE_START=axial_source_gap80mm_frac0p99
           当前进度:   2 % - 生成方程
Memory: 1476/1570 1627/1990
           当前进度:   3 % - 生成方程
Memory: 1481/1570 1627/1990
<---- Study 1 - 3D Electrostatics stationary/解 1 (sol1) 中的“编译方程: 稳态” -----------
开始于 2026年9月4日 10:38:17。
几何形函数: 二次拉格朗日单元
几何形函数: 二次拉格朗日单元
在 Intel64 Family 6 Model 186 Stepping 2, GenuineIntel 上运行。
在以下位置使用 1 个插槽： 陈红星 上（共 1 个内核）。
可用内存：15.90 GB。
           当前进度:   3 % - 编译方程: 稳态
Memory: 1143/1570 1287/1990
           当前进度:   6 % - 编译方程: 稳态
Memory: 1146/1570 1290/1990
           当前进度:   7 % - 编译方程: 稳态
Memory: 1143/1570 1287/1990
时间：1。
物理内存: 1.35 GB
虚拟内存: 1.5 GB
Warning: 自由空间采用真空条件，这会导致某些材料属性被忽略。请考虑为忽略的材料添加合适的物理场特征。

  - 节点: 自由空间 1

  - 物理场: Electrostatics: four finite-thickness rounded ring electrodes (es)

  - Materials: Natural Neon gas, representative relative permittivity (mat_gas), Representative alumina ceramic; epsilon_r=9.4 assumption (mat_diel)

  - Quantities: 相对介电常数, 相对介电常数
结束时间：2026年9月4日 10:38:17。
----- Study 1 - 3D Electrostatics stationary/解 1 (sol1) 中的“编译方程: 稳态” ---------->
<---- Study 1 - 3D Electrostatics stationary/解 1 (sol1) 中的“因变量 1” --------------
开始于 2026年9月4日 10:38:17。
           当前进度:   7 % - 因变量 1
求解时间：0 s。
物理内存: 1.14 GB
虚拟内存: 1.29 GB
结束时间：2026年9月4日 10:38:18。
----- Study 1 - 3D Electrostatics stationary/解 1 (sol1) 中的“因变量 1” ------------->
<---- Study 1 - 3D Electrostatics stationary/解 1 (sol1) 中的“稳态求解器 1” ------------
开始于 2026年9月4日 10:38:18。
线性求解器 
求解的自由度数：113511。
--         当前进度:  24 % - 组装稀疏模式
Memory: 1169/1570 1314/1990
--         当前进度:  28 % - 组装矩阵
Memory: 1182/1570 1327/1990
---        当前进度:  37 % - 组装矩阵
Memory: 1183/1570 1327/1990
找到对称矩阵。
缩放因变量：
电势 (comp1.V): 1
已使用正交零空间函数。
---        当前进度:  38 % - 
Memory: 1192/1570 1338/1990
---        当前进度:  38 % - 组装延展
Memory: 1208/1570 1355/1990
-------    当前进度:  74 % - 正在创建多重网格层次结构
Memory: 1163/1570 1314/1990
Iter      SolEst     Damping    Stepsize #Res #Jac #Sol LinIt   LinErr   LinRes
---------  当前进度:  98 % - 求解线性方程组
Memory: 1171/1570 1327/1990
   1        0.78   1.0000000        0.78    1    1    1     4  2.3e-05  4.1e-08
---------- 当前进度: 100 % - 
Memory: 1158/1570 1309/1990
求解时间：5 s。
物理内存: 1.21 GB
虚拟内存: 1.36 GB
结束时间：2026年9月4日 10:38:22。
----- Study 1 - 3D Electrostatics stationary/解 1 (sol1) 中的“稳态求解器 1” ----------->
           当前进度:   0 % - Study 2 - Single_Muon_Diagnostic
Memory: 1154/1570 1304/1990
           当前进度:   3 % - Study 2 - Single_Muon_Diagnostic
Memory: 1159/1570 1308/1990
<---- Study 2 - Single_Muon_Diagnostic/解 2 (sol2) 中的“编译方程: 瞬态” -----------------
开始于 2026年9月4日 10:38:23。
几何形函数: 二次拉格朗日单元
几何形函数: 二次拉格朗日单元
在 Intel64 Family 6 Model 186 Stepping 2, GenuineIntel 上运行。
在以下位置使用 1 个插槽： 陈红星 上（共 1 个内核）。
可用内存：15.90 GB。
           当前进度:   3 % - 编译方程: 瞬态
Memory: 1166/1570 1313/1990
           当前进度:   4 % - 编译方程: 瞬态
Memory: 1178/1570 1975/1993
           当前进度:   5 % - 编译方程: 瞬态
Memory: 1179/1570 1975/1993
时间：1。
物理内存: 1.27 GB
虚拟内存: 1.99 GB
Warning: 自由空间采用真空条件，这会导致某些材料属性被忽略。请考虑为忽略的材料添加合适的物理场特征。

  - 节点: 自由空间 1

  - 物理场: Electrostatics: four finite-thickness rounded ring electrodes (es)

  - Materials: Natural Neon gas, representative relative permittivity (mat_gas), Representative alumina ceramic; epsilon_r=9.4 assumption (mat_diel)

  - Quantities: 相对介电常数, 相对介电常数
结束时间：2026年9月4日 10:38:24。
----- Study 2 - Single_Muon_Diagnostic/解 2 (sol2) 中的“编译方程: 瞬态” ---------------->
<---- Study 2 - Single_Muon_Diagnostic/解 2 (sol2) 中的“因变量 1” --------------------
开始于 2026年9月4日 10:38:24。
不求解变量的值: 解 1 (sol1).
           当前进度:   5 % - 因变量 1
Memory: 1279/1570 1975/1993
求解时间：0 s。
物理内存: 1.28 GB
虚拟内存: 1.98 GB
结束时间：2026年9月4日 10:38:24。
----- Study 2 - Single_Muon_Diagnostic/解 2 (sol2) 中的“因变量 1” ------------------->
<---- Study 2 - Single_Muon_Diagnostic/解 2 (sol2) 中的“瞬态求解器 1” ------------------
开始于 2026年9月4日 10:38:24。
瞬态求解器（广义 α）
求解的自由度数：3（加上 4 个内部自由度）。
找到非对称矩阵。
缩放因变量：
颗粒位置 (comp1.qcpt): 1
Step        Time    Stepsize      Res  Jac  Sol Order Tfail NLfail LinIt   LinErr   LinRes
   0           0           - out    2    3    2                  0     0        0        0
   1    1.25e-10    1.25e-10        8    6    8     2     2      0    15  9.4e-10        -
   2  2.2603e-10  1.0103e-10       14    7   14     2     2      0    26  5.4e-07        -
   4   3.988e-10  8.1838e-11       22    9   22     2     2      0    40  2.7e-07        -
   7   5.506e-10  5.0599e-11       28   10   28     2     2      0    49  2.8e-07        -
  11  7.5299e-10  5.0599e-11       36   10   36     2     2      0    62  2.3e-11        -
  15   9.524e-10  4.7605e-11       45   10   45     2     2      0    80  6.3e-10        -
  18  1.0952e-09  4.7605e-11       54   10   54     2     2      0    98    9e-10        -
  20  1.1904e-09  4.7605e-11       60   10   60     2     2      0   110    1e-09        -
  23  1.3332e-09  4.7605e-11       69   10   69     2     2      0   128  3.1e-09        -
  26  1.4642e-09  3.5778e-11       81   11   81     2     2      0   151  1.1e-08        -
  29  1.6073e-09  7.1556e-11       86   13   86     2     2      0   157        0        -
  33     2.5e-09     2.5e-10 out   90   15   90     2     2      0   157        0        -
  36       4e-09       5e-10 out   93   16   93     2     2      0   157        0        -
  43     7.5e-09       5e-10 out  100   16  100     2     2      0   157        0        -
  49    1.05e-08       5e-10 out  106   16  106     2     2      0   157        0        -
  55    1.35e-08       5e-10 out  112   16  112     2     2      0   157        0        -
  62     1.7e-08       5e-10 out  119   16  119     2     2      0   157        0        -
  68       2e-08       5e-10 out  125   16  125     2     2      0   157        0        -
  75    2.35e-08       5e-10 out  132   16  132     2     2      0   157        0        -
  82     2.7e-08       5e-10 out  139   16  139     2     2      0   157        0        -
  87    2.95e-08       5e-10 out  144   16  144     2     2      0   157        0        -
-          当前进度:  13 % - 
Memory: 1317/1570 1975/1993
  92     3.2e-08       5e-10 out  149   16  149     2     2      0   157        0        -
  99    3.55e-08       5e-10 out  156   16  156     2     2      0   157        0        -
 106     3.9e-08       5e-10 out  163   16  163     2     2      0   157        0        -
 112     4.2e-08       5e-10 out  169   16  169     2     2      0   157        0        -
 118     4.5e-08       5e-10 out  175   16  175     2     2      0   157        0        -
 123    4.75e-08       5e-10 out  180   16  180     2     2      0   157        0        -
 129    5.05e-08       5e-10 out  186   16  186     2     2      0   157        0        -
 134     5.3e-08       5e-10 out  191   16  191     2     2      0   157        0        -
 141    5.65e-08       5e-10 out  198   16  198     2     2      0   157        0        -
 149    6.05e-08       5e-10 out  206   16  206     2     2      0   157        0        -
 157    6.45e-08       5e-10 out  214   16  214     2     2      0   157        0        -
 165    6.85e-08       5e-10 out  222   16  222     2     2      0   157        0        -
 171    7.15e-08       5e-10 out  228   16  228     2     2      0   157        0        -
 178     7.5e-08       5e-10 out  235   16  235     2     2      0   157        0        -
 186     7.9e-08       5e-10 out  243   16  243     2     2      0   157        0        -
 193    8.25e-08       5e-10 out  250   16  250     2     2      0   157        0        -
 198     8.5e-08       5e-10 out  255   16  255     2     2      0   157        0        -
 204     8.8e-08       5e-10 out  261   16  261     2     2      0   157        0        -
 212     9.2e-08       5e-10 out  269   16  269     2     2      0   157        0        -
 218     9.5e-08       5e-10 out  275   16  275     2     2      0   157        0        -
 226     9.9e-08       5e-10 out  283   16  283     2     2      0   157        0        -
 232    1.02e-07       5e-10 out  289   16  289     2     2      0   157        0        -
 235   1.035e-07       5e-10 out  292   16  292     2     2      0   157        0        -
 243   1.075e-07       5e-10 out  300   16  300     2     2      0   157        0        -
 250    1.11e-07       5e-10 out  307   16  307     2     2      0   157        0        -
 257   1.145e-07       5e-10 out  314   16  314     2     2      0   157        0        -
 264    1.18e-07       5e-10 out  321   16  321     2     2      0   157        0        -
 271   1.215e-07       5e-10 out  328   16  328     2     2      0   157        0        -
 276    1.24e-07       5e-10 out  333   16  333     2     2      0   157        0        -
 283   1.275e-07       5e-10 out  340   16  340     2     2      0   157        0        -
 291   1.315e-07       5e-10 out  348   16  348     2     2      0   157        0        -
 299   1.355e-07       5e-10 out  356   16  356     2     2      0   157        0        -
 307   1.395e-07       5e-10 out  364   16  364     2     2      0   157        0        -
 315   1.435e-07       5e-10 out  372   16  372     2     2      0   157        0        -
 323   1.475e-07       5e-10 out  380   16  380     2     2      0   157        0        -
 331   1.515e-07       5e-10 out  388   16  388     2     2      0   157        0        -
 339   1.555e-07       5e-10 out  396   16  396     2     2      0   157        0        -
 347   1.595e-07       5e-10 out  404   16  404     2     2      0   157        0        -
 355   1.635e-07       5e-10 out  412   16  412     2     2      0   157        0        -
 362    1.67e-07       5e-10 out  419   16  419     2     2      0   157        0        -
 370    1.71e-07       5e-10 out  427   16  427     2     2      0   157        0        -
 378    1.75e-07       5e-10 out  435   16  435     2     2      0   157        0        -
 385   1.785e-07       5e-10 out  442   16  442     2     2      0   157        0        -
 393   1.825e-07       5e-10 out  450   16  450     2     2      0   157        0        -
 401   1.865e-07       5e-10 out  458   16  458     2     2      0   157        0        -
 406    1.89e-07       5e-10 out  463   16  463     2     2      0   157        0        -
 409   1.905e-07       5e-10 out  466   16  466     2     2      0   157        0        -
 415   1.935e-07       5e-10 out  472   16  472     2     2      0   157        0        -
----       当前进度:  43 % - 正在组装残差
 423   1.975e-07       5e-10 out  480   16  480     2     2      0   157        0        -
 431   2.015e-07       5e-10 out  488   16  488     2     2      0   157        0        -
 438    2.05e-07       5e-10 out  495   16  495     2     2      0   157        0        -
 444    2.08e-07       5e-10 out  501   16  501     2     2      0   157        0        -
 452    2.12e-07       5e-10 out  509   16  509     2     2      0   157        0        -
 457   2.145e-07       5e-10 out  514   16  514     2     2      0   157        0        -
 465   2.185e-07       5e-10 out  522   16  522     2     2      0   157        0        -
 473   2.225e-07       5e-10 out  530   16  530     2     2      0   157        0        -
 480    2.26e-07       5e-10 out  537   16  537     2     2      0   157        0        -
 488     2.3e-07       5e-10 out  545   16  545     2     2      0   157        0        -
 496    2.34e-07       5e-10 out  553   16  553     2     2      0   157        0        -
 503   2.375e-07       5e-10 out  560   16  560     2     2      0   157        0        -
 511   2.415e-07       5e-10 out  568   16  568     2     2      0   157        0        -
 519   2.455e-07       5e-10 out  576   16  576     2     2      0   157        0        -
 527   2.495e-07       5e-10 out  584   16  584     2     2      0   157        0        -
 535   2.535e-07       5e-10 out  592   16  592     2     2      0   157        0        -
 543   2.575e-07       5e-10 out  600   16  600     2     2      0   157        0        -
 551   2.615e-07       5e-10 out  608   16  608     2     2      0   157        0        -
 559   2.655e-07       5e-10 out  616   16  616     2     2      0   157        0        -
 567   2.695e-07       5e-10 out  624   16  624     2     2      0   157        0        -
 575   2.735e-07       5e-10 out  632   16  632     2     2      0   157        0        -
 583   2.775e-07       5e-10 out  640   16  640     2     2      0   157        0        -
 591   2.815e-07       5e-10 out  648   16  648     2     2      0   157        0        -
 599   2.855e-07       5e-10 out  656   16  656     2     2      0   157        0        -
 607   2.895e-07       5e-10 out  664   16  664     2     2      0   157        0        -
 615   2.935e-07       5e-10 out  672   16  672     2     2      0   157        0        -
 623   2.975e-07       5e-10 out  680   16  680     2     2      0   157        0        -
 631   3.015e-07       5e-10 out  688   16  688     2     2      0   157        0        -
 639   3.055e-07       5e-10 out  696   16  696     2     2      0   157        0        -
 647   3.095e-07       5e-10 out  704   16  704     2     2      0   157        0        -
 650    3.11e-07       5e-10 out  707   16  707     2     2      0   157        0        -
 657   3.145e-07       5e-10 out  714   16  714     2     2      0   157        0        -
 662    3.17e-07       5e-10 out  719   16  719     2     2      0   157        0        -
 668     3.2e-07       5e-10 out  725   16  725     2     2      0   157        0        -
 675   3.235e-07       5e-10 out  732   16  732     2     2      0   157        0        -
 684    3.28e-07       5e-10 out  741   16  741     2     2      0   157        0        -
 693   3.325e-07       5e-10 out  750   16  750     2     2      0   157        0        -
 701   3.365e-07       5e-10 out  758   16  758     2     2      0   157        0        -
 710    3.41e-07       5e-10 out  767   16  767     2     2      0   157        0        -
 719   3.455e-07       5e-10 out  776   16  776     2     2      0   157        0        -
 725   3.485e-07       5e-10 out  782   16  782     2     2      0   157        0        -
 733   3.525e-07       5e-10 out  790   16  790     2     2      0   157        0        -
 738    3.55e-07       5e-10 out  795   16  795     2     2      0   157        0        -
 746    3.59e-07       5e-10 out  803   16  803     2     2      0   157        0        -
 755   3.635e-07       5e-10 out  812   16  812     2     2      0   157        0        -
 760    3.66e-07       5e-10 out  817   16  817     2     2      0   157        0        -
 766    3.69e-07       5e-10 out  823   16  823     2     2      0   157        0        -
 775   3.735e-07       5e-10 out  832   16  832     2     2      0   157        0        -
 782    3.77e-07       5e-10 out  839   16  839     2     2      0   157        0        -
 789   3.805e-07       5e-10 out  846   16  846     2     2      0   157        0        -
 795   3.835e-07       5e-10 out  852   16  852     2     2      0   157        0        -
 803   3.875e-07       5e-10 out  860   16  860     2     2      0   157        0        -
-------    当前进度:  79 % - 正在组装残差
 810    3.91e-07       5e-10 out  867   16  867     2     2      0   157        0        -
 818    3.95e-07       5e-10 out  875   16  875     2     2      0   157        0        -
 824    3.98e-07       5e-10 out  881   16  881     2     2      0   157        0        -
 830    4.01e-07       5e-10 out  887   16  887     2     2      0   157        0        -
 838    4.05e-07       5e-10 out  895   16  895     2     2      0   157        0        -
 844    4.08e-07       5e-10 out  901   16  901     2     2      0   157        0        -
 850    4.11e-07       5e-10 out  907   16  907     2     2      0   157        0        -
 858    4.15e-07       5e-10 out  915   16  915     2     2      0   157        0        -
 865   4.185e-07       5e-10 out  922   16  922     2     2      0   157        0        -
 871   4.215e-07       5e-10 out  928   16  928     2     2      0   157        0        -
 879   4.255e-07       5e-10 out  936   16  936     2     2      0   157        0        -
 886    4.29e-07       5e-10 out  943   16  943     2     2      0   157        0        -
 893   4.325e-07       5e-10 out  950   16  950     2     2      0   157        0        -
 900    4.36e-07       5e-10 out  957   16  957     2     2      0   157        0        -
 907   4.395e-07       5e-10 out  964   16  964     2     2      0   157        0        -
 914    4.43e-07       5e-10 out  971   16  971     2     2      0   157        0        -
 922    4.47e-07       5e-10 out  979   16  979     2     2      0   157        0        -
 930    4.51e-07       5e-10 out  987   16  987     2     2      0   157        0        -
 938    4.55e-07       5e-10 out  995   16  995     2     2      0   157        0        -
 946    4.59e-07       5e-10 out 1003   16 1003     2     2      0   157        0        -
 953   4.625e-07       5e-10 out 1010   16 1010     2     2      0   157        0        -
 961   4.665e-07       5e-10 out 1018   16 1018     2     2      0   157        0        -
 969   4.705e-07       5e-10 out 1026   16 1026     2     2      0   157        0        -
 977   4.745e-07       5e-10 out 1034   16 1034     2     2      0   157        0        -
 985   4.785e-07       5e-10 out 1042   16 1042     2     2      0   157        0        -
 993   4.825e-07       5e-10 out 1050   16 1050     2     2      0   157        0        -
1000    4.86e-07       5e-10 out 1057   16 1057     2     2      0   157        0        -
1007   4.895e-07       5e-10 out 1064   16 1064     2     2      0   157        0        -
1015   4.935e-07       5e-10 out 1072   16 1072     2     2      0   157        0        -
1022    4.97e-07       5e-10 out 1079   16 1079     2     2      0   157        0        -
1028       5e-07       5e-10 out 1085   16 1085     2     2      0   157        0        -
---------- 当前进度: 100 % - 
求解时间：1 s。
物理内存: 1.32 GB
虚拟内存: 1.98 GB
结束时间：2026年9月4日 10:38:25。
----- Study 2 - Single_Muon_Diagnostic/解 2 (sol2) 中的“瞬态求解器 1” ----------------->
           当前进度:   0 % - 
Memory: 1354/1570 1975/1993
           当前进度:   9 % - 正在计算
Memory: 1360/1570 1975/1993
-          当前进度:  17 % - 正在计算
--         当前进度:  25 % - 正在计算
---        当前进度:  35 % - 正在计算
----       当前进度:  45 % - 正在计算
-----      当前进度:  53 % - 正在计算
------     当前进度:  63 % - 正在计算
-------    当前进度:  72 % - 正在计算
--------   当前进度:  80 % - 正在计算
--------   当前进度:  88 % - 正在计算
---------  当前进度:  98 % - 正在计算
---------- 当前进度: 100 % - 正在计算
           当前进度:   0 % - 
Memory: 1380/1570 1975/1993
---        当前进度:  34 % - 正在计算
Memory: 1370/1570 1963/1993
---------  当前进度:  95 % - 正在计算
Memory: 1371/1570 1963/1993
AXIAL_SOURCE_CASE_COMPLETE=axial_source_gap80mm_frac0p99
AXIAL_SOURCE_CASE_START=axial_source_gap40mm_frac0p50
           当前进度:   0 % - Grounded outer shell / bore boundary
Memory: 1412/1570 1963/1993
           当前进度:   1 % - Uniform Ne gas volume before electrode subtraction
           当前进度:   2 % - Gas cutter reserved for dielectric liner
Memory: 1413/1570 1963/1993
           当前进度:   2 % - Representative alumina dielectric liner
           当前进度:   2 % - 执行布尔操作
-          当前进度:  11 % - V1 electrode outer blank
-          当前进度:  12 % - V1 aperture cutter
-          当前进度:  12 % - V1 finite-thickness annular electrode
Memory: 1414/1570 1963/1993
-          当前进度:  12 % - 执行布尔操作
--         当前进度:  21 % - V1 electrode, 1 mm rounded edges
--         当前进度:  29 % - V2 electrode outer blank
---        当前进度:  30 % - V2 aperture cutter
---        当前进度:  31 % - V2 finite-thickness annular electrode
---        当前进度:  31 % - 执行布尔操作
---        当前进度:  39 % - V2 electrode, 1 mm rounded edges
Memory: 1415/1570 1963/1993
----       当前进度:  47 % - V3 electrode outer blank
----       当前进度:  48 % - V3 aperture cutter
----       当前进度:  49 % - V3 finite-thickness annular electrode
----       当前进度:  49 % - 执行布尔操作
Memory: 1426/1570 1963/1993
-----      当前进度:  57 % - V3 electrode, 1 mm rounded edges
------     当前进度:  65 % - V4 electrode outer blank
------     当前进度:  66 % - V4 aperture cutter
Memory: 1424/1570 1833/1993
------     当前进度:  67 % - V4 finite-thickness annular electrode
Memory: 1422/1570 1702/1993
------     当前进度:  67 % - 执行布尔操作
Memory: 1356/1570 1571/1993
-------    当前进度:  75 % - V4 electrode, 1 mm rounded edges
Memory: 1284/1570 1441/1993
--------   当前进度:  83 % - Ne gas domain excluding four electrode solids
Memory: 1284/1570 1440/1993
--------   当前进度:  83 % - 执行布尔操作
Memory: 1176/1570 1440/1993
---------  当前进度:  92 % - 形成联合体
Memory: 1154/1570 1310/1993
---------  当前进度:  92 % - 执行布尔操作
Memory: 1142/1570 1297/1993
---------- 当前进度: 100 % - 正在更新选择
           当前进度:   0 % - 自由四面体网格
Memory: 1148/1570 1294/1993
顶点单元数：80
-          当前进度:  16 % - 调整边界网格
--         当前进度:  23 % - 正在创建边界网格
边单元数：1348
边界单元数：18058
---        当前进度:  39 % - 正在创建初始四面体网格
Memory: 1125/1570 1268/1993
----       当前进度:  45 % - 相关边界
Memory: 1095/1570 1238/1993
------     当前进度:  65 % - 正在创建初始四面体网格
Memory: 1087/1570 1230/1993
-------    当前进度:  75 % - 正在插入内部点
--------   当前进度:  83 % - 正在提高单元质量
Memory: 1079/1570 1222/1993
单元数：71669
最小单元质量：0.217
---------- 当前进度: 100 % - 正在定型网格
Memory: 1075/1570 1218/1993
           当前进度:   0 % - Study 1 - 3D Electrostatics stationary
Memory: 1077/1570 1218/1993
           当前进度:   3 % - Study 1 - 3D Electrostatics stationary
Memory: 1078/1570 1218/1993
<---- Study 1 - 3D Electrostatics stationary/解 1 (sol1) 中的“编译方程: 稳态” -----------
开始于 2026年9月4日 10:38:32。
几何形函数: 二次拉格朗日单元
几何形函数: 二次拉格朗日单元
在 Intel64 Family 6 Model 186 Stepping 2, GenuineIntel 上运行。
在以下位置使用 1 个插槽： 陈红星 上（共 1 个内核）。
可用内存：15.90 GB。
           当前进度:   3 % - 生成方程
           当前进度:   3 % - 编译方程: 稳态
Memory: 1086/1570 1227/1993
           当前进度:   6 % - 编译方程: 稳态
Memory: 1058/1570 1198/1993
           当前进度:   7 % - 编译方程: 稳态
Memory: 1073/1570 1216/1993
时间：2。
物理内存: 1.09 GB
虚拟内存: 1.23 GB
Warning: 自由空间采用真空条件，这会导致某些材料属性被忽略。请考虑为忽略的材料添加合适的物理场特征。

  - 节点: 自由空间 1

  - 物理场: Electrostatics: four finite-thickness rounded ring electrodes (es)

  - Materials: Natural Neon gas, representative relative permittivity (mat_gas), Representative alumina ceramic; epsilon_r=9.4 assumption (mat_diel)

  - Quantities: 相对介电常数, 相对介电常数
结束时间：2026年9月4日 10:38:34。
----- Study 1 - 3D Electrostatics stationary/解 1 (sol1) 中的“编译方程: 稳态” ---------->
<---- Study 1 - 3D Electrostatics stationary/解 1 (sol1) 中的“因变量 1” --------------
开始于 2026年9月4日 10:38:34。
           当前进度:   7 % - 因变量 1
Memory: 1074/1570 1216/1993
求解时间：0 s。
物理内存: 1.07 GB
虚拟内存: 1.22 GB
结束时间：2026年9月4日 10:38:34。
----- Study 1 - 3D Electrostatics stationary/解 1 (sol1) 中的“因变量 1” ------------->
<---- Study 1 - 3D Electrostatics stationary/解 1 (sol1) 中的“稳态求解器 1” ------------
开始于 2026年9月4日 10:38:35。
线性求解器 
求解的自由度数：106552。
--         当前进度:  24 % - 组装稀疏模式
Memory: 1085/1570 1237/1993
---        当前进度:  38 % - 组装矩阵
Memory: 1126/1570 1268/1993
找到对称矩阵。
缩放因变量：
电势 (comp1.V): 1
已使用正交零空间函数。
---        当前进度:  38 % - 组装延展
Memory: 1099/1570 1242/1993
-----      当前进度:  56 % - 组装稀疏模式
Memory: 1095/1570 1238/1993
Iter      SolEst     Damping    Stepsize #Res #Jac #Sol LinIt   LinErr   LinRes
-------    当前进度:  74 % - 求解线性方程组
Memory: 1100/1570 1250/1993
   1        0.79   1.0000000        0.79    1    1    1     4    2e-05  3.6e-08
---------- 当前进度: 100 % - 
Memory: 1093/1570 1239/1993
求解时间：3 s。
物理内存: 1.12 GB
虚拟内存: 1.27 GB
结束时间：2026年9月4日 10:38:39。
----- Study 1 - 3D Electrostatics stationary/解 1 (sol1) 中的“稳态求解器 1” ----------->
           当前进度:   0 % - Study 2 - Single_Muon_Diagnostic
Memory: 1089/1570 1235/1993
           当前进度:   3 % - Study 2 - Single_Muon_Diagnostic
<---- Study 2 - Single_Muon_Diagnostic/解 2 (sol2) 中的“编译方程: 瞬态” -----------------
开始于 2026年9月4日 10:38:39。
几何形函数: 二次拉格朗日单元
几何形函数: 二次拉格朗日单元
在 Intel64 Family 6 Model 186 Stepping 2, GenuineIntel 上运行。
在以下位置使用 1 个插槽： 陈红星 上（共 1 个内核）。
可用内存：15.90 GB。
           当前进度:   3 % - 编译方程: 瞬态
           当前进度:   5 % - 编译方程: 瞬态
Memory: 1095/1570 1239/1993
时间：1。
物理内存: 1.1 GB
虚拟内存: 1.24 GB
Warning: 自由空间采用真空条件，这会导致某些材料属性被忽略。请考虑为忽略的材料添加合适的物理场特征。

  - 节点: 自由空间 1

  - 物理场: Electrostatics: four finite-thickness rounded ring electrodes (es)

  - Materials: Natural Neon gas, representative relative permittivity (mat_gas), Representative alumina ceramic; epsilon_r=9.4 assumption (mat_diel)

  - Quantities: 相对介电常数, 相对介电常数
结束时间：2026年9月4日 10:38:40。
----- Study 2 - Single_Muon_Diagnostic/解 2 (sol2) 中的“编译方程: 瞬态” ---------------->
<---- Study 2 - Single_Muon_Diagnostic/解 2 (sol2) 中的“因变量 1” --------------------
开始于 2026年9月4日 10:38:40。
不求解变量的值: 解 1 (sol1).
           当前进度:   5 % - 因变量 1
Memory: 1093/1570 1237/1993
求解时间：0 s。
物理内存: 1.1 GB
虚拟内存: 1.24 GB
结束时间：2026年9月4日 10:38:40。
----- Study 2 - Single_Muon_Diagnostic/解 2 (sol2) 中的“因变量 1” ------------------->
<---- Study 2 - Single_Muon_Diagnostic/解 2 (sol2) 中的“瞬态求解器 1” ------------------
开始于 2026年9月4日 10:38:41。
瞬态求解器（广义 α）
求解的自由度数：3（加上 4 个内部自由度）。
找到非对称矩阵。
缩放因变量：
颗粒位置 (comp1.qcpt): 1
Step        Time    Stepsize      Res  Jac  Sol Order Tfail NLfail LinIt   LinErr   LinRes
   0           0           - out    2    3    2                  0     0        0        0
   1    6.25e-11    6.25e-11       10    7   10     2     3      0    18  4.8e-08        -
   5   3.125e-10    6.25e-11       18    7   18     2     3      0    31    6e-10        -
  10    6.25e-10    6.25e-11       28    7   28     2     3      0    55  6.1e-11        -
  13       8e-10   5.625e-11       38    9   38     2     3      0    75  1.2e-07        -
  16  9.5625e-10   4.375e-11       48   10   48     2     3      0    93  3.9e-08        -
  22  1.2187e-09   4.375e-11       60   11   60     2     3      0   111  6.6e-07        -
  28  1.4687e-09   3.125e-11       76   12   76     2     3      0   142  7.2e-09        -
  32  1.5938e-09   3.125e-11       84   13   84     2     3      0   154  8.9e-08        -
  38  1.7813e-09   3.125e-11       96   13   96     2     3      0   172  2.4e-07        -
  41  1.9531e-09  4.6875e-11      106   15  106     2     3      0   194  5.6e-08        -
  46  2.1875e-09  4.6875e-11      116   16  116     2     3      0   209  9.4e-07        -
  52  2.4609e-09  3.9063e-11      132   17  132     2     3      0   240  2.4e-08        -
  58  2.6953e-09  3.9063e-11      144   18  144     2     3      0   258  4.3e-07        -
  65  2.9648e-09  3.5156e-11      160   18  160     2     3      0   284  2.8e-09        -
  68  3.0703e-09  3.5156e-11      172   18  172     2     3      0   308  2.8e-09        -
  72  3.2109e-09  3.5156e-11      188   18  188     2     3      0   340  2.8e-09        -
  76  3.3516e-09  3.5156e-11      204   18  204     2     3      0   372  2.8e-09        -
  78  3.4219e-09  3.5156e-11      212   18  212     2     3      0   388  2.7e-09        -
  81     3.5e-09  2.1484e-11 out  220   19  220     2     3      0   402  2.9e-09        -
  86  3.7148e-09  4.2969e-11      230   20  230     2     3      0   417    3e-07        -
  92  3.9648e-09  3.5156e-11      246   21  246     2     3      0   443  6.5e-09        -
  98  4.1758e-09  3.5156e-11      258   22  258     2     3      0   461  1.4e-07        -
 105  4.4434e-09  5.6641e-11      272   23  272     2     3      0   482  8.2e-08        -
 111  4.7832e-09  5.6641e-11      284   23  284     2     3      0   504  1.6e-09        -
           当前进度:   8 % - 正在组装残差
Memory: 1098/1570 1242/1993
 115       5e-09  5.1758e-11 out  296   23  296     2     3      0   528  6.7e-09        -
 119   5.207e-09  5.1758e-11      312   23  312     2     3      0   560  6.9e-09        -
 122  5.3623e-09  5.1758e-11      324   23  324     2     3      0   584    7e-09        -
 125     5.5e-09  4.2969e-11 out  336   25  336     2     3      0   606  2.3e-08        -
 132  5.8008e-09  4.2969e-11      350   25  350     2     3      0   627    7e-07        -
 136  5.9648e-09  3.5156e-11      362   26  362     2     3      0   647  9.2e-09        -
 142  6.1758e-09  3.5156e-11      374   27  374     2     3      0   665  2.1e-07        -
 148  6.3867e-09  3.5156e-11      386   27  386     2     3      0   683  4.6e-07        -
 153   6.543e-09  4.2969e-11      396   29  396     2     3      0   698  3.3e-08        -
 160  6.8438e-09  4.2969e-11      410   29  410     2     3      0   720  3.7e-10        -
 163  6.9648e-09  3.5156e-11      420   30  420     2     3      0   739  1.8e-08        -
 168  7.1406e-09  3.5156e-11      430   31  430     2     3      0   754  3.5e-07        -
 174  7.3516e-09  3.5156e-11      442   31  442     2     3      0   772  9.2e-07        -
 179     7.5e-09  2.1486e-11 out  452   32  452     2     3      0   790  1.1e-08        -
 185  7.7578e-09  4.2973e-11      464   33  464     2     3      0   810  3.3e-10        -
 190  7.9649e-09  3.5137e-11      478   34  478     2     3      0   837  2.4e-08        -
 196  8.1757e-09  3.5137e-11      490   35  490     2     3      0   856  4.1e-07        -
 203  8.4216e-09  3.5137e-11      504   35  504     2     3      0   877    8e-07        -
 207  8.5432e-09  4.3216e-11      512   37  512     2     3      0   889  4.4e-08        -
 214  8.8457e-09  4.3216e-11      526   37  526     2     3      0   911  4.6e-10        -
 218       9e-09  3.3921e-11 out  538   39  538     2     3      0   933  1.2e-08        -
 221  9.1625e-09  6.0765e-11      548   41  548     2     3      0   953  2.2e-07        -
 226  9.4528e-09  4.7205e-11      562   43  562     2     3      0   984  6.4e-08        -
 232   9.736e-09  4.7205e-11      574   44  574     2     3      0  1004  6.9e-10        -
 237  9.9624e-09  3.7577e-11      588   45  588     2     3      0  1031  2.2e-08        -
 243  1.0188e-08  3.7577e-11      600   46  600     2     3      0  1049  3.4e-07        -
 250  1.0451e-08  3.7577e-11      614   46  614     2     3      0  1070  7.8e-07        -
 254  1.0598e-08   4.908e-11      622   48  622     2     3      0  1082  2.2e-07        -
 257  1.0736e-08  4.4172e-11      632   50  632     2     3      0  1099  2.8e-08        -
 264  1.1044e-08  4.3866e-11      646   50  646     2     3      0  1123  3.2e-09        -
 271  1.1351e-08  4.3866e-11      660   50  660     2     3      0  1151  2.9e-09        -
 275    1.15e-08  3.0671e-11 out  672   52  672     2     3      0  1173  3.8e-09        -
 278  1.1647e-08  5.5208e-11      682   54  682     2     3      0  1191  6.8e-08        -
 284  1.1962e-08  3.8369e-11      698   56  698     2     3      0  1218  1.2e-08        -
 288  1.2182e-08  6.7105e-11      710   59  710     2     3      0  1241    2e-07        -
 292  1.2442e-08  5.8235e-11      722   61  722     2     3      0  1267    1e-07        -
 297  1.2733e-08  5.8235e-11      732   62  732     2     3      0  1284  2.5e-09        -
 301  1.2954e-08  4.6176e-11      744   63  744     2     3      0  1307  3.4e-08        -
 306  1.3185e-08  4.6176e-11      754   64  754     2     3      0  1322  5.9e-07        -
 312  1.3458e-08  4.2207e-11      768   64  768     2     3      0  1348  2.2e-09        -
 315  1.3584e-08  4.2207e-11      780   64  780     2     3      0  1372  2.2e-09        -
 319  1.3753e-08  4.2207e-11      796   64  796     2     3      0  1404  2.1e-09        -
 322   1.388e-08  4.2207e-11      808   64  808     2     3      0  1428  1.9e-09        -
 324  1.3961e-08  3.8965e-11      818   65  818     2     3      0  1447  2.1e-08        -
 329  1.4156e-08  3.8965e-11      828   66  828     2     3      0  1462    4e-07        -
 335   1.439e-08  3.8965e-11      840   66  840     2     3      0  1481  5.1e-10        -
           当前进度:   9 % - 正在组装残差
 339  1.4536e-08  3.5692e-11      854   66  854     2     3      0  1509  5.2e-10        -
 342  1.4643e-08  3.5692e-11      866   66  866     2     3      0  1533  4.7e-10        -
 345   1.475e-08  3.5692e-11      878   66  878     2     3      0  1557  4.4e-10        -
 348  1.4857e-08  3.5692e-11      890   66  890     2     3      0  1581  4.8e-10        -
 350  1.4928e-08  3.5692e-11      898   66  898     2     3      0  1597  4.8e-10        -
 354  1.5036e-08  3.5998e-11      908   68  908     2     3      0  1614  2.2e-08        -
 360  1.5252e-08  3.5998e-11      920   68  920     2     3      0  1632  5.1e-07        -
 366  1.5466e-08  3.4014e-11      933   68  933     2     3      0  1653    5e-10        -
 371  1.5636e-08  3.4014e-11      948   68  948     2     3      0  1683  4.8e-10        -
 376   1.584e-08  6.8028e-11      962   69  962     2     3      0  1710  4.1e-07        -
 378  1.5949e-08  5.0818e-11      970   71  970     2     3      0  1724  9.5e-08        -
 385  1.6305e-08  5.0818e-11      984   71  984     2     3      0  1750    2e-09        -
 389    1.65e-08  4.6727e-11 out  996   71  996     2     3      0  1774  1.9e-09        -
 392   1.664e-08  4.6727e-11     1008   71 1008     2     3      0  1798    2e-09        -
 396  1.6827e-08  4.6727e-11     1024   71 1024     2     3      0  1830  2.3e-09        -
 399   1.696e-08   3.973e-11     1038   72 1038     2     3      0  1857  2.9e-08        -
 404  1.7159e-08   3.973e-11     1048   73 1048     2     3      0  1872  4.4e-07        -
 408  1.7318e-08   3.973e-11     1056   73 1056     2     3      0  1884  8.7e-07        -
 412  1.7469e-08  3.1486e-11     1068   74 1068     2     3      0  1906  7.8e-09        -
 416  1.7651e-08  5.6676e-11     1080   77 1080     2     3      0  1926  1.3e-07        -
 421  1.7935e-08  5.6676e-11     1090   78 1090     2     3      0  1943  2.6e-09        -
 426  1.8098e-08  3.2743e-11     1100   79 1100     2     3      0  1958    9e-08        -
 433  1.8327e-08  3.2743e-11     1114   79 1114     2     3      0  1979  2.3e-07        -
 438  1.8479e-08  2.0797e-11     1124   80 1124     2     3      0  1994  4.6e-10        -
 443  1.8666e-08  4.1595e-11     1134   81 1134     2     3      0  2009    2e-07        -
 450  1.8958e-08  4.1595e-11     1148   81 1148     2     3      0  2030  6.2e-07        -
 454  1.9085e-08   4.246e-11     1156   83 1156     2     3      0  2042    9e-08        -
 460   1.934e-08   4.246e-11     1168   83 1168     2     3      0  2060  5.4e-07        -
 463  1.9462e-08  3.7698e-11     1178   84 1178     2     3      0  2077    1e-08        -
 466  1.9643e-08  6.7856e-11     1188   87 1188     2     3      0  2097    2e-07        -
 471  1.9957e-08  4.2662e-11     1198   89 1198     2     3      0  2119  2.4e-08        -
 477  2.0213e-08  4.2662e-11     1210   89 1210     2     3      0  2137  5.8e-07        -
 483  2.0463e-08  3.6688e-11     1226   90 1226     2     3      0  2164  1.2e-08        -
 486  2.0639e-08  6.6038e-11     1236   93 1236     2     3      0  2183  2.2e-07        -
 491    2.15e-08     2.5e-10 out 1242   96 1242     2     3      0  2186        0        -
 501    2.65e-08       5e-10 out 1252   97 1252     2     3      0  2186        0        -
 509    3.05e-08       5e-10 out 1260   97 1260     2     3      0  2186        0        -
 517    3.45e-08       5e-10 out 1268   97 1268     2     3      0  2186        0        -
 529    4.05e-08       5e-10 out 1280   97 1280     2     3      0  2186        0        -
 541    4.65e-08       5e-10 out 1292   97 1292     2     3      0  2186        0        -
 552     5.2e-08       5e-10 out 1303   97 1303     2     3      0  2186        0        -
 564     5.8e-08       5e-10 out 1315   97 1315     2     3      0  2186        0        -
 574     6.3e-08       5e-10 out 1325   97 1325     2     3      0  2186        0        -
 586     6.9e-08       5e-10 out 1337   97 1337     2     3      0  2186        0        -
 598     7.5e-08       5e-10 out 1349   97 1349     2     3      0  2186        0        -
 605    7.85e-08       5e-10 out 1356   97 1356     2     3      0  2186        0        -
 614     8.3e-08       5e-10 out 1365   97 1365     2     3      0  2186        0        -
 625    8.85e-08       5e-10 out 1376   97 1376     2     3      0  2186        0        -
 636     9.4e-08       5e-10 out 1387   97 1387     2     3      0  2186        0        -
--         当前进度:  25 % - 正在组装残差
 647    9.95e-08       5e-10 out 1398   97 1398     2     3      0  2186        0        -
 659   1.055e-07       5e-10 out 1410   97 1410     2     3      0  2186        0        -
 671   1.115e-07       5e-10 out 1422   97 1422     2     3      0  2186        0        -
 683   1.175e-07       5e-10 out 1434   97 1434     2     3      0  2186        0        -
 695   1.235e-07       5e-10 out 1446   97 1446     2     3      0  2186        0        -
 707   1.295e-07       5e-10 out 1458   97 1458     2     3      0  2186        0        -
 719   1.355e-07       5e-10 out 1470   97 1470     2     3      0  2186        0        -
 728     1.4e-07       5e-10 out 1479   97 1479     2     3      0  2186        0        -
 738    1.45e-07       5e-10 out 1489   97 1489     2     3      0  2186        0        -
 750    1.51e-07       5e-10 out 1501   97 1501     2     3      0  2186        0        -
 762    1.57e-07       5e-10 out 1513   97 1513     2     3      0  2186        0        -
 771   1.615e-07       5e-10 out 1522   97 1522     2     3      0  2186        0        -
 782    1.67e-07       5e-10 out 1533   97 1533     2     3      0  2186        0        -
 790    1.71e-07       5e-10 out 1541   97 1541     2     3      0  2186        0        -
 800    1.76e-07       5e-10 out 1551   97 1551     2     3      0  2186        0        -
 812    1.82e-07       5e-10 out 1563   97 1563     2     3      0  2186        0        -
 824    1.88e-07       5e-10 out 1575   97 1575     2     3      0  2186        0        -
 836    1.94e-07       5e-10 out 1587   97 1587     2     3      0  2186        0        -
 848       2e-07       5e-10 out 1599   97 1599     2     3      0  2186        0        -
 859   2.055e-07       5e-10 out 1610   97 1610     2     3      0  2186        0        -
 870    2.11e-07       5e-10 out 1621   97 1621     2     3      0  2186        0        -
 882    2.17e-07       5e-10 out 1633   97 1633     2     3      0  2186        0        -
 892    2.22e-07       5e-10 out 1643   97 1643     2     3      0  2186        0        -
 903   2.275e-07       5e-10 out 1654   97 1654     2     3      0  2186        0        -
 915   2.335e-07       5e-10 out 1666   97 1666     2     3      0  2186        0        -
 925   2.385e-07       5e-10 out 1676   97 1676     2     3      0  2186        0        -
 934    2.43e-07       5e-10 out 1685   97 1685     2     3      0  2186        0        -
 945   2.485e-07       5e-10 out 1696   97 1696     2     3      0  2186        0        -
 956    2.54e-07       5e-10 out 1707   97 1707     2     3      0  2186        0        -
 967   2.595e-07       5e-10 out 1718   97 1718     2     3      0  2186        0        -
 978    2.65e-07       5e-10 out 1729   97 1729     2     3      0  2186        0        -
 988     2.7e-07       5e-10 out 1739   97 1739     2     3      0  2186        0        -
 997   2.745e-07       5e-10 out 1748   97 1748     2     3      0  2186        0        -
1008     2.8e-07       5e-10 out 1759   97 1759     2     3      0  2186        0        -
1018    2.85e-07       5e-10 out 1769   97 1769     2     3      0  2186        0        -
1025   2.885e-07       5e-10 out 1776   97 1776     2     3      0  2186        0        -
1034    2.93e-07       5e-10 out 1785   97 1785     2     3      0  2186        0        -
1044    2.98e-07       5e-10 out 1795   97 1795     2     3      0  2186        0        -
1052    3.02e-07       5e-10 out 1803   97 1803     2     3      0  2186        0        -
1062    3.07e-07       5e-10 out 1813   97 1813     2     3      0  2186        0        -
1072    3.12e-07       5e-10 out 1823   97 1823     2     3      0  2186        0        -
1082    3.17e-07       5e-10 out 1833   97 1833     2     3      0  2186        0        -
1092    3.22e-07       5e-10 out 1843   97 1843     2     3      0  2186        0        -
1101   3.265e-07       5e-10 out 1852   97 1852     2     3      0  2186        0        -
1111   3.315e-07       5e-10 out 1862   97 1862     2     3      0  2186        0        -
1119   3.355e-07       5e-10 out 1870   97 1870     2     3      0  2186        0        -
1126    3.39e-07       5e-10 out 1877   97 1877     2     3      0  2186        0        -
1136    3.44e-07       5e-10 out 1887   97 1887     2     3      0  2186        0        -
1146    3.49e-07       5e-10 out 1897   97 1897     2     3      0  2186        0        -
1156    3.54e-07       5e-10 out 1907   97 1907     2     3      0  2186        0        -
1166    3.59e-07       5e-10 out 1917   97 1917     2     3      0  2186        0        -
1176    3.64e-07       5e-10 out 1927   97 1927     2     3      0  2186        0        -
1186    3.69e-07       5e-10 out 1937   97 1937     2     3      0  2186        0        -
1196    3.74e-07       5e-10 out 1947   97 1947     2     3      0  2186        0        -
-------    当前进度:  77 % - 正在组装残差
1205   3.785e-07       5e-10 out 1956   97 1956     2     3      0  2186        0        -
1215   3.835e-07       5e-10 out 1966   97 1966     2     3      0  2186        0        -
1225   3.885e-07       5e-10 out 1976   97 1976     2     3      0  2186        0        -
1235   3.935e-07       5e-10 out 1986   97 1986     2     3      0  2186        0        -
1245   3.985e-07       5e-10 out 1996   97 1996     2     3      0  2186        0        -
1254    4.03e-07       5e-10 out 2005   97 2005     2     3      0  2186        0        -
1263   4.075e-07       5e-10 out 2014   97 2014     2     3      0  2186        0        -
1273   4.125e-07       5e-10 out 2024   97 2024     2     3      0  2186        0        -
1283   4.175e-07       5e-10 out 2034   97 2034     2     3      0  2186        0        -
1292    4.22e-07       5e-10 out 2043   97 2043     2     3      0  2186        0        -
1300    4.26e-07       5e-10 out 2051   97 2051     2     3      0  2186        0        -
1310    4.31e-07       5e-10 out 2061   97 2061     2     3      0  2186        0        -
1320    4.36e-07       5e-10 out 2071   97 2071     2     3      0  2186        0        -
1327   4.395e-07       5e-10 out 2078   97 2078     2     3      0  2186        0        -
1337   4.445e-07       5e-10 out 2088   97 2088     2     3      0  2186        0        -
1347   4.495e-07       5e-10 out 2098   97 2098     2     3      0  2186        0        -
1357   4.545e-07       5e-10 out 2108   97 2108     2     3      0  2186        0        -
1367   4.595e-07       5e-10 out 2118   97 2118     2     3      0  2186        0        -
1376    4.64e-07       5e-10 out 2127   97 2127     2     3      0  2186        0        -
1386    4.69e-07       5e-10 out 2137   97 2137     2     3      0  2186        0        -
1396    4.74e-07       5e-10 out 2147   97 2147     2     3      0  2186        0        -
1406    4.79e-07       5e-10 out 2157   97 2157     2     3      0  2186        0        -
1416    4.84e-07       5e-10 out 2167   97 2167     2     3      0  2186        0        -
1426    4.89e-07       5e-10 out 2177   97 2177     2     3      0  2186        0        -
1436    4.94e-07       5e-10 out 2187   97 2187     2     3      0  2186        0        -
1446    4.99e-07       5e-10 out 2197   97 2197     2     3      0  2186        0        -
1448       5e-07       5e-10 out 2199   97 2199     2     3      0  2186        0        -
---------- 当前进度: 100 % - 
求解时间：2 s。
物理内存: 1.1 GB
虚拟内存: 1.24 GB
结束时间：2026年9月4日 10:38:43。
----- Study 2 - Single_Muon_Diagnostic/解 2 (sol2) 中的“瞬态求解器 1” ----------------->
           当前进度:   0 % - 
-          当前进度:  13 % - 正在计算
Memory: 1103/1570 1245/1993
--         当前进度:  22 % - 正在计算
---        当前进度:  30 % - 正在计算
---        当前进度:  37 % - 正在计算
----       当前进度:  46 % - 正在计算
-----      当前进度:  55 % - 正在计算
------     当前进度:  64 % - 正在计算
-------    当前进度:  73 % - 正在计算
--------   当前进度:  82 % - 正在计算
Memory: 1076/1570 1219/1993
---------  当前进度:  91 % - 正在计算
---------- 当前进度: 100 % - 正在计算
           当前进度:   0 % - 
Memory: 1077/1570 1219/1993
---        当前进度:  34 % - 正在计算
Memory: 1077/1570 1220/1993
---------  当前进度:  95 % - 正在计算
Memory: 1078/1570 1220/1993
AXIAL_SOURCE_CASE_COMPLETE=axial_source_gap40mm_frac0p50
AXIAL_SOURCE_CASE_START=axial_source_gap40mm_frac0p70
           当前进度:   0 % - Study 1 - 3D Electrostatics stationary
Memory: 1157/1570 1913/1993
           当前进度:   3 % - Study 1 - 3D Electrostatics stationary
Memory: 1294/1570 1915/1993
<---- Study 1 - 3D Electrostatics stationary/解 1 (sol1) 中的“编译方程: 稳态” -----------
开始于 2026年9月4日 10:38:47。
几何形函数: 二次拉格朗日单元
几何形函数: 二次拉格朗日单元
在 Intel64 Family 6 Model 186 Stepping 2, GenuineIntel 上运行。
在以下位置使用 1 个插槽： 陈红星 上（共 1 个内核）。
可用内存：15.90 GB。
           当前进度:   3 % - 编译方程: 稳态
Memory: 1473/1570 1914/1993
           当前进度:   6 % - 编译方程: 稳态
Memory: 1541/1570 1935/1993
           当前进度:   7 % - 编译方程: 稳态
Memory: 1539/1570 1933/1993
时间：1。
物理内存: 1.64 GB
虚拟内存: 1.93 GB
Warning: 自由空间采用真空条件，这会导致某些材料属性被忽略。请考虑为忽略的材料添加合适的物理场特征。

  - 节点: 自由空间 1

  - 物理场: Electrostatics: four finite-thickness rounded ring electrodes (es)

  - Materials: Natural Neon gas, representative relative permittivity (mat_gas), Representative alumina ceramic; epsilon_r=9.4 assumption (mat_diel)

  - Quantities: 相对介电常数, 相对介电常数
结束时间：2026年9月4日 10:38:48。
----- Study 1 - 3D Electrostatics stationary/解 1 (sol1) 中的“编译方程: 稳态” ---------->
<---- Study 1 - 3D Electrostatics stationary/解 1 (sol1) 中的“因变量 1” --------------
开始于 2026年9月4日 10:38:48。
           当前进度:   7 % - 因变量 1
Memory: 1641/1641 1933/1993
求解时间：0 s。
物理内存: 1.64 GB
虚拟内存: 1.93 GB
结束时间：2026年9月4日 10:38:48。
----- Study 1 - 3D Electrostatics stationary/解 1 (sol1) 中的“因变量 1” ------------->
<---- Study 1 - 3D Electrostatics stationary/解 1 (sol1) 中的“稳态求解器 1” ------------
开始于 2026年9月4日 10:38:49。
线性求解器 
求解的自由度数：106552。
--         当前进度:  24 % - 组装稀疏模式
Memory: 1146/1653 1292/1993
---        当前进度:  30 % - 组装矩阵
Memory: 1154/1653 1297/1993
---        当前进度:  38 % - 
Memory: 1165/1653 1309/1993
找到对称矩阵。
缩放因变量：
电势 (comp1.V): 1
已使用正交零空间函数。
---        当前进度:  38 % - 组装延展
Memory: 1167/1653 1315/1993
-----      当前进度:  56 % - 组装矩阵
Memory: 1166/1653 1313/1993
Iter      SolEst     Damping    Stepsize #Res #Jac #Sol LinIt   LinErr   LinRes
---------  当前进度:  90 % - 求解线性方程组
Memory: 1178/1653 1331/1993
   1        0.79   1.0000000        0.79    1    1    1     4    2e-05  3.6e-08
---------- 当前进度: 100 % - 
Memory: 1173/1653 1322/1993
求解时间：4 s。
物理内存: 1.65 GB
虚拟内存: 1.93 GB
结束时间：2026年9月4日 10:38:53。
----- Study 1 - 3D Electrostatics stationary/解 1 (sol1) 中的“稳态求解器 1” ----------->
           当前进度:   0 % - Study 2 - Single_Muon_Diagnostic
Memory: 1169/1653 1318/1993
           当前进度:   3 % - Study 2 - Single_Muon_Diagnostic
<---- Study 2 - Single_Muon_Diagnostic/解 2 (sol2) 中的“编译方程: 瞬态” -----------------
开始于 2026年9月4日 10:38:53。
几何形函数: 二次拉格朗日单元
几何形函数: 二次拉格朗日单元
在 Intel64 Family 6 Model 186 Stepping 2, GenuineIntel 上运行。
在以下位置使用 1 个插槽： 陈红星 上（共 1 个内核）。
可用内存：15.90 GB。
           当前进度:   3 % - 编译方程: 瞬态
Memory: 1170/1653 1319/1993
           当前进度:   5 % - 编译方程: 瞬态
Memory: 1120/1653 1264/1993
时间：1。
物理内存: 1.17 GB
虚拟内存: 1.32 GB
Warning: 自由空间采用真空条件，这会导致某些材料属性被忽略。请考虑为忽略的材料添加合适的物理场特征。

  - 节点: 自由空间 1

  - 物理场: Electrostatics: four finite-thickness rounded ring electrodes (es)

  - Materials: Natural Neon gas, representative relative permittivity (mat_gas), Representative alumina ceramic; epsilon_r=9.4 assumption (mat_diel)

  - Quantities: 相对介电常数, 相对介电常数
结束时间：2026年9月4日 10:38:54。
----- Study 2 - Single_Muon_Diagnostic/解 2 (sol2) 中的“编译方程: 瞬态” ---------------->
<---- Study 2 - Single_Muon_Diagnostic/解 2 (sol2) 中的“因变量 1” --------------------
开始于 2026年9月4日 10:38:54。
不求解变量的值: 解 1 (sol1).
           当前进度:   5 % - 因变量 1
Memory: 1099/1653 1242/1993
求解时间：0 s。
物理内存: 1.12 GB
虚拟内存: 1.26 GB
结束时间：2026年9月4日 10:38:54。
----- Study 2 - Single_Muon_Diagnostic/解 2 (sol2) 中的“因变量 1” ------------------->
<---- Study 2 - Single_Muon_Diagnostic/解 2 (sol2) 中的“瞬态求解器 1” ------------------
开始于 2026年9月4日 10:38:55。
瞬态求解器（广义 α）
求解的自由度数：3（加上 4 个内部自由度）。
找到非对称矩阵。
缩放因变量：
颗粒位置 (comp1.qcpt): 1
Step        Time    Stepsize      Res  Jac  Sol Order Tfail NLfail LinIt   LinErr   LinRes
   0           0           - out    2    3    2                  0     0        0        0
   1    1.25e-10    1.25e-10        8    6    8     2     2      0    16  3.4e-10        -
   4  3.9426e-10   8.048e-11       22    9   22     2     2      0    49  2.3e-07        -
   9  6.5861e-10   5.287e-11       32   10   32     2     2      0    65  2.6e-10        -
  15  9.6148e-10  3.8521e-11       48   11   48     2     2      0    96  1.7e-08        -
  19  1.1156e-09  3.8521e-11       56   12   56     2     2      0   108  2.6e-07        -
  26  1.3852e-09  3.8521e-11       70   12   70     2     2      0   129  7.7e-07        -
  33  1.6525e-09  3.8133e-11       84   12   84     2     2      0   156  4.9e-09        -
  40  1.9195e-09  3.8133e-11       98   12   98     2     2      0   184  5.2e-09        -
  44  2.0424e-09  4.2404e-11      106   14  106     2     2      0   197  3.4e-08        -
  51  2.3392e-09  4.2404e-11      120   14  120     2     2      0   218  9.3e-07        -
  55     2.5e-09  3.7979e-11 out  132   16  132     2     2      0   240  2.1e-08        -
  62  2.7659e-09  3.7979e-11      146   16  146     2     2      0   261  4.8e-07        -
  68  2.9779e-09  2.2124e-11      158   17  158     2     2      0   279  1.1e-09        -
  74  3.2212e-09  4.4248e-11      170   18  170     2     2      0   297  4.1e-07        -
  80  3.4712e-09  2.8762e-11      182   19  182     2     2      0   315  3.7e-09        -
  87  3.6726e-09  2.8762e-11      196   19  196     2     2      0   336  6.5e-08        -
  94  3.8739e-09  2.8762e-11      210   19  210     2     2      0   357  1.3e-07        -
  99  4.0343e-09  3.4287e-11      226   19  226     2     2      0   387  2.1e-09        -
 102  4.1371e-09  3.4287e-11      238   19  238     2     2      0   411  2.2e-09        -
 106  4.2743e-09  3.4287e-11      254   19  254     2     2      0   443  2.1e-09        -
 109  4.3772e-09  3.4287e-11      266   21  266     2     2      0   465  6.4e-09        -
 113     4.5e-09  2.7135e-11 out  278   23  278     2     2      0   485  2.2e-09        -
 119  4.8256e-09  5.4271e-11      290   24  290     2     2      0   505  1.1e-09        -
 124  5.0329e-09  3.2917e-11      300   25  300     2     2      0   522  5.5e-08        -
 127  5.2173e-09  5.9251e-11      310   28  310     2     2      0   543  1.1e-07        -
 131  5.4475e-09  5.2497e-11      322   29  322     2     2      0   569  6.4e-08        -
 135  5.6575e-09  5.2497e-11      330   30  330     2     2      0   581  8.1e-07        -
 141    5.96e-09   4.001e-11      346   31  346     2     2      0   612  1.6e-08        -
 143  6.0551e-09  5.5119e-11      352   34  352     2     3      0   622    8e-08        -
           当前进度:   8 % - 组装矩阵
Memory: 1089/1653 1232/1993
 145  6.1543e-09  4.9607e-11      360   36  360     2     3      0   636  4.8e-08        -
 152     6.5e-09  4.8815e-11 out  374   36  374     2     3      0   660  1.6e-08        -
 159  6.8417e-09  4.8815e-11      388   36  388     2     3      0   688  1.3e-08        -
 165  7.0607e-09  3.0332e-11      400   37  400     2     3      0   708  1.1e-07        -
 172   7.273e-09  3.0332e-11      414   37  414     2     3      0   729  3.7e-07        -
 178   7.455e-09  3.0332e-11      426   37  426     2     3      0   747  6.1e-07        -
 181   7.545e-09  4.5027e-11      436   40  436     2     3      0   764  7.7e-08        -
 186  7.7657e-09  4.0525e-11      450   41  450     2     3      0   788  4.2e-08        -
 191  7.9639e-09  3.6121e-11      464   43  464     2     3      0   811  2.2e-08        -
 194  8.0722e-09  3.6121e-11      470   44  470     2     3      0   820  1.9e-07        -
 200   8.289e-09  3.6121e-11      482   44  482     2     3      0   838  6.1e-07        -
 206     8.5e-09  3.3276e-11 out  498   44  498     2     3      0   866    5e-10        -
 209  8.5998e-09  3.3276e-11      510   44  510     2     3      0   890  5.4e-10        -
 212  8.6997e-09  3.3276e-11      522   44  522     2     3      0   914  6.1e-10        -
 216   8.866e-09  6.6552e-11      536   45  536     2     3      0   942  3.4e-07        -
 218  8.9613e-09  3.8683e-11      544   47  544     2     3      0   957  2.2e-08        -
 222  9.1373e-09  5.9966e-11      554   49  554     2     4      0   974  2.2e-07        -
 224  9.2453e-09  5.3969e-11      562   51  562     2     4      0   989  1.3e-07        -
 228  9.4536e-09  4.6412e-11      574   52  574     2     4      0  1010    6e-08        -
 230  9.5633e-09   6.328e-11      580   55  580     2     5      0  1022  2.9e-07        -
 232  9.6772e-09  5.6952e-11      588   57  588     2     5      0  1037  1.7e-07        -
 237  9.9525e-09  4.7504e-11      602   58  602     2     5      0  1063  6.4e-08        -
 242   1.019e-08  4.7504e-11      612   59  612     2     5      0  1078  8.4e-07        -
 248  1.0464e-08  3.6234e-11      628   60  628     2     5      0  1109  1.2e-08        -
 254  1.0681e-08  3.6234e-11      640   61  640     2     5      0  1127  1.9e-07        -
 261  1.0935e-08  3.6234e-11      654   61  654     2     5      0  1148  4.2e-07        -
 265  1.1065e-08  3.2597e-11      670   61  670     2     5      0  1180  2.4e-09        -
 269  1.1251e-08  5.5108e-11      686   63  686     2     5      0  1212    7e-08        -
 273  1.1458e-08  4.1992e-11      698   65  698     2     5      0  1232  1.6e-08        -
 279   1.171e-08  4.1992e-11      710   66  710     2     5      0  1250  3.5e-07        -
 285   1.196e-08  4.0042e-11      723   66  723     2     5      0  1271  2.9e-09        -
 290   1.216e-08  4.0042e-11      738   66  738     2     5      0  1301  2.8e-09        -
 295   1.236e-08  4.0042e-11      753   66  753     2     5      0  1331  2.8e-09        -
 298   1.247e-08  2.9768e-11      765   67  765     2     5      0  1354  3.3e-09        -
 303  1.2738e-08  5.9535e-11      775   69  775     2     5      0  1376  1.6e-09        -
 307  1.2958e-08  4.1627e-11      787   70  787     2     5      0  1402  1.9e-08        -
 309  1.3062e-08  6.2226e-11      793   73  793     2     6      0  1413  1.4e-07        -
 312   1.323e-08  5.6004e-11      803   75  803     2     6      0  1431  4.3e-07        -
 317    1.35e-08  5.0876e-11 out  817   75  817     2     6      0  1458  6.4e-09        -
 321  1.3704e-08  5.0876e-11      835   76  835     2     6      0  1494  6.4e-08        -
 326  1.3954e-08  4.6496e-11      847   77  847     2     6      0  1514    1e-09        -
 330  1.4139e-08  4.6496e-11      863   77  863     2     6      0  1546  1.8e-09        -
 334  1.4325e-08  4.6496e-11      879   77  879     2     6      0  1578  2.4e-09        -
 337  1.4459e-08  4.0767e-11      893   78  893     2     6      0  1605  3.3e-08        -
 343  1.4704e-08  4.0767e-11      905   79  905     2     6      0  1623    7e-07        -
-          当前进度:  10 % - 
 348  1.4908e-08  4.0767e-11      915   79  915     2     6      0  1641  6.3e-10        -
 352  1.5052e-08  5.1568e-11      923   81  923     2     6      0  1654  1.2e-07        -
 355  1.5186e-08   4.177e-11      937   84  937     2     6      0  1679  4.4e-08        -
 360  1.5395e-08   4.177e-11      947   85  947     2     6      0  1694  6.2e-07        -
 364  1.5563e-08  6.3218e-11      957   88  957     2     7      0  1711  3.1e-07        -
 366  1.5665e-08   5.073e-11      965   90  965     2     7      0  1726  1.3e-07        -
 368  1.5765e-08  5.4873e-11      975   93  975     2     8      0  1745  1.7e-07        -
 370  1.5871e-08  5.5987e-11      985   96  985     2     9      0  1764  1.8e-07        -
 372   1.596e-08  3.9516e-11      995   99  995     2    10      0  1782  2.3e-08        -
 375  1.6108e-08  5.1193e-11     1007  102 1007     2    11      0  1805    1e-07        -
 381  1.6415e-08  5.1193e-11     1019  103 1019     2    11      0  1828  1.4e-09        -
 384  1.6542e-08  4.2383e-11     1029  105 1029     2    11      0  1846  1.6e-07        -
 390  1.6797e-08  4.2383e-11     1041  105 1041     2    11      0  1864  9.1e-07        -
 394  1.6962e-08  3.8085e-11     1053  106 1053     2    11      0  1887  1.9e-08        -
 399  1.7152e-08  3.8085e-11     1063  107 1063     2    11      0  1902  3.3e-07        -
 404  1.7343e-08  3.8085e-11     1073  107 1073     2    11      0  1917  7.3e-07        -
 408  1.7479e-08   2.149e-11     1081  108 1081     2    11      0  1929  1.1e-09        -
 412  1.7629e-08   4.298e-11     1089  109 1089     2    11      0  1941  2.5e-07        -
 417  1.7844e-08   4.298e-11     1099  109 1099     2    11      0  1956  7.7e-07        -
 420  1.7965e-08  3.5102e-11     1109  110 1109     2    11      0  1973  9.4e-09        -
 423  1.8086e-08   5.094e-11     1117  113 1117     2    12      0  1987  5.7e-08        -
 426  1.8224e-08  4.5846e-11     1129  113 1129     2    12      0  2014  1.5e-08        -
 429  1.8361e-08  4.5846e-11     1141  113 1141     2    12      0  2041  1.5e-08        -
 432  1.8476e-08  2.3597e-11     1151  114 1151     2    12      0  2062    1e-09        -
 436  1.8642e-08  4.7193e-11     1159  115 1159     2    12      0  2074  2.5e-07        -
 442  1.8925e-08  4.7193e-11     1171  115 1171     2    12      0  2092  9.1e-07        -
 444     1.9e-08  3.7631e-11 out 1179  117 1179     2    12      0  2106  9.4e-09        -
 446  1.9138e-08  6.3214e-11     1187  119 1187     2    12      0  2124  1.3e-07        -
 451  1.9446e-08  5.4334e-11     1201  121 1201     2    12      0  2155  6.5e-08        -
 456  1.9717e-08  5.4334e-11     1211  122 1211     2    12      0  2176  1.1e-09        -
 461  1.9967e-08  3.2665e-11     1221  123 1221     2    12      0  2199  5.9e-09        -
 466  2.0261e-08  6.5331e-11     1231  124 1231     2    12      0  2220  2.4e-09        -
 469  2.0446e-08  5.4007e-11     1241  125 1241     2    12      0  2244  7.1e-08        -
 474  2.0716e-08  5.4007e-11     1251  126 1251     2    12      0  2265  8.9e-10        -
 478  2.0932e-08  5.4007e-11     1259  126 1259     2    12      0  2285  1.6e-09        -
 482  2.1068e-08   3.397e-11     1267  127 1267     2    12      0  2297  1.1e-07        -
 488  2.1272e-08   3.397e-11     1279  127 1279     2    12      0  2315  3.2e-07        -
 493  2.1442e-08   3.397e-11     1289  127 1289     2    12      0  2330  5.1e-07        -
 495    2.15e-08  2.9192e-11 out 1297  129 1297     2    12      0  2344  4.4e-09        -
 500  2.1792e-08  5.8384e-11     1307  130 1307     2    12      0  2367    1e-09        -
 503  2.1954e-08  4.5657e-11     1317  131 1317     2    12      0  2389  5.4e-08        -
 508  2.2183e-08  4.5657e-11     1327  132 1327     2    12      0  2404    9e-07        -
 513  2.2411e-08  4.5657e-11     1337  132 1337     2    12      0  2424  3.8e-10        -
 518  2.2634e-08  4.4546e-11     1347  132 1347     2    12      0  2444  1.8e-08        -
 524  2.2901e-08  4.4546e-11     1359  132 1359     2    12      0  2468  1.8e-08        -
-          当前进度:  11 % - 组装稀疏模式
 527  2.3049e-08  4.9088e-11     1369  134 1369     2    12      0  2486  6.5e-08        -
 533  2.3344e-08  4.9088e-11     1381  134 1381     2    12      0  2507  2.6e-10        -
 538  2.3558e-08  5.8206e-11     1391  136 1391     2    12      0  2525  1.7e-07        -
 544  2.3907e-08  5.8206e-11     1403  136 1403     2    12      0  2554  1.2e-09        -
 546     2.4e-08   4.628e-11 out 1411  138 1411     2    12      0  2569  5.3e-08        -
 551  2.4231e-08   4.628e-11     1421  138 1421     2    12      0  2585  6.4e-11        -
 556  2.4458e-08  4.1738e-11     1433  138 1433     2    12      0  2609  5.7e-09        -
 559  2.4583e-08  4.1738e-11     1445  138 1445     2    12      0  2633  5.8e-09        -
 562  2.4709e-08  4.1738e-11     1457  138 1457     2    12      0  2657  5.8e-09        -
 565  2.4834e-08  4.1738e-11     1469  138 1469     2    12      0  2681  5.8e-09        -
 568  2.4959e-08   4.131e-11     1483  139 1483     2    12      0  2708  2.8e-08        -
 573  2.5165e-08   4.131e-11     1493  140 1493     2    12      0  2723  3.6e-07        -
 579  2.5413e-08   4.131e-11     1505  140 1505     2    12      0  2741  8.3e-07        -
 583  2.5546e-08  4.5593e-11     1513  142 1513     2    12      0  2753  3.1e-08        -
 589  2.5819e-08  4.5593e-11     1525  142 1525     2    12      0  2771  6.2e-07        -
 595  2.6108e-08  6.2693e-11     1539  144 1539     2    13      0  2797  1.2e-07        -
 597   2.622e-08  5.6424e-11     1547  146 1547     2    13      0  2814    7e-08        -
 602    2.65e-08  5.5178e-11 out 1557  146 1557     2    13      0  2831  4.5e-08        -
 608  2.6831e-08  5.5178e-11     1569  146 1569     2    13      0  2855  4.4e-08        -
 612     2.7e-08  2.9288e-11 out 1577  147 1577     2    13      0  2869  1.6e-08        -
 616  2.7234e-08  5.8577e-11     1585  148 1585     2    13      0  2886  1.9e-10        -
 620  2.7455e-08  4.4981e-11     1597  149 1597     2    13      0  2913  2.9e-08        -
 625   2.768e-08  4.4981e-11     1607  150 1607     2    13      0  2928  5.2e-07        -
 630  2.7905e-08  4.4981e-11     1617  150 1617     2    13      0  2945  9.4e-11        -
 634   2.805e-08  5.0195e-11     1625  152 1625     2    13      0  2958  5.3e-08        -
 639  2.8301e-08  5.0195e-11     1635  152 1635     2    13      0  2974  2.5e-10        -
 644  2.8549e-08  4.9221e-11     1645  152 1645     2    13      0  2994  1.7e-08        -
 649  2.8795e-08  4.9221e-11     1655  152 1655     2    13      0  3014  1.6e-08        -
 653  2.8971e-08  2.8506e-11     1663  153 1663     2    13      0  3029  3.9e-09        -
 656  2.9086e-08  5.7011e-11     1669  154 1669     2    13      0  3038  1.3e-07        -
 661  2.9371e-08  5.7011e-11     1679  154 1679     2    13      0  3057    7e-10        -
 664    2.95e-08  3.6207e-11 out 1685  155 1685     2    13      0  3067  6.3e-08        -
 667  2.9667e-08  5.8072e-11     1695  157 1695     2    13      0  3086  1.1e-07        -
 669  2.9777e-08  5.2265e-11     1703  159 1703     2    13      0  3100  7.4e-08        -
 673  2.9967e-08  3.3087e-11     1711  161 1711     2    13      0  3112    8e-09        -
 677  3.0153e-08  5.4162e-11     1723  163 1723     2    13      0  3132  9.4e-08        -
 679  3.0256e-08  4.8745e-11     1731  165 1731     2    13      0  3146  5.6e-08        -
 683  3.0451e-08  4.8716e-11     1739  166 1739     2    13      0  3159  7.1e-11        -
 686  3.0597e-08  4.8716e-11     1745  166 1745     2    13      0  3171  2.3e-11        -
 691  3.0841e-08  4.8716e-11     1755  166 1755     2    13      0  3191  1.4e-10        -
 695     3.1e-08  3.0777e-11 out 1763  167 1763     2    13      0  3205  2.9e-08        -
 699  3.1246e-08  6.1553e-11     1771  168 1771     2    13      0  3219  1.1e-09        -
 703  3.1465e-08  3.4564e-11     1779  169 1779     2    13      0  3234  1.2e-08        -
 708  3.1638e-08  3.4564e-11     1789  169 1789     2    13      0  3249  2.3e-07        -
 712  3.1777e-08  3.4564e-11     1797  169 1797     2    13      0  3261    4e-07        -
 717  3.1949e-08  3.4564e-11     1807  169 1807     2    13      0  3276  6.3e-07        -
-          当前进度:  13 % - 正在组装残差
 719     3.2e-08  2.5335e-11 out 1815  171 1815     2    13      0  3290  2.4e-09        -
 723  3.2203e-08  5.0669e-11     1823  172 1823     2    13      0  3302  8.6e-07        -
 728  3.2453e-08  4.7322e-11     1834  172 1834     2    13      0  3324  9.1e-09        -
 732  3.2642e-08  4.7322e-11     1846  172 1846     2    13      0  3348  9.3e-09        -
 736  3.2831e-08  4.7322e-11     1858  172 1858     2    13      0  3372  9.5e-09        -
 739  3.2963e-08   3.705e-11     1870  173 1870     2    13      0  3395  9.2e-09        -
 741  3.3058e-08  5.8031e-11     1876  176 1876     2    14      0  3405  8.1e-08        -
 744  3.3215e-08  5.2228e-11     1888  176 1888     2    14      0  3429  9.3e-09        -
 747  3.3371e-08  5.2228e-11     1900  176 1900     2    14      0  3453  9.3e-09        -
 750    3.35e-08  3.8188e-11 out 1908  177 1908     2    14      0  3467  4.2e-08        -
 752  3.3639e-08  6.2474e-11     1916  179 1916     2    14      0  3484    1e-07        -
 755  3.3814e-08  5.6227e-11     1926  180 1926     2    14      0  3503  1.2e-08        -
 758  3.3963e-08  3.6884e-11     1936  181 1936     2    14      0  3522  7.6e-09        -
 762  3.4177e-08   6.639e-11     1948  183 1948     2    14      0  3545  1.5e-07        -
 766  3.4438e-08  6.1894e-11     1958  184 1958     2    14      0  3567  3.6e-09        -
 769  3.4624e-08  6.1894e-11     1970  184 1970     2    14      0  3594  3.5e-09        -
 772  3.4809e-08  6.1894e-11     1982  184 1982     2    14      0  3621  3.4e-09        -
 775  3.4967e-08  3.3372e-11     1992  185 1992     2    14      0  3642  4.7e-09        -
 780  3.5133e-08  3.3372e-11     2002  185 2002     2    14      0  3657  1.1e-07        -
 786  3.5334e-08  3.3372e-11     2014  185 2014     2    14      0  3675  2.3e-07        -
 792  3.5533e-08  3.3082e-11     2026  185 2026     2    14      0  3696  8.9e-10        -
 797  3.5698e-08  3.3082e-11     2036  185 2036     2    14      0  3716  8.1e-10        -
 802  3.5864e-08  3.3082e-11     2046  185 2046     2    14      0  3736  7.3e-10        -
 806  3.5982e-08  1.8428e-11     2054  186 2054     2    14      0  3751  2.9e-10        -
 810  3.6111e-08  3.6857e-11     2062  187 2062     2    14      0  3763  8.5e-08        -
 815  3.6295e-08  3.6857e-11     2072  187 2072     2    14      0  3778  2.8e-07        -
 820  3.6471e-08  2.8859e-11     2086  188 2086     2    14      0  3801  3.3e-09        -
 823  3.6615e-08  5.7717e-11     2092  190 2092     2    14      0  3810  4.8e-07        -
 828  3.6904e-08  5.7717e-11     2102  190 2102     2    14      0  3829  2.1e-09        -
 830     3.7e-08  4.7989e-11 out 2110  192 2110     2    14      0  3843  3.7e-08        -
 834  3.7192e-08  4.7989e-11     2118  192 2118     2    14      0  3855  6.2e-07        -
 840  3.7466e-08  3.4049e-11     2134  193 2134     2    14      0  3884  6.7e-09        -
 844  3.7602e-08  3.4049e-11     2142  194 2142     2    14      0  3896  8.7e-08        -
 850  3.7806e-08  3.4049e-11     2154  194 2154     2    14      0  3914  2.4e-07        -
 854  3.7943e-08  3.4049e-11     2162  194 2162     2    14      0  3926  3.4e-07        -
 856     3.8e-08  2.8684e-11 out 2170  196 2170     2    14      0  3940  5.2e-09        -
 862  3.8172e-08  2.8684e-11     2182  196 2182     2    14      0  3958  6.2e-08        -
 867  3.8316e-08  2.8684e-11     2192  196 2192     2    14      0  3973  1.1e-07        -
 873  3.8479e-08  2.0526e-11     2208  197 2208     2    14      0  3999  6.3e-10        -
 876  3.8582e-08  4.1053e-11     2214  199 2214     2    14      0  4008  9.2e-08        -
 882  3.8828e-08  4.1053e-11     2226  199 2226     2    14      0  4026  5.1e-07        -
 887     3.9e-08  2.4209e-11 out 2236  200 2236     2    14      0  4041  6.8e-09        -
 891  3.9194e-08  4.8417e-11     2244  201 2244     2    14      0  4053    6e-07        -
 897  3.9468e-08  3.2123e-11     2256  202 2256     2    14      0  4074  5.4e-09        -
 901  3.9596e-08  3.2123e-11     2264  202 2264     2    14      0  4086  7.7e-08        -
 907  3.9789e-08  3.2123e-11     2276  202 2276     2    14      0  4104  1.8e-07        -
 913  3.9975e-08  2.5138e-11     2292  203 2292     2    14      0  4130  1.1e-09        -
-          当前进度:  14 % - 正在组装残差
 916  4.0101e-08  5.0277e-11     2298  205 2298     2    14      0  4140  5.9e-09        -
 922  4.0402e-08  5.0277e-11     2310  205 2310     2    14      0  4158  7.5e-07        -
 927  4.0647e-08  4.8892e-11     2320  205 2320     2    14      0  4178  1.5e-08        -
 933   4.094e-08  4.8892e-11     2332  205 2332     2    14      0  4202  1.6e-08        -
 937   4.109e-08  5.9969e-11     2340  207 2340     2    14      0  4214    5e-08        -
 943  4.1445e-08  5.5101e-11     2354  207 2354     2    14      0  4238  3.2e-09        -
 946   4.161e-08  5.5101e-11     2366  207 2366     2    14      0  4262  3.1e-09        -
 951  4.2224e-08  2.2449e-10     2374  209 2374     2    14      0  4270        0        -
 958    4.55e-08       5e-10 out 2381  210 2381     2    14      0  4270        0        -
 968    5.05e-08       5e-10 out 2391  210 2391     2    14      0  4270        0        -
 978    5.55e-08       5e-10 out 2401  210 2401     2    14      0  4270        0        -
 987       6e-08       5e-10 out 2410  210 2410     2    14      0  4270        0        -
 997     6.5e-08       5e-10 out 2420  210 2420     2    14      0  4270        0        -
1006    6.95e-08       5e-10 out 2429  210 2429     2    14      0  4270        0        -
1016    7.45e-08       5e-10 out 2439  210 2439     2    14      0  4270        0        -
1026    7.95e-08       5e-10 out 2449  210 2449     2    14      0  4270        0        -
1036    8.45e-08       5e-10 out 2459  210 2459     2    14      0  4270        0        -
1045     8.9e-08       5e-10 out 2468  210 2468     2    14      0  4270        0        -
1055     9.4e-08       5e-10 out 2478  210 2478     2    14      0  4270        0        -
1065     9.9e-08       5e-10 out 2488  210 2488     2    14      0  4270        0        -
1074   1.035e-07       5e-10 out 2497  210 2497     2    14      0  4270        0        -
1084   1.085e-07       5e-10 out 2507  210 2507     2    14      0  4270        0        -
1094   1.135e-07       5e-10 out 2517  210 2517     2    14      0  4270        0        -
1104   1.185e-07       5e-10 out 2527  210 2527     2    14      0  4270        0        -
1114   1.235e-07       5e-10 out 2537  210 2537     2    14      0  4270        0        -
1124   1.285e-07       5e-10 out 2547  210 2547     2    14      0  4270        0        -
1134   1.335e-07       5e-10 out 2557  210 2557     2    14      0  4270        0        -
1144   1.385e-07       5e-10 out 2567  210 2567     2    14      0  4270        0        -
1151    1.42e-07       5e-10 out 2574  210 2574     2    14      0  4270        0        -
1160   1.465e-07       5e-10 out 2583  210 2583     2    14      0  4270        0        -
1170   1.515e-07       5e-10 out 2593  210 2593     2    14      0  4270        0        -
1178   1.555e-07       5e-10 out 2601  210 2601     2    14      0  4270        0        -
1186   1.595e-07       5e-10 out 2609  210 2609     2    14      0  4270        0        -
1196   1.645e-07       5e-10 out 2619  210 2619     2    14      0  4270        0        -
1202   1.675e-07       5e-10 out 2625  210 2625     2    14      0  4270        0        -
1211    1.72e-07       5e-10 out 2634  210 2634     2    14      0  4270        0        -
1221    1.77e-07       5e-10 out 2644  210 2644     2    14      0  4270        0        -
1230   1.815e-07       5e-10 out 2653  210 2653     2    14      0  4270        0        -
1240   1.865e-07       5e-10 out 2663  210 2663     2    14      0  4270        0        -
1250   1.915e-07       5e-10 out 2673  210 2673     2    14      0  4270        0        -
1260   1.965e-07       5e-10 out 2683  210 2683     2    14      0  4270        0        -
1270   2.015e-07       5e-10 out 2693  210 2693     2    14      0  4270        0        -
1280   2.065e-07       5e-10 out 2703  210 2703     2    14      0  4270        0        -
1289    2.11e-07       5e-10 out 2712  210 2712     2    14      0  4270        0        -
1299    2.16e-07       5e-10 out 2722  210 2722     2    14      0  4270        0        -
1309    2.21e-07       5e-10 out 2732  210 2732     2    14      0  4270        0        -
1317    2.25e-07       5e-10 out 2740  210 2740     2    14      0  4270        0        -
1327     2.3e-07       5e-10 out 2750  210 2750     2    14      0  4270        0        -
1337    2.35e-07       5e-10 out 2760  210 2760     2    14      0  4270        0        -
1345    2.39e-07       5e-10 out 2768  210 2768     2    14      0  4270        0        -
-----      当前进度:  52 % - 
1352   2.425e-07       5e-10 out 2775  210 2775     2    14      0  4270        0        -
1362   2.475e-07       5e-10 out 2785  210 2785     2    14      0  4270        0        -
1372   2.525e-07       5e-10 out 2795  210 2795     2    14      0  4270        0        -
1382   2.575e-07       5e-10 out 2805  210 2805     2    14      0  4270        0        -
1392   2.625e-07       5e-10 out 2815  210 2815     2    14      0  4270        0        -
1402   2.675e-07       5e-10 out 2825  210 2825     2    14      0  4270        0        -
1412   2.725e-07       5e-10 out 2835  210 2835     2    14      0  4270        0        -
1421    2.77e-07       5e-10 out 2844  210 2844     2    14      0  4270        0        -
1430   2.815e-07       5e-10 out 2853  210 2853     2    14      0  4270        0        -
1440   2.865e-07       5e-10 out 2863  210 2863     2    14      0  4270        0        -
1449    2.91e-07       5e-10 out 2872  210 2872     2    14      0  4270        0        -
1457    2.95e-07       5e-10 out 2880  210 2880     2    14      0  4270        0        -
1467       3e-07       5e-10 out 2890  210 2890     2    14      0  4270        0        -
1476   3.045e-07       5e-10 out 2899  210 2899     2    14      0  4270        0        -
1486   3.095e-07       5e-10 out 2909  210 2909     2    14      0  4270        0        -
1496   3.145e-07       5e-10 out 2919  210 2919     2    14      0  4270        0        -
1506   3.195e-07       5e-10 out 2929  210 2929     2    14      0  4270        0        -
1516   3.245e-07       5e-10 out 2939  210 2939     2    14      0  4270        0        -
1526   3.295e-07       5e-10 out 2949  210 2949     2    14      0  4270        0        -
1535    3.34e-07       5e-10 out 2958  210 2958     2    14      0  4270        0        -
1545    3.39e-07       5e-10 out 2968  210 2968     2    14      0  4270        0        -
1555    3.44e-07       5e-10 out 2978  210 2978     2    14      0  4270        0        -
1563    3.48e-07       5e-10 out 2986  210 2986     2    14      0  4270        0        -
1573    3.53e-07       5e-10 out 2996  210 2996     2    14      0  4270        0        -
1583    3.58e-07       5e-10 out 3006  210 3006     2    14      0  4270        0        -
1588   3.605e-07       5e-10 out 3011  210 3011     2    14      0  4270        0        -
1595    3.64e-07       5e-10 out 3018  210 3018     2    14      0  4270        0        -
1605    3.69e-07       5e-10 out 3028  210 3028     2    14      0  4270        0        -
1613    3.73e-07       5e-10 out 3036  210 3036     2    14      0  4270        0        -
1621    3.77e-07       5e-10 out 3044  210 3044     2    14      0  4270        0        -
1631    3.82e-07       5e-10 out 3054  210 3054     2    14      0  4270        0        -
1641    3.87e-07       5e-10 out 3064  210 3064     2    14      0  4270        0        -
1651    3.92e-07       5e-10 out 3074  210 3074     2    14      0  4270        0        -
1661    3.97e-07       5e-10 out 3084  210 3084     2    14      0  4270        0        -
1671    4.02e-07       5e-10 out 3094  210 3094     2    14      0  4270        0        -
1681    4.07e-07       5e-10 out 3104  210 3104     2    14      0  4270        0        -
1691    4.12e-07       5e-10 out 3114  210 3114     2    14      0  4270        0        -
1701    4.17e-07       5e-10 out 3124  210 3124     2    14      0  4270        0        -
1711    4.22e-07       5e-10 out 3134  210 3134     2    14      0  4270        0        -
1721    4.27e-07       5e-10 out 3144  210 3144     2    14      0  4270        0        -
1731    4.32e-07       5e-10 out 3154  210 3154     2    14      0  4270        0        -
1741    4.37e-07       5e-10 out 3164  210 3164     2    14      0  4270        0        -
1751    4.42e-07       5e-10 out 3174  210 3174     2    14      0  4270        0        -
1760   4.465e-07       5e-10 out 3183  210 3183     2    14      0  4270        0        -
1770   4.515e-07       5e-10 out 3193  210 3193     2    14      0  4270        0        -
1780   4.565e-07       5e-10 out 3203  210 3203     2    14      0  4270        0        -
1789    4.61e-07       5e-10 out 3212  210 3212     2    14      0  4270        0        -
1799    4.66e-07       5e-10 out 3222  210 3222     2    14      0  4270        0        -
1809    4.71e-07       5e-10 out 3232  210 3232     2    14      0  4270        0        -
1817    4.75e-07       5e-10 out 3240  210 3240     2    14      0  4270        0        -
1827     4.8e-07       5e-10 out 3250  210 3250     2    14      0  4270        0        -
1837    4.85e-07       5e-10 out 3260  210 3260     2    14      0  4270        0        -
1846   4.895e-07       5e-10 out 3269  210 3269     2    14      0  4270        0        -
---------  当前进度:  99 % - 
1855    4.94e-07       5e-10 out 3278  210 3278     2    14      0  4270        0        -
1865    4.99e-07       5e-10 out 3288  210 3288     2    14      0  4270        0        -
1867       5e-07       5e-10 out 3290  210 3290     2    14      0  4270        0        -
---------- 当前进度: 100 % - 
求解时间：2 s。
物理内存: 1.1 GB
虚拟内存: 1.24 GB
结束时间：2026年9月4日 10:38:58。
----- Study 2 - Single_Muon_Diagnostic/解 2 (sol2) 中的“瞬态求解器 1” ----------------->
           当前进度:   0 % - 
-          当前进度:  13 % - 正在计算
--         当前进度:  23 % - 正在计算
---        当前进度:  32 % - 正在计算
----       当前进度:  41 % - 正在计算
-----      当前进度:  52 % - 正在计算
------     当前进度:  60 % - 正在计算
------     当前进度:  68 % - 正在计算
-------    当前进度:  76 % - 正在计算
--------   当前进度:  85 % - 正在计算
---------  当前进度:  94 % - 正在计算
---------- 当前进度: 100 % - 正在计算
           当前进度:   0 % - 
---        当前进度:  34 % - 正在计算
Memory: 1090/1653 1232/1993
---------  当前进度:  95 % - 正在计算
AXIAL_SOURCE_CASE_COMPLETE=axial_source_gap40mm_frac0p70
AXIAL_SOURCE_CASE_START=axial_source_gap40mm_frac0p80
           当前进度:   0 % - Study 1 - 3D Electrostatics stationary
           当前进度:   3 % - Study 1 - 3D Electrostatics stationary
Memory: 1091/1653 1233/1993
<---- Study 1 - 3D Electrostatics stationary/解 1 (sol1) 中的“编译方程: 稳态” -----------
开始于 2026年9月4日 10:39:01。
几何形函数: 二次拉格朗日单元
几何形函数: 二次拉格朗日单元
在 Intel64 Family 6 Model 186 Stepping 2, GenuineIntel 上运行。
在以下位置使用 1 个插槽： 陈红星 上（共 1 个内核）。
可用内存：15.90 GB。
           当前进度:   3 % - 编译方程: 稳态
           当前进度:   6 % - 编译方程: 稳态
Memory: 1109/1653 1252/1993
           当前进度:   7 % - 编译方程: 稳态
Memory: 1123/1653 1267/1993
时间：1。
物理内存: 1.12 GB
虚拟内存: 1.27 GB
Warning: 自由空间采用真空条件，这会导致某些材料属性被忽略。请考虑为忽略的材料添加合适的物理场特征。

  - 节点: 自由空间 1

  - 物理场: Electrostatics: four finite-thickness rounded ring electrodes (es)

  - Materials: Natural Neon gas, representative relative permittivity (mat_gas), Representative alumina ceramic; epsilon_r=9.4 assumption (mat_diel)

  - Quantities: 相对介电常数, 相对介电常数
结束时间：2026年9月4日 10:39:02。
----- Study 1 - 3D Electrostatics stationary/解 1 (sol1) 中的“编译方程: 稳态” ---------->
<---- Study 1 - 3D Electrostatics stationary/解 1 (sol1) 中的“因变量 1” --------------
开始于 2026年9月4日 10:39:02。
           当前进度:   7 % - 因变量 1
求解时间：0 s。
物理内存: 1.12 GB
虚拟内存: 1.27 GB
结束时间：2026年9月4日 10:39:03。
----- Study 1 - 3D Electrostatics stationary/解 1 (sol1) 中的“因变量 1” ------------->
<---- Study 1 - 3D Electrostatics stationary/解 1 (sol1) 中的“稳态求解器 1” ------------
开始于 2026年9月4日 10:39:04。
线性求解器 
求解的自由度数：106552。
--         当前进度:  24 % - 组装稀疏模式
Memory: 1134/1653 1278/1993
---        当前进度:  35 % - 组装矩阵
Memory: 1156/1653 1300/1993
找到对称矩阵。
缩放因变量：
电势 (comp1.V): 1
已使用正交零空间函数。
---        当前进度:  38 % - 
Memory: 1176/1653 1325/1993
---        当前进度:  38 % - 组装延展
Memory: 1170/1653 1318/1993
Iter      SolEst     Damping    Stepsize #Res #Jac #Sol LinIt   LinErr   LinRes
-------    当前进度:  74 % - 求解线性方程组
Memory: 1168/1653 1317/1993
   1        0.79   1.0000000        0.79    1    1    1     4    2e-05  3.6e-08
---------- 当前进度: 100 % - 
Memory: 1164/1653 1313/1993
求解时间：3 s。
物理内存: 1.18 GB
虚拟内存: 1.33 GB
结束时间：2026年9月4日 10:39:07。
----- Study 1 - 3D Electrostatics stationary/解 1 (sol1) 中的“稳态求解器 1” ----------->
           当前进度:   0 % - Study 2 - Single_Muon_Diagnostic
           当前进度:   3 % - Study 2 - Single_Muon_Diagnostic
Memory: 1239/1653 1988/1993
<---- Study 2 - Single_Muon_Diagnostic/解 2 (sol2) 中的“编译方程: 瞬态” -----------------
开始于 2026年9月4日 10:39:07。
几何形函数: 二次拉格朗日单元
几何形函数: 二次拉格朗日单元
在 Intel64 Family 6 Model 186 Stepping 2, GenuineIntel 上运行。
在以下位置使用 1 个插槽： 陈红星 上（共 1 个内核）。
可用内存：15.90 GB。
           当前进度:   3 % - 编译方程: 瞬态
Memory: 1406/1653 1988/1993
           当前进度:   5 % - 编译方程: 瞬态
Memory: 1410/1653 1939/1993
时间：1。
物理内存: 1.51 GB
虚拟内存: 1.99 GB
Warning: 自由空间采用真空条件，这会导致某些材料属性被忽略。请考虑为忽略的材料添加合适的物理场特征。

  - 节点: 自由空间 1

  - 物理场: Electrostatics: four finite-thickness rounded ring electrodes (es)

  - Materials: Natural Neon gas, representative relative permittivity (mat_gas), Representative alumina ceramic; epsilon_r=9.4 assumption (mat_diel)

  - Quantities: 相对介电常数, 相对介电常数
结束时间：2026年9月4日 10:39:08。
----- Study 2 - Single_Muon_Diagnostic/解 2 (sol2) 中的“编译方程: 瞬态” ---------------->
<---- Study 2 - Single_Muon_Diagnostic/解 2 (sol2) 中的“因变量 1” --------------------
开始于 2026年9月4日 10:39:08。
不求解变量的值: 解 1 (sol1).
           当前进度:   5 % - 因变量 1
Memory: 1497/1653 1927/1993
求解时间：0 s。
物理内存: 1.51 GB
虚拟内存: 1.94 GB
结束时间：2026年9月4日 10:39:08。
----- Study 2 - Single_Muon_Diagnostic/解 2 (sol2) 中的“因变量 1” ------------------->
<---- Study 2 - Single_Muon_Diagnostic/解 2 (sol2) 中的“瞬态求解器 1” ------------------
开始于 2026年9月4日 10:39:09。
瞬态求解器（广义 α）
求解的自由度数：3（加上 4 个内部自由度）。
找到非对称矩阵。
缩放因变量：
颗粒位置 (comp1.qcpt): 1
Step        Time    Stepsize      Res  Jac  Sol Order Tfail NLfail LinIt   LinErr   LinRes
   0           0           - out    2    3    2                  0     0        0        0
   1    1.25e-10    1.25e-10        8    6    8     2     2      0    15    1e-09        -
   2  2.2458e-10  9.9578e-11       14    7   14     2     2      0    31  4.8e-07        -
   4  3.9486e-10  8.0658e-11       22    9   22     2     2      0    48  2.6e-07        -
   9  6.5771e-10  5.2572e-11       32   10   32     2     2      0    63  9.5e-07        -
  15  9.6029e-10  3.9713e-11       48   11   48     2     2      0    94  2.1e-08        -
  18  1.0794e-09  3.9713e-11       54   12   54     2     2      0   103    2e-07        -
  21  1.1986e-09  3.9713e-11       60   12   60     2     2      0   112  4.7e-07        -
  25  1.3574e-09  3.9713e-11       68   12   68     2     2      0   124    8e-07        -
  28  1.4684e-09  3.1576e-11       78   13   78     2     2      0   141  8.2e-09        -
  33  1.6263e-09  3.1576e-11       88   14   88     2     2      0   156  1.1e-07        -
  38  1.9395e-09  6.0543e-11       99   15   99     2     2      0   182  1.5e-08        -
  42  2.1816e-09  6.0543e-11      111   15  111     2     2      0   210  1.5e-08        -
  46  2.4238e-09  6.0543e-11      123   15  123     2     2      0   238  1.6e-08        -
  49  2.5381e-09  3.8099e-11      129   16  129     2     2      0   247  1.5e-07        -
  54  2.7286e-09  3.8099e-11      139   16  139     2     2      0   262  4.9e-07        -
  60  2.9572e-09  3.8099e-11      151   16  151     2     2      0   280    9e-07        -
  64  3.0856e-09  4.2812e-11      159   18  159     2     2      0   292  1.1e-07        -
  70  3.3425e-09  4.2812e-11      171   18  171     2     2      0   310  5.8e-07        -
  73  3.4641e-09  3.5939e-11      181   19  181     2     2      0   327  1.1e-08        -
  77  3.6078e-09  3.5939e-11      189   20  189     2     2      0   339  8.9e-08        -
  82  3.7875e-09  3.5939e-11      199   20  199     2     2      0   354  2.2e-07        -
  88       4e-09  3.4369e-11 out  213   20  213     2     2      0   378    2e-09        -
  92  4.1375e-09  3.4369e-11      225   20  225     2     2      0   402    2e-09        -
  96   4.275e-09  3.4369e-11      237   20  237     2     2      0   426    2e-09        -
 101  4.4562e-09  4.3787e-11      255   21  255     2     2      0   461  2.1e-08        -
 107  4.7189e-09  4.3787e-11      267   22  267     2     2      0   479  4.7e-07        -
 113  4.9689e-09  3.1065e-11      283   23  283     2     2      0   505  4.2e-09        -
 117  5.1864e-09  6.2131e-11      291   25  291     2     2      0   521  3.9e-10        -
 123     5.5e-09  3.2542e-11 out  303   26  303     2     2      0   547  2.8e-08        -
 126  5.6562e-09  5.8575e-11      313   28  313     2     2      0   567  9.6e-08        -
           当前进度:   8 % - 正在组装残差
Memory: 1119/1653 1262/1993
 130  5.8905e-09  5.8575e-11      321   29  321     2     2      0   584  7.8e-10        -
 134  6.1095e-09   5.475e-11      337   29  337     2     2      0   620  3.5e-09        -
 137  6.2738e-09   5.475e-11      349   29  349     2     2      0   647  3.4e-09        -
 140   6.438e-09   5.475e-11      361   29  361     2     2      0   674  3.4e-09        -
 144  6.6178e-09  5.5798e-11      373   32  373     2     2      0   696  9.5e-08        -
 148   6.841e-09  5.5798e-11      381   33  381     2     2      0   710    1e-09        -
 151       7e-09  5.1606e-11 out  391   33  391     2     2      0   730  1.8e-09        -
 154  7.1548e-09  5.1606e-11      403   33  403     2     2      0   754  1.1e-09        -
 156   7.258e-09  5.1606e-11      411   33  411     2     2      0   770  9.6e-10        -
 157  7.3096e-09  5.1606e-11      415   33  415     2     2      0   778  8.1e-10        -
 158  7.3612e-09  5.1606e-11      419   33  419     2     2      0   786  7.6e-10        -
 159  7.4128e-09  5.1606e-11      423   33  423     2     2      0   794  7.1e-10        -
 160  7.4564e-09  4.3576e-11      429   34  429     2     2      0   805  5.8e-08        -
 161     7.5e-09  4.3576e-11 out  431   35  431     2     2      0   808  5.8e-08        -
 163  7.5872e-09  4.3576e-11      435   35  435     2     2      0   814  5.3e-07        -
 167  7.7615e-09  4.3576e-11      443   35  443     2     2      0   828  3.7e-10        -
 170  7.8922e-09  4.3576e-11      449   35  449     2     2      0   840  5.3e-10        -
 172  7.9679e-09  3.2121e-11      457   36  457     2     2      0   855  1.3e-08        -
 175  8.0642e-09  3.2121e-11      463   37  463     2     2      0   864    1e-07        -
 178  8.1606e-09  3.2121e-11      469   37  469     2     2      0   873  2.2e-07        -
 182  8.2891e-09  3.2121e-11      477   37  477     2     2      0   885  3.6e-07        -
 186  8.4176e-09  3.2121e-11      485   37  485     2     2      0   897  4.8e-07        -
 188  8.4748e-09  2.5156e-11      493   38  493     2     2      0   911  2.5e-09        -
 190  8.5503e-09  5.0312e-11      497   40  497     2     2      0   917  9.2e-08        -
 194  8.7516e-09  5.0312e-11      505   40  505     2     2      0   931    1e-09        -
 198  8.9512e-09  4.8751e-11      514   40  514     2     2      0   949  2.7e-09        -
 201  9.0975e-09  4.8751e-11      523   40  523     2     2      0   967  2.6e-09        -
 204  9.2438e-09  4.8751e-11      532   40  532     2     2      0   985  2.4e-09        -
 207    9.39e-09  4.8751e-11      541   40  541     2     2      0  1003  2.4e-09        -
 210     9.5e-09  3.0619e-11 out  548   41  548     2     2      0  1015  3.2e-08        -
 213  9.6837e-09  6.1237e-11      554   42  554     2     2      0  1028  9.6e-10        -
 218  9.9643e-09  3.5669e-11      564   43  564     2     2      0  1051  1.2e-08        -
 221  1.0107e-08  7.1339e-11      570   44  570     2     2      0  1061  4.5e-07        -
 222  1.0165e-08  5.8298e-11      576   45  576     2     2      0  1075  1.4e-07        -
 224  1.0276e-08  5.2469e-11      584   47  584     2     2      0  1091  6.6e-08        -
 228  1.0467e-08  3.3261e-11      592   49  592     2     2      0  1103  5.8e-09        -
 231  1.0583e-08  4.9553e-11      600   51  600     2     3      0  1116    4e-08        -
 233  1.0717e-08  8.9195e-11      607   53  607     2     3      0  1127        0        -
 238     1.2e-08       5e-10 out  612   56  612     2     3      0  1127        0        -
 245    1.55e-08       5e-10 out  619   56  619     2     3      0  1127        0        -
 250     1.8e-08       5e-10 out  624   56  624     2     3      0  1127        0        -
 258     2.2e-08       5e-10 out  632   56  632     2     3      0  1127        0        -
-          当前进度:  11 % - 正在组装残差
 265    2.55e-08       5e-10 out  639   56  639     2     3      0  1127        0        -
 269    2.75e-08       5e-10 out  643   56  643     2     3      0  1127        0        -
 275    3.05e-08       5e-10 out  649   56  649     2     3      0  1127        0        -
 281    3.35e-08       5e-10 out  655   56  655     2     3      0  1127        0        -
 286     3.6e-08       5e-10 out  660   56  660     2     3      0  1127        0        -
 293    3.95e-08       5e-10 out  667   56  667     2     3      0  1127        0        -
 300     4.3e-08       5e-10 out  674   56  674     2     3      0  1127        0        -
 305    4.55e-08       5e-10 out  679   56  679     2     3      0  1127        0        -
 311    4.85e-08       5e-10 out  685   56  685     2     3      0  1127        0        -
 318     5.2e-08       5e-10 out  692   56  692     2     3      0  1127        0        -
 323    5.45e-08       5e-10 out  697   56  697     2     3      0  1127        0        -
 330     5.8e-08       5e-10 out  704   56  704     2     3      0  1127        0        -
 338     6.2e-08       5e-10 out  712   56  712     2     3      0  1127        0        -
 345    6.55e-08       5e-10 out  719   56  719     2     3      0  1127        0        -
 353    6.95e-08       5e-10 out  727   56  727     2     3      0  1127        0        -
 360     7.3e-08       5e-10 out  734   56  734     2     3      0  1127        0        -
 366     7.6e-08       5e-10 out  740   56  740     2     3      0  1127        0        -
 374       8e-08       5e-10 out  748   56  748     2     3      0  1127        0        -
 382     8.4e-08       5e-10 out  756   56  756     2     3      0  1127        0        -
 388     8.7e-08       5e-10 out  762   56  762     2     3      0  1127        0        -
 395    9.05e-08       5e-10 out  769   56  769     2     3      0  1127        0        -
 402     9.4e-08       5e-10 out  776   56  776     2     3      0  1127        0        -
 408     9.7e-08       5e-10 out  782   56  782     2     3      0  1127        0        -
 415   1.005e-07       5e-10 out  789   56  789     2     3      0  1127        0        -
 420    1.03e-07       5e-10 out  794   56  794     2     3      0  1127        0        -
 426    1.06e-07       5e-10 out  800   56  800     2     3      0  1127        0        -
 434     1.1e-07       5e-10 out  808   56  808     2     3      0  1127        0        -
 441   1.135e-07       5e-10 out  815   56  815     2     3      0  1127        0        -
 449   1.175e-07       5e-10 out  823   56  823     2     3      0  1127        0        -
 457   1.215e-07       5e-10 out  831   56  831     2     3      0  1127        0        -
 465   1.255e-07       5e-10 out  839   56  839     2     3      0  1127        0        -
 473   1.295e-07       5e-10 out  847   56  847     2     3      0  1127        0        -
 481   1.335e-07       5e-10 out  855   56  855     2     3      0  1127        0        -
 488    1.37e-07       5e-10 out  862   56  862     2     3      0  1127        0        -
 496    1.41e-07       5e-10 out  870   56  870     2     3      0  1127        0        -
 504    1.45e-07       5e-10 out  878   56  878     2     3      0  1127        0        -
 512    1.49e-07       5e-10 out  886   56  886     2     3      0  1127        0        -
 520    1.53e-07       5e-10 out  894   56  894     2     3      0  1127        0        -
 528    1.57e-07       5e-10 out  902   56  902     2     3      0  1127        0        -
 536    1.61e-07       5e-10 out  910   56  910     2     3      0  1127        0        -
 545   1.655e-07       5e-10 out  919   56  919     2     3      0  1127        0        -
 554     1.7e-07       5e-10 out  928   56  928     2     3      0  1127        0        -
 562    1.74e-07       5e-10 out  936   56  936     2     3      0  1127        0        -
 571   1.785e-07       5e-10 out  945   56  945     2     3      0  1127        0        -
 580    1.83e-07       5e-10 out  954   56  954     2     3      0  1127        0        -
 587   1.865e-07       5e-10 out  961   56  961     2     3      0  1127        0        -
 595   1.905e-07       5e-10 out  969   56  969     2     3      0  1127        0        -
 604    1.95e-07       5e-10 out  978   56  978     2     3      0  1127        0        -
 613   1.995e-07       5e-10 out  987   56  987     2     3      0  1127        0        -
 622    2.04e-07       5e-10 out  996   56  996     2     3      0  1127        0        -
----       当前进度:  45 % - 
 628    2.07e-07       5e-10 out 1002   56 1002     2     3      0  1127        0        -
 636    2.11e-07       5e-10 out 1010   56 1010     2     3      0  1127        0        -
 644    2.15e-07       5e-10 out 1018   56 1018     2     3      0  1127        0        -
 650    2.18e-07       5e-10 out 1024   56 1024     2     3      0  1127        0        -
 658    2.22e-07       5e-10 out 1032   56 1032     2     3      0  1127        0        -
 667   2.265e-07       5e-10 out 1041   56 1041     2     3      0  1127        0        -
 675   2.305e-07       5e-10 out 1049   56 1049     2     3      0  1127        0        -
 683   2.345e-07       5e-10 out 1057   56 1057     2     3      0  1127        0        -
 692    2.39e-07       5e-10 out 1066   56 1066     2     3      0  1127        0        -
 701   2.435e-07       5e-10 out 1075   56 1075     2     3      0  1127        0        -
 710    2.48e-07       5e-10 out 1084   56 1084     2     3      0  1127        0        -
 719   2.525e-07       5e-10 out 1093   56 1093     2     3      0  1127        0        -
 728    2.57e-07       5e-10 out 1102   56 1102     2     3      0  1127        0        -
 737   2.615e-07       5e-10 out 1111   56 1111     2     3      0  1127        0        -
 746    2.66e-07       5e-10 out 1120   56 1120     2     3      0  1127        0        -
 755   2.705e-07       5e-10 out 1129   56 1129     2     3      0  1127        0        -
 764    2.75e-07       5e-10 out 1138   56 1138     2     3      0  1127        0        -
 773   2.795e-07       5e-10 out 1147   56 1147     2     3      0  1127        0        -
 782    2.84e-07       5e-10 out 1156   56 1156     2     3      0  1127        0        -
 791   2.885e-07       5e-10 out 1165   56 1165     2     3      0  1127        0        -
 801   2.935e-07       5e-10 out 1175   56 1175     2     3      0  1127        0        -
 811   2.985e-07       5e-10 out 1185   56 1185     2     3      0  1127        0        -
 820    3.03e-07       5e-10 out 1194   56 1194     2     3      0  1127        0        -
 830    3.08e-07       5e-10 out 1204   56 1204     2     3      0  1127        0        -
 838    3.12e-07       5e-10 out 1212   56 1212     2     3      0  1127        0        -
 847   3.165e-07       5e-10 out 1221   56 1221     2     3      0  1127        0        -
 856    3.21e-07       5e-10 out 1230   56 1230     2     3      0  1127        0        -
 864    3.25e-07       5e-10 out 1238   56 1238     2     3      0  1127        0        -
 872    3.29e-07       5e-10 out 1246   56 1246     2     3      0  1127        0        -
 881   3.335e-07       5e-10 out 1255   56 1255     2     3      0  1127        0        -
 890    3.38e-07       5e-10 out 1264   56 1264     2     3      0  1127        0        -
 900    3.43e-07       5e-10 out 1274   56 1274     2     3      0  1127        0        -
 909   3.475e-07       5e-10 out 1283   56 1283     2     3      0  1127        0        -
 918    3.52e-07       5e-10 out 1292   56 1292     2     3      0  1127        0        -
 927   3.565e-07       5e-10 out 1301   56 1301     2     3      0  1127        0        -
 935   3.605e-07       5e-10 out 1309   56 1309     2     3      0  1127        0        -
 943   3.645e-07       5e-10 out 1317   56 1317     2     3      0  1127        0        -
 951   3.685e-07       5e-10 out 1325   56 1325     2     3      0  1127        0        -
 959   3.725e-07       5e-10 out 1333   56 1333     2     3      0  1127        0        -
 967   3.765e-07       5e-10 out 1341   56 1341     2     3      0  1127        0        -
 976    3.81e-07       5e-10 out 1350   56 1350     2     3      0  1127        0        -
 985   3.855e-07       5e-10 out 1359   56 1359     2     3      0  1127        0        -
 994     3.9e-07       5e-10 out 1368   56 1368     2     3      0  1127        0        -
1003   3.945e-07       5e-10 out 1377   56 1377     2     3      0  1127        0        -
1010    3.98e-07       5e-10 out 1384   56 1384     2     3      0  1127        0        -
1019   4.025e-07       5e-10 out 1393   56 1393     2     3      0  1127        0        -
1028    4.07e-07       5e-10 out 1402   56 1402     2     3      0  1127        0        -
1036    4.11e-07       5e-10 out 1410   56 1410     2     3      0  1127        0        -
1045   4.155e-07       5e-10 out 1419   56 1419     2     3      0  1127        0        -
1054     4.2e-07       5e-10 out 1428   56 1428     2     3      0  1127        0        -
1062    4.24e-07       5e-10 out 1436   56 1436     2     3      0  1127        0        -
1071   4.285e-07       5e-10 out 1445   56 1445     2     3      0  1127        0        -
1080    4.33e-07       5e-10 out 1454   56 1454     2     3      0  1127        0        -
1088    4.37e-07       5e-10 out 1462   56 1462     2     3      0  1127        0        -
1097   4.415e-07       5e-10 out 1471   56 1471     2     3      0  1127        0        -
--------   当前进度:  89 % - 正在组装残差
1106    4.46e-07       5e-10 out 1480   56 1480     2     3      0  1127        0        -
1115   4.505e-07       5e-10 out 1489   56 1489     2     3      0  1127        0        -
1124    4.55e-07       5e-10 out 1498   56 1498     2     3      0  1127        0        -
1133   4.595e-07       5e-10 out 1507   56 1507     2     3      0  1127        0        -
1142    4.64e-07       5e-10 out 1516   56 1516     2     3      0  1127        0        -
1151   4.685e-07       5e-10 out 1525   56 1525     2     3      0  1127        0        -
1160    4.73e-07       5e-10 out 1534   56 1534     2     3      0  1127        0        -
1169   4.775e-07       5e-10 out 1543   56 1543     2     3      0  1127        0        -
1178    4.82e-07       5e-10 out 1552   56 1552     2     3      0  1127        0        -
1187   4.865e-07       5e-10 out 1561   56 1561     2     3      0  1127        0        -
1197   4.915e-07       5e-10 out 1571   56 1571     2     3      0  1127        0        -
1204    4.95e-07       5e-10 out 1578   56 1578     2     3      0  1127        0        -
1214       5e-07       5e-10 out 1588   56 1588     2     3      0  1127        0        -
---------- 当前进度: 100 % - 
求解时间：1 s。
物理内存: 1.51 GB
虚拟内存: 1.93 GB
结束时间：2026年9月4日 10:39:11。
----- Study 2 - Single_Muon_Diagnostic/解 2 (sol2) 中的“瞬态求解器 1” ----------------->
           当前进度:   0 % - 
-          当前进度:  13 % - 正在计算
--         当前进度:  22 % - 正在计算
Memory: 1122/1653 1264/1993
---        当前进度:  32 % - 正在计算
Memory: 1119/1653 1262/1993
----       当前进度:  42 % - 正在计算
-----      当前进度:  51 % - 正在计算
------     当前进度:  60 % - 正在计算
------     当前进度:  69 % - 正在计算
-------    当前进度:  78 % - 正在计算
--------   当前进度:  87 % - 正在计算
---------  当前进度:  95 % - 正在计算
---------- 当前进度: 100 % - 正在计算
           当前进度:   0 % - 
---        当前进度:  34 % - 正在计算
Memory: 1116/1653 1258/1993
---------  当前进度:  95 % - 正在计算
AXIAL_SOURCE_CASE_COMPLETE=axial_source_gap40mm_frac0p80
AXIAL_SOURCE_CASE_START=axial_source_gap40mm_frac0p90
           当前进度:   0 % - Study 1 - 3D Electrostatics stationary
           当前进度:   3 % - Study 1 - 3D Electrostatics stationary
<---- Study 1 - 3D Electrostatics stationary/解 1 (sol1) 中的“编译方程: 稳态” -----------
开始于 2026年9月4日 10:39:15。
几何形函数: 二次拉格朗日单元
几何形函数: 二次拉格朗日单元
在 Intel64 Family 6 Model 186 Stepping 2, GenuineIntel 上运行。
在以下位置使用 1 个插槽： 陈红星 上（共 1 个内核）。
可用内存：15.90 GB。
           当前进度:   3 % - 编译方程: 稳态
           当前进度:   6 % - 编译方程: 稳态
Memory: 1133/1653 1276/1993
           当前进度:   7 % - 编译方程: 稳态
Memory: 1145/1653 1289/1993
时间：1。
物理内存: 1.14 GB
虚拟内存: 1.29 GB
Warning: 自由空间采用真空条件，这会导致某些材料属性被忽略。请考虑为忽略的材料添加合适的物理场特征。

  - 节点: 自由空间 1

  - 物理场: Electrostatics: four finite-thickness rounded ring electrodes (es)

  - Materials: Natural Neon gas, representative relative permittivity (mat_gas), Representative alumina ceramic; epsilon_r=9.4 assumption (mat_diel)

  - Quantities: 相对介电常数, 相对介电常数
结束时间：2026年9月4日 10:39:16。
----- Study 1 - 3D Electrostatics stationary/解 1 (sol1) 中的“编译方程: 稳态” ---------->
<---- Study 1 - 3D Electrostatics stationary/解 1 (sol1) 中的“因变量 1” --------------
开始于 2026年9月4日 10:39:16。
           当前进度:   7 % - 因变量 1
Memory: 1145/1653 1286/1993
求解时间：0 s。
物理内存: 1.14 GB
虚拟内存: 1.29 GB
结束时间：2026年9月4日 10:39:16。
----- Study 1 - 3D Electrostatics stationary/解 1 (sol1) 中的“因变量 1” ------------->
<---- Study 1 - 3D Electrostatics stationary/解 1 (sol1) 中的“稳态求解器 1” ------------
开始于 2026年9月4日 10:39:17。
线性求解器 
求解的自由度数：106552。
--         当前进度:  24 % - 组装稀疏模式
Memory: 1157/1653 1303/1993
---        当前进度:  38 % - 组装矩阵
Memory: 1183/1653 1324/1993
找到对称矩阵。
缩放因变量：
电势 (comp1.V): 1
已使用正交零空间函数。
---        当前进度:  38 % - 组装延展
Memory: 1177/1653 1319/1993
-------    当前进度:  74 % - 正在创建多重网格层次结构
Memory: 1182/1653 1329/1993
Iter      SolEst     Damping    Stepsize #Res #Jac #Sol LinIt   LinErr   LinRes
   1        0.79   1.0000000        0.79    1    1    1     4    2e-05  3.6e-08
---------- 当前进度: 100 % - 
Memory: 1187/1653 1336/1993
求解时间：3 s。
物理内存: 1.19 GB
虚拟内存: 1.34 GB
结束时间：2026年9月4日 10:39:20。
----- Study 1 - 3D Electrostatics stationary/解 1 (sol1) 中的“稳态求解器 1” ----------->
           当前进度:   0 % - Study 2 - Single_Muon_Diagnostic
Memory: 1179/1653 1325/1993
           当前进度:   3 % - Study 2 - Single_Muon_Diagnostic
Memory: 1180/1653 1325/1993
<---- Study 2 - Single_Muon_Diagnostic/解 2 (sol2) 中的“编译方程: 瞬态” -----------------
开始于 2026年9月4日 10:39:20。
几何形函数: 二次拉格朗日单元
几何形函数: 二次拉格朗日单元
在 Intel64 Family 6 Model 186 Stepping 2, GenuineIntel 上运行。
在以下位置使用 1 个插槽： 陈红星 上（共 1 个内核）。
可用内存：15.90 GB。
           当前进度:   3 % - 编译方程: 瞬态
Memory: 1181/1653 1326/1993
           当前进度:   5 % - 编译方程: 瞬态
Memory: 1138/1653 1279/1993
时间：1。
物理内存: 1.18 GB
虚拟内存: 1.33 GB
Warning: 自由空间采用真空条件，这会导致某些材料属性被忽略。请考虑为忽略的材料添加合适的物理场特征。

  - 节点: 自由空间 1

  - 物理场: Electrostatics: four finite-thickness rounded ring electrodes (es)

  - Materials: Natural Neon gas, representative relative permittivity (mat_gas), Representative alumina ceramic; epsilon_r=9.4 assumption (mat_diel)

  - Quantities: 相对介电常数, 相对介电常数
结束时间：2026年9月4日 10:39:21。
----- Study 2 - Single_Muon_Diagnostic/解 2 (sol2) 中的“编译方程: 瞬态” ---------------->
<---- Study 2 - Single_Muon_Diagnostic/解 2 (sol2) 中的“因变量 1” --------------------
开始于 2026年9月4日 10:39:21。
不求解变量的值: 解 1 (sol1).
           当前进度:   5 % - 因变量 1
Memory: 1120/1653 1259/1993
求解时间：0 s。
物理内存: 1.14 GB
虚拟内存: 1.28 GB
结束时间：2026年9月4日 10:39:21。
----- Study 2 - Single_Muon_Diagnostic/解 2 (sol2) 中的“因变量 1” ------------------->
<---- Study 2 - Single_Muon_Diagnostic/解 2 (sol2) 中的“瞬态求解器 1” ------------------
开始于 2026年9月4日 10:39:22。
瞬态求解器（广义 α）
求解的自由度数：3（加上 4 个内部自由度）。
找到非对称矩阵。
缩放因变量：
颗粒位置 (comp1.qcpt): 1
Step        Time    Stepsize      Res  Jac  Sol Order Tfail NLfail LinIt   LinErr   LinRes
   0           0           - out    2    3    2                  0     0        0        0
   1    1.25e-10    1.25e-10        8    6    8     2     2      0    15  1.6e-09        -
   3  3.1459e-10  8.9804e-11       16    8   16     2     2      0    34  3.5e-07        -
   5  4.4771e-10  5.2295e-11       24   10   24     2     2      0    49  3.3e-08        -
  12  8.1377e-10  5.2295e-11       38   10   38     2     2      0    73  1.2e-10        -
  16       1e-09  4.0822e-11 out   50   12   50     2     2      0    95  2.1e-08        -
  23  1.2858e-09  4.0822e-11       64   12   64     2     2      0   116  6.4e-07        -
  29     1.5e-09  2.5481e-11 out   76   13   76     2     2      0   135  1.1e-08        -
  35  1.8058e-09  5.0963e-11       88   14   88     2     2      0   155  4.4e-10        -
  39       2e-09  4.6148e-11 out  100   16  100     2     2      0   177    5e-08        -
  46   2.323e-09  4.6148e-11      114   16  114     2     2      0   200  2.7e-10        -
  51  2.5423e-09  4.2334e-11      130   16  130     2     2      0   232    4e-09        -
  55  2.7117e-09  4.2334e-11      146   16  146     2     2      0   264  4.1e-09        -
  59   2.881e-09  4.2334e-11      162   16  162     2     2      0   296  4.2e-09        -
  62       3e-09  3.8331e-11 out  174   18  174     2     2      0   318  1.3e-08        -
  69  3.2683e-09  3.8331e-11      188   18  188     2     2      0   339  3.3e-07        -
  75    3.48e-09  2.0012e-11      200   19  200     2     2      0   357  5.4e-10        -
  80  3.6601e-09  4.0024e-11      210   20  210     2     2      0   372  1.5e-07        -
  87  3.9403e-09  4.0024e-11      224   20  224     2     2      0   393  4.5e-07        -
  90  4.0299e-09  2.9869e-11      234   22  234     2     2      0   410  1.4e-08        -
  92  4.1434e-09  5.3765e-11      242   24  242     2     2      0   427  5.3e-08        -
  97  4.4122e-09  5.3765e-11      252   25  252     2     2      0   447  9.3e-07        -
 100  4.5439e-09  4.3901e-11      262   27  262     2     2      0   465    1e-07        -
 102   4.666e-09  5.7851e-11      272   30  272     2     3      0   486    9e-08        -
 107  4.9487e-09  5.1284e-11      286   32  286     2     3      0   515  5.7e-08        -
 112  5.2051e-09  5.1284e-11      296   33  296     2     3      0   530  9.1e-07        -
 117  5.4551e-09  4.4865e-11      310   34  310     2     3      0   557  2.8e-08        -
 123  5.7243e-09  4.4865e-11      322   35  322     2     3      0   575  5.8e-07        -
           当前进度:   8 % - 正在组装残差
 128  5.9486e-09  4.4865e-11      332   35  332     2     3      0   592  6.5e-10        -
 132  6.1027e-09  5.1354e-11      340   37  340     2     3      0   605  2.3e-08        -
 137  6.3595e-09  5.1354e-11      350   37  350     2     3      0   622  1.4e-09        -
 140     6.5e-09  4.4584e-11 out  360   39  360     2     3      0   640  3.6e-08        -
 147  6.8121e-09  4.4584e-11      374   39  374     2     3      0   662  4.2e-10        -
 151  6.9729e-09  2.7079e-11      382   40  382     2     3      0   677  5.6e-09        -
 157  7.1354e-09  2.7079e-11      394   40  394     2     3      0   695  1.1e-07        -
 164  7.3249e-09  2.7079e-11      408   40  408     2     3      0   716  2.4e-07        -
 170  7.4802e-09  1.9831e-11      424   41  424     2     3      0   742    1e-09        -
 176  7.5992e-09  1.9831e-11      436   42  436     2     3      0   760  2.3e-08        -
 183   7.738e-09  1.9831e-11      450   42  450     2     3      0   781  5.1e-08        -
 190  7.8768e-09  1.9831e-11      464   42  464     2     3      0   802  7.7e-08        -
 196   7.988e-09  1.2031e-11      476   43  476     2     3      0   820  8.8e-11        -
 201  8.0962e-09  2.4062e-11      486   44  486     2     3      0   835  3.2e-08        -
 208  8.2647e-09  2.4062e-11      500   44  500     2     3      0   856  9.2e-08        -
 215  8.4331e-09  2.4062e-11      514   44  514     2     3      0   877  1.4e-07        -
 219  8.5428e-09  4.2817e-11      526   45  526     2     3      0   899  3.5e-08        -
 225  8.7997e-09  4.2817e-11      538   45  538     2     3      0   917  7.6e-07        -
 229  8.9641e-09  3.5914e-11      550   46  550     2     3      0   938  1.5e-08        -
 232  9.2155e-09  1.4366e-10      554   49  554     2     3      0   941        0        -
 237    1.15e-08       5e-10 out  559   51  559     2     3      0   941        0        -
 247    1.65e-08       5e-10 out  569   51  569     2     3      0   941        0        -
 257    2.15e-08       5e-10 out  579   51  579     2     3      0   941        0        -
 268     2.7e-08       5e-10 out  590   51  590     2     3      0   941        0        -
 280     3.3e-08       5e-10 out  602   51  602     2     3      0   941        0        -
 289    3.75e-08       5e-10 out  611   51  611     2     3      0   941        0        -
 301    4.35e-08       5e-10 out  623   51  623     2     3      0   941        0        -
 313    4.95e-08       5e-10 out  635   51  635     2     3      0   941        0        -
 325    5.55e-08       5e-10 out  647   51  647     2     3      0   941        0        -
 337    6.15e-08       5e-10 out  659   51  659     2     3      0   941        0        -
 348     6.7e-08       5e-10 out  670   51  670     2     3      0   941        0        -
 360     7.3e-08       5e-10 out  682   51  682     2     3      0   941        0        -
 372     7.9e-08       5e-10 out  694   51  694     2     3      0   941        0        -
 384     8.5e-08       5e-10 out  706   51  706     2     3      0   941        0        -
 396     9.1e-08       5e-10 out  718   51  718     2     3      0   941        0        -
 408     9.7e-08       5e-10 out  730   51  730     2     3      0   941        0        -
 420    1.03e-07       5e-10 out  742   51  742     2     3      0   941        0        -
 432    1.09e-07       5e-10 out  754   51  754     2     3      0   941        0        -
 444    1.15e-07       5e-10 out  766   51  766     2     3      0   941        0        -
 456    1.21e-07       5e-10 out  778   51  778     2     3      0   941        0        -
 468    1.27e-07       5e-10 out  790   51  790     2     3      0   941        0        -
 480    1.33e-07       5e-10 out  802   51  802     2     3      0   941        0        -
 491   1.385e-07       5e-10 out  813   51  813     2     3      0   941        0        -
 503   1.445e-07       5e-10 out  825   51  825     2     3      0   941        0        -
 515   1.505e-07       5e-10 out  837   51  837     2     3      0   941        0        -
 526    1.56e-07       5e-10 out  848   51  848     2     3      0   941        0        -
 533   1.595e-07       5e-10 out  855   51  855     2     3      0   941        0        -
 545   1.655e-07       5e-10 out  867   51  867     2     3      0   941        0        -
 557   1.715e-07       5e-10 out  879   51  879     2     3      0   941        0        -
 568    1.77e-07       5e-10 out  890   51  890     2     3      0   941        0        -
 580    1.83e-07       5e-10 out  902   51  902     2     3      0   941        0        -
 592    1.89e-07       5e-10 out  914   51  914     2     3      0   941        0        -
----       当前进度:  42 % - 
 602    1.94e-07       5e-10 out  924   51  924     2     3      0   941        0        -
 614       2e-07       5e-10 out  936   51  936     2     3      0   941        0        -
 624    2.05e-07       5e-10 out  946   51  946     2     3      0   941        0        -
 635   2.105e-07       5e-10 out  957   51  957     2     3      0   941        0        -
 647   2.165e-07       5e-10 out  969   51  969     2     3      0   941        0        -
 657   2.215e-07       5e-10 out  979   51  979     2     3      0   941        0        -
 664    2.25e-07       5e-10 out  986   51  986     2     3      0   941        0        -
 676    2.31e-07       5e-10 out  998   51  998     2     3      0   941        0        -
 685   2.355e-07       5e-10 out 1007   51 1007     2     3      0   941        0        -
 690    2.38e-07       5e-10 out 1012   51 1012     2     3      0   941        0        -
 697   2.415e-07       5e-10 out 1019   51 1019     2     3      0   941        0        -
 705   2.455e-07       5e-10 out 1027   51 1027     2     3      0   941        0        -
 716    2.51e-07       5e-10 out 1038   51 1038     2     3      0   941        0        -
 727   2.565e-07       5e-10 out 1049   51 1049     2     3      0   941        0        -
 739   2.625e-07       5e-10 out 1061   51 1061     2     3      0   941        0        -
 751   2.685e-07       5e-10 out 1073   51 1073     2     3      0   941        0        -
 763   2.745e-07       5e-10 out 1085   51 1085     2     3      0   941        0        -
 775   2.805e-07       5e-10 out 1097   51 1097     2     3      0   941        0        -
 786    2.86e-07       5e-10 out 1108   51 1108     2     3      0   941        0        -
 797   2.915e-07       5e-10 out 1119   51 1119     2     3      0   941        0        -
 808    2.97e-07       5e-10 out 1130   51 1130     2     3      0   941        0        -
 820    3.03e-07       5e-10 out 1142   51 1142     2     3      0   941        0        -
 829   3.075e-07       5e-10 out 1151   51 1151     2     3      0   941        0        -
 840    3.13e-07       5e-10 out 1162   51 1162     2     3      0   941        0        -
 852    3.19e-07       5e-10 out 1174   51 1174     2     3      0   941        0        -
 863   3.245e-07       5e-10 out 1185   51 1185     2     3      0   941        0        -
 874     3.3e-07       5e-10 out 1196   51 1196     2     3      0   941        0        -
 886    3.36e-07       5e-10 out 1208   51 1208     2     3      0   941        0        -
 896    3.41e-07       5e-10 out 1218   51 1218     2     3      0   941        0        -
 904    3.45e-07       5e-10 out 1226   51 1226     2     3      0   941        0        -
 916    3.51e-07       5e-10 out 1238   51 1238     2     3      0   941        0        -
 928    3.57e-07       5e-10 out 1250   51 1250     2     3      0   941        0        -
 939   3.625e-07       5e-10 out 1261   51 1261     2     3      0   941        0        -
 951   3.685e-07       5e-10 out 1273   51 1273     2     3      0   941        0        -
 962    3.74e-07       5e-10 out 1284   51 1284     2     3      0   941        0        -
 973   3.795e-07       5e-10 out 1295   51 1295     2     3      0   941        0        -
 985   3.855e-07       5e-10 out 1307   51 1307     2     3      0   941        0        -
 997   3.915e-07       5e-10 out 1319   51 1319     2     3      0   941        0        -
1009   3.975e-07       5e-10 out 1331   51 1331     2     3      0   941        0        -
1021   4.035e-07       5e-10 out 1343   51 1343     2     3      0   941        0        -
1033   4.095e-07       5e-10 out 1355   51 1355     2     3      0   941        0        -
1045   4.155e-07       5e-10 out 1367   51 1367     2     3      0   941        0        -
1057   4.215e-07       5e-10 out 1379   51 1379     2     3      0   941        0        -
1069   4.275e-07       5e-10 out 1391   51 1391     2     3      0   941        0        -
1081   4.335e-07       5e-10 out 1403   51 1403     2     3      0   941        0        -
1093   4.395e-07       5e-10 out 1415   51 1415     2     3      0   941        0        -
1105   4.455e-07       5e-10 out 1427   51 1427     2     3      0   941        0        -
1117   4.515e-07       5e-10 out 1439   51 1439     2     3      0   941        0        -
1129   4.575e-07       5e-10 out 1451   51 1451     2     3      0   941        0        -
1139   4.625e-07       5e-10 out 1461   51 1461     2     3      0   941        0        -
1150    4.68e-07       5e-10 out 1472   51 1472     2     3      0   941        0        -
1162    4.74e-07       5e-10 out 1484   51 1484     2     3      0   941        0        -
1174     4.8e-07       5e-10 out 1496   51 1496     2     3      0   941        0        -
---------  当前进度:  96 % - 
1182    4.84e-07       5e-10 out 1504   51 1504     2     3      0   941        0        -
1193   4.895e-07       5e-10 out 1515   51 1515     2     3      0   941        0        -
1204    4.95e-07       5e-10 out 1526   51 1526     2     3      0   941        0        -
1214       5e-07       5e-10 out 1536   51 1536     2     3      0   941        0        -
---------- 当前进度: 100 % - 
求解时间：1 s。
物理内存: 1.12 GB
虚拟内存: 1.26 GB
结束时间：2026年9月4日 10:39:24。
----- Study 2 - Single_Muon_Diagnostic/解 2 (sol2) 中的“瞬态求解器 1” ----------------->
           当前进度:   0 % - 
-          当前进度:  13 % - 正在计算
--         当前进度:  22 % - 正在计算
---        当前进度:  32 % - 正在计算
----       当前进度:  42 % - 正在计算
-----      当前进度:  52 % - 正在计算
------     当前进度:  63 % - 正在计算
-------    当前进度:  73 % - 正在计算
--------   当前进度:  83 % - 正在计算
---------  当前进度:  92 % - 正在计算
---------- 当前进度: 100 % - 正在计算
           当前进度:   0 % - 
---        当前进度:  34 % - 正在计算
---------  当前进度:  95 % - 正在计算
AXIAL_SOURCE_CASE_COMPLETE=axial_source_gap40mm_frac0p90
AXIAL_SOURCE_CASE_START=axial_source_gap40mm_frac0p95
           当前进度:   0 % - Study 1 - 3D Electrostatics stationary
Memory: 1120/1653 1260/1993
           当前进度:   3 % - Study 1 - 3D Electrostatics stationary
<---- Study 1 - 3D Electrostatics stationary/解 1 (sol1) 中的“编译方程: 稳态” -----------
开始于 2026年9月4日 10:39:27。
几何形函数: 二次拉格朗日单元
几何形函数: 二次拉格朗日单元
在 Intel64 Family 6 Model 186 Stepping 2, GenuineIntel 上运行。
在以下位置使用 1 个插槽： 陈红星 上（共 1 个内核）。
可用内存：15.90 GB。
           当前进度:   3 % - 编译方程: 稳态
           当前进度:   6 % - 编译方程: 稳态
Memory: 1142/1653 1282/1993
           当前进度:   7 % - 编译方程: 稳态
Memory: 1147/1653 1288/1993
时间：1。
物理内存: 1.21 GB
虚拟内存: 1.96 GB
Warning: 自由空间采用真空条件，这会导致某些材料属性被忽略。请考虑为忽略的材料添加合适的物理场特征。

  - 节点: 自由空间 1

  - 物理场: Electrostatics: four finite-thickness rounded ring electrodes (es)

  - Materials: Natural Neon gas, representative relative permittivity (mat_gas), Representative alumina ceramic; epsilon_r=9.4 assumption (mat_diel)

  - Quantities: 相对介电常数, 相对介电常数
结束时间：2026年9月4日 10:39:28。
----- Study 1 - 3D Electrostatics stationary/解 1 (sol1) 中的“编译方程: 稳态” ---------->
<---- Study 1 - 3D Electrostatics stationary/解 1 (sol1) 中的“因变量 1” --------------
开始于 2026年9月4日 10:39:28。
           当前进度:   7 % - 因变量 1
Memory: 1204/1653 1959/1993
求解时间：0 s。
物理内存: 1.21 GB
虚拟内存: 1.96 GB
结束时间：2026年9月4日 10:39:28。
----- Study 1 - 3D Electrostatics stationary/解 1 (sol1) 中的“因变量 1” ------------->
<---- Study 1 - 3D Electrostatics stationary/解 1 (sol1) 中的“稳态求解器 1” ------------
开始于 2026年9月4日 10:39:29。
线性求解器 
求解的自由度数：106552。
--         当前进度:  24 % - 组装稀疏模式
Memory: 1161/1653 1300/1993
---        当前进度:  37 % - 组装矩阵
Memory: 1183/1653 1322/1993
找到对称矩阵。
缩放因变量：
电势 (comp1.V): 1
已使用正交零空间函数。
---        当前进度:  38 % - 组装延展
Memory: 1188/1653 1329/1993
-----      当前进度:  56 % - 组装矩阵
Memory: 1181/1653 1321/1993
Iter      SolEst     Damping    Stepsize #Res #Jac #Sol LinIt   LinErr   LinRes
--------   当前进度:  82 % - 求解线性方程组
Memory: 1186/1653 1332/1993
   1        0.79   1.0000000        0.79    1    1    1     4    2e-05  3.6e-08
---------- 当前进度: 100 % - 
Memory: 1183/1653 1323/1993
求解时间：3 s。
物理内存: 1.21 GB
虚拟内存: 1.96 GB
结束时间：2026年9月4日 10:39:32。
----- Study 1 - 3D Electrostatics stationary/解 1 (sol1) 中的“稳态求解器 1” ----------->
           当前进度:   0 % - Study 2 - Single_Muon_Diagnostic
Memory: 1181/1653 1322/1993
           当前进度:   3 % - Study 2 - Single_Muon_Diagnostic
<---- Study 2 - Single_Muon_Diagnostic/解 2 (sol2) 中的“编译方程: 瞬态” -----------------
开始于 2026年9月4日 10:39:33。
几何形函数: 二次拉格朗日单元
几何形函数: 二次拉格朗日单元
在 Intel64 Family 6 Model 186 Stepping 2, GenuineIntel 上运行。
在以下位置使用 1 个插槽： 陈红星 上（共 1 个内核）。
可用内存：15.90 GB。
           当前进度:   3 % - 编译方程: 瞬态
Memory: 1188/1653 1331/1993
           当前进度:   5 % - 编译方程: 瞬态
Memory: 1138/1653 1277/1993
时间：1。
物理内存: 1.19 GB
虚拟内存: 1.33 GB
Warning: 自由空间采用真空条件，这会导致某些材料属性被忽略。请考虑为忽略的材料添加合适的物理场特征。

  - 节点: 自由空间 1

  - 物理场: Electrostatics: four finite-thickness rounded ring electrodes (es)

  - Materials: Natural Neon gas, representative relative permittivity (mat_gas), Representative alumina ceramic; epsilon_r=9.4 assumption (mat_diel)

  - Quantities: 相对介电常数, 相对介电常数
结束时间：2026年9月4日 10:39:34。
----- Study 2 - Single_Muon_Diagnostic/解 2 (sol2) 中的“编译方程: 瞬态” ---------------->
<---- Study 2 - Single_Muon_Diagnostic/解 2 (sol2) 中的“因变量 1” --------------------
开始于 2026年9月4日 10:39:34。
不求解变量的值: 解 1 (sol1).
           当前进度:   5 % - 因变量 1
Memory: 1129/1653 1267/1993
求解时间：0 s。
物理内存: 1.13 GB
虚拟内存: 1.27 GB
结束时间：2026年9月4日 10:39:34。
----- Study 2 - Single_Muon_Diagnostic/解 2 (sol2) 中的“因变量 1” ------------------->
<---- Study 2 - Single_Muon_Diagnostic/解 2 (sol2) 中的“瞬态求解器 1” ------------------
开始于 2026年9月4日 10:39:35。
瞬态求解器（广义 α）
求解的自由度数：3（加上 4 个内部自由度）。
找到非对称矩阵。
缩放因变量：
颗粒位置 (comp1.qcpt): 1
Step        Time    Stepsize      Res  Jac  Sol Order Tfail NLfail LinIt   LinErr   LinRes
   0           0           - out    2    3    2                  0     0        0        0
   1    1.25e-10    1.25e-10        8    6    8     2     2      0    16  2.4e-09        -
   2  2.2494e-10  9.9942e-11       14    7   14     2     2      0    30  4.8e-07        -
   4  3.9584e-10  8.0953e-11       22    9   22     2     2      0    44  2.4e-07        -
   8  6.0416e-10  5.2078e-11       30   10   30     2     2      0    56  6.1e-07        -
  14  9.1663e-10  5.2078e-11       42   10   42     2     2      0    79  7.4e-11        -
  17  1.0417e-09  4.1686e-11       52   12   52     2     2      0    96  1.2e-07        -
  24  1.3335e-09  4.1686e-11       66   12   66     2     2      0   117    8e-07        -
  31  1.6247e-09  4.1568e-11       80   12   80     2     2      0   143  2.4e-09        -
  38  1.9157e-09  4.1568e-11       94   12   94     2     2      0   171  2.1e-09        -
  43  2.0855e-09  4.2757e-11      104   14  104     2     2      0   187  1.4e-07        -
  50  2.3848e-09  4.2757e-11      118   14  118     2     2      0   208  9.7e-07        -
  53     2.5e-09  3.6217e-11 out  128   16  128     2     2      0   226  1.2e-08        -
  60  2.7535e-09  3.6217e-11      142   16  142     2     2      0   247  3.5e-07        -
  66  2.9673e-09  3.2695e-11      156   16  156     2     2      0   270  2.9e-09        -
  69   3.119e-09  5.3644e-11      168   18  168     2     2      0   296  5.9e-08        -
  71   3.221e-09  4.8279e-11      176   20  176     2     2      0   312  3.3e-08        -
  75  3.4092e-09  4.3451e-11      186   21  186     2     2      0   329    1e-08        -
  80   3.571e-09  4.7303e-11      198   23  198     2     2      0   349  2.6e-08        -
  85  3.8075e-09  4.7303e-11      208   23  208     2     2      0   364  5.3e-07        -
  90  4.3226e-09  1.7738e-10      214   25  214     2     2      0   367        0        -
  96     6.5e-09       5e-10 out  220   27  220     2     2      0   367        0        -
 106    1.15e-08       5e-10 out  230   27  230     2     2      0   367        0        -
 110    1.35e-08       5e-10 out  234   27  234     2     2      0   367        0        -
 121     1.9e-08       5e-10 out  245   27  245     2     2      0   367        0        -
-          当前进度:  11 % - 正在组装残差
 129     2.3e-08       5e-10 out  253   27  253     2     2      0   367        0        -
 137     2.7e-08       5e-10 out  261   27  261     2     2      0   367        0        -
 148    3.25e-08       5e-10 out  272   27  272     2     2      0   367        0        -
 157     3.7e-08       5e-10 out  281   27  281     2     2      0   367        0        -
 167     4.2e-08       5e-10 out  291   27  291     2     2      0   367        0        -
 179     4.8e-08       5e-10 out  303   27  303     2     2      0   367        0        -
 191     5.4e-08       5e-10 out  315   27  315     2     2      0   367        0        -
 199     5.8e-08       5e-10 out  323   27  323     2     2      0   367        0        -
 211     6.4e-08       5e-10 out  335   27  335     2     2      0   367        0        -
 220    6.85e-08       5e-10 out  344   27  344     2     2      0   367        0        -
 230    7.35e-08       5e-10 out  354   27  354     2     2      0   367        0        -
 238    7.75e-08       5e-10 out  362   27  362     2     2      0   367        0        -
 245     8.1e-08       5e-10 out  369   27  369     2     2      0   367        0        -
 251     8.4e-08       5e-10 out  375   27  375     2     2      0   367        0        -
 260    8.85e-08       5e-10 out  384   27  384     2     2      0   367        0        -
 269     9.3e-08       5e-10 out  393   27  393     2     2      0   367        0        -
 277     9.7e-08       5e-10 out  401   27  401     2     2      0   367        0        -
 288   1.025e-07       5e-10 out  412   27  412     2     2      0   367        0        -
 300   1.085e-07       5e-10 out  424   27  424     2     2      0   367        0        -
 311    1.14e-07       5e-10 out  435   27  435     2     2      0   367        0        -
 323     1.2e-07       5e-10 out  447   27  447     2     2      0   367        0        -
 334   1.255e-07       5e-10 out  458   27  458     2     2      0   367        0        -
 343     1.3e-07       5e-10 out  467   27  467     2     2      0   367        0        -
 353    1.35e-07       5e-10 out  477   27  477     2     2      0   367        0        -
 362   1.395e-07       5e-10 out  486   27  486     2     2      0   367        0        -
 372   1.445e-07       5e-10 out  496   27  496     2     2      0   367        0        -
 382   1.495e-07       5e-10 out  506   27  506     2     2      0   367        0        -
 391    1.54e-07       5e-10 out  515   27  515     2     2      0   367        0        -
 401    1.59e-07       5e-10 out  525   27  525     2     2      0   367        0        -
 411    1.64e-07       5e-10 out  535   27  535     2     2      0   367        0        -
 420   1.685e-07       5e-10 out  544   27  544     2     2      0   367        0        -
 430   1.735e-07       5e-10 out  554   27  554     2     2      0   367        0        -
 441    1.79e-07       5e-10 out  565   27  565     2     2      0   367        0        -
 452   1.845e-07       5e-10 out  576   27  576     2     2      0   367        0        -
 462   1.895e-07       5e-10 out  586   27  586     2     2      0   367        0        -
 469    1.93e-07       5e-10 out  593   27  593     2     2      0   367        0        -
 479    1.98e-07       5e-10 out  603   27  603     2     2      0   367        0        -
 489    2.03e-07       5e-10 out  613   27  613     2     2      0   367        0        -
 499    2.08e-07       5e-10 out  623   27  623     2     2      0   367        0        -
 509    2.13e-07       5e-10 out  633   27  633     2     2      0   367        0        -
 519    2.18e-07       5e-10 out  643   27  643     2     2      0   367        0        -
 529    2.23e-07       5e-10 out  653   27  653     2     2      0   367        0        -
 538   2.275e-07       5e-10 out  662   27  662     2     2      0   367        0        -
 548   2.325e-07       5e-10 out  672   27  672     2     2      0   367        0        -
 557    2.37e-07       5e-10 out  681   27  681     2     2      0   367        0        -
 566   2.415e-07       5e-10 out  690   27  690     2     2      0   367        0        -
 576   2.465e-07       5e-10 out  700   27  700     2     2      0   367        0        -
 585    2.51e-07       5e-10 out  709   27  709     2     2      0   367        0        -
 595    2.56e-07       5e-10 out  719   27  719     2     2      0   367        0        -
 605    2.61e-07       5e-10 out  729   27  729     2     2      0   367        0        -
 613    2.65e-07       5e-10 out  737   27  737     2     2      0   367        0        -
-----      当前进度:  56 % - 正在组装残差
Memory: 1128/1653 1266/1993
 619    2.68e-07       5e-10 out  743   27  743     2     2      0   367        0        -
 626   2.715e-07       5e-10 out  750   27  750     2     2      0   367        0        -
 631    2.74e-07       5e-10 out  755   27  755     2     2      0   367        0        -
 637    2.77e-07       5e-10 out  761   27  761     2     2      0   367        0        -
 643     2.8e-07       5e-10 out  767   27  767     2     2      0   367        0        -
 648   2.825e-07       5e-10 out  772   27  772     2     2      0   367        0        -
 655    2.86e-07       5e-10 out  779   27  779     2     2      0   367        0        -
 663     2.9e-07       5e-10 out  787   27  787     2     2      0   367        0        -
 671    2.94e-07       5e-10 out  795   27  795     2     2      0   367        0        -
 680   2.985e-07       5e-10 out  804   27  804     2     2      0   367        0        -
 690   3.035e-07       5e-10 out  814   27  814     2     2      0   367        0        -
 699    3.08e-07       5e-10 out  823   27  823     2     2      0   367        0        -
 708   3.125e-07       5e-10 out  832   27  832     2     2      0   367        0        -
 717    3.17e-07       5e-10 out  841   27  841     2     2      0   367        0        -
 725    3.21e-07       5e-10 out  849   27  849     2     2      0   367        0        -
 732   3.245e-07       5e-10 out  856   27  856     2     2      0   367        0        -
 741    3.29e-07       5e-10 out  865   27  865     2     2      0   367        0        -
 750   3.335e-07       5e-10 out  874   27  874     2     2      0   367        0        -
 756   3.365e-07       5e-10 out  880   27  880     2     2      0   367        0        -
 764   3.405e-07       5e-10 out  888   27  888     2     2      0   367        0        -
 772   3.445e-07       5e-10 out  896   27  896     2     2      0   367        0        -
 781    3.49e-07       5e-10 out  905   27  905     2     2      0   367        0        -
 790   3.535e-07       5e-10 out  914   27  914     2     2      0   367        0        -
 798   3.575e-07       5e-10 out  922   27  922     2     2      0   367        0        -
 807    3.62e-07       5e-10 out  931   27  931     2     2      0   367        0        -
 816   3.665e-07       5e-10 out  940   27  940     2     2      0   367        0        -
 825    3.71e-07       5e-10 out  949   27  949     2     2      0   367        0        -
 834   3.755e-07       5e-10 out  958   27  958     2     2      0   367        0        -
 843     3.8e-07       5e-10 out  967   27  967     2     2      0   367        0        -
 852   3.845e-07       5e-10 out  976   27  976     2     2      0   367        0        -
 861    3.89e-07       5e-10 out  985   27  985     2     2      0   367        0        -
 870   3.935e-07       5e-10 out  994   27  994     2     2      0   367        0        -
 878   3.975e-07       5e-10 out 1002   27 1002     2     2      0   367        0        -
 887    4.02e-07       5e-10 out 1011   27 1011     2     2      0   367        0        -
 894   4.055e-07       5e-10 out 1018   27 1018     2     2      0   367        0        -
 900   4.085e-07       5e-10 out 1024   27 1024     2     2      0   367        0        -
 909    4.13e-07       5e-10 out 1033   27 1033     2     2      0   367        0        -
 918   4.175e-07       5e-10 out 1042   27 1042     2     2      0   367        0        -
 927    4.22e-07       5e-10 out 1051   27 1051     2     2      0   367        0        -
 934   4.255e-07       5e-10 out 1058   27 1058     2     2      0   367        0        -
 942   4.295e-07       5e-10 out 1066   27 1066     2     2      0   367        0        -
 951    4.34e-07       5e-10 out 1075   27 1075     2     2      0   367        0        -
 960   4.385e-07       5e-10 out 1084   27 1084     2     2      0   367        0        -
 969    4.43e-07       5e-10 out 1093   27 1093     2     2      0   367        0        -
 977    4.47e-07       5e-10 out 1101   27 1101     2     2      0   367        0        -
 986   4.515e-07       5e-10 out 1110   27 1110     2     2      0   367        0        -
 994   4.555e-07       5e-10 out 1118   27 1118     2     2      0   367        0        -
1002   4.595e-07       5e-10 out 1126   27 1126     2     2      0   367        0        -
1011    4.64e-07       5e-10 out 1135   27 1135     2     2      0   367        0        -
1019    4.68e-07       5e-10 out 1143   27 1143     2     2      0   367        0        -
1026   4.715e-07       5e-10 out 1150   27 1150     2     2      0   367        0        -
1035    4.76e-07       5e-10 out 1159   27 1159     2     2      0   367        0        -
1044   4.805e-07       5e-10 out 1168   27 1168     2     2      0   367        0        -
1051    4.84e-07       5e-10 out 1175   27 1175     2     2      0   367        0        -
---------  当前进度:  97 % - 
Memory: 1126/1653 1264/1993
1059    4.88e-07       5e-10 out 1183   27 1183     2     2      0   367        0        -
1068   4.925e-07       5e-10 out 1192   27 1192     2     2      0   367        0        -
1076   4.965e-07       5e-10 out 1200   27 1200     2     2      0   367        0        -
1083       5e-07       5e-10 out 1207   27 1207     2     2      0   367        0        -
---------- 当前进度: 100 % - 
求解时间：1 s。
物理内存: 1.13 GB
虚拟内存: 1.27 GB
结束时间：2026年9月4日 10:39:36。
----- Study 2 - Single_Muon_Diagnostic/解 2 (sol2) 中的“瞬态求解器 1” ----------------->
           当前进度:   0 % - 
-          当前进度:  12 % - 正在计算
--         当前进度:  21 % - 正在计算
---        当前进度:  30 % - 正在计算
----       当前进度:  40 % - 正在计算
-----      当前进度:  50 % - 正在计算
-----      当前进度:  56 % - 正在计算
------     当前进度:  64 % - 正在计算
-------    当前进度:  72 % - 正在计算
--------   当前进度:  80 % - 正在计算
--------   当前进度:  88 % - 正在计算
---------  当前进度:  93 % - 正在计算
---------  当前进度:  99 % - 正在计算
---------- 当前进度: 100 % - 正在计算
           当前进度:   0 % - 
---        当前进度:  34 % - 正在计算
---------  当前进度:  95 % - 正在计算
Memory: 1128/1653 1266/1993
AXIAL_SOURCE_CASE_COMPLETE=axial_source_gap40mm_frac0p95
AXIAL_SOURCE_CASE_START=axial_source_gap40mm_frac0p98
           当前进度:   0 % - Study 1 - 3D Electrostatics stationary
Memory: 1126/1653 1264/1993
           当前进度:   3 % - Study 1 - 3D Electrostatics stationary
Memory: 1125/1653 1262/1993
<---- Study 1 - 3D Electrostatics stationary/解 1 (sol1) 中的“编译方程: 稳态” -----------
开始于 2026年9月4日 10:39:41。
几何形函数: 二次拉格朗日单元
几何形函数: 二次拉格朗日单元
在 Intel64 Family 6 Model 186 Stepping 2, GenuineIntel 上运行。
在以下位置使用 1 个插槽： 陈红星 上（共 1 个内核）。
可用内存：15.90 GB。
           当前进度:   3 % - 编译方程: 稳态
           当前进度:   6 % - 编译方程: 稳态
Memory: 1143/1653 1281/1993
           当前进度:   7 % - 编译方程: 稳态
Memory: 1150/1653 1289/1993
时间：1。
物理内存: 1.15 GB
虚拟内存: 1.29 GB
Warning: 自由空间采用真空条件，这会导致某些材料属性被忽略。请考虑为忽略的材料添加合适的物理场特征。

  - 节点: 自由空间 1

  - 物理场: Electrostatics: four finite-thickness rounded ring electrodes (es)

  - Materials: Natural Neon gas, representative relative permittivity (mat_gas), Representative alumina ceramic; epsilon_r=9.4 assumption (mat_diel)

  - Quantities: 相对介电常数, 相对介电常数
结束时间：2026年9月4日 10:39:42。
----- Study 1 - 3D Electrostatics stationary/解 1 (sol1) 中的“编译方程: 稳态” ---------->
<---- Study 1 - 3D Electrostatics stationary/解 1 (sol1) 中的“因变量 1” --------------
开始于 2026年9月4日 10:39:42。
           当前进度:   7 % - 因变量 1
求解时间：0 s。
物理内存: 1.15 GB
虚拟内存: 1.29 GB
结束时间：2026年9月4日 10:39:42。
----- Study 1 - 3D Electrostatics stationary/解 1 (sol1) 中的“因变量 1” ------------->
<---- Study 1 - 3D Electrostatics stationary/解 1 (sol1) 中的“稳态求解器 1” ------------
开始于 2026年9月4日 10:39:43。
线性求解器 
求解的自由度数：106552。
--         当前进度:  24 % - 组装稀疏模式
Memory: 1161/1653 1300/1993
---        当前进度:  35 % - 组装矩阵
Memory: 1183/1653 1322/1993
找到对称矩阵。
缩放因变量：
电势 (comp1.V): 1
已使用正交零空间函数。
---        当前进度:  38 % - 组装延展
Memory: 1196/1653 1336/1993
-----      当前进度:  56 % - 组装稀疏模式
Memory: 1182/1653 1322/1993
Iter      SolEst     Damping    Stepsize #Res #Jac #Sol LinIt   LinErr   LinRes
--------   当前进度:  82 % - 求解线性方程组
Memory: 1187/1653 1334/1993
   1        0.79   1.0000000        0.79    1    1    1     4    2e-05  3.6e-08
---------- 当前进度: 100 % - 
Memory: 1175/1653 1317/1993
求解时间：3 s。
物理内存: 1.2 GB
虚拟内存: 1.34 GB
结束时间：2026年9月4日 10:39:46。
----- Study 1 - 3D Electrostatics stationary/解 1 (sol1) 中的“稳态求解器 1” ----------->
           当前进度:   0 % - Study 2 - Single_Muon_Diagnostic
Memory: 1149/1653 1289/1993
           当前进度:   3 % - Study 2 - Single_Muon_Diagnostic
Memory: 1220/1653 1961/1993
<---- Study 2 - Single_Muon_Diagnostic/解 2 (sol2) 中的“编译方程: 瞬态” -----------------
开始于 2026年9月4日 10:39:46。
几何形函数: 二次拉格朗日单元
几何形函数: 二次拉格朗日单元
在 Intel64 Family 6 Model 186 Stepping 2, GenuineIntel 上运行。
在以下位置使用 1 个插槽： 陈红星 上（共 1 个内核）。
可用内存：15.90 GB。
           当前进度:   3 % - 编译方程: 瞬态
Memory: 1389/1653 1964/1993
           当前进度:   5 % - 编译方程: 瞬态
Memory: 1428/1653 1954/1993
时间：1。
物理内存: 1.52 GB
虚拟内存: 1.96 GB
Warning: 自由空间采用真空条件，这会导致某些材料属性被忽略。请考虑为忽略的材料添加合适的物理场特征。

  - 节点: 自由空间 1

  - 物理场: Electrostatics: four finite-thickness rounded ring electrodes (es)

  - Materials: Natural Neon gas, representative relative permittivity (mat_gas), Representative alumina ceramic; epsilon_r=9.4 assumption (mat_diel)

  - Quantities: 相对介电常数, 相对介电常数
结束时间：2026年9月4日 10:39:47。
----- Study 2 - Single_Muon_Diagnostic/解 2 (sol2) 中的“编译方程: 瞬态” ---------------->
<---- Study 2 - Single_Muon_Diagnostic/解 2 (sol2) 中的“因变量 1” --------------------
开始于 2026年9月4日 10:39:47。
不求解变量的值: 解 1 (sol1).
           当前进度:   5 % - 因变量 1
Memory: 1513/1653 1939/1993
求解时间：0 s。
物理内存: 1.52 GB
虚拟内存: 1.96 GB
结束时间：2026年9月4日 10:39:47。
----- Study 2 - Single_Muon_Diagnostic/解 2 (sol2) 中的“因变量 1” ------------------->
<---- Study 2 - Single_Muon_Diagnostic/解 2 (sol2) 中的“瞬态求解器 1” ------------------
开始于 2026年9月4日 10:39:48。
瞬态求解器（广义 α）
求解的自由度数：3（加上 4 个内部自由度）。
找到非对称矩阵。
缩放因变量：
颗粒位置 (comp1.qcpt): 1
Step        Time    Stepsize      Res  Jac  Sol Order Tfail NLfail LinIt   LinErr   LinRes
   0           0           - out    2    3    2                  0     0        0        0
   1    1.25e-10    1.25e-10        8    6    8     2     2      0    16  3.6e-12        -
   3  3.1497e-10  8.9986e-11       16    8   16     2     2      0    31  3.3e-07        -
   5  4.4798e-10  5.2022e-11       24   10   24     2     2      0    45  3.6e-08        -
   8  6.0404e-10  5.2022e-11       30   10   30     2     2      0    54  5.9e-07        -
  14  9.1617e-10  5.2022e-11       42   10   42     2     2      0    77  2.7e-11        -
  16       1e-09  4.1913e-11 out   50   12   50     2     2      0    91  2.5e-08        -
  22  1.2515e-09  4.1913e-11       62   12   62     2     2      0   109  6.6e-07        -
  27  1.4596e-09  4.0436e-11       73   12   73     2     2      0   127  9.2e-10        -
  31   1.783e-09  1.6174e-10       81   14   81     2     2      0   139        0        -
  36     3.5e-09       5e-10 out   86   16   86     2     2      0   139        0        -
  46     8.5e-09       5e-10 out   96   16   96     2     2      0   139        0        -
  56    1.35e-08       5e-10 out  106   16  106     2     2      0   139        0        -
  64    1.75e-08       5e-10 out  114   16  114     2     2      0   139        0        -
  73     2.2e-08       5e-10 out  123   16  123     2     2      0   139        0        -
  82    2.65e-08       5e-10 out  132   16  132     2     2      0   139        0        -
  90    3.05e-08       5e-10 out  140   16  140     2     2      0   139        0        -
  99     3.5e-08       5e-10 out  149   16  149     2     2      0   139        0        -
 108    3.95e-08       5e-10 out  158   16  158     2     2      0   139        0        -
 115     4.3e-08       5e-10 out  165   16  165     2     2      0   139        0        -
 124    4.75e-08       5e-10 out  174   16  174     2     2      0   139        0        -
 133     5.2e-08       5e-10 out  183   16  183     2     2      0   139        0        -
 140    5.55e-08       5e-10 out  190   16  190     2     2      0   139        0        -
 148    5.95e-08       5e-10 out  198   16  198     2     2      0   139        0        -
 157     6.4e-08       5e-10 out  207   16  207     2     2      0   139        0        -
 164    6.75e-08       5e-10 out  214   16  214     2     2      0   139        0        -
 172    7.15e-08       5e-10 out  222   16  222     2     2      0   139        0        -
 181     7.6e-08       5e-10 out  231   16  231     2     2      0   139        0        -
 187     7.9e-08       5e-10 out  237   16  237     2     2      0   139        0        -
 194    8.25e-08       5e-10 out  244   16  244     2     2      0   139        0        -
 202    8.65e-08       5e-10 out  252   16  252     2     2      0   139        0        -
--         当前进度:  23 % - 
Memory: 1136/1653 1273/1993
 208    8.95e-08       5e-10 out  258   16  258     2     2      0   139        0        -
 212    9.15e-08       5e-10 out  262   16  262     2     2      0   139        0        -
 219     9.5e-08       5e-10 out  269   16  269     2     2      0   139        0        -
 227     9.9e-08       5e-10 out  277   16  277     2     2      0   139        0        -
 233    1.02e-07       5e-10 out  283   16  283     2     2      0   139        0        -
 241    1.06e-07       5e-10 out  291   16  291     2     2      0   139        0        -
 249     1.1e-07       5e-10 out  299   16  299     2     2      0   139        0        -
 257    1.14e-07       5e-10 out  307   16  307     2     2      0   139        0        -
 265    1.18e-07       5e-10 out  315   16  315     2     2      0   139        0        -
 274   1.225e-07       5e-10 out  324   16  324     2     2      0   139        0        -
 283    1.27e-07       5e-10 out  333   16  333     2     2      0   139        0        -
 292   1.315e-07       5e-10 out  342   16  342     2     2      0   139        0        -
 301    1.36e-07       5e-10 out  351   16  351     2     2      0   139        0        -
 310   1.405e-07       5e-10 out  360   16  360     2     2      0   139        0        -
 319    1.45e-07       5e-10 out  369   16  369     2     2      0   139        0        -
 325    1.48e-07       5e-10 out  375   16  375     2     2      0   139        0        -
 333    1.52e-07       5e-10 out  383   16  383     2     2      0   139        0        -
 342   1.565e-07       5e-10 out  392   16  392     2     2      0   139        0        -
 351    1.61e-07       5e-10 out  401   16  401     2     2      0   139        0        -
 360   1.655e-07       5e-10 out  410   16  410     2     2      0   139        0        -
 369     1.7e-07       5e-10 out  419   16  419     2     2      0   139        0        -
 376   1.735e-07       5e-10 out  426   16  426     2     2      0   139        0        -
 384   1.775e-07       5e-10 out  434   16  434     2     2      0   139        0        -
 392   1.815e-07       5e-10 out  442   16  442     2     2      0   139        0        -
 401    1.86e-07       5e-10 out  451   16  451     2     2      0   139        0        -
 410   1.905e-07       5e-10 out  460   16  460     2     2      0   139        0        -
 419    1.95e-07       5e-10 out  469   16  469     2     2      0   139        0        -
 428   1.995e-07       5e-10 out  478   16  478     2     2      0   139        0        -
 437    2.04e-07       5e-10 out  487   16  487     2     2      0   139        0        -
 445    2.08e-07       5e-10 out  495   16  495     2     2      0   139        0        -
 454   2.125e-07       5e-10 out  504   16  504     2     2      0   139        0        -
 464   2.175e-07       5e-10 out  514   16  514     2     2      0   139        0        -
 470   2.205e-07       5e-10 out  520   16  520     2     2      0   139        0        -
 479    2.25e-07       5e-10 out  529   16  529     2     2      0   139        0        -
 488   2.295e-07       5e-10 out  538   16  538     2     2      0   139        0        -
 496   2.335e-07       5e-10 out  546   16  546     2     2      0   139        0        -
 505    2.38e-07       5e-10 out  555   16  555     2     2      0   139        0        -
 515    2.43e-07       5e-10 out  565   16  565     2     2      0   139        0        -
 522   2.465e-07       5e-10 out  572   16  572     2     2      0   139        0        -
 532   2.515e-07       5e-10 out  582   16  582     2     2      0   139        0        -
 542   2.565e-07       5e-10 out  592   16  592     2     2      0   139        0        -
 551    2.61e-07       5e-10 out  601   16  601     2     2      0   139        0        -
 560   2.655e-07       5e-10 out  610   16  610     2     2      0   139        0        -
 570   2.705e-07       5e-10 out  620   16  620     2     2      0   139        0        -
 579    2.75e-07       5e-10 out  629   16  629     2     2      0   139        0        -
 589     2.8e-07       5e-10 out  639   16  639     2     2      0   139        0        -
 599    2.85e-07       5e-10 out  649   16  649     2     2      0   139        0        -
 609     2.9e-07       5e-10 out  659   16  659     2     2      0   139        0        -
 618   2.945e-07       5e-10 out  668   16  668     2     2      0   139        0        -
 626   2.985e-07       5e-10 out  676   16  676     2     2      0   139        0        -
 635    3.03e-07       5e-10 out  685   16  685     2     2      0   139        0        -
 644   3.075e-07       5e-10 out  694   16  694     2     2      0   139        0        -
 654   3.125e-07       5e-10 out  704   16  704     2     2      0   139        0        -
------     当前进度:  65 % - 正在组装残差
 663    3.17e-07       5e-10 out  713   16  713     2     2      0   139        0        -
 671    3.21e-07       5e-10 out  721   16  721     2     2      0   139        0        -
 680   3.255e-07       5e-10 out  730   16  730     2     2      0   139        0        -
 690   3.305e-07       5e-10 out  740   16  740     2     2      0   139        0        -
 698   3.345e-07       5e-10 out  748   16  748     2     2      0   139        0        -
 704   3.375e-07       5e-10 out  754   16  754     2     2      0   139        0        -
 713    3.42e-07       5e-10 out  763   16  763     2     2      0   139        0        -
 723    3.47e-07       5e-10 out  773   16  773     2     2      0   139        0        -
 730   3.505e-07       5e-10 out  780   16  780     2     2      0   139        0        -
 739    3.55e-07       5e-10 out  789   16  789     2     2      0   139        0        -
 747    3.59e-07       5e-10 out  797   16  797     2     2      0   139        0        -
 754   3.625e-07       5e-10 out  804   16  804     2     2      0   139        0        -
 762   3.665e-07       5e-10 out  812   16  812     2     2      0   139        0        -
 771    3.71e-07       5e-10 out  821   16  821     2     2      0   139        0        -
 779    3.75e-07       5e-10 out  829   16  829     2     2      0   139        0        -
 788   3.795e-07       5e-10 out  838   16  838     2     2      0   139        0        -
 797    3.84e-07       5e-10 out  847   16  847     2     2      0   139        0        -
 806   3.885e-07       5e-10 out  856   16  856     2     2      0   139        0        -
 815    3.93e-07       5e-10 out  865   16  865     2     2      0   139        0        -
 825    3.98e-07       5e-10 out  875   16  875     2     2      0   139        0        -
 832   4.015e-07       5e-10 out  882   16  882     2     2      0   139        0        -
 841    4.06e-07       5e-10 out  891   16  891     2     2      0   139        0        -
 850   4.105e-07       5e-10 out  900   16  900     2     2      0   139        0        -
 857    4.14e-07       5e-10 out  907   16  907     2     2      0   139        0        -
 866   4.185e-07       5e-10 out  916   16  916     2     2      0   139        0        -
 875    4.23e-07       5e-10 out  925   16  925     2     2      0   139        0        -
 882   4.265e-07       5e-10 out  932   16  932     2     2      0   139        0        -
 890   4.305e-07       5e-10 out  940   16  940     2     2      0   139        0        -
 899    4.35e-07       5e-10 out  949   16  949     2     2      0   139        0        -
 907    4.39e-07       5e-10 out  957   16  957     2     2      0   139        0        -
 916   4.435e-07       5e-10 out  966   16  966     2     2      0   139        0        -
 926   4.485e-07       5e-10 out  976   16  976     2     2      0   139        0        -
 936   4.535e-07       5e-10 out  986   16  986     2     2      0   139        0        -
 946   4.585e-07       5e-10 out  996   16  996     2     2      0   139        0        -
 955    4.63e-07       5e-10 out 1005   16 1005     2     2      0   139        0        -
 964   4.675e-07       5e-10 out 1014   16 1014     2     2      0   139        0        -
 974   4.725e-07       5e-10 out 1024   16 1024     2     2      0   139        0        -
 982   4.765e-07       5e-10 out 1032   16 1032     2     2      0   139        0        -
 991    4.81e-07       5e-10 out 1041   16 1041     2     2      0   139        0        -
1001    4.86e-07       5e-10 out 1051   16 1051     2     2      0   139        0        -
1011    4.91e-07       5e-10 out 1061   16 1061     2     2      0   139        0        -
1021    4.96e-07       5e-10 out 1071   16 1071     2     2      0   139        0        -
1029       5e-07       5e-10 out 1079   16 1079     2     2      0   139        0        -
---------- 当前进度: 100 % - 
求解时间：1 s。
物理内存: 1.52 GB
虚拟内存: 1.94 GB
结束时间：2026年9月4日 10:39:50。
----- Study 2 - Single_Muon_Diagnostic/解 2 (sol2) 中的“瞬态求解器 1” ----------------->
           当前进度:   0 % - 
-          当前进度:  12 % - 正在计算
--         当前进度:  20 % - 正在计算
Memory: 1138/1653 1276/1993
--         当前进度:  28 % - 正在计算
Memory: 1136/1653 1274/1993
---        当前进度:  37 % - 正在计算
----       当前进度:  46 % - 正在计算
-----      当前进度:  55 % - 正在计算
------     当前进度:  65 % - 正在计算
-------    当前进度:  74 % - 正在计算
--------   当前进度:  82 % - 正在计算
---------  当前进度:  90 % - 正在计算
---------- 当前进度: 100 % - 正在计算
           当前进度:   0 % - 
---        当前进度:  34 % - 正在计算
Memory: 1132/1653 1269/1993
---------  当前进度:  95 % - 正在计算
Memory: 1132/1653 1270/1993
AXIAL_SOURCE_CASE_COMPLETE=axial_source_gap40mm_frac0p98
AXIAL_SOURCE_CASE_START=axial_source_gap40mm_frac0p99
           当前进度:   0 % - Study 1 - 3D Electrostatics stationary
           当前进度:   3 % - Study 1 - 3D Electrostatics stationary
<---- Study 1 - 3D Electrostatics stationary/解 1 (sol1) 中的“编译方程: 稳态” -----------
开始于 2026年9月4日 10:39:54。
几何形函数: 二次拉格朗日单元
几何形函数: 二次拉格朗日单元
在 Intel64 Family 6 Model 186 Stepping 2, GenuineIntel 上运行。
在以下位置使用 1 个插槽： 陈红星 上（共 1 个内核）。
可用内存：15.90 GB。
           当前进度:   3 % - 编译方程: 稳态
Memory: 1132/1653 1272/1993
           当前进度:   6 % - 编译方程: 稳态
Memory: 1157/1653 1295/1993
           当前进度:   7 % - 编译方程: 稳态
Memory: 1160/1653 1298/1993
时间：1。
物理内存: 1.16 GB
虚拟内存: 1.3 GB
Warning: 自由空间采用真空条件，这会导致某些材料属性被忽略。请考虑为忽略的材料添加合适的物理场特征。

  - 节点: 自由空间 1

  - 物理场: Electrostatics: four finite-thickness rounded ring electrodes (es)

  - Materials: Natural Neon gas, representative relative permittivity (mat_gas), Representative alumina ceramic; epsilon_r=9.4 assumption (mat_diel)

  - Quantities: 相对介电常数, 相对介电常数
结束时间：2026年9月4日 10:39:55。
----- Study 1 - 3D Electrostatics stationary/解 1 (sol1) 中的“编译方程: 稳态” ---------->
<---- Study 1 - 3D Electrostatics stationary/解 1 (sol1) 中的“因变量 1” --------------
开始于 2026年9月4日 10:39:55。
           当前进度:   7 % - 因变量 1
Memory: 1161/1653 1298/1993
求解时间：0 s。
物理内存: 1.16 GB
虚拟内存: 1.3 GB
结束时间：2026年9月4日 10:39:55。
----- Study 1 - 3D Electrostatics stationary/解 1 (sol1) 中的“因变量 1” ------------->
<---- Study 1 - 3D Electrostatics stationary/解 1 (sol1) 中的“稳态求解器 1” ------------
开始于 2026年9月4日 10:39:56。
线性求解器 
求解的自由度数：106552。
--         当前进度:  24 % - 组装稀疏模式
Memory: 1167/1653 1315/1993
---        当前进度:  37 % - 组装矩阵
Memory: 1186/1653 1324/1993
找到对称矩阵。
缩放因变量：
电势 (comp1.V): 1
已使用正交零空间函数。
---        当前进度:  38 % - 组装延展
Memory: 1189/1653 1328/1993
-----      当前进度:  56 % - 组装矩阵
Memory: 1185/1653 1324/1993
Iter      SolEst     Damping    Stepsize #Res #Jac #Sol LinIt   LinErr   LinRes
---------  当前进度:  90 % - 求解线性方程组
Memory: 1190/1653 1336/1993
   1        0.79   1.0000000        0.79    1    1    1     4    2e-05  3.6e-08
---------- 当前进度: 100 % - 
Memory: 1187/1653 1329/1993
求解时间：3 s。
物理内存: 1.2 GB
虚拟内存: 1.34 GB
结束时间：2026年9月4日 10:39:59。
----- Study 1 - 3D Electrostatics stationary/解 1 (sol1) 中的“稳态求解器 1” ----------->
           当前进度:   0 % - Study 2 - Single_Muon_Diagnostic
Memory: 1185/1653 1327/1993
           当前进度:   3 % - Study 2 - Single_Muon_Diagnostic
Memory: 1186/1653 1328/1993
<---- Study 2 - Single_Muon_Diagnostic/解 2 (sol2) 中的“编译方程: 瞬态” -----------------
开始于 2026年9月4日 10:39:59。
几何形函数: 二次拉格朗日单元
几何形函数: 二次拉格朗日单元
在 Intel64 Family 6 Model 186 Stepping 2, GenuineIntel 上运行。
在以下位置使用 1 个插槽： 陈红星 上（共 1 个内核）。
可用内存：15.90 GB。
           当前进度:   3 % - 编译方程: 瞬态
           当前进度:   5 % - 编译方程: 瞬态
Memory: 1155/1653 1292/1993
时间：1。
物理内存: 1.19 GB
虚拟内存: 1.33 GB
Warning: 自由空间采用真空条件，这会导致某些材料属性被忽略。请考虑为忽略的材料添加合适的物理场特征。

  - 节点: 自由空间 1

  - 物理场: Electrostatics: four finite-thickness rounded ring electrodes (es)

  - Materials: Natural Neon gas, representative relative permittivity (mat_gas), Representative alumina ceramic; epsilon_r=9.4 assumption (mat_diel)

  - Quantities: 相对介电常数, 相对介电常数
结束时间：2026年9月4日 10:40:00。
----- Study 2 - Single_Muon_Diagnostic/解 2 (sol2) 中的“编译方程: 瞬态” ---------------->
<---- Study 2 - Single_Muon_Diagnostic/解 2 (sol2) 中的“因变量 1” --------------------
开始于 2026年9月4日 10:40:00。
不求解变量的值: 解 1 (sol1).
           当前进度:   5 % - 因变量 1
Memory: 1149/1653 1285/1993
求解时间：0 s。
物理内存: 1.15 GB
虚拟内存: 1.29 GB
结束时间：2026年9月4日 10:40:00。
----- Study 2 - Single_Muon_Diagnostic/解 2 (sol2) 中的“因变量 1” ------------------->
<---- Study 2 - Single_Muon_Diagnostic/解 2 (sol2) 中的“瞬态求解器 1” ------------------
开始于 2026年9月4日 10:40:01。
瞬态求解器（广义 α）
求解的自由度数：3（加上 4 个内部自由度）。
找到非对称矩阵。
缩放因变量：
颗粒位置 (comp1.qcpt): 1
Step        Time    Stepsize      Res  Jac  Sol Order Tfail NLfail LinIt   LinErr   LinRes
   0           0           - out    2    3    2                  0     0        0        0
   1    1.25e-10    1.25e-10        8    6    8     2     2      0    15  1.9e-09        -
   3  3.1499e-10  8.9996e-11       16    8   16     2     2      0    29  3.2e-07        -
   6       5e-10  5.2005e-11 out   26   10   26     2     2      0    46  1.8e-07        -
  12  8.1203e-10  5.2005e-11       38   10   38     2     2      0    67  2.6e-11        -
  15  9.5802e-10  4.1978e-11       48   11   48     2     2      0    86  2.5e-08        -
  21  1.2099e-09  4.1978e-11       60   12   60     2     2      0   104  5.6e-07        -
  27  1.4599e-09  4.0108e-11       73   12   73     2     2      0   125  1.1e-10        -
  31  1.7808e-09  1.6043e-10       81   14   81     2     2      0   137        0        -
  39       5e-09       5e-10 out   89   16   89     2     2      0   137        0        -
  50    1.05e-08       5e-10 out  100   16  100     2     2      0   137        0        -
  62    1.65e-08       5e-10 out  112   16  112     2     2      0   137        0        -
  74    2.25e-08       5e-10 out  124   16  124     2     2      0   137        0        -
  86    2.85e-08       5e-10 out  136   16  136     2     2      0   137        0        -
  98    3.45e-08       5e-10 out  148   16  148     2     2      0   137        0        -
 110    4.05e-08       5e-10 out  160   16  160     2     2      0   137        0        -
 122    4.65e-08       5e-10 out  172   16  172     2     2      0   137        0        -
 134    5.25e-08       5e-10 out  184   16  184     2     2      0   137        0        -
 146    5.85e-08       5e-10 out  196   16  196     2     2      0   137        0        -
 158    6.45e-08       5e-10 out  208   16  208     2     2      0   137        0        -
 170    7.05e-08       5e-10 out  220   16  220     2     2      0   137        0        -
 182    7.65e-08       5e-10 out  232   16  232     2     2      0   137        0        -
 194    8.25e-08       5e-10 out  244   16  244     2     2      0   137        0        -
 206    8.85e-08       5e-10 out  256   16  256     2     2      0   137        0        -
 218    9.45e-08       5e-10 out  268   16  268     2     2      0   137        0        -
 230   1.005e-07       5e-10 out  280   16  280     2     2      0   137        0        -
 242   1.065e-07       5e-10 out  292   16  292     2     2      0   137        0        -
 253    1.12e-07       5e-10 out  303   16  303     2     2      0   137        0        -
 263    1.17e-07       5e-10 out  313   16  313     2     2      0   137        0        -
 275    1.23e-07       5e-10 out  325   16  325     2     2      0   137        0        -
 285    1.28e-07       5e-10 out  335   16  335     2     2      0   137        0        -
 294   1.325e-07       5e-10 out  344   16  344     2     2      0   137        0        -
 306   1.385e-07       5e-10 out  356   16  356     2     2      0   137        0        -
---        当前进度:  33 % - 
 314   1.425e-07       5e-10 out  364   16  364     2     2      0   137        0        -
 322   1.465e-07       5e-10 out  372   16  372     2     2      0   137        0        -
 333    1.52e-07       5e-10 out  383   16  383     2     2      0   137        0        -
 341    1.56e-07       5e-10 out  391   16  391     2     2      0   137        0        -
 353    1.62e-07       5e-10 out  403   16  403     2     2      0   137        0        -
 365    1.68e-07       5e-10 out  415   16  415     2     2      0   137        0        -
 375    1.73e-07       5e-10 out  425   16  425     2     2      0   137        0        -
 387    1.79e-07       5e-10 out  437   16  437     2     2      0   137        0        -
 399    1.85e-07       5e-10 out  449   16  449     2     2      0   137        0        -
 408   1.895e-07       5e-10 out  458   16  458     2     2      0   137        0        -
 420   1.955e-07       5e-10 out  470   16  470     2     2      0   137        0        -
 432   2.015e-07       5e-10 out  482   16  482     2     2      0   137        0        -
 442   2.065e-07       5e-10 out  492   16  492     2     2      0   137        0        -
 453    2.12e-07       5e-10 out  503   16  503     2     2      0   137        0        -
 465    2.18e-07       5e-10 out  515   16  515     2     2      0   137        0        -
 477    2.24e-07       5e-10 out  527   16  527     2     2      0   137        0        -
 485    2.28e-07       5e-10 out  535   16  535     2     2      0   137        0        -
 497    2.34e-07       5e-10 out  547   16  547     2     2      0   137        0        -
 507    2.39e-07       5e-10 out  557   16  557     2     2      0   137        0        -
 519    2.45e-07       5e-10 out  569   16  569     2     2      0   137        0        -
 531    2.51e-07       5e-10 out  581   16  581     2     2      0   137        0        -
 541    2.56e-07       5e-10 out  591   16  591     2     2      0   137        0        -
 553    2.62e-07       5e-10 out  603   16  603     2     2      0   137        0        -
 565    2.68e-07       5e-10 out  615   16  615     2     2      0   137        0        -
 575    2.73e-07       5e-10 out  625   16  625     2     2      0   137        0        -
 587    2.79e-07       5e-10 out  637   16  637     2     2      0   137        0        -
 599    2.85e-07       5e-10 out  649   16  649     2     2      0   137        0        -
 607    2.89e-07       5e-10 out  657   16  657     2     2      0   137        0        -
 617    2.94e-07       5e-10 out  667   16  667     2     2      0   137        0        -
 627    2.99e-07       5e-10 out  677   16  677     2     2      0   137        0        -
 637    3.04e-07       5e-10 out  687   16  687     2     2      0   137        0        -
 649     3.1e-07       5e-10 out  699   16  699     2     2      0   137        0        -
 661    3.16e-07       5e-10 out  711   16  711     2     2      0   137        0        -
 673    3.22e-07       5e-10 out  723   16  723     2     2      0   137        0        -
 685    3.28e-07       5e-10 out  735   16  735     2     2      0   137        0        -
 697    3.34e-07       5e-10 out  747   16  747     2     2      0   137        0        -
 708   3.395e-07       5e-10 out  758   16  758     2     2      0   137        0        -
 720   3.455e-07       5e-10 out  770   16  770     2     2      0   137        0        -
 732   3.515e-07       5e-10 out  782   16  782     2     2      0   137        0        -
 744   3.575e-07       5e-10 out  794   16  794     2     2      0   137        0        -
 756   3.635e-07       5e-10 out  806   16  806     2     2      0   137        0        -
 767    3.69e-07       5e-10 out  817   16  817     2     2      0   137        0        -
 776   3.735e-07       5e-10 out  826   16  826     2     2      0   137        0        -
 786   3.785e-07       5e-10 out  836   16  836     2     2      0   137        0        -
 797    3.84e-07       5e-10 out  847   16  847     2     2      0   137        0        -
 805    3.88e-07       5e-10 out  855   16  855     2     2      0   137        0        -
 817    3.94e-07       5e-10 out  867   16  867     2     2      0   137        0        -
 829       4e-07       5e-10 out  879   16  879     2     2      0   137        0        -
 840   4.055e-07       5e-10 out  890   16  890     2     2      0   137        0        -
 852   4.115e-07       5e-10 out  902   16  902     2     2      0   137        0        -
 864   4.175e-07       5e-10 out  914   16  914     2     2      0   137        0        -
 874   4.225e-07       5e-10 out  924   16  924     2     2      0   137        0        -
 885    4.28e-07       5e-10 out  935   16  935     2     2      0   137        0        -
--------   当前进度:  87 % - 
 896   4.335e-07       5e-10 out  946   16  946     2     2      0   137        0        -
 905    4.38e-07       5e-10 out  955   16  955     2     2      0   137        0        -
 917    4.44e-07       5e-10 out  967   16  967     2     2      0   137        0        -
 929     4.5e-07       5e-10 out  979   16  979     2     2      0   137        0        -
 936   4.535e-07       5e-10 out  986   16  986     2     2      0   137        0        -
 946   4.585e-07       5e-10 out  996   16  996     2     2      0   137        0        -
 958   4.645e-07       5e-10 out 1008   16 1008     2     2      0   137        0        -
 964   4.675e-07       5e-10 out 1014   16 1014     2     2      0   137        0        -
 976   4.735e-07       5e-10 out 1026   16 1026     2     2      0   137        0        -
 988   4.795e-07       5e-10 out 1038   16 1038     2     2      0   137        0        -
 998   4.845e-07       5e-10 out 1048   16 1048     2     2      0   137        0        -
1010   4.905e-07       5e-10 out 1060   16 1060     2     2      0   137        0        -
1022   4.965e-07       5e-10 out 1072   16 1072     2     2      0   137        0        -
1029       5e-07       5e-10 out 1079   16 1079     2     2      0   137        0        -
---------- 当前进度: 100 % - 
求解时间：1 s。
物理内存: 1.16 GB
虚拟内存: 1.29 GB
结束时间：2026年9月4日 10:40:02。
----- Study 2 - Single_Muon_Diagnostic/解 2 (sol2) 中的“瞬态求解器 1” ----------------->
           当前进度:   0 % - 
-          当前进度:  15 % - 正在计算
--         当前进度:  27 % - 正在计算
---        当前进度:  39 % - 正在计算
-----      当前进度:  50 % - 正在计算
------     当前进度:  61 % - 正在计算
-------    当前进度:  71 % - 正在计算
--------   当前进度:  82 % - 正在计算
---------  当前进度:  91 % - 正在计算
---------- 当前进度: 100 % - 正在计算
           当前进度:   0 % - 
---        当前进度:  34 % - 正在计算
Memory: 1145/1653 1281/1993
---------  当前进度:  95 % - 正在计算
AXIAL_SOURCE_CASE_COMPLETE=axial_source_gap40mm_frac0p99
CHECKPOINT_AXIAL_SOURCE_SAVED=E:\imp\imp\project\muon-ion_beam\stage1_3d_feasibility\temporary\results\stage1_3d_after_axial_source_scan.mph
AXIAL_SOURCE_SCAN_COMPLETE
类运行时: 336 s.
总时间: 336 s.
