*******************************************
***COMSOL 6.4.0.293 progress output file***
*******************************************
Fri Sep 04 00:45:33 CST 2026
COMSOL Multiphysics 6.4 (开发版本: 293) 在批处理模式下启动
正在运行: E:\imp\imp\project\muon-ion_beam\stage1_3d_feasibility\scripts\BuildStage1_3D.class
BUILD_STAGE1_3D_ROOT=E:\imp\imp\project\muon-ion_beam\stage1_3d_feasibility
BUILD_STAGE1_3D_STOPPING_FILE=E:\imp\imp\project\muon-ion_beam\muon\ne\comsol_muNe_SN.txt
BUILD_STAGE1_3D_PHASE=CREATE_MODEL
---------- 当前进度: 100 % - 正在更新选择
Memory: 384/389 394/398
           当前进度:   0 % - Grounded outer shell / bore boundary
Memory: 396/396 405/405
           当前进度:   4 % - Uniform Ne gas volume before electrode subtraction
Memory: 406/406 409/410
           当前进度:   8 % - Gas cutter reserved for dielectric liner
-          当前进度:  12 % - Representative alumina dielectric liner
-          当前进度:  12 % - 执行布尔操作
Memory: 409/409 411/411
-----      当前进度:  52 % - V1 electrode outer blank
Memory: 410/410 411/411
-----      当前进度:  56 % - V1 aperture cutter
------     当前进度:  60 % - V1 finite-thickness annular electrode
------     当前进度:  60 % - 执行布尔操作
           当前进度:   0 % - V1 electrode, 1 mm rounded edges
Memory: 411/411 412/412
GEOMETRY_ELECTRODE_ROUNDED=V1
           当前进度:   0 % - V2 electrode outer blank
Memory: 413/413 412/412
           当前进度:   8 % - V2 aperture cutter
-          当前进度:  17 % - V2 finite-thickness annular electrode
-          当前进度:  17 % - 执行布尔操作
Memory: 413/413 413/413
           当前进度:   0 % - V2 electrode, 1 mm rounded edges
Memory: 414/414 413/413
GEOMETRY_ELECTRODE_ROUNDED=V2
           当前进度:   0 % - V3 electrode outer blank
           当前进度:   8 % - V3 aperture cutter
-          当前进度:  17 % - V3 finite-thickness annular electrode
Memory: 414/414 414/414
-          当前进度:  17 % - 执行布尔操作
           当前进度:   0 % - V3 electrode, 1 mm rounded edges
Memory: 415/415 414/414
GEOMETRY_ELECTRODE_ROUNDED=V3
           当前进度:   0 % - V4 electrode outer blank
Memory: 417/417 416/416
           当前进度:   8 % - V4 aperture cutter
-          当前进度:  17 % - V4 finite-thickness annular electrode
-          当前进度:  17 % - 执行布尔操作
           当前进度:   0 % - V4 electrode, 1 mm rounded edges
GEOMETRY_ELECTRODE_ROUNDED=V4
           当前进度:   0 % - Ne gas domain excluding four electrode solids
Memory: 417/417 417/417
           当前进度:   0 % - 执行布尔操作
-----      当前进度:  50 % - 形成联合体
Memory: 418/418 417/417
-----      当前进度:  50 % - 执行布尔操作
---------- 当前进度: 100 % - 正在更新选择
GEOMETRY_SELECTION_TAGS=[geom1_outer0_pnt, geom1_outer0_edg, geom1_outer0_bnd, geom1_outer0_dom, geom1_gas0_pnt, geom1_gas0_edg, geom1_gas0_bnd, geom1_gas0_dom, geom1_diel0_pnt, geom1_diel0_edg, geom1_diel0_bnd, geom1_diel0_dom, geom1_v1_ring_pnt, geom1_v1_ring_edg, geom1_v1_ring_bnd, geom1_v1_ring_dom, geom1_v1_rounded_pnt, geom1_v1_rounded_edg, geom1_v1_rounded_bnd, geom1_v1_rounded_dom, geom1_v2_ring_pnt, geom1_v2_ring_edg, geom1_v2_ring_bnd, geom1_v2_ring_dom, geom1_v2_rounded_pnt, geom1_v2_rounded_edg, geom1_v2_rounded_bnd, geom1_v2_rounded_dom, geom1_v3_ring_pnt, geom1_v3_ring_edg, geom1_v3_ring_bnd, geom1_v3_ring_dom, geom1_v3_rounded_pnt, geom1_v3_rounded_edg, geom1_v3_rounded_bnd, geom1_v3_rounded_dom, geom1_v4_ring_pnt, geom1_v4_ring_edg, geom1_v4_ring_bnd, geom1_v4_ring_dom, geom1_v4_rounded_pnt, geom1_v4_rounded_edg, geom1_v4_rounded_bnd, geom1_v4_rounded_dom, geom1_gaswork_pnt, geom1_gaswork_edg, geom1_gaswork_bnd, geom1_gaswork_dom]
GEOMETRY_DOMAINS_GAS=[2]
GEOMETRY_DOMAINS_DIELECTRIC=[1]
GEOMETRY_BND_V1=[9, 10, 11, 12, 25, 26, 35, 39, 43, 47]
GEOMETRY_BND_OUTER=[1, 2, 3, 4, 33, 52]
           当前进度:   0 % - 点 1
Memory: 484/484 528/528
---------- 当前进度: 100 % - 正在更新选择
BUILD_STAGE1_3D_PHASE=MESH
           当前进度:   0 % - 自由四面体网格
Memory: 550/550 548/548
顶点单元数：80
-          当前进度:  12 % - 调整边界网格
Memory: 559/559 553/553
--         当前进度:  21 % - 正在创建边界网格
Memory: 562/564 555/561
--         当前进度:  25 % - 正在创建边界网格
边单元数：1448
边界单元数：20562
----       当前进度:  42 % - 正在创建初始四面体网格
Memory: 573/573 567/567
----       当前进度:  46 % - 相关边界
Memory: 582/585 576/579
------     当前进度:  65 % - 相关边界
Memory: 571/585 571/590
-------    当前进度:  74 % - 正在插入内部点
Memory: 574/585 585/590
--------   当前进度:  83 % - 正在提高单元质量
Memory: 578/585 581/590
单元数：82371
最小单元质量：0.1802
---------- 当前进度: 100 % - 正在定型网格
Memory: 578/585 577/590
CHECKPOINT_CADLIKE_GEOMETRY_AND_MODEL_SAVED=E:\imp\imp\project\muon-ion_beam\stage1_3d_feasibility\comsol\stage1_3d_feasibility.mph
BUILD_STAGE1_3D_PHASE=SOLVE_ELECTROSTATICS
           当前进度:   2 % - 生成方程
Memory: 610/610 606/606
           当前进度:   3 % - 生成方程
Memory: 625/628 619/623
<---- Study 1 - 3D Electrostatics stationary/解 1 (sol1) 中的“编译方程: 稳态” -----------
开始于 2026年9月4日 00:45:49。
几何形函数: 二次拉格朗日单元
几何形函数: 二次拉格朗日单元
在 Intel64 Family 6 Model 186 Stepping 2, GenuineIntel 上运行。
在以下位置使用 1 个插槽： 陈红星 上（共 1 个内核）。
可用内存：15.90 GB。
           当前进度:   3 % - 编译方程: 稳态
Memory: 812/812 859/859
           当前进度:   6 % - 编译方程: 稳态
Memory: 848/856 892/900
           当前进度:   7 % - 编译方程: 稳态
Memory: 863/898 902/946
时间：2。
物理内存: 914 MB
虚拟内存: 946 MB
Warning: 自由空间采用真空条件，这会导致某些材料属性被忽略。请考虑为忽略的材料添加合适的物理场特征。

  - 节点: 自由空间 1

  - 物理场: Electrostatics: four finite-thickness rounded ring electrodes (es)

  - Materials: Natural Neon gas, representative relative permittivity (mat_gas), Representative alumina ceramic; epsilon_r=9.4 assumption (mat_diel)

  - Quantities: 相对介电常数, 相对介电常数
结束时间：2026年9月4日 00:45:51。
----- Study 1 - 3D Electrostatics stationary/解 1 (sol1) 中的“编译方程: 稳态” ---------->
<---- Study 1 - 3D Electrostatics stationary/解 1 (sol1) 中的“因变量 1” --------------
开始于 2026年9月4日 00:45:51。
           当前进度:   7 % - 因变量 1
Memory: 917/918 918/946
求解时间：0 s。
物理内存: 918 MB
虚拟内存: 918 MB
结束时间：2026年9月4日 00:45:51。
----- Study 1 - 3D Electrostatics stationary/解 1 (sol1) 中的“因变量 1” ------------->
<---- Study 1 - 3D Electrostatics stationary/解 1 (sol1) 中的“稳态求解器 1” ------------
开始于 2026年9月4日 00:45:51。
线性求解器 
求解的自由度数：122163。
--         当前进度:  21 % - 组装稀疏模式
Memory: 932/937 929/946
--         当前进度:  24 % - 组装稀疏模式
Memory: 955/967 954/965
---        当前进度:  36 % - 组装矩阵
Memory: 973/973 975/975
找到对称矩阵。
缩放因变量：
电势 (comp1.V): 1
已使用正交零空间函数。
---        当前进度:  38 % - 
Memory: 999/1010 1012/1012
---        当前进度:  38 % - 组装延展
Memory: 992/1019 992/1020
-----      当前进度:  56 % - 组装稀疏模式
Memory: 963/1019 966/1020
Iter      SolEst     Damping    Stepsize #Res #Jac #Sol LinIt   LinErr   LinRes
-------    当前进度:  74 % - 求解线性方程组
Memory: 991/1019 1011/1020
   1        0.76   1.0000000        0.76    1    1    1     4  2.8e-05  5.4e-08
---------- 当前进度: 100 % - 
Memory: 949/1019 967/1020
求解时间：4 s。
物理内存: 1.02 GB
虚拟内存: 1.02 GB
结束时间：2026年9月4日 00:45:55。
----- Study 1 - 3D Electrostatics stationary/解 1 (sol1) 中的“稳态求解器 1” ----------->
CHECKPOINT_3D_ELECTROSTATICS_SOLVED=E:\imp\imp\project\muon-ion_beam\stage1_3d_feasibility\comsol\stage1_3d_feasibility.mph
BUILD_STAGE1_3D_PHASE=SOLVE_SINGLE_MUON
           当前进度:   2 % - 生成方程
Memory: 954/1019 969/1020
           当前进度:   3 % - 生成方程
Memory: 957/1019 973/1020
<---- Study 2 - Single_Muon_Diagnostic/解 2 (sol2) 中的“编译方程: 瞬态” -----------------
开始于 2026年9月4日 00:45:56。
几何形函数: 二次拉格朗日单元
几何形函数: 二次拉格朗日单元
在 Intel64 Family 6 Model 186 Stepping 2, GenuineIntel 上运行。
在以下位置使用 1 个插槽： 陈红星 上（共 1 个内核）。
可用内存：15.90 GB。
           当前进度:   4 % - 编译方程: 瞬态
Memory: 1054/1054 1067/1067
           当前进度:   5 % - 编译方程: 瞬态
Memory: 1062/1079 1072/1092
时间：1。
物理内存: 1.08 GB
虚拟内存: 1.09 GB
Warning: 自由空间采用真空条件，这会导致某些材料属性被忽略。请考虑为忽略的材料添加合适的物理场特征。

  - 节点: 自由空间 1

  - 物理场: Electrostatics: four finite-thickness rounded ring electrodes (es)

  - Materials: Natural Neon gas, representative relative permittivity (mat_gas), Representative alumina ceramic; epsilon_r=9.4 assumption (mat_diel)

  - Quantities: 相对介电常数, 相对介电常数
结束时间：2026年9月4日 00:45:57。
----- Study 2 - Single_Muon_Diagnostic/解 2 (sol2) 中的“编译方程: 瞬态” ---------------->
<---- Study 2 - Single_Muon_Diagnostic/解 2 (sol2) 中的“因变量 1” --------------------
开始于 2026年9月4日 00:45:57。
不求解变量的值: 解 1 (sol1).
           当前进度:   5 % - 因变量 1
Memory: 1046/1079 1054/1092
求解时间：0 s。
物理内存: 1.07 GB
虚拟内存: 1.08 GB
结束时间：2026年9月4日 00:45:58。
----- Study 2 - Single_Muon_Diagnostic/解 2 (sol2) 中的“因变量 1” ------------------->
<---- Study 2 - Single_Muon_Diagnostic/解 2 (sol2) 中的“瞬态求解器 1” ------------------
开始于 2026年9月4日 00:45:58。
瞬态求解器（广义 α）
求解的自由度数：3（加上 4 个内部自由度）。
找到非对称矩阵。
缩放因变量：
颗粒位置 (comp1.qcpt): 1
Step        Time    Stepsize      Res  Jac  Sol Order Tfail NLfail LinIt   LinErr   LinRes
   0           0           - out    2    3    2                  0     0        0        0
   1    1.25e-10    1.25e-10        8    6    8     2     2      0    13  4.9e-07        -
   2  2.3159e-10  1.0659e-10       14    7   14     2     2      0    24  2.2e-07        -
   4  4.1376e-10  8.6241e-11       22    9   22     2     2      0    38    1e-07        -
   7  6.6386e-10  7.7617e-11       32   11   32     2     2      0    55  8.7e-08        -
   9  8.1133e-10  6.9856e-11       40   13   40     2     2      0    69  6.1e-08        -
  11  9.4059e-10  5.9407e-11       48   15   48     2     2      0    83  3.1e-08        -
  14  1.1188e-09  5.9407e-11       54   16   54     2     2      0    92  3.2e-07        -
  18  1.3564e-09  5.9407e-11       62   16   62     2     2      0   104  9.8e-07        -
  20  1.4579e-09  4.2077e-11       70   17   70     2     2      0   119  7.4e-09        -
  23  1.5842e-09  4.2077e-11       76   18   76     2     2      0   128    7e-08        -
  26  1.7104e-09  4.2077e-11       82   18   82     2     2      0   137  1.7e-07        -
  31  1.9208e-09  4.2077e-11       92   18   92     2     2      0   152  3.2e-07        -
  34  2.0396e-09  3.9614e-11      101   18  101     2     2      0   170  3.1e-11        -
  37  2.1585e-09  3.9614e-11      110   18  110     2     2      0   188  2.9e-11        -
  40  2.2773e-09  3.9614e-11      119   18  119     2     2      0   206  2.8e-11        -
  43  2.3961e-09  3.9614e-11      128   18  128     2     2      0   224  2.7e-11        -
  45  2.4679e-09  3.2122e-11      137   19  137     2     2      0   241  1.8e-09        -
  46     2.5e-09  3.2122e-11 out  139   20  139     2     2      0   244  1.8e-09        -
  50   2.757e-09  6.4243e-11      147   21  147     2     2      0   256  6.7e-07        -
           当前进度:   7 % - 求解线性方程组
Memory: 1048/1079 1055/1092
  52  2.8855e-09  6.4243e-11      151   21  151     2     2      0   263  8.3e-12        -
  54       3e-09  5.7271e-11 out  159   23  159     2     2      0   277  2.3e-08        -
  59  3.2864e-09  5.7271e-11      169   23  169     2     2      0   292  4.6e-07        -
  62  3.4504e-09  4.9552e-11      179   24  179     2     2      0   309  9.6e-09        -
  66  3.6487e-09  4.9552e-11      187   25  187     2     2      0   321  1.2e-07        -
  71  3.8964e-09  4.9552e-11      197   25  197     2     2      0   336    3e-07        -
  74       4e-09  2.7015e-11 out  203   26  203     2     2      0   345  2.3e-09        -
  78  4.2161e-09  5.4029e-11      211   27  211     2     2      0   357  1.9e-07        -
  83  4.4661e-09  3.3883e-11      221   28  221     2     2      0   372  1.4e-09        -
  87  4.7033e-09  6.7766e-11      229   29  229     2     2      0   384  4.2e-07        -
  91  4.9533e-09  4.6703e-11      241   30  241     2     2      0   404  6.7e-09        -
  95  5.1401e-09  4.6703e-11      249   31  249     2     2      0   416  8.5e-08        -
  99  5.3269e-09  4.6703e-11      257   31  257     2     2      0   428  1.9e-07        -
 102  5.4602e-09  3.9838e-11      267   32  267     2     2      0   445  2.7e-09        -
 106  5.6195e-09  3.9838e-11      275   33  275     2     2      0   457  3.5e-08        -
 111  5.8187e-09  3.9838e-11      285   33  285     2     2      0   472  8.8e-08        -
 115  5.9691e-09  3.0891e-11      297   34  297     2     2      0   492  8.3e-10        -
 118  6.1236e-09  6.1781e-11      303   36  303     2     2      0   501  1.4e-07        -
 123  6.4325e-09  6.1781e-11      313   36  313     2     2      0   516    7e-07        -
 127  6.5675e-09  3.3765e-11      321   37  321     2     2      0   528  2.2e-08        -
 130  6.7296e-09  6.0777e-11      331   39  331     2     2      0   545  3.8e-08        -
 134   6.956e-09  4.4034e-11      343   41  343     2     2      0   565    1e-08        -
 138  7.1321e-09  4.4034e-11      351   42  351     2     2      0   577  1.4e-07        -
 143  7.3523e-09  4.4034e-11      361   42  361     2     2      0   592  3.8e-07        -
 146  7.4702e-09   2.983e-11      371   43  371     2     2      0   609  2.3e-09        -
 148  7.5597e-09   5.966e-11      375   45  375     2     2      0   615  7.2e-08        -
 152  7.7983e-09   5.966e-11      383   45  383     2     2      0   628  6.6e-12        -
 155  7.9588e-09  4.1191e-11      393   46  393     2     2      0   647  8.9e-09        -
 157  8.0412e-09  4.1191e-11      397   47  397     2     2      0   653  4.3e-08        -
 160  8.1648e-09  4.1191e-11      403   47  403     2     2      0   662  1.4e-07        -
 166  8.4119e-09  4.1191e-11      415   47  415     2     2      0   680  3.3e-07        -
 170  8.5469e-09  4.6896e-11      423   49  423     2     2      0   692  1.4e-08        -
 174  8.7345e-09  4.6896e-11      431   49  431     2     2      0   704  2.4e-07        -
 179   8.961e-09  3.8969e-11      445   50  445     2     2      0   727  5.6e-09        -
 181   9.039e-09  3.8969e-11      449   51  449     2     2      0   733  2.8e-08        -
 185  9.1948e-09  3.8969e-11      457   51  457     2     2      0   745  1.2e-07        -
 191  9.4287e-09  3.8969e-11      469   51  469     2     2      0   763  2.5e-07        -
 194  9.5357e-09   3.567e-11      481   51  481     2     2      0   787  8.9e-12        -
 199  9.8924e-09  7.1339e-11      491   52  491     2     2      0   805  1.9e-11        -
 201       1e-08  5.3818e-11 out  499   54  499     2     2      0   819  2.2e-08        -
           当前进度:   9 % - 
 205  1.0215e-08  5.3818e-11      507   54  507     2     2      0   831  3.5e-07        -
 210  1.0465e-08   3.473e-11      517   55  517     2     2      0   846  1.9e-09        -
 214  1.0708e-08   6.946e-11      525   56  525     2     2      0   858  5.1e-07        -
 218  1.0958e-08  4.1621e-11      533   57  533     2     2      0   871  3.8e-09        -
 224  1.1208e-08  4.1621e-11      545   57  545     2     2      0   889    1e-07        -
 228  1.1375e-08  4.1621e-11      553   57  553     2     2      0   901  1.6e-07        -
 232    1.15e-08  2.1087e-11 out  561   58  561     2     2      0   913  7.1e-10        -
 236  1.1669e-08  4.2174e-11      569   59  569     2     2      0   925    6e-08        -
 240  1.1837e-08  4.2174e-11      577   59  577     2     2      0   937  1.4e-07        -
 244     1.2e-08   3.913e-11 out  587   59  587     2     2      0   955    9e-12        -
 248  1.2305e-08  7.0435e-11      599   61  599     2     2      0   975  5.7e-08        -
 250  1.2438e-08  6.2174e-11      607   63  607     2     2      0   989  2.9e-08        -
 253  1.2624e-08  6.2174e-11      613   64  613     2     2      0   998  2.6e-07        -
 257  1.2873e-08  6.2174e-11      621   64  621     2     2      0  1010    7e-07        -
 260     1.3e-08   3.239e-11 out  627   65  627     2     2      0  1019  5.2e-09        -
 264  1.3259e-08   6.478e-11      635   66  635     2     2      0  1031  4.3e-07        -
 267  1.3444e-08  5.5661e-11      645   67  645     2     2      0  1048  1.7e-08        -
 271  1.3667e-08  5.5661e-11      653   68  653     2     2      0  1060  2.2e-07        -
 276  1.3945e-08  5.5188e-11      663   68  663     2     2      0  1076  4.4e-11        -
 281  1.4221e-08  5.5188e-11      673   68  673     2     2      0  1096  5.4e-11        -
 286  1.4471e-08  2.9248e-11      683   69  683     2     2      0  1115  1.6e-09        -
 290  1.4675e-08  5.8495e-11      691   70  691     2     2      0  1127  4.9e-07        -
 295  1.4955e-08  4.5267e-11      705   71  705     2     2      0  1152  1.8e-08        -
 299  1.5136e-08  4.5267e-11      713   72  713     2     2      0  1164  2.2e-07        -
 304  1.5362e-08  4.5267e-11      723   72  723     2     2      0  1179  5.3e-07        -
 308    1.55e-08  2.3666e-11 out  731   73  731     2     2      0  1191  2.6e-09        -
 310  1.5595e-08  4.7332e-11      735   74  735     2     2      0  1197  8.1e-08        -
 315  1.5831e-08  4.7332e-11      745   74  745     2     2      0  1212  3.9e-07        -
 318  1.5963e-08  3.7006e-11      755   75  755     2     2      0  1229  4.3e-09        -
 321  1.6074e-08  3.7006e-11      761   76  761     2     2      0  1238  3.9e-08        -
 326  1.6259e-08  3.7006e-11      771   76  771     2     2      0  1253  1.2e-07        -
 331  1.6444e-08  3.7006e-11      781   76  781     2     2      0  1268    2e-07        -
 332  1.6472e-08  2.7962e-11      787   77  787     2     2      0  1279  1.1e-09        -
 335  1.6612e-08  5.5924e-11      793   79  793     2     2      0  1288  1.7e-07        -
 339  1.6836e-08  5.5924e-11      801   79  801     2     2      0  1300  7.1e-07        -
 341  1.6946e-08  5.4267e-11      806   79  806     2     2      0  1309  1.8e-11        -
 344  1.7109e-08  5.4267e-11      815   79  815     2     2      0  1327  1.6e-11        -
 346  1.7217e-08  5.4267e-11      821   79  821     2     2      0  1339  1.5e-11        -
 349   1.738e-08  5.4267e-11      830   79  830     2     2      0  1357  1.4e-11        -
 351  1.7467e-08  3.2932e-11      835   80  835     2     2      0  1366  1.8e-09        -
 353  1.7566e-08  6.5864e-11      839   81  839     2     2      0  1372  5.5e-08        -
 357  1.7829e-08  6.5864e-11      847   81  847     2     2      0  1384  8.7e-07        -
 359  1.7948e-08  5.2408e-11      855   82  855     2     2      0  1399  1.4e-08        -
 361  1.8052e-08  5.2408e-11      859   83  859     2     2      0  1405    7e-08        -
 364   1.821e-08  5.2408e-11      865   83  865     2     2      0  1414  2.3e-07        -
-          当前进度:  10 % - 正在组装残差
 366  1.8314e-08  5.2408e-11      869   83  869     2     2      0  1420  3.3e-07        -
 369   1.846e-08  4.0368e-11      879   84  879     2     2      0  1437  3.5e-09        -
 371   1.854e-08  4.0368e-11      883   85  883     2     2      0  1443  1.7e-08        -
 375  1.8702e-08  4.0368e-11      891   85  891     2     2      0  1455  7.3e-08        -
 378  1.8896e-08  7.2662e-11      901   87  901     2     2      0  1472  6.7e-08        -
 380     1.9e-08  5.2197e-11 out  905   88  905     2     2      0  1478  6.5e-08        -
 383  1.9157e-08  5.2197e-11      911   88  911     2     2      0  1487  2.2e-07        -
 386  1.9313e-08  5.2197e-11      917   88  917     2     2      0  1496  3.8e-07        -
 389  1.9459e-08   4.121e-11      927   89  927     2     2      0  1513  3.9e-09        -
 391  1.9541e-08   4.121e-11      931   90  931     2     2      0  1519  1.9e-08        -
 394  1.9665e-08   4.121e-11      937   90  937     2     2      0  1528  6.6e-08        -
 397  1.9788e-08   4.121e-11      943   90  943     2     2      0  1537  1.1e-07        -
 401  1.9953e-08   4.121e-11      951   90  951     2     2      0  1549  1.7e-07        -
 404  2.0047e-08  4.6686e-11      957   92  957     2     2      0  1558  6.4e-09        -
 408  2.0233e-08  4.6686e-11      965   92  965     2     2      0  1570  1.1e-07        -
 411  2.0373e-08  4.6686e-11      971   92  971     2     2      0  1579  1.8e-07        -
 413   2.046e-08  3.9911e-11      979   93  979     2     2      0  1593  2.8e-09        -
 416   2.058e-08  3.9911e-11      985   94  985     2     2      0  1602  2.6e-08        -
 420  2.0739e-08  3.9911e-11      993   94  993     2     2      0  1614  7.2e-08        -
 424  2.0899e-08  3.9911e-11     1001   94 1001     2     2      0  1626  1.2e-07        -
 426   2.097e-08  3.0491e-11     1009   95 1009     2     2      0  1640  8.8e-10        -
 428  2.1061e-08  6.0981e-11     1013   97 1013     2     2      0  1646  2.9e-08        -
 432  2.1305e-08  6.0981e-11     1021   97 1021     2     2      0  1658  5.1e-07        -
 435  2.1463e-08  3.6565e-11     1027   98 1027     2     2      0  1667    3e-09        -
 439   2.161e-08  3.6565e-11     1035   98 1035     2     2      0  1679  5.4e-08        -
 443  2.1793e-08   7.313e-11     1043   99 1043     2     2      0  1691  1.3e-07        -
 445  2.1933e-08  6.7174e-11     1051  100 1051     2     2      0  1705  9.9e-08        -
 448  2.2134e-08  6.7174e-11     1057  101 1057     2     2      0  1714  9.9e-07        -
 452  2.2403e-08  6.7174e-11     1065  101 1065     2     2      0  1730  2.4e-11        -
 453  2.2452e-08  4.8477e-11     1071  102 1071     2     2      0  1741  2.3e-08        -
 456  2.2597e-08  4.8477e-11     1077  103 1077     2     2      0  1750    2e-07        -
 460  2.2791e-08  4.8477e-11     1085  103 1085     2     2      0  1762  5.3e-07        -
 464  2.2968e-08  3.1855e-11     1093  104 1093     2     2      0  1774  2.1e-09        -
 467  2.3127e-08   6.371e-11     1099  105 1099     2     2      0  1783  3.4e-07        -
 472  2.3441e-08   5.887e-11     1111  105 1111     2     2      0  1805  4.4e-11        -
 475  2.3618e-08   5.887e-11     1123  105 1123     2     2      0  1829  4.2e-11        -
 478  2.3794e-08   5.887e-11     1135  105 1135     2     2      0  1853    4e-11        -
 480  2.3912e-08   5.887e-11     1143  105 1143     2     2      0  1869  3.8e-11        -
 482     2.4e-08  4.3953e-11 out 1151  107 1151     2     2      0  1883    1e-08        -
 486  2.4176e-08  4.3953e-11     1159  107 1159     2     2      0  1895  1.7e-07        -
 491  2.4396e-08  4.3953e-11     1169  107 1169     2     2      0  1910  3.7e-07        -
 493   2.447e-08  3.0233e-11     1177  108 1177     2     2      0  1924  1.5e-09        -
 496  2.4621e-08  6.0465e-11     1183  110 1183     2     2      0  1933  2.3e-07        -
-          当前进度:  11 % - 
 501  2.4923e-08  6.0465e-11     1193  110 1193     2     2      0  1949  1.4e-11        -
 504  2.5038e-08  3.8372e-11     1199  111 1199     2     2      0  1958  3.2e-08        -
 509   2.523e-08  3.8372e-11     1209  111 1209     2     2      0  1973  9.9e-08        -
 514  2.5422e-08  3.8372e-11     1219  111 1219     2     2      0  1988  1.6e-07        -
 517    2.55e-08   1.977e-11 out 1225  112 1225     2     2      0  1997  5.3e-10        -
 519  2.5579e-08   3.954e-11     1229  113 1229     2     2      0  2003  1.7e-08        -
 523  2.5737e-08   3.954e-11     1237  113 1237     2     2      0  2015  6.9e-08        -
 527  2.5895e-08   3.954e-11     1245  113 1245     2     2      0  2027  1.2e-07        -
 529  2.5967e-08  3.2528e-11     1253  114 1253     2     2      0  2041  1.3e-09        -
 531  2.6065e-08  6.5056e-11     1257  116 1257     2     2      0  2047  4.1e-08        -
 535  2.6325e-08  6.5056e-11     1265  116 1265     2     2      0  2059    7e-07        -
 537  2.6445e-08  5.4831e-11     1273  117 1273     2     2      0  2073  1.8e-08        -
 540   2.661e-08  5.4831e-11     1279  118 1279     2     2      0  2082  1.6e-07        -
 545  2.6884e-08  5.4831e-11     1289  118 1289     2     2      0  2097  5.3e-07        -
 548     2.7e-08  3.0676e-11 out 1295  119 1295     2     2      0  2106  4.6e-09        -
 551  2.7184e-08  6.1351e-11     1301  120 1301     2     2      0  2115  2.6e-07        -
 555  2.7429e-08  6.1351e-11     1309  120 1309     2     2      0  2127  7.2e-07        -
 558  2.7571e-08  7.0542e-11     1315  122 1315     2     2      0  2136  5.4e-08        -
 562  2.7853e-08  7.0542e-11     1323  122 1323     2     2      0  2148    9e-07        -
 566  2.8038e-08  3.8375e-11     1331  123 1331     2     2      0  2161  2.3e-08        -
 571   2.823e-08  3.8375e-11     1341  123 1341     2     2      0  2176  7.4e-08        -
 575  2.8384e-08  3.8375e-11     1349  123 1349     2     2      0  2188  1.2e-07        -
 578   2.848e-08  1.9748e-11     1355  124 1355     2     2      0  2197  1.1e-10        -
 581  2.8579e-08  3.9496e-11     1361  125 1361     2     2      0  2206  1.8e-08        -
 586  2.8776e-08  3.9496e-11     1371  125 1371     2     2      0  2221  9.4e-08        -
 589  2.8895e-08  3.9496e-11     1377  125 1377     2     2      0  2230  1.4e-07        -
 591  2.8967e-08  3.2774e-11     1385  126 1385     2     2      0  2244    2e-09        -
 594  2.9131e-08  6.5549e-11     1391  128 1391     2     2      0  2253  3.5e-07        -
 597  2.9328e-08  6.5549e-11     1397  128 1397     2     2      0  2263  1.9e-11        -
 599  2.9447e-08  5.3354e-11     1405  129 1405     2     2      0  2278  3.6e-08        -
 602  2.9607e-08  5.3354e-11     1411  130 1411     2     2      0  2287  3.4e-07        -
 607  2.9873e-08  5.3354e-11     1421  130 1421     2     2      0  2303  8.4e-12        -
 609  2.9963e-08  3.6586e-11     1429  131 1429     2     2      0  2318  5.3e-09        -
 612  3.0073e-08  3.6586e-11     1435  132 1435     2     2      0  2327  4.6e-08        -
 617  3.0256e-08  3.6586e-11     1445  132 1445     2     2      0  2342  1.4e-07        -
 621  3.0402e-08  3.6586e-11     1453  132 1453     2     2      0  2354  2.1e-07        -
 623   3.047e-08  3.0485e-11     1461  133 1461     2     2      0  2368  1.7e-09        -
 625  3.0561e-08   6.097e-11     1465  135 1465     2     2      0  2374  5.5e-08        -
 630  3.0866e-08   6.097e-11     1475  135 1475     2     2      0  2390  1.4e-11        -
 634  3.1037e-08  3.6603e-11     1483  136 1483     2     2      0  2403  3.7e-08        -
 639   3.122e-08  3.6603e-11     1493  136 1493     2     2      0  2418  1.2e-07        -
 644  3.1433e-08  6.6983e-11     1503  137 1503     2     2      0  2433  8.8e-08        -
 649  3.1768e-08  6.6983e-11     1513  137 1513     2     2      0  2451  2.8e-11        -
 652  3.1951e-08   4.905e-11     1523  138 1523     2     2      0  2470  1.7e-08        -
 655  3.2098e-08   4.905e-11     1529  139 1529     2     2      0  2479  1.4e-07        -
 658  3.2245e-08   4.905e-11     1535  139 1535     2     2      0  2488  3.2e-07        -
-          当前进度:  13 % - 求解线性方程组
 663  3.2471e-08  2.9273e-11     1545  140 1545     2     2      0  2503  9.4e-10        -
 666  3.2617e-08  5.8547e-11     1551  141 1551     2     2      0  2512  1.4e-07        -
 670  3.2851e-08  5.8547e-11     1559  141 1559     2     2      0  2524  5.7e-07        -
 672  3.2955e-08  4.5086e-11     1567  142 1567     2     2      0  2538  6.9e-09        -
 674  3.3045e-08  4.5086e-11     1571  143 1571     2     2      0  2544  3.4e-08        -
 677   3.318e-08  4.5086e-11     1577  143 1577     2     2      0  2553  1.1e-07        -
 680  3.3316e-08  4.5086e-11     1583  143 1583     2     2      0  2562  1.9e-07        -
 683  3.3451e-08  4.5086e-11     1589  143 1589     2     2      0  2571  2.7e-07        -
 685    3.35e-08   2.457e-11 out 1593  144 1593     2     2      0  2577  1.6e-09        -
 687  3.3598e-08  4.9141e-11     1597  145 1597     2     2      0  2583  5.2e-08        -
 690  3.3746e-08  4.9141e-11     1603  145 1603     2     2      0  2592  1.8e-07        -
 693  3.3893e-08  4.9141e-11     1609  145 1609     2     2      0  2601    3e-07        -
 695  3.3971e-08  2.8867e-11     1613  146 1613     2     2      0  2607  7.4e-10        -
 697  3.4058e-08  5.7734e-11     1617  147 1617     2     2      0  2613  2.4e-08        -
 700  3.4231e-08  5.7734e-11     1623  147 1623     2     2      0  2622  3.1e-07        -
 703  3.4404e-08  5.7734e-11     1629  147 1629     2     2      0  2631  5.9e-07        -
 704  3.4452e-08  4.7932e-11     1635  148 1635     2     2      0  2642  8.2e-09        -
 705    3.45e-08  4.7932e-11 out 1637  149 1637     2     2      0  2645  8.1e-09        -
 709  3.4692e-08  4.7932e-11     1645  149 1645     2     2      0  2657  1.4e-07        -
 711  3.4788e-08  4.7932e-11     1649  149 1649     2     2      0  2663    2e-07        -
 713  3.4883e-08  4.7932e-11     1653  149 1653     2     2      0  2669  2.6e-07        -
 715  3.4966e-08  3.4305e-11     1661  150 1661     2     2      0  2683  1.4e-09        -
 717  3.5069e-08   6.861e-11     1665  152 1665     2     2      0  2689  4.4e-08        -
 720  3.5274e-08   6.861e-11     1671  152 1671     2     2      0  2698  5.7e-07        -
 723  3.5456e-08  4.4171e-11     1677  153 1677     2     2      0  2707    5e-09        -
 726  3.5588e-08  4.4171e-11     1683  153 1683     2     2      0  2716  6.6e-08        -
 729  3.5721e-08  4.4171e-11     1689  153 1689     2     2      0  2725  1.3e-07        -
 733  3.5898e-08  4.4171e-11     1697  153 1697     2     2      0  2737  2.1e-07        -
 735  3.5971e-08  2.9146e-11     1701  154 1701     2     2      0  2743  7.9e-10        -
 737  3.6058e-08  5.8291e-11     1705  155 1705     2     2      0  2749  2.6e-08        -
 740  3.6233e-08  5.8291e-11     1711  155 1711     2     2      0  2758  3.5e-07        -
 743  3.6408e-08  5.8291e-11     1717  155 1717     2     2      0  2767  6.9e-07        -
 744  3.6454e-08   4.598e-11     1723  156 1723     2     2      0  2778  1.1e-08        -
 746  3.6546e-08   4.598e-11     1727  157 1727     2     2      0  2784    6e-08        -
 750   3.673e-08   4.598e-11     1735  157 1735     2     2      0  2796  2.6e-07        -
 753  3.6868e-08   4.598e-11     1741  157 1741     2     2      0  2805  4.2e-07        -
 755  3.6957e-08   4.309e-11     1747  157 1747     2     2      0  2816  3.9e-12        -
 757  3.7043e-08   4.309e-11     1755  157 1755     2     2      0  2832  4.1e-12        -
 759  3.7129e-08   4.309e-11     1763  157 1763     2     2      0  2848  4.3e-12        -
 761  3.7215e-08   4.309e-11     1771  157 1771     2     2      0  2864  4.6e-12        -
 763  3.7302e-08   4.309e-11     1779  157 1779     2     2      0  2880  4.7e-12        -
-          当前进度:  14 % - 求解线性方程组
Memory: 1043/1079 1052/1092
 765  3.7388e-08   4.309e-11     1785  157 1785     2     2      0  2892  3.7e-11        -
 767  3.7465e-08  3.4548e-11     1794  158 1794     2     2      0  2909  3.5e-09        -
 769  3.7569e-08  6.9096e-11     1798  160 1798     2     2      0  2915  1.1e-07        -
 770  3.7631e-08  6.2186e-11     1804  161 1804     2     2      0  2926  6.2e-08        -
 772  3.7756e-08  6.2186e-11     1808  162 1808     2     2      0  2932    3e-07        -
 775   3.794e-08  5.9986e-11     1815  162 1815     2     2      0  2944  3.7e-11        -
 778   3.812e-08  5.9986e-11     1824  162 1824     2     2      0  2962  3.6e-11        -
 780   3.824e-08  5.9986e-11     1830  162 1830     2     2      0  2974  3.3e-11        -
 783   3.842e-08  5.9986e-11     1839  162 1839     2     2      0  2992  3.1e-11        -
 785    3.85e-08  4.0048e-11 out 1843  163 1843     2     2      0  2998  2.9e-08        -
 787   3.858e-08  4.0048e-11     1847  163 1847     2     2      0  3004  7.7e-08        -
 790    3.87e-08  4.0048e-11     1853  163 1853     2     2      0  3013  1.5e-07        -
 793   3.886e-08  8.0097e-11     1859  164 1859     2     2      0  3022    2e-07        -
 794   3.893e-08  6.9783e-11     1865  165 1865     2     2      0  3033    1e-07        -
 796   3.907e-08  6.9783e-11     1869  166 1869     2     2      0  3039    5e-07        -
 799  3.9279e-08  6.9783e-11     1875  166 1875     2     2      0  3050  3.5e-11        -
 802  3.9459e-08  4.0651e-11     1881  167 1881     2     2      0  3061  5.8e-09        -
 805  3.9622e-08  8.1303e-11     1887  168 1887     2     2      0  3070  1.7e-07        -
 806  3.9695e-08  7.3173e-11     1893  169 1893     2     2      0  3081  9.9e-08        -
 809  3.9915e-08  7.3173e-11     1899  170 1899     2     2      0  3090  8.2e-07        -
 811       4e-08  4.2678e-11 out 1903  171 1903     2     2      0  3096  2.8e-08        -
 815  4.0171e-08  4.2678e-11     1911  171 1911     2     2      0  3108  1.1e-07        -
 818  4.0299e-08  4.2678e-11     1917  171 1917     2     2      0  3117  1.7e-07        -
 822  4.0463e-08  3.6612e-11     1929  172 1929     2     2      0  3137  2.3e-09        -
 823    4.05e-08  3.6612e-11 out 1931  173 1931     2     2      0  3140  2.3e-09        -
 825  4.0646e-08  7.3223e-11     1935  174 1935     2     2      0  3146  3.7e-07        -
 828  4.0866e-08  7.3223e-11     1941  174 1941     2     2      0  3156  4.7e-11        -
 829  4.0933e-08  6.6942e-11     1945  174 1945     2     2      0  3164  1.9e-12        -
 831  4.1067e-08  6.6942e-11     1953  174 1953     2     2      0  3180  5.2e-12        -
 833  4.1201e-08  6.6942e-11     1961  174 1961     2     2      0  3196  7.9e-12        -
 835  4.1335e-08  6.6942e-11     1969  174 1969     2     2      0  3212  9.4e-12        -
 837  4.1451e-08  4.9174e-11     1979  175 1979     2     2      0  3231    1e-08        -
 838    4.15e-08  4.9174e-11 out 1981  176 1981     2     2      0  3234    1e-08        -
 842  4.1697e-08  4.9174e-11     1989  176 1989     2     2      0  3246  1.7e-07        -
 846  4.1893e-08  4.9174e-11     1997  176 1997     2     2      0  3258  3.3e-07        -
 849     4.2e-08  2.8719e-11 out 2003  177 2003     2     2      0  3267  3.1e-09        -
 852  4.2172e-08  5.7438e-11     2009  178 2009     2     2      0  3276  1.8e-07        -
 855  4.2345e-08  5.7438e-11     2015  178 2015     2     2      0  3285  4.1e-07        -
 857  4.2451e-08  4.8967e-11     2023  179 2023     2     2      0  3299  8.7e-09        -
-          当前进度:  15 % - 正在组装残差
 859  4.2549e-08  4.8967e-11     2027  180 2027     2     2      0  3305  4.3e-08        -
 862  4.2696e-08  4.8967e-11     2033  180 2033     2     2      0  3314  1.5e-07        -
 866  4.2892e-08  4.8967e-11     2041  180 2041     2     2      0  3326  2.8e-07        -
 869     4.3e-08  2.9646e-11 out 2047  181 2047     2     2      0  3335  3.8e-09        -
 872  4.3178e-08  5.9293e-11     2053  182 2053     2     2      0  3344  2.2e-07        -
 876  4.3415e-08  5.9293e-11     2061  182 2061     2     2      0  3356  6.3e-07        -
 877  4.3458e-08  4.2475e-11     2067  183 2067     2     2      0  3367  5.7e-09        -
 879  4.3542e-08  4.2475e-11     2071  184 2071     2     2      0  3373    3e-08        -
 882   4.367e-08  4.2475e-11     2077  184 2077     2     2      0  3382    1e-07        -
 885  4.3797e-08  4.2475e-11     2083  184 2083     2     2      0  3391  1.8e-07        -
 887  4.3941e-08  5.8862e-11     2091  186 2091     2     2      0  3405  4.4e-08        -
 889  4.4059e-08  5.8862e-11     2095  187 2095     2     2      0  3411  2.4e-07        -
 893  4.4294e-08  5.8862e-11     2103  187 2103     2     2      0  3424  1.6e-11        -
 896  4.4456e-08  4.3982e-11     2113  188 2113     2     2      0  3443  1.4e-08        -
 899  4.4588e-08  4.3982e-11     2119  189 2119     2     2      0  3452  1.2e-07        -
 903  4.4764e-08  4.3982e-11     2127  189 2127     2     2      0  3464  3.3e-07        -
 906  4.4896e-08  4.3982e-11     2133  189 2133     2     2      0  3473  4.8e-07        -
 908   4.497e-08   3.009e-11     2141  190 2141     2     2      0  3487  1.7e-09        -
 910   4.506e-08   6.018e-11     2145  192 2145     2     2      0  3493  5.3e-08        -
 914  4.5301e-08   6.018e-11     2153  192 2153     2     2      0  3505  8.7e-07        -
 917  4.5461e-08   3.937e-11     2159  193 2159     2     2      0  3516  5.6e-09        -
 920  4.5579e-08   3.937e-11     2165  193 2165     2     2      0  3525  7.3e-08        -
 924  4.5736e-08   3.937e-11     2173  193 2173     2     2      0  3537  1.6e-07        -
 928  4.5894e-08   3.937e-11     2181  193 2181     2     2      0  3549  2.4e-07        -
 930  4.5967e-08  3.3467e-11     2189  194 2189     2     2      0  3563  2.5e-09        -
 932  4.6067e-08  6.6935e-11     2193  196 2193     2     2      0  3569  8.1e-08        -
 936  4.6335e-08  6.6935e-11     2201  196 2201     2     2      0  3583    3e-11        -
 938  4.6451e-08  4.9195e-11     2209  197 2209     2     2      0  3598  1.8e-08        -
 940  4.6549e-08  4.9195e-11     2213  198 2213     2     2      0  3604  8.8e-08        -
 944  4.6746e-08  4.9195e-11     2221  198 2221     2     2      0  3616  3.6e-07        -
 947  4.6894e-08  4.9195e-11     2227  198 2227     2     2      0  3625  5.4e-07        -
 950     4.7e-08  2.8622e-11 out 2233  199 2233     2     2      0  3634  4.8e-09        -
 952  4.7114e-08  5.7244e-11     2237  200 2237     2     2      0  3640  1.5e-07        -
 955  4.7286e-08  5.7244e-11     2243  200 2243     2     2      0  3649  4.8e-07        -
 957  4.7401e-08  5.7244e-11     2247  200 2247     2     2      0  3655  6.9e-07        -
 958   4.745e-08  4.9647e-11     2253  201 2253     2     2      0  3666  1.2e-08        -
 960   4.755e-08  4.9647e-11     2257  202 2257     2     2      0  3672    6e-08        -
 964  4.7748e-08  4.9647e-11     2265  202 2265     2     2      0  3684  2.5e-07        -
 967  4.7897e-08  4.9647e-11     2271  202 2271     2     2      0  3693  3.8e-07        -
 969  4.7973e-08  2.6587e-11     2275  203 2275     2     2      0  3699  4.9e-10        -
 972  4.8106e-08  5.3173e-11     2281  204 2281     2     2      0  3708  7.9e-08        -
-          当前进度:  16 % - 
 976  4.8319e-08  5.3173e-11     2289  204 2289     2     2      0  3720  3.3e-07        -
 979  4.8463e-08  3.7307e-11     2299  205 2299     2     2      0  3737  2.7e-09        -
 981  4.8575e-08  7.4613e-11     2303  207 2303     2     2      0  3743  8.7e-08        -
 984  4.8798e-08  7.4613e-11     2309  207 2309     2     2      0  3753  4.9e-11        -
 986  4.8937e-08  6.3467e-11     2317  208 2317     2     2      0  3768  3.9e-08        -
 988  4.9063e-08  6.3467e-11     2321  209 2321     2     2      0  3774  1.9e-07        -
 991  4.9254e-08  6.3467e-11     2327  209 2327     2     2      0  3783  6.5e-07        -
 994   4.944e-08  5.9599e-11     2334  209 2334     2     2      0  3795  3.3e-11        -
 996   4.956e-08  5.9599e-11     2340  209 2340     2     2      0  3807  3.1e-11        -
 999  4.9738e-08  5.9599e-11     2349  209 2349     2     2      0  3825  2.7e-11        -
1001  4.9858e-08  5.9599e-11     2355  209 2355     2     2      0  3837  2.2e-11        -
1003  4.9959e-08  4.1405e-11     2360  210 2360     2     2      0  3846  3.9e-09        -
1006  5.0083e-08  4.1405e-11     2366  210 2366     2     2      0  3855  5.1e-08        -
1009  5.0207e-08  4.1405e-11     2372  210 2372     2     2      0  3864  9.8e-08        -
1012  5.0331e-08  4.1405e-11     2378  210 2378     2     2      0  3873  1.4e-07        -
1015  5.0455e-08  4.1405e-11     2384  210 2384     2     2      0  3882  1.9e-07        -
1017    5.05e-08  2.2274e-11 out 2388  211 2388     2     2      0  3888  9.9e-10        -
1019  5.0589e-08  4.4548e-11     2392  212 2392     2     2      0  3894  3.2e-08        -
1022  5.0723e-08  4.4548e-11     2398  212 2398     2     2      0  3903  1.1e-07        -
1026  5.0901e-08  4.4548e-11     2406  212 2406     2     2      0  3915  2.2e-07        -
1028  5.0973e-08  2.7261e-11     2410  213 2410     2     2      0  3921  7.3e-10        -
1030  5.1055e-08  5.4523e-11     2414  214 2414     2     2      0  3927  2.4e-08        -
1033  5.1218e-08  5.4523e-11     2420  214 2420     2     2      0  3936  3.2e-07        -
1036  5.1382e-08  5.4523e-11     2426  214 2426     2     2      0  3945  6.4e-07        -
1038  5.1468e-08   3.191e-11     2430  215 2430     2     2      0  3951  2.4e-09        -
1040  5.1564e-08  6.3819e-11     2434  216 2434     2     2      0  3957  8.1e-08        -
1043  5.1755e-08  6.3819e-11     2440  216 2440     2     2      0  3967    2e-11        -
1046  5.1941e-08  5.8542e-11     2448  216 2448     2     2      0  3983  2.5e-11        -
1048  5.2059e-08  5.8542e-11     2456  216 2456     2     2      0  3999  2.7e-11        -
1050  5.2176e-08  5.8542e-11     2464  216 2464     2     2      0  4015  2.8e-11        -
1052  5.2293e-08  5.8542e-11     2472  216 2472     2     2      0  4031    3e-11        -
1054   5.241e-08  5.8542e-11     2480  216 2480     2     2      0  4047  3.2e-11        -
1055  5.2455e-08  4.5104e-11     2486  217 2486     2     2      0  4058  1.3e-08        -
1058   5.259e-08  4.5104e-11     2492  218 2492     2     2      0  4067  1.1e-07        -
1061  5.2726e-08  4.5104e-11     2498  218 2498     2     2      0  4076  2.5e-07        -
1065  5.2906e-08  4.5104e-11     2506  218 2506     2     2      0  4088  4.3e-07        -
1067  5.2976e-08  2.4481e-11     2510  219 2510     2     2      0  4094  5.2e-10        -
1069  5.3049e-08  4.8962e-11     2514  220 2514     2     2      0  4100  1.7e-08        -
1072  5.3196e-08  4.8962e-11     2520  220 2520     2     2      0  4109  2.2e-07        -
1076  5.3392e-08  4.8962e-11     2528  220 2528     2     2      0  4121  4.8e-07        -
1079    5.35e-08  2.9672e-11 out 2534  221 2534     2     2      0  4130  6.9e-09        -
1082  5.3678e-08  5.9344e-11     2540  222 2540     2     2      0  4139    4e-07        -
1086  5.3915e-08  5.9344e-11     2548  222 2548     2     2      0  4152  2.5e-11        -
1087  5.3958e-08  4.2295e-11     2554  223 2554     2     2      0  4163  7.9e-09        -
1090  5.4085e-08  4.2295e-11     2560  224 2560     2     2      0  4172  6.9e-08        -
-          当前进度:  17 % - 正在组装残差
1093  5.4211e-08  4.2295e-11     2566  224 2566     2     2      0  4181  1.6e-07        -
1097  5.4381e-08  4.2295e-11     2574  224 2574     2     2      0  4193  2.6e-07        -
1100    5.45e-08  3.8523e-11 out 2584  224 2584     2     2      0  4212    3e-12        -
1102  5.4616e-08  7.7046e-11     2590  225 2590     2     2      0  4223  1.2e-07        -
1106  5.4923e-08  7.6646e-11     2598  225 2598     2     2      0  4238  7.2e-11        -
1110   5.523e-08  7.6646e-11     2606  225 2606     2     2      0  4254  1.5e-10        -
1113  5.5442e-08  5.8384e-11     2616  226 2616     2     2      0  4273  2.5e-08        -
1116  5.5617e-08  5.8384e-11     2622  227 2622     2     2      0  4282  2.2e-07        -
1120   5.585e-08  5.8384e-11     2630  227 2630     2     2      0  4294  6.2e-07        -
1122  5.5954e-08  4.5655e-11     2638  228 2638     2     2      0  4308  7.5e-09        -
1125  5.6091e-08  4.5655e-11     2644  229 2644     2     2      0  4317  6.7e-08        -
1129  5.6274e-08  4.5655e-11     2652  229 2652     2     2      0  4329  1.9e-07        -
1133  5.6455e-08  4.4552e-11     2660  229 2660     2     2      0  4342  3.5e-11        -
1137  5.6634e-08  4.4552e-11     2668  229 2668     2     2      0  4358  3.4e-11        -
1141  5.6812e-08  4.4552e-11     2676  229 2676     2     2      0  4374  3.1e-11        -
1145  5.6973e-08  2.7238e-11     2684  230 2684     2     2      0  4389    5e-10        -
1148  5.7109e-08  5.4476e-11     2690  231 2690     2     2      0  4398  7.9e-08        -
1152  5.7327e-08  5.4476e-11     2698  231 2698     2     2      0  4410  3.3e-07        -
1155  5.7468e-08  3.2098e-11     2704  232 2704     2     2      0  4419  1.1e-09        -
1158  5.7628e-08  6.4196e-11     2710  233 2710     2     2      0  4428  1.8e-07        -
1162  5.7885e-08  6.4196e-11     2718  233 2718     2     2      0  4440  7.6e-07        -
1163  5.7943e-08  5.7412e-11     2724  234 2724     2     2      0  4451  2.3e-08        -
1166  5.8115e-08  5.7412e-11     2730  235 2730     2     2      0  4460  2.1e-07        -
1170  5.8344e-08  5.7412e-11     2738  235 2738     2     2      0  4472  6.1e-07        -
1172  5.8451e-08  4.9057e-11     2746  236 2746     2     2      0  4486  1.4e-08        -
1175  5.8598e-08  4.9057e-11     2752  237 2752     2     2      0  4495  1.4e-07        -
1179  5.8794e-08  4.9057e-11     2760  237 2760     2     2      0  4507  3.9e-07        -
1183  5.8971e-08  2.9241e-11     2768  238 2768     2     2      0  4519  1.7e-09        -
1186  5.9117e-08  5.8483e-11     2774  239 2774     2     2      0  4528  2.7e-07        -
1191  5.9409e-08  5.8483e-11     2784  239 2784     2     2      0  4545  2.5e-11        -
1193    5.95e-08  4.5311e-11 out 2792  241 2792     2     2      0  4559  1.5e-08        -
1197  5.9681e-08  4.5311e-11     2800  241 2800     2     2      0  4571  2.4e-07        -
1202  5.9908e-08  4.5311e-11     2810  241 2810     2     2      0  4586    5e-07        -
1205       6e-08  2.3444e-11 out 2816  242 2816     2     2      0  4595  2.1e-09        -
1208  6.0141e-08  4.6888e-11     2822  243 2822     2     2      0  4604  1.2e-07        -
1213  6.0375e-08  4.6888e-11     2832  243 2832     2     2      0  4619  3.8e-07        -
1215  6.0461e-08  3.9004e-11     2840  244 2840     2     2      0  4633  5.1e-09        -
1218  6.0578e-08  3.9004e-11     2846  245 2846     2     2      0  4642  4.6e-08        -
1223  6.0773e-08  3.9004e-11     2856  245 2856     2     2      0  4657  1.5e-07        -
1225  6.0921e-08  7.0208e-11     2864  247 2864     2     2      0  4671  9.8e-08        -
1228  6.1079e-08  7.8751e-11     2870  249 2870     2     2      0  4680  1.7e-07        -
1230  6.1221e-08  7.0876e-11     2878  251 2878     2     2      0  4694    1e-07        -
1234    6.15e-08  6.8872e-11 out 2888  251 2888     2     2      0  4712  5.5e-12        -
1237  6.1707e-08  6.8872e-11     2897  251 2897     2     2      0  4730  3.1e-13        -
1240  6.1913e-08  6.8872e-11     2906  251 2906     2     2      0  4748  5.2e-12        -
1243  6.2043e-08  4.3385e-11     2912  252 2912     2     2      0  4757    6e-08        -
-          当前进度:  18 % - 
1246  6.2174e-08  4.3385e-11     2918  252 2918     2     2      0  4766  1.4e-07        -
1251   6.239e-08  4.3385e-11     2928  252 2928     2     2      0  4781  2.5e-07        -
1253  6.2467e-08  3.3076e-11     2936  253 2936     2     2      0  4795  1.5e-09        -
1256  6.2632e-08  6.6152e-11     2942  255 2942     2     2      0  4804  2.3e-07        -
1261  6.2948e-08  5.1544e-11     2956  256 2956     2     2      0  4827  1.3e-08        -
1265  6.3155e-08  5.1544e-11     2964  257 2964     2     2      0  4839  1.7e-07        -
1269  6.3361e-08  5.1544e-11     2972  257 2972     2     2      0  4851  3.9e-07        -
1271  6.3456e-08  4.3824e-11     2980  258 2980     2     2      0  4865  6.2e-09        -
1275  6.3675e-08  8.7649e-11     2988  260 2988     2     2      0  4877    2e-07        -
1276  6.3754e-08  7.8884e-11     2994  261 2994     2     2      0  4888  1.1e-07        -
1279  6.3956e-08  4.4025e-11     3000  263 3000     2     2      0  4897  5.9e-09        -
1283  6.4132e-08  4.4025e-11     3008  263 3008     2     2      0  4909    1e-07        -
1287  6.4308e-08  4.4025e-11     3016  263 3016     2     2      0  4921  1.9e-07        -
1291   6.447e-08  2.9873e-11     3028  264 3028     2     2      0  4941  7.7e-10        -
1293   6.456e-08  5.9746e-11     3032  266 3032     2     2      0  4947  2.5e-08        -
1298  6.4858e-08  5.9746e-11     3042  266 3042     2     2      0  4962  5.1e-07        -
1300  6.4959e-08  4.0888e-11     3050  267 3050     2     2      0  4976  3.7e-09        -
1303  6.5082e-08  4.0888e-11     3056  268 3056     2     2      0  4985  3.4e-08        -
1308  6.5286e-08  4.0888e-11     3066  268 3066     2     2      0  5000  1.1e-07        -
1311  6.5409e-08  4.0888e-11     3072  268 3072     2     2      0  5009  1.6e-07        -
1313  6.5475e-08  2.5115e-11     3076  269 3076     2     2      0  5015  3.9e-10        -
1317  6.5651e-08   5.023e-11     3084  270 3084     2     2      0  5027  1.2e-07        -
1322  6.5902e-08   5.023e-11     3094  270 3094     2     2      0  5042  3.9e-07        -
1327  6.6147e-08  4.9079e-11     3104  270 3104     2     2      0  5062  4.6e-12        -
1332  6.6393e-08  4.9079e-11     3114  270 3114     2     2      0  5082  2.1e-11        -
1336  6.6558e-08  5.8292e-11     3122  272 3122     2     2      0  5095  5.1e-08        -
1341   6.685e-08  5.8292e-11     3132  272 3132     2     2      0  5111  2.3e-11        -
1343  6.6954e-08  4.5978e-11     3140  273 3140     2     2      0  5126  1.4e-08        -
1346  6.7092e-08  4.5978e-11     3146  274 3146     2     2      0  5135  1.2e-07        -
1350  6.7276e-08  4.5978e-11     3154  274 3154     2     2      0  5147  3.4e-07        -
1354  6.7457e-08  4.3099e-11     3163  274 3163     2     2      0  5162  1.5e-11        -
1357  6.7586e-08  4.3099e-11     3172  274 3172     2     2      0  5180  1.5e-11        -
1360  6.7715e-08  4.3099e-11     3181  274 3181     2     2      0  5198  1.6e-11        -
1363  6.7845e-08  4.3099e-11     3190  274 3190     2     2      0  5216  1.7e-11        -
1366  6.7965e-08  3.4503e-11     3202  275 3202     2     2      0  5239  2.7e-09        -
1369  6.8138e-08  6.9005e-11     3208  277 3208     2     2      0  5248  4.3e-07        -
1374  6.8457e-08  4.2984e-11     3218  278 3218     2     2      0  5266  8.2e-09        -
1379  6.8672e-08  4.2984e-11     3228  278 3228     2     2      0  5281  1.7e-07        -
1383  6.8844e-08  4.2984e-11     3236  278 3236     2     2      0  5293  2.9e-07        -
1386  6.8965e-08   3.508e-11     3246  279 3246     2     2      0  5310  2.6e-09        -
1389   6.914e-08  7.0159e-11     3252  281 3252     2     2      0  5319    4e-07        -
1394   6.946e-08  3.9522e-11     3262  282 3262     2     2      0  5337  3.9e-09        -
1396  6.9579e-08  7.9043e-11     3266  283 3266     2     2      0  5343  1.2e-07        -
1400  6.9895e-08  7.9043e-11     3274  283 3274     2     2      0  5358  1.2e-10        -
1403  7.0052e-08  5.2392e-11     3280  284 3280     2     2      0  5367  1.3e-07        -
--         当前进度:  20 % - 
1406   7.021e-08  5.2392e-11     3286  284 3286     2     2      0  5376    3e-07        -
1411   7.046e-08  4.0433e-11     3300  285 3300     2     2      0  5399  3.9e-09        -
1413  7.0581e-08  8.0865e-11     3304  287 3304     2     2      0  5405  1.2e-07        -
1418  7.0952e-08  4.7837e-11     3314  288 3314     2     2      0  5423  9.1e-09        -
1421  7.1181e-08  8.5191e-11     3324  290 3324     2     2      0  5440  1.6e-07        -
1423  7.1343e-08  7.6671e-11     3332  292 3332     2     2      0  5454  9.2e-08        -
1425   7.146e-08  4.0301e-11     3336  294 3336     2     2      0  5460  3.8e-09        -
1428  7.1621e-08  8.0602e-11     3342  295 3342     2     2      0  5469  1.2e-07        -
1431  7.1855e-08  7.2541e-11     3352  296 3352     2     2      0  5487  6.7e-08        -
1434     7.2e-08  3.6406e-11 out 3358  298 3358     2     2      0  5496    1e-08        -
1437  7.2218e-08  7.2812e-11     3364  299 3364     2     2      0  5505    6e-07        -
1440  7.2432e-08  6.7971e-11     3372  299 3372     2     2      0  5520  2.4e-11        -
1442  7.2568e-08  6.7971e-11     3380  299 3380     2     2      0  5536  2.3e-11        -
1444  7.2704e-08  6.7971e-11     3388  299 3388     2     2      0  5552  2.1e-11        -
1446   7.284e-08  6.7971e-11     3396  299 3396     2     2      0  5568  1.9e-11        -
1448  7.2954e-08  4.6087e-11     3402  300 3402     2     2      0  5579  8.5e-09        -
1452  7.3138e-08  4.6087e-11     3410  300 3410     2     2      0  5591  1.5e-07        -
1456  7.3323e-08  4.6087e-11     3418  300 3418     2     2      0  5603    3e-07        -
1460    7.35e-08  4.2609e-11 out 3430  300 3430     2     2      0  5625  1.3e-12        -
1463  7.3628e-08  4.2609e-11     3442  300 3442     2     2      0  5649  7.1e-13        -
1466  7.3756e-08  4.2609e-11     3454  300 3454     2     2      0  5673    1e-13        -
1468  7.3918e-08  7.6697e-11     3462  302 3462     2     2      0  5687    2e-07        -
1471  7.4082e-08  8.2427e-11     3468  304 3468     2     2      0  5696  2.9e-07        -
1473  7.4231e-08  7.4185e-11     3476  306 3476     2     2      0  5710  1.6e-07        -
1476   7.444e-08  6.0417e-11     3486  307 3486     2     2      0  5728  5.3e-08        -
1479  7.4621e-08  6.0417e-11     3492  308 3492     2     2      0  5737  4.5e-07        -
1484  7.4923e-08  6.0417e-11     3502  308 3502     2     2      0  5755  4.3e-11        -
1487  7.5077e-08   7.708e-11     3508  310 3508     2     2      0  5764  1.5e-07        -
1489  7.5216e-08  6.9372e-11     3516  312 3516     2     2      0  5778  8.6e-08        -
1493  7.5462e-08  3.8031e-11     3524  313 3524     2     2      0  5791  4.3e-09        -
1496  7.5652e-08  7.6063e-11     3530  314 3530     2     2      0  5800  6.8e-07        -
1500   7.594e-08  5.9843e-11     3542  315 3542     2     2      0  5823  4.1e-08        -
1504   7.618e-08  5.9843e-11     3550  316 3550     2     2      0  5835  5.3e-07        -
1509  7.6459e-08  4.0548e-11     3564  317 3564     2     2      0  5859  5.3e-09        -
1512  7.6662e-08  8.1096e-11     3570  319 3570     2     2      0  5868  8.2e-07        -
1516  7.6953e-08   4.726e-11     3578  320 3578     2     2      0  5883  9.3e-09        -
1521  7.7189e-08   4.726e-11     3588  320 3588     2     2      0  5898  1.9e-07        -
1525  7.7378e-08   4.726e-11     3596  320 3596     2     2      0  5910  3.2e-07        -
1527  7.7463e-08  3.7328e-11     3604  321 3604     2     2      0  5924  2.6e-09        -
1529  7.7575e-08  7.4656e-11     3608  323 3608     2     2      0  5930  8.3e-08        -
1533  7.7873e-08  7.4656e-11     3616  323 3616     2     2      0  5944  9.1e-11        -
--         当前进度:  21 % - 正在组装残差
1534  7.7937e-08   6.336e-11     3622  324 3622     2     2      0  5955  3.7e-08        -
1537  7.8127e-08   6.336e-11     3628  325 3628     2     2      0  5964  3.3e-07        -
1542   7.844e-08  5.9919e-11     3639  325 3639     2     2      0  5982  7.4e-11        -
1545   7.862e-08  5.9919e-11     3648  325 3648     2     2      0  6000  7.5e-11        -
1548    7.88e-08  5.9919e-11     3657  325 3657     2     2      0  6018  7.3e-11        -
1551   7.896e-08  4.0283e-11     3665  326 3665     2     2      0  6033  3.4e-09        -
1554  7.9161e-08  8.0565e-11     3671  327 3671     2     2      0  6042  5.4e-07        -
1558  7.9451e-08  4.8587e-11     3679  328 3679     2     2      0  6056  8.5e-09        -
1561  7.9597e-08  4.8587e-11     3685  328 3685     2     2      0  6065  1.1e-07        -
1566   7.984e-08  4.8587e-11     3695  328 3695     2     2      0  6080  2.8e-07        -
1569  7.9969e-08  3.1356e-11     3701  329 3701     2     2      0  6089    1e-09        -
1572  8.0125e-08  6.2713e-11     3707  330 3707     2     2      0  6098  1.7e-07        -
1576  8.0376e-08  6.2713e-11     3715  330 3715     2     2      0  6110  7.1e-07        -
1580  8.0624e-08  6.1861e-11     3723  330 3723     2     2      0  6126  1.1e-10        -
1584  8.0871e-08  6.1861e-11     3731  330 3731     2     2      0  6142    1e-10        -
1587     8.1e-08  3.3486e-11 out 3737  331 3737     2     2      0  6152  1.3e-08        -
1590  8.1201e-08  6.6973e-11     3743  332 3743     2     2      0  6161  7.6e-07        -
1594  8.1451e-08  4.9082e-11     3755  333 3755     2     2      0  6184    2e-08        -
1597  8.1647e-08  9.8163e-11     3761  335 3761     2     2      0  6193  6.2e-07        -
1598  8.1727e-08  7.9413e-11     3767  336 3767     2     2      0  6204  2.1e-07        -
1600  8.1878e-08  7.1472e-11     3775  338 3775     2     2      0  6218  1.1e-07        -
1603  8.2061e-08  6.1228e-11     3781  339 3781     2     2      0  6227  4.6e-07        -
1607  8.2306e-08  6.1228e-11     3789  339 3789     2     2      0  6241  4.4e-11        -
1611    8.25e-08  3.5701e-11 out 3797  340 3797     2     2      0  6255  1.5e-08        -
1615   8.275e-08  7.1403e-11     3805  341 3805     2     2      0  6267  8.5e-07        -
1618  8.2946e-08  5.3642e-11     3815  342 3815     2     2      0  6286  2.3e-08        -
1621  8.3107e-08  5.3642e-11     3821  343 3821     2     2      0  6295    2e-07        -
1625  8.3322e-08  5.3642e-11     3829  343 3829     2     2      0  6307  5.6e-07        -
1629    8.35e-08  3.5432e-11 out 3837  344 3837     2     2      0  6319  1.4e-08        -
1633  8.3783e-08  7.0863e-11     3845  345 3845     2     2      0  6332  5.7e-11        -
1637     8.4e-08   3.741e-11 out 3853  346 3853     2     2      0  6346  1.4e-08        -
1639   8.415e-08   7.482e-11     3857  347 3857     2     2      0  6352  4.5e-07        -
1642  8.4374e-08   7.482e-11     3863  347 3863     2     2      0  6363  9.2e-11        -
1644    8.45e-08  6.2951e-11 out 3871  349 3871     2     2      0  6377  3.4e-08        -
1649  8.4815e-08  6.2951e-11     3881  349 3881     2     2      0  6392  6.8e-07        -
1654  8.5122e-08  6.1148e-11     3891  349 3891     2     2      0  6411  2.9e-10        -
1659  8.5428e-08  6.1148e-11     3901  349 3901     2     2      0  6431  2.9e-10        -
1662  8.5572e-08  7.1963e-11     3907  351 3907     2     2      0  6440  6.4e-08        -
1667   8.593e-08  7.0092e-11     3917  351 3917     2     2      0  6457  5.4e-10        -
1672   8.628e-08  7.0092e-11     3927  351 3927     2     2      0  6477  5.5e-10        -
1675   8.646e-08  3.9724e-11     3933  352 3933     2     2      0  6488  2.9e-09        -
1679  8.6738e-08  7.9448e-11     3941  353 3941     2     2      0  6500  8.2e-07        -
1683     8.7e-08   5.138e-11 out 3949  354 3949     2     2      0  6514    5e-08        -
1688  8.7257e-08   5.138e-11     3959  354 3959     2     2      0  6529  2.5e-07        -
1692  8.7456e-08   4.448e-11     3971  355 3971     2     2      0  6549  5.4e-09        -
--         当前进度:  23 % - 组装稀疏模式
1694  8.7544e-08   4.448e-11     3975  356 3975     2     2      0  6555  2.7e-08        -
1696  8.7712e-08  7.8189e-11     3983  358 3983     2     2      0  6569  9.7e-08        -
1698   8.786e-08   7.037e-11     3991  360 3991     2     2      0  6583  6.2e-08        -
1701   8.807e-08  6.9907e-11     3997  361 3997     2     2      0  6592  5.8e-07        -
1705   8.835e-08  6.9907e-11     4005  361 4005     2     2      0  6607  9.5e-11        -
1708    8.85e-08   4.028e-11 out 4011  362 4011     2     2      0  6617    3e-08        -
1711  8.8742e-08   8.056e-11     4017  363 4017     2     2      0  6627  7.9e-11        -
1715     8.9e-08  4.8599e-11 out 4025  364 4025     2     2      0  6641  7.9e-08        -
1720  8.9243e-08  4.8599e-11     4035  364 4035     2     2      0  6656  3.8e-07        -
1724  8.9437e-08  4.8599e-11     4043  364 4043     2     2      0  6668    6e-07        -
1727  8.9563e-08  6.2608e-11     4049  366 4049     2     2      0  6677  4.7e-08        -
1731  8.9813e-08  6.2608e-11     4057  366 4057     2     2      0  6689  7.8e-07        -
1736  9.0124e-08  6.2175e-11     4067  366 4067     2     2      0  6708  7.4e-11        -
1741  9.0435e-08  6.2175e-11     4077  366 4077     2     2      0  6728    1e-10        -
1744  9.0565e-08  6.4773e-11     4083  368 4083     2     2      0  6737  5.1e-08        -
1749  9.0889e-08  6.4773e-11     4093  368 4093     2     2      0  6753  5.4e-11        -
1751     9.1e-08   5.568e-11 out 4101  370 4101     2     2      0  6767  2.3e-08        -
1756  9.1278e-08   5.568e-11     4111  370 4111     2     2      0  6782  4.7e-07        -
1761  9.1555e-08   5.512e-11     4121  370 4121     2     2      0  6800  7.5e-11        -
1766  9.1831e-08   5.512e-11     4131  370 4131     2     2      0  6820    9e-11        -
1769   9.197e-08   2.952e-11     4137  371 4137     2     2      0  6831  7.7e-10        -
1773  9.2177e-08   5.904e-11     4145  372 4145     2     2      0  6843  2.2e-07        -
1777  9.2413e-08   5.904e-11     4153  372 4153     2     2      0  6855  5.9e-07        -
1779    9.25e-08   4.336e-11 out 4161  374 4161     2     2      0  6869  5.8e-09        -
1783  9.2847e-08   8.672e-11     4169  375 4169     2     2      0  6883  1.8e-10        -
1785     9.3e-08  7.6561e-11 out 4177  377 4177     2     2      0  6897  8.3e-08        -
1790  9.3383e-08  7.6561e-11     4187  377 4187     2     2      0  6915  1.4e-10        -
1791  9.3441e-08  5.8598e-11     4193  378 4193     2     2      0  6926  2.1e-08        -
1794  9.3617e-08  5.8598e-11     4199  379 4199     2     2      0  6935  1.8e-07        -
1799   9.391e-08  5.8598e-11     4209  379 4209     2     2      0  6950  5.8e-07        -
1801     9.4e-08  4.4907e-11 out 4217  381 4217     2     2      0  6964  4.9e-09        -
1804  9.4216e-08  8.0832e-11     4227  383 4227     2     2      0  6981  9.2e-08        -
1807  9.4439e-08  6.1391e-11     4237  385 4237     2     2      0  6998  2.3e-08        -
1811  9.4684e-08  6.1391e-11     4245  386 4245     2     2      0  7010    3e-07        -
1815   9.493e-08  6.1391e-11     4253  386 4253     2     2      0  7022  6.8e-07        -
1818   9.507e-08  7.0264e-11     4259  388 4259     2     2      0  7031  5.4e-08        -
1823  9.5422e-08  7.0264e-11     4269  388 4269     2     2      0  7047  8.6e-11        -
1826  9.5539e-08  3.9208e-11     4275  389 4275     2     2      0  7056  3.4e-08        -
1828  9.5696e-08  7.8417e-11     4279  390 4279     2     2      0  7062  6.3e-07        -
1832     9.6e-08  7.3563e-11 out 4291  390 4291     2     2      0  7086  2.4e-11        -
1835  9.6221e-08  7.3563e-11     4303  390 4303     2     2      0  7110  2.4e-11        -
1837  9.6368e-08  7.3563e-11     4311  390 4311     2     2      0  7126  2.3e-11        -
1839    9.65e-08  6.6094e-11 out 4319  392 4319     2     2      0  7140  6.7e-08        -
1843  9.6764e-08  6.6094e-11     4327  392 4327     2     2      0  7153  4.9e-11        -
--         当前进度:  25 % - 求解线性方程组
1846  9.6948e-08  5.1719e-11     4337  393 4337     2     2      0  7172  1.6e-08        -
1850  9.7155e-08  5.1719e-11     4345  394 4345     2     2      0  7184    2e-07        -
1854  9.7362e-08  5.1719e-11     4353  394 4353     2     2      0  7196  4.4e-07        -
1856  9.7457e-08  4.3124e-11     4361  395 4361     2     2      0  7210  5.9e-09        -
1860  9.7672e-08  8.6249e-11     4369  397 4369     2     2      0  7222  1.9e-07        -
1862  9.7828e-08  7.7624e-11     4377  399 4377     2     2      0  7236  1.1e-07        -
1865     9.8e-08  4.7315e-11 out 4383  400 4383     2     2      0  7245  4.7e-08        -
1869  9.8274e-08  8.4256e-11     4395  402 4395     2     2      0  7265  1.7e-07        -
1871  9.8429e-08  7.1114e-11     4403  404 4403     2     2      0  7279    7e-08        -
1875  9.8713e-08  7.1114e-11     4411  405 4411     2     2      0  7291  8.8e-07        -
1879  9.8963e-08  3.6659e-11     4419  406 4419     2     2      0  7306  2.3e-09        -
1883   9.922e-08  7.3319e-11     4427  407 4427     2     2      0  7318  6.3e-07        -
1887    9.95e-08  6.6703e-11 out 4439  407 4439     2     2      0  7341    1e-10        -
1890    9.97e-08  6.6703e-11     4451  407 4451     2     2      0  7365  1.1e-10        -
1893    9.99e-08  6.6703e-11     4463  407 4463     2     2      0  7389  1.1e-10        -
1895       1e-07   4.989e-11 out 4471  409 4471     2     2      0  7403  9.6e-09        -
1897  1.0019e-07  8.9801e-11     4479  411 4479     2     2      0  7417  1.8e-07        -
1900  1.0043e-07  6.5408e-11     4489  413 4489     2     2      0  7434  3.6e-08        -
1904   1.007e-07  6.5408e-11     4497  414 4497     2     2      0  7446  4.7e-07        -
1908  1.0095e-07  5.3775e-11     4509  415 4509     2     2      0  7466  1.3e-08        -
1912  1.0116e-07  5.3775e-11     4517  416 4517     2     2      0  7478  1.6e-07        -
1917  1.0143e-07  5.3775e-11     4527  416 4527     2     2      0  7493    4e-07        -
1920  1.0157e-07  6.9803e-11     4533  418 4533     2     2      0  7502  4.2e-08        -
1925  1.0192e-07  6.9803e-11     4543  418 4543     2     2      0  7517  8.7e-07        -
1929  1.0212e-07  8.1179e-11     4551  420 4551     2     2      0  7529  8.3e-08        -
1933  1.0243e-07  6.7346e-11     4563  421 4563     2     2      0  7550  3.6e-08        -
1937   1.027e-07  6.7346e-11     4571  422 4571     2     2      0  7562  4.9e-07        -
1941  1.0295e-07  4.7961e-11     4583  423 4583     2     2      0  7582  8.8e-09        -
1944  1.0318e-07   8.633e-11     4593  426 4593     2     2      0  7599  1.8e-07        -
1946  1.0335e-07   8.633e-11     4597  427 4597     2     2      0  7605  9.6e-07        -
1948   1.035e-07  7.2544e-11 out 4605  429 4605     2     2      0  7619  8.7e-08        -
1952  1.0379e-07  7.2544e-11     4613  429 4613     2     2      0  7633    8e-11        -
1955    1.04e-07   6.864e-11 out 4621  429 4621     2     2      0  7649  6.9e-11        -
1958  1.0421e-07   6.864e-11     4630  429 4630     2     2      0  7667  6.5e-11        -
1961  1.0441e-07   6.864e-11     4639  429 4639     2     2      0  7685  5.7e-11        -
1965  1.0459e-07  4.4079e-11     4647  430 4647     2     2      0  7697  7.6e-08        -
1970  1.0481e-07  4.4079e-11     4657  430 4657     2     2      0  7712  1.9e-07        -
1974  1.0497e-07  2.9605e-11     4669  431 4669     2     2      0  7732  7.6e-10        -
1976  1.0506e-07   5.921e-11     4673  433 4673     2     2      0  7738  2.4e-08        -
1981  1.0536e-07   5.921e-11     4683  433 4683     2     2      0  7753    5e-07        -
--         当前进度:  26 % - 正在组装残差
1983  1.0546e-07  4.2766e-11     4691  434 4691     2     2      0  7767  4.8e-09        -
1986  1.0563e-07  8.5531e-11     4697  436 4697     2     2      0  7776  1.5e-07        -
1990  1.0594e-07  5.7555e-11     4709  437 4709     2     2      0  7798    2e-08        -
1994  1.0617e-07  5.7555e-11     4717  438 4717     2     2      0  7810  2.5e-07        -
1998  1.0642e-07  7.7335e-11     4729  439 4729     2     2      0  7830  8.1e-08        -
2001  1.0665e-07  7.7335e-11     4735  440 4735     2     2      0  7839    7e-07        -
2005  1.0694e-07  5.6661e-11     4747  441 4747     2     2      0  7862  1.6e-08        -
2008  1.0717e-07  1.1332e-10     4753  443 4753     2     2      0  7871  5.1e-07        -
2010  1.0735e-07  9.1379e-11     4761  445 4761     2     2      0  7885  1.7e-07        -
2012   1.075e-07  7.3629e-11 out 4769  447 4769     2     2      0  7899  5.9e-08        -
2017  1.0787e-07  7.3629e-11     4779  447 4779     2     2      0  7916  1.2e-10        -
2019    1.08e-07  6.5928e-11 out 4787  449 4787     2     2      0  7930  3.4e-08        -
2023  1.0826e-07  6.5928e-11     4795  449 4795     2     2      0  7942  5.7e-07        -
2026  1.0845e-07  5.2217e-11     4805  450 4805     2     2      0  7959  9.6e-09        -
2030  1.0866e-07  5.2217e-11     4813  451 4813     2     2      0  7971  1.2e-07        -
2033  1.0881e-07  5.2217e-11     4819  451 4819     2     2      0  7980  2.3e-07        -
2036  1.0896e-07  4.1131e-11     4829  452 4829     2     2      0  7997  2.7e-09        -
2039  1.0916e-07  8.2262e-11     4835  454 4835     2     2      0  8006  4.4e-07        -
2043  1.0946e-07  4.4346e-11     4843  455 4843     2     2      0  8020  4.2e-09        -
2046  1.0967e-07  7.9823e-11     4853  457 4853     2     2      0  8037  8.1e-08        -
2050  1.0995e-07  4.6008e-11     4861  459 4861     2     2      0  8049  5.9e-09        -
2053  1.1014e-07  9.2015e-11     4867  460 4867     2     2      0  8058    2e-07        -
2054  1.1022e-07  8.2814e-11     4873  461 4873     2     2      0  8069  1.2e-07        -
2057  1.1044e-07  5.6768e-11     4883  463 4883     2     2      0  8086  2.1e-08        -
2060  1.1071e-07  9.1716e-11     4893  466 4893     2     2      0  8103  2.6e-07        -
2062  1.1088e-07  8.2544e-11     4901  468 4901     2     2      0  8117  1.6e-07        -
2066  1.1112e-07  6.0244e-11     4909  469 4909     2     2      0  8129  4.4e-07        -
2070  1.1136e-07  6.0244e-11     4917  469 4917     2     2      0  8141  9.4e-07        -
2074  1.1158e-07  7.8291e-11     4925  471 4925     2     2      0  8154  1.1e-07        -
2078  1.1189e-07  7.8291e-11     4933  471 4933     2     2      0  8168  1.4e-10        -
2080    1.12e-07  5.4273e-11 out 4941  473 4941     2     2      0  8182  1.6e-08        -
2084  1.1222e-07  5.4273e-11     4949  473 4949     2     2      0  8194  2.8e-07        -
2088  1.1243e-07  5.4273e-11     4957  473 4957     2     2      0  8206  5.2e-07        -
2091  1.1257e-07  6.5815e-11     4963  475 4963     2     2      0  8215  3.2e-08        -
2096  1.1289e-07  6.5815e-11     4973  475 4973     2     2      0  8230  6.7e-07        -
2098    1.13e-07  5.2556e-11 out 4981  477 4981     2     2      0  8244  1.1e-08        -
2101  1.1325e-07  8.9433e-11     4991  479 4991     2     2      0  8261  1.5e-07        -
2103  1.1342e-07  8.0489e-11     4999  481 4999     2     2      0  8275  8.6e-08        -
2106  1.1358e-07  8.2976e-11     5005  483 5005     2     2      0  8284  9.7e-08        -
2111  1.1396e-07  4.2559e-11     5015  484 5015     2     2      0  8301  3.2e-09        -
2115  1.1421e-07  8.5119e-11     5023  485 5023     2     2      0  8313    5e-07        -
--         当前进度:  28 % - 组装稀疏模式
2118  1.1444e-07  5.8483e-11     5033  486 5033     2     2      0  8331  1.5e-08        -
2121  1.1471e-07  9.4621e-11     5043  489 5043     2     2      0  8348  1.7e-07        -
2123  1.1489e-07  8.5158e-11     5051  491 5051     2     2      0  8362    1e-07        -
2126  1.1511e-07  1.0864e-10     5057  493 5057     2     2      0  8371  3.4e-07        -
2128   1.153e-07  9.7659e-11     5065  495 5065     2     2      0  8385    2e-07        -
2132  1.1555e-07  4.9193e-11     5073  496 5073     2     2      0  8397  5.6e-08        -
2137   1.158e-07  4.9193e-11     5083  496 5083     2     2      0  8412  1.8e-07        -
2141    1.16e-07  5.7259e-11 out 5093  496 5093     2     2      0  8429    4e-11        -
2144  1.1617e-07  5.7259e-11     5105  496 5105     2     2      0  8453  3.5e-11        -
2147  1.1634e-07  5.7259e-11     5117  496 5117     2     2      0  8477  2.9e-11        -
2151   1.166e-07  9.9186e-11     5127  497 5127     2     2      0  8496  1.8e-07        -
2153  1.1678e-07   8.874e-11     5135  499 5135     2     2      0  8510    1e-07        -
2154  1.1686e-07  7.9866e-11     5141  500 5141     2     2      0  8521  6.2e-08        -
2158  1.1714e-07  7.1734e-11     5149  501 5149     2     2      0  8533  4.8e-07        -
2162  1.1743e-07  7.0666e-11     5157  501 5157     2     2      0  8546  3.8e-10        -
2166  1.1771e-07  7.0666e-11     5165  501 5165     2     2      0  8562  3.8e-10        -
2170  1.1796e-07  3.8002e-11     5173  502 5173     2     2      0  8577  2.4e-09        -
2174  1.1823e-07  7.6004e-11     5181  503 5181     2     2      0  8589  7.2e-07        -
2177  1.1844e-07  5.9991e-11     5191  504 5191     2     2      0  8608  2.3e-08        -
2181  1.1868e-07  5.9991e-11     5199  505 5199     2     2      0  8620  2.9e-07        -
2186  1.1896e-07  4.0032e-11     5213  506 5213     2     2      0  8643  2.7e-09        -
2189  1.1916e-07  8.0064e-11     5219  508 5219     2     2      0  8652  4.2e-07        -
2193  1.1945e-07  4.9841e-11     5227  509 5227     2     2      0  8666  7.3e-09        -
2198   1.197e-07  4.9841e-11     5237  509 5237     2     2      0  8681  1.5e-07        -
2202   1.199e-07  4.9841e-11     5245  509 5245     2     2      0  8693  2.6e-07        -
2206   1.201e-07  5.1429e-11     5253  509 5253     2     2      0  8708  3.9e-11        -
2210  1.2036e-07  1.0286e-10     5261  510 5261     2     2      0  8723  2.6e-07        -
2212   1.205e-07  6.9997e-11 out 5269  512 5269     2     2      0  8737  3.8e-08        -
2216  1.2078e-07  6.9997e-11     5277  512 5277     2     2      0  8749  6.3e-07        -
2219  1.2096e-07  4.0009e-11     5283  513 5283     2     2      0  8758  2.2e-09        -
2223  1.2124e-07  8.0018e-11     5291  514 5291     2     2      0  8770  6.5e-07        -
2226  1.2145e-07  4.9955e-11     5297  515 5297     2     2      0  8780  5.5e-09        -
2229  1.2169e-07   8.992e-11     5307  517 5307     2     2      0  8797    1e-07        -
2232  1.2193e-07  6.5165e-11     5317  519 5317     2     2      0  8814    2e-08        -
2235  1.2213e-07  6.5165e-11     5323  520 5323     2     2      0  8823  1.8e-07        -
2239  1.2239e-07  6.5165e-11     5331  520 5331     2     2      0  8835  5.1e-07        -
2240  1.2245e-07  5.4505e-11     5337  521 5337     2     2      0  8846    9e-09        -
2244  1.2266e-07  5.4505e-11     5345  522 5345     2     2      0  8858    1e-07        -
2249  1.2294e-07  5.4505e-11     5355  522 5355     2     2      0  8873  2.6e-07        -
2252  1.2306e-07  6.3961e-11     5361  524 5361     2     2      0  8882  1.7e-08        -
2255  1.2326e-07  6.3961e-11     5367  524 5367     2     2      0  8891  2.2e-07        -
2258  1.2344e-07  5.8117e-11     5375  524 5375     2     2      0  8905  6.8e-11        -
---        当前进度:  30 % - 
2261  1.2362e-07  5.8117e-11     5387  524 5387     2     2      0  8929  6.7e-11        -
2263  1.2373e-07  5.8117e-11     5395  524 5395     2     2      0  8945  6.5e-11        -
2266  1.2391e-07  5.8117e-11     5407  524 5407     2     2      0  8969  6.1e-11        -
2267  1.2395e-07  4.6592e-11     5413  525 5413     2     2      0  8980  2.9e-09        -
2270  1.2418e-07  8.3866e-11     5423  528 5423     2     2      0  8997  5.6e-08        -
2273  1.2442e-07  7.7609e-11     5431  529 5431     2     2      0  9011  8.5e-11        -
2275  1.2458e-07  7.7609e-11     5439  529 5439     2     2      0  9027  8.6e-11        -
2278  1.2481e-07  7.7609e-11     5451  529 5451     2     2      0  9051  8.4e-11        -
2280  1.2494e-07  5.5977e-11     5461  530 5461     2     2      0  9070  9.5e-09        -
2283  1.2517e-07  1.1195e-10     5467  532 5467     2     2      0  9079  3.2e-07        -
2285  1.2536e-07  9.6872e-11     5475  534 5475     2     2      0  9093  1.3e-07        -
2287   1.255e-07  6.9162e-11 out 5483  536 5483     2     2      0  9107  2.7e-08        -
2292  1.2585e-07  6.9162e-11     5493  536 5493     2     2      0  9122  5.6e-07        -
2296  1.2609e-07  8.5027e-11     5501  538 5501     2     2      0  9134  7.7e-08        -
2300  1.2642e-07  7.9945e-11     5510  538 5510     2     2      0  9149  1.4e-10        -
2303  1.2666e-07  7.9945e-11     5519  538 5519     2     2      0  9167  1.4e-10        -
2306   1.269e-07  7.9945e-11     5528  538 5528     2     2      0  9185  1.4e-10        -
2310  1.2715e-07  1.0027e-10     5536  540 5536     2     2      0  9197  1.3e-07        -
2311  1.2724e-07  9.0247e-11     5542  541 5542     2     2      0  9208  7.8e-08        -
2314   1.275e-07  8.4548e-11 out 5550  542 5550     2     2      0  9223    2e-10        -
2317  1.2775e-07  8.4548e-11     5559  542 5559     2     2      0  9241  2.3e-10        -
2319  1.2792e-07  8.0904e-11     5568  543 5568     2     2      0  9258  5.8e-08        -
2322  1.2816e-07  8.0904e-11     5574  544 5574     2     2      0  9267  3.3e-07        -
2326  1.2845e-07   4.774e-11     5582  545 5582     2     2      0  9279  2.6e-09        -
2330  1.2879e-07  9.5479e-11     5590  546 5590     2     2      0  9291  7.3e-07        -
2333    1.29e-07  5.9042e-11 out 5596  547 5596     2     2      0  9301  3.7e-08        -
2335  1.2922e-07   1.027e-10     5604  549 5604     2     2      0  9315  1.5e-07        -
2337  1.2941e-07   8.826e-11     5612  551 5612     2     2      0  9329  3.8e-08        -
2341  1.2976e-07   8.826e-11     5620  552 5620     2     2      0  9341  4.9e-07        -
2343  1.2993e-07  7.3481e-11     5628  553 5628     2     2      0  9355  1.6e-08        -
2347  1.3022e-07  7.3481e-11     5636  554 5636     2     2      0  9367    2e-07        -
2351   1.305e-07  6.6298e-11 out 5648  554 5648     2     2      0  9389  9.2e-11        -
2354   1.307e-07  6.6298e-11     5660  554 5660     2     2      0  9413    9e-11        -
2356  1.3083e-07  6.6298e-11     5668  554 5668     2     2      0  9429  8.7e-11        -
2358  1.3095e-07  5.1106e-11     5678  555 5678     2     2      0  9448    2e-09        -
2361  1.3115e-07  1.0221e-10     5684  557 5684     2     2      0  9457  6.2e-08        -
2363  1.3134e-07   9.199e-11     5692  559 5692     2     2      0  9471  3.7e-08        -
2365   1.315e-07  8.1352e-11 out 5700  561 5700     2     2      0  9485    2e-08        -
2370  1.3191e-07  8.1352e-11     5710  561 5710     2     2      0  9500  4.3e-07        -
2373  1.3209e-07  9.3242e-11     5716  563 5716     2     2      0  9509  3.7e-08        -
2377  1.3244e-07  6.3517e-11     5728  564 5728     2     2      0  9529  6.5e-09        -
2380  1.3273e-07  1.0411e-10     5738  567 5738     2     2      0  9546  8.5e-08        -
2382  1.3292e-07  8.2369e-11     5746  569 5746     2     2      0  9560  2.9e-08        -
---        当前进度:  32 % - 正在组装残差
2386  1.3325e-07  8.2369e-11     5754  570 5754     2     2      0  9572  3.7e-07        -
2390   1.335e-07  4.4079e-11 out 5762  571 5762     2     2      0  9584  7.9e-09        -
2394  1.3385e-07  8.8157e-11     5770  572 5770     2     2      0  9596  6.3e-07        -
2396    1.34e-07  7.3685e-11 out 5778  574 5778     2     2      0  9610  1.9e-08        -
2401  1.3437e-07  7.3685e-11     5788  574 5788     2     2      0  9625  3.8e-07        -
2403   1.345e-07  6.5787e-11 out 5796  574 5796     2     2      0  9641  3.5e-11        -
2406   1.347e-07  6.5787e-11     5808  574 5808     2     2      0  9665  3.4e-11        -
2409  1.3489e-07  6.5787e-11     5820  574 5820     2     2      0  9689  3.7e-11        -
2411    1.35e-07  5.2638e-11 out 5828  576 5828     2     2      0  9703    3e-09        -
2413   1.352e-07  9.4748e-11     5836  578 5836     2     2      0  9717  5.7e-08        -
2416  1.3544e-07  5.5239e-11     5842  580 5842     2     2      0  9726  3.9e-09        -
2419  1.3571e-07  9.9431e-11     5852  582 5852     2     2      0  9743  7.9e-08        -
2422    1.36e-07   9.533e-11 out 5860  583 5860     2     2      0  9758  1.3e-10        -
2425  1.3629e-07   9.533e-11     5869  583 5869     2     2      0  9776  1.6e-10        -
2428   1.365e-07   5.934e-11 out 5876  584 5876     2     2      0  9788  2.4e-08        -
2431  1.3678e-07  1.0681e-10     5886  586 5886     2     2      0  9805  9.3e-08        -
2434    1.37e-07  5.4177e-11 out 5892  588 5892     2     2      0  9814  1.7e-08        -
2438  1.3738e-07  1.0835e-10     5900  589 5900     2     2      0  9826  7.9e-07        -
2442  1.3762e-07   6.038e-11     5908  590 5908     2     2      0  9838  6.2e-08        -
2447  1.3792e-07   6.038e-11     5918  590 5918     2     2      0  9853  1.4e-07        -
2450  1.3808e-07   7.734e-11     5924  592 5924     2     2      0  9862  1.5e-08        -
2454  1.3839e-07   7.734e-11     5932  592 5932     2     2      0  9874  2.7e-07        -
2456   1.385e-07  5.6651e-11 out 5940  594 5940     2     2      0  9888  2.1e-09        -
2458  1.3872e-07  1.0171e-10     5948  596 5948     2     2      0  9902  3.9e-08        -
2461  1.3895e-07  4.5863e-11     5956  598 5956     2     2      0  9916  7.5e-10        -
2465  1.3928e-07  9.1726e-11     5964  599 5964     2     2      0  9928  2.2e-07        -
2467  1.3943e-07  6.6549e-11     5972  600 5972     2     2      0  9942  5.5e-09        -
2469   1.396e-07  1.0489e-10     5978  603 5978     2     3      0  9951  4.4e-08        -
2470   1.397e-07  9.4404e-11     5984  604 5984     2     3      0  9962  2.7e-08        -
2473  1.3994e-07  5.5946e-11     5990  606 5990     2     3      0  9971  2.3e-09        -
2476  1.4021e-07   1.007e-10     6000  608 6000     2     3      0  9988  4.7e-08        -
2479   1.405e-07   9.335e-11 out 6010  609 6010     2     3      0 10007  2.4e-11        -
2482  1.4078e-07   9.335e-11     6022  609 6022     2     3      0 10031  2.2e-11        -
2485    1.41e-07    6.33e-11 out 6030  610 6030     2     3      0 10045  1.9e-08        -
2490  1.4132e-07    6.33e-11     6040  610 6040     2     3      0 10060  9.4e-08        -
2494  1.4162e-07   1.202e-10     6050  611 6050     2     3      0 10078  9.1e-08        -
2496  1.4183e-07   1.031e-10     6058  613 6058     2     3      0 10092  4.2e-08        -
2498    1.42e-07    8.68e-11 out 6066  615 6066     2     3      0 10106  1.8e-08        -
2503  1.4242e-07    7.64e-11     6080  616 6080     2     3      0 10129  7.2e-09        -
2507  1.4273e-07    7.64e-11     6088  617 6088     2     3      0 10141  9.3e-08        -
---        当前进度:  33 % - 正在组装残差
2510  1.4294e-07  5.9001e-11     6098  618 6098     2     3      0 10158  2.1e-09        -
2513  1.4322e-07   1.062e-10     6108  621 6108     2     3      0 10175  4.1e-08        -
2515  1.4342e-07  8.4797e-11     6116  623 6116     2     3      0 10189  4.1e-09        -
2519  1.4375e-07  8.4797e-11     6124  624 6124     2     3      0 10201  5.5e-08        -
2523  1.4408e-07  8.0407e-11     6135  624 6135     2     3      0 10222  4.8e-11        -
2527   1.444e-07  8.0407e-11     6147  624 6147     2     3      0 10246  5.7e-11        -
2530   1.446e-07  9.7967e-11     6153  626 6153     2     3      0 10255  4.6e-08        -
2534  1.4495e-07  5.4066e-11     6161  627 6161     2     3      0 10267  2.2e-09        -
2537  1.4522e-07  1.0813e-10     6167  628 6167     2     3      0 10276  3.4e-07        -
2539  1.4541e-07  8.7802e-11     6175  629 6175     2     3      0 10290  2.2e-08        -
2542  1.4568e-07  8.7802e-11     6181  630 6181     2     3      0 10299  1.9e-07        -
2545  1.4593e-07  7.4396e-11     6191  631 6191     2     3      0 10316  1.1e-08        -
2549  1.4622e-07  7.4396e-11     6199  632 6199     2     3      0 10328  1.4e-07        -
2552  1.4644e-07  6.4011e-11     6209  633 6209     2     3      0 10345  5.1e-09        -
2555  1.4669e-07  1.2802e-10     6215  635 6215     2     3      0 10354  1.6e-07        -
2557   1.469e-07  1.0006e-10     6223  637 6223     2     3      0 10368    5e-08        -
2562   1.474e-07  9.9909e-11     6233  637 6233     2     3      0 10384  2.8e-10        -
2567   1.479e-07  9.9909e-11     6243  637 6243     2     3      0 10404  4.8e-10        -
2570   1.481e-07  1.0036e-10     6249  639 6249     2     3      0 10413  7.5e-08        -
2574   1.485e-07  9.9457e-11 out 6257  639 6257     2     3      0 10427  6.7e-10        -
2579  1.4895e-07  5.1087e-11     6267  640 6267     2     3      0 10446  2.7e-09        -
2582  1.4915e-07  1.0217e-10     6273  641 6273     2     3      0 10455  8.3e-08        -
2585  1.4943e-07  7.1196e-11     6283  642 6283     2     3      0 10472  1.3e-08        -
2589  1.4971e-07  7.1196e-11     6291  643 6291     2     3      0 10484  1.6e-07        -
2593  1.4996e-07  3.6412e-11     6299  644 6299     2     3      0 10496  5.1e-10        -
2597  1.5022e-07  7.2824e-11     6307  645 6307     2     3      0 10508  1.4e-07        -
2601   1.505e-07  6.7941e-11 out 6317  645 6317     2     3      0 10526  1.8e-10        -
2603  1.5075e-07  1.1429e-10     6325  647 6325     2     3      0 10540  1.5e-07        -
2605  1.5093e-07  6.7772e-11     6329  649 6329     2     3      0 10546  1.2e-08        -
2609  1.5132e-07  1.1871e-10     6341  651 6341     2     3      0 10566    2e-07        -
2612  1.5159e-07  8.8988e-11     6347  652 6347     2     3      0 10575  4.1e-07        -
2616  1.5193e-07  7.2024e-11     6359  653 6359     2     3      0 10595  1.5e-08        -
2620  1.5222e-07  7.2024e-11     6367  654 6367     2     3      0 10607  1.9e-07        -
2625  1.5257e-07  6.9939e-11     6377  654 6377     2     3      0 10625  3.9e-10        -
2630  1.5292e-07  6.9939e-11     6387  654 6387     2     3      0 10645  3.7e-10        -
2633  1.5308e-07  8.0364e-11     6393  656 6393     2     3      0 10654  2.6e-08        -
2638  1.5345e-07  4.9089e-11     6403  657 6403     2     3      0 10669  2.2e-09        -
2642  1.5379e-07  9.8178e-11     6411  658 6411     2     3      0 10681  6.3e-07        -
2646  1.5405e-07  5.3643e-11     6419  659 6419     2     3      0 10693  3.1e-08        -
2649  1.5438e-07  1.0729e-10     6425  660 6425     2     3      0 10703  2.5e-10        -
---        当前进度:  36 % - 正在组装残差
2653  1.5469e-07   1.245e-10     6433  662 6433     2     3      0 10715  2.7e-07        -
2655   1.549e-07   1.006e-10     6441  664 6441     2     3      0 10729    1e-07        -
2660   1.554e-07  9.9098e-11     6451  664 6451     2     3      0 10747  1.6e-09        -
2665   1.559e-07  9.9098e-11     6461  664 6461     2     3      0 10767  1.8e-09        -
2668   1.561e-07  1.0361e-10     6467  666 6467     2     3      0 10776    1e-07        -
2671  1.5641e-07  9.4586e-11     6475  666 6475     2     3      0 10790    4e-10        -
2674  1.5669e-07  9.4586e-11     6487  666 6487     2     3      0 10814  4.2e-10        -
2676  1.5688e-07  9.4586e-11     6495  666 6495     2     3      0 10830  4.2e-10        -
2679  1.5706e-07  6.0829e-11     6501  667 6501     2     3      0 10839  7.2e-08        -
2681  1.5729e-07  1.0949e-10     6509  669 6509     2     3      0 10853  1.5e-07        -
2684   1.576e-07  1.0401e-10     6515  670 6515     2     3      0 10862  9.9e-07        -
2687  1.5791e-07  9.3983e-11     6523  670 6523     2     3      0 10878  6.1e-10        -
2689  1.5809e-07  9.3983e-11     6531  670 6531     2     3      0 10894    6e-10        -
2692  1.5838e-07  9.3983e-11     6543  670 6543     2     3      0 10918  5.6e-10        -
2695  1.5856e-07  6.2035e-11     6549  671 6549     2     3      0 10927  8.6e-08        -
2697  1.5881e-07  1.2407e-10     6553  672 6553     2     3      0 10934    3e-10        -
2698  1.5891e-07  9.4914e-11     6559  673 6559     2     3      0 10945  6.4e-08        -
2701  1.5919e-07  9.4914e-11     6565  674 6565     2     3      0 10954  5.7e-07        -
2704  1.5944e-07  6.0173e-11     6571  675 6571     2     3      0 10964  6.3e-09        -
2707  1.5968e-07  1.2035e-10     6577  676 6577     2     3      0 10973    2e-07        -
2709   1.599e-07  9.9569e-11     6585  677 6585     2     3      0 10987  7.3e-08        -
2713   1.603e-07  9.9569e-11     6593  678 6593     2     3      0 10999    9e-07        -
2716   1.605e-07  5.0863e-11 out 6599  679 6599     2     3      0 11009  1.4e-08        -
2719  1.6081e-07  1.0173e-10     6605  680 6605     2     3      0 11018  7.7e-07        -
2722   1.611e-07  9.7412e-11     6614  680 6614     2     3      0 11036  4.2e-10        -
2725  1.6139e-07  9.7412e-11     6623  680 6623     2     3      0 11054  4.5e-10        -
2728  1.6156e-07  5.5176e-11     6629  681 6629     2     3      0 11063  3.7e-08        -
2731  1.6189e-07  1.1035e-10     6635  682 6635     2     3      0 11073  3.1e-10        -
2734  1.6206e-07  5.6882e-11     6641  683 6641     2     3      0 11082  5.8e-08        -
2737  1.6239e-07  1.0779e-10     6648  684 6648     2     3      0 11095  1.2e-09        -
2740  1.6272e-07  1.0779e-10     6657  684 6657     2     3      0 11113  1.3e-09        -
2742  1.6291e-07  8.8309e-11     6666  685 6666     2     3      0 11130  6.5e-08        -
2744  1.6309e-07  8.8309e-11     6670  686 6670     2     3      0 11136  3.2e-07        -
2748  1.6343e-07  7.3382e-11     6682  687 6682     2     3      0 11157  2.3e-08        -
2752  1.6372e-07  7.3382e-11     6690  688 6690     2     3      0 11169  2.9e-07        -
2756    1.64e-07  6.6546e-11 out 6702  688 6702     2     3      0 11191  1.7e-10        -
2759  1.6432e-07  1.1598e-10     6714  690 6714     2     3      0 11213    2e-07        -
2763  1.6468e-07  9.2191e-11     6722  691 6722     2     3      0 11225  8.6e-07        -
2766  1.6493e-07  6.5617e-11     6732  692 6732     2     3      0 11244    4e-09        -
2769  1.6525e-07  1.1811e-10     6742  695 6742     2     3      0 11261  7.5e-08        -
2772   1.655e-07  6.6271e-11 out 6748  697 6748     2     3      0 11270  2.1e-08        -
---        当前进度:  38 % - 正在组装残差
2775  1.6582e-07  1.1929e-10     6758  699 6758     2     3      0 11287  7.8e-08        -
2779  1.6618e-07  9.0949e-11     6766  700 6766     2     3      0 11299  2.5e-07        -
2782  1.6643e-07  6.8102e-11     6776  701 6776     2     3      0 11316  5.4e-09        -
2785   1.667e-07   1.362e-10     6782  703 6782     2     3      0 11325  1.7e-07        -
2787  1.6691e-07  8.6554e-11     6790  705 6790     2     3      0 11339  1.7e-08        -
2791  1.6726e-07  8.6554e-11     6798  705 6798     2     3      0 11351  2.8e-07        -
2794   1.675e-07  7.6892e-11 out 6808  705 6808     2     3      0 11370  2.2e-10        -
2795  1.6762e-07  1.2164e-10     6812  707 6812     2     4      0 11377  3.7e-07        -
2797  1.6784e-07  1.0948e-10     6820  707 6820     2     4      0 11393  2.1e-09        -
2800  1.6808e-07  7.9705e-11     6826  708 6826     2     4      0 11402  3.8e-07        -
2801   1.682e-07  1.1971e-10     6830  710 6830     2     5      0 11409  3.1e-07        -
2803   1.684e-07  9.6426e-11     6840  711 6840     2     5      0 11428    1e-07        -
2806  1.6869e-07  9.6426e-11     6846  712 6846     2     5      0 11437  9.4e-07        -
2809  1.6894e-07  5.7149e-11     6852  713 6852     2     5      0 11448  8.2e-09        -
2812  1.6923e-07   1.143e-10     6858  714 6858     2     5      0 11458  4.1e-10        -
2814  1.6942e-07  7.8554e-11     6866  715 6866     2     5      0 11473  5.8e-08        -
2817  1.6966e-07  7.8554e-11     6872  716 6872     2     5      0 11482  5.4e-07        -
2820  1.6989e-07  7.8554e-11     6878  716 6878     2     5      0 11493    3e-10        -
2821  1.6995e-07  5.3614e-11     6884  717 6884     2     5      0 11504  9.6e-09        -
2823  1.7011e-07  1.0723e-10     6888  719 6888     2     5      0 11510  3.1e-07        -
2826  1.7041e-07  8.9158e-11     6898  720 6898     2     5      0 11529  1.2e-07        -
2829  1.7068e-07  8.9158e-11     6904  721 6904     2     5      0 11539  2.3e-10        -
2832  1.7093e-07  7.1684e-11     6914  722 6914     2     5      0 11558  3.5e-08        -
2834  1.7114e-07  1.4337e-10     6918  724 6918     2     5      0 11565  8.3e-10        -
2835  1.7126e-07  1.1947e-10     6924  725 6924     2     5      0 11576  4.3e-07        -
2837  1.7144e-07   5.929e-11     6928  727 6928     2     5      0 11582  1.3e-08        -
2840  1.7168e-07  1.1858e-10     6934  728 6934     2     5      0 11591  3.9e-07        -
2842  1.7189e-07  1.0672e-10     6942  728 6942     2     5      0 11607  2.6e-09        -
2845  1.7211e-07  1.0868e-10     6948  730 6948     2     5      0 11616  2.5e-07        -
2848  1.7241e-07  8.6973e-11     6958  731 6958     2     5      0 11635  5.7e-08        -
2851  1.7267e-07  8.6973e-11     6964  732 6964     2     5      0 11644  5.1e-07        -
2854  1.7292e-07  7.6053e-11     6974  733 6974     2     5      0 11661    3e-08        -
2857  1.7315e-07  7.6053e-11     6980  734 6980     2     5      0 11670  2.7e-07        -
2861  1.7344e-07  5.9867e-11     6992  735 6992     2     5      0 11690  9.2e-09        -
2863  1.7362e-07  1.1973e-10     6996  737 6996     2     5      0 11696  2.9e-07        -
2866  1.7393e-07    7.04e-11     7002  738 7002     2     5      0 11707  2.2e-08        -
2869  1.7421e-07   1.408e-10     7008  739 7008     2     5      0 11716  7.1e-07        -
2871  1.7442e-07  8.1039e-11     7016  741 7016     2     5      0 11730  4.3e-08        -
2873  1.7463e-07  1.2758e-10     7022  743 7022     2     6      0 11740  4.1e-07        -
2875  1.7486e-07  1.1482e-10     7030  743 7030     2     6      0 11756  2.6e-09        -
2878  1.7507e-07  7.1385e-11     7036  744 7036     2     6      0 11765  1.9e-07        -
2880  1.7534e-07  1.2295e-10     7044  746 7044     2     6      0 11779    3e-07        -
---        当前进度:  39 % - 组装稀疏模式
2883  1.7562e-07  1.2337e-10     7052  749 7052     2     7      0 11791  2.5e-07        -
2886  1.7592e-07   7.728e-11     7062  750 7062     2     7      0 11810  3.2e-08        -
2889  1.7623e-07  1.5456e-10     7068  751 7068     2     7      0 11820  1.3e-09        -
2890  1.7636e-07  1.2585e-10     7074  752 7074     2     7      0 11831  3.9e-07        -
2893  1.7664e-07  1.4231e-10     7080  754 7080     2     7      0 11840  7.6e-07        -
2894  1.7677e-07  1.2807e-10     7086  755 7086     2     7      0 11851  4.7e-07        -
2898  1.7723e-07  1.1481e-10     7094  756 7094     2     7      0 11866  1.4e-09        -
2900  1.7742e-07  7.7785e-11     7102  757 7102     2     7      0 11881  4.8e-08        -
2904  1.7773e-07  7.7785e-11     7110  758 7110     2     7      0 11893  6.8e-07        -
2906  1.7791e-07   9.443e-11     7118  759 7118     2     7      0 11907  1.3e-07        -
2910  1.7828e-07   9.443e-11     7126  760 7126     2     7      0 11921    5e-10        -
2914  1.7862e-07  1.2228e-10     7134  762 7134     2     7      0 11934  4.3e-07        -
2916  1.7884e-07  1.1005e-10     7142  762 7142     2     7      0 11950  3.1e-09        -
2920  1.7924e-07  1.5761e-10     7150  764 7150     2     7      0 11963  1.7e-09        -
2922  1.7943e-07   6.916e-11     7158  766 7158     2     7      0 11977  2.5e-08        -
2925  1.7976e-07  1.2449e-10     7166  767 7166     2     7      0 11991  5.4e-09        -
2926  1.7988e-07   1.186e-10     7172  768 7172     2     7      0 12002  3.7e-07        -
2929  1.8024e-07   1.186e-10     7178  769 7178     2     7      0 12013  1.4e-09        -
2932   1.805e-07  7.2107e-11 out 7184  770 7184     2     7      0 12023  1.6e-07        -
2937  1.8086e-07  7.2107e-11     7194  770 7194     2     7      0 12038  7.8e-07        -
2941  1.8121e-07  1.3947e-10     7202  771 7202     2     7      0 12053    8e-07        -
2943  1.8142e-07  8.2642e-11     7210  773 7210     2     7      0 12067    7e-08        -
2946   1.818e-07  1.3585e-10     7220  775 7220     2     7      0 12085  8.1e-07        -
2950   1.822e-07  9.9436e-11     7228  776 7228     2     7      0 12099  8.3e-10        -
2954   1.825e-07  5.1129e-11 out 7236  777 7236     2     7      0 12113  2.7e-08        -
2958   1.829e-07  9.6614e-11     7245  778 7245     2     7      0 12129    2e-09        -
2961  1.8319e-07  9.6614e-11     7254  778 7254     2     7      0 12147  2.1e-09        -
2964  1.8344e-07  5.6772e-11     7262  779 7262     2     7      0 12162  5.1e-09        -
2968  1.8384e-07  1.1354e-10     7270  780 7270     2     7      0 12175  6.2e-10        -
2970    1.84e-07  7.9685e-11 out 7278  782 7278     2     7      0 12189  3.1e-08        -
2975   1.844e-07  7.9685e-11     7288  782 7288     2     7      0 12204  6.5e-07        -
2978   1.846e-07  1.0157e-10     7294  784 7294     2     7      0 12213  1.2e-07        -
2982    1.85e-07   9.764e-11 out 7304  784 7304     2     7      0 12232  6.9e-10        -
2985  1.8529e-07   9.764e-11     7313  784 7313     2     7      0 12250  7.5e-10        -
2988   1.855e-07   5.472e-11 out 7320  785 7320     2     7      0 12262  2.7e-08        -
2991  1.8583e-07  1.0944e-10     7326  786 7326     2     7      0 12272  5.3e-10        -
2993    1.86e-07   8.584e-11 out 7334  788 7334     2     7      0 12286  4.7e-08        -
2995  1.8625e-07  1.1717e-10     7342  790 7342     2     8      0 12301  3.3e-09        -
2998   1.865e-07  6.7736e-11 out 7350  791 7350     2     8      0 12315  6.8e-08        -
3001  1.8683e-07  1.2193e-10     7358  792 7358     2     8      0 12329  3.9e-09        -
3004  1.8709e-07  8.7433e-11     7364  793 7364     2     8      0 12338  4.3e-07        -
3008  1.8742e-07  7.5134e-11     7376  794 7376     2     8      0 12358  2.3e-08        -
3012  1.8773e-07  7.5134e-11     7384  795 7384     2     8      0 12370  2.9e-07        -
----       当前进度:  42 % - 组装矩阵
3015  1.8794e-07  6.2166e-11     7394  796 7394     2     8      0 12387  9.7e-09        -
3018  1.8825e-07  1.2433e-10     7400  798 7400     2     8      0 12397    4e-10        -
3022  1.8856e-07  6.3503e-11     7408  799 7408     2     8      0 12410  9.8e-08        -
3025  1.8891e-07  9.1243e-11     7418  801 7418     2     8      0 12428  6.6e-08        -
3027  1.8914e-07  1.3639e-10     7424  804 7424     2     9      0 12438  4.8e-07        -
3029  1.8938e-07  1.2043e-10     7434  805 7434     2     9      0 12457  2.5e-07        -
3033  1.8986e-07  1.2043e-10     7442  806 7442     2     9      0 12472  1.6e-09        -
3037  1.9021e-07   1.387e-10     7450  808 7450     2     9      0 12484  4.9e-07        -
3040   1.905e-07  8.3557e-11 out 7458  809 7458     2     9      0 12498  1.9e-07        -
3045  1.9092e-07  8.2885e-11     7468  809 7468     2     9      0 12514  1.1e-09        -
3050  1.9133e-07  8.2885e-11     7478  809 7478     2     9      0 12534  1.4e-09        -
3054  1.9159e-07  8.5575e-11     7486  811 7486     2     9      0 12547  5.1e-08        -
3058  1.9192e-07   7.885e-11     7495  811 7495     2     9      0 12562  1.7e-09        -
3061  1.9229e-07  1.3537e-10     7506  813 7506     2     9      0 12582  8.3e-07        -
3064  1.9264e-07  1.3539e-10     7514  816 7514     2    10      0 12597  8.1e-07        -
3066  1.9288e-07  1.2138e-10     7524  817 7524     2    10      0 12616  4.5e-07        -
3070  1.9336e-07  1.2138e-10     7532  818 7532     2    10      0 12631  2.9e-09        -
3073  1.9357e-07  6.7931e-11     7538  819 7538     2    10      0 12640    2e-07        -
3076  1.9391e-07  8.6966e-11     7546  821 7546     2    10      0 12654  7.3e-08        -
3081  1.9435e-07  8.6966e-11     7556  821 7556     2    10      0 12671  6.9e-10        -
3082  1.9442e-07  7.6067e-11     7562  822 7562     2    10      0 12682  3.7e-08        -
3086  1.9473e-07  7.6067e-11     7570  823 7570     2    10      0 12694  4.6e-07        -
3089  1.9494e-07  5.9832e-11     7580  824 7580     2    10      0 12711  1.2e-08        -
3091  1.9512e-07  1.1966e-10     7584  826 7584     2    10      0 12717    4e-07        -
3095   1.955e-07  7.0504e-11 out 7592  827 7592     2    10      0 12731  1.5e-07        -
3098  1.9584e-07  1.2691e-10     7600  828 7600     2    10      0 12745  7.6e-09        -
3101  1.9616e-07  1.6158e-10     7606  830 7606     2    10      0 12755  2.9e-09        -
3102   1.963e-07  1.3392e-10     7612  831 7612     2    10      0 12766  7.3e-07        -
3106   1.967e-07  1.0225e-10     7620  832 7620     2    10      0 12780  1.2e-09        -
3110   1.971e-07  9.6628e-11     7631  832 7631     2    10      0 12802  2.6e-09        -
3113  1.9739e-07  9.6628e-11     7640  832 7640     2    10      0 12820  2.6e-09        -
3116  1.9761e-07  1.1349e-10     7646  834 7646     2    10      0 12829    2e-07        -
3119  1.9792e-07  7.9765e-11     7656  835 7656     2    10      0 12848  3.4e-08        -
3122  1.9816e-07  7.9765e-11     7662  836 7662     2    10      0 12857  3.1e-07        -
3126  1.9845e-07  5.0586e-11     7670  837 7670     2    10      0 12869  3.7e-09        -
3130   1.988e-07  1.0117e-10     7678  838 7678     2    10      0 12882  5.1e-10        -
3134  1.9924e-07  1.3777e-10     7688  840 7688     2    11      0 12902  6.5e-07        -
3136  1.9943e-07  6.9998e-11     7694  841 7694     2    11      0 12913  2.3e-08        -
3139  1.9977e-07    1.26e-10     7702  842 7702     2    11      0 12927  6.3e-09        -
3140  1.9988e-07    1.17e-10     7708  843 7708     2    11      0 12938    3e-07        -
3143  2.0023e-07    1.17e-10     7714  844 7714     2    11      0 12949  1.2e-09        -
3147  2.0057e-07  7.4494e-11     7722  845 7722     2    11      0 12962  2.5e-07        -
----       当前进度:  44 % - 正在组装残差
Memory: 1025/1079 1040/1092
3152  2.0094e-07  6.3764e-11     7736  846 7736     2    11      0 12985  1.2e-08        -
3155  2.0119e-07  1.2753e-10     7742  848 7742     2    11      0 12994  3.7e-07        -
3157  2.0141e-07  9.0589e-11     7750  849 7750     2    11      0 13009  6.6e-08        -
3161  2.0177e-07  9.0589e-11     7758  850 7758     2    11      0 13021  8.5e-07        -
3163  2.0193e-07  6.8822e-11     7766  851 7766     2    11      0 13036  1.7e-08        -
3165  2.0214e-07  1.3764e-10     7770  853 7770     2    11      0 13042  5.3e-07        -
3167  2.0238e-07  1.1924e-10     7780  854 7780     2    11      0 13061  2.7e-07        -
3169  2.0264e-07  1.3842e-10     7786  857 7786     2    12      0 13072  5.7e-07        -
3171  2.0288e-07   1.185e-10     7796  858 7796     2    12      0 13091  2.7e-07        -
3174  2.0324e-07   1.185e-10     7802  859 7802     2    12      0 13102  1.3e-09        -
3177   2.035e-07  7.2245e-11 out 7808  860 7808     2    12      0 13112  1.2e-07        -
3181  2.0379e-07  7.2245e-11     7816  860 7816     2    12      0 13124    5e-07        -
3185  2.0407e-07  6.9387e-11     7824  860 7824     2    12      0 13139  2.9e-09        -
3189  2.0435e-07  6.9387e-11     7832  860 7832     2    12      0 13155  2.8e-09        -
3192   2.045e-07  4.1838e-11 out 7838  861 7838     2    12      0 13165  6.9e-09        -
3195  2.0475e-07  8.3676e-11     7844  862 7844     2    12      0 13174  3.9e-07        -
3198    2.05e-07  8.2648e-11 out 7850  862 7850     2    12      0 13185    2e-09        -
3202  2.0537e-07  1.2603e-10     7858  863 7858     2    12      0 13200  3.1e-07        -
3205  2.0574e-07  1.1343e-10     7866  863 7866     2    12      0 13216  4.6e-09        -
3207  2.0593e-07   7.356e-11     7872  864 7872     2    12      0 13227  2.3e-08        -
3210  2.0622e-07  1.4712e-10     7878  865 7878     2    12      0 13236  7.6e-07        -
3211  2.0635e-07     1.3e-10     7884  866 7884     2    12      0 13247  4.3e-07        -
3214  2.0665e-07  1.4932e-10     7890  868 7890     2    12      0 13256    9e-07        -
3215  2.0678e-07  1.3305e-10     7896  869 7896     2    12      0 13267  5.2e-07        -
3218  2.0711e-07  1.0882e-10     7902  870 7902     2    12      0 13277  8.2e-10        -
3221  2.0741e-07  8.6774e-11     7912  871 7912     2    12      0 13296  6.2e-08        -
3223  2.0759e-07  8.6774e-11     7916  872 7916     2    12      0 13302    3e-07        -
3227  2.0792e-07  7.6451e-11     7926  872 7926     2    12      0 13320  1.9e-09        -
3229  2.0808e-07  7.6451e-11     7934  872 7934     2    12      0 13336  1.9e-09        -
3232  2.0831e-07  7.6451e-11     7946  872 7946     2    12      0 13360  1.9e-09        -
3234  2.0844e-07  5.8872e-11     7956  873 7956     2    12      0 13379  7.5e-09        -
3237  2.0868e-07  1.1774e-10     7962  875 7962     2    12      0 13388  2.4e-07        -
3239   2.089e-07  1.0282e-10     7970  876 7970     2    12      0 13403  1.2e-07        -
3242  2.0921e-07  1.0282e-10     7976  877 7976     2    12      0 13413  5.9e-10        -
3245   2.095e-07  9.5769e-11 out 7984  877 7984     2    12      0 13429  3.8e-09        -
3247  2.0973e-07  1.3037e-10     7991  879 7991     2    13      0 13443  3.9e-07        -
3249     2.1e-07  1.5652e-10 out 8001  880 8001     2    13      0 13462  9.5e-07        -
3251  2.1026e-07  1.3206e-10     8011  883 8011     2    14      0 13481  4.7e-07        -
3253  2.1044e-07  6.1051e-11     8017  884 8017     2    14      0 13492    1e-08        -
3256  2.1074e-07   1.221e-10     8023  885 8023     2    14      0 13502  6.2e-10        -
3259    2.11e-07  6.6847e-11 out 8029  886 8029     2    14      0 13512  7.9e-08        -
3263  2.1127e-07  6.6847e-11     8037  886 8037     2    14      0 13524  3.3e-07        -
3266  2.1145e-07  4.9459e-11     8047  887 8047     2    14      0 13541  3.3e-09        -
----       当前进度:  46 % - 
3268   2.116e-07  9.8918e-11     8051  889 8051     2    14      0 13547  1.1e-07        -
3272  2.1195e-07  5.2163e-11     8059  890 8059     2    14      0 13560    4e-09        -
3275  2.1221e-07  1.0433e-10     8065  891 8065     2    14      0 13569  6.3e-07        -
3278   2.125e-07  9.3511e-11 out 8075  891 8075     2    14      0 13589  2.6e-09        -
3280  2.1269e-07  9.3511e-11     8083  891 8083     2    14      0 13605  2.7e-09        -
3283  2.1294e-07  6.2978e-11     8093  892 8093     2    14      0 13624  9.8e-09        -
3286  2.1319e-07  1.2596e-10     8099  893 8099     2    14      0 13633  3.2e-07        -
3288   2.134e-07  9.8852e-11     8107  895 8107     2    15      0 13649    1e-07        -
3290  2.1363e-07  1.3066e-10     8113  897 8113     2    16      0 13660  4.3e-07        -
3292  2.1387e-07   1.176e-10     8121  897 8121     2    16      0 13676  5.8e-09        -
3295  2.1407e-07  6.7071e-11     8127  898 8127     2    16      0 13685  1.2e-07        -
3297  2.1432e-07  1.2073e-10     8133  899 8133     2    16      0 13696  5.4e-09        -
3300  2.1459e-07  8.9029e-11     8139  900 8139     2    16      0 13705  5.1e-07        -
3304  2.1493e-07  7.1942e-11     8151  901 8151     2    16      0 13726  1.9e-08        -
3307  2.1514e-07  7.1942e-11     8157  902 8157     2    16      0 13735  1.6e-07        -
3312   2.155e-07  7.0145e-11 out 8167  902 8167     2    16      0 13752    2e-09        -
3315  2.1571e-07  7.0145e-11     8173  902 8173     2    16      0 13764    2e-09        -
3319  2.1596e-07  3.9565e-11     8181  903 8181     2    16      0 13779  8.1e-10        -
3322  2.1616e-07  7.9129e-11     8187  904 8187     2    16      0 13788  1.3e-07        -
3326  2.1645e-07  5.2177e-11     8195  905 8195     2    16      0 13800  3.2e-09        -
3329  2.1666e-07  1.0435e-10     8201  906 8201     2    16      0 13809    1e-07        -
3333    2.17e-07  6.7381e-11 out 8209  907 8209     2    16      0 13821  5.8e-08        -
3336  2.1732e-07  1.2129e-10     8217  908 8217     2    16      0 13835  5.6e-09        -
3339  2.1759e-07  8.8286e-11     8223  909 8223     2    16      0 13844  4.1e-07        -
3343  2.1793e-07  7.3428e-11     8235  910 8235     2    16      0 13864  7.8e-09        -
3346  2.1815e-07  7.3428e-11     8241  911 8241     2    16      0 13873    7e-08        -
3350  2.1843e-07   6.643e-11     8250  911 8250     2    16      0 13888  1.1e-09        -
3353  2.1863e-07   6.643e-11     8259  911 8259     2    16      0 13906  1.1e-09        -
3356  2.1883e-07   6.643e-11     8268  911 8268     2    16      0 13924  1.1e-09        -
3358  2.1895e-07  5.0711e-11     8277  912 8277     2    16      0 13941  1.1e-09        -
3360   2.191e-07  1.0142e-10     8281  914 8281     2    16      0 13947  3.6e-08        -
3364   2.195e-07  9.7867e-11 out 8289  914 8289     2    16      0 13961  6.3e-09        -
3367  2.1979e-07  9.7867e-11     8295  914 8295     2    16      0 13973  6.4e-09        -
3370     2.2e-07  5.4265e-11 out 8301  915 8301     2    16      0 13983    7e-09        -
3373  2.2027e-07  1.0853e-10     8307  916 8307     2    16      0 13992  2.2e-07        -
3376   2.205e-07  6.0071e-11 out 8313  917 8313     2    16      0 14001  1.2e-08        -
3379  2.2079e-07  1.0813e-10     8321  918 8321     2    16      0 14015  2.2e-09        -
3380  2.2089e-07  1.0583e-10     8327  919 8327     2    16      0 14026  4.3e-08        -
3383  2.2121e-07  1.0583e-10     8333  920 8333     2    16      0 14035    4e-07        -
3385  2.2141e-07  9.1257e-11     8341  921 8341     2    16      0 14049  2.4e-08        -
3388  2.2168e-07  9.1257e-11     8347  922 8347     2    16      0 14058  2.1e-07        -
3391  2.2193e-07  6.7486e-11     8357  923 8357     2    16      0 14075  5.4e-09        -
3394  2.2213e-07  6.7486e-11     8363  924 8363     2    16      0 14084  4.8e-08        -
3398   2.224e-07  6.7486e-11     8371  924 8371     2    16      0 14096  1.3e-07        -
3400   2.225e-07  4.7542e-11 out 8379  926 8379     2    16      0 14110  7.8e-10        -
----       当前进度:  48 % - 组装矩阵
3402  2.2269e-07  9.5084e-11     8383  927 8383     2    16      0 14116  1.2e-07        -
3406    2.23e-07  5.9832e-11 out 8391  928 8391     2    16      0 14128  1.1e-08        -
3411  2.2336e-07  1.1966e-10     8401  929 8401     2    16      0 14143    7e-08        -
3414  2.2357e-07  7.0505e-11     8407  930 8407     2    16      0 14152  4.4e-08        -
3419  2.2392e-07  7.0505e-11     8417  930 8417     2    16      0 14167  1.4e-07        -
3422  2.2408e-07  7.6967e-11     8423  932 8423     2    16      0 14176  7.6e-09        -
3426  2.2438e-07  7.6967e-11     8431  932 8431     2    16      0 14188  1.3e-07        -
3428   2.245e-07  5.7581e-11 out 8439  934 8439     2    16      0 14202  1.8e-09        -
3431  2.2485e-07  1.1516e-10     8445  935 8445     2    16      0 14211  5.2e-07        -
3433    2.25e-07  7.7256e-11 out 8453  937 8453     2    16      0 14225  8.3e-09        -
3437  2.2531e-07  7.7256e-11     8461  937 8461     2    16      0 14237  1.4e-07        -
3439  2.2544e-07  5.6861e-11     8469  938 8469     2    16      0 14251  1.8e-09        -
3442  2.2573e-07  1.1372e-10     8475  940 8475     2    16      0 14260  2.9e-07        -
3444  2.2592e-07  7.9418e-11     8483  941 8483     2    16      0 14274  9.5e-09        -
3447  2.2616e-07  7.9418e-11     8489  942 8489     2    16      0 14283  8.5e-08        -
3451  2.2645e-07  5.1454e-11     8497  943 8497     2    16      0 14295    1e-09        -
3454  2.2665e-07  1.0291e-10     8503  944 8503     2    16      0 14304  2.7e-08        -
3457  2.2693e-07  6.9912e-11     8513  945 8513     2    16      0 14321  3.7e-09        -
3460  2.2714e-07  6.9912e-11     8519  946 8519     2    16      0 14330  3.3e-08        -
3465  2.2746e-07  4.0265e-11     8529  947 8529     2    16      0 14345  2.3e-10        -
3468  2.2766e-07  8.0529e-11     8535  948 8535     2    16      0 14354  3.6e-08        -
3472  2.2795e-07  4.8677e-11     8543  949 8543     2    16      0 14366  6.1e-10        -
3474   2.281e-07  9.7354e-11     8547  950 8547     2    16      0 14372    2e-08        -
3478  2.2844e-07  5.5291e-11     8555  951 8555     2    16      0 14384  1.3e-09        -
3481  2.2872e-07  1.1058e-10     8561  952 8561     2    16      0 14393  2.1e-07        -
3483  2.2892e-07  8.4126e-11     8569  953 8569     2    16      0 14407  1.1e-08        -
3486  2.2917e-07  8.4126e-11     8575  954 8575     2    16      0 14416    1e-07        -
3491  2.2958e-07  8.1749e-11     8585  954 8585     2    16      0 14434  2.5e-09        -
3495  2.2991e-07  8.1749e-11     8593  954 8593     2    16      0 14450  2.5e-09        -
3498  2.3009e-07  9.1255e-11     8599  956 8599     2    16      0 14459  1.6e-08        -
3502  2.3043e-07  6.7489e-11     8611  957 8611     2    16      0 14479  3.3e-09        -
3504  2.3057e-07  6.7489e-11     8615  958 8615     2    16      0 14485  1.6e-08        -
3508  2.3084e-07  6.7489e-11     8623  958 8623     2    16      0 14497  6.7e-08        -
3510  2.3095e-07  4.7532e-11     8631  959 8631     2    16      0 14511  5.4e-10        -
3512  2.3105e-07  4.7532e-11     8635  960 8635     2    16      0 14517  2.7e-09        -
3515  2.3133e-07  9.5065e-11     8641  961 8641     2    16      0 14526  1.5e-07        -
3517   2.315e-07  8.3637e-11 out 8649  961 8649     2    16      0 14542  1.6e-09        -
3519  2.3167e-07  8.3637e-11     8657  961 8657     2    16      0 14558  1.6e-09        -
3521  2.3183e-07  8.3637e-11     8665  961 8665     2    16      0 14574  1.6e-09        -
3522  2.3192e-07  8.2727e-11     8671  962 8671     2    16      0 14585  2.7e-08        -
3525  2.3217e-07  8.2727e-11     8677  963 8677     2    16      0 14594  2.4e-07        -
-----      当前进度:  50 % - 正在组装残差
3529  2.3246e-07  4.3183e-11     8685  964 8685     2    16      0 14606  1.1e-09        -
3532  2.3267e-07  8.6366e-11     8691  965 8691     2    16      0 14615  1.8e-07        -
3536    2.33e-07  7.7269e-11 out 8703  965 8703     2    16      0 14637  1.2e-09        -
3538  2.3315e-07  7.7269e-11     8711  965 8711     2    16      0 14653  1.2e-09        -
3541  2.3339e-07  7.7269e-11     8723  965 8723     2    16      0 14677  1.2e-09        -
3544  2.3356e-07  5.6828e-11     8729  966 8729     2    16      0 14686  3.8e-08        -
3547  2.3384e-07  1.1366e-10     8735  967 8735     2    16      0 14695  6.6e-07        -
3548  2.3392e-07  7.9516e-11     8741  968 8741     2    16      0 14706  2.1e-08        -
3551  2.3416e-07  7.9516e-11     8747  969 8747     2    16      0 14715  1.9e-07        -
3555  2.3445e-07   5.121e-11     8755  970 8755     2    16      0 14727  2.2e-09        -
3558  2.3465e-07  1.0242e-10     8761  971 8761     2    16      0 14736  6.9e-08        -
3561  2.3493e-07  7.0765e-11     8771  972 8771     2    16      0 14753  1.1e-08        -
3564  2.3521e-07  1.4153e-10     8777  974 8777     2    16      0 14762  3.5e-07        -
3565  2.3534e-07  1.2329e-10     8783  975 8783     2    16      0 14773  1.8e-07        -
3568  2.3558e-07  8.2206e-11     8789  976 8789     2    16      0 14782  2.2e-07        -
3572  2.3591e-07  8.2206e-11     8797  976 8797     2    16      0 14794  5.9e-07        -
3575  2.3609e-07  8.8972e-11     8803  978 8803     2    16      0 14803  4.1e-08        -
3578  2.3636e-07  8.8972e-11     8809  978 8809     2    16      0 14812  5.3e-07        -
3579  2.3643e-07  7.2055e-11     8815  979 8815     2    16      0 14823  1.6e-08        -
3582  2.3664e-07  7.2055e-11     8821  980 8821     2    16      0 14832  1.5e-07        -
3586  2.3693e-07  6.9862e-11     8829  980 8829     2    16      0 14845  2.7e-09        -
3589  2.3714e-07  6.9862e-11     8835  980 8835     2    16      0 14857  2.7e-09        -
3593  2.3742e-07  6.9862e-11     8843  980 8843     2    16      0 14873  2.6e-09        -
3596  2.3758e-07   8.083e-11     8849  982 8849     2    16      0 14882  2.6e-08        -
3600   2.379e-07   8.083e-11     8857  982 8857     2    16      0 14894  4.3e-07        -
3603   2.381e-07  9.5849e-11     8863  984 8863     2    16      0 14903  5.6e-08        -
3607  2.3844e-07  5.8302e-11     8871  985 8871     2    16      0 14915  4.6e-09        -
3610  2.3873e-07   1.166e-10     8877  986 8877     2    16      0 14924  7.2e-07        -
3613    2.39e-07  7.5093e-11 out 8883  987 8883     2    16      0 14934  8.1e-08        -
3616  2.3935e-07   1.266e-10     8893  989 8893     2    16      0 14951  2.3e-07        -
3620  2.3965e-07  7.4062e-11     8901  990 8901     2    16      0 14963    2e-07        -
3624  2.3994e-07  6.4845e-11     8911  990 8911     2    16      0 14980  1.3e-09        -
3626  2.4006e-07  6.4845e-11     8919  990 8919     2    16      0 14996  1.3e-09        -
3629  2.4026e-07  6.4845e-11     8931  990 8931     2    16      0 15020  1.2e-09        -
3632  2.4044e-07  5.5466e-11     8945  991 8945     2    16      0 15047  3.9e-09        -
3635  2.4067e-07  1.1093e-10     8951  993 8951     2    16      0 15056  1.2e-07        -
3638  2.4094e-07  5.5871e-11     8957  994 8957     2    16      0 15066  3.9e-09        -
3642  2.4134e-07  1.1174e-10     8965  995 8965     2    16      0 15079  9.4e-10        -
3644   2.415e-07  8.2388e-11 out 8973  997 8973     2    16      0 15093  2.6e-08        -
3648  2.4183e-07  8.2388e-11     8981  997 8981     2    16      0 15105  4.4e-07        -
3651    2.42e-07  4.4029e-11 out 8987  998 8987     2    16      0 15114  5.4e-09        -
3655  2.4235e-07  8.8058e-11     8995  999 8995     2    16      0 15126  4.5e-07        -
3657   2.425e-07  7.3883e-11 out 9003 1001 9003     2    16      0 15140  1.4e-08        -
-----      当前进度:  52 % - 正在组装残差
3659  2.4277e-07  1.2564e-10     9011 1003 9011     2    16      0 15154  2.1e-07        -
3663  2.4323e-07   1.133e-10     9019 1004 9019     2    16      0 15168  1.9e-09        -
3665  2.4342e-07  8.0055e-11     9027 1005 9027     2    16      0 15183  2.6e-08        -
3669  2.4374e-07  8.0055e-11     9035 1006 9035     2    16      0 15195  3.4e-07        -
3673    2.44e-07  4.9862e-11 out 9043 1007 9043     2    16      0 15207  1.3e-08        -
3676   2.443e-07  9.9724e-11     9049 1008 9049     2    16      0 15216  7.4e-07        -
3679   2.445e-07  5.0553e-11 out 9055 1009 9055     2    16      0 15226  1.3e-08        -
3683   2.449e-07  9.8342e-11     9063 1010 9063     2    16      0 15239  1.1e-08        -
3687   2.453e-07  9.8342e-11     9071 1010 9071     2    16      0 15255  1.1e-08        -
3691  2.4561e-07  1.0663e-10     9079 1012 9079     2    16      0 15268  9.6e-08        -
3694  2.4591e-07  9.0051e-11     9089 1013 9089     2    16      0 15285    4e-08        -
3697  2.4618e-07  9.0051e-11     9095 1014 9095     2    16      0 15294  3.6e-07        -
3700  2.4643e-07  6.9898e-11     9105 1015 9105     2    16      0 15311  1.2e-08        -
3703  2.4671e-07   1.398e-10     9111 1017 9111     2    16      0 15320  3.7e-07        -
3706    2.47e-07  8.2245e-11 out 9119 1018 9119     2    16      0 15334  1.4e-07        -
3711  2.4741e-07  8.2245e-11     9129 1018 9129     2    16      0 15349  6.5e-07        -
3714  2.4759e-07  8.8773e-11     9135 1020 9135     2    16      0 15358  4.2e-08        -
3718  2.4793e-07  7.2455e-11     9147 1021 9147     2    16      0 15378  1.5e-08        -
3722  2.4822e-07  7.2455e-11     9155 1022 9155     2    16      0 15390  1.9e-07        -
3727  2.4857e-07  6.8863e-11     9165 1022 9165     2    16      0 15408  4.8e-09        -
3732  2.4891e-07  6.8863e-11     9175 1022 9175     2    16      0 15428  4.5e-09        -
3735  2.4909e-07  8.6822e-11     9181 1024 9181     2    16      0 15437  3.2e-08        -
3739  2.4942e-07  7.6357e-11     9191 1024 9191     2    16      0 15454  2.4e-09        -
3742  2.4965e-07  7.6357e-11     9203 1024 9203     2    16      0 15478  2.4e-09        -
3745  2.4993e-07  6.7732e-11     9211 1026 9211     2    16      0 15492    9e-09        -
3748   2.502e-07  1.3546e-10     9217 1027 9217     2    16      0 15501  2.9e-07        -
3751   2.505e-07  8.7442e-11 out 9225 1028 9225     2    16      0 15515  1.7e-07        -
3756  2.5092e-07  7.5116e-11     9239 1029 9239     2    16      0 15538  1.8e-08        -
3760  2.5123e-07  7.5116e-11     9247 1030 9247     2    16      0 15550  2.4e-07        -
3763  2.5144e-07  6.2211e-11     9257 1031 9257     2    16      0 15567  7.5e-09        -
3766  2.5162e-07  6.2211e-11     9263 1032 9263     2    16      0 15576  6.7e-08        -
3770  2.5187e-07  6.2211e-11     9271 1032 9271     2    16      0 15588  1.8e-07        -
3773    2.52e-07  3.2261e-11 out 9277 1033 9277     2    16      0 15597  1.3e-09        -
3776  2.5219e-07  6.4523e-11     9283 1034 9283     2    16      0 15606  7.4e-08        -
3779  2.5239e-07  6.4523e-11     9289 1034 9289     2    16      0 15615  1.7e-07        -
3781   2.525e-07  5.6431e-11 out 9297 1034 9297     2    16      0 15631    9e-10        -
3783  2.5267e-07  1.1286e-10     9303 1035 9303     2    16      0 15642  1.3e-07        -
3788  2.5322e-07  1.0892e-10     9313 1035 9313     2    16      0 15661  2.3e-08        -
3790  2.5343e-07  7.0539e-11     9321 1037 9321     2    16      0 15675  1.1e-08        -
3794  2.5384e-07  1.2697e-10     9331 1038 9331     2    16      0 15692  9.3e-09        -
3797  2.5408e-07  8.0706e-11     9337 1039 9337     2    16      0 15701  2.3e-07        -
-----      当前进度:  54 % - 
3802  2.5445e-07  4.8235e-11     9347 1040 9347     2    16      0 15716  8.9e-11        -
3806  2.5479e-07  9.6469e-11     9355 1041 9355     2    16      0 15728  2.6e-08        -
3810  2.5511e-07  1.1412e-10     9363 1043 9363     2    16      0 15740  7.1e-09        -
3813  2.5542e-07  7.8815e-11     9373 1044 9373     2    16      0 15757  1.1e-09        -
3817  2.5574e-07  7.8815e-11     9381 1045 9381     2    16      0 15769  1.4e-08        -
3820  2.5595e-07  5.2961e-11     9391 1046 9391     2    16      0 15786  1.5e-10        -
3823  2.5621e-07  1.0592e-10     9397 1048 9397     2    16      0 15795  2.3e-08        -
3825  2.5641e-07  9.1116e-11     9405 1049 9405     2    16      0 15809  2.2e-09        -
3829  2.5677e-07  9.1116e-11     9413 1050 9413     2    16      0 15821  2.6e-08        -
3831    2.57e-07  1.1333e-10 out 9421 1052 9421     2    16      0 15835    6e-09        -
3833  2.5726e-07  1.2342e-10     9429 1054 9429     2    17      0 15850  2.4e-09        -
3834  2.5738e-07  1.1972e-10     9435 1055 9435     2    17      0 15861  7.8e-09        -
3838  2.5786e-07  1.1972e-10     9443 1056 9443     2    17      0 15873    1e-07        -
3842  2.5814e-07  7.0416e-11     9451 1057 9451     2    17      0 15885  7.9e-09        -
3847  2.5846e-07  3.8752e-11     9461 1058 9461     2    17      0 15900  3.4e-11        -
3851  2.5873e-07  7.7504e-11     9469 1059 9469     2    17      0 15912    1e-08        -
3854  2.5894e-07  5.6241e-11     9479 1060 9479     2    17      0 15929  2.3e-10        -
3857  2.5917e-07  1.1248e-10     9485 1062 9485     2    17      0 15938  7.4e-09        -
3861  2.5961e-07   1.094e-10     9493 1062 9493     2    17      0 15953  5.4e-09        -
3864  2.5991e-07  8.5905e-11     9503 1063 9503     2    17      0 15972  1.8e-09        -
3867  2.6017e-07  8.5905e-11     9509 1064 9509     2    17      0 15981  1.5e-08        -
3871   2.605e-07  7.8191e-11 out 9519 1064 9519     2    17      0 15999  1.4e-09        -
3874  2.6073e-07  7.8191e-11     9528 1064 9528     2    17      0 16017  1.5e-09        -
3877  2.6095e-07  5.4523e-11     9536 1065 9536     2    17      0 16032  1.7e-10        -
3881  2.6133e-07  1.0905e-10     9544 1066 9544     2    17      0 16044  1.2e-07        -
3882  2.6141e-07  8.6432e-11     9550 1067 9550     2    17      0 16055  4.2e-09        -
3886  2.6176e-07  8.6432e-11     9558 1068 9558     2    17      0 16067  5.4e-08        -
3889    2.62e-07  7.7136e-11 out 9568 1068 9568     2    17      0 16086  4.4e-10        -
3892  2.6223e-07  7.7136e-11     9580 1068 9580     2    17      0 16110  4.3e-10        -
3894  2.6239e-07  7.7136e-11     9588 1068 9588     2    17      0 16126  4.3e-10        -
3896   2.625e-07   5.716e-11 out 9592 1069 9592     2    17      0 16132  2.9e-09        -
3901  2.6279e-07   5.716e-11     9602 1069 9602     2    17      0 16147  1.4e-08        -
3905    2.63e-07  4.9941e-11 out 9614 1069 9614     2    17      0 16169  1.4e-10        -
3908   2.633e-07  9.9883e-11     9620 1070 9620     2    17      0 16178  8.2e-08        -
3911   2.635e-07  5.0234e-11 out 9626 1071 9626     2    17      0 16187  1.4e-09        -
3915   2.639e-07  9.9297e-11     9634 1072 9634     2    17      0 16200  8.2e-10        -
3919   2.643e-07  9.9297e-11     9642 1072 9642     2    17      0 16216  6.8e-10        -
3923  2.6455e-07  5.1407e-11     9650 1073 9650     2    17      0 16229  2.6e-09        -
3926  2.6486e-07  1.0281e-10     9656 1074 9656     2    17      0 16238  8.2e-08        -
3928    2.65e-07  7.0076e-11 out 9664 1076 9664     2    17      0 16252  1.4e-09        -
3933  2.6535e-07  7.0076e-11     9674 1076 9674     2    17      0 16267  2.9e-08        -
3937  2.6558e-07  7.9542e-11     9682 1078 9682     2    17      0 16279    3e-09        -
3942  2.6595e-07  5.1146e-11     9692 1079 9692     2    17      0 16294  3.5e-10        -
-----      当前进度:  56 % - 正在组装残差
3945   2.662e-07  1.0229e-10     9698 1080 9698     2    17      0 16303  5.7e-08        -
3948   2.665e-07  9.6563e-11 out 9706 1080 9706     2    17      0 16318  7.7e-10        -
3951  2.6679e-07  9.6563e-11     9715 1080 9715     2    17      0 16336  7.7e-10        -
3954    2.67e-07  5.6873e-11 out 9722 1081 9722     2    17      0 16348  2.8e-09        -
3958  2.6742e-07  7.9381e-11     9734 1083 9734     2    17      0 16368  2.8e-09        -
3962  2.6774e-07  7.9381e-11     9742 1084 9742     2    17      0 16380  3.5e-08        -
3966    2.68e-07  5.1548e-11 out 9750 1085 9750     2    17      0 16392  1.5e-09        -
3970   2.684e-07  9.5357e-11     9759 1086 9759     2    17      0 16407  1.6e-09        -
3974  2.6879e-07  9.5357e-11     9771 1086 9771     2    17      0 16431  1.6e-09        -
3977    2.69e-07  5.9286e-11 out 9778 1087 9778     2    17      0 16443  5.5e-09        -
3981   2.694e-07  1.0179e-10     9790 1089 9790     2    17      0 16463  1.7e-08        -
3983   2.696e-07  1.0179e-10     9794 1090 9794     2    17      0 16469  8.6e-08        -
3988   2.701e-07  9.7321e-11     9804 1090 9804     2    17      0 16487  3.1e-09        -
3992  2.7044e-07  5.5358e-11     9812 1091 9812     2    17      0 16502  8.2e-10        -
3996  2.7083e-07  1.1072e-10     9820 1092 9820     2    17      0 16514  2.3e-07        -
3998    2.71e-07  8.3925e-11 out 9828 1094 9828     2    17      0 16528  6.1e-09        -
4002  2.7134e-07  8.3925e-11     9836 1094 9836     2    17      0 16540    1e-07        -
4007  2.7175e-07  8.2151e-11     9846 1094 9846     2    17      0 16560  5.3e-10        -
4010  2.7196e-07  4.4623e-11     9852 1095 9852     2    17      0 16571  2.4e-10        -
4014  2.7227e-07  8.9246e-11     9860 1096 9860     2    17      0 16583    7e-08        -
4016  2.7243e-07  7.1507e-11     9868 1097 9868     2    17      0 16597  2.7e-09        -
4019  2.7264e-07  7.1507e-11     9874 1098 9874     2    17      0 16606  2.4e-08        -
4024    2.73e-07  7.1232e-11 out 9884 1098 9884     2    17      0 16623  2.7e-11        -
4029  2.7336e-07  7.1232e-11     9894 1098 9894     2    17      0 16643  7.4e-11        -
4033  2.7357e-07  7.2609e-11     9902 1100 9902     2    17      0 16656  3.5e-09        -
4036  2.7379e-07  7.2609e-11     9908 1100 9908     2    17      0 16665  4.5e-08        -
4040  2.7407e-07  6.8478e-11     9916 1100 9916     2    17      0 16680  1.4e-09        -
4045  2.7441e-07  6.8478e-11     9926 1100 9926     2    17      0 16700  1.6e-09        -
4048  2.7459e-07   8.913e-11     9932 1102 9932     2    17      0 16709  8.7e-09        -
4052  2.7493e-07  7.1739e-11     9944 1103 9944     2    17      0 16729  2.3e-09        -
4056  2.7522e-07  7.1739e-11     9952 1104 9952     2    17      0 16741  3.4e-08        -
4061  2.7557e-07  7.0652e-11     9962 1104 9962     2    17      0 16759  2.4e-10        -
4066  2.7592e-07  7.0652e-11     9972 1104 9972     2    17      0 16779  2.2e-10        -
4069  2.7608e-07  7.6088e-11     9978 1106 9978     2    17      0 16788  5.6e-09        -
4074  2.7644e-07   5.978e-11     9992 1107 9992     2    17      0 16811  1.7e-09        -
4077  2.7668e-07  1.1956e-10     9998 1109 9998     2    17      0 16820  5.6e-08        -
4079   2.769e-07  1.0055e-10     10006 1110 10006     2    17      0 16834  2.4e-08        -
4082   2.772e-07  1.0055e-10     10012 1111 10012     2    17      0 16843  2.2e-07        -
4087   2.777e-07  9.9175e-11     10022 1111 10022     2    17      0 16862  5.1e-10        -
4091    2.78e-07   5.165e-11 out 10030 1112 10030     2    17      0 16876  4.2e-09        -
4095   2.784e-07  9.5051e-11     10039 1113 10039     2    17      0 16891    4e-10        -
4099  2.7879e-07  9.5051e-11     10051 1113 10051     2    17      0 16915  3.8e-10        -
4103  2.7906e-07  5.9899e-11     10060 1114 10060     2    17      0 16930  1.4e-08        -
-----      当前进度:  59 % - 正在组装残差
4106   2.794e-07  1.0025e-10     10070 1116 10070     2    17      0 16947    2e-08        -
4110   2.798e-07  1.0025e-10     10078 1117 10078     2    17      0 16959  2.6e-07        -
4115   2.803e-07   9.962e-11     10088 1117 10088     2    17      0 16979  9.9e-10        -
4119  2.8055e-07   5.076e-11     10096 1118 10096     2    17      0 16992  7.3e-09        -
4123  2.8093e-07   7.234e-11     10108 1120 10108     2    17      0 17012    5e-09        -
4127  2.8122e-07   7.234e-11     10116 1121 10116     2    17      0 17024  6.5e-08        -
4132  2.8157e-07   6.915e-11     10126 1121 10126     2    17      0 17042  5.9e-10        -
4137  2.8191e-07   6.915e-11     10136 1121 10136     2    17      0 17062  7.2e-10        -
4140  2.8209e-07  8.5098e-11     10142 1123 10142     2    17      0 17071  8.1e-09        -
4145   2.825e-07  7.9803e-11 out 10154 1123 10154     2    17      0 17092  2.7e-10        -
4149  2.8282e-07  7.9803e-11     10166 1123 10166     2    17      0 17116  2.6e-10        -
4153   2.831e-07  1.0098e-10     10175 1125 10175     2    17      0 17131  1.8e-08        -
4158   2.836e-07  9.8526e-11     10185 1125 10185     2    17      0 17149  9.4e-10        -
4162  2.8395e-07  5.2949e-11     10193 1126 10193     2    17      0 17164  7.6e-10        -
4166  2.8426e-07   1.059e-10     10201 1127 10201     2    17      0 17176  1.2e-07        -
4170  2.8456e-07  6.4679e-11     10209 1128 10209     2    17      0 17188  1.9e-08        -
4175  2.8489e-07  6.4679e-11     10219 1128 10219     2    17      0 17203  6.1e-08        -
4178  2.8506e-07  5.5962e-11     10231 1128 10231     2    17      0 17227  1.6e-10        -
4180  2.8517e-07  5.5962e-11     10239 1128 10239     2    17      0 17243  1.7e-10        -
4183  2.8534e-07  5.5962e-11     10251 1128 10251     2    17      0 17267  1.9e-10        -
4185  2.8545e-07  5.4134e-11     10261 1129 10261     2    17      0 17286  8.4e-10        -
4190  2.8572e-07  5.4134e-11     10271 1130 10271     2    17      0 17301  1.4e-08        -
4195  2.8597e-07  3.3463e-11     10281 1131 10281     2    17      0 17316    7e-11        -
4200  2.8627e-07  6.6925e-11     10291 1132 10291     2    17      0 17331  2.9e-08        -
4203  2.8645e-07  4.9224e-11     10301 1133 10301     2    17      0 17348  4.7e-10        -
4206  2.8665e-07  9.8448e-11     10307 1135 10307     2    17      0 17357  1.5e-08        -
4209  2.8692e-07  7.7716e-11     10317 1136 10317     2    17      0 17374  4.7e-09        -
4214  2.8731e-07  7.7716e-11     10327 1137 10327     2    17      0 17389  7.9e-08        -
4217   2.875e-07   5.571e-11 out 10337 1139 10337     2    17      0 17406  9.6e-10        -
4223  2.8783e-07   5.571e-11     10349 1139 10349     2    17      0 17424  2.6e-08        -
4229  2.8817e-07  5.5014e-11     10361 1139 10361     2    17      0 17447  3.8e-11        -
4235  2.8847e-07  2.9945e-11     10373 1140 10373     2    17      0 17470  3.8e-11        -
4238  2.8862e-07  5.9889e-11     10379 1141 10379     2    17      0 17479  6.1e-09        -
4244  2.8896e-07  4.0387e-11     10395 1142 10395     2    17      0 17505  1.6e-10        -
4248  2.8924e-07  8.0774e-11     10403 1144 10403     2    17      0 17517  4.5e-08        -
4253   2.896e-07  9.6132e-11     10413 1146 10413     2    17      0 17532  1.1e-08        -
4258     2.9e-07  5.7736e-11 out 10423 1147 10423     2    17      0 17547  4.2e-09        -
4264  2.9035e-07  5.7736e-11     10435 1147 10435     2    17      0 17565  2.4e-08        -
4267   2.905e-07  4.7924e-11 out 10445 1149 10445     2    17      0 17582  3.3e-10        -
4272  2.9092e-07  8.2266e-11     10459 1151 10459     2    17      0 17605    5e-09        -
4277  2.9133e-07  8.2266e-11     10469 1152 10469     2    17      0 17620  8.4e-08        -
4281  2.9159e-07  8.8668e-11     10477 1154 10477     2    17      0 17632  7.7e-09        -
4285  2.9193e-07  7.2663e-11     10489 1155 10489     2    17      0 17652  2.9e-09        -
4289  2.9222e-07  7.2663e-11     10497 1156 10497     2    17      0 17664  3.8e-08        -
------     当前进度:  61 % - 正在组装残差
4292  2.9243e-07  6.8342e-11     10503 1156 10503     2    17      0 17674  3.8e-09        -
4294  2.9257e-07  6.8342e-11     10507 1156 10507     2    17      0 17682  3.8e-09        -
4298  2.9284e-07  6.8342e-11     10515 1156 10515     2    17      0 17698  3.7e-09        -
4300  2.9296e-07  4.4974e-11     10519 1157 10519     2    17      0 17705  2.4e-10        -
4303  2.9318e-07  8.9948e-11     10525 1158 10525     2    17      0 17714  3.8e-08        -
4304  2.9327e-07  8.9948e-11     10527 1158 10527     2    17      0 17717  6.8e-08        -
4306  2.9343e-07  7.0105e-11     10535 1159 10535     2    17      0 17731  2.1e-09        -
4310  2.9371e-07  7.0105e-11     10543 1160 10543     2    17      0 17743  2.7e-08        -
4314  2.9396e-07  3.9685e-11     10551 1161 10551     2    17      0 17755    4e-12        -
4318  2.9424e-07   7.937e-11     10559 1162 10559     2    17      0 17767  3.3e-10        -
4322   2.945e-07  5.1574e-11 out 10567 1163 10567     2    17      0 17779  2.8e-11        -
4326  2.9486e-07  1.0315e-10     10575 1164 10575     2    17      0 17791  1.4e-09        -
4328    2.95e-07   6.949e-11 out 10583 1166 10583     2    17      0 17805  9.9e-11        -
4333  2.9535e-07   6.949e-11     10593 1166 10593     2    17      0 17820  4.3e-10        -
4337  2.9558e-07  8.3058e-11     10601 1168 10601     2    17      0 17832  2.2e-10        -
4341  2.9592e-07  8.3058e-11     10609 1168 10609     2    17      0 17844  7.8e-10        -
4344  2.9608e-07  8.4709e-11     10615 1170 10615     2    17      0 17853  2.1e-10        -
4347  2.9634e-07  8.4709e-11     10621 1170 10621     2    17      0 17862  5.4e-10        -
4351  2.9666e-07  8.0581e-11     10629 1170 10629     2    17      0 17878  4.4e-09        -
4355  2.9695e-07  4.8547e-11     10637 1171 10637     2    17      0 17893  1.7e-11        -
4358  2.9719e-07  9.7093e-11     10643 1172 10643     2    17      0 17902  5.5e-10        -
4361  2.9744e-07  5.5813e-11     10649 1173 10649     2    17      0 17911  3.9e-11        -
4365  2.9783e-07  1.1163e-10     10657 1174 10657     2    17      0 17923  1.2e-09        -
4366  2.9792e-07   8.256e-11     10663 1175 10663     2    17      0 17934  2.8e-10        -
4370  2.9825e-07   8.256e-11     10671 1176 10671     2    17      0 17946  2.7e-10        -
4374   2.985e-07    4.36e-11 out 10679 1177 10679     2    17      0 17958    1e-11        -
4378  2.9885e-07    8.72e-11     10687 1178 10687     2    17      0 17970  3.5e-10        -
4381  2.9908e-07    7.56e-11     10699 1178 10699     2    17      0 17994  1.6e-09        -
4384   2.993e-07    7.56e-11     10711 1178 10711     2    17      0 18018  1.6e-09        -
4386  2.9944e-07     6.1e-11     10721 1179 10721     2    17      0 18037  4.2e-11        -
4390  2.9968e-07     6.1e-11     10729 1180 10729     2    17      0 18049  1.1e-10        -
4395  2.9996e-07    3.65e-11     10739 1181 10739     2    17      0 18064  3.4e-12        -
4399  3.0022e-07     7.3e-11     10747 1182 10747     2    17      0 18076  2.8e-10        -
4403   3.005e-07    6.75e-11 out 10757 1182 10757     2    17      0 18094  6.2e-10        -
4406  3.0088e-07   1.215e-10     10767 1183 10767     2    17      0 18113  3.1e-09        -
4410  3.0118e-07    1.22e-10     10775 1185 10775     2    17      0 18125  8.7e-10        -
4412   3.014e-07  9.7497e-11     10783 1186 10783     2    17      0 18139  3.4e-10        -
4416  3.0179e-07  9.7497e-11     10791 1187 10791     2    17      0 18151  1.2e-09        -
4420  3.0211e-07  1.1001e-10     10799 1189 10799     2    17      0 18163  1.1e-09        -
4423  3.0242e-07  8.4983e-11     10809 1190 10809     2    17      0 18180  2.9e-10        -
4427  3.0275e-07  8.4983e-11     10817 1191 10817     2    17      0 18192  6.5e-10        -
4432  3.0316e-07  8.0034e-11     10827 1191 10827     2    17      0 18211  5.6e-09        -
4436  3.0345e-07  4.9915e-11     10835 1192 10835     2    17      0 18226  1.5e-11        -
4440  3.0375e-07  9.9831e-11     10843 1193 10843     2    17      0 18238  5.3e-10        -
4442  3.0392e-07  7.5296e-11     10851 1194 10851     2    17      0 18252  1.3e-10        -
4446  3.0423e-07  7.5296e-11     10859 1195 10859     2    17      0 18264  1.9e-10        -
------     当前进度:  64 % - 组装矩阵
4449  3.0444e-07  6.1761e-11     10869 1196 10869     2    17      0 18281  5.7e-11        -
4453  3.0469e-07  6.1761e-11     10877 1197 10877     2    17      0 18293  6.2e-11        -
4458  3.0497e-07  3.3838e-11     10887 1198 10887     2    17      0 18308  3.1e-12        -
4461  3.0514e-07  6.7676e-11     10893 1199 10893     2    17      0 18317  9.9e-11        -
4466  3.0545e-07  4.6971e-11     10907 1200 10907     2    17      0 18340  1.6e-11        -
4469  3.0564e-07  9.3942e-11     10913 1202 10913     2    17      0 18349  4.9e-10        -
4473    3.06e-07  8.5602e-11 out 10923 1202 10923     2    17      0 18367  2.7e-09        -
4477  3.0634e-07  8.5602e-11     10935 1202 10935     2    17      0 18391  2.7e-09        -
4479   3.065e-07  7.8795e-11 out 10943 1204 10943     2    17      0 18405  1.6e-10        -
4484  3.0689e-07  7.8795e-11     10953 1204 10953     2    17      0 18420  5.2e-10        -
4486    3.07e-07  5.3012e-11 out 10961 1206 10961     2    17      0 18434    2e-11        -
4491  3.0727e-07  5.3012e-11     10971 1206 10971     2    17      0 18449    1e-10        -
4495  3.0746e-07  3.7953e-11     10983 1207 10983     2    17      0 18469  4.2e-12        -
4498  3.0765e-07  7.5906e-11     10989 1209 10989     2    17      0 18478  2.8e-10        -
4502  3.0794e-07  6.0235e-11     11001 1210 11001     2    17      0 18498  4.8e-11        -
4506  3.0818e-07  6.0235e-11     11009 1211 11009     2    17      0 18510  1.1e-10        -
4511  3.0846e-07  3.9176e-11     11019 1212 11019     2    17      0 18525    6e-12        -
4515  3.0874e-07  7.8352e-11     11027 1213 11027     2    17      0 18537  2.9e-10        -
4518  3.0895e-07  5.4121e-11     11037 1214 11037     2    17      0 18554  3.3e-11        -
4521  3.0922e-07  1.0824e-10     11043 1216 11043     2    17      0 18563  1.2e-09        -
4523  3.0941e-07  8.7638e-11     11051 1217 11051     2    17      0 18577  3.5e-10        -
4527  3.0976e-07  8.7638e-11     11059 1218 11059     2    17      0 18589  7.1e-10        -
4529  3.0993e-07  7.4724e-11     11067 1219 11067     2    17      0 18603  1.4e-10        -
4533  3.1022e-07  7.4724e-11     11075 1220 11075     2    17      0 18615  3.2e-10        -
4536  3.1044e-07   6.319e-11     11085 1221 11085     2    17      0 18632    5e-11        -
4540  3.1069e-07   6.319e-11     11093 1222 11093     2    17      0 18644  1.2e-10        -
4545    3.11e-07  6.0431e-11 out 11103 1222 11103     2    17      0 18661  1.4e-09        -
4550   3.113e-07  6.0431e-11     11113 1222 11113     2    17      0 18681  1.4e-09        -
4554   3.115e-07   3.849e-11 out 11121 1223 11121     2    17      0 18695  4.5e-12        -
4558  3.1181e-07  7.6981e-11     11129 1224 11129     2    17      0 18707  1.9e-10        -
4560  3.1194e-07  5.7548e-11     11137 1225 11137     2    17      0 18721    4e-11        -
4563  3.1217e-07   1.151e-10     11143 1227 11143     2    17      0 18730  1.3e-09        -
4566   3.125e-07  1.0613e-10 out 11151 1227 11151     2    17      0 18745  4.9e-09        -
4569  3.1282e-07  1.0613e-10     11160 1227 11160     2    17      0 18763  4.9e-09        -
4571    3.13e-07  9.0806e-11 out 11168 1229 11168     2    17      0 18777    4e-10        -
4576  3.1343e-07  6.8389e-11     11182 1230 11182     2    17      0 18800  8.7e-11        -
4580  3.1371e-07  6.8389e-11     11190 1231 11190     2    17      0 18812  1.2e-10        -
4584  3.1396e-07  4.4834e-11     11198 1232 11198     2    17      0 18824  8.8e-12        -
4588  3.1427e-07  8.9669e-11     11206 1233 11206     2    17      0 18836  5.2e-10        -
4590  3.1443e-07  7.0662e-11     11214 1234 11214     2    17      0 18850  8.2e-11        -
4594  3.1471e-07  7.0662e-11     11222 1235 11222     2    17      0 18862  2.8e-10        -
4598  3.1496e-07  3.8013e-11     11230 1236 11230     2    17      0 18874  3.7e-12        -
4602  3.1523e-07  7.6025e-11     11238 1237 11238     2    17      0 18886  2.6e-10        -
4605  3.1544e-07  5.9937e-11     11248 1238 11248     2    17      0 18903  4.2e-11        -
------     当前进度:  66 % - 
4608  3.1562e-07  5.9937e-11     11254 1239 11254     2    17      0 18912  6.8e-11        -
4611   3.159e-07  1.0016e-10     11264 1241 11264     2    17      0 18929  6.3e-10        -
4615   3.163e-07  1.0016e-10     11272 1242 11272     2    17      0 18941  1.1e-09        -
4620   3.168e-07  9.9764e-11     11282 1242 11282     2    17      0 18961  5.7e-10        -
4624   3.171e-07  1.0095e-10     11290 1244 11290     2    17      0 18974  6.5e-10        -
4629   3.176e-07  9.8582e-11     11300 1244 11300     2    17      0 18992  4.6e-09        -
4633  3.1795e-07  5.2835e-11     11308 1245 11308     2    17      0 19007  1.9e-11        -
4638  3.1821e-07  5.2835e-11     11318 1245 11318     2    17      0 19022  6.7e-11        -
4640  3.1841e-07  9.1495e-11     11326 1247 11326     2    17      0 19036  2.9e-10        -
4644  3.1877e-07  9.1495e-11     11334 1248 11334     2    17      0 19048  4.9e-10        -
4646  3.1893e-07  6.7011e-11     11342 1249 11342     2    17      0 19062  7.2e-11        -
4650   3.192e-07  6.7011e-11     11350 1250 11350     2    17      0 19074  8.8e-11        -
4654  3.1945e-07  4.8968e-11     11362 1251 11362     2    17      0 19094  1.8e-11        -
4657  3.1965e-07  9.7936e-11     11368 1253 11368     2    17      0 19103  5.8e-10        -
4660  3.1992e-07  7.8612e-11     11378 1254 11378     2    17      0 19120    2e-10        -
4664  3.2024e-07  7.8612e-11     11386 1255 11386     2    17      0 19132  1.8e-10        -
4667  3.2045e-07  5.3471e-11     11396 1256 11396     2    17      0 19149  2.7e-11        -
4670  3.2071e-07  1.0694e-10     11402 1258 11402     2    17      0 19158  8.7e-10        -
4672  3.2091e-07  8.9587e-11     11410 1259 11410     2    17      0 19172  3.4e-10        -
4675  3.2118e-07  8.9587e-11     11416 1260 11416     2    17      0 19181  4.3e-10        -
4678  3.2143e-07  7.0826e-11     11426 1261 11426     2    17      0 19198  9.9e-11        -
4682  3.2171e-07  7.0826e-11     11434 1262 11434     2    17      0 19210  2.2e-10        -
4686  3.2196e-07  3.7522e-11     11442 1263 11442     2    17      0 19222    4e-12        -
4690  3.2223e-07  7.5044e-11     11450 1264 11450     2    17      0 19234  2.9e-10        -
4693  3.2244e-07   6.239e-11     11460 1265 11460     2    17      0 19251    6e-11        -
4697  3.2269e-07   6.239e-11     11468 1266 11468     2    17      0 19263  1.4e-10        -
4702  3.2297e-07  3.1636e-11     11478 1267 11478     2    17      0 19278  1.7e-12        -
4706  3.2319e-07  6.3271e-11     11486 1268 11486     2    17      0 19290  9.2e-11        -
4711   3.235e-07  6.0187e-11 out 11496 1268 11496     2    17      0 19307  1.6e-09        -
4716   3.238e-07  6.0187e-11     11506 1268 11506     2    17      0 19327  1.7e-09        -
4720    3.24e-07  3.9346e-11 out 11514 1269 11514     2    17      0 19341  7.2e-12        -
4724  3.2431e-07  7.8692e-11     11522 1270 11522     2    17      0 19353  3.7e-10        -
4726  3.2445e-07   5.327e-11     11530 1271 11530     2    17      0 19367  2.6e-11        -
4729  3.2471e-07  1.0654e-10     11536 1273 11536     2    17      0 19376    1e-09        -
4731  3.2491e-07   9.019e-11     11544 1274 11544     2    17      0 19390  3.4e-10        -
4735  3.2527e-07   9.019e-11     11552 1275 11552     2    17      0 19402  7.7e-10        -
4737  3.2543e-07   6.962e-11     11560 1276 11560     2    17      0 19416  8.7e-11        -
4740  3.2564e-07   6.962e-11     11566 1277 11566     2    17      0 19425  1.5e-10        -
4745  3.2596e-07  4.1139e-11     11576 1278 11576     2    17      0 19440  6.2e-12        -
4749  3.2625e-07  8.2278e-11     11584 1279 11584     2    17      0 19452  2.8e-10        -
4753   3.265e-07  4.4306e-11 out 11592 1280 11592     2    17      0 19464  9.9e-12        -
4757  3.2685e-07  8.8612e-11     11600 1281 11600     2    17      0 19476  4.2e-10        -
4759    3.27e-07  7.2777e-11 out 11608 1283 11608     2    17      0 19490  1.2e-10        -
4764  3.2736e-07  7.2777e-11     11618 1283 11618     2    17      0 19505  1.8e-10        -
4769   3.277e-07  6.8059e-11     11628 1283 11628     2    17      0 19525  4.4e-09        -
4773  3.2795e-07  4.5824e-11     11636 1284 11636     2    17      0 19540  1.2e-11        -
------     当前进度:  68 % - 正在组装残差
4777  3.2827e-07  9.1648e-11     11644 1285 11644     2    17      0 19552  3.8e-10        -
4779  3.2843e-07  6.6705e-11     11652 1286 11652     2    17      0 19566  7.5e-11        -
4783   3.287e-07  6.6705e-11     11660 1287 11660     2    17      0 19578  9.3e-11        -
4787  3.2895e-07  4.9885e-11     11672 1288 11672     2    17      0 19598  1.6e-11        -
4790   3.292e-07   9.977e-11     11678 1290 11678     2    17      0 19607  6.2e-10        -
4793  3.2945e-07  5.0459e-11     11684 1291 11684     2    17      0 19616  1.7e-11        -
4796   3.297e-07  1.0092e-10     11690 1292 11690     2    17      0 19625  7.6e-10        -
4800   3.301e-07  9.8622e-11     11698 1292 11698     2    17      0 19640  4.9e-09        -
4804  3.3045e-07  5.2755e-11     11706 1293 11706     2    17      0 19655  2.3e-11        -
4807  3.3071e-07  1.0551e-10     11712 1294 11712     2    17      0 19664  1.2e-09        -
4810    3.31e-07  9.1735e-11 out 11722 1294 11722     2    17      0 19683  4.4e-09        -
4813  3.3128e-07  9.1735e-11     11734 1294 11734     2    17      0 19707  4.4e-09        -
4816   3.315e-07  6.6531e-11 out 11742 1295 11742     2    17      0 19721  1.2e-10        -
4821  3.3183e-07  6.6531e-11     11752 1295 11752     2    17      0 19736  3.8e-10        -
4823  3.3195e-07  5.0407e-11     11760 1296 11760     2    17      0 19750  1.8e-11        -
4826  3.3215e-07  1.0081e-10     11766 1298 11766     2    17      0 19759  6.2e-10        -
4829  3.3243e-07  7.3574e-11     11776 1299 11776     2    17      0 19776  1.2e-10        -
4832  3.3265e-07  7.3574e-11     11782 1300 11782     2    17      0 19785  2.9e-10        -
4837    3.33e-07  6.6065e-11 out 11794 1300 11794     2    17      0 19806    2e-09        -
4840   3.332e-07  6.6065e-11     11803 1300 11803     2    17      0 19824    2e-09        -
4844  3.3345e-07  5.1805e-11     11818 1301 11818     2    17      0 19853  1.9e-11        -
4847  3.3366e-07  1.0361e-10     11824 1303 11824     2    17      0 19862  6.1e-10        -
4851    3.34e-07  6.8682e-11 out 11832 1304 11832     2    17      0 19874  9.7e-11        -
4856  3.3434e-07  6.8682e-11     11842 1304 11842     2    17      0 19889  3.3e-10        -
4860  3.3459e-07   8.791e-11     11850 1306 11850     2    17      0 19901    3e-10        -
4864  3.3493e-07  7.4179e-11     11862 1307 11862     2    17      0 19921  1.3e-10        -
4868  3.3522e-07  7.4179e-11     11870 1308 11870     2    17      0 19933  1.9e-10        -
4872   3.355e-07  6.4552e-11 out 11882 1308 11882     2    17      0 19955  1.2e-09        -
4875  3.3569e-07  6.4552e-11     11894 1308 11894     2    17      0 19979  1.2e-09        -
4878  3.3589e-07  6.4552e-11     11906 1308 11906     2    17      0 20003  1.2e-09        -
4880    3.36e-07  5.6345e-11 out 11914 1310 11914     2    17      0 20017    3e-11        -
4885  3.3628e-07  5.6345e-11     11924 1310 11924     2    17      0 20032  2.9e-11        -
4889   3.365e-07  5.2791e-11 out 11932 1310 11932     2    17      0 20046  1.6e-09        -
4894  3.3676e-07  5.2791e-11     11942 1310 11942     2    17      0 20066  1.6e-09        -
4898  3.3696e-07  3.8836e-11     11954 1311 11954     2    17      0 20089  4.3e-12        -
4901  3.3716e-07  7.7671e-11     11960 1313 11960     2    17      0 20098  1.6e-10        -
4905  3.3744e-07  5.5822e-11     11972 1314 11972     2    17      0 20118  3.1e-11        -
4908  3.3767e-07  1.1164e-10     11978 1316 11978     2    17      0 20127  9.6e-10        -
4913  3.3822e-07  1.1044e-10     11988 1316 11988     2    17      0 20146  3.6e-09        -
4915  3.3842e-07  8.4333e-11     11996 1317 11996     2    17      0 20161  2.5e-10        -
4919  3.3875e-07  8.4333e-11     12004 1318 12004     2    17      0 20173  4.8e-10        -
4924  3.3916e-07  8.1333e-11     12014 1318 12014     2    17      0 20192  4.7e-09        -
4928  3.3945e-07  4.6667e-11     12022 1319 12022     2    17      0 20207  1.6e-11        -
4932  3.3978e-07  9.3333e-11     12030 1320 12030     2    17      0 20219  6.8e-10        -
4934  3.3994e-07  6.3333e-11     12038 1321 12038     2    17      0 20233  7.2e-11        -
-------    当前进度:  70 % - 
4937  3.4013e-07  6.3333e-11     12044 1322 12044     2    17      0 20242  9.4e-11        -
4942  3.4044e-07       6e-11     12054 1322 12054     2    17      0 20258  2.4e-09        -
4946  3.4068e-07       6e-11     12062 1322 12062     2    17      0 20274  2.4e-09        -
4951  3.4096e-07       4e-11     12072 1323 12072     2    17      0 20293  6.2e-12        -
4955  3.4124e-07  7.9999e-11     12080 1324 12080     2    17      0 20305  3.4e-10        -
4958  3.4145e-07  5.0002e-11     12086 1325 12086     2    17      0 20314  2.3e-11        -
4962   3.418e-07       1e-10     12094 1326 12094     2    17      0 20326  1.1e-09        -
4966   3.422e-07  9.9994e-11     12102 1326 12102     2    17      0 20338  5.2e-07        -
4969  3.4245e-07  5.0011e-11     12108 1327 12108     2    17      0 20347  2.6e-11        -
4973   3.428e-07  1.0002e-10     12116 1328 12116     2    17      0 20359  1.1e-09        -
4978   3.433e-07  9.9966e-11     12126 1328 12126     2    17      0 20379  7.8e-11        -
4982   3.436e-07  1.0014e-10     12134 1330 12134     2    17      0 20392  7.3e-10        -
4987   3.441e-07  9.9795e-11     12144 1330 12144     2    17      0 20410  6.7e-10        -
4991  3.4445e-07  5.0409e-11     12152 1331 12152     2    17      0 20425    2e-11        -
4995   3.448e-07  1.0082e-10     12160 1332 12160     2    17      0 20437  5.7e-10        -
5000   3.453e-07  9.8772e-11     12170 1332 12170     2    17      0 20457  5.5e-09        -
5004   3.456e-07  1.0491e-10     12178 1334 12178     2    17      0 20470  6.8e-10        -
5008    3.46e-07  9.2631e-11 out 12190 1334 12190     2    17      0 20492  3.6e-09        -
5011  3.4628e-07  9.2631e-11     12202 1334 12202     2    17      0 20516  3.6e-09        -
5014   3.465e-07  6.4738e-11 out 12210 1335 12210     2    17      0 20530  7.3e-11        -
5019  3.4682e-07  6.4738e-11     12220 1335 12220     2    17      0 20545  8.5e-11        -
5022    3.47e-07  5.5785e-11 out 12230 1335 12230     2    17      0 20564    1e-09        -
5025  3.4717e-07  5.5785e-11     12242 1335 12242     2    17      0 20588    1e-09        -
5028  3.4733e-07  5.5785e-11     12254 1335 12254     2    17      0 20612    1e-09        -
5030  3.4745e-07  5.4752e-11     12264 1336 12264     2    17      0 20631  3.4e-11        -
5034  3.4766e-07  5.4752e-11     12272 1337 12272     2    17      0 20643  3.5e-11        -
5040  3.4797e-07  3.0991e-11     12284 1338 12284     2    17      0 20661  1.9e-12        -
5044  3.4819e-07  6.1982e-11     12292 1339 12292     2    17      0 20673  5.9e-11        -
5049  3.4847e-07  3.3063e-11     12302 1340 12302     2    17      0 20688  2.6e-12        -
5053   3.487e-07  6.6125e-11     12310 1341 12310     2    17      0 20700  8.3e-11        -
5057  3.4895e-07  5.1624e-11     12322 1342 12322     2    17      0 20720  2.6e-11        -
5060  3.4921e-07  1.0325e-10     12328 1344 12328     2    17      0 20729  8.5e-10        -
5064   3.496e-07  9.5127e-11     12339 1344 12339     2    17      0 20750  5.2e-09        -
5068  3.4994e-07  5.9746e-11     12350 1345 12350     2    17      0 20771  5.9e-11        -
5071  3.5012e-07  5.9746e-11     12356 1345 12356     2    17      0 20780  6.5e-11        -
5075  3.5036e-07  5.9746e-11     12364 1345 12364     2    17      0 20792  8.3e-11        -
5077  3.5046e-07  4.0888e-11     12372 1346 12372     2    17      0 20806  8.5e-12        -
5079  3.5058e-07  8.1776e-11     12376 1348 12376     2    17      0 20812  2.7e-10        -
5082  3.5083e-07  8.1776e-11     12382 1348 12382     2    17      0 20821  3.7e-10        -
5085    3.51e-07  4.5559e-11 out 12388 1349 12388     2    17      0 20830  1.5e-11        -
5089  3.5136e-07  9.1119e-11     12396 1350 12396     2    17      0 20842  7.8e-10        -
5091   3.515e-07  6.7763e-11 out 12404 1352 12404     2    17      0 20856  1.2e-10        -
5096  3.5184e-07  6.7763e-11     12414 1352 12414     2    17      0 20871  3.8e-10        -
5098  3.5195e-07  4.6712e-11     12422 1353 12422     2    17      0 20885    2e-11        -
5100  3.5209e-07  9.3425e-11     12426 1355 12426     2    17      0 20891  6.8e-10        -
-------    当前进度:  72 % - 
Memory: 1025/1079 1041/1092
5104  3.5244e-07   6.315e-11     12438 1356 12438     2    17      0 20911    1e-10        -
5107  3.5263e-07   6.315e-11     12444 1357 12444     2    17      0 20920  1.1e-10        -
5112  3.5294e-07  6.0549e-11     12454 1357 12454     2    17      0 20936    2e-09        -
5117  3.5324e-07  6.0549e-11     12464 1357 12464     2    17      0 20956    2e-09        -
5121  3.5346e-07  3.8078e-11     12472 1358 12472     2    17      0 20971  7.9e-12        -
5125  3.5373e-07  7.6156e-11     12480 1359 12480     2    17      0 20983  3.2e-10        -
5128  3.5394e-07  5.9609e-11     12490 1360 12490     2    17      0 21000  6.4e-11        -
5132  3.5418e-07  5.9609e-11     12498 1361 12498     2    17      0 21012  1.1e-10        -
5137  3.5446e-07  4.1368e-11     12512 1362 12512     2    17      0 21035  8.3e-12        -
5140  3.5467e-07  8.2736e-11     12518 1364 12518     2    17      0 21044  3.4e-10        -
5144  3.5496e-07  4.3161e-11     12526 1365 12526     2    17      0 21056  1.1e-11        -
5148  3.5526e-07  8.6322e-11     12534 1366 12534     2    17      0 21068  6.5e-10        -
5152  3.5558e-07  7.7355e-11     12545 1366 12545     2    17      0 21089  5.3e-09        -
5156  3.5589e-07  7.7355e-11     12557 1366 12557     2    17      0 21113  5.3e-09        -
5160  3.5611e-07  5.6612e-11     12565 1367 12565     2    17      0 21125  9.8e-11        -
5164  3.5634e-07  5.6612e-11     12573 1367 12573     2    17      0 21137  1.6e-10        -
5169   3.566e-07  5.1858e-11     12583 1367 12583     2    17      0 21156  3.2e-09        -
5174  3.5686e-07  5.1858e-11     12593 1367 12593     2    17      0 21176  3.2e-09        -
5176  3.5696e-07  4.2568e-11     12601 1368 12601     2    17      0 21191  1.4e-11        -
5179  3.5717e-07  8.5136e-11     12607 1370 12607     2    17      0 21200  4.8e-10        -
5184  3.5758e-07  7.9728e-11     12617 1370 12617     2    17      0 21218  1.2e-08        -
5187  3.5782e-07  7.9728e-11     12623 1370 12623     2    17      0 21230  1.2e-08        -
5191  3.5805e-07  5.0681e-11     12631 1371 12631     2    17      0 21243  2.9e-11        -
5196   3.583e-07  5.0681e-11     12641 1371 12641     2    17      0 21258  5.1e-11        -
5201  3.5859e-07  9.4555e-11     12651 1372 12651     2    17      0 21275  5.2e-10        -
5205  3.5894e-07  6.0889e-11     12659 1373 12659     2    17      0 21287  6.5e-11        -
5210  3.5924e-07  6.0889e-11     12669 1373 12669     2    17      0 21302  6.2e-11        -
5214  3.5946e-07  3.6888e-11     12677 1374 12677     2    17      0 21314  6.4e-12        -
5218  3.5972e-07  7.3776e-11     12685 1375 12685     2    17      0 21326  2.1e-10        -
5222     3.6e-07   6.556e-11 out 12695 1375 12695     2    17      0 21344  3.5e-09        -
5225   3.602e-07   6.556e-11     12704 1375 12704     2    17      0 21362  3.5e-09        -
5229  3.6045e-07  5.3319e-11     12719 1376 12719     2    17      0 21391  4.4e-11        -
5233  3.6066e-07  5.3319e-11     12727 1377 12727     2    17      0 21403  4.3e-11        -
5239  3.6096e-07  3.6726e-11     12743 1378 12743     2    17      0 21429  6.1e-12        -
5242  3.6115e-07  7.3452e-11     12749 1380 12749     2    17      0 21438  1.9e-10        -
5247   3.615e-07  6.6371e-11 out 12761 1380 12761     2    17      0 21459  2.6e-09        -
5251  3.6177e-07  6.6371e-11     12773 1380 12773     2    17      0 21483  2.6e-09        -
5254  3.6195e-07  5.0887e-11     12785 1381 12785     2    17      0 21506  2.3e-11        -
5258  3.6215e-07  5.0887e-11     12793 1382 12793     2    17      0 21518  2.6e-11        -
5264  3.6245e-07  4.6453e-11     12805 1382 12805     2    17      0 21537  2.5e-09        -
5268  3.6278e-07  9.2906e-11     12813 1383 12813     2    17      0 21550  5.2e-10        -
5270  3.6294e-07  6.4189e-11     12821 1384 12821     2    17      0 21564  9.6e-11        -
5274  3.6319e-07  6.4189e-11     12829 1385 12829     2    17      0 21576  9.9e-11        -
5279   3.635e-07  5.7434e-11 out 12841 1385 12841     2    17      0 21597    2e-09        -
5283  3.6373e-07  5.7434e-11     12853 1385 12853     2    17      0 21621    2e-09        -
5287  3.6395e-07  4.8981e-11     12868 1386 12868     2    17      0 21650  2.9e-11        -
-------    当前进度:  75 % - 正在组装残差
5291  3.6415e-07  4.8981e-11     12876 1387 12876     2    17      0 21662  3.1e-11        -
5296  3.6439e-07  4.8981e-11     12886 1387 12886     2    17      0 21677  4.1e-11        -
5300  3.6456e-07   5.917e-11     12894 1389 12894     2    17      0 21689  6.7e-11        -
5305  3.6486e-07   5.917e-11     12904 1389 12904     2    17      0 21704  7.3e-11        -
5307  3.6496e-07  4.2905e-11     12912 1390 12912     2    17      0 21718  1.1e-11        -
5310  3.6517e-07  8.5811e-11     12918 1392 12918     2    17      0 21727  3.4e-10        -
5314   3.655e-07  7.8379e-11 out 12928 1392 12928     2    17      0 21745    4e-09        -
5317  3.6574e-07  7.8379e-11     12937 1392 12937     2    17      0 21763  4.1e-09        -
5320  3.6595e-07  5.4054e-11     12945 1393 12945     2    17      0 21778  3.1e-11        -
5325  3.6622e-07  5.4054e-11     12955 1393 12955     2    17      0 21793  4.2e-11        -
5330  3.6647e-07  3.3785e-11     12965 1394 12965     2    17      0 21808  3.6e-12        -
5334   3.667e-07   6.757e-11     12973 1395 12973     2    17      0 21820  1.4e-10        -
5338  3.6695e-07  4.7289e-11     12985 1396 12985     2    17      0 21840  2.2e-11        -
5342  3.6714e-07  4.7289e-11     12993 1397 12993     2    17      0 21852  2.8e-11        -
5347  3.6738e-07  4.7289e-11     13003 1397 13003     2    17      0 21867    4e-11        -
5349  3.6746e-07  3.7198e-11     13011 1398 13011     2    17      0 21881  7.2e-12        -
5352  3.6765e-07  7.4395e-11     13017 1400 13017     2    17      0 21890  2.3e-10        -
5356  3.6794e-07  6.4012e-11     13027 1400 13027     2    17      0 21907  2.6e-09        -
5359  3.6813e-07  6.4012e-11     13039 1400 13039     2    17      0 21931  2.6e-09        -
5362  3.6832e-07  6.4012e-11     13051 1400 13051     2    17      0 21955  2.6e-09        -
5364  3.6844e-07  5.7963e-11     13061 1401 13061     2    17      0 21974  5.5e-11        -
5368  3.6867e-07  5.7963e-11     13069 1402 13069     2    17      0 21986    5e-11        -
5373  3.6895e-07  4.7128e-11     13083 1403 13083     2    17      0 22009  1.6e-11        -
5377  3.6914e-07  4.7128e-11     13091 1404 13091     2    17      0 22021  1.6e-11        -
5382  3.6938e-07  4.7128e-11     13101 1404 13101     2    17      0 22036  1.8e-11        -
5384  3.6946e-07  3.7923e-11     13109 1405 13109     2    17      0 22050  7.6e-12        -
5387  3.6965e-07  7.5847e-11     13115 1407 13115     2    17      0 22059  2.7e-10        -
5391  3.6994e-07  6.0383e-11     13127 1408 13127     2    17      0 22079  1.1e-10        -
5394  3.7012e-07  6.0383e-11     13133 1409 13133     2    17      0 22088  1.1e-10        -
5398  3.7036e-07  6.0383e-11     13141 1409 13141     2    17      0 22100  1.1e-10        -
5402  3.7058e-07  7.7316e-11     13149 1411 13149     2    17      0 22112  4.5e-10        -
5407  3.7094e-07   5.671e-11     13163 1412 13163     2    17      0 22135  9.7e-11        -
5411  3.7117e-07   5.671e-11     13171 1413 13171     2    17      0 22147  9.5e-11        -
5416  3.7145e-07  5.1516e-11     13181 1413 13181     2    17      0 22163  4.9e-09        -
5421  3.7171e-07  5.1516e-11     13191 1413 13191     2    17      0 22183  4.9e-09        -
5426  3.7196e-07  4.3935e-11     13205 1414 13205     2    17      0 22210  1.7e-11        -
5429  3.7213e-07   8.787e-11     13211 1416 13211     2    17      0 22219  4.9e-10        -
5433  3.7245e-07  5.2292e-11     13219 1417 13219     2    17      0 22231  2.9e-11        -
5438  3.7271e-07  5.2292e-11     13229 1417 13229     2    17      0 22246  2.7e-11        -
5443  3.7296e-07  4.0832e-11     13243 1418 13243     2    17      0 22269  9.2e-12        -
5446  3.7316e-07  8.1665e-11     13249 1420 13249     2    17      0 22278  3.3e-10        -
5450  3.7345e-07  4.5838e-11     13257 1421 13257     2    17      0 22290  2.4e-11        -
5455  3.7368e-07  4.5838e-11     13267 1421 13267     2    17      0 22305  2.8e-11        -
5460  3.7391e-07  4.5838e-11     13277 1421 13277     2    17      0 22320  3.1e-11        -
5464  3.7417e-07  8.7459e-11     13285 1422 13285     2    17      0 22334    8e-10        -
5468   3.745e-07  7.5082e-11 out 13297 1422 13297     2    17      0 22356  6.1e-09        -
-------    当前进度:  77 % - 正在组装残差
5470  3.7465e-07  7.5082e-11     13305 1422 13305     2    17      0 22372  6.1e-09        -
5472   3.748e-07  7.5082e-11     13313 1422 13313     2    17      0 22388  6.1e-09        -
5474  3.7494e-07  6.2295e-11     13323 1423 13323     2    17      0 22407  1.4e-10        -
5477  3.7512e-07  6.2295e-11     13329 1424 13329     2    17      0 22416  1.3e-10        -
5481  3.7537e-07  6.2295e-11     13337 1424 13337     2    17      0 22428  1.2e-10        -
5485  3.7556e-07  6.3937e-11     13345 1426 13345     2    17      0 22440  1.2e-10        -
5490  3.7588e-07  6.3937e-11     13355 1426 13355     2    17      0 22455  9.9e-11        -
5495  3.7617e-07  5.8188e-11     13366 1426 13366     2    17      0 22477  1.7e-09        -
5499  3.7641e-07  5.8188e-11     13378 1426 13378     2    17      0 22501  1.7e-09        -
5501   3.765e-07  4.6343e-11 out 13386 1428 13386     2    17      0 22515  1.5e-11        -
5505  3.7687e-07  9.2687e-11     13394 1429 13394     2    17      0 22527    5e-10        -
5506  3.7694e-07  6.4626e-11     13400 1430 13400     2    17      0 22538  1.1e-10        -
5510  3.7719e-07  6.4626e-11     13408 1431 13408     2    17      0 22550  1.1e-10        -
5514  3.7744e-07  5.6121e-11     13418 1431 13418     2    17      0 22567  1.5e-09        -
5517  3.7761e-07  5.6121e-11     13430 1431 13430     2    17      0 22591  1.5e-09        -
5521  3.7784e-07  5.6121e-11     13442 1431 13442     2    17      0 22615  4.6e-09        -
5523  3.7795e-07  5.3576e-11     13451 1432 13451     2    17      0 22632  7.1e-11        -
5527  3.7816e-07  5.3576e-11     13459 1433 13459     2    17      0 22644  8.7e-11        -
5532  3.7843e-07  5.3576e-11     13469 1433 13469     2    17      0 22659  1.3e-10        -
5535  3.7857e-07  7.1391e-11     13475 1435 13475     2    17      0 22668  2.8e-10        -
5540  3.7893e-07  7.1391e-11     13485 1435 13485     2    17      0 22683  3.8e-10        -
5543  3.7907e-07  7.1653e-11     13491 1437 13491     2    17      0 22692  2.8e-10        -
5548  3.7943e-07  7.0867e-11     13501 1437 13501     2    17      0 22708  1.4e-09        -
5553  3.7978e-07  7.0867e-11     13511 1437 13511     2    17      0 22728  1.5e-09        -
5556  3.7996e-07  3.7398e-11     13517 1438 13517     2    17      0 22739    6e-12        -
5560  3.8022e-07  7.4796e-11     13525 1439 13525     2    17      0 22751  2.7e-10        -
5563  3.8044e-07   6.301e-11     13535 1440 13535     2    17      0 22768  7.7e-11        -
5567  3.8069e-07   6.301e-11     13543 1441 13543     2    17      0 22780  8.7e-11        -
5572    3.81e-07   6.097e-11 out 13553 1441 13553     2    17      0 22797  2.8e-09        -
5577   3.813e-07   6.097e-11     13563 1441 13563     2    17      0 22817  2.8e-09        -
5581   3.815e-07  3.6603e-11 out 13571 1442 13571     2    17      0 22831  9.2e-12        -
5585  3.8179e-07  7.3207e-11     13579 1443 13579     2    17      0 22843    3e-10        -
5589  3.8207e-07  6.6983e-11     13590 1443 13590     2    17      0 22864  2.9e-09        -
5593  3.8233e-07  6.6983e-11     13600 1443 13600     2    17      0 22884  1.5e-08        -
5595  3.8245e-07  4.9052e-11     13608 1444 13608     2    17      0 22899  4.5e-11        -
5599  3.8265e-07  4.9052e-11     13616 1445 13616     2    17      0 22911  4.7e-11        -
5604  3.8289e-07  4.9052e-11     13626 1445 13626     2    17      0 22926  6.6e-11        -
5608  3.8306e-07   5.853e-11     13634 1447 13634     2    17      0 22938  8.7e-11        -
5613  3.8335e-07   5.853e-11     13644 1447 13644     2    17      0 22953  8.4e-11        -
5615  3.8345e-07  4.5144e-11     13652 1448 13652     2    17      0 22967  1.8e-11        -
5619  3.8364e-07  4.5144e-11     13660 1449 13660     2    17      0 22979  1.6e-11        -
5624  3.8386e-07  4.5144e-11     13670 1449 13670     2    17      0 22994  2.3e-11        -
5628    3.84e-07  2.4281e-11 out 13678 1450 13678     2    17      0 23006  6.3e-13        -
5632  3.8419e-07  4.8562e-11     13686 1451 13686     2    17      0 23018  2.2e-11        -
5637  3.8444e-07  4.8562e-11     13696 1451 13696     2    17      0 23033  2.9e-11        -
5640  3.8456e-07  6.2942e-11     13702 1453 13702     2    17      0 23042    1e-10        -
5645  3.8488e-07  6.2942e-11     13712 1453 13712     2    17      0 23057  1.1e-10        -
-------    当前进度:  79 % - 正在组装残差
5649  3.8512e-07  6.1173e-11     13720 1453 13720     2    17      0 23073  2.7e-09        -
5653  3.8537e-07  6.1173e-11     13728 1453 13728     2    17      0 23089  2.7e-09        -
5657  3.8557e-07  7.1787e-11     13736 1455 13736     2    17      0 23102  3.1e-10        -
5662  3.8593e-07  7.0532e-11     13746 1455 13746     2    17      0 23118  2.8e-09        -
5666  3.8621e-07  7.0532e-11     13754 1455 13754     2    17      0 23134  2.8e-09        -
5670  3.8646e-07  3.8403e-11     13762 1456 13762     2    17      0 23149  1.2e-11        -
5674  3.8673e-07  7.6805e-11     13770 1457 13770     2    17      0 23161  3.7e-10        -
5677  3.8694e-07  5.7986e-11     13780 1458 13780     2    17      0 23178  7.3e-11        -
5681  3.8717e-07  5.7986e-11     13788 1459 13788     2    17      0 23190  7.8e-11        -
5686  3.8745e-07  4.7048e-11     13802 1460 13802     2    17      0 23213  2.3e-11        -
5690  3.8764e-07  4.7048e-11     13810 1461 13810     2    17      0 23225  2.5e-11        -
5695  3.8788e-07  4.7048e-11     13820 1461 13820     2    17      0 23240  3.2e-11        -
5697  3.8796e-07  3.8284e-11     13828 1462 13828     2    17      0 23254  6.7e-12        -
5700  3.8815e-07  7.6567e-11     13834 1464 13834     2    17      0 23263  2.2e-10        -
5704  3.8844e-07  5.8581e-11     13846 1465 13846     2    17      0 23283    8e-11        -
5708  3.8868e-07  5.8581e-11     13854 1466 13854     2    17      0 23295  7.9e-11        -
5713  3.8896e-07  4.4965e-11     13868 1467 13868     2    17      0 23318    3e-11        -
5717  3.8913e-07  4.4965e-11     13876 1468 13876     2    17      0 23330  2.9e-11        -
5722  3.8936e-07  4.4965e-11     13886 1468 13886     2    17      0 23345  3.1e-11        -
5726   3.895e-07  2.5174e-11 out 13894 1469 13894     2    17      0 23357  2.1e-12        -
5730   3.897e-07  5.0348e-11     13902 1470 13902     2    17      0 23369  7.2e-11        -
5735  3.8995e-07  4.8607e-11     13912 1470 13912     2    17      0 23385  1.6e-09        -
5740  3.9019e-07  4.8607e-11     13922 1470 13922     2    17      0 23405  1.6e-09        -
5745  3.9044e-07  4.8607e-11     13932 1470 13932     2    17      0 23425  1.6e-09        -
5748  3.9056e-07  6.2538e-11     13938 1472 13938     2    17      0 23434  1.5e-10        -
5753  3.9088e-07  6.2538e-11     13948 1472 13948     2    17      0 23449  1.2e-10        -
5758  3.9119e-07  6.2386e-11     13958 1472 13958     2    17      0 23469  2.3e-10        -
5763  3.9147e-07  3.1651e-11     13968 1473 13968     2    17      0 23488  2.5e-12        -
5767  3.9169e-07  6.3301e-11     13976 1474 13976     2    17      0 23500    8e-11        -
5772    3.92e-07  6.0096e-11 out 13986 1474 13986     2    17      0 23517  6.3e-09        -
5777   3.923e-07  6.0096e-11     13996 1474 13996     2    17      0 23537  6.4e-09        -
5781   3.925e-07  3.9665e-11 out 14004 1475 14004     2    17      0 23551  1.7e-11        -
5786   3.927e-07  3.9665e-11     14014 1475 14014     2    17      0 23566  2.6e-11        -
5791   3.929e-07  3.9665e-11     14024 1475 14024     2    17      0 23581  3.7e-11        -
5794    3.93e-07  3.1844e-11 out 14034 1477 14034     2    17      0 23598  6.3e-12        -
5797  3.9319e-07  6.3688e-11     14040 1478 14040     2    17      0 23607  2.2e-10        -
5802   3.935e-07  5.8936e-11 out 14050 1478 14050     2    17      0 23624    1e-08        -
5807  3.9379e-07  5.8936e-11     14060 1478 14060     2    17      0 23644    1e-08        -
5810  3.9396e-07  4.3723e-11     14070 1479 14070     2    17      0 23663  2.8e-11        -
5814  3.9413e-07  4.3723e-11     14078 1480 14078     2    17      0 23675  2.6e-11        -
5819  3.9435e-07  4.3723e-11     14088 1480 14088     2    17      0 23690  2.4e-11        -
5822  3.9447e-07  3.1383e-11     14098 1481 14098     2    17      0 23707  4.1e-12        -
5825  3.9463e-07  6.2765e-11     14104 1483 14104     2    17      0 23716  1.2e-10        -
5830  3.9494e-07  6.1704e-11     14114 1483 14114     2    17      0 23732  2.1e-09        -
5835  3.9525e-07  6.1704e-11     14124 1483 14124     2    17      0 23752  2.1e-09        -
5839  3.9547e-07  3.4034e-11     14132 1484 14132     2    17      0 23767  3.9e-12        -
5843   3.957e-07  6.8069e-11     14140 1485 14140     2    17      0 23779  1.5e-10        -
--------   当前进度:  81 % - 求解线性方程组
5847  3.9595e-07  4.5794e-11     14152 1486 14152     2    17      0 23799  2.5e-11        -
5851  3.9614e-07  4.5794e-11     14160 1487 14160     2    17      0 23811  2.8e-11        -
5856  3.9637e-07  4.5794e-11     14170 1487 14170     2    17      0 23826  4.1e-11        -
5861  3.9659e-07  4.3928e-11     14180 1487 14180     2    17      0 23845  1.5e-09        -
5866  3.9681e-07  4.3928e-11     14190 1487 14190     2    17      0 23865  1.5e-09        -
5870  3.9697e-07  3.0358e-11     14198 1488 14198     2    17      0 23880  6.5e-12        -
5874  3.9718e-07  6.0716e-11     14206 1489 14206     2    17      0 23892  2.1e-10        -
5879  3.9746e-07  3.7493e-11     14216 1490 14216     2    17      0 23907  1.8e-11        -
5882  3.9761e-07  7.4986e-11     14222 1491 14222     2    17      0 23916  5.4e-10        -
5884  3.9776e-07  7.4986e-11     14226 1491 14226     2    17      0 23922  4.9e-10        -
5888    3.98e-07  4.3788e-11 out 14234 1492 14234     2    17      0 23934  2.8e-11        -
5893  3.9822e-07  4.3788e-11     14244 1492 14244     2    17      0 23949  2.2e-11        -
5898  3.9844e-07  4.3788e-11     14254 1492 14254     2    17      0 23964  2.3e-11        -
5900   3.985e-07  3.1061e-11 out 14262 1494 14262     2    17      0 23978    3e-12        -
5904  3.9875e-07  6.2123e-11     14270 1495 14270     2    17      0 23990  7.1e-11        -
5908  3.9897e-07  3.2571e-11     14278 1496 14278     2    17      0 24002  2.7e-12        -
5912   3.992e-07  6.5142e-11     14286 1497 14286     2    17      0 24014    1e-10        -
5916  3.9945e-07  5.4574e-11     14298 1498 14298     2    17      0 24034  6.2e-11        -
5920  3.9966e-07  5.4574e-11     14306 1499 14306     2    17      0 24046  6.7e-11        -
5926  3.9997e-07  3.1704e-11     14318 1500 14318     2    17      0 24064  6.6e-12        -
5930  4.0019e-07  6.3407e-11     14326 1501 14326     2    17      0 24076  2.5e-10        -
5935   4.005e-07  5.9778e-11 out 14336 1501 14336     2    17      0 24093  8.6e-09        -
5940   4.008e-07  5.9778e-11     14346 1501 14346     2    17      0 24113  8.7e-09        -
5944    4.01e-07  4.0776e-11 out 14354 1502 14354     2    17      0 24127  2.7e-11        -
5949   4.012e-07  4.0776e-11     14364 1502 14364     2    17      0 24142  2.5e-11        -
5954  4.0141e-07  4.0776e-11     14374 1502 14374     2    17      0 24157  2.4e-11        -
5957   4.015e-07  2.5734e-11 out 14380 1503 14380     2    17      0 24166  2.2e-12        -
5961  4.0171e-07  5.1468e-11     14388 1504 14388     2    17      0 24178  6.2e-11        -
5966  4.0196e-07  4.4128e-11     14399 1504 14399     2    17      0 24196  4.1e-09        -
5969  4.0209e-07  4.4128e-11     14408 1504 14408     2    17      0 24214  4.1e-09        -
5973  4.0226e-07  4.4128e-11     14420 1504 14420     2    17      0 24238  4.2e-09        -
5977  4.0244e-07  4.4128e-11     14432 1504 14432     2    17      0 24262  4.2e-09        -
5980  4.0256e-07  5.8721e-11     14438 1506 14438     2    17      0 24271  5.2e-11        -
5985  4.0285e-07  5.8721e-11     14448 1506 14448     2    17      0 24286  5.2e-11        -
5987  4.0296e-07  4.4475e-11     14456 1507 14456     2    17      0 24300  1.9e-11        -
5991  4.0313e-07  4.4475e-11     14464 1508 14464     2    17      0 24312    2e-11        -
5996  4.0336e-07  4.4475e-11     14474 1508 14474     2    17      0 24327  1.9e-11        -
6000   4.035e-07  2.7624e-11 out 14482 1509 14482     2    17      0 24339  3.2e-12        -
6003  4.0367e-07  5.5249e-11     14488 1510 14488     2    17      0 24348  1.1e-10        -
6008  4.0394e-07  5.5249e-11     14498 1510 14498     2    17      0 24363  1.5e-10        -
6011  4.0406e-07   5.801e-11     14504 1512 14504     2    17      0 24372  1.6e-10        -
6016  4.0435e-07   5.801e-11     14514 1512 14514     2    17      0 24387  1.6e-10        -
6018  4.0445e-07  4.6966e-11     14522 1513 14522     2    17      0 24401  5.2e-11        -
6022  4.0464e-07  4.6966e-11     14530 1514 14530     2    17      0 24413  2.5e-11        -
6027  4.0488e-07  4.6966e-11     14540 1514 14540     2    17      0 24428  1.9e-11        -
6030    4.05e-07  3.8653e-11 out 14550 1514 14550     2    17      0 24447  2.6e-09        -
6033  4.0519e-07  7.7307e-11     14558 1515 14558     2    17      0 24461  1.6e-10        -
--------   当前进度:  82 % - 
Memory: 1026/1079 1041/1092
6037   4.055e-07   7.606e-11 out 14566 1515 14566     2    17      0 24475  5.6e-09        -
6042  4.0588e-07   7.606e-11     14576 1515 14576     2    17      0 24495  5.5e-09        -
6044    4.06e-07   5.985e-11 out 14584 1517 14584     2    17      0 24509  4.8e-11        -
6049   4.063e-07   5.985e-11     14594 1517 14594     2    17      0 24524  1.1e-10        -
6052  4.0646e-07  4.0524e-11     14604 1518 14604     2    17      0 24541  1.2e-11        -
6056  4.0662e-07  4.0524e-11     14612 1519 14612     2    17      0 24553  1.4e-11        -
6061  4.0682e-07  4.0524e-11     14622 1519 14622     2    17      0 24568  1.7e-11        -
6065  4.0697e-07   2.712e-11     14634 1520 14634     2    17      0 24588  2.2e-12        -
6068  4.0711e-07  5.4241e-11     14640 1522 14640     2    17      0 24597    7e-11        -
6073  4.0738e-07  5.4241e-11     14650 1522 14650     2    17      0 24612    7e-11        -
6076   4.075e-07  3.3038e-11 out 14656 1523 14656     2    17      0 24621  6.7e-12        -
6080  4.0776e-07  6.6076e-11     14664 1524 14664     2    17      0 24633  2.1e-10        -
6083  4.0795e-07  5.1772e-11     14674 1525 14674     2    17      0 24650  1.3e-10        -
6087  4.0816e-07  5.1772e-11     14682 1526 14682     2    17      0 24662  1.4e-09        -
6092  4.0841e-07  5.1772e-11     14692 1526 14692     2    17      0 24677  3.5e-09        -
6095  4.0854e-07  4.2912e-11     14704 1526 14704     2    17      0 24701  3.5e-09        -
6098  4.0867e-07  4.2912e-11     14716 1526 14716     2    17      0 24725  3.5e-09        -
6101   4.088e-07  4.2912e-11     14728 1526 14728     2    17      0 24749  3.5e-09        -
6103  4.0889e-07  4.2912e-11     14736 1526 14736     2    17      0 24765  3.5e-09        -
6105  4.0896e-07   3.544e-11     14746 1527 14746     2    17      0 24784  1.6e-11        -
6108  4.0914e-07  7.0881e-11     14752 1529 14752     2    17      0 24793  2.6e-09        -
6113  4.0946e-07  3.7357e-11     14762 1530 14762     2    17      0 24808  2.1e-11        -
6117  4.0972e-07  7.4715e-11     14770 1531 14770     2    17      0 24820  6.1e-09        -
6121     4.1e-07  6.3213e-11 out 14782 1531 14782     2    17      0 24842  1.1e-08        -
6124  4.1019e-07  6.3213e-11     14794 1531 14794     2    17      0 24866  1.1e-08        -
6127  4.1038e-07  6.3213e-11     14806 1531 14806     2    17      0 24890  1.1e-08        -
6129   4.105e-07   6.036e-11 out 14814 1533 14814     2    17      0 24904  3.1e-10        -
6134   4.108e-07   6.036e-11     14824 1533 14824     2    17      0 24919  6.3e-09        -
6138    4.11e-07   3.874e-11 out 14832 1534 14832     2    17      0 24931  1.6e-10        -
6142  4.1127e-07  7.7479e-11     14840 1535 14840     2    17      0 24943  8.9e-09        -
6145   4.115e-07  7.5672e-11 out 14846 1535 14846     2    17      0 24954    8e-09        -
6150   4.125e-07     2.5e-10 out 14851 1537 14851     2    17      0 24954        0        -
6156   4.155e-07       5e-10 out 14857 1538 14857     2    17      0 24954        0        -
6164   4.195e-07       5e-10 out 14865 1538 14865     2    17      0 24954        0        -
6173    4.24e-07       5e-10 out 14874 1538 14874     2    17      0 24954        0        -
6183    4.29e-07       5e-10 out 14884 1538 14884     2    17      0 24954        0        -
6193    4.34e-07       5e-10 out 14894 1538 14894     2    17      0 24954        0        -
6202   4.385e-07       5e-10 out 14903 1538 14903     2    17      0 24954        0        -
6211    4.43e-07       5e-10 out 14912 1538 14912     2    17      0 24954        0        -
6220   4.475e-07       5e-10 out 14921 1538 14921     2    17      0 24954        0        -
6230   4.525e-07       5e-10 out 14931 1538 14931     2    17      0 24954        0        -
6238   4.565e-07       5e-10 out 14939 1538 14939     2    17      0 24954        0        -
6246   4.605e-07       5e-10 out 14947 1538 14947     2    17      0 24954        0        -
6255    4.65e-07       5e-10 out 14956 1538 14956     2    17      0 24954        0        -
6264   4.695e-07       5e-10 out 14965 1538 14965     2    17      0 24954        0        -
6274   4.745e-07       5e-10 out 14975 1538 14975     2    17      0 24954        0        -
6283    4.79e-07       5e-10 out 14984 1538 14984     2    17      0 24954        0        -
---------  当前进度:  96 % - 正在组装残差
6291    4.83e-07       5e-10 out 14992 1538 14992     2    17      0 24954        0        -
6299    4.87e-07       5e-10 out 15000 1538 15000     2    17      0 24954        0        -
6307    4.91e-07       5e-10 out 15008 1538 15008     2    17      0 24954        0        -
6316   4.955e-07       5e-10 out 15017 1538 15017     2    17      0 24954        0        -
6325       5e-07       5e-10 out 15026 1538 15026     2    17      0 24954        0        -
---------- 当前进度: 100 % - 
Memory: 1026/1079 1042/1092
求解时间：12 s。
物理内存: 1.05 GB
虚拟内存: 1.06 GB
结束时间：2026年9月4日 00:46:10。
----- Study 2 - Single_Muon_Diagnostic/解 2 (sol2) 中的“瞬态求解器 1” ----------------->
CHECKPOINT_SINGLE_MUON_SOLVED=E:\imp\imp\project\muon-ion_beam\stage1_3d_feasibility\comsol\stage1_3d_feasibility.mph
BUILD_STAGE1_3D_PHASE=RESULTS
           当前进度:   0 % - 
Memory: 1055/1079 1061/1092
---        当前进度:  34 % - 正在计算
Memory: 1057/1079 1063/1092
---------  当前进度:  95 % - 正在计算
Memory: 1023/1079 1026/1092
           当前进度:   0 % - 
Memory: 1024/1079 1026/1092
-          当前进度:  12 % - 正在计算
Memory: 1025/1079 1027/1092
--         当前进度:  20 % - 正在计算
Memory: 1025/1079 1028/1092
---        当前进度:  30 % - 正在计算
---        当前进度:  39 % - 正在计算
-----      当前进度:  50 % - 正在计算
------     当前进度:  61 % - 正在计算
-------    当前进度:  71 % - 正在计算
--------   当前进度:  80 % - 正在计算
---------  当前进度:  91 % - 正在计算
---------- 当前进度: 100 % - 正在计算
           当前进度:   0 % - 正在绘制
Memory: 1026/1079 1028/1092
           当前进度:   9 % - 正在计算
-          当前进度:  10 % - 正在绘制
--------   当前进度:  81 % - 正在计算
--------   当前进度:  83 % - 正在计算
Memory: 1028/1079 1029/1092
---------  当前进度:  90 % - 正在计算
Memory: 1029/1079 1031/1092
           当前进度:   0 % - 正在绘制
           当前进度:   9 % - 正在计算
-          当前进度:  10 % - 正在绘制
--------   当前进度:  80 % - 正在计算
Memory: 1079/1083 1098/1102
--------   当前进度:  81 % - 正在计算
Memory: 1093/1093 1117/1117
--------   当前进度:  84 % - 正在计算
Memory: 1076/1093 1102/1117
--------   当前进度:  87 % - 正在计算
Memory: 1072/1093 1094/1117
--------   当前进度:  88 % - 正在计算
Memory: 1072/1093 1099/1117
---------  当前进度:  91 % - 正在计算
Memory: 1073/1093 1099/1117
---------  当前进度:  92 % - 正在计算
Memory: 1077/1093 1099/1117
---------  当前进度:  95 % - 正在计算
Memory: 1078/1093 1100/1117
---------  当前进度:  98 % - 正在计算
Memory: 1079/1093 1101/1117
           当前进度:   0 % - 正在绘制
Memory: 1083/1093 1101/1117
           当前进度:   9 % - 正在计算
Memory: 1085/1093 1103/1117
-          当前进度:  10 % - 正在绘制
--------   当前进度:  80 % - 正在计算
Memory: 1111/1115 1124/1128
--------   当前进度:  81 % - 正在计算
Memory: 1132/1132 1152/1152
--------   当前进度:  84 % - 正在计算
Memory: 1118/1134 1135/1152
--------   当前进度:  87 % - 正在计算
Memory: 1115/1134 1132/1152
--------   当前进度:  88 % - 正在计算
---------  当前进度:  91 % - 正在计算
---------  当前进度:  92 % - 正在计算
---------  当前进度:  95 % - 正在计算
---------  当前进度:  98 % - 正在计算
           当前进度:   0 % - 正在绘制
           当前进度:   9 % - 正在计算
Memory: 1118/1134 1136/1152
-          当前进度:  10 % - 正在绘制
---------- 当前进度: 100 % - 正在绘制
Memory: 1120/1134 1136/1152
-          当前进度:  10 % - 正在绘制
-          当前进度:  14 % - 正在计算
---        当前进度:  35 % - 正在计算
Memory: 1129/1134 1147/1152
---        当前进度:  30 % - 正在计算
Memory: 1134/1134 1152/1152
---        当前进度:  34 % - 正在计算
Memory: 1131/1134 1148/1152
-----      当前进度:  52 % - 正在计算
-----      当前进度:  55 % - 正在绘制
-----      当前进度:  59 % - 正在计算
--------   当前进度:  80 % - 正在计算
Memory: 1128/1134 1145/1152
-------    当前进度:  75 % - 正在计算
Memory: 1131/1134 1149/1152
-------    当前进度:  79 % - 正在计算
---------  当前进度:  97 % - 正在计算
-          当前进度:  10 % - 正在绘制
--------   当前进度:  89 % - 正在计算
Memory: 1134/1136 1151/1154
---------  当前进度:  99 % - 正在计算
-          当前进度:  10 % - 正在绘制
---------  当前进度:  99 % - 正在计算
Memory: 1134/1136 1152/1154
---        当前进度:  30 % - 生成图像
Memory: 1232/1232 1248/1248
           当前进度:   0 % - 导出 STEP
Memory: 1207/1345 1206/1366
Bspline aprx. value in effect for this translation :0.000010 meters

      Summary of STEP Entities

Entity Type                                                   Count
-----------                                                   ------
advanced_brep_shape_representation .......................:   2
advanced_face ............................................:   56
application_context ......................................:   2
application_protocol_definition ..........................:   2
axis2_placement_3d .......................................:   146
brep_with_voids ..........................................:   1
cartesian_point ..........................................:   278
circle ...................................................:   88
closed_shell .............................................:   6
cylindrical_surface ......................................:   44
direction ................................................:   336
edge_curve ...............................................:   132
edge_loop ................................................:   66
face_bound ...............................................:   66
geometric_representation_context_and_global_uncertainty_a :   2
length_unit_and_si_unit ..................................:   2
line .....................................................:   44
manifold_solid_brep ......................................:   1
mechanical_design_geometric_presentation_representation ..:   2
oriented_closed_shell ....................................:   4
oriented_edge ............................................:   264
plane ....................................................:   12
plane_angle_unit_and_si_unit .............................:   2
product ..................................................:   2
product_category .........................................:   2
product_context ..........................................:   2
product_definition .......................................:   2
product_definition_context ...............................:   2
product_definition_formation_with_specified_source .......:   2
product_definition_shape .................................:   2
product_related_product_category .........................:   2
shape_definition_representation ..........................:   2
shape_representation .....................................:   2
shape_representation_relationship ........................:   2
si_unit_and_solid_angle_unit .............................:   2
uncertainty_measure_with_unit ............................:   2
vector ...................................................:   44
vertex_point .............................................:   88
                                                             -------
Total                                                         1716
.:   132
edge_loop ................................................:   66
face_bound ...............................................:   66
geometric_representation_context_and_global_uncertainty_a :   2
length_unit_and_si_unit ..................................:   2
line .....................................................:   44
manifold_solid_brep ......................................:   1
mechanical_design_geometric_presentation_representation ..:   2
oriented_closed_shell ....................................:   4
oriented_edge ............................................:   264
plane ....................................................:   12
plane_angle_unit_and_si_unit .............................:   2
product ..................................................:   2
product_category .........................................:   2
product_context ..........................................:   2
product_definition .......................................:   2
product_definition_context ...............................:   2
product_definition_formation_with_specified_source .......:   2
product_definition_shape .................................:   2
product_related_product_category .........................:   2
shape_definition_representation ..........................:   2
shape_representation .....................................:   2
shape_representation_relationship ........................:   2
si_unit_and_solid_angle_unit .............................:   2
uncertainty_measure_with_unit ............................:   2
vector ...................................................:   44
vertex_point .............................................:   88
                                                             -------
Total                                                         1716
GEOMETRY_EXPORT_STEP=SUCCESS
CHECKPOINT_BASELINE_RESULTS_SAVED=E:\imp\imp\project\muon-ion_beam\stage1_3d_feasibility\comsol\stage1_3d_feasibility.mph
BUILD_STAGE1_3D_COMPLETE
OUTPUT_MPH=E:\imp\imp\project\muon-ion_beam\stage1_3d_feasibility\comsol\stage1_3d_feasibility.mph
PHYSICS_WARNING=Geant4 mean electromagnetic stopping baseline; not complete muon-Ne survival prediction.
类运行时: 50 s.
总时间: 50 s.
