*******************************************
***COMSOL 6.4.0.293 progress output file***
*******************************************
Fri Sep 04 00:20:46 CST 2026
COMSOL Multiphysics 6.4 (开发版本: 293) 在批处理模式下启动
正在运行: E:\imp\imp\project\muon-ion_beam\stage1_3d_feasibility\scripts\BuildStage1_3D.class
BUILD_STAGE1_3D_ROOT=E:\imp\imp\project\muon-ion_beam\stage1_3d_feasibility
BUILD_STAGE1_3D_STOPPING_FILE=E:\imp\imp\project\muon-ion_beam\muon\ne\comsol_muNe_SN.txt
BUILD_STAGE1_3D_PHASE=CREATE_MODEL
---------- 当前进度: 100 % - 正在更新选择
Memory: 419/419 428/428
           当前进度:   0 % - Grounded outer shell / bore boundary
Memory: 429/429 438/438
           当前进度:   4 % - Uniform Ne gas volume before electrode subtraction
Memory: 439/439 442/444
           当前进度:   8 % - Gas cutter reserved for dielectric liner
Memory: 439/439 443/444
-          当前进度:  12 % - Representative alumina dielectric liner
-          当前进度:  12 % - 执行布尔操作
Memory: 443/443 445/445
-----      当前进度:  52 % - V1 electrode outer blank
-----      当前进度:  56 % - V1 aperture cutter
------     当前进度:  60 % - V1 finite-thickness annular electrode
------     当前进度:  60 % - 执行布尔操作
Memory: 444/444 445/445
           当前进度:   0 % - V1 electrode, 1 mm rounded edges
Memory: 447/447 448/448
GEOMETRY_ELECTRODE_ROUNDED=V1
           当前进度:   0 % - V2 electrode outer blank
Memory: 448/448 448/448
           当前进度:   8 % - V2 aperture cutter
-          当前进度:  17 % - V2 finite-thickness annular electrode
-          当前进度:  17 % - 执行布尔操作
           当前进度:   0 % - V2 electrode, 1 mm rounded edges
GEOMETRY_ELECTRODE_ROUNDED=V2
           当前进度:   0 % - V3 electrode outer blank
Memory: 449/449 449/449
           当前进度:   8 % - V3 aperture cutter
-          当前进度:  17 % - V3 finite-thickness annular electrode
-          当前进度:  17 % - 执行布尔操作
           当前进度:   0 % - V3 electrode, 1 mm rounded edges
GEOMETRY_ELECTRODE_ROUNDED=V3
           当前进度:   0 % - V4 electrode outer blank
Memory: 450/450 449/449
           当前进度:   8 % - V4 aperture cutter
Memory: 450/450 450/450
-          当前进度:  17 % - V4 finite-thickness annular electrode
-          当前进度:  17 % - 执行布尔操作
           当前进度:   0 % - V4 electrode, 1 mm rounded edges
GEOMETRY_ELECTRODE_ROUNDED=V4
           当前进度:   0 % - Ne gas domain excluding four electrode solids
           当前进度:   0 % - 执行布尔操作
Memory: 451/451 450/450
-----      当前进度:  50 % - 形成联合体
-----      当前进度:  50 % - 执行布尔操作
---------- 当前进度: 100 % - 正在更新选择
GEOMETRY_SELECTION_TAGS=[geom1_outer0_pnt, geom1_outer0_edg, geom1_outer0_bnd, geom1_outer0_dom, geom1_gas0_pnt, geom1_gas0_edg, geom1_gas0_bnd, geom1_gas0_dom, geom1_diel0_pnt, geom1_diel0_edg, geom1_diel0_bnd, geom1_diel0_dom, geom1_v1_ring_pnt, geom1_v1_ring_edg, geom1_v1_ring_bnd, geom1_v1_ring_dom, geom1_v1_rounded_pnt, geom1_v1_rounded_edg, geom1_v1_rounded_bnd, geom1_v1_rounded_dom, geom1_v2_ring_pnt, geom1_v2_ring_edg, geom1_v2_ring_bnd, geom1_v2_ring_dom, geom1_v2_rounded_pnt, geom1_v2_rounded_edg, geom1_v2_rounded_bnd, geom1_v2_rounded_dom, geom1_v3_ring_pnt, geom1_v3_ring_edg, geom1_v3_ring_bnd, geom1_v3_ring_dom, geom1_v3_rounded_pnt, geom1_v3_rounded_edg, geom1_v3_rounded_bnd, geom1_v3_rounded_dom, geom1_v4_ring_pnt, geom1_v4_ring_edg, geom1_v4_ring_bnd, geom1_v4_ring_dom, geom1_v4_rounded_pnt, geom1_v4_rounded_edg, geom1_v4_rounded_bnd, geom1_v4_rounded_dom, geom1_gaswork_pnt, geom1_gaswork_edg, geom1_gaswork_bnd, geom1_gaswork_dom]
GEOMETRY_DOMAINS_GAS=[2]
GEOMETRY_DOMAINS_DIELECTRIC=[1]
GEOMETRY_BND_V1=[9, 10, 11, 12, 25, 26, 35, 39, 43, 47]
GEOMETRY_BND_OUTER=[1, 2, 3, 4, 33, 52]
           当前进度:   0 % - 点 1
Memory: 498/498 496/496
---------- 当前进度: 100 % - 正在更新选择
BUILD_STAGE1_3D_PHASE=MESH
           当前进度:   0 % - 自由四面体网格
Memory: 548/548 549/549
顶点单元数：80
-          当前进度:  16 % - 调整边界网格
Memory: 563/563 560/560
--         当前进度:  23 % - 正在创建边界网格
Memory: 564/566 560/566
边单元数：1448
边界单元数：20562
----       当前进度:  42 % - 正在创建初始四面体网格
Memory: 576/576 573/573
-----      当前进度:  52 % - 正在插入内部点
Memory: 568/583 578/580
------     当前进度:  65 % - 相关边界
Memory: 568/583 565/580
--------   当前进度:  83 % - 正在提高单元质量
Memory: 578/583 584/586
单元数：82371
最小单元质量：0.1802
---------- 当前进度: 100 % - 正在定型网格
Memory: 578/583 580/586
CHECKPOINT_CADLIKE_GEOMETRY_AND_MODEL_SAVED=E:\imp\imp\project\muon-ion_beam\stage1_3d_feasibility\comsol\stage1_3d_feasibility.mph
BUILD_STAGE1_3D_PHASE=SOLVE_ELECTROSTATICS
           当前进度:   2 % - 生成方程
Memory: 619/619 613/613
           当前进度:   3 % - 生成方程
Memory: 630/634 624/628
<---- Study 1 - 3D Electrostatics stationary/解 1 (sol1) 中的“编译方程: 稳态” -----------
开始于 2026年9月4日 00:20:56。
几何形函数: 二次拉格朗日单元
几何形函数: 二次拉格朗日单元
在 Intel64 Family 6 Model 186 Stepping 2, GenuineIntel 上运行。
在以下位置使用 1 个插槽： 陈红星 上（共 1 个内核）。
可用内存：15.90 GB。
           当前进度:   3 % - 编译方程: 稳态
Memory: 837/837 830/830
           当前进度:   6 % - 编译方程: 稳态
Memory: 839/846 849/849
           当前进度:   7 % - 编译方程: 稳态
Memory: 899/921 901/930
时间：2。
物理内存: 921 MB
虚拟内存: 930 MB
Warning: 自由空间采用真空条件，这会导致某些材料属性被忽略。请考虑为忽略的材料添加合适的物理场特征。

  - 节点: 自由空间 1

  - 物理场: Electrostatics: four finite-thickness rounded ring electrodes (es)

  - Materials: Natural Neon gas, representative relative permittivity (mat_gas), Representative alumina ceramic; epsilon_r=9.4 assumption (mat_diel)

  - Quantities: 相对介电常数, 相对介电常数
结束时间：2026年9月4日 00:20:58。
----- Study 1 - 3D Electrostatics stationary/解 1 (sol1) 中的“编译方程: 稳态” ---------->
<---- Study 1 - 3D Electrostatics stationary/解 1 (sol1) 中的“因变量 1” --------------
开始于 2026年9月4日 00:20:58。
           当前进度:   7 % - 因变量 1
Memory: 903/921 904/930
求解时间：0 s。
物理内存: 904 MB
虚拟内存: 907 MB
结束时间：2026年9月4日 00:20:58。
----- Study 1 - 3D Electrostatics stationary/解 1 (sol1) 中的“因变量 1” ------------->
<---- Study 1 - 3D Electrostatics stationary/解 1 (sol1) 中的“稳态求解器 1” ------------
开始于 2026年9月4日 00:20:58。
线性求解器 
求解的自由度数：122163。
--         当前进度:  23 % - 组装稀疏模式
Memory: 931/931 932/932
---        当前进度:  32 % - 组装矩阵
Memory: 943/943 942/942
---        当前进度:  38 % - 
Memory: 958/969 959/972
找到对称矩阵。
缩放因变量：
电势 (comp1.V): 1
已使用正交零空间函数。
---        当前进度:  38 % - 组装延展
Memory: 975/989 975/992
-----      当前进度:  56 % - 组装稀疏模式
Memory: 984/999 984/1003
Iter      SolEst     Damping    Stepsize #Res #Jac #Sol LinIt   LinErr   LinRes
-------    当前进度:  74 % - 求解线性方程组
Memory: 984/999 1000/1003
   1        0.76   1.0000000        0.76    1    1    1     4  2.8e-05  5.4e-08
---------- 当前进度: 100 % - 
Memory: 942/999 953/1003
求解时间：4 s。
物理内存: 999 MB
虚拟内存: 1003 MB
结束时间：2026年9月4日 00:21:02。
----- Study 1 - 3D Electrostatics stationary/解 1 (sol1) 中的“稳态求解器 1” ----------->
CHECKPOINT_3D_ELECTROSTATICS_SOLVED=E:\imp\imp\project\muon-ion_beam\stage1_3d_feasibility\comsol\stage1_3d_feasibility.mph
BUILD_STAGE1_3D_PHASE=SOLVE_SINGLE_MUON
           当前进度:   2 % - 生成方程
Memory: 943/999 955/1003
           当前进度:   3 % - 生成方程
Memory: 950/999 962/1003
<---- Study 2 - Single_Muon_Diagnostic/解 2 (sol2) 中的“编译方程: 瞬态” -----------------
开始于 2026年9月4日 00:21:03。
几何形函数: 二次拉格朗日单元
几何形函数: 二次拉格朗日单元
在 Intel64 Family 6 Model 186 Stepping 2, GenuineIntel 上运行。
在以下位置使用 1 个插槽： 陈红星 上（共 1 个内核）。
可用内存：15.90 GB。
           当前进度:   4 % - 编译方程: 瞬态
Memory: 1023/1023 1035/1035
           当前进度:   5 % - 编译方程: 瞬态
Memory: 1045/1058 1056/1074
时间：1。
物理内存: 1.06 GB
虚拟内存: 1.07 GB
Warning: 自由空间采用真空条件，这会导致某些材料属性被忽略。请考虑为忽略的材料添加合适的物理场特征。

  - 节点: 自由空间 1

  - 物理场: Electrostatics: four finite-thickness rounded ring electrodes (es)

  - Materials: Natural Neon gas, representative relative permittivity (mat_gas), Representative alumina ceramic; epsilon_r=9.4 assumption (mat_diel)

  - Quantities: 相对介电常数, 相对介电常数
结束时间：2026年9月4日 00:21:04。
----- Study 2 - Single_Muon_Diagnostic/解 2 (sol2) 中的“编译方程: 瞬态” ---------------->
<---- Study 2 - Single_Muon_Diagnostic/解 2 (sol2) 中的“因变量 1” --------------------
开始于 2026年9月4日 00:21:04。
不求解变量的值: 解 1 (sol1).
           当前进度:   5 % - 因变量 1
Memory: 1032/1058 1041/1074
求解时间：0 s。
物理内存: 1.04 GB
虚拟内存: 1.05 GB
结束时间：2026年9月4日 00:21:04。
----- Study 2 - Single_Muon_Diagnostic/解 2 (sol2) 中的“因变量 1” ------------------->
<---- Study 2 - Single_Muon_Diagnostic/解 2 (sol2) 中的“瞬态求解器 1” ------------------
开始于 2026年9月4日 00:21:04。
瞬态求解器（广义 α）
求解的自由度数：3（加上 4 个内部自由度）。
找到非对称矩阵。
缩放因变量：
颗粒位置 (comp1.qcpt): 1
Step        Time    Stepsize      Res  Jac  Sol Order Tfail NLfail LinIt   LinErr   LinRes
   0           0           - out    2    3    2                  0     0        0        0
   1    1.25e-10    1.25e-10        8    6    8     2     2      0    12  2.6e-09        -
   2   2.316e-10   1.066e-10       14    7   14     2     2      0    23  1.2e-09        -
   4  4.1377e-10  8.6229e-11       22    9   22     2     2      0    37  5.5e-10        -
   7  6.6384e-10  7.7606e-11       32   11   32     2     2      0    54  4.6e-10        -
   9  8.1129e-10  6.9846e-11       40   13   40     2     2      0    68  3.3e-10        -
  11  9.4057e-10  5.9433e-11       48   15   48     2     2      0    82    3e-10        -
  15  1.1783e-09  5.9433e-11       56   16   56     2     2      0    94    4e-10        -
  20   1.458e-09  4.1985e-11       70   17   70     2     2      0   117  6.9e-11        -
  23   1.584e-09  4.1985e-11       76   18   76     2     2      0   126  6.9e-11        -
  27  1.7519e-09  4.1985e-11       84   18   84     2     2      0   138  5.2e-11        -
  32  1.9599e-09  4.0077e-11       95   18   95     2     2      0   156  1.8e-11        -
  35  2.0802e-09  4.0077e-11      104   18  104     2     2      0   174  1.8e-11        -
  38  2.2004e-09  4.0077e-11      113   18  113     2     2      0   192  1.7e-11        -
  41  2.3206e-09  4.0077e-11      122   18  122     2     2      0   210  1.6e-11        -
  44  2.4408e-09  4.0077e-11      131   18  131     2     2      0   228  1.6e-11        -
  46     2.5e-09  2.9576e-11 out  139   20  139     2     2      0   242    5e-12        -
  50  2.7366e-09  5.9151e-11      147   21  147     2     2      0   254  2.1e-10        -
  54   2.957e-09  4.2971e-11      159   22  159     2     2      0   274    4e-11        -
  58  3.1289e-09  4.2971e-11      167   23  167     2     2      0   286  3.8e-11        -
  63  3.3438e-09  4.2971e-11      177   23  177     2     2      0   301  3.4e-11        -
           当前进度:   7 % - 正在组装残差
Memory: 1035/1058 1042/1074
  66  3.4649e-09  3.5144e-11      187   24  187     2     2      0   318  1.1e-11        -
  69  3.6406e-09  7.0288e-11      193   26  193     2     2      0   327  3.2e-10        -
  74  3.9609e-09  3.9137e-11      203   27  203     2     2      0   342  8.4e-12        -
  77  4.1174e-09  7.8273e-11      209   28  209     2     2      0   351    3e-10        -
  78  4.1879e-09  7.0446e-11      215   29  215     2     2      0   362  1.6e-10        -
  81  4.3992e-09  7.0446e-11      221   30  221     2     2      0   371  8.1e-11        -
  83     4.5e-09  5.0403e-11 out  229   32  229     2     2      0   385  1.7e-11        -
  88   4.752e-09  5.0403e-11      239   32  239     2     2      0   400  1.9e-11        -
  92  4.9516e-09  4.8386e-11      248   32  248     2     2      0   415  7.2e-12        -
  95  5.0968e-09  4.8386e-11      257   32  257     2     2      0   433  7.4e-12        -
  98  5.2419e-09  4.8386e-11      266   32  266     2     2      0   451  7.6e-12        -
 101  5.3871e-09  4.8386e-11      275   32  275     2     2      0   469  8.3e-12        -
 104     5.5e-09  3.2262e-11 out  282   33  282     2     2      0   481  2.5e-12        -
 107  5.6936e-09  6.4525e-11      288   34  288     2     2      0   490  8.9e-11        -
 111  5.9436e-09  5.6426e-11      300   35  300     2     2      0   510  7.7e-11        -
 115  6.1693e-09  5.6426e-11      308   36  308     2     2      0   522  8.8e-11        -
 120  6.4475e-09  5.2509e-11      320   36  320     2     2      0   542  1.3e-11        -
 122  6.5525e-09  5.2509e-11      328   36  328     2     2      0   558  1.4e-11        -
 125    6.71e-09  5.2509e-11      340   36  340     2     2      0   582  1.5e-11        -
 128  6.8676e-09  5.2509e-11      352   36  352     2     2      0   606  1.7e-11        -
 130    6.96e-09  3.9963e-11      362   37  362     2     2      0   625  2.3e-11        -
 134  7.1199e-09  3.9963e-11      370   38  370     2     2      0   637  2.3e-11        -
 139  7.3197e-09  3.9963e-11      380   38  380     2     2      0   652  2.3e-11        -
 143  7.4698e-09  3.0206e-11      392   39  392     2     2      0   672  6.3e-12        -
 146  7.6208e-09  6.0411e-11      398   41  398     2     2      0   681  2.2e-10        -
 151  7.9229e-09  6.0411e-11      408   41  408     2     2      0   696  2.5e-10        -
 155  8.0771e-09  3.8561e-11      416   42  416     2     2      0   708  2.8e-11        -
 160  8.2699e-09  3.8561e-11      426   42  426     2     2      0   723  5.2e-11        -
 165  8.4621e-09  3.7917e-11      436   42  436     2     2      0   739  5.3e-11        -
 170  8.6517e-09  3.7917e-11      446   42  446     2     2      0   759  5.3e-11        -
 175  8.8413e-09  3.7917e-11      456   42  456     2     2      0   779  5.1e-11        -
 179  8.9775e-09  2.2497e-11      464   43  464     2     2      0   794  3.1e-12        -
 183   9.135e-09  4.4993e-11      472   44  472     2     2      0   806  7.5e-11        -
 188  9.3599e-09  4.4993e-11      482   44  482     2     2      0   821  5.6e-11        -
 192     9.5e-09  2.5033e-11 out  490   45  490     2     2      0   833  3.2e-12        -
 196  9.7003e-09  5.0066e-11      498   46  498     2     2      0   845  7.7e-11        -
 202       1e-08  4.9736e-11 out  510   46  510     2     2      0   865    4e-11        -
 207  1.0249e-08  4.9736e-11      520   46  520     2     2      0   885  3.6e-11        -
 212  1.0474e-08  2.6188e-11      530   47  530     2     2      0   904  3.2e-12        -
 216  1.0657e-08  5.2377e-11      538   48  538     2     2      0   916  9.5e-11        -
 222   1.096e-08  4.0493e-11      554   49  554     2     2      0   942  2.1e-11        -
 226  1.1121e-08  4.0493e-11      562   50  562     2     2      0   954  1.8e-11        -
 232  1.1364e-08  4.0493e-11      574   50  574     2     2      0   972  9.8e-12        -
           当前进度:   9 % - 
Memory: 1033/1058 1040/1074
 235  1.1473e-08  2.7288e-11      584   51  584     2     2      0   989  1.8e-12        -
 238  1.1609e-08  5.4576e-11      590   53  590     2     2      0   998  4.1e-11        -
 243  1.1882e-08  5.4576e-11      600   53  600     2     2      0  1013  2.5e-11        -
 247  1.2063e-08  6.3393e-11      608   55  608     2     2      0  1025  4.8e-11        -
 252   1.238e-08  6.3393e-11      618   55  618     2     2      0  1040    4e-11        -
 255   1.256e-08  5.9821e-11      627   55  627     2     2      0  1058  3.9e-11        -
 259  1.2799e-08  5.9821e-11      639   55  639     2     2      0  1082  4.3e-11        -
 262  1.2959e-08  4.0625e-11      647   56  647     2     2      0  1097  8.2e-12        -
 267  1.3162e-08  4.0625e-11      657   56  657     2     2      0  1112  1.3e-11        -
 273  1.3406e-08  4.0625e-11      669   56  669     2     2      0  1130  1.6e-11        -
 277  1.3553e-08  5.3127e-11      677   58  677     2     2      0  1142  6.5e-11        -
 282  1.3819e-08  5.3127e-11      687   58  687     2     2      0  1157    9e-11        -
 285  1.3963e-08  3.7491e-11      697   59  697     2     2      0  1174  1.6e-11        -
 287  1.4037e-08  3.7491e-11      701   60  701     2     2      0  1180  1.5e-11        -
 291  1.4187e-08  3.7491e-11      709   60  709     2     2      0  1192  1.6e-11        -
 296  1.4375e-08  3.7491e-11      719   60  719     2     2      0  1207  1.7e-11        -
 298  1.4456e-08  4.3798e-11      727   61  727     2     2      0  1221  3.7e-11        -
 302  1.4631e-08  4.3798e-11      735   62  735     2     2      0  1233  3.5e-11        -
 307   1.485e-08  4.3798e-11      745   62  745     2     2      0  1248    4e-11        -
 310  1.4969e-08   3.101e-11      755   63  755     2     2      0  1265  7.7e-12        -
 313  1.5124e-08  6.2021e-11      761   65  761     2     2      0  1274  2.6e-10        -
 318  1.5434e-08  6.2021e-11      771   65  771     2     2      0  1289    3e-10        -
 322  1.5599e-08  6.5854e-11      779   67  779     2     2      0  1301  4.2e-10        -
 324  1.5717e-08  5.9269e-11      787   69  787     2     2      0  1315  4.6e-10        -
 328  1.5948e-08  5.2437e-11      799   70  799     2     2      0  1335  2.7e-10        -
 332  1.6157e-08  5.2437e-11      807   71  807     2     2      0  1347  2.6e-10        -
 337  1.6419e-08  5.2437e-11      817   71  817     2     2      0  1362  2.1e-10        -
 339    1.65e-08  4.0251e-11 out  825   73  825     2     2      0  1376  4.3e-11        -
 344  1.6701e-08  4.0251e-11      835   73  835     2     2      0  1391  3.2e-11        -
 349  1.6903e-08  4.0251e-11      845   73  845     2     2      0  1406  3.4e-11        -
 352     1.7e-08  2.8618e-11 out  855   75  855     2     2      0  1423  5.9e-12        -
 356  1.7229e-08  5.7235e-11      863   76  863     2     2      0  1435  1.4e-10        -
 360   1.745e-08  4.9677e-11      875   77  875     2     2      0  1455  8.9e-11        -
 364  1.7649e-08  4.9677e-11      883   78  883     2     2      0  1467  8.6e-11        -
 370  1.7947e-08  4.9677e-11      895   78  895     2     2      0  1485  7.6e-11        -
 373  1.8053e-08  5.2906e-11      901   80  901     2     2      0  1494  9.9e-11        -
 378  1.8317e-08  5.2906e-11      911   80  911     2     2      0  1509  8.2e-11        -
 381  1.8462e-08  3.8374e-11      921   81  921     2     2      0  1526  1.5e-11        -
 384  1.8646e-08  6.9074e-11      931   84  931     2     2      0  1543  1.9e-10        -
 388  1.8922e-08  6.9074e-11      939   85  939     2     2      0  1555  1.5e-10        -
 391  1.9078e-08  7.7884e-11      945   87  945     2     2      0  1564  2.1e-10        -
 393  1.9218e-08  7.0096e-11      953   89  953     2     2      0  1578  9.4e-11        -
 397  1.9464e-08  3.5819e-11      961   90  961     2     2      0  1590  3.7e-12        -
 401  1.9715e-08  7.1637e-11      969   91  969     2     2      0  1602    1e-10        -
 405       2e-08  7.0906e-11 out  977   91  977     2     2      0  1616  7.9e-11        -
 409  2.0277e-08  6.3816e-11      989   92  989     2     2      0  1639  6.4e-11        -
 412  2.0452e-08  4.7917e-11      999   94  999     2     2      0  1656    2e-11        -
-          当前进度:  11 % - 
 416  2.0644e-08  4.7917e-11     1007   95 1007     2     2      0  1668  3.2e-11        -
 421  2.0883e-08  4.7917e-11     1017   95 1017     2     2      0  1683  3.7e-11        -
 424     2.1e-08  3.4375e-11 out 1027   97 1027     2     2      0  1700  7.7e-12        -
 429  2.1172e-08  3.4375e-11     1037   97 1037     2     2      0  1715    1e-11        -
 434  2.1344e-08  3.4375e-11     1047   97 1047     2     2      0  1730    1e-11        -
 438  2.1561e-08  6.0936e-11     1055   98 1055     2     2      0  1742  1.8e-10        -
 443  2.1866e-08  6.0936e-11     1065   98 1065     2     2      0  1757  1.9e-10        -
 447  2.2037e-08  3.6725e-11     1073   99 1073     2     2      0  1769  1.5e-11        -
 449  2.2176e-08  6.6106e-11     1081  101 1081     2     2      0  1783    3e-10        -
 453  2.2437e-08  6.2701e-11     1091  102 1091     2     2      0  1800  1.6e-11        -
 456  2.2625e-08  6.2701e-11     1103  102 1103     2     2      0  1824  1.7e-11        -
 459  2.2814e-08  6.2701e-11     1115  102 1115     2     2      0  1848  1.8e-11        -
 461  2.2933e-08  5.6431e-11     1125  103 1125     2     2      0  1867  1.9e-10        -
 465  2.3067e-08  3.3683e-11     1133  104 1133     2     2      0  1879  2.7e-11        -
 470  2.3236e-08  3.3683e-11     1143  104 1143     2     2      0  1894  2.9e-11        -
 476  2.3438e-08  3.3683e-11     1155  104 1155     2     2      0  1912  2.9e-11        -
 479  2.3531e-08  3.1063e-11     1167  104 1167     2     2      0  1936  4.8e-12        -
 483   2.378e-08  6.2125e-11     1175  105 1175     2     2      0  1948    5e-10        -
 486  2.3952e-08  4.8092e-11     1185  106 1185     2     2      0  1965    1e-10        -
 490  2.4144e-08  4.8092e-11     1193  107 1193     2     2      0  1977  7.9e-11        -
 495  2.4385e-08  4.8092e-11     1203  107 1203     2     2      0  1992    8e-11        -
 497  2.4466e-08  3.3585e-11     1211  108 1211     2     2      0  2006    1e-11        -
 500  2.4628e-08  6.0453e-11     1221  111 1221     2     2      0  2023  1.8e-10        -
 504  2.4869e-08  6.0453e-11     1229  112 1229     2     2      0  2035  2.4e-10        -
 508  2.5035e-08  3.5055e-11     1237  113 1237     2     2      0  2047  1.5e-11        -
 510  2.5168e-08  6.3099e-11     1245  115 1245     2     2      0  2061  2.7e-10        -
 514  2.5421e-08  6.3099e-11     1253  116 1253     2     2      0  2073  2.4e-10        -
 517  2.5579e-08  7.9341e-11     1259  118 1259     2     2      0  2082    7e-10        -
 519  2.5715e-08  6.8046e-11     1267  120 1267     2     2      0  2096  2.9e-10        -
 523   2.596e-08  4.0214e-11     1275  121 1275     2     2      0  2108  1.4e-11        -
 526  2.6153e-08  7.2101e-11     1285  123 1285     2     2      0  2125  1.7e-10        -
 530  2.6434e-08  6.5584e-11     1295  124 1295     2     2      0  2142  4.5e-11        -
 533  2.6631e-08  6.5584e-11     1307  124 1307     2     2      0  2166  4.1e-11        -
 536  2.6828e-08  6.5584e-11     1319  124 1319     2     2      0  2190  3.8e-11        -
 538  2.6947e-08  5.3248e-11     1329  125 1329     2     2      0  2209  2.5e-11        -
 542   2.716e-08  5.3248e-11     1337  126 1337     2     2      0  2221  1.7e-11        -
 547  2.7426e-08  5.3248e-11     1347  126 1347     2     2      0  2236    2e-11        -
 549    2.75e-08  3.7009e-11 out 1355  128 1355     2     2      0  2250  3.9e-12        -
 554  2.7685e-08  3.7009e-11     1365  128 1365     2     2      0  2265  4.3e-12        -
 558  2.7833e-08  3.7009e-11     1373  128 1373     2     2      0  2277  5.5e-12        -
 562  2.7972e-08  2.7947e-11     1385  129 1385     2     2      0  2297  2.1e-12        -
 564  2.8056e-08  5.5893e-11     1389  131 1389     2     2      0  2303    7e-11        -
 568  2.8279e-08  5.5893e-11     1397  131 1397     2     2      0  2315  8.1e-11        -
 573  2.8554e-08  5.4374e-11     1410  131 1410     2     2      0  2339    1e-11        -
 577  2.8772e-08  5.4374e-11     1422  131 1422     2     2      0  2363  1.2e-11        -
 581  2.8967e-08  3.2504e-11     1433  132 1433     2     2      0  2384  7.8e-12        -
 586  2.9228e-08  6.5008e-11     1443  133 1443     2     2      0  2399  2.7e-10        -
-          当前进度:  12 % - 正在组装残差
 591    2.95e-08  3.8724e-11 out 1453  134 1453     2     2      0  2414    2e-11        -
 593  2.9647e-08  6.9703e-11     1461  136 1461     2     2      0  2428  4.1e-10        -
 595   2.978e-08  6.2732e-11     1469  138 1469     2     2      0  2442  2.6e-10        -
 598  2.9953e-08  4.7475e-11     1479  140 1479     2     2      0  2459  7.1e-11        -
 603   3.019e-08  4.7475e-11     1489  141 1489     2     2      0  2474  7.7e-11        -
 608  3.0427e-08  4.7475e-11     1499  141 1499     2     2      0  2489  1.5e-10        -
 610    3.05e-08  3.6361e-11 out 1507  143 1507     2     2      0  2503    4e-11        -
 616  3.0718e-08  3.6361e-11     1519  143 1519     2     2      0  2521  4.3e-11        -
 622  3.0936e-08  3.6361e-11     1531  143 1531     2     2      0  2539  4.1e-11        -
 624     3.1e-08  3.1834e-11 out 1539  145 1539     2     2      0  2553  1.9e-11        -
 630  3.1191e-08  3.1834e-11     1551  145 1551     2     2      0  2571  1.7e-11        -
 634  3.1441e-08  5.8995e-11     1561  146 1561     2     2      0  2588  4.9e-11        -
 637  3.1618e-08  5.8995e-11     1573  146 1573     2     2      0  2612  4.4e-11        -
 640  3.1795e-08  5.8995e-11     1585  146 1585     2     2      0  2636  4.2e-11        -
 643  3.1956e-08  4.3519e-11     1599  147 1599     2     2      0  2663  3.6e-11        -
 648  3.2174e-08  4.3519e-11     1609  148 1609     2     2      0  2678  4.6e-11        -
 654  3.2435e-08  4.3519e-11     1621  148 1621     2     2      0  2696  4.4e-11        -
 656    3.25e-08  3.2406e-11 out 1629  150 1629     2     2      0  2710  9.8e-12        -
 661  3.2824e-08  6.4812e-11     1639  151 1639     2     2      0  2725  2.8e-10        -
 663  3.2944e-08  5.5565e-11     1647  152 1647     2     2      0  2739  1.2e-10        -
 668  3.3222e-08  5.5565e-11     1657  153 1657     2     2      0  2754  9.5e-11        -
 674  3.3556e-08  5.5524e-11     1669  153 1669     2     2      0  2775  3.3e-14        -
 680  3.3889e-08  5.5524e-11     1681  153 1681     2     2      0  2799  2.8e-13        -
 684  3.4056e-08  5.5811e-11     1689  155 1689     2     2      0  2812  2.8e-11        -
 690  3.4391e-08  5.5811e-11     1701  155 1701     2     2      0  2830  3.1e-11        -
 696  3.4719e-08  5.4662e-11     1713  155 1713     2     2      0  2854  6.6e-11        -
 701  3.4969e-08  3.1353e-11     1723  156 1723     2     2      0  2873  1.8e-12        -
 705  3.5188e-08  6.2707e-11     1731  157 1731     2     2      0  2885  7.4e-11        -
 710    3.55e-08  6.1879e-11 out 1741  157 1741     2     2      0  2902  9.7e-11        -
 716  3.5871e-08  6.1879e-11     1753  157 1753     2     2      0  2926  1.3e-10        -
 720  3.6067e-08  6.6844e-11     1761  159 1761     2     2      0  2939  2.9e-10        -
 722  3.6187e-08   6.016e-11     1769  161 1769     2     2      0  2953  1.7e-10        -
 727  3.6464e-08  3.6098e-11     1779  162 1779     2     2      0  2968  1.4e-11        -
 731  3.6673e-08  6.4977e-11     1791  164 1791     2     2      0  2988  1.5e-08        -
 736  3.6967e-08  3.3412e-11     1801  166 1801     2     2      0  3003    1e-11        -
 740    3.72e-08  6.6823e-11     1809  167 1809     2     2      0  3015  5.4e-08        -
 744   3.745e-08  4.9531e-11     1821  168 1821     2     2      0  3035  9.1e-11        -
 749  3.7698e-08  4.9531e-11     1831  169 1831     2     2      0  3050    1e-10        -
 755  3.7973e-08  2.7112e-11     1843  170 1843     2     2      0  3068  9.9e-12        -
 759  3.8163e-08  5.4223e-11     1851  171 1851     2     2      0  3080  3.1e-10        -
 765  3.8467e-08  3.3107e-11     1863  172 1863     2     2      0  3098  2.2e-11        -
 770  3.8699e-08  6.6214e-11     1873  173 1873     2     2      0  3113  6.6e-10        -
 774  3.8949e-08  5.1358e-11     1885  174 1885     2     2      0  3133  1.1e-10        -
 779  3.9205e-08  5.1358e-11     1895  175 1895     2     2      0  3148  1.1e-10        -
 784  3.9455e-08  4.4568e-11     1909  176 1909     2     2      0  3171  5.2e-11        -
 789  3.9678e-08  4.4568e-11     1919  177 1919     2     2      0  3186  5.1e-11        -
-          当前进度:  14 % - 
 794  3.9901e-08  4.4568e-11     1929  177 1929     2     2      0  3201  4.8e-11        -
 798  4.0054e-08  5.4323e-11     1937  179 1937     2     2      0  3213  1.2e-10        -
 804   4.038e-08  5.4323e-11     1949  179 1949     2     2      0  3231    1e-10        -
 808  4.0565e-08  6.5416e-11     1957  181 1957     2     2      0  3243  2.2e-10        -
 814  4.0946e-08  5.3751e-11     1973  182 1973     2     2      0  3269  3.8e-11        -
 819  4.1215e-08  5.3751e-11     1983  183 1983     2     2      0  3284  3.5e-11        -
 824  4.1465e-08  3.4996e-11     1993  184 1993     2     2      0  3299  2.6e-12        -
 828   4.171e-08  6.9991e-11     2001  185 2001     2     2      0  3311    1e-10        -
 833     4.2e-08  4.0027e-11 out 2011  186 2011     2     2      0  3326  3.9e-12        -
 839   4.224e-08  4.0027e-11     2023  186 2023     2     2      0  3344  5.5e-12        -
 845   4.247e-08  2.9852e-11     2039  187 2039     2     2      0  3370  1.5e-12        -
 849  4.2679e-08  5.9703e-11     2047  189 2047     2     2      0  3382  6.2e-11        -
 854  4.2959e-08  4.1038e-11     2061  190 2061     2     2      0  3405  1.6e-11        -
 859  4.3164e-08  4.1038e-11     2071  191 2071     2     2      0  3420  2.7e-11        -
 865   4.341e-08  4.1038e-11     2083  191 2083     2     2      0  3438  2.5e-11        -
 869  4.3549e-08  4.8584e-11     2091  193 2091     2     2      0  3450  5.9e-11        -
 875   4.384e-08  4.8584e-11     2103  193 2103     2     2      0  3468    9e-11        -
 880  4.4063e-08  6.2744e-11     2113  195 2113     2     2      0  3483  2.4e-10        -
 886  4.4438e-08  6.1769e-11     2125  195 2125     2     2      0  3502  2.9e-10        -
 892  4.4809e-08  6.1769e-11     2137  195 2137     2     2      0  3526  3.2e-10        -
 897  4.5034e-08   3.381e-11     2147  196 2147     2     2      0  3543  1.5e-11        -
 903  4.5237e-08   3.381e-11     2159  196 2159     2     2      0  3561  2.7e-11        -
 909   4.544e-08   3.381e-11     2171  196 2171     2     2      0  3579    3e-11        -
 912   4.556e-08  6.0471e-11     2181  197 2181     2     2      0  3598  5.4e-10        -
 918  4.5923e-08  6.0471e-11     2193  197 2193     2     2      0  3616  4.4e-10        -
 923  4.6115e-08  3.8352e-11     2203  198 2203     2     2      0  3631  4.2e-11        -
 929  4.6345e-08  3.8352e-11     2215  198 2215     2     2      0  3649  2.5e-11        -
 934    4.65e-08  1.9888e-11 out 2225  199 2225     2     2      0  3664  9.6e-13        -
 939  4.6699e-08  3.9775e-11     2235  200 2235     2     2      0  3679  2.3e-11        -
 945  4.6938e-08  3.9775e-11     2247  200 2247     2     2      0  3697  2.9e-11        -
 947     4.7e-08  3.1235e-11 out 2255  202 2255     2     2      0  3711  8.7e-12        -
 952  4.7312e-08   6.247e-11     2265  203 2265     2     2      0  3726  2.5e-10        -
 957  4.7563e-08  6.2709e-11     2275  205 2275     2     2      0  3741  2.4e-10        -
 963  4.7938e-08  6.1873e-11     2287  205 2287     2     2      0  3760  1.2e-10        -
 969  4.8309e-08  6.1873e-11     2299  205 2299     2     2      0  3784  8.8e-11        -
 974  4.8567e-08   6.689e-11     2309  207 2309     2     2      0  3801  1.1e-10        -
 980  4.8951e-08   4.933e-11     2325  208 2325     2     2      0  3827  1.3e-11        -
 985  4.9197e-08   4.933e-11     2335  209 2335     2     2      0  3842  1.7e-11        -
 991  4.9472e-08  2.8015e-11     2347  210 2347     2     2      0  3860  7.1e-13        -
 995  4.9668e-08  5.6029e-11     2355  211 2355     2     2      0  3872  3.1e-11        -
1000  4.9946e-08  5.3897e-11     2366  211 2366     2     2      0  3890  1.3e-11        -
1004  5.0162e-08  5.3897e-11     2378  211 2378     2     2      0  3914  1.5e-11        -
1008  5.0377e-08  5.3897e-11     2390  211 2390     2     2      0  3938  1.7e-11        -
1012  5.0534e-08  3.4411e-11     2399  212 2399     2     2      0  3953  1.1e-11        -
-          当前进度:  16 % - 正在组装残差
1016  5.0672e-08  3.4411e-11     2407  212 2407     2     2      0  3965    1e-11        -
1022  5.0879e-08  3.4411e-11     2419  212 2419     2     2      0  3983    1e-11        -
1025  5.0974e-08  2.6328e-11     2429  213 2429     2     2      0  4000  2.8e-12        -
1029  5.1158e-08  5.2656e-11     2437  215 2437     2     2      0  4012  1.4e-10        -
1035  5.1461e-08  3.9377e-11     2453  216 2453     2     2      0  4038  2.3e-11        -
1039  5.1618e-08  3.9377e-11     2461  217 2461     2     2      0  4050  2.1e-11        -
1044  5.1854e-08  7.8754e-11     2471  218 2471     2     2      0  4065  7.6e-10        -
1046  5.1962e-08  3.7716e-11     2479  220 2479     2     2      0  4079  2.1e-11        -
1049  5.2141e-08  6.6002e-11     2489  222 2489     2     2      0  4096  3.7e-10        -
1051  5.2267e-08  5.9401e-11     2497  224 2497     2     2      0  4110  2.3e-10        -
1055    5.25e-08  5.7181e-11 out 2507  225 2507     2     2      0  4128  5.5e-11        -
1059  5.2729e-08  5.7181e-11     2519  225 2519     2     2      0  4152  5.6e-11        -
1063   5.295e-08  4.9868e-11     2534  226 2534     2     2      0  4181  2.1e-10        -
1068  5.3199e-08  4.9868e-11     2544  227 2544     2     2      0  4196  1.7e-10        -
1073  5.3449e-08  4.9868e-11     2554  227 2554     2     2      0  4211  1.6e-10        -
1076  5.3551e-08   5.119e-11     2560  229 2560     2     2      0  4220  1.7e-10        -
1081  5.3807e-08   5.119e-11     2570  229 2570     2     2      0  4235  1.1e-10        -
1084  5.3955e-08   4.524e-11     2580  230 2580     2     2      0  4252  5.8e-11        -
1088  5.4136e-08   4.524e-11     2588  231 2588     2     2      0  4264  4.3e-11        -
1094  5.4407e-08   4.524e-11     2600  231 2600     2     2      0  4282  5.4e-11        -
1098  5.4548e-08  4.7599e-11     2608  233 2608     2     2      0  4294  6.7e-11        -
1103  5.4786e-08  4.7599e-11     2618  233 2618     2     2      0  4309  6.1e-11        -
1107  5.4964e-08  3.5804e-11     2630  234 2630     2     2      0  4329  1.4e-11        -
1110  5.5136e-08  6.4448e-11     2640  237 2640     2     2      0  4346  2.4e-10        -
1114  5.5394e-08  6.4448e-11     2648  238 2648     2     2      0  4358  1.7e-10        -
1116    5.55e-08  5.3076e-11 out 2656  240 2656     2     2      0  4372  5.7e-11        -
1121  5.5765e-08  5.3076e-11     2666  240 2666     2     2      0  4387  3.5e-11        -
1125  5.5962e-08  3.7695e-11     2678  241 2678     2     2      0  4407  6.1e-12        -
1128  5.6151e-08   7.539e-11     2684  243 2684     2     2      0  4416  1.4e-10        -
1132  5.6438e-08  6.1526e-11     2696  244 2696     2     2      0  4436  3.9e-11        -
1137  5.6746e-08  6.1526e-11     2706  245 2706     2     2      0  4451  3.5e-11        -
1142     5.7e-08   3.466e-11 out 2716  246 2716     2     2      0  4466  2.6e-12        -
1147  5.7347e-08  6.9321e-11     2726  247 2726     2     2      0  4481  1.1e-10        -
1149  5.7454e-08  4.5503e-11     2734  249 2734     2     2      0  4495  1.6e-11        -
1154  5.7682e-08  4.5503e-11     2744  249 2744     2     2      0  4510  2.7e-11        -
1160  5.7955e-08  4.5235e-11     2756  249 2756     2     2      0  4529  1.5e-11        -
1166  5.8226e-08  4.5235e-11     2768  249 2768     2     2      0  4553  1.8e-11        -
1172  5.8476e-08  2.3826e-11     2780  250 2780     2     2      0  4576  2.7e-12        -
1177  5.8691e-08  4.7651e-11     2790  251 2790     2     2      0  4591    8e-11        -
1182  5.8929e-08  4.7651e-11     2800  251 2800     2     2      0  4606  5.3e-11        -
1184     5.9e-08  3.5568e-11 out 2808  253 2808     2     2      0  4620  1.3e-11        -
-          当前进度:  18 % - 正在组装残差
1189  5.9313e-08  6.4023e-11     2822  255 2822     2     2      0  4643  2.8e-10        -
1193  5.9561e-08  6.1487e-11     2833  256 2833     2     2      0  4664    8e-11        -
1197  5.9807e-08  6.1487e-11     2845  256 2845     2     2      0  4688  8.3e-11        -
1199  5.9924e-08  5.5339e-11     2854  257 2854     2     2      0  4705    3e-10        -
1203  6.0076e-08  3.7868e-11     2862  258 2862     2     2      0  4717  5.1e-11        -
1209  6.0303e-08  3.7868e-11     2874  258 2874     2     2      0  4735  5.2e-11        -
1214  6.0477e-08   2.279e-11     2884  259 2884     2     2      0  4750  3.9e-12        -
1218  6.0637e-08  4.5581e-11     2892  260 2892     2     2      0  4762  1.1e-10        -
1223  6.0865e-08  4.5581e-11     2902  260 2902     2     2      0  4777    1e-10        -
1228   6.109e-08  4.4886e-11     2912  260 2912     2     2      0  4796  8.4e-11        -
1234  6.1359e-08  4.4886e-11     2924  260 2924     2     2      0  4820  8.5e-11        -
1239  6.1551e-08  5.1143e-11     2934  262 2934     2     2      0  4837  1.2e-10        -
1244  6.1807e-08  5.1143e-11     2944  262 2944     2     2      0  4852  9.9e-11        -
1247  6.1955e-08  4.5427e-11     2954  263 2954     2     2      0  4869  5.3e-11        -
1252  6.2182e-08  4.5427e-11     2964  264 2964     2     2      0  4884  4.8e-11        -
1257  6.2409e-08  4.5427e-11     2974  264 2974     2     2      0  4899  4.5e-11        -
1261  6.2546e-08  4.5731e-11     2982  266 2982     2     2      0  4911  4.3e-11        -
1267   6.282e-08  4.5731e-11     2994  266 2994     2     2      0  4929  2.9e-11        -
1273  6.3088e-08  4.4211e-11     3006  266 3006     2     2      0  4951  6.9e-11        -
1279  6.3354e-08  4.4211e-11     3018  266 3018     2     2      0  4975  5.9e-11        -
1284  6.3558e-08  5.7888e-11     3028  268 3028     2     2      0  4992  3.6e-11        -
1290  6.3905e-08  5.7888e-11     3040  268 3040     2     2      0  5010    4e-11        -
1292     6.4e-08  4.7391e-11 out 3048  270 3048     2     2      0  5024  1.4e-11        -
1298  6.4284e-08  4.7391e-11     3060  270 3060     2     2      0  5042    1e-11        -
1302  6.4463e-08  3.6741e-11     3072  271 3072     2     2      0  5062  3.9e-12        -
1306   6.461e-08  3.6741e-11     3080  272 3080     2     2      0  5074  4.3e-12        -
1312  6.4831e-08  3.6741e-11     3092  272 3092     2     2      0  5092  5.5e-12        -
1316   6.497e-08  2.9554e-11     3104  273 3104     2     2      0  5112  2.9e-12        -
1320  6.5177e-08  5.9109e-11     3112  275 3112     2     2      0  5124  1.6e-10        -
1325  6.5457e-08   4.312e-11     3126  276 3126     2     2      0  5147  3.1e-11        -
1330  6.5672e-08   4.312e-11     3136  277 3136     2     2      0  5162  3.2e-11        -
1335  6.5888e-08   4.312e-11     3146  277 3146     2     2      0  5177  5.2e-11        -
1338     6.6e-08  3.4399e-11 out 3156  279 3156     2     2      0  5194  1.6e-11        -
1342  6.6241e-08  6.8799e-11     3164  280 3164     2     2      0  5206  4.8e-10        -
1345  6.6439e-08  6.0804e-11     3174  281 3174     2     2      0  5223  1.9e-10        -
1350  6.6743e-08  6.0804e-11     3184  282 3184     2     2      0  5238  2.2e-10        -
1355     6.7e-08  3.7187e-11 out 3194  283 3194     2     2      0  5253  2.2e-11        -
1361  6.7223e-08  3.7187e-11     3206  283 3206     2     2      0  5271  2.4e-11        -
1367  6.7446e-08  3.7187e-11     3218  283 3218     2     2      0  5289  4.7e-11        -
1369    6.75e-08  2.6876e-11 out 3226  285 3226     2     2      0  5303  9.3e-12        -
1374  6.7769e-08  5.3752e-11     3236  286 3236     2     2      0  5318    3e-10        -
1379     6.8e-08  3.4992e-11 out 3246  287 3246     2     2      0  5333  2.9e-11        -
1385   6.821e-08  3.4992e-11     3258  287 3258     2     2      0  5351  2.7e-11        -
1390  6.8385e-08  3.4992e-11     3268  287 3268     2     2      0  5366  2.5e-11        -
1393    6.85e-08   4.511e-11 out 3278  288 3278     2     2      0  5383  8.5e-11        -
1398  6.8726e-08   4.511e-11     3288  289 3288     2     2      0  5398  6.8e-11        -
1404  6.8976e-08  2.4451e-11     3300  290 3300     2     2      0  5416    3e-12        -
--         当前进度:  20 % - 正在组装残差
1407  6.9098e-08  4.8902e-11     3306  291 3306     2     2      0  5425  9.5e-11        -
1412  6.9342e-08  4.8902e-11     3316  291 3316     2     2      0  5440  7.6e-11        -
1417   6.956e-08  5.9878e-11     3326  293 3326     2     2      0  5455  1.9e-10        -
1422  6.9859e-08  5.9878e-11     3336  293 3336     2     2      0  5470  1.6e-10        -
1425       7e-08  4.0425e-11 out 3346  295 3346     2     2      0  5487    2e-11        -
1430  7.0202e-08  4.0425e-11     3356  295 3356     2     2      0  5502  1.6e-11        -
1436  7.0445e-08  4.0425e-11     3368  295 3368     2     2      0  5520    1e-11        -
1438    7.05e-08   2.766e-11 out 3376  297 3376     2     2      0  5534  1.4e-12        -
1442  7.0721e-08   5.532e-11     3384  298 3384     2     2      0  5546  4.4e-11        -
1447  7.0971e-08  2.8721e-11     3394  299 3394     2     2      0  5561    1e-12        -
1451  7.1172e-08  5.7442e-11     3402  300 3402     2     2      0  5573  2.9e-11        -
1456  7.1451e-08  4.8952e-11     3416  301 3416     2     2      0  5596  1.1e-11        -
1460  7.1647e-08  4.8952e-11     3424  302 3424     2     2      0  5608  1.2e-11        -
1465  7.1892e-08  4.8952e-11     3434  302 3434     2     2      0  5623  1.7e-11        -
1469  7.2059e-08  5.9431e-11     3442  304 3442     2     2      0  5635    5e-11        -
1474  7.2357e-08  5.9431e-11     3452  304 3452     2     2      0  5650  4.5e-11        -
1476  7.2458e-08  4.1991e-11     3460  305 3460     2     2      0  5664  2.7e-11        -
1480  7.2626e-08  4.1991e-11     3468  306 3468     2     2      0  5676  2.9e-11        -
1485  7.2836e-08  4.1991e-11     3478  306 3478     2     2      0  5691  2.7e-11        -
1489     7.3e-08  4.0047e-11 out 3488  306 3488     2     2      0  5709  1.2e-11        -
1492   7.312e-08  4.0047e-11     3497  306 3497     2     2      0  5727  1.3e-11        -
1496   7.328e-08  4.0047e-11     3509  306 3509     2     2      0  5751  1.4e-11        -
1500  7.3441e-08  4.0047e-11     3521  306 3521     2     2      0  5775  1.5e-11        -
1502    7.35e-08   2.974e-11 out 3529  308 3529     2     2      0  5789  7.4e-12        -
1506  7.3738e-08   5.948e-11     3537  309 3537     2     2      0  5801  2.6e-10        -
1510  7.3958e-08  4.1821e-11     3549  310 3549     2     2      0  5821  3.2e-11        -
1514  7.4125e-08  4.1821e-11     3557  311 3557     2     2      0  5833  3.5e-11        -
1519  7.4335e-08  4.1821e-11     3567  311 3567     2     2      0  5848  3.8e-11        -
1524  7.4541e-08  4.0897e-11     3577  311 3577     2     2      0  5866    1e-10        -
1529  7.4745e-08  4.0897e-11     3587  311 3587     2     2      0  5886    1e-10        -
1534   7.495e-08  4.0897e-11     3597  311 3597     2     2      0  5906  1.1e-10        -
1537   7.505e-08  5.0131e-11     3603  313 3603     2     2      0  5915  2.1e-10        -
1542  7.5301e-08  5.0131e-11     3613  313 3613     2     2      0  5930    2e-10        -
1547  7.5549e-08  4.9474e-11     3623  313 3623     2     2      0  5948  1.2e-10        -
1552  7.5797e-08  4.9474e-11     3633  313 3633     2     2      0  5968  1.1e-10        -
1556  7.5973e-08  2.7367e-11     3641  314 3641     2     2      0  5983  6.3e-12        -
1560  7.6164e-08  5.4734e-11     3649  315 3649     2     2      0  5995  1.8e-10        -
1565  7.6438e-08  5.4734e-11     3659  315 3659     2     2      0  6010  1.7e-10        -
1568  7.6562e-08   6.213e-11     3665  317 3665     2     2      0  6019  3.1e-10        -
1573  7.6873e-08   6.213e-11     3675  317 3675     2     2      0  6034  2.4e-10        -
1577  7.7065e-08   6.509e-11     3683  319 3683     2     2      0  6046  2.8e-10        -
1582  7.7391e-08   6.509e-11     3693  319 3693     2     2      0  6061  2.2e-10        -
1584    7.75e-08  5.4729e-11 out 3701  321 3701     2     2      0  6075  7.9e-11        -
1589  7.7774e-08  5.4729e-11     3711  321 3711     2     2      0  6090    5e-11        -
1593  7.7969e-08  3.1086e-11     3719  322 3719     2     2      0  6102  3.4e-12        -
1597  7.8187e-08  6.2172e-11     3727  323 3727     2     2      0  6114  6.8e-11        -
1602  7.8468e-08  3.2399e-11     3737  324 3737     2     2      0  6129  1.4e-12        -
--         当前进度:  21 % - 
Memory: 1032/1058 1040/1074
1605   7.863e-08  6.4798e-11     3743  325 3743     2     2      0  6138  4.9e-11        -
1609  7.8889e-08  6.4798e-11     3751  325 3751     2     2      0  6150    5e-11        -
1611     7.9e-08  5.5606e-11 out 3759  327 3759     2     2      0  6164  1.5e-11        -
1616  7.9278e-08  5.5606e-11     3769  327 3769     2     2      0  6179  3.2e-11        -
1621  7.9555e-08  5.5378e-11     3779  327 3779     2     2      0  6197  1.5e-11        -
1626  7.9832e-08  5.5378e-11     3789  327 3789     2     2      0  6217  1.8e-11        -
1630       8e-08  2.8489e-11 out 3797  328 3797     2     2      0  6231  4.2e-12        -
1634  8.0228e-08  5.6979e-11     3805  329 3805     2     2      0  6243  1.2e-10        -
1638  8.0449e-08  5.0574e-11     3817  330 3817     2     2      0  6263  7.1e-11        -
1642  8.0652e-08  5.0574e-11     3825  331 3825     2     2      0  6275  1.2e-10        -
1647  8.0905e-08  5.0574e-11     3835  331 3835     2     2      0  6290  1.1e-10        -
1650  8.1048e-08  4.7702e-11     3847  331 3847     2     2      0  6314  7.1e-12        -
1653  8.1191e-08  4.7702e-11     3859  331 3859     2     2      0  6338  7.6e-12        -
1656  8.1334e-08  4.7702e-11     3871  331 3871     2     2      0  6362  7.6e-12        -
1659  8.1465e-08  3.5341e-11     3885  332 3885     2     2      0  6389  1.5e-11        -
1662  8.1606e-08  7.0682e-11     3891  334 3891     2     2      0  6398  4.4e-10        -
1664  8.1733e-08  6.3614e-11     3899  336 3899     2     2      0  6412  3.1e-10        -
1668  8.1962e-08  3.7955e-11     3907  337 3907     2     2      0  6424  4.1e-11        -
1673  8.2152e-08  3.7955e-11     3917  337 3917     2     2      0  6439    5e-11        -
1679   8.238e-08  3.7955e-11     3929  337 3929     2     2      0  6457  5.3e-11        -
1683    8.25e-08  2.2271e-11 out 3937  338 3937     2     2      0  6469  3.6e-12        -
1687  8.2678e-08  4.4543e-11     3945  339 3945     2     2      0  6481  1.1e-10        -
1693  8.2945e-08  4.4543e-11     3957  339 3957     2     2      0  6499  9.1e-11        -
1696  8.3055e-08  5.4573e-11     3963  341 3963     2     2      0  6508  2.4e-10        -
1701  8.3327e-08  5.4573e-11     3973  341 3973     2     2      0  6523  2.2e-10        -
1705    8.35e-08  3.1707e-11 out 3981  342 3981     2     2      0  6535  1.6e-11        -
1707  8.3627e-08  6.3413e-11     3985  343 3985     2     2      0  6541  3.6e-10        -
1712   8.394e-08   5.976e-11     3997  343 3997     2     2      0  6561  1.7e-11        -
1715   8.412e-08   5.976e-11     4007  343 4007     2     2      0  6581  1.2e-10        -
1719  8.4359e-08   5.976e-11     4019  343 4019     2     2      0  6605  1.1e-10        -
1723  8.4541e-08   4.084e-11     4028  344 4028     2     2      0  6620  2.5e-11        -
1729  8.4786e-08   4.084e-11     4040  344 4040     2     2      0  6638    2e-11        -
1734  8.4975e-08  2.5383e-11     4050  345 4050     2     2      0  6653  1.5e-12        -
1738  8.5152e-08  5.0765e-11     4058  346 4058     2     2      0  6665    4e-11        -
1743  8.5406e-08  5.0765e-11     4068  346 4068     2     2      0  6680  3.7e-11        -
1746  8.5547e-08  4.6939e-11     4080  346 4080     2     2      0  6704  6.3e-12        -
1749  8.5688e-08  4.6939e-11     4092  346 4092     2     2      0  6728  6.1e-12        -
1752  8.5829e-08  4.6939e-11     4104  346 4104     2     2      0  6752  5.8e-12        -
1755  8.5961e-08  3.8772e-11     4118  347 4118     2     2      0  6779  1.5e-12        -
1758  8.6147e-08   6.979e-11     4128  350 4128     2     2      0  6796  6.9e-11        -
1762  8.6426e-08   6.979e-11     4136  351 4136     2     2      0  6808  4.7e-11        -
1765  8.6574e-08  7.3505e-11     4142  353 4142     2     2      0  6817  1.1e-10        -
1767  8.6706e-08  6.6154e-11     4150  355 4150     2     2      0  6831  8.1e-11        -
1771  8.6952e-08  4.7862e-11     4162  356 4162     2     2      0  6851  1.9e-11        -
1775  8.7144e-08  4.7862e-11     4170  357 4170     2     2      0  6863  2.4e-11        -
1781  8.7431e-08  4.7862e-11     4182  357 4182     2     2      0  6881  5.7e-11        -
--         当前进度:  23 % - 组装稀疏模式
1783    8.75e-08   3.462e-11 out 4190  359 4190     2     2      0  6895  1.2e-11        -
1786  8.7666e-08  6.2316e-11     4200  361 4200     2     2      0  6912    2e-10        -
1790  8.7915e-08  6.2316e-11     4208  362 4208     2     2      0  6924  2.3e-10        -
1792     8.8e-08  4.2279e-11 out 4216  364 4216     2     2      0  6938  3.5e-11        -
1797  8.8211e-08  4.2279e-11     4226  364 4226     2     2      0  6953  4.4e-11        -
1803  8.8461e-08  3.8604e-11     4240  364 4240     2     2      0  6976  1.5e-11        -
1806  8.8577e-08  3.8604e-11     4252  364 4252     2     2      0  7000  1.6e-11        -
1809  8.8693e-08  3.8604e-11     4264  364 4264     2     2      0  7024  1.6e-11        -
1811   8.884e-08  6.9487e-11     4272  366 4272     2     2      0  7038  4.2e-10        -
1815  8.9045e-08  4.5399e-11     4280  368 4280     2     2      0  7050  4.9e-11        -
1820  8.9272e-08  4.5399e-11     4290  368 4290     2     2      0  7065  6.1e-11        -
1825  8.9477e-08  2.3006e-11     4300  369 4300     2     2      0  7080    4e-12        -
1829  8.9638e-08  4.6013e-11     4308  370 4308     2     2      0  7092  1.3e-10        -
1834  8.9868e-08  4.6013e-11     4318  370 4318     2     2      0  7107  1.4e-10        -
1837       9e-08  4.2943e-11 out 4328  370 4328     2     2      0  7126  1.1e-11        -
1840  9.0129e-08  4.2943e-11     4340  370 4340     2     2      0  7150  1.1e-11        -
1843  9.0258e-08  4.2943e-11     4352  370 4352     2     2      0  7174  1.1e-11        -
1845  9.0344e-08  4.2943e-11     4360  370 4360     2     2      0  7190  1.1e-11        -
1848  9.0465e-08  3.5284e-11     4374  371 4374     2     2      0  7217  2.7e-11        -
1852  9.0606e-08  3.5284e-11     4382  372 4382     2     2      0  7229  2.5e-11        -
1857  9.0818e-08  7.0568e-11     4392  373 4392     2     2      0  7244  8.4e-10        -
1860     9.1e-08  5.5939e-11 out 4402  375 4402     2     2      0  7261  1.9e-10        -
1866  9.1336e-08  5.5939e-11     4414  375 4414     2     2      0  7279  1.8e-10        -
1870  9.1554e-08  5.4212e-11     4425  375 4425     2     2      0  7300  1.9e-11        -
1874  9.1771e-08  5.4212e-11     4437  375 4437     2     2      0  7324  1.7e-11        -
1878  9.1967e-08   3.315e-11     4448  376 4448     2     2      0  7345  8.6e-12        -
1883  9.2265e-08    6.63e-11     4458  377 4458     2     2      0  7360  2.1e-10        -
1886  9.2449e-08  5.1099e-11     4468  378 4468     2     2      0  7377  4.6e-11        -
1891  9.2704e-08  5.1099e-11     4478  379 4478     2     2      0  7392  4.4e-11        -
1896  9.2954e-08  4.5606e-11     4492  380 4492     2     2      0  7415  1.4e-11        -
1900  9.3137e-08  4.5606e-11     4500  381 4500     2     2      0  7427  1.1e-11        -
1905  9.3365e-08  4.5606e-11     4510  381 4510     2     2      0  7442  3.1e-12        -
1911  9.3634e-08  4.4774e-11     4522  381 4522     2     2      0  7465  2.8e-11        -
1917  9.3903e-08  4.4774e-11     4534  381 4534     2     2      0  7489    3e-11        -
1921  9.4052e-08   5.226e-11     4542  383 4542     2     2      0  7502  1.9e-11        -
1927  9.4366e-08   5.226e-11     4554  383 4554     2     2      0  7520  3.2e-11        -
1930    9.45e-08  4.0961e-11 out 4564  385 4564     2     2      0  7537  1.1e-11        -
1935  9.4705e-08  4.0961e-11     4574  385 4574     2     2      0  7552  2.5e-11        -
1941  9.4951e-08  4.0961e-11     4586  385 4586     2     2      0  7570  2.4e-11        -
1944  9.5049e-08  4.9434e-11     4592  387 4592     2     2      0  7579  6.2e-11        -
1950  9.5346e-08  4.9434e-11     4604  387 4604     2     2      0  7597  7.4e-11        -
1955  9.5555e-08  5.5091e-11     4614  389 4614     2     2      0  7612  1.7e-10        -
1961  9.5886e-08  5.5091e-11     4626  389 4626     2     2      0  7630  1.8e-10        -
1965  9.6059e-08  5.9272e-11     4634  391 4634     2     2      0  7642  2.7e-10        -
1971  9.6415e-08  5.9272e-11     4646  391 4646     2     2      0  7660  1.8e-10        -
1973    9.65e-08  4.2548e-11 out 4654  393 4654     2     2      0  7674  4.1e-11        -
1979  9.6755e-08  4.2548e-11     4666  393 4666     2     2      0  7692  8.2e-11        -
--         当前进度:  25 % - 
1984  9.6963e-08  3.7262e-11     4680  394 4680     2     2      0  7715  4.6e-11        -
1989  9.7149e-08  3.7262e-11     4690  395 4690     2     2      0  7730  4.8e-11        -
1995  9.7373e-08  3.7262e-11     4702  395 4702     2     2      0  7748  4.6e-11        -
1998  9.7474e-08  2.6431e-11     4712  396 4712     2     2      0  7765  7.9e-12        -
2002  9.7659e-08  5.2862e-11     4720  398 4720     2     2      0  7777  2.2e-10        -
2007  9.7923e-08  5.2862e-11     4730  398 4730     2     2      0  7792    2e-10        -
2009     9.8e-08  3.8553e-11 out 4738  400 4738     2     2      0  7806  3.9e-11        -
2015  9.8231e-08  3.8553e-11     4750  400 4750     2     2      0  7824  5.6e-11        -
2021  9.8462e-08  3.7956e-11     4762  400 4762     2     2      0  7843  4.4e-11        -
2027   9.869e-08  3.7956e-11     4774  400 4774     2     2      0  7867  3.9e-11        -
2033   9.894e-08  6.0221e-11     4786  401 4786     2     2      0  7890  2.5e-10        -
2039  9.9301e-08  6.0221e-11     4798  401 4798     2     2      0  7908  1.6e-10        -
2042  9.9461e-08  3.9226e-11     4804  402 4804     2     2      0  7917  1.9e-11        -
2046  9.9688e-08  7.0607e-11     4816  404 4816     2     2      0  7937  2.8e-10        -
2049    9.99e-08  7.0607e-11     4822  405 4822     2     2      0  7946  2.2e-10        -
2051       1e-07  4.9948e-11 out 4830  407 4830     2     2      0  7960  2.9e-11        -
2057   1.003e-07  4.9948e-11     4842  407 4842     2     2      0  7978  2.7e-11        -
2062   1.005e-07  2.5234e-11 out 4852  408 4852     2     2      0  7993  5.8e-13        -
2067  1.0075e-07  5.0468e-11     4862  409 4862     2     2      0  8008  5.3e-12        -
2072    1.01e-07  4.8129e-11 out 4874  409 4874     2     2      0  8029  1.1e-11        -
2076  1.0119e-07  4.8129e-11     4886  409 4886     2     2      0  8053  1.2e-11        -
2080  1.0139e-07  4.8129e-11     4898  409 4898     2     2      0  8077  1.3e-11        -
2084  1.0157e-07  6.6842e-11     4907  411 4907     2     2      0  8092  1.2e-10        -
2089   1.019e-07  6.6842e-11     4917  411 4917     2     2      0  8107  1.1e-10        -
2091    1.02e-07  4.9473e-11 out 4925  413 4925     2     2      0  8121    6e-11        -
2096  1.0225e-07  4.9473e-11     4935  413 4935     2     2      0  8136  6.8e-11        -
2101  1.0247e-07  2.7371e-11     4945  414 4945     2     2      0  8151  3.2e-12        -
2105  1.0266e-07  5.4742e-11     4953  415 4953     2     2      0  8163  1.2e-10        -
2111  1.0297e-07  3.1031e-11     4965  416 4965     2     2      0  8181  9.4e-12        -
2116  1.0325e-07  6.2063e-11     4975  417 4975     2     2      0  8196  3.2e-10        -
2120  1.0347e-07   3.278e-11     4983  418 4983     2     2      0  8208  1.4e-11        -
2124   1.037e-07  6.5559e-11     4991  419 4991     2     2      0  8220  3.3e-10        -
2127  1.0389e-07  5.9003e-11     5001  420 5001     2     2      0  8237  1.8e-10        -
2132  1.0417e-07  5.6601e-11     5011  421 5011     2     2      0  8252  3.4e-10        -
2137  1.0445e-07  5.1898e-11     5023  421 5023     2     2      0  8272  5.6e-11        -
2140   1.046e-07  5.1898e-11     5035  421 5035     2     2      0  8296  5.7e-11        -
2143  1.0476e-07  5.1898e-11     5047  421 5047     2     2      0  8320  5.7e-11        -
2146  1.0492e-07  5.1898e-11     5059  421 5059     2     2      0  8344  5.6e-11        -
2148    1.05e-07  4.2407e-11 out 5067  423 5067     2     2      0  8358  7.9e-11        -
2153  1.0521e-07  4.2407e-11     5077  423 5077     2     2      0  8373  6.8e-11        -
2159  1.0546e-07  3.7963e-11     5093  424 5093     2     2      0  8399  3.5e-11        -
2163  1.0561e-07  3.7963e-11     5101  425 5101     2     2      0  8411  5.2e-11        -
2169  1.0588e-07  7.5925e-11     5113  426 5113     2     2      0  8429  8.7e-10        -
2171    1.06e-07  6.0187e-11 out 5121  428 5121     2     2      0  8443  2.7e-10        -
--         当前进度:  27 % - 正在组装残差
2176   1.063e-07  6.0187e-11     5131  428 5131     2     2      0  8458  2.5e-10        -
2181  1.0658e-07   7.869e-11     5141  430 5141     2     2      0  8473  6.8e-10        -
2183  1.0671e-07  6.8133e-11     5149  432 5149     2     2      0  8487    3e-10        -
2187  1.0696e-07  4.0322e-11     5157  433 5157     2     2      0  8499  2.3e-11        -
2190  1.0715e-07  7.1124e-11     5167  435 5167     2     2      0  8516  2.7e-10        -
2194  1.0743e-07  6.7431e-11     5176  436 5176     2     2      0  8531    8e-11        -
2198   1.077e-07  6.7431e-11     5188  436 5188     2     2      0  8555  6.8e-11        -
2202  1.0795e-07  4.7706e-11     5203  437 5203     2     2      0  8584  6.1e-12        -
2206  1.0814e-07  4.7706e-11     5211  438 5211     2     2      0  8596  7.7e-12        -
2212  1.0843e-07  4.7706e-11     5223  438 5223     2     2      0  8614  1.8e-11        -
2214   1.085e-07  3.5322e-11 out 5231  440 5231     2     2      0  8628  4.2e-12        -
2219  1.0885e-07  7.0643e-11     5241  441 5241     2     2      0  8643  1.3e-10        -
2224  1.0908e-07   3.807e-11     5251  442 5251     2     2      0  8658  8.5e-12        -
2229  1.0927e-07   3.807e-11     5261  442 5261     2     2      0  8673  8.5e-12        -
2235  1.0948e-07  2.1578e-11     5273  443 5273     2     2      0  8691    1e-12        -
2239  1.0963e-07  4.3155e-11     5281  444 5281     2     2      0  8703  3.4e-11        -
2245  1.0989e-07  4.3155e-11     5293  444 5293     2     2      0  8721  3.4e-11        -
2248     1.1e-07  3.4224e-11 out 5303  446 5303     2     2      0  8738  1.1e-11        -
2253  1.1023e-07  6.1603e-11     5317  448 5317     2     2      0  8761  3.1e-10        -
2257  1.1046e-07  4.1234e-11     5329  450 5329     2     2      0  8781  3.8e-11        -
2262  1.1066e-07  4.1234e-11     5339  451 5339     2     2      0  8796  4.2e-11        -
2265  1.1086e-07  7.1209e-11     5349  453 5349     2     2      0  8813  6.9e-10        -
2268    1.11e-07  3.5038e-11 out 5355  455 5355     2     2      0  8822  2.2e-11        -
2271  1.1117e-07  6.3068e-11     5365  457 5365     2     2      0  8839  2.5e-10        -
2276  1.1146e-07  3.9773e-11     5375  459 5375     2     2      0  8854  5.6e-11        -
2281  1.1166e-07  3.9773e-11     5385  459 5385     2     2      0  8869  6.2e-11        -
2287   1.119e-07  3.9773e-11     5397  459 5397     2     2      0  8887  6.5e-11        -
2289  1.1197e-07  3.1248e-11     5405  460 5405     2     2      0  8901    2e-11        -
2293  1.1215e-07  5.6246e-11     5417  463 5417     2     2      0  8921  3.6e-10        -
2296  1.1232e-07  5.6246e-11     5423  464 5423     2     2      0  8930  3.4e-10        -
2299  1.1247e-07  3.4389e-11     5429  465 5429     2     2      0  8939  2.5e-11        -
2303   1.126e-07  3.4389e-11     5437  465 5437     2     2      0  8951  2.4e-11        -
2309  1.1281e-07  3.4389e-11     5449  465 5449     2     2      0  8969  2.2e-11        -
2313    1.13e-07  4.3666e-11 out 5457  467 5457     2     2      0  8981    1e-10        -
2318  1.1322e-07  4.3666e-11     5467  467 5467     2     2      0  8996  7.9e-11        -
2324  1.1347e-07   3.167e-11     5483  468 5483     2     2      0  9022  1.1e-11        -
2328  1.1366e-07   6.334e-11     5491  470 5491     2     2      0  9034  3.3e-10        -
2333  1.1396e-07  4.4144e-11     5505  471 5505     2     2      0  9057  4.1e-11        -
2337  1.1413e-07  4.4144e-11     5513  472 5513     2     2      0  9069  3.3e-11        -
2343   1.144e-07  4.4144e-11     5525  472 5525     2     2      0  9087  3.5e-11        -
2347  1.1456e-07  5.8556e-11     5533  474 5533     2     2      0  9099  1.3e-10        -
2351  1.1479e-07  5.8556e-11     5541  474 5541     2     2      0  9111  7.5e-11        -
2354  1.1495e-07  4.5054e-11     5551  475 5551     2     2      0  9128    2e-11        -
--         当前进度:  28 % - 正在组装残差
2357  1.1509e-07  4.5054e-11     5557  476 5557     2     2      0  9137  1.6e-11        -
2363  1.1536e-07  4.5054e-11     5569  476 5569     2     2      0  9155  4.6e-12        -
2368  1.1555e-07  4.9459e-11     5579  478 5579     2     2      0  9170  8.9e-12        -
2372  1.1575e-07  4.9459e-11     5587  478 5587     2     2      0  9182  2.2e-11        -
2377  1.1597e-07  2.7435e-11     5597  479 5597     2     2      0  9197  1.2e-12        -
2382  1.1622e-07  5.4871e-11     5607  480 5607     2     2      0  9212  3.6e-11        -
2387  1.1647e-07  3.0517e-11     5617  481 5617     2     2      0  9227    3e-12        -
2392  1.1674e-07  6.1035e-11     5627  482 5627     2     2      0  9242  1.4e-10        -
2397    1.17e-07  3.6379e-11 out 5637  483 5637     2     2      0  9257  1.4e-11        -
2403  1.1722e-07  3.6379e-11     5649  483 5649     2     2      0  9275  1.4e-11        -
2409  1.1744e-07  3.6379e-11     5661  483 5661     2     2      0  9293  1.6e-11        -
2411   1.175e-07  3.1726e-11 out 5669  485 5669     2     2      0  9307  8.1e-12        -
2416  1.1782e-07  6.3453e-11     5679  486 5679     2     2      0  9322  3.3e-10        -
2420  1.1806e-07  5.9642e-11     5693  486 5693     2     2      0  9349  2.3e-11        -
2423  1.1824e-07  5.9642e-11     5705  486 5705     2     2      0  9373  2.5e-11        -
2426  1.1842e-07  5.9642e-11     5717  486 5717     2     2      0  9397  2.7e-11        -
2431  1.1862e-07  4.1255e-11     5727  487 5727     2     2      0  9412    3e-11        -
2437  1.1887e-07  4.1255e-11     5739  487 5739     2     2      0  9430  6.8e-11        -
2442  1.1905e-07    4.62e-11     5749  489 5749     2     2      0  9445  1.3e-10        -
2448  1.1932e-07    4.62e-11     5761  489 5761     2     2      0  9463  1.4e-10        -
2452   1.195e-07  4.2101e-11 out 5773  489 5773     2     2      0  9485  3.3e-11        -
2455  1.1963e-07  4.2101e-11     5785  489 5785     2     2      0  9509  3.3e-11        -
2458  1.1975e-07  4.2101e-11     5797  489 5797     2     2      0  9533  3.3e-11        -
2461  1.1988e-07  4.2101e-11     5809  489 5809     2     2      0  9557  3.2e-11        -
2463  1.1996e-07  3.9495e-11     5819  490 5819     2     2      0  9576  4.8e-11        -
2468  1.2016e-07  3.9495e-11     5829  491 5829     2     2      0  9591  4.4e-11        -
2474  1.2039e-07  3.9495e-11     5841  491 5841     2     2      0  9609  6.3e-11        -
2476  1.2047e-07  3.2775e-11     5849  492 5849     2     2      0  9623  2.4e-11        -
2480  1.2066e-07  6.5551e-11     5857  494 5857     2     2      0  9635  6.1e-10        -
2485  1.2096e-07  3.6961e-11     5867  495 5867     2     2      0  9650  2.2e-11        -
2488  1.2114e-07  6.6529e-11     5877  497 5877     2     2      0  9667  4.1e-10        -
2492  1.2141e-07  6.6529e-11     5885  498 5885     2     2      0  9679    3e-10        -
2494   1.215e-07  4.6716e-11 out 5893  500 5893     2     2      0  9693  4.9e-11        -
2500  1.2178e-07  4.6716e-11     5905  500 5905     2     2      0  9711  4.7e-11        -
2504  1.2196e-07  3.9777e-11     5917  501 5917     2     2      0  9731  1.8e-11        -
2508  1.2219e-07  7.1599e-11     5929  504 5929     2     2      0  9751  2.9e-10        -
2512  1.2245e-07  4.7137e-11     5937  506 5937     2     2      0  9763    2e-11        -
2518  1.2274e-07  4.7137e-11     5949  506 5949     2     2      0  9781  1.1e-11        -
2523  1.2296e-07  3.7882e-11     5963  507 5963     2     2      0  9804  2.2e-12        -
2527  1.2323e-07  7.5763e-11     5971  509 5971     2     2      0  9816  1.9e-10        -
2529  1.2336e-07  6.8187e-11     5979  511 5979     2     2      0  9830  1.1e-10        -
2535  1.2377e-07  6.8169e-11     5991  511 5991     2     2      0  9854  8.7e-12        -
2538  1.2395e-07  4.5494e-11     6001  512 6001     2     2      0  9873  2.5e-11        -
2543  1.2418e-07  4.5494e-11     6011  513 6011     2     2      0  9888  3.4e-11        -
2548  1.2441e-07  4.5494e-11     6021  513 6021     2     2      0  9903  4.5e-11        -
2554  1.2468e-07  4.5275e-11     6033  513 6033     2     2      0  9927  1.7e-11        -
---        当前进度:  30 % - 正在组装残差
Memory: 1017/1058 1033/1074
2560  1.2495e-07  4.5275e-11     6045  513 6045     2     2      0  9951  2.1e-11        -
2564  1.2509e-07  4.7249e-11     6053  515 6053     2     2      0  9963  7.8e-11        -
2570  1.2538e-07  4.7249e-11     6065  515 6065     2     2      0  9981    8e-11        -
2573   1.255e-07  3.7379e-11 out 6075  517 6075     2     2      0  9998  2.6e-11        -
2575  1.2564e-07  6.7282e-11     6083  519 6083     2     2      0 10012  5.2e-10        -
2579  1.2591e-07  6.7282e-11     6091  520 6091     2     2      0 10024  4.3e-10        -
2584  1.2613e-07  4.4416e-11     6101  521 6101     2     2      0 10039  9.2e-11        -
2590   1.264e-07  4.4416e-11     6113  521 6113     2     2      0 10057    1e-10        -
2594  1.2656e-07  5.5836e-11     6121  523 6121     2     2      0 10069  3.5e-10        -
2600  1.2689e-07  5.5836e-11     6133  523 6133     2     2      0 10087  3.5e-10        -
2604  1.2711e-07  5.4575e-11     6144  523 6144     2     2      0 10109  1.8e-11        -
2608  1.2733e-07  5.4575e-11     6156  523 6156     2     2      0 10133  1.8e-11        -
2612   1.275e-07  3.1701e-11 out 6166  524 6166     2     2      0 10151  1.5e-11        -
2617  1.2782e-07  6.3401e-11     6176  525 6176     2     2      0 10166  6.7e-10        -
2621  1.2806e-07  5.9796e-11     6190  525 6190     2     2      0 10193    2e-11        -
2624  1.2824e-07  5.9796e-11     6202  525 6202     2     2      0 10217  1.9e-11        -
2628  1.2846e-07  4.0714e-11     6213  526 6213     2     2      0 10238  3.5e-11        -
2632  1.2869e-07  6.6441e-11     6225  528 6225     2     2      0 10258  3.3e-10        -
2634  1.2881e-07  5.9797e-11     6233  530 6233     2     2      0 10272  1.9e-10        -
2637  1.2897e-07  3.2794e-11     6239  532 6239     2     2      0 10281  7.9e-12        -
2642  1.2926e-07  6.5587e-11     6249  533 6249     2     2      0 10296  2.3e-10        -
2645  1.2945e-07  5.3239e-11     6259  534 6259     2     2      0 10313  7.6e-11        -
2650  1.2971e-07  5.3239e-11     6269  535 6269     2     2      0 10328    5e-11        -
2655  1.2996e-07  3.7045e-11     6283  536 6283     2     2      0 10351  4.7e-12        -
2659  1.3022e-07  7.4089e-11     6291  538 6291     2     2      0 10363  9.3e-11        -
2662  1.3044e-07  6.4777e-11     6301  539 6301     2     2      0 10380  1.3e-11        -
2667  1.3076e-07  6.4777e-11     6311  540 6311     2     2      0 10395  8.9e-11        -
2670  1.3094e-07   5.567e-11     6321  541 6321     2     2      0 10412    3e-11        -
2675  1.3122e-07   5.567e-11     6331  542 6331     2     2      0 10427  5.8e-11        -
2680   1.315e-07  5.5154e-11 out 6341  542 6341     2     2      0 10444  5.3e-11        -
2686  1.3183e-07  5.5154e-11     6353  542 6353     2     2      0 10468  6.7e-11        -
2691  1.3203e-07  2.9383e-11     6363  543 6363     2     2      0 10485    5e-12        -
2696  1.3232e-07  5.8765e-11     6373  544 6373     2     2      0 10500  1.8e-10        -
2701  1.3253e-07   2.963e-11     6383  545 6383     2     2      0 10515  7.5e-12        -
2706  1.3283e-07   5.926e-11     6393  546 6393     2     2      0 10530  2.5e-10        -
2710  1.3306e-07  5.7404e-11     6404  546 6404     2     2      0 10551  3.8e-11        -
2714  1.3329e-07  5.7404e-11     6416  546 6416     2     2      0 10575  4.2e-11        -
2717  1.3345e-07  4.9085e-11     6428  547 6428     2     2      0 10598    2e-10        -
2722   1.337e-07  4.9085e-11     6438  548 6438     2     2      0 10613  1.6e-10        -
2727  1.3394e-07  4.9085e-11     6448  548 6448     2     2      0 10628  1.8e-10        -
2730  1.3406e-07  5.8235e-11     6454  550 6454     2     2      0 10637  4.3e-10        -
2735  1.3435e-07  5.8235e-11     6464  550 6464     2     2      0 10652  4.1e-10        -
2738   1.345e-07  4.6177e-11 out 6474  552 6474     2     2      0 10669  1.2e-10        -
2744  1.3478e-07  4.6177e-11     6486  552 6486     2     2      0 10687    1e-10        -
2748  1.3496e-07  4.2202e-11     6496  552 6496     2     2      0 10704  2.9e-11        -
2751  1.3508e-07  4.2202e-11     6508  552 6508     2     2      0 10728  2.8e-11        -
---        当前进度:  32 % - 
2753  1.3517e-07  4.2202e-11     6516  552 6516     2     2      0 10744  2.7e-11        -
2756   1.353e-07  4.2202e-11     6528  552 6528     2     2      0 10768  2.6e-11        -
2758  1.3544e-07  6.0089e-11     6536  554 6536     2     2      0 10782  4.8e-10        -
2762  1.3568e-07  6.0089e-11     6544  555 6544     2     2      0 10794  2.6e-10        -
2767  1.3596e-07  3.9688e-11     6554  556 6554     2     2      0 10809    3e-11        -
2770  1.3615e-07  6.7979e-11     6564  558 6564     2     2      0 10826  3.5e-10        -
2775  1.3646e-07  4.0366e-11     6574  560 6574     2     2      0 10841  2.4e-11        -
2778  1.3665e-07  7.1249e-11     6584  562 6584     2     2      0 10858  3.5e-10        -
2782  1.3693e-07  6.7137e-11     6593  563 6593     2     2      0 10873  1.2e-10        -
2786   1.372e-07  6.7137e-11     6605  563 6605     2     2      0 10897  9.9e-11        -
2790  1.3745e-07  4.8589e-11     6620  564 6620     2     2      0 10926  1.8e-11        -
2795  1.3769e-07  4.8589e-11     6630  565 6630     2     2      0 10941  7.7e-12        -
2801  1.3797e-07  3.1348e-11     6642  566 6642     2     2      0 10959  2.3e-12        -
2805  1.3819e-07  6.2697e-11     6650  567 6650     2     2      0 10971  7.6e-11        -
2810   1.385e-07   6.191e-11 out 6660  567 6660     2     2      0 10988  9.3e-11        -
2816  1.3887e-07   6.191e-11     6672  567 6672     2     2      0 11012  1.2e-10        -
2820  1.3907e-07  6.6632e-11     6680  569 6680     2     2      0 11025  2.4e-10        -
2822  1.3919e-07  5.9969e-11     6688  571 6688     2     2      0 11039  1.5e-10        -
2827  1.3946e-07  3.6777e-11     6698  572 6698     2     2      0 11054  1.6e-11        -
2831  1.3967e-07  6.2254e-11     6710  574 6710     2     2      0 11074  2.3e-10        -
2833  1.3979e-07  5.6029e-11     6718  576 6718     2     2      0 11088  1.9e-10        -
2836  1.3995e-07  4.8536e-11     6728  578 6728     2     2      0 11105  8.7e-11        -
2840  1.4015e-07  4.8536e-11     6736  579 6736     2     2      0 11117    9e-11        -
2845  1.4039e-07  4.8536e-11     6746  579 6746     2     2      0 11132    1e-10        -
2849  1.4056e-07  6.3172e-11     6754  581 6754     2     2      0 11144  1.8e-08        -
2855  1.4094e-07  6.0484e-11     6767  581 6767     2     2      0 11165  1.1e-10        -
2859  1.4118e-07  6.0484e-11     6779  581 6779     2     2      0 11189  1.1e-10        -
2863  1.4142e-07  6.0484e-11     6791  581 6791     2     2      0 11213  1.2e-10        -
2868  1.4161e-07  3.8306e-11     6801  582 6801     2     2      0 11228  5.2e-11        -
2874  1.4184e-07  3.8306e-11     6813  582 6813     2     2      0 11246  4.8e-11        -
2879    1.42e-07  2.0163e-11 out 6823  583 6823     2     2      0 11261  1.8e-12        -
2884   1.422e-07  4.0325e-11     6833  584 6833     2     2      0 11276  5.1e-11        -
2890  1.4244e-07  4.0325e-11     6845  584 6845     2     2      0 11294  6.2e-11        -
2892   1.425e-07  2.8212e-11 out 6853  586 6853     2     2      0 11308  1.2e-11        -
2897  1.4278e-07  5.6424e-11     6863  587 6863     2     2      0 11323  3.6e-10        -
2901    1.43e-07  5.2516e-11 out 6875  587 6875     2     2      0 11345  2.4e-11        -
2904  1.4316e-07  5.2516e-11     6887  587 6887     2     2      0 11369  2.3e-11        -
2907  1.4332e-07  5.2516e-11     6899  587 6899     2     2      0 11393  2.1e-11        -
2910  1.4346e-07  3.9936e-11     6913  588 6913     2     2      0 11420    3e-11        -
2915  1.4366e-07  3.9936e-11     6923  589 6923     2     2      0 11435    3e-11        -
2921   1.439e-07  3.9936e-11     6935  589 6935     2     2      0 11453  2.2e-11        -
2924    1.44e-07  3.0353e-11 out 6945  591 6945     2     2      0 11470    5e-12        -
2929   1.443e-07  6.0707e-11     6955  592 6955     2     2      0 11485  1.9e-10        -
2933   1.445e-07  3.7526e-11 out 6963  593 6963     2     2      0 11497  9.4e-12        -
2938  1.4488e-07  7.5053e-11     6973  594 6973     2     2      0 11512  1.6e-10        -
---        当前进度:  34 % - 正在组装残差
2940    1.45e-07  6.2368e-11 out 6981  596 6981     2     2      0 11526  4.3e-11        -
2946  1.4537e-07  6.2368e-11     6993  596 6993     2     2      0 11544    7e-11        -
2950  1.4556e-07  6.3425e-11     7001  598 7001     2     2      0 11556  3.6e-11        -
2955  1.4588e-07  6.3425e-11     7011  598 7011     2     2      0 11571    9e-11        -
2959  1.4612e-07  5.9724e-11     7023  598 7023     2     2      0 11595  7.7e-11        -
2963  1.4636e-07  5.9724e-11     7035  598 7035     2     2      0 11619  8.9e-11        -
2967  1.4654e-07  4.0967e-11     7044  599 7044     2     2      0 11634  2.1e-11        -
2973  1.4679e-07  4.0967e-11     7056  599 7056     2     2      0 11652  2.6e-11        -
2978  1.4698e-07  2.4683e-11     7066  600 7066     2     2      0 11667  2.2e-12        -
2983   1.472e-07  4.9367e-11     7076  601 7076     2     2      0 11682    1e-10        -
2988  1.4744e-07  4.9367e-11     7086  601 7086     2     2      0 11697  9.6e-11        -
2992  1.4761e-07  5.5699e-11     7094  603 7094     2     2      0 11709  1.9e-10        -
2998  1.4794e-07  5.5052e-11     7106  603 7106     2     2      0 11728  1.9e-10        -
3004  1.4828e-07  5.5052e-11     7118  603 7118     2     2      0 11752    2e-10        -
3009   1.485e-07  2.9791e-11 out 7128  604 7128     2     2      0 11770  1.5e-11        -
3014  1.4877e-07  5.9583e-11     7138  605 7138     2     2      0 11785  4.8e-10        -
3019  1.4906e-07  5.6356e-11     7151  605 7151     2     2      0 11809  1.6e-10        -
3023  1.4928e-07  5.6356e-11     7163  605 7163     2     2      0 11833  1.6e-10        -
3026  1.4945e-07  5.2752e-11     7175  606 7175     2     2      0 11856  2.1e-10        -
3031  1.4971e-07  5.2752e-11     7185  607 7185     2     2      0 11871  1.8e-10        -
3036  1.4996e-07  3.8991e-11     7199  608 7199     2     2      0 11894  5.8e-11        -
3041  1.5016e-07  3.8991e-11     7209  609 7209     2     2      0 11909  5.6e-11        -
3046  1.5035e-07  3.8991e-11     7219  609 7219     2     2      0 11924  4.6e-11        -
3050   1.505e-07   3.555e-11 out 7231  609 7231     2     2      0 11946  1.3e-11        -
3053  1.5067e-07   6.399e-11     7243  611 7243     2     2      0 11968  5.4e-10        -
3058  1.5096e-07    3.67e-11     7253  613 7253     2     2      0 11983  2.1e-11        -
3061  1.5114e-07  6.6059e-11     7263  615 7263     2     2      0 12000  3.4e-10        -
3065   1.514e-07  6.6059e-11     7271  616 7271     2     2      0 12012  2.7e-10        -
3067   1.515e-07  4.8153e-11 out 7279  618 7279     2     2      0 12026    5e-11        -
3072  1.5174e-07  4.8153e-11     7289  618 7289     2     2      0 12041  3.9e-11        -
3077  1.5197e-07  3.3313e-11     7303  619 7303     2     2      0 12064  4.7e-12        -
3081   1.522e-07  6.6627e-11     7311  621 7311     2     2      0 12076  4.9e-09        -
3085  1.5245e-07  5.0119e-11     7323  622 7323     2     2      0 12096    2e-11        -
3090   1.527e-07  5.0119e-11     7333  623 7333     2     2      0 12111  1.5e-11        -
3096    1.53e-07  4.9523e-11 out 7345  623 7345     2     2      0 12131  3.5e-11        -
3102   1.533e-07  4.9523e-11     7357  623 7357     2     2      0 12155  4.1e-11        -
3106  1.5347e-07  2.7148e-11     7365  624 7365     2     2      0 12170  1.8e-12        -
3110  1.5366e-07  5.4296e-11     7373  625 7373     2     2      0 12182  6.6e-11        -
3116  1.5397e-07  3.2816e-11     7385  626 7385     2     2      0 12200  7.1e-12        -
3119  1.5412e-07  5.9068e-11     7395  628 7395     2     2      0 12217  1.5e-10        -
3124  1.5442e-07  5.9068e-11     7405  629 7405     2     2      0 12232    2e-10        -
3126   1.545e-07   3.998e-11 out 7413  631 7413     2     2      0 12246  3.7e-11        -
3132  1.5474e-07   3.998e-11     7425  631 7425     2     2      0 12264  3.8e-11        -
---        当前进度:  36 % - 正在组装残差
3137  1.5494e-07   3.998e-11     7435  631 7435     2     2      0 12279  5.6e-11        -
3139    1.55e-07  3.0112e-11 out 7443  633 7443     2     2      0 12293  1.4e-11        -
3144   1.553e-07  6.0224e-11     7453  634 7453     2     2      0 12308    5e-10        -
3149  1.5554e-07  3.9215e-11     7463  635 7463     2     2      0 12323  6.4e-11        -
3154  1.5574e-07  3.9215e-11     7473  635 7473     2     2      0 12338  5.8e-11        -
3160  1.5597e-07   3.432e-11     7489  636 7489     2     2      0 12364  3.2e-11        -
3165  1.5614e-07   3.432e-11     7499  637 7499     2     2      0 12379  3.2e-11        -
3171  1.5634e-07   3.432e-11     7511  637 7511     2     2      0 12397    3e-11        -
3176  1.5655e-07  5.3845e-11     7521  638 7521     2     2      0 12412  2.7e-10        -
3182  1.5688e-07  5.3845e-11     7533  638 7533     2     2      0 12430  2.3e-10        -
3187   1.571e-07  6.9243e-11     7543  640 7543     2     2      0 12445  7.2e-10        -
3192  1.5744e-07  5.9583e-11     7557  641 7557     2     2      0 12468  4.7e-10        -
3197  1.5774e-07  5.9583e-11     7567  642 7567     2     2      0 12483  3.8e-10        -
3201  1.5796e-07  4.1459e-11     7579  643 7579     2     2      0 12503  6.2e-11        -
3205  1.5812e-07  4.1459e-11     7587  644 7587     2     2      0 12515  6.1e-11        -
3211  1.5837e-07  4.1459e-11     7599  644 7599     2     2      0 12533  3.7e-11        -
3216  1.5854e-07   4.395e-11     7609  646 7609     2     2      0 12548  4.3e-11        -
3219  1.5868e-07   4.395e-11     7615  646 7615     2     2      0 12557  4.5e-11        -
3225  1.5894e-07   4.395e-11     7627  646 7627     2     2      0 12575    3e-11        -
3227    1.59e-07  3.0251e-11 out 7635  648 7635     2     2      0 12589  4.3e-12        -
3232   1.593e-07  6.0502e-11     7645  649 7645     2     2      0 12604    1e-10        -
3237  1.5954e-07  3.8244e-11     7655  650 7655     2     2      0 12619  7.7e-12        -
3242  1.5992e-07  7.6488e-11     7665  651 7665     2     2      0 12634  1.4e-10        -
3246  1.6012e-07  7.9318e-11     7673  653 7673     2     2      0 12646  1.6e-10        -
3248  1.6026e-07  7.1386e-11     7681  655 7681     2     2      0 12660  1.2e-10        -
3251  1.6045e-07   4.774e-11     7691  656 7691     2     2      0 12677  1.6e-11        -
3255  1.6064e-07   4.774e-11     7699  657 7699     2     2      0 12689  2.1e-11        -
3261  1.6093e-07   4.774e-11     7711  657 7711     2     2      0 12707  2.8e-11        -
3263    1.61e-07  3.5172e-11 out 7719  659 7719     2     2      0 12721  1.5e-11        -
3269  1.6121e-07  3.5172e-11     7731  659 7731     2     2      0 12739  1.8e-11        -
3275  1.6142e-07  3.5172e-11     7743  659 7743     2     2      0 12757  1.8e-11        -
3279  1.6154e-07  4.2768e-11     7751  661 7751     2     2      0 12769  4.9e-11        -
3285   1.618e-07  4.2768e-11     7763  661 7763     2     2      0 12787  3.9e-11        -
3289  1.6196e-07   3.616e-11     7775  662 7775     2     2      0 12807  2.3e-11        -
3293  1.6211e-07   3.616e-11     7783  663 7783     2     2      0 12819    3e-11        -
3296  1.6225e-07   7.232e-11     7789  664 7789     2     2      0 12828    1e-09        -
3299  1.6245e-07  5.1121e-11     7799  665 7799     2     2      0 12845    2e-10        -
3304   1.627e-07  5.1121e-11     7809  666 7809     2     2      0 12860  2.2e-10        -
3309  1.6295e-07  4.5515e-11     7823  667 7823     2     2      0 12883  1.4e-10        -
3314  1.6318e-07  4.5515e-11     7833  668 7833     2     2      0 12898  1.2e-10        -
3320  1.6345e-07  4.5183e-11     7845  668 7845     2     2      0 12917  6.3e-11        -
3326  1.6373e-07  4.5183e-11     7857  668 7857     2     2      0 12941  6.3e-11        -
3332  1.6398e-07  2.4087e-11     7869  669 7869     2     2      0 12964  4.7e-12        -
3337  1.6419e-07  4.8174e-11     7879  670 7879     2     2      0 12979  1.4e-10        -
3343  1.6447e-07  3.3218e-11     7895  671 7895     2     2      0 13005  1.8e-11        -
3347   1.647e-07  6.6436e-11     7903  673 7903     2     2      0 13017  8.4e-10        -
---        当前进度:  37 % - 
3351  1.6495e-07  5.0691e-11     7915  674 7915     2     2      0 13037  2.1e-10        -
3356   1.652e-07  5.0691e-11     7925  675 7925     2     2      0 13052  1.7e-10        -
3361  1.6545e-07  4.7238e-11     7936  675 7936     2     2      0 13070    1e-10        -
3365  1.6564e-07  4.7238e-11     7948  675 7948     2     2      0 13094  8.9e-11        -
3369  1.6583e-07  4.7238e-11     7960  675 7960     2     2      0 13118  7.9e-11        -
3372  1.6596e-07  3.7429e-11     7972  676 7972     2     2      0 13141  2.2e-11        -
3375  1.6614e-07  6.7372e-11     7982  679 7982     2     2      0 13158  3.5e-10        -
3380  1.6646e-07   4.414e-11     7992  681 7992     2     2      0 13173  3.9e-11        -
3385  1.6675e-07  7.4271e-11     8006  683 8006     2     2      0 13196  2.9e-10        -
3387  1.6689e-07  6.6844e-11     8014  685 8014     2     2      0 13210  1.2e-10        -
3392  1.6716e-07  5.4026e-11     8024  686 8024     2     2      0 13225  2.1e-11        -
3397  1.6743e-07  5.4026e-11     8034  686 8034     2     2      0 13240  2.4e-11        -
3401  1.6764e-07  6.7789e-11     8042  688 8042     2     2      0 13252  1.5e-10        -
3405   1.679e-07   6.101e-11     8054  689 8054     2     2      0 13272  4.9e-11        -
3410  1.6815e-07  5.0022e-11     8064  690 8064     2     2      0 13287  3.5e-11        -
3416  1.6845e-07  4.9914e-11     8076  690 8076     2     2      0 13306  8.2e-12        -
3421   1.687e-07  4.9914e-11     8086  690 8086     2     2      0 13326    1e-11        -
3427  1.6897e-07  2.5389e-11     8098  691 8098     2     2      0 13349  3.7e-12        -
3431  1.6915e-07  5.0777e-11     8106  692 8106     2     2      0 13361  1.2e-10        -
3436  1.6941e-07  5.0777e-11     8116  692 8116     2     2      0 13376  1.6e-10        -
3439  1.6955e-07   4.689e-11     8128  692 8128     2     2      0 13400  2.6e-11        -
3442  1.6969e-07   4.689e-11     8140  692 8140     2     2      0 13424  2.7e-11        -
3445  1.6983e-07   4.689e-11     8152  692 8152     2     2      0 13448  2.9e-11        -
3448  1.6996e-07  3.8994e-11     8166  693 8166     2     2      0 13475  5.5e-11        -
3453  1.7016e-07  3.8994e-11     8176  694 8176     2     2      0 13490  5.7e-11        -
3457  1.7033e-07  6.1349e-11     8186  696 8186     2     3      0 13505  6.1e-10        -
3459  1.7044e-07  5.5214e-11     8194  698 8194     2     3      0 13519  3.6e-10        -
3463  1.7058e-07  5.5266e-11     8202  700 8202     2     3      0 13531    4e-10        -
3469  1.7091e-07  5.5266e-11     8214  700 8214     2     3      0 13549  3.5e-10        -
3471    1.71e-07  4.2752e-11 out 8222  702 8222     2     3      0 13563  9.6e-11        -
3473   1.711e-07  5.9292e-11     8228  704 8228     2     4      0 13572  4.8e-10        -
3475  1.7121e-07  5.3363e-11     8236  706 8236     2     4      0 13586  2.8e-10        -
3480  1.7146e-07  3.8888e-11     8250  707 8250     2     4      0 13609  4.9e-11        -
3483  1.7162e-07  7.7776e-11     8256  709 8256     2     4      0 13618  1.5e-09        -
3485  1.7174e-07  6.2893e-11     8264  711 8264     2     4      0 13632  4.7e-10        -
3490    1.72e-07  3.4436e-11 out 8274  712 8274     2     4      0 13647  3.1e-11        -
3492  1.7213e-07  6.1984e-11     8282  714 8282     2     4      0 13661  5.8e-10        -
3496  1.7238e-07  6.1984e-11     8290  715 8290     2     4      0 13673  5.5e-10        -
3501  1.7268e-07  6.0603e-11     8301  715 8301     2     4      0 13695    5e-10        -
3506  1.7296e-07  3.7888e-11     8311  716 8311     2     4      0 13714  3.8e-11        -
3512  1.7323e-07  7.5776e-11     8323  717 8323     2     4      0 13732  8.1e-10        -
3514  1.7336e-07  6.8199e-11     8331  719 8331     2     4      0 13746  4.4e-10        -
3520  1.7377e-07  6.8137e-11     8343  719 8343     2     4      0 13770  9.4e-13        -
3523  1.7395e-07  4.5589e-11     8353  720 8353     2     4      0 13789  3.3e-11        -
---        当前进度:  39 % - 正在组装残差
3526  1.7414e-07  9.1178e-11     8359  722 8359     2     4      0 13798  8.1e-10        -
3528  1.7428e-07  7.3972e-11     8367  724 8367     2     4      0 13812  2.6e-10        -
3530  1.7442e-07  6.6574e-11     8375  726 8375     2     4      0 13826  7.8e-11        -
3534  1.7462e-07  8.2141e-11     8383  728 8383     2     4      0 13838  1.1e-10        -
3536  1.7477e-07  7.2749e-11     8391  730 8391     2     4      0 13852  7.8e-11        -
3538   1.749e-07  6.5474e-11     8399  732 8399     2     4      0 13866  7.2e-11        -
3540    1.75e-07  5.0171e-11 out 8407  734 8407     2     4      0 13880  3.3e-11        -
3545  1.7525e-07  5.0171e-11     8417  734 8417     2     4      0 13895  2.2e-11        -
3551  1.7555e-07  4.9317e-11     8429  734 8429     2     4      0 13916  7.2e-11        -
3557  1.7585e-07  4.9317e-11     8441  734 8441     2     4      0 13940  8.9e-11        -
3562  1.7606e-07  5.6147e-11     8451  736 8451     2     4      0 13957  1.8e-10        -
3567  1.7634e-07  5.6147e-11     8461  736 8461     2     4      0 13972  1.9e-10        -
3571  1.7655e-07  5.3485e-11     8472  736 8472     2     4      0 13993  6.5e-11        -
3575  1.7677e-07  5.3485e-11     8484  736 8484     2     4      0 14017  7.3e-11        -
3578  1.7693e-07  5.3485e-11     8493  736 8493     2     4      0 14035  8.1e-11        -
3582  1.7707e-07  3.6059e-11     8501  737 8501     2     4      0 14047  3.2e-11        -
3588  1.7729e-07  3.6059e-11     8513  737 8513     2     4      0 14065  3.6e-11        -
3593  1.7747e-07  3.3648e-11     8524  737 8524     2     4      0 14083  3.6e-11        -
3596  1.7763e-07  6.0566e-11     8535  739 8535     2     4      0 14103  5.3e-10        -
3598  1.7774e-07   5.451e-11     8543  741 8543     2     4      0 14117  3.3e-10        -
3602  1.7795e-07  4.6766e-11     8555  743 8555     2     4      0 14137  1.7e-10        -
3606  1.7814e-07  4.6766e-11     8563  744 8563     2     4      0 14149  1.5e-10        -
3611  1.7837e-07  4.6766e-11     8573  744 8573     2     4      0 14164  1.5e-10        -
3614   1.785e-07  3.9553e-11 out 8583  746 8583     2     4      0 14181  6.3e-11        -
3616  1.7861e-07  5.2908e-11     8593  749 8593     2     5      0 14198  2.6e-10        -
3621  1.7888e-07  5.2908e-11     8603  750 8603     2     5      0 14213  2.3e-10        -
3623  1.7896e-07  3.5428e-11     8611  751 8611     2     5      0 14227  4.1e-11        -
3626  1.7913e-07  6.2695e-11     8621  754 8621     2     5      0 14244  6.6e-10        -
3631  1.7944e-07  5.7835e-11     8633  755 8633     2     5      0 14264    8e-11        -
3634  1.7962e-07  5.7835e-11     8645  755 8645     2     5      0 14288  7.5e-11        -
3637  1.7979e-07  5.7835e-11     8657  755 8657     2     5      0 14312  7.1e-11        -
3640  1.7995e-07  4.7578e-11     8671  756 8671     2     5      0 14339  1.4e-10        -
3645  1.8019e-07  4.7578e-11     8681  757 8681     2     5      0 14354  1.2e-10        -
3651  1.8046e-07  3.5897e-11     8697  758 8697     2     5      0 14380  2.8e-11        -
3655  1.8067e-07  6.4615e-11     8709  761 8709     2     5      0 14400  4.3e-10        -
3659  1.8093e-07  6.4615e-11     8717  762 8717     2     5      0 14412  2.8e-10        -
3662  1.8107e-07  6.9234e-11     8723  764 8723     2     5      0 14421  4.8e-10        -
3666  1.8135e-07  6.9234e-11     8731  764 8731     2     5      0 14433  2.7e-10        -
3670  1.8158e-07  8.4596e-11     8739  766 8739     2     5      0 14445  4.5e-10        -
3672  1.8173e-07  7.3793e-11     8747  768 8747     2     5      0 14459  1.7e-10        -
3674  1.8187e-07  6.6414e-11     8755  770 8755     2     5      0 14473  8.5e-11        -
3678  1.8207e-07  6.8576e-11     8763  772 8763     2     5      0 14485  8.5e-11        -
3684  1.8246e-07  4.4272e-11     8775  773 8775     2     5      0 14503  1.9e-11        -
3686  1.8257e-07  6.8795e-11     8781  775 8781     2     6      0 14512  1.8e-10        -
----       当前进度:  41 % - 正在组装残差
3688  1.8269e-07  6.1916e-11     8789  777 8789     2     6      0 14526  7.4e-11        -
3694  1.8306e-07  6.0813e-11     8801  777 8801     2     6      0 14547  1.9e-10        -
3700  1.8343e-07  6.0813e-11     8813  777 8813     2     6      0 14571  2.5e-10        -
3704  1.8361e-07  7.4312e-11     8821  779 8821     2     6      0 14583  7.6e-10        -
3706  1.8374e-07  6.2068e-11     8829  781 8829     2     6      0 14597  3.2e-10        -
3708  1.8385e-07  5.5861e-11     8837  783 8837     2     6      0 14611  2.4e-10        -
3711    1.84e-07  4.8407e-11 out 8847  785 8847     2     6      0 14628  1.2e-10        -
3716  1.8424e-07  4.8407e-11     8857  785 8857     2     6      0 14643  1.3e-10        -
3721  1.8447e-07  3.2169e-11     8867  786 8867     2     6      0 14658  1.8e-11        -
3725  1.8466e-07  6.4337e-11     8875  787 8875     2     6      0 14670  6.4e-10        -
3728  1.8485e-07  6.4337e-11     8881  787 8881     2     6      0 14679  6.5e-10        -
3732  1.8504e-07  4.0904e-11     8889  788 8889     2     6      0 14691  7.6e-11        -
3737  1.8525e-07  4.0904e-11     8899  788 8899     2     6      0 14706  8.1e-11        -
3739  1.8535e-07  6.0763e-11     8905  790 8905     2     7      0 14715  6.5e-10        -
3741  1.8545e-07  4.9111e-11     8913  792 8913     2     7      0 14729  2.3e-10        -
3747  1.8575e-07  4.9111e-11     8925  792 8925     2     7      0 14747  1.9e-10        -
3752  1.8597e-07  2.9001e-11     8935  793 8935     2     7      0 14762  1.3e-11        -
3756  1.8615e-07  5.8003e-11     8943  794 8943     2     7      0 14774  3.8e-10        -
3762  1.8647e-07  3.2489e-11     8955  795 8955     2     7      0 14792  2.5e-11        -
3766  1.8666e-07  6.4978e-11     8963  796 8963     2     7      0 14804  7.4e-10        -
3771  1.8696e-07   3.882e-11     8973  797 8973     2     7      0 14819  5.5e-11        -
3777  1.8719e-07   3.882e-11     8985  797 8985     2     7      0 14837  5.2e-11        -
3783  1.8743e-07   3.882e-11     8997  797 8997     2     7      0 14855  4.9e-11        -
3787  1.8757e-07  3.6489e-11     9009  797 9009     2     7      0 14879    3e-11        -
3791  1.8772e-07  3.6489e-11     9021  797 9021     2     7      0 14903  2.8e-11        -
3795  1.8786e-07  3.6489e-11     9033  797 9033     2     7      0 14927  2.5e-11        -
3798    1.88e-07  6.2135e-11 out 9041  798 9041     2     7      0 14942  3.7e-10        -
3804  1.8837e-07  6.2135e-11     9053  798 9053     2     7      0 14960    3e-10        -
3808  1.8857e-07  6.5058e-11     9061  800 9061     2     7      0 14972  2.7e-10        -
3813  1.8889e-07  6.5058e-11     9071  800 9071     2     7      0 14987  1.2e-10        -
3815    1.89e-07  5.4825e-11 out 9079  802 9079     2     7      0 15001  4.3e-11        -
3820  1.8927e-07  5.4825e-11     9089  802 9089     2     7      0 15016  2.9e-11        -
3825   1.895e-07  3.0701e-11 out 9099  803 9099     2     7      0 15031  1.7e-12        -
3830  1.8981e-07  6.1403e-11     9109  804 9109     2     7      0 15046  9.7e-11        -
3835  1.9004e-07   3.509e-11     9119  805 9119     2     7      0 15061  3.8e-12        -
3837  1.9017e-07  6.3162e-11     9127  807 9127     2     7      0 15075  1.1e-10        -
3842  1.9046e-07  3.9459e-11     9137  809 9137     2     7      0 15090  2.4e-11        -
3845  1.9064e-07  6.3705e-11     9147  811 9147     2     7      0 15107  2.7e-10        -
3847  1.9076e-07  5.7334e-11     9155  813 9155     2     7      0 15121  1.8e-10        -
3851  1.9097e-07  3.2168e-11     9163  815 9163     2     7      0 15133  1.2e-11        -
3855  1.9115e-07  5.7902e-11     9175  817 9175     2     7      0 15153  2.9e-10        -
3859  1.9139e-07  5.7902e-11     9183  818 9183     2     7      0 15165    3e-10        -
3864  1.9167e-07  5.6993e-11     9193  818 9193     2     7      0 15185  2.9e-10        -
3869  1.9195e-07  5.0526e-11     9207  819 9207     2     7      0 15212  1.8e-10        -
3874   1.922e-07  5.0526e-11     9217  820 9217     2     7      0 15227  1.9e-10        -
3879  1.9245e-07  4.7898e-11     9228  820 9228     2     7      0 15245  9.1e-11        -
----       当前进度:  43 % - 
3883  1.9264e-07  4.7898e-11     9240  820 9240     2     7      0 15269  9.6e-11        -
3887  1.9284e-07  4.7898e-11     9252  820 9252     2     7      0 15293  9.9e-11        -
3890  1.9297e-07  3.4461e-11     9264  821 9264     2     7      0 15316  3.2e-11        -
3894  1.9316e-07   6.105e-11     9276  824 9276     2     7      0 15336  5.6e-10        -
3896  1.9328e-07  5.4945e-11     9284  826 9284     2     7      0 15350  3.2e-10        -
3901  1.9355e-07   5.484e-11     9294  827 9294     2     7      0 15368  3.8e-11        -
3906  1.9383e-07   5.484e-11     9304  827 9304     2     7      0 15388  3.7e-11        -
3910    1.94e-07  3.0639e-11 out 9312  828 9312     2     7      0 15402  1.7e-11        -
3914  1.9425e-07  6.1278e-11     9320  829 9320     2     7      0 15414  5.4e-10        -
3918  1.9446e-07  3.5528e-11     9328  830 9328     2     7      0 15426  3.3e-11        -
3922  1.9471e-07  7.1056e-11     9336  831 9336     2     7      0 15438  1.4e-09        -
3924  1.9484e-07   6.395e-11     9344  833 9344     2     7      0 15452  7.7e-10        -
3926  1.9495e-07  4.7491e-11     9352  834 9352     2     7      0 15466  1.3e-10        -
3929  1.9509e-07  4.7491e-11     9358  835 9358     2     7      0 15475  1.3e-10        -
3935  1.9538e-07  4.7491e-11     9370  835 9370     2     7      0 15493  9.5e-11        -
3937  1.9546e-07   3.629e-11     9378  836 9378     2     7      0 15507  2.4e-11        -
3940  1.9561e-07   7.258e-11     9384  838 9384     2     7      0 15516  7.5e-10        -
3942  1.9574e-07  6.5322e-11     9392  840 9392     2     7      0 15530    4e-10        -
3947  1.9606e-07   6.492e-11     9402  840 9402     2     7      0 15548  8.1e-11        -
3952  1.9639e-07   6.492e-11     9412  840 9412     2     7      0 15568  6.4e-11        -
3953  1.9644e-07   5.524e-11     9418  841 9418     2     7      0 15579  7.3e-11        -
3956  1.9661e-07   5.524e-11     9424  842 9424     2     7      0 15588  7.8e-11        -
3961  1.9689e-07   5.524e-11     9434  842 9434     2     7      0 15603  3.6e-11        -
3964    1.97e-07  2.9038e-11 out 9440  843 9440     2     7      0 15612  1.2e-12        -
3968  1.9723e-07  5.8077e-11     9448  844 9448     2     7      0 15624  2.1e-11        -
3972  1.9745e-07  4.6732e-11     9460  845 9460     2     7      0 15644  2.1e-11        -
3976  1.9764e-07  4.6732e-11     9468  846 9468     2     7      0 15656  3.2e-11        -
3981  1.9787e-07  4.6732e-11     9478  846 9478     2     7      0 15671  3.9e-11        -
3983  1.9796e-07  3.9708e-11     9486  847 9486     2     7      0 15685    2e-11        -
3987  1.9812e-07  3.9708e-11     9494  848 9494     2     7      0 15697  2.8e-11        -
3992  1.9832e-07  3.9708e-11     9504  848 9504     2     7      0 15712  4.3e-11        -
3996  1.9847e-07  3.1606e-11     9516  849 9516     2     7      0 15732  1.4e-11        -
3999  1.9863e-07  6.3212e-11     9522  851 9522     2     7      0 15741  4.5e-10        -
4004  1.9894e-07  6.0364e-11     9533  851 9533     2     7      0 15759  1.2e-10        -
4008  1.9918e-07  6.0364e-11     9545  851 9545     2     7      0 15783  1.3e-10        -
4012  1.9942e-07  6.0364e-11     9557  851 9557     2     7      0 15807  1.5e-10        -
4016  1.9958e-07  3.8725e-11     9565  852 9565     2     7      0 15819  5.4e-11        -
4019  1.9973e-07  7.7451e-11     9571  853 9571     2     7      0 15828  1.7e-09        -
4021  1.9987e-07  6.6967e-11     9579  855 9579     2     7      0 15842    9e-10        -
4023  1.9996e-07  3.6722e-11     9587  857 9587     2     7      0 15856  4.8e-11        -
4026  2.0014e-07  6.2133e-11     9597  859 9597     2     7      0 15873  6.8e-10        -
----       当前进度:  44 % - 正在组装残差
4028  2.0025e-07   5.592e-11     9605  861 9605     2     7      0 15887  4.5e-10        -
4032  2.0046e-07  3.9306e-11     9617  863 9617     2     7      0 15907  6.1e-11        -
4036  2.0062e-07  3.9306e-11     9625  864 9625     2     7      0 15919  6.1e-11        -
4040  2.0078e-07  3.9306e-11     9633  864 9633     2     7      0 15931  8.2e-11        -
4042  2.0089e-07  5.6143e-11     9643  867 9643     2     8      0 15948  4.8e-10        -
4046  2.0111e-07  5.3165e-11     9651  868 9651     2     8      0 15960  3.6e-10        -
4051  2.0137e-07  5.3165e-11     9661  868 9661     2     8      0 15975  3.2e-10        -
4053  2.0146e-07  3.7339e-11     9669  869 9669     2     8      0 15989  5.1e-11        -
4056  2.0164e-07   6.721e-11     9679  872 9679     2     8      0 16006  8.4e-10        -
4059  2.0184e-07   6.721e-11     9685  873 9685     2     8      0 16015    8e-10        -
4062    2.02e-07  4.4637e-11 out 9691  874 9691     2     8      0 16024  1.4e-10        -
4065  2.0213e-07  4.4637e-11     9697  874 9697     2     8      0 16033  1.3e-10        -
4070  2.0236e-07  4.4637e-11     9707  874 9707     2     8      0 16048  9.6e-11        -
4074   2.025e-07  2.6815e-11 out 9715  875 9715     2     8      0 16060    1e-11        -
4079  2.0277e-07  5.3631e-11     9725  876 9725     2     8      0 16075  1.7e-10        -
4083  2.0296e-07  3.5476e-11     9733  877 9733     2     8      0 16087  2.1e-11        -
4087  2.0318e-07  7.0953e-11     9741  878 9741     2     8      0 16099  5.7e-10        -
4090  2.0339e-07  7.0953e-11     9747  878 9747     2     8      0 16108  3.4e-10        -
4092   2.035e-07  5.4879e-11 out 9755  880 9755     2     8      0 16122  7.9e-11        -
4097  2.0377e-07  5.4879e-11     9765  880 9765     2     8      0 16137  5.6e-11        -
4101  2.0397e-07  3.0482e-11     9773  881 9773     2     8      0 16149  4.1e-12        -
4105  2.0418e-07  6.0965e-11     9781  882 9781     2     8      0 16161  3.6e-11        -
4110  2.0446e-07  3.6623e-11     9791  883 9791     2     8      0 16176  4.2e-12        -
4113  2.0464e-07  6.5921e-11     9801  885 9801     2     8      0 16193  1.6e-10        -
4117   2.049e-07  6.5921e-11     9809  886 9809     2     8      0 16205  1.3e-10        -
4119    2.05e-07  4.8574e-11 out 9817  888 9817     2     8      0 16219  5.3e-11        -
4122  2.0515e-07  4.8574e-11     9823  888 9823     2     8      0 16228  8.5e-11        -
4124  2.0524e-07  4.8574e-11     9827  888 9827     2     8      0 16234    7e-11        -
4129  2.0547e-07  3.1416e-11     9837  889 9837     2     8      0 16249  7.4e-12        -
4133  2.0566e-07  6.2832e-11     9845  890 9845     2     8      0 16261    4e-10        -
4138  2.0595e-07  4.5796e-11     9859  891 9859     2     8      0 16284  9.3e-11        -
4142  2.0614e-07  4.5796e-11     9867  892 9867     2     8      0 16296  9.6e-11        -
4148  2.0641e-07  4.5796e-11     9879  892 9879     2     8      0 16314    1e-10        -
4152  2.0659e-07  4.3917e-11     9891  892 9891     2     8      0 16338  3.3e-11        -
4156  2.0676e-07  4.3917e-11     9903  892 9903     2     8      0 16362  3.6e-11        -
4160  2.0694e-07  4.3917e-11     9915  892 9915     2     8      0 16386  3.8e-11        -
4164  2.0712e-07  6.0826e-11     9923  894 9923     2     8      0 16398  5.2e-10        -
4168  2.0736e-07  6.0826e-11     9931  894 9931     2     8      0 16410  5.9e-10        -
4170  2.0746e-07  3.7108e-11     9935  895 9935     2     8      0 16416  5.3e-11        -
4173  2.0761e-07  7.4217e-11     9941  896 9941     2     8      0 16425  1.7e-09        -
4174  2.0767e-07  6.1377e-11     9947  897 9947     2     8      0 16436  7.2e-10        -
4176  2.0779e-07  5.5239e-11     9955  899 9955     2     8      0 16450  4.4e-10        -
4179  2.0795e-07  5.0102e-11     9965  901 9965     2     8      0 16467    2e-10        -
4184   2.082e-07  5.0102e-11     9975  902 9975     2     8      0 16482  2.7e-10        -
----       当前进度:  46 % - 
Memory: 1017/1058 1034/1074
4189  2.0845e-07  4.9591e-11     9985  902 9985     2     8      0 16498  1.7e-10        -
4194   2.087e-07  4.9591e-11     9995  902 9995     2     8      0 16518  1.6e-10        -
4200  2.0897e-07  2.6839e-11     10007  903 10007     2     8      0 16541  8.9e-12        -
4204  2.0916e-07  5.3677e-11     10015  904 10015     2     8      0 16553  2.6e-10        -
4208  2.0938e-07  5.3677e-11     10023  904 10023     2     8      0 16565  3.5e-10        -
4212  2.0957e-07  7.0582e-11     10031  906 10031     2     8      0 16577  1.3e-09        -
4218  2.0996e-07  3.8253e-11     10043  907 10043     2     8      0 16595  4.6e-11        -
4224  2.1019e-07  3.8253e-11     10055  907 10055     2     8      0 16613    4e-11        -
4227  2.1037e-07  6.8855e-11     10065  909 10065     2     8      0 16630  6.7e-10        -
4232  2.1069e-07  6.2562e-11     10075  910 10075     2     8      0 16645  2.1e-10        -
4237    2.11e-07  6.2315e-11 out 10085  910 10085     2     8      0 16662  4.1e-11        -
4243  2.1137e-07  6.2315e-11     10097  910 10097     2     8      0 16686  3.4e-11        -
4245  2.1147e-07  3.1896e-11     10101  911 10101     2     8      0 16693  1.7e-12        -
4248  2.1163e-07  6.3792e-11     10107  912 10107     2     8      0 16702  3.5e-11        -
4253  2.1194e-07  5.8624e-11     10119  912 10119     2     8      0 16722  3.5e-11        -
4256  2.1212e-07  5.8624e-11     10131  912 10131     2     8      0 16746  3.7e-11        -
4259  2.1229e-07  5.8624e-11     10143  912 10143     2     8      0 16770    4e-11        -
4262  2.1246e-07  4.4817e-11     10157  913 10157     2     8      0 16797  3.7e-11        -
4266  2.1263e-07  4.4817e-11     10165  914 10165     2     8      0 16809  4.7e-11        -
4271  2.1286e-07  4.4817e-11     10175  914 10175     2     8      0 16824  3.2e-11        -
4275    2.13e-07  2.5917e-11 out 10183  915 10183     2     8      0 16836  6.2e-12        -
4280  2.1326e-07  5.1835e-11     10193  916 10193     2     8      0 16851  2.4e-10        -
4284  2.1346e-07  4.2661e-11     10205  917 10205     2     8      0 16871  6.7e-11        -
4289  2.1367e-07  4.2661e-11     10215  918 10215     2     8      0 16886  6.5e-11        -
4294  2.1388e-07  4.2661e-11     10225  918 10225     2     8      0 16901  7.3e-11        -
4297    2.14e-07  3.6696e-11 out 10235  920 10235     2     8      0 16918  3.6e-11        -
4302  2.1418e-07  3.6696e-11     10245  920 10245     2     8      0 16933  4.2e-11        -
4304  2.1432e-07  6.6053e-11     10253  922 10253     2     8      0 16947  7.7e-10        -
4306  2.1444e-07  5.5511e-11     10261  924 10261     2     8      0 16961  3.2e-10        -
4309  2.1461e-07  5.5511e-11     10267  925 10267     2     8      0 16970  3.3e-10        -
4315  2.1494e-07  5.5511e-11     10279  925 10279     2     8      0 16988  3.9e-10        -
4319  2.1508e-07  5.5915e-11     10287  927 10287     2     8      0 17000  4.5e-10        -
4324  2.1536e-07  5.5915e-11     10297  927 10297     2     8      0 17015  6.2e-10        -
4327   2.155e-07   4.032e-11 out 10307  929 10307     2     8      0 17032  1.2e-10        -
4332   2.157e-07   4.032e-11     10317  929 10317     2     8      0 17047  1.1e-10        -
4337   2.159e-07   4.032e-11     10327  929 10327     2     8      0 17062    1e-10        -
4340    2.16e-07  2.8242e-11 out 10337  931 10337     2     8      0 17079  1.6e-11        -
4343  2.1617e-07  5.6484e-11     10343  932 10343     2     8      0 17088  4.7e-10        -
4347   2.164e-07  5.6484e-11     10351  932 10351     2     8      0 17100  4.4e-10        -
4350  2.1655e-07  5.2306e-11     10363  932 10363     2     8      0 17124  5.6e-11        -
4353  2.1671e-07  5.2306e-11     10375  932 10375     2     8      0 17148  5.4e-11        -
4356  2.1687e-07  5.2306e-11     10387  932 10387     2     8      0 17172  5.1e-11        -
4358  2.1696e-07  4.0777e-11     10397  933 10397     2     8      0 17191  8.8e-11        -
4363  2.1716e-07  4.0777e-11     10407  934 10407     2     8      0 17206  8.2e-11        -
----       当前进度:  47 % - 正在组装残差
4369  2.1741e-07  4.0777e-11     10419  934 10419     2     8      0 17224  6.1e-11        -
4373  2.1755e-07   5.145e-11     10427  936 10427     2     8      0 17236  1.8e-10        -
4378  2.1781e-07   5.145e-11     10437  936 10437     2     8      0 17251  1.5e-10        -
4381  2.1796e-07  4.4198e-11     10447  937 10447     2     8      0 17268  6.2e-11        -
4386  2.1818e-07  4.4198e-11     10457  938 10457     2     8      0 17283    3e-11        -
4389  2.1838e-07  7.5093e-11     10467  940 10467     2     8      0 17300  5.1e-10        -
4393  2.1862e-07  5.7759e-11     10475  941 10475     2     8      0 17312  6.4e-11        -
4398   2.189e-07  5.7759e-11     10485  941 10485     2     8      0 17327  2.5e-11        -
4400    2.19e-07  4.7842e-11 out 10493  943 10493     2     8      0 17341  1.3e-11        -
4405  2.1924e-07  4.7842e-11     10503  943 10503     2     8      0 17356    3e-11        -
4410  2.1947e-07  3.4711e-11     10517  944 10517     2     8      0 17379    7e-12        -
4413  2.1964e-07  6.9422e-11     10523  946 10523     2     8      0 17388  2.4e-10        -
4416  2.1983e-07   6.248e-11     10533  948 10533     2     8      0 17405  1.9e-10        -
4418  2.1995e-07  5.2148e-11     10541  949 10541     2     8      0 17419  9.5e-11        -
4422  2.2016e-07  5.2148e-11     10549  950 10549     2     8      0 17431  5.9e-11        -
4427  2.2042e-07  5.2148e-11     10559  950 10559     2     8      0 17446  2.1e-10        -
4429   2.205e-07  4.1408e-11 out 10567  952 10567     2     8      0 17460  6.6e-11        -
4434  2.2071e-07  4.1408e-11     10577  952 10577     2     8      0 17475  7.8e-11        -
4438  2.2087e-07  4.1408e-11     10585  952 10585     2     8      0 17487  7.9e-11        -
4441  2.2098e-07  2.2255e-11     10591  953 10591     2     8      0 17496  2.5e-12        -
4444  2.2109e-07  4.4511e-11     10597  954 10597     2     8      0 17505  8.1e-11        -
4450  2.2136e-07  4.4511e-11     10609  954 10609     2     8      0 17523  9.2e-11        -
4454   2.215e-07  2.7446e-11 out 10617  955 10617     2     8      0 17535  8.6e-12        -
4458  2.2172e-07  5.4892e-11     10625  956 10625     2     8      0 17547    3e-10        -
4463  2.2197e-07   3.043e-11     10635  957 10635     2     8      0 17562  1.6e-11        -
4467  2.2218e-07   6.086e-11     10643  958 10643     2     8      0 17574  5.6e-10        -
4472  2.2246e-07   3.699e-11     10653  959 10653     2     8      0 17589  6.5e-11        -
4476  2.2267e-07  6.1048e-11     10665  961 10665     2     8      0 17609  1.1e-09        -
4478  2.2279e-07  5.4944e-11     10673  963 10673     2     8      0 17623  5.6e-10        -
4482    2.23e-07  5.1052e-11 out 10685  964 10685     2     8      0 17645  5.4e-11        -
4485  2.2315e-07  5.1052e-11     10697  964 10697     2     8      0 17669  5.4e-11        -
4488  2.2331e-07  5.1052e-11     10709  964 10709     2     8      0 17693  5.3e-11        -
4491  2.2345e-07  4.5794e-11     10723  965 10723     2     8      0 17720  1.8e-10        -
4495  2.2364e-07  4.5794e-11     10731  966 10731     2     8      0 17732  1.6e-10        -
4501  2.2391e-07  4.5794e-11     10743  966 10743     2     8      0 17750  1.6e-10        -
4505  2.2409e-07  4.3929e-11     10755  966 10755     2     8      0 17774  4.1e-11        -
4509  2.2426e-07  4.3929e-11     10767  966 10767     2     8      0 17798  3.8e-11        -
4513  2.2444e-07  4.3929e-11     10779  966 10779     2     8      0 17822  3.5e-11        -
4516  2.2456e-07  6.0711e-11     10785  968 10785     2     8      0 17831  5.9e-10        -
4521  2.2486e-07  6.0711e-11     10795  968 10795     2     8      0 17846  4.2e-10        -
4525  2.2504e-07   3.751e-11     10803  969 10803     2     8      0 17858  3.4e-11        -
4527  2.2518e-07  6.7518e-11     10811  971 10811     2     8      0 17872  5.9e-10        -
4531  2.2544e-07    5.87e-11     10823  973 10823     2     8      0 17892  2.1e-10        -
4535  2.2568e-07    5.87e-11     10831  974 10831     2     8      0 17904  1.4e-10        -
4540  2.2596e-07  4.4551e-11     10845  975 10845     2     8      0 17927  2.8e-11        -
----       当前进度:  49 % - 组装矩阵
4543  2.2617e-07  7.6299e-11     10855  978 10855     2     8      0 17944    3e-10        -
4545  2.2631e-07  6.8669e-11     10863  980 10863     2     8      0 17958  8.4e-11        -
4547  2.2644e-07  6.0481e-11     10871  982 10871     2     8      0 17972  6.4e-11        -
4551  2.2668e-07  6.0481e-11     10879  983 10879     2     8      0 17984  5.3e-11        -
4556  2.2696e-07  3.8315e-11     10889  984 10889     2     8      0 17999  1.1e-11        -
4559  2.2715e-07  6.8968e-11     10899  986 10899     2     8      0 18016  2.6e-10        -
4561  2.2728e-07  6.2071e-11     10907  988 10907     2     8      0 18030    2e-10        -
4564  2.2745e-07  4.9611e-11     10917  990 10917     2     8      0 18047  3.8e-11        -
4568  2.2765e-07  4.9611e-11     10925  991 10925     2     8      0 18059    1e-10        -
4572  2.2785e-07  4.9611e-11     10933  991 10933     2     8      0 18071  1.6e-10        -
4576    2.28e-07  2.6751e-11 out 10941  992 10941     2     8      0 18083  7.4e-12        -
4580  2.2821e-07  5.3501e-11     10949  993 10949     2     8      0 18095  2.8e-10        -
4585  2.2846e-07  3.5996e-11     10963  994 10963     2     8      0 18118  2.8e-11        -
4588  2.2861e-07  7.1991e-11     10969  996 10969     2     8      0 18127  9.3e-10        -
4590  2.2874e-07  6.4792e-11     10977  998 10977     2     8      0 18141  5.9e-10        -
4594  2.2897e-07  3.4026e-11     10985  999 10985     2     8      0 18153  2.8e-11        -
4598  2.2917e-07  6.8052e-11     10993 1000 10993     2     8      0 18165  8.8e-10        -
4600   2.293e-07  6.1247e-11     11001 1001 11001     2     8      0 18179  5.3e-10        -
4603  2.2946e-07  3.9039e-11     11007 1003 11007     2     8      0 18188  8.1e-11        -
4606  2.2964e-07  6.3319e-11     11017 1005 11017     2     8      0 18205  9.3e-10        -
4607   2.297e-07  6.3319e-11     11019 1006 11019     2     8      0 18208  9.4e-10        -
4609  2.2982e-07  5.6987e-11     11027 1008 11027     2     8      0 18222  8.3e-10        -
4613     2.3e-07  3.3669e-11 out 11035 1009 11035     2     8      0 18234  5.4e-11        -
4616  2.3016e-07  6.0604e-11     11045 1011 11045     2     8      0 18251  1.1e-09        -
4619  2.3034e-07  6.0604e-11     11051 1012 11051     2     8      0 18260  8.8e-10        -
4621  2.3045e-07  4.7988e-11     11059 1013 11059     2     8      0 18274  2.6e-10        -
4624   2.306e-07  4.7988e-11     11065 1014 11065     2     8      0 18283  2.5e-10        -
4628  2.3079e-07  4.7988e-11     11073 1014 11073     2     8      0 18295  2.3e-10        -
4632  2.3097e-07  3.4056e-11     11085 1015 11085     2     8      0 18315  3.6e-11        -
4635   2.311e-07  6.8112e-11     11091 1017 11091     2     8      0 18324  1.1e-09        -
4640  2.3144e-07  6.2692e-11     11103 1017 11103     2     8      0 18344  1.7e-10        -
4643  2.3163e-07  6.2692e-11     11115 1017 11115     2     8      0 18368  1.5e-10        -
4645  2.3175e-07  6.2692e-11     11123 1017 11123     2     8      0 18384  1.5e-10        -
4648  2.3194e-07  6.1925e-11     11135 1017 11135     2     8      0 18408  2.1e-10        -
4651  2.3212e-07  6.1925e-11     11147 1017 11147     2     8      0 18432    2e-10        -
4654  2.3231e-07  6.1925e-11     11159 1017 11159     2     8      0 18456  1.7e-10        -
4657  2.3247e-07  3.3261e-11     11169 1018 11169     2     8      0 18475  1.9e-11        -
4661  2.3267e-07  6.6522e-11     11177 1019 11177     2     8      0 18487  5.3e-10        -
4666  2.3297e-07  3.3803e-11     11187 1020 11187     2     8      0 18502    1e-11        -
4670   2.332e-07  6.7607e-11     11195 1021 11195     2     8      0 18514  2.8e-10        -
-----      当前进度:  50 % - 
4674  2.3345e-07  4.7179e-11     11207 1022 11207     2     8      0 18534    5e-11        -
4676  2.3357e-07  7.4751e-11     11213 1025 11213     2     9      0 18543  4.1e-10        -
4678  2.3371e-07  6.7275e-11     11221 1027 11221     2     9      0 18557  1.7e-10        -
4682  2.3396e-07  4.4436e-11     11229 1028 11229     2     9      0 18569  8.1e-12        -
4685  2.3416e-07  7.1469e-11     11239 1030 11239     2     9      0 18586  7.2e-11        -
4687   2.343e-07  6.4322e-11     11247 1032 11247     2     9      0 18600  7.3e-11        -
4690  2.3446e-07  3.7611e-11     11253 1034 11253     2     9      0 18609  1.1e-11        -
4693  2.3464e-07  6.6601e-11     11263 1036 11263     2     9      0 18626  2.8e-10        -
4695  2.3477e-07  5.9941e-11     11271 1038 11271     2     9      0 18640  1.9e-10        -
4699    2.35e-07  5.5875e-11 out 11282 1039 11282     2     9      0 18660  3.1e-11        -
4702  2.3517e-07  5.5875e-11     11294 1039 11294     2     9      0 18684  3.3e-11        -
4705  2.3534e-07  5.5875e-11     11306 1039 11306     2     9      0 18708  3.7e-11        -
4707  2.3545e-07  5.4436e-11     11316 1040 11316     2     9      0 18727  2.7e-10        -
4711  2.3566e-07  5.4436e-11     11324 1041 11324     2     9      0 18739  3.1e-10        -
4716  2.3594e-07  5.4436e-11     11334 1041 11334     2     9      0 18754    3e-10        -
4720  2.3606e-07  3.2255e-11     11342 1042 11342     2     9      0 18766  1.8e-11        -
4725  2.3623e-07  3.2255e-11     11352 1042 11352     2     9      0 18781  1.9e-11        -
4730  2.3639e-07  3.2255e-11     11362 1042 11362     2     9      0 18796  2.1e-11        -
4734  2.3655e-07  4.8428e-11     11370 1043 11370     2     9      0 18808  2.3e-10        -
4739  2.3679e-07  4.8428e-11     11380 1043 11380     2     9      0 18823  2.3e-10        -
4741   2.369e-07  5.9717e-11     11386 1045 11386     2    10      0 18832  8.7e-10        -
4743    2.37e-07  5.0642e-11 out 11394 1047 11394     2    10      0 18846    4e-10        -
4745  2.3711e-07  5.9753e-11     11400 1049 11400     2    11      0 18855  9.8e-10        -
4747  2.3722e-07  5.9688e-11     11410 1052 11410     2    12      0 18872  1.1e-09        -
4749  2.3733e-07  5.3719e-11     11418 1054 11418     2    12      0 18886  6.4e-10        -
4753   2.375e-07   3.063e-11 out 11426 1055 11426     2    12      0 18898    4e-11        -
4756  2.3765e-07  5.5135e-11     11436 1057 11436     2    12      0 18915  7.4e-10        -
4760  2.3787e-07  5.5135e-11     11444 1058 11444     2    12      0 18927  5.2e-10        -
4762  2.3796e-07   3.865e-11     11452 1059 11452     2    12      0 18941  8.4e-11        -
4766  2.3812e-07   3.865e-11     11460 1060 11460     2    12      0 18953  7.8e-11        -
4771  2.3831e-07   3.865e-11     11470 1060 11470     2    12      0 18968  7.1e-11        -
4776   2.385e-07  3.7423e-11 out 11480 1060 11480     2    12      0 18985  2.4e-10        -
4781  2.3869e-07  3.7423e-11     11490 1060 11490     2    12      0 19005  2.2e-10        -
4786  2.3887e-07  3.7423e-11     11500 1060 11500     2    12      0 19025  2.1e-10        -
4790    2.39e-07  2.5463e-11 out 11508 1061 11508     2    12      0 19039  8.3e-12        -
4794   2.392e-07  5.0926e-11     11516 1062 11516     2    12      0 19051  2.6e-10        -
4799  2.3945e-07  4.6297e-11     11528 1062 11528     2    12      0 19071  6.9e-11        -
4802  2.3959e-07  4.6297e-11     11540 1062 11540     2    12      0 19095  6.4e-11        -
4805  2.3973e-07  4.6297e-11     11552 1062 11552     2    12      0 19119    6e-11        -
4808  2.3987e-07  4.6297e-11     11564 1062 11564     2    12      0 19143  5.5e-11        -
4810  2.3996e-07  4.1666e-11     11574 1063 11574     2    12      0 19162  5.5e-11        -
4813  2.4015e-07  6.9442e-11     11584 1066 11584     2    12      0 19179  5.3e-10        -
-----      当前进度:  52 % - 
4815  2.4028e-07  6.2498e-11     11592 1068 11592     2    12      0 19193  2.6e-10        -
4818  2.4045e-07  4.5145e-11     11602 1070 11602     2    12      0 19210  3.6e-11        -
4821  2.4066e-07  7.2489e-11     11612 1073 11612     2    12      0 19227  3.5e-10        -
4823   2.408e-07   6.524e-11     11620 1075 11620     2    12      0 19241  2.6e-10        -
4826  2.4097e-07  3.4506e-11     11626 1077 11626     2    12      0 19250  8.6e-12        -
4830  2.4121e-07  6.9013e-11     11634 1078 11634     2    12      0 19262  6.7e-11        -
4834  2.4146e-07  4.2962e-11     11642 1079 11642     2    12      0 19274  1.5e-11        -
4837  2.4166e-07  6.9924e-11     11652 1081 11652     2    12      0 19291  1.7e-10        -
4839  2.4179e-07  6.2931e-11     11660 1083 11660     2    12      0 19305  1.1e-10        -
4842  2.4196e-07  4.2717e-11     11670 1085 11670     2    12      0 19322  4.6e-11        -
4846  2.4213e-07  4.2717e-11     11678 1086 11678     2    12      0 19334  5.9e-11        -
4851  2.4234e-07  4.2717e-11     11688 1086 11688     2    12      0 19349  6.9e-11        -
4854  2.4246e-07  3.6413e-11     11698 1087 11698     2    12      0 19366  3.2e-11        -
4856  2.4257e-07  7.2827e-11     11702 1089 11702     2    12      0 19372    1e-09        -
4858   2.427e-07  6.3451e-11     11710 1091 11710     2    12      0 19386  5.7e-10        -
4860  2.4281e-07  5.7106e-11     11718 1093 11718     2    12      0 19400  3.4e-10        -
4864    2.43e-07  3.5924e-11 out 11726 1094 11726     2    12      0 19412  3.9e-11        -
4869  2.4318e-07  3.5924e-11     11736 1094 11736     2    12      0 19427  3.7e-11        -
4875   2.434e-07  3.5924e-11     11748 1094 11748     2    12      0 19445  3.7e-11        -
4879  2.4353e-07  3.4454e-11     11759 1094 11759     2    12      0 19466  1.8e-11        -
4883  2.4367e-07  3.4454e-11     11771 1094 11771     2    12      0 19490  1.9e-11        -
4887  2.4384e-07  6.8909e-11     11782 1095 11782     2    12      0 19511  1.3e-09        -
4889  2.4395e-07  4.6719e-11     11790 1097 11790     2    12      0 19525  2.1e-10        -
4894  2.4419e-07  4.6719e-11     11800 1097 11800     2    12      0 19540  2.4e-10        -
4896  2.4431e-07  5.6246e-11     11810 1100 11810     2    13      0 19557  6.3e-10        -
4899  2.4446e-07  4.0945e-11     11820 1102 11820     2    13      0 19574  1.4e-10        -
4901  2.4456e-07  5.9565e-11     11826 1105 11826     2    14      0 19583    1e-09        -
4903  2.4467e-07  5.3609e-11     11834 1107 11834     2    14      0 19597  6.2e-10        -
4909  2.4497e-07  3.2587e-11     11846 1108 11846     2    14      0 19615  5.3e-11        -
4912  2.4512e-07  5.8536e-11     11856 1110 11856     2    14      0 19632  9.7e-10        -
4914  2.4523e-07  5.2683e-11     11864 1112 11864     2    14      0 19646  5.5e-10        -
4918  2.4545e-07  5.2683e-11     11872 1113 11872     2    14      0 19658  3.7e-10        -
4921  2.4555e-07  5.4341e-11     11878 1115 11878     2    14      0 19667  4.1e-10        -
4925  2.4577e-07  5.4341e-11     11886 1115 11886     2    14      0 19679  4.7e-10        -
4929  2.4597e-07  3.2637e-11     11894 1116 11894     2    14      0 19691    3e-11        -
4933   2.461e-07  3.2637e-11     11902 1116 11902     2    14      0 19703  2.9e-11        -
4938  2.4629e-07  6.5274e-11     11912 1117 11912     2    14      0 19718  9.3e-10        -
4942   2.465e-07  3.7859e-11 out 11920 1118 11920     2    14      0 19730    6e-11        -
4947  2.4669e-07  3.7859e-11     11930 1118 11930     2    14      0 19745  5.7e-11        -
4951  2.4691e-07  6.7119e-11     11942 1120 11942     2    14      0 19765  9.7e-10        -
4955  2.4709e-07  4.6075e-11     11950 1121 11950     2    14      0 19777  1.1e-10        -
4961  2.4737e-07  4.6075e-11     11962 1121 11962     2    14      0 19795  8.2e-11        -
4965  2.4754e-07  4.2663e-11     11973 1121 11973     2    14      0 19816    1e-10        -
4967   2.477e-07  6.9637e-11     11981 1123 11981     2    14      0 19830  4.3e-10        -
4969  2.4783e-07  6.2673e-11     11989 1125 11989     2    14      0 19844  1.9e-10        -
-----      当前进度:  53 % - 
Memory: 1018/1058 1034/1074
4971  2.4795e-07  5.3694e-11     11997 1127 11997     2    14      0 19858  9.3e-11        -
4975  2.4816e-07  5.3694e-11     12005 1128 12005     2    14      0 19870    1e-10        -
4977   2.483e-07  6.4838e-11     12015 1131 12015     2    15      0 19887  1.9e-10        -
4980  2.4846e-07   3.618e-11     12021 1133 12021     2    15      0 19896  3.5e-12        -
4983  2.4864e-07  6.5125e-11     12031 1135 12031     2    15      0 19913  5.1e-11        -
4985  2.4877e-07  6.3816e-11     12041 1138 12041     2    16      0 19930  1.3e-10        -
4987   2.489e-07   6.214e-11     12051 1141 12051     2    17      0 19947  1.1e-10        -
4990  2.4907e-07   6.619e-11     12059 1144 12059     2    18      0 19959  2.3e-10        -
4992  2.4919e-07  5.9571e-11     12067 1146 12067     2    18      0 19973  1.8e-10        -
4997  2.4946e-07   3.819e-11     12077 1147 12077     2    18      0 19988  3.1e-11        -
5001  2.4968e-07  6.0908e-11     12089 1149 12089     2    18      0 20008  4.3e-10        -
5003  2.4979e-07  5.4817e-11     12097 1151 12097     2    18      0 20022  2.8e-10        -
5007     2.5e-07  4.9581e-11 out 12109 1152 12109     2    18      0 20044  9.8e-11        -
5010  2.5015e-07  4.9581e-11     12121 1152 12121     2    18      0 20068  1.1e-10        -
5012  2.5025e-07  4.9581e-11     12131 1153 12131     2    18      0 20087  1.7e-10        -
5017  2.5047e-07  2.6886e-11     12141 1155 12141     2    18      0 20102  8.9e-12        -
5020  2.5058e-07  5.3773e-11     12147 1156 12147     2    18      0 20111  2.8e-10        -
5025  2.5085e-07  5.3773e-11     12157 1156 12157     2    18      0 20126  4.2e-10        -
5028    2.51e-07  4.8352e-11 out 12167 1158 12167     2    18      0 20143  2.2e-10        -
5033  2.5124e-07  4.8352e-11     12177 1158 12177     2    18      0 20158  2.4e-10        -
5038  2.5147e-07  3.2417e-11     12191 1159 12191     2    18      0 20181  3.6e-11        -
5042   2.516e-07  3.2417e-11     12199 1160 12199     2    18      0 20193  3.8e-11        -
5048  2.5179e-07  3.2417e-11     12211 1160 12211     2    18      0 20211  4.3e-11        -
5050  2.5191e-07  5.4975e-11     12219 1162 12219     2    18      0 20225  6.5e-10        -
5055  2.5215e-07  5.7043e-11     12231 1165 12231     2    19      0 20243  8.6e-10        -
5057  2.5226e-07  5.8278e-11     12241 1168 12241     2    20      0 20260  9.6e-10        -
5059  2.5237e-07  5.8185e-11     12251 1171 12251     2    21      0 20277  9.4e-10        -
5061  2.5246e-07  4.0949e-11     12261 1174 12261     2    22      0 20294  1.6e-10        -
5064  2.5261e-07  5.2188e-11     12273 1177 12273     2    23      0 20314  5.2e-10        -
5066  2.5273e-07  5.4624e-11     12283 1180 12283     2    24      0 20331  6.2e-10        -
5071  2.5297e-07  2.8006e-11     12293 1182 12293     2    24      0 20346  1.9e-11        -
5075  2.5317e-07  5.6012e-11     12301 1183 12301     2    24      0 20358  5.9e-10        -
5080  2.5345e-07  5.3958e-11     12312 1183 12312     2    24      0 20376    1e-10        -
5084  2.5366e-07  5.3958e-11     12324 1183 12324     2    24      0 20400  9.9e-11        -
5088  2.5388e-07  5.3958e-11     12336 1183 12336     2    24      0 20424  9.3e-11        -
5092  2.5403e-07  3.4169e-11     12345 1184 12345     2    24      0 20439  3.5e-11        -
5097  2.5421e-07  3.4169e-11     12355 1184 12355     2    24      0 20454  5.6e-11        -
5103  2.5441e-07  3.4169e-11     12367 1184 12367     2    24      0 20472  3.4e-11        -
-----      当前进度:  54 % - 正在组装残差
5105   2.545e-07  4.4986e-11 out 12375 1186 12375     2    24      0 20486  1.3e-10        -
5111  2.5477e-07  4.4986e-11     12387 1186 12387     2    24      0 20504  1.2e-10        -
5116  2.5497e-07  2.5072e-11     12397 1187 12397     2    24      0 20519  5.8e-12        -
5120  2.5515e-07  5.0145e-11     12405 1188 12405     2    24      0 20531  8.9e-11        -
5126  2.5545e-07  4.9421e-11     12417 1188 12417     2    24      0 20550  1.2e-10        -
5130  2.5567e-07  7.1291e-11     12427 1190 12427     2    25      0 20568  2.8e-10        -
5132   2.558e-07  6.4162e-11     12435 1192 12435     2    25      0 20582  8.7e-11        -
5136    2.56e-07  3.4345e-11 out 12444 1193 12444     2    25      0 20597  2.6e-12        -
5139  2.5616e-07  6.1822e-11     12454 1195 12454     2    25      0 20614  1.1e-10        -
5141   2.563e-07  6.2024e-11     12464 1198 12464     2    26      0 20631  1.9e-10        -
5143  2.5642e-07  5.9883e-11     12474 1201 12474     2    27      0 20648  5.4e-11        -
5145  2.5656e-07   6.348e-11     12482 1203 12482     2    27      0 20662  1.5e-10        -
5148  2.5674e-07  5.7132e-11     12492 1204 12492     2    27      0 20681  1.5e-10        -
5151  2.5691e-07  5.7132e-11     12504 1204 12504     2    27      0 20705  1.7e-10        -
5153    2.57e-07  4.3692e-11 out 12512 1206 12512     2    27      0 20719  1.1e-10        -
5158  2.5722e-07  4.3692e-11     12522 1206 12522     2    27      0 20734  1.1e-10        -
5164  2.5747e-07  3.1542e-11     12538 1207 12538     2    27      0 20760    2e-11        -
5168  2.5759e-07  3.1542e-11     12546 1208 12546     2    27      0 20772  2.1e-11        -
5173  2.5775e-07  3.1542e-11     12556 1208 12556     2    27      0 20787  3.4e-11        -
5178  2.5791e-07  3.1542e-11     12566 1208 12566     2    27      0 20802  3.8e-11        -
5182  2.5803e-07  2.9204e-11     12577 1208 12577     2    27      0 20823  4.3e-11        -
5186  2.5815e-07  2.9204e-11     12589 1208 12589     2    27      0 20847  4.5e-11        -
5190  2.5826e-07  2.9204e-11     12601 1208 12601     2    27      0 20871  4.7e-11        -
5194  2.5838e-07  2.9204e-11     12613 1208 12613     2    27      0 20895  4.9e-11        -
5198  2.5848e-07  1.6366e-11     12624 1209 12624     2    27      0 20916  1.3e-12        -
5202   2.586e-07  3.2732e-11     12632 1210 12632     2    27      0 20928  4.1e-11        -
5208  2.5879e-07  3.2732e-11     12644 1210 12644     2    27      0 20946  3.6e-11        -
5214  2.5898e-07  2.0878e-11     12656 1211 12656     2    27      0 20964  4.2e-12        -
5218   2.591e-07  4.1757e-11     12664 1212 12664     2    27      0 20976  1.4e-10        -
5224  2.5935e-07  4.1757e-11     12676 1212 12676     2    27      0 20994  1.7e-10        -
5227  2.5947e-07  3.0778e-11     12686 1213 12686     2    27      0 21011  3.9e-11        -
5230  2.5961e-07  5.2757e-11     12696 1216 12696     2    27      0 21028    6e-10        -
5232  2.5972e-07  5.1731e-11     12706 1219 12706     2    28      0 21045  5.5e-10        -
5234  2.5983e-07  5.1961e-11     12716 1222 12716     2    29      0 21062  5.5e-10        -
5236  2.5994e-07  5.0874e-11     12726 1225 12726     2    30      0 21079  4.8e-10        -
5239  2.6006e-07  5.9382e-11     12732 1227 12732     2    30      0 21088    1e-09        -
5241  2.6017e-07  5.3443e-11     12740 1229 12740     2    30      0 21102  5.6e-10        -
5247  2.6047e-07  3.3257e-11     12752 1230 12752     2    30      0 21120  6.7e-11        -
5252  2.6063e-07  3.3257e-11     12762 1230 12762     2    30      0 21135  5.7e-11        -
5258  2.6083e-07  3.3257e-11     12774 1230 12774     2    30      0 21153  4.5e-11        -
5263  2.6098e-07  1.7198e-11     12784 1231 12784     2    30      0 21168  1.6e-12        -
5267   2.611e-07  3.4396e-11     12792 1232 12792     2    30      0 21180    5e-11        -
5273  2.6131e-07  3.4396e-11     12804 1232 12804     2    30      0 21198  5.3e-11        -
-----      当前进度:  55 % - 正在组装残差
5277  2.6145e-07  3.4396e-11     12812 1232 12812     2    30      0 21210  5.6e-11        -
5279   2.615e-07  2.6426e-11 out 12820 1234 12820     2    30      0 21224  1.5e-11        -
5283  2.6171e-07  5.2851e-11     12828 1235 12828     2    30      0 21236    5e-10        -
5288  2.6196e-07  3.8596e-11     12842 1236 12842     2    30      0 21259    7e-11        -
5292  2.6212e-07  3.8596e-11     12850 1237 12850     2    30      0 21271  6.4e-11        -
5298  2.6235e-07  3.8596e-11     12862 1237 12862     2    30      0 21289    5e-11        -
5301   2.625e-07  5.7022e-11 out 12872 1239 12872     2    30      0 21306  2.8e-10        -
5307  2.6284e-07  5.7022e-11     12884 1239 12884     2    30      0 21324  2.2e-10        -
5310    2.63e-07  5.0423e-11 out 12894 1241 12894     2    30      0 21341  8.1e-11        -
5312  2.6312e-07  6.9706e-11     12900 1243 12900     2    31      0 21350  3.3e-10        -
5314  2.6325e-07     7.1e-11     12910 1246 12910     2    32      0 21367  2.2e-10        -
5316  2.6339e-07  6.7682e-11     12920 1249 12920     2    33      0 21384  9.7e-12        -
5318   2.635e-07  5.7277e-11 out 12928 1251 12928     2    33      0 21398  8.2e-11        -
5320  2.6363e-07   6.801e-11     12934 1253 12934     2    34      0 21407  2.6e-10        -
5322  2.6375e-07  6.7502e-11     12944 1256 12944     2    35      0 21424  3.1e-10        -
5324  2.6388e-07  6.0752e-11     12952 1258 12952     2    35      0 21438  1.3e-10        -
5328  2.6406e-07  6.3748e-11     12960 1260 12960     2    35      0 21450  2.2e-08        -
5331  2.6424e-07  5.7373e-11     12972 1260 12972     2    35      0 21474  1.9e-10        -
5334  2.6441e-07  5.7373e-11     12986 1261 12986     2    35      0 21501  6.1e-10        -
5338  2.6459e-07  4.6006e-11     12994 1262 12994     2    35      0 21513  2.1e-10        -
5344  2.6487e-07  4.6006e-11     13006 1262 13006     2    35      0 21531  2.3e-10        -
5348  2.6504e-07  4.2972e-11     13017 1262 13017     2    35      0 21552  1.4e-10        -
5352  2.6521e-07  4.2972e-11     13029 1262 13029     2    35      0 21576  1.5e-10        -
5355  2.6534e-07  4.2972e-11     13040 1262 13040     2    35      0 21598  2.4e-11        -
5358  2.6546e-07  3.5141e-11     13054 1263 13054     2    35      0 21625  6.3e-11        -
5362  2.6561e-07  3.5141e-11     13062 1264 13062     2    35      0 21637  6.2e-11        -
5368  2.6582e-07  3.5141e-11     13074 1264 13074     2    35      0 21655  5.9e-11        -
5373  2.6598e-07  2.1584e-11     13084 1265 13084     2    35      0 21670  5.4e-12        -
5375  2.6604e-07  4.3169e-11     13088 1266 13088     2    35      0 21676  1.7e-10        -
5380  2.6626e-07  4.3169e-11     13098 1266 13098     2    35      0 21691  1.5e-10        -
5385  2.6647e-07  3.4157e-11     13112 1267 13112     2    35      0 21714  5.2e-11        -
5390  2.6664e-07  3.4157e-11     13122 1268 13122     2    35      0 21729  5.8e-11        -
5396  2.6684e-07  3.4157e-11     13134 1268 13134     2    35      0 21747  6.6e-11        -
5400  2.6697e-07  2.7979e-11     13146 1269 13146     2    35      0 21767  2.5e-11        -
5404  2.6713e-07  5.0363e-11     13158 1272 13158     2    35      0 21787  4.7e-10        -
5409  2.6739e-07  5.0363e-11     13168 1273 13168     2    35      0 21802  4.4e-10        -
5414  2.6756e-07  3.1762e-11     13178 1274 13178     2    35      0 21817  4.2e-11        -
5419  2.6772e-07  3.1762e-11     13188 1274 13188     2    35      0 21832    4e-11        -
5425  2.6791e-07  3.1762e-11     13200 1274 13200     2    35      0 21850  4.9e-11        -
5428    2.68e-07  2.7669e-11 out 13210 1276 13210     2    35      0 21867  2.3e-11        -
5434  2.6817e-07  2.7669e-11     13222 1276 13222     2    35      0 21885  2.2e-11        -
-----      当前进度:  57 % - 正在组装残差
5439   2.683e-07  2.7669e-11     13232 1276 13232     2    35      0 21900  2.2e-11        -
5444  2.6844e-07  2.7669e-11     13242 1276 13242     2    35      0 21915  2.2e-11        -
5448  2.6853e-07  2.9632e-11     13250 1278 13250     2    35      0 21927  2.5e-11        -
5453  2.6868e-07  2.9632e-11     13260 1278 13260     2    35      0 21942  2.6e-11        -
5459  2.6886e-07  2.9632e-11     13272 1278 13272     2    35      0 21960  2.6e-11        -
5464    2.69e-07  2.7763e-11 out 13284 1278 13284     2    35      0 21981  2.5e-11        -
5468  2.6919e-07  5.5527e-11     13293 1279 13293     2    35      0 21996  5.7e-10        -
5473  2.6946e-07  4.1774e-11     13307 1280 13307     2    35      0 22019  9.8e-11        -
5477  2.6963e-07  4.1774e-11     13315 1281 13315     2    35      0 22031  1.2e-10        -
5482  2.6983e-07  4.1774e-11     13325 1281 13325     2    35      0 22046    1e-10        -
5487  2.7004e-07  4.1128e-11     13335 1281 13335     2    35      0 22064  9.5e-11        -
5492  2.7025e-07  4.1128e-11     13345 1281 13345     2    35      0 22084  8.5e-11        -
5497  2.7045e-07  4.1128e-11     13355 1281 13355     2    35      0 22104  7.9e-11        -
5500  2.7055e-07  4.7592e-11     13361 1283 13361     2    35      0 22113  8.3e-11        -
5505  2.7079e-07  4.7592e-11     13371 1283 13371     2    35      0 22128  4.3e-11        -
5509  2.7096e-07  3.5838e-11     13383 1284 13383     2    35      0 22148  8.7e-12        -
5512  2.7111e-07  7.1676e-11     13389 1286 13389     2    35      0 22157  3.8e-10        -
5514  2.7123e-07  6.1651e-11     13397 1288 13397     2    35      0 22171  2.1e-10        -
5517   2.714e-07  5.5486e-11     13409 1288 13409     2    35      0 22195  1.7e-10        -
5519   2.715e-07  5.1363e-11 out 13417 1290 13417     2    35      0 22209  1.4e-10        -
5524  2.7176e-07  5.1363e-11     13427 1290 13427     2    35      0 22224  3.4e-10        -
5528  2.7196e-07  4.4549e-11     13439 1291 13439     2    35      0 22244  1.8e-10        -
5532  2.7213e-07  4.4549e-11     13447 1292 13447     2    35      0 22256  1.9e-10        -
5538   2.724e-07  4.4549e-11     13459 1292 13459     2    35      0 22274  2.4e-10        -
5543  2.7255e-07  2.7256e-11     13469 1293 13469     2    35      0 22289  1.9e-11        -
5549  2.7272e-07  2.7256e-11     13481 1293 13481     2    35      0 22307  1.8e-11        -
5555  2.7288e-07  2.7256e-11     13493 1293 13493     2    35      0 22325  1.7e-11        -
5559  2.7298e-07  1.8323e-11     13505 1294 13505     2    35      0 22345  2.4e-12        -
5562  2.7307e-07  3.6646e-11     13511 1296 13511     2    35      0 22354  7.4e-11        -
5568  2.7329e-07  3.6646e-11     13523 1296 13523     2    35      0 22372  7.3e-11        -
5573  2.7347e-07  3.0121e-11     13537 1297 13537     2    35      0 22395    3e-11        -
5577  2.7359e-07  3.0121e-11     13545 1298 13545     2    35      0 22407  3.3e-11        -
5583  2.7377e-07  3.0121e-11     13557 1298 13557     2    35      0 22425    3e-11        -
5588  2.7392e-07  3.0121e-11     13567 1298 13567     2    35      0 22440  3.1e-11        -
5591    2.74e-07  2.4091e-11 out 13577 1300 13577     2    35      0 22457  1.1e-11        -
5596  2.7412e-07  2.4091e-11     13587 1300 13587     2    35      0 22472  1.1e-11        -
5601  2.7424e-07  2.4091e-11     13597 1300 13597     2    35      0 22487  1.1e-11        -
5606  2.7436e-07  2.4091e-11     13607 1300 13607     2    35      0 22502  1.2e-11        -
5611  2.7448e-07  2.1137e-11     13619 1300 13619     2    35      0 22522  2.3e-11        -
5614  2.7458e-07  4.2275e-11     13627 1301 13627     2    35      0 22536  1.9e-10        -
5619   2.748e-07  4.2275e-11     13637 1301 13637     2    35      0 22551  1.9e-10        -
5623  2.7496e-07  3.8626e-11     13647 1301 13647     2    35      0 22568  6.2e-11        -
5626  2.7508e-07  3.8626e-11     13659 1301 13659     2    35      0 22592  6.2e-11        -
5629  2.7519e-07  3.8626e-11     13671 1301 13671     2    35      0 22616  6.2e-11        -
5632  2.7531e-07  3.8626e-11     13683 1301 13683     2    35      0 22640  6.2e-11        -
5635  2.7542e-07  3.8626e-11     13695 1301 13695     2    35      0 22664  6.1e-11        -
-----      当前进度:  58 % - 
5636  2.7546e-07  3.7556e-11     13701 1302 13701     2    35      0 22675    1e-10        -
5640  2.7561e-07  3.7556e-11     13709 1303 13709     2    35      0 22687    1e-10        -
5645   2.758e-07  3.7556e-11     13719 1303 13719     2    35      0 22702    1e-10        -
5650  2.7598e-07  2.4666e-11     13729 1304 13729     2    35      0 22717  1.3e-11        -
5655   2.761e-07  2.4666e-11     13739 1304 13739     2    35      0 22732  1.1e-11        -
5659  2.7625e-07  4.9332e-11     13747 1305 13747     2    35      0 22744  3.2e-10        -
5664  2.7647e-07  2.8007e-11     13757 1306 13757     2    35      0 22759  1.8e-11        -
5669  2.7661e-07  2.8007e-11     13767 1306 13767     2    35      0 22774  1.8e-11        -
5672  2.7678e-07  5.6013e-11     13773 1307 13773     2    35      0 22783  4.3e-10        -
5677  2.7705e-07  5.3954e-11     13786 1307 13786     2    35      0 22807  8.2e-11        -
5681  2.7727e-07  5.3954e-11     13798 1307 13798     2    35      0 22831  7.2e-11        -
5685  2.7747e-07  3.4185e-11     13809 1308 13809     2    35      0 22852  2.8e-11        -
5689  2.7766e-07  6.1533e-11     13821 1310 13821     2    35      0 22872  4.6e-10        -
5691  2.7778e-07   5.538e-11     13829 1312 13829     2    35      0 22886  2.7e-10        -
5695    2.78e-07  5.4119e-11 out 13837 1313 13837     2    35      0 22900    4e-10        -
5700  2.7827e-07  5.4119e-11     13847 1313 13847     2    35      0 22920    4e-10        -
5704  2.7847e-07  3.3523e-11     13855 1314 13855     2    35      0 22935  1.3e-11        -
5707  2.7863e-07  6.0311e-11     13865 1316 13865     2    35      0 22952  1.8e-10        -
5710   2.788e-07   5.428e-11     13875 1317 13875     2    35      0 22971  1.9e-10        -
5713  2.7895e-07  4.7606e-11     13889 1318 13889     2    35      0 22998  1.1e-10        -
5716   2.791e-07  4.7606e-11     13895 1319 13895     2    35      0 23007  3.2e-10        -
5721  2.7933e-07  4.7606e-11     13905 1319 13905     2    35      0 23022  3.3e-10        -
5724  2.7946e-07  3.5773e-11     13915 1320 13915     2    35      0 23039  8.9e-11        -
5727  2.7957e-07  3.5773e-11     13921 1321 13921     2    35      0 23048  7.7e-11        -
5732  2.7975e-07  3.5773e-11     13931 1321 13931     2    35      0 23063  9.8e-11        -
5737  2.7993e-07  3.5773e-11     13941 1321 13941     2    35      0 23078    8e-11        -
5742  2.8011e-07  3.5363e-11     13951 1321 13951     2    35      0 23098  8.3e-11        -
5747  2.8028e-07  3.5363e-11     13961 1321 13961     2    35      0 23118  8.9e-11        -
5752  2.8046e-07  3.5363e-11     13971 1321 13971     2    35      0 23138  9.3e-11        -
5755  2.8054e-07  4.0275e-11     13977 1323 13977     2    35      0 23147  1.2e-10        -
5760  2.8074e-07  4.0275e-11     13987 1323 13987     2    35      0 23162  1.3e-10        -
5764   2.809e-07  4.0275e-11     13995 1323 13995     2    35      0 23174  1.4e-10        -
5766  2.8097e-07  2.8487e-11     14003 1324 14003     2    35      0 23188  2.4e-11        -
5770  2.8109e-07  2.8487e-11     14011 1325 14011     2    35      0 23200  2.7e-11        -
5775  2.8123e-07  2.8487e-11     14021 1325 14021     2    35      0 23215    3e-11        -
5780  2.8137e-07  2.8487e-11     14031 1325 14031     2    35      0 23230  2.4e-11        -
5784  2.8148e-07  2.2104e-11     14043 1326 14043     2    35      0 23250  9.9e-12        -
5787  2.8157e-07  4.4207e-11     14049 1328 14049     2    35      0 23259  3.3e-10        -
5792  2.8179e-07  4.4207e-11     14059 1328 14059     2    35      0 23274  3.5e-10        -
5796  2.8196e-07  4.0015e-11     14069 1328 14069     2    35      0 23291  1.1e-10        -
5799  2.8208e-07  4.0015e-11     14081 1328 14081     2    35      0 23315  1.1e-10        -
5802   2.822e-07  4.0015e-11     14093 1328 14093     2    35      0 23339  1.1e-10        -
5805  2.8232e-07  4.0015e-11     14105 1328 14105     2    35      0 23363  1.1e-10        -
-----      当前进度:  59 % - 正在组装残差
Memory: 1027/1058 1039/1074
5808  2.8244e-07  4.0015e-11     14117 1328 14117     2    35      0 23387  1.1e-10        -
5810   2.825e-07  2.9915e-11 out 14125 1330 14125     2    35      0 23401  2.9e-11        -
5815  2.8265e-07  2.9915e-11     14135 1330 14135     2    35      0 23416    3e-11        -
5820   2.828e-07  2.9915e-11     14145 1330 14145     2    35      0 23431  3.3e-11        -
5825  2.8295e-07  2.9915e-11     14155 1330 14155     2    35      0 23446  3.2e-11        -
5827    2.83e-07  2.5639e-11 out 14163 1332 14163     2    35      0 23460  1.5e-11        -
5832  2.8313e-07  2.5639e-11     14173 1332 14173     2    35      0 23475  1.5e-11        -
5837  2.8326e-07  2.5639e-11     14183 1332 14183     2    35      0 23490  1.6e-11        -
5842  2.8338e-07  2.5639e-11     14193 1332 14193     2    35      0 23505  1.6e-11        -
5846  2.8348e-07  1.9249e-11     14205 1333 14205     2    35      0 23525    4e-12        -
5849  2.8358e-07  3.8497e-11     14211 1335 14211     2    35      0 23534  1.3e-10        -
5854  2.8377e-07  3.8497e-11     14221 1335 14221     2    35      0 23549    9e-11        -
5859  2.8396e-07  3.8266e-11     14231 1335 14231     2    35      0 23565  5.6e-11        -
5863  2.8411e-07  3.8266e-11     14239 1335 14239     2    35      0 23581  5.1e-11        -
5868  2.8431e-07  3.8266e-11     14249 1335 14249     2    35      0 23601  4.7e-11        -
5873  2.8448e-07  2.0404e-11     14259 1336 14259     2    35      0 23620  3.4e-12        -
5877  2.8462e-07  4.0807e-11     14267 1337 14267     2    35      0 23632  8.4e-11        -
5882  2.8483e-07  4.0807e-11     14277 1337 14277     2    35      0 23647  6.8e-11        -
5886  2.8497e-07   2.556e-11     14285 1338 14285     2    35      0 23659  5.5e-12        -
5890  2.8515e-07   5.112e-11     14293 1339 14293     2    35      0 23671  1.1e-10        -
5895  2.8541e-07   5.112e-11     14303 1339 14303     2    35      0 23686  3.7e-10        -
5897   2.855e-07  4.5521e-11 out 14311 1341 14311     2    35      0 23700  2.1e-10        -
5902  2.8573e-07  4.5521e-11     14321 1341 14321     2    35      0 23715  8.7e-11        -
5907  2.8595e-07  4.5158e-11     14331 1341 14331     2    35      0 23731  8.1e-11        -
5912  2.8618e-07  4.5158e-11     14341 1341 14341     2    35      0 23751  8.7e-11        -
5917  2.8641e-07  4.5158e-11     14351 1341 14351     2    35      0 23771    1e-10        -
5921  2.8652e-07  2.4212e-11     14359 1342 14359     2    35      0 23784  1.1e-11        -
5925  2.8672e-07  4.8424e-11     14367 1343 14367     2    35      0 23796  3.9e-10        -
5930  2.8696e-07  4.4199e-11     14379 1343 14379     2    35      0 23816    9e-11        -
5933  2.8709e-07  4.4199e-11     14391 1343 14391     2    35      0 23840  9.6e-11        -
5936  2.8722e-07  4.4199e-11     14403 1343 14403     2    35      0 23864    1e-10        -
5939  2.8735e-07  4.4199e-11     14415 1343 14415     2    35      0 23888  1.1e-10        -
5942  2.8747e-07  2.9006e-11     14425 1344 14425     2    35      0 23907  3.2e-11        -
5947  2.8762e-07  2.9006e-11     14435 1344 14435     2    35      0 23922  2.5e-11        -
5953  2.8779e-07  2.9006e-11     14447 1344 14447     2    35      0 23940  2.7e-11        -
5959  2.8796e-07  2.9006e-11     14459 1344 14459     2    35      0 23958    3e-11        -
5962  2.8804e-07  3.5899e-11     14465 1346 14465     2    35      0 23967  9.2e-11        -
5966  2.8818e-07  3.5899e-11     14473 1346 14473     2    35      0 23979  7.9e-11        -
5971  2.8836e-07  3.5899e-11     14483 1346 14483     2    35      0 23994  9.1e-11        -
5975   2.885e-07  3.4608e-11 out 14493 1346 14493     2    35      0 24012  2.9e-11        -
5979  2.8864e-07  3.4608e-11     14505 1346 14505     2    35      0 24036  2.9e-11        -
5983  2.8878e-07  3.4608e-11     14517 1346 14517     2    35      0 24060  2.9e-11        -
5987  2.8892e-07  3.4608e-11     14528 1346 14528     2    35      0 24082  3.7e-10        -
5989  2.8897e-07  2.5047e-11     14536 1347 14536     2    35      0 24097  1.4e-11        -
5993  2.8908e-07  2.5047e-11     14544 1348 14544     2    35      0 24109  1.5e-11        -
5996  2.8915e-07  2.5047e-11     14550 1348 14550     2    35      0 24118    2e-11        -
6001  2.8928e-07  2.5047e-11     14560 1348 14560     2    35      0 24133  1.6e-11        -
------     当前进度:  61 % - 正在组装残差
6006   2.894e-07  2.5047e-11     14570 1348 14570     2    35      0 24148  1.5e-11        -
6011  2.8952e-07  2.4574e-11     14580 1348 14580     2    35      0 24166  4.6e-11        -
6017  2.8967e-07  2.4574e-11     14592 1348 14592     2    35      0 24190  4.6e-11        -
6022  2.8979e-07  2.4574e-11     14602 1348 14602     2    35      0 24210  4.6e-11        -
6027  2.8992e-07  2.4574e-11     14612 1348 14612     2    35      0 24230  4.7e-11        -
6031     2.9e-07  1.6549e-11 out 14620 1349 14620     2    35      0 24244  1.5e-12        -
6035  2.9013e-07  3.3097e-11     14628 1350 14628     2    35      0 24256  5.7e-11        -
6041  2.9033e-07  3.3097e-11     14640 1350 14640     2    35      0 24274  5.8e-11        -
6046  2.9048e-07   1.832e-11     14650 1351 14650     2    35      0 24289  3.2e-12        -
6051  2.9065e-07  3.6639e-11     14660 1352 14660     2    35      0 24304  1.1e-10        -
6056  2.9083e-07  3.6639e-11     14670 1352 14670     2    35      0 24319    1e-10        -
6060  2.9097e-07  3.0166e-11     14682 1353 14682     2    35      0 24339    8e-11        -
6065  2.9112e-07  3.0166e-11     14692 1354 14692     2    35      0 24354  5.6e-11        -
6069  2.9124e-07  3.0166e-11     14700 1354 14700     2    35      0 24366  5.8e-11        -
6075  2.9142e-07  3.0166e-11     14712 1354 14712     2    35      0 24384  6.1e-11        -
6078   2.915e-07  2.3758e-11 out 14722 1356 14722     2    35      0 24401  1.9e-11        -
6081  2.9162e-07  4.7516e-11     14728 1357 14728     2    35      0 24410    6e-10        -
6087   2.919e-07  4.7516e-11     14740 1357 14740     2    35      0 24428  2.8e-10        -
6091  2.9202e-07    2.43e-11     14748 1358 14748     2    35      0 24440    1e-11        -
6096  2.9227e-07  4.8601e-11     14758 1359 14758     2    35      0 24455  2.7e-10        -
6101   2.925e-07  4.3446e-11 out 14772 1359 14772     2    35      0 24480  1.4e-10        -
6104  2.9263e-07  4.3446e-11     14784 1359 14784     2    35      0 24504  1.2e-10        -
6107  2.9276e-07  4.3446e-11     14796 1359 14796     2    35      0 24528  1.2e-10        -
6110  2.9289e-07  4.3446e-11     14808 1359 14808     2    35      0 24552  1.2e-10        -
6112  2.9297e-07  3.2771e-11     14818 1360 14818     2    35      0 24571  3.8e-11        -
6115  2.9312e-07  5.8987e-11     14828 1363 14828     2    35      0 24588    8e-10        -
6120  2.9342e-07  5.8987e-11     14838 1364 14838     2    35      0 24603  1.2e-09        -
6122   2.935e-07  4.0267e-11 out 14846 1366 14846     2    35      0 24617  1.7e-10        -
6128  2.9374e-07  4.0267e-11     14858 1366 14858     2    35      0 24635  1.9e-10        -
6134  2.9397e-07  2.8529e-11     14874 1367 14874     2    35      0 24661    1e-10        -
6137  2.9411e-07  5.1353e-11     14882 1369 14882     2    35      0 24675  3.1e-10        -
6140  2.9426e-07  5.1353e-11     14894 1369 14894     2    35      0 24699  3.3e-10        -
6142  2.9437e-07  5.1353e-11     14902 1371 14902     2    35      0 24713  8.7e-10        -
6145   2.945e-07  4.1735e-11 out 14912 1373 14912     2    35      0 24730  2.9e-10        -
6151  2.9475e-07  4.1735e-11     14924 1373 14924     2    35      0 24748  3.5e-10        -
6155  2.9492e-07  4.1735e-11     14932 1373 14932     2    35      0 24760  3.5e-10        -
6161  2.9517e-07  4.1323e-11     14944 1373 14944     2    35      0 24784    2e-10        -
6167  2.9541e-07  4.1323e-11     14956 1373 14956     2    35      0 24808    2e-10        -
6172  2.9555e-07  2.2726e-11     14966 1374 14966     2    35      0 24824  7.9e-12        -
6178  2.9568e-07  2.2726e-11     14978 1374 14978     2    35      0 24842  9.9e-12        -
6182  2.9586e-07  4.5452e-11     14986 1375 14986     2    35      0 24854  4.6e-10        -
6187  2.9605e-07  4.5485e-11     14996 1377 14996     2    35      0 24869  1.7e-10        -
6193  2.9632e-07  4.5485e-11     15008 1377 15008     2    35      0 24887  2.8e-10        -
6199  2.9659e-07  4.5318e-11     15020 1377 15020     2    35      0 24909  9.7e-11        -
6205  2.9686e-07  4.5318e-11     15032 1377 15032     2    35      0 24933    1e-10        -
------     当前进度:  62 % - 正在组装残差
6209    2.97e-07  2.3412e-11 out 15040 1378 15040     2    35      0 24947    8e-12        -
6215  2.9714e-07  2.3412e-11     15052 1378 15052     2    35      0 24965  7.1e-12        -
6220  2.9726e-07  2.3412e-11     15062 1378 15062     2    35      0 24980  7.8e-12        -
6226   2.974e-07  2.3412e-11     15074 1378 15074     2    35      0 24998    8e-12        -
6230  2.9748e-07  1.5878e-11     15086 1379 15086     2    35      0 25018  2.1e-12        -
6234   2.976e-07  3.1756e-11     15094 1381 15094     2    35      0 25030  5.1e-11        -
6240  2.9779e-07  3.1756e-11     15106 1381 15106     2    35      0 25048  5.2e-11        -
6244  2.9791e-07  3.1756e-11     15114 1381 15114     2    35      0 25060  5.5e-11        -
6247    2.98e-07   2.771e-11 out 15124 1383 15124     2    35      0 25077  2.9e-11        -
6253  2.9817e-07   2.771e-11     15136 1383 15136     2    35      0 25095  3.1e-11        -
6259  2.9833e-07   2.771e-11     15148 1383 15148     2    35      0 25113  3.6e-11        -
6265  2.9849e-07  1.4466e-11     15160 1384 15160     2    35      0 25131  2.2e-12        -
6269  2.9859e-07  2.8932e-11     15168 1385 15168     2    35      0 25143  7.5e-11        -
6275  2.9876e-07  2.8932e-11     15180 1385 15180     2    35      0 25161  4.7e-11        -
6281  2.9893e-07  2.8932e-11     15192 1385 15192     2    35      0 25179  4.8e-11        -
6285  2.9904e-07  3.7084e-11     15200 1387 15200     2    35      0 25191  1.7e-10        -
6291  2.9926e-07  3.7084e-11     15212 1387 15212     2    35      0 25209  9.2e-11        -
6297  2.9947e-07  2.7494e-11     15228 1388 15228     2    35      0 25235  1.7e-11        -
6300  2.9958e-07  5.4988e-11     15234 1390 15234     2    35      0 25244  5.1e-10        -
6306  2.9991e-07  5.4988e-11     15246 1390 15246     2    35      0 25262  4.5e-10        -
6308       3e-07  4.3793e-11 out 15254 1392 15254     2    35      0 25276  2.9e-10        -
6313  3.0022e-07  4.3793e-11     15264 1392 15264     2    35      0 25291  3.7e-10        -
6319  3.0047e-07  3.1034e-11     15280 1393 15280     2    35      0 25317  4.5e-11        -
6323  3.0065e-07  5.5861e-11     15290 1395 15290     2    35      0 25334  3.6e-10        -
6326  3.0082e-07  5.5861e-11     15302 1395 15302     2    35      0 25358  3.8e-10        -
6329  3.0096e-07  3.5867e-11     15312 1396 15312     2    35      0 25377  1.3e-10        -
6335  3.0118e-07  3.5867e-11     15324 1396 15324     2    35      0 25395  2.7e-10        -
6341  3.0139e-07  3.5867e-11     15336 1396 15336     2    35      0 25413  3.1e-10        -
6347   3.016e-07  3.4795e-11     15348 1396 15348     2    35      0 25436  3.2e-10        -
6353  3.0181e-07  3.4795e-11     15360 1396 15360     2    35      0 25460  3.4e-10        -
6358  3.0198e-07  2.3832e-11     15370 1397 15370     2    35      0 25479  2.6e-11        -
6364  3.0212e-07  2.3832e-11     15382 1397 15382     2    35      0 25497  2.3e-11        -
6370  3.0226e-07  2.3832e-11     15394 1397 15394     2    35      0 25515  2.2e-11        -
6376  3.0241e-07  2.3832e-11     15406 1397 15406     2    35      0 25533  1.8e-11        -
6382  3.0255e-07  2.3598e-11     15418 1397 15418     2    35      0 25555  2.5e-11        -
6388  3.0269e-07  2.3598e-11     15430 1397 15430     2    35      0 25579  2.5e-11        -
6394  3.0283e-07  2.3598e-11     15442 1397 15442     2    35      0 25603  2.5e-11        -
6400  3.0297e-07  2.3598e-11     15454 1397 15454     2    35      0 25627  2.4e-11        -
6403  3.0303e-07  2.8041e-11     15460 1399 15460     2    35      0 25636  2.6e-11        -
6409   3.032e-07  2.8041e-11     15472 1399 15472     2    35      0 25654  3.5e-11        -
6414  3.0334e-07  2.8041e-11     15482 1399 15482     2    35      0 25669  1.4e-11        -
6419  3.0347e-07  2.5671e-11     15493 1399 15493     2    35      0 25687  8.5e-11        -
6423  3.0358e-07  2.5671e-11     15505 1399 15505     2    35      0 25711  8.5e-11        -
6426  3.0365e-07  2.5671e-11     15514 1399 15514     2    35      0 25729  8.4e-11        -
6429  3.0373e-07  2.5671e-11     15523 1399 15523     2    35      0 25747  8.1e-11        -
------     当前进度:  63 % - 正在组装残差
6432  3.0381e-07  2.5671e-11     15532 1399 15532     2    35      0 25765  8.3e-11        -
6435  3.0389e-07  2.5671e-11     15541 1399 15541     2    35      0 25783  8.2e-11        -
6439  3.0398e-07  1.8962e-11     15556 1400 15556     2    35      0 25812  5.4e-12        -
6442  3.0408e-07  3.7924e-11     15562 1402 15562     2    35      0 25821  1.6e-10        -
6447  3.0427e-07  3.7924e-11     15572 1402 15572     2    35      0 25836  1.6e-10        -
6452  3.0446e-07  3.7924e-11     15582 1402 15582     2    35      0 25851  1.4e-10        -
6456  3.0454e-07  2.2455e-11     15590 1403 15590     2    35      0 25863  1.1e-11        -
6462  3.0468e-07  2.2455e-11     15602 1403 15602     2    35      0 25881  6.3e-12        -
6468  3.0481e-07  2.2455e-11     15614 1403 15614     2    35      0 25899  9.5e-12        -
6473  3.0493e-07  2.2455e-11     15624 1403 15624     2    35      0 25914  8.4e-12        -
6477    3.05e-07  1.4221e-11 out 15632 1404 15632     2    35      0 25926  7.9e-13        -
6480  3.0509e-07  2.8442e-11     15638 1405 15638     2    35      0 25935  2.5e-11        -
6486  3.0526e-07  2.8442e-11     15650 1405 15650     2    35      0 25953  2.8e-11        -
6491   3.054e-07  2.8442e-11     15660 1405 15660     2    35      0 25968  3.9e-11        -
6494  3.0548e-07  2.2467e-11     15670 1406 15670     2    35      0 25985  1.1e-11        -
6497  3.0559e-07  4.4934e-11     15676 1408 15676     2    35      0 25994  3.5e-10        -
6503  3.0586e-07  4.4934e-11     15688 1408 15688     2    35      0 26012  5.8e-10        -
6507    3.06e-07  2.5328e-11 out 15696 1409 15696     2    35      0 26024  3.6e-11        -
6512  3.0625e-07  5.0655e-11     15706 1410 15706     2    35      0 26039  8.1e-08        -
6517   3.065e-07  4.7379e-11 out 15718 1410 15718     2    35      0 26060    5e-10        -
6521  3.0669e-07  4.7379e-11     15730 1410 15730     2    35      0 26084  4.7e-10        -
6525  3.0688e-07  4.7379e-11     15742 1410 15742     2    35      0 26108  4.3e-10        -
6527  3.0696e-07  3.6795e-11     15751 1411 15751     2    35      0 26125  2.1e-10        -
6531  3.0711e-07  3.6795e-11     15759 1412 15759     2    35      0 26137  2.1e-10        -
6537  3.0733e-07  3.6795e-11     15771 1412 15771     2    35      0 26155  2.5e-10        -
6541  3.0747e-07   2.923e-11     15783 1413 15783     2    35      0 26175  7.6e-11        -
6544  3.0759e-07   5.846e-11     15789 1415 15789     2    35      0 26184  1.7e-09        -
6549  3.0788e-07   5.846e-11     15799 1415 15799     2    35      0 26199  2.3e-09        -
6553  3.0803e-07  3.0776e-11     15807 1416 15807     2    35      0 26211  1.1e-10        -
6556   3.082e-07  5.5396e-11     15817 1417 15817     2    35      0 26230  5.2e-10        -
6559  3.0837e-07  5.5396e-11     15829 1417 15829     2    35      0 26254  5.6e-10        -
6562   3.085e-07  3.7648e-11 out 15837 1418 15837     2    35      0 26268  2.9e-10        -
6568  3.0873e-07  3.7648e-11     15849 1418 15849     2    35      0 26286  3.7e-10        -
6574  3.0895e-07  3.7648e-11     15861 1418 15861     2    35      0 26304  3.6e-10        -
6577  3.0905e-07  4.8219e-11     15867 1420 15867     2    35      0 26313  1.3e-09        -
6583  3.0934e-07  4.8219e-11     15879 1420 15879     2    35      0 26331    1e-09        -
6586  3.0947e-07  3.3014e-11     15889 1421 15889     2    35      0 26348  1.3e-10        -
6590   3.096e-07  3.3014e-11     15897 1422 15897     2    35      0 26360  1.1e-10        -
6595  3.0976e-07  3.3014e-11     15907 1422 15907     2    35      0 26375  1.2e-10        -
6600  3.0993e-07  3.3014e-11     15917 1422 15917     2    35      0 26390  6.8e-11        -
6604  3.1004e-07  3.7798e-11     15925 1424 15925     2    35      0 26402  9.5e-11        -
6609  3.1023e-07  3.7798e-11     15935 1424 15935     2    35      0 26417  5.1e-11        -
6614  3.1042e-07  3.7798e-11     15945 1424 15945     2    35      0 26432  9.4e-11        -
6618  3.1052e-07  2.3209e-11     15953 1425 15953     2    35      0 26444  1.1e-11        -
6622  3.1071e-07  4.6418e-11     15961 1426 15961     2    35      0 26456  2.1e-10        -
------     当前进度:  65 % - 正在组装残差
6627  3.1094e-07  4.6418e-11     15971 1426 15971     2    35      0 26471  4.6e-10        -
6631  3.1106e-07  2.9513e-11     15979 1427 15979     2    35      0 26483  5.2e-11        -
6636  3.1121e-07  2.9513e-11     15989 1427 15989     2    35      0 26498  7.1e-11        -
6641  3.1135e-07  2.9513e-11     15999 1427 15999     2    35      0 26513  4.8e-11        -
6646   3.115e-07  2.8656e-11 out 16009 1427 16009     2    35      0 26530  1.6e-10        -
6651  3.1164e-07  2.8656e-11     16019 1427 16019     2    35      0 26550  1.7e-10        -
6656  3.1179e-07  2.8656e-11     16029 1427 16029     2    35      0 26570  1.7e-10        -
6659  3.1187e-07  2.8656e-11     16035 1427 16035     2    35      0 26582  1.8e-10        -
6663  3.1198e-07  2.0754e-11     16047 1428 16047     2    35      0 26605  4.3e-12        -
6666  3.1208e-07  4.1508e-11     16053 1430 16053     2    35      0 26614    2e-10        -
6671  3.1229e-07  4.1508e-11     16063 1430 16063     2    35      0 26629  1.8e-10        -
6676  3.1248e-07  2.1705e-11     16073 1431 16073     2    35      0 26644  6.2e-12        -
6681  3.1259e-07  2.1705e-11     16083 1431 16083     2    35      0 26659  7.9e-12        -
6685  3.1276e-07   4.341e-11     16091 1432 16091     2    35      0 26671  3.1e-10        -
6690  3.1297e-07  3.2948e-11     16105 1433 16105     2    35      0 26694  6.5e-11        -
6693  3.1307e-07  3.2948e-11     16111 1434 16111     2    35      0 26703  7.5e-11        -
6699  3.1326e-07  3.2948e-11     16123 1434 16123     2    35      0 26721    1e-10        -
6705  3.1346e-07  3.2948e-11     16135 1434 16135     2    35      0 26739  5.7e-10        -
6708  3.1354e-07  3.8722e-11     16141 1436 16141     2    35      0 26748  1.3e-09        -
6713  3.1373e-07  3.8722e-11     16151 1436 16151     2    35      0 26763  4.9e-10        -
6719  3.1396e-07  3.7031e-11     16163 1436 16163     2    35      0 26782  1.1e-09        -
6724  3.1415e-07  3.7031e-11     16173 1436 16173     2    35      0 26802  1.1e-09        -
6730  3.1437e-07  3.7031e-11     16185 1436 16185     2    35      0 26826    1e-09        -
6733  3.1447e-07  2.7816e-11     16195 1437 16195     2    35      0 26845  7.5e-11        -
6736  3.1458e-07  5.5632e-11     16201 1439 16201     2    35      0 26854  4.6e-09        -
6741  3.1486e-07  5.5632e-11     16211 1439 16211     2    35      0 26869  2.4e-09        -
6744    3.15e-07   4.138e-11 out 16221 1441 16221     2    35      0 26886  6.9e-10        -
6749  3.1521e-07   4.138e-11     16231 1441 16231     2    35      0 26901  5.9e-10        -
6755  3.1546e-07   4.138e-11     16243 1441 16243     2    35      0 26919  8.3e-10        -
6758  3.1554e-07  4.4824e-11     16249 1443 16249     2    35      0 26928  7.6e-10        -
6763  3.1577e-07  4.4824e-11     16259 1443 16259     2    35      0 26943  8.9e-10        -
6768  3.1597e-07  2.5878e-11     16269 1444 16269     2    35      0 26958  2.2e-11        -
6772  3.1616e-07  5.1757e-11     16277 1445 16277     2    35      0 26970  9.3e-09        -
6778  3.1646e-07  4.2973e-11     16293 1446 16293     2    35      0 26996  3.4e-09        -
6783  3.1667e-07  4.2973e-11     16303 1447 16303     2    35      0 27011  1.4e-09        -
6789  3.1693e-07  4.2973e-11     16315 1447 16315     2    35      0 27029  8.7e-10        -
6791    3.17e-07  3.5137e-11 out 16323 1449 16323     2    35      0 27043    3e-10        -
6796  3.1718e-07  3.5137e-11     16333 1449 16333     2    35      0 27058  1.5e-10        -
6801  3.1735e-07  3.5137e-11     16343 1449 16343     2    35      0 27073  6.4e-11        -
6806   3.175e-07   2.161e-11 out 16353 1450 16353     2    35      0 27088  3.7e-12        -
6811  3.1772e-07  4.3219e-11     16363 1451 16363     2    35      0 27103  1.1e-10        -
6817  3.1797e-07  3.3903e-11     16379 1452 16379     2    35      0 27129    7e-11        -
6821   3.181e-07  3.3903e-11     16387 1453 16387     2    35      0 27141  1.5e-10        -
6827  3.1831e-07  3.3903e-11     16399 1453 16399     2    35      0 27159  1.6e-10        -
------     当前进度:  66 % - 
6832  3.1847e-07  2.9631e-11     16413 1454 16413     2    35      0 27182  1.6e-10        -
6837  3.1862e-07  2.9631e-11     16423 1455 16423     2    35      0 27197  1.7e-10        -
6841  3.1874e-07  2.9631e-11     16431 1455 16431     2    35      0 27209  7.1e-11        -
6847  3.1891e-07  2.9631e-11     16443 1455 16443     2    35      0 27227  6.9e-11        -
6851  3.1903e-07  2.7764e-11     16454 1455 16454     2    35      0 27248  5.3e-11        -
6855  3.1914e-07  2.7764e-11     16466 1455 16466     2    35      0 27272  5.1e-11        -
6859  3.1925e-07  2.7764e-11     16478 1455 16478     2    35      0 27296  5.6e-11        -
6863  3.1936e-07  2.7764e-11     16490 1455 16490     2    35      0 27320  6.3e-11        -
6867  3.1947e-07  2.7764e-11     16502 1455 16502     2    35      0 27344  7.3e-11        -
6871  3.1956e-07  2.8008e-11     16510 1457 16510     2    35      0 27356    5e-11        -
6877  3.1972e-07  2.8008e-11     16522 1457 16522     2    35      0 27374  1.6e-11        -
6883  3.1989e-07  2.8008e-11     16534 1457 16534     2    35      0 27392    5e-12        -
6888  3.2003e-07  2.5934e-11     16547 1457 16547     2    35      0 27416    9e-11        -
6892  3.2013e-07  2.5934e-11     16559 1457 16559     2    35      0 27440  9.4e-11        -
6896  3.2023e-07  2.5934e-11     16571 1457 16571     2    35      0 27464  9.7e-11        -
6900  3.2034e-07  2.5934e-11     16583 1457 16583     2    35      0 27488    1e-10        -
6904  3.2044e-07  2.5934e-11     16595 1457 16595     2    35      0 27512    1e-10        -
6907  3.2053e-07  3.3184e-11     16606 1457 16606     2    35      0 27534  9.3e-11        -
6910  3.2063e-07  3.3184e-11     16618 1457 16618     2    35      0 27558  9.9e-11        -
6913  3.2073e-07  3.3184e-11     16630 1457 16630     2    35      0 27582    1e-10        -
6916  3.2083e-07  3.3184e-11     16642 1457 16642     2    35      0 27606  1.1e-10        -
6919  3.2093e-07  3.3184e-11     16654 1457 16654     2    35      0 27630  1.2e-10        -
6923  3.2104e-07  3.5417e-11     16664 1459 16664     2    35      0 27647  3.2e-10        -
6929  3.2125e-07  3.5417e-11     16676 1459 16676     2    35      0 27665  1.3e-09        -
6935  3.2146e-07  3.5417e-11     16688 1459 16688     2    35      0 27683  5.7e-10        -
6939  3.2158e-07  3.9579e-11     16696 1461 16696     2    35      0 27695  1.5e-09        -
6945  3.2182e-07  3.9579e-11     16708 1461 16708     2    35      0 27713  1.7e-09        -
6949  3.2197e-07  3.2316e-11     16720 1462 16720     2    35      0 27733  4.7e-10        -
6954  3.2213e-07  3.2316e-11     16730 1463 16730     2    35      0 27748  1.8e-09        -
6960  3.2232e-07  3.2316e-11     16742 1463 16742     2    35      0 27766  3.4e-10        -
6965  3.2248e-07  2.3789e-11     16756 1464 16756     2    35      0 27789  4.5e-10        -
6969  3.2262e-07  4.7578e-11     16764 1466 16764     2    35      0 27801  1.3e-08        -
6975   3.229e-07  4.7578e-11     16776 1466 16776     2    35      0 27819  1.1e-08        -
6980  3.2307e-07  4.8005e-11     16786 1468 16786     2    35      0 27834  2.4e-08        -
6985  3.2331e-07  4.8005e-11     16796 1468 16796     2    35      0 27849  6.6e-09        -
6989   3.235e-07  4.5981e-11 out 16806 1468 16806     2    35      0 27867  7.4e-10        -
6993  3.2368e-07  4.5981e-11     16818 1468 16818     2    35      0 27891  5.3e-10        -
6997  3.2387e-07  4.5981e-11     16830 1468 16830     2    35      0 27915  4.6e-10        -
7000    3.24e-07  4.3087e-11 out 16841 1468 16841     2    35      0 27937    7e-10        -
7003  3.2413e-07  4.3087e-11     16853 1468 16853     2    35      0 27961  6.4e-10        -
7005  3.2422e-07  4.3087e-11     16861 1468 16861     2    35      0 27977  5.9e-10        -
7007   3.243e-07  4.3087e-11     16869 1470 16869     2    35      0 27991  7.1e-12        -
7011  3.2447e-07  3.4566e-11     16881 1471 16881     2    35      0 28011  9.7e-13        -
7015   3.246e-07  3.4566e-11     16889 1472 16889     2    35      0 28023  9.2e-13        -
7021  3.2481e-07  3.4566e-11     16901 1472 16901     2    35      0 28041  7.5e-13        -
7026  3.2497e-07  2.5324e-11     16915 1473 16915     2    35      0 28064  4.5e-14        -
------     当前进度:  67 % - 求解线性方程组
7030  3.2533e-07  1.7403e-10     16919 1477 16919     2    35      0 28064        0        -
7036   3.275e-07       5e-10 out 16925 1478 16925     2    35      0 28064        0        -
7046   3.325e-07       5e-10 out 16935 1478 16935     2    35      0 28064        0        -
7056   3.375e-07       5e-10 out 16945 1478 16945     2    35      0 28064        0        -
7065    3.42e-07       5e-10 out 16954 1478 16954     2    35      0 28064        0        -
7074   3.465e-07       5e-10 out 16963 1478 16963     2    35      0 28064        0        -
7083    3.51e-07       5e-10 out 16972 1478 16972     2    35      0 28064        0        -
7092   3.555e-07       5e-10 out 16981 1478 16981     2    35      0 28064        0        -
7101     3.6e-07       5e-10 out 16990 1478 16990     2    35      0 28064        0        -
7111    3.65e-07       5e-10 out 17000 1478 17000     2    35      0 28064        0        -
7121     3.7e-07       5e-10 out 17010 1478 17010     2    35      0 28064        0        -
7131    3.75e-07       5e-10 out 17020 1478 17020     2    35      0 28064        0        -
7141     3.8e-07       5e-10 out 17030 1478 17030     2    35      0 28064        0        -
7150   3.845e-07       5e-10 out 17039 1478 17039     2    35      0 28064        0        -
7160   3.895e-07       5e-10 out 17049 1478 17049     2    35      0 28064        0        -
7170   3.945e-07       5e-10 out 17059 1478 17059     2    35      0 28064        0        -
7178   3.985e-07       5e-10 out 17067 1478 17067     2    35      0 28064        0        -
7187    4.03e-07       5e-10 out 17076 1478 17076     2    35      0 28064        0        -
7197    4.08e-07       5e-10 out 17086 1478 17086     2    35      0 28064        0        -
7204   4.115e-07       5e-10 out 17093 1478 17093     2    35      0 28064        0        -
7212   4.155e-07       5e-10 out 17101 1478 17101     2    35      0 28064        0        -
7221     4.2e-07       5e-10 out 17110 1478 17110     2    35      0 28064        0        -
7230   4.245e-07       5e-10 out 17119 1478 17119     2    35      0 28064        0        -
7239    4.29e-07       5e-10 out 17128 1478 17128     2    35      0 28064        0        -
7247    4.33e-07       5e-10 out 17136 1478 17136     2    35      0 28064        0        -
7257    4.38e-07       5e-10 out 17146 1478 17146     2    35      0 28064        0        -
7267    4.43e-07       5e-10 out 17156 1478 17156     2    35      0 28064        0        -
7276   4.475e-07       5e-10 out 17165 1478 17165     2    35      0 28064        0        -
7286   4.525e-07       5e-10 out 17175 1478 17175     2    35      0 28064        0        -
7294   4.565e-07       5e-10 out 17183 1478 17183     2    35      0 28064        0        -
7303    4.61e-07       5e-10 out 17192 1478 17192     2    35      0 28064        0        -
7313    4.66e-07       5e-10 out 17202 1478 17202     2    35      0 28064        0        -
7323    4.71e-07       5e-10 out 17212 1478 17212     2    35      0 28064        0        -
7333    4.76e-07       5e-10 out 17222 1478 17222     2    35      0 28064        0        -
7342   4.805e-07       5e-10 out 17231 1478 17231     2    35      0 28064        0        -
7352   4.855e-07       5e-10 out 17241 1478 17241     2    35      0 28064        0        -
7362   4.905e-07       5e-10 out 17251 1478 17251     2    35      0 28064        0        -
7372   4.955e-07       5e-10 out 17261 1478 17261     2    35      0 28064        0        -
7381       5e-07       5e-10 out 17270 1478 17270     2    35      0 28064        0        -
---------- 当前进度: 100 % - 
求解时间：11 s。
物理内存: 1.03 GB
虚拟内存: 1.04 GB
结束时间：2026年9月4日 00:21:15。
----- Study 2 - Single_Muon_Diagnostic/解 2 (sol2) 中的“瞬态求解器 1” ----------------->
CHECKPOINT_SINGLE_MUON_SOLVED=E:\imp\imp\project\muon-ion_beam\stage1_3d_feasibility\comsol\stage1_3d_feasibility.mph
BUILD_STAGE1_3D_PHASE=RESULTS

/***************/
/*****错误********/
/***************/
运行 Java 类时出错。
属性值无效。
 - 属性: quickplane (平面)
“平面”为字符串。
"xy", "yz", "zx"
属性值无效。
 - 类: BuildStage1_3D
总时间: 30 s.
