*******************************************
***COMSOL 6.4.0.293 progress output file***
*******************************************
Fri Sep 04 00:24:33 CST 2026
COMSOL Multiphysics 6.4 (开发版本: 293) 在批处理模式下启动
正在运行: E:\imp\imp\project\muon-ion_beam\stage1_3d_feasibility\scripts\BuildStage1_3D.class
BUILD_STAGE1_3D_ROOT=E:\imp\imp\project\muon-ion_beam\stage1_3d_feasibility
BUILD_STAGE1_3D_STOPPING_FILE=E:\imp\imp\project\muon-ion_beam\muon\ne\comsol_muNe_SN.txt
BUILD_STAGE1_3D_PHASE=CREATE_MODEL
---------- 当前进度: 100 % - 正在更新选择
Memory: 389/389 398/398
           当前进度:   0 % - Grounded outer shell / bore boundary
Memory: 400/400 408/408
           当前进度:   4 % - Uniform Ne gas volume before electrode subtraction
Memory: 410/410 413/414
           当前进度:   8 % - Gas cutter reserved for dielectric liner
-          当前进度:  12 % - Representative alumina dielectric liner
-          当前进度:  12 % - 执行布尔操作
Memory: 413/413 415/415
-----      当前进度:  52 % - V1 electrode outer blank
Memory: 414/414 415/415
-----      当前进度:  56 % - V1 aperture cutter
------     当前进度:  60 % - V1 finite-thickness annular electrode
------     当前进度:  60 % - 执行布尔操作
           当前进度:   0 % - V1 electrode, 1 mm rounded edges
Memory: 416/416 417/417
GEOMETRY_ELECTRODE_ROUNDED=V1
           当前进度:   0 % - V2 electrode outer blank
Memory: 417/417 417/417
           当前进度:   8 % - V2 aperture cutter
-          当前进度:  17 % - V2 finite-thickness annular electrode
Memory: 418/418 418/418
-          当前进度:  17 % - 执行布尔操作
           当前进度:   0 % - V2 electrode, 1 mm rounded edges
GEOMETRY_ELECTRODE_ROUNDED=V2
           当前进度:   0 % - V3 electrode outer blank
           当前进度:   8 % - V3 aperture cutter
-          当前进度:  17 % - V3 finite-thickness annular electrode
Memory: 419/419 419/419
-          当前进度:  17 % - 执行布尔操作
           当前进度:   0 % - V3 electrode, 1 mm rounded edges
GEOMETRY_ELECTRODE_ROUNDED=V3
           当前进度:   0 % - V4 electrode outer blank
Memory: 420/420 420/420
           当前进度:   8 % - V4 aperture cutter
Memory: 421/421 421/421
-          当前进度:  17 % - V4 finite-thickness annular electrode
-          当前进度:  17 % - 执行布尔操作
           当前进度:   0 % - V4 electrode, 1 mm rounded edges
Memory: 422/422 421/421
GEOMETRY_ELECTRODE_ROUNDED=V4
           当前进度:   0 % - Ne gas domain excluding four electrode solids
Memory: 422/422 422/422
           当前进度:   0 % - 执行布尔操作
-----      当前进度:  50 % - 形成联合体
-----      当前进度:  50 % - 执行布尔操作
Memory: 423/423 422/422
---------- 当前进度: 100 % - 正在更新选择
GEOMETRY_SELECTION_TAGS=[geom1_outer0_pnt, geom1_outer0_edg, geom1_outer0_bnd, geom1_outer0_dom, geom1_gas0_pnt, geom1_gas0_edg, geom1_gas0_bnd, geom1_gas0_dom, geom1_diel0_pnt, geom1_diel0_edg, geom1_diel0_bnd, geom1_diel0_dom, geom1_v1_ring_pnt, geom1_v1_ring_edg, geom1_v1_ring_bnd, geom1_v1_ring_dom, geom1_v1_rounded_pnt, geom1_v1_rounded_edg, geom1_v1_rounded_bnd, geom1_v1_rounded_dom, geom1_v2_ring_pnt, geom1_v2_ring_edg, geom1_v2_ring_bnd, geom1_v2_ring_dom, geom1_v2_rounded_pnt, geom1_v2_rounded_edg, geom1_v2_rounded_bnd, geom1_v2_rounded_dom, geom1_v3_ring_pnt, geom1_v3_ring_edg, geom1_v3_ring_bnd, geom1_v3_ring_dom, geom1_v3_rounded_pnt, geom1_v3_rounded_edg, geom1_v3_rounded_bnd, geom1_v3_rounded_dom, geom1_v4_ring_pnt, geom1_v4_ring_edg, geom1_v4_ring_bnd, geom1_v4_ring_dom, geom1_v4_rounded_pnt, geom1_v4_rounded_edg, geom1_v4_rounded_bnd, geom1_v4_rounded_dom, geom1_gaswork_pnt, geom1_gaswork_edg, geom1_gaswork_bnd, geom1_gaswork_dom]
GEOMETRY_DOMAINS_GAS=[2]
GEOMETRY_DOMAINS_DIELECTRIC=[1]
GEOMETRY_BND_V1=[9, 10, 11, 12, 25, 26, 35, 39, 43, 47]
GEOMETRY_BND_OUTER=[1, 2, 3, 4, 33, 52]
           当前进度:   0 % - 点 1
Memory: 502/504 503/505
---------- 当前进度: 100 % - 正在更新选择
Memory: 502/504 502/505
BUILD_STAGE1_3D_PHASE=MESH
           当前进度:   0 % - 自由四面体网格
Memory: 515/515 515/515
顶点单元数：80
-          当前进度:  15 % - 调整边界网格
Memory: 529/529 525/525
--         当前进度:  22 % - 正在创建边界网格
Memory: 531/533 525/529
边单元数：1448
边界单元数：20562
---        当前进度:  38 % - 正在创建初始四面体网格
Memory: 540/540 546/546
----       当前进度:  45 % - 相关边界
Memory: 550/550 545/546
-----      当前进度:  57 % - 正在创建初始四面体网格
Memory: 546/550 547/553
------     当前进度:  66 % - 相关边界
Memory: 546/552 543/553
--------   当前进度:  82 % - 正在提高单元质量
Memory: 556/556 558/558
单元数：82371
最小单元质量：0.1802
---------- 当前进度: 100 % - 正在定型网格
Memory: 555/558 555/560
CHECKPOINT_CADLIKE_GEOMETRY_AND_MODEL_SAVED=E:\imp\imp\project\muon-ion_beam\stage1_3d_feasibility\comsol\stage1_3d_feasibility.mph
BUILD_STAGE1_3D_PHASE=SOLVE_ELECTROSTATICS
           当前进度:   2 % - 生成方程
Memory: 585/587 618/618
           当前进度:   3 % - 生成方程
Memory: 634/637 629/632
<---- Study 1 - 3D Electrostatics stationary/解 1 (sol1) 中的“编译方程: 稳态” -----------
开始于 2026年9月4日 00:24:44。
几何形函数: 二次拉格朗日单元
几何形函数: 二次拉格朗日单元
在 Intel64 Family 6 Model 186 Stepping 2, GenuineIntel 上运行。
在以下位置使用 1 个插槽： 陈红星 上（共 1 个内核）。
可用内存：15.90 GB。
           当前进度:   3 % - 编译方程: 稳态
Memory: 776/778 821/823
           当前进度:   6 % - 编译方程: 稳态
Memory: 807/807 867/867
           当前进度:   7 % - 编译方程: 稳态
Memory: 835/853 887/907
时间：2。
物理内存: 888 MB
虚拟内存: 907 MB
Warning: 自由空间采用真空条件，这会导致某些材料属性被忽略。请考虑为忽略的材料添加合适的物理场特征。

  - 节点: 自由空间 1

  - 物理场: Electrostatics: four finite-thickness rounded ring electrodes (es)

  - Materials: Natural Neon gas, representative relative permittivity (mat_gas), Representative alumina ceramic; epsilon_r=9.4 assumption (mat_diel)

  - Quantities: 相对介电常数, 相对介电常数
结束时间：2026年9月4日 00:24:45。
----- Study 1 - 3D Electrostatics stationary/解 1 (sol1) 中的“编译方程: 稳态” ---------->
<---- Study 1 - 3D Electrostatics stationary/解 1 (sol1) 中的“因变量 1” --------------
开始于 2026年9月4日 00:24:45。
           当前进度:   7 % - 因变量 1
Memory: 900/901 907/907
求解时间：0 s。
物理内存: 901 MB
虚拟内存: 907 MB
结束时间：2026年9月4日 00:24:46。
----- Study 1 - 3D Electrostatics stationary/解 1 (sol1) 中的“因变量 1” ------------->
<---- Study 1 - 3D Electrostatics stationary/解 1 (sol1) 中的“稳态求解器 1” ------------
开始于 2026年9月4日 00:24:46。
线性求解器 
求解的自由度数：122163。
--         当前进度:  24 % - 组装稀疏模式
Memory: 925/930 925/931
---        当前进度:  35 % - 组装矩阵
Memory: 941/941 944/944
找到对称矩阵。
缩放因变量：
电势 (comp1.V): 1
已使用正交零空间函数。
---        当前进度:  38 % - 组装延展
Memory: 983/989 985/993
-----      当前进度:  56 % - 组装稀疏模式
Memory: 984/999 986/1005
Iter      SolEst     Damping    Stepsize #Res #Jac #Sol LinIt   LinErr   LinRes
-------    当前进度:  74 % - 求解线性方程组
Memory: 985/999 1006/1006
   1        0.76   1.0000000        0.76    1    1    1     4  2.8e-05  5.4e-08
---------- 当前进度: 100 % - 
Memory: 944/999 960/1006
求解时间：3 s。
物理内存: 999 MB
虚拟内存: 1006 MB
结束时间：2026年9月4日 00:24:49。
----- Study 1 - 3D Electrostatics stationary/解 1 (sol1) 中的“稳态求解器 1” ----------->
CHECKPOINT_3D_ELECTROSTATICS_SOLVED=E:\imp\imp\project\muon-ion_beam\stage1_3d_feasibility\comsol\stage1_3d_feasibility.mph
BUILD_STAGE1_3D_PHASE=SOLVE_SINGLE_MUON
           当前进度:   2 % - 生成方程
Memory: 946/999 960/1006
           当前进度:   3 % - 生成方程
Memory: 957/999 970/1006
<---- Study 2 - Single_Muon_Diagnostic/解 2 (sol2) 中的“编译方程: 瞬态” -----------------
开始于 2026年9月4日 00:24:50。
几何形函数: 二次拉格朗日单元
几何形函数: 二次拉格朗日单元
在 Intel64 Family 6 Model 186 Stepping 2, GenuineIntel 上运行。
在以下位置使用 1 个插槽： 陈红星 上（共 1 个内核）。
可用内存：15.90 GB。
           当前进度:   4 % - 编译方程: 瞬态
Memory: 1029/1036 1040/1050
           当前进度:   5 % - 编译方程: 瞬态
Memory: 1050/1066 1070/1078
时间：1。
物理内存: 1.07 GB
虚拟内存: 1.08 GB
Warning: 自由空间采用真空条件，这会导致某些材料属性被忽略。请考虑为忽略的材料添加合适的物理场特征。

  - 节点: 自由空间 1

  - 物理场: Electrostatics: four finite-thickness rounded ring electrodes (es)

  - Materials: Natural Neon gas, representative relative permittivity (mat_gas), Representative alumina ceramic; epsilon_r=9.4 assumption (mat_diel)

  - Quantities: 相对介电常数, 相对介电常数
结束时间：2026年9月4日 00:24:51。
----- Study 2 - Single_Muon_Diagnostic/解 2 (sol2) 中的“编译方程: 瞬态” ---------------->
<---- Study 2 - Single_Muon_Diagnostic/解 2 (sol2) 中的“因变量 1” --------------------
开始于 2026年9月4日 00:24:51。
不求解变量的值: 解 1 (sol1).
           当前进度:   5 % - 因变量 1
Memory: 1054/1066 1065/1078
求解时间：0 s。
物理内存: 1.05 GB
虚拟内存: 1.08 GB
结束时间：2026年9月4日 00:24:51。
----- Study 2 - Single_Muon_Diagnostic/解 2 (sol2) 中的“因变量 1” ------------------->
<---- Study 2 - Single_Muon_Diagnostic/解 2 (sol2) 中的“瞬态求解器 1” ------------------
开始于 2026年9月4日 00:24:51。
瞬态求解器（广义 α）
求解的自由度数：3（加上 4 个内部自由度）。
找到非对称矩阵。
缩放因变量：
颗粒位置 (comp1.qcpt): 1
Step        Time    Stepsize      Res  Jac  Sol Order Tfail NLfail LinIt   LinErr   LinRes
   0           0           - out    2    3    2                  0     0        0        0
   1    1.25e-10    1.25e-10        8    6    8     2     2      0    12  2.6e-09        -
   2   2.316e-10   1.066e-10       14    7   14     2     2      0    23  1.2e-09        -
   4  4.1377e-10  8.6229e-11       22    9   22     2     2      0    37  5.5e-10        -
   7  6.6384e-10  7.7606e-11       32   11   32     2     2      0    54  4.6e-10        -
   9  8.1129e-10  6.9846e-11       40   13   40     2     2      0    68  3.3e-10        -
  11  9.4057e-10  5.9433e-11       48   15   48     2     2      0    82    3e-10        -
  15  1.1783e-09  5.9433e-11       56   16   56     2     2      0    94    4e-10        -
  20   1.458e-09  4.1985e-11       70   17   70     2     2      0   117  6.9e-11        -
  23   1.584e-09  4.1985e-11       76   18   76     2     2      0   126  6.9e-11        -
  28  1.7939e-09  4.1985e-11       86   18   86     2     2      0   141  5.1e-11        -
  33       2e-09  4.0077e-11 out   98   18   98     2     2      0   162  1.8e-11        -
  36  2.1202e-09  4.0077e-11      107   18  107     2     2      0   180  1.7e-11        -
  40  2.2805e-09  4.0077e-11      119   18  119     2     2      0   204  1.7e-11        -
  43  2.4008e-09  4.0077e-11      128   18  128     2     2      0   222  1.6e-11        -
  45  2.4704e-09  2.9576e-11      137   19  137     2     2      0   239    5e-12        -
  48  2.6183e-09  5.9151e-11      143   21  143     2     2      0   248  2.1e-10        -
  53  2.9141e-09  5.9151e-11      153   21  153     2     2      0   263    2e-10        -
  55       3e-09  4.2971e-11 out  161   23  161     2     2      0   277    4e-11        -
  60  3.2149e-09  4.2971e-11      171   23  171     2     2      0   292  3.6e-11        -
  65  3.4297e-09  4.2971e-11      181   23  181     2     2      0   307  3.2e-11        -
  67     3.5e-09  3.5144e-11 out  189   25  189     2     2      0   321  1.1e-11        -
  71  3.7812e-09  7.0288e-11      197   26  197     2     2      0   333  2.8e-10        -
           当前进度:   7 % - 正在组装残差
Memory: 1054/1066 1061/1078
  75       4e-09  3.9137e-11 out  205   27  205     2     2      0   345    8e-12        -
  78  4.1879e-09  7.0446e-11      215   29  215     2     2      0   362  1.6e-10        -
  82  4.4496e-09  5.0403e-11      227   31  227     2     2      0   382  1.8e-11        -
  86  4.6512e-09  5.0403e-11      235   32  235     2     2      0   394  1.6e-11        -
  91  4.9032e-09  5.0403e-11      245   32  245     2     2      0   409  1.8e-11        -
  95  5.0968e-09  4.8386e-11      257   32  257     2     2      0   433  7.4e-12        -
  99  5.2903e-09  4.8386e-11      269   32  269     2     2      0   457  7.8e-12        -
 103  5.4677e-09  3.2262e-11      280   33  280     2     2      0   478  2.1e-12        -
 107  5.6936e-09  6.4525e-11      288   34  288     2     2      0   490  8.9e-11        -
 111  5.9436e-09  5.6426e-11      300   35  300     2     2      0   510  7.7e-11        -
 115  6.1693e-09  5.6426e-11      308   36  308     2     2      0   522  8.8e-11        -
 120  6.4475e-09  5.2509e-11      320   36  320     2     2      0   542  1.3e-11        -
 123   6.605e-09  5.2509e-11      332   36  332     2     2      0   566  1.4e-11        -
 126  6.7625e-09  5.2509e-11      344   36  344     2     2      0   590  1.5e-11        -
 129  6.9201e-09  5.2509e-11      356   36  356     2     2      0   614  1.7e-11        -
 131       7e-09  3.9963e-11 out  364   38  364     2     2      0   628  2.3e-11        -
 136  7.1998e-09  3.9963e-11      374   38  374     2     2      0   643  2.4e-11        -
 141  7.3996e-09  3.9963e-11      384   38  384     2     2      0   658  2.4e-11        -
 143  7.4698e-09  3.0206e-11      392   39  392     2     2      0   672  6.3e-12        -
 146  7.6208e-09  6.0411e-11      398   41  398     2     2      0   681  2.2e-10        -
 151  7.9229e-09  6.0411e-11      408   41  408     2     2      0   696  2.5e-10        -
 154  8.0386e-09  3.8561e-11      414   42  414     2     2      0   705  2.8e-11        -
 159  8.2314e-09  3.8561e-11      424   42  424     2     2      0   720    3e-11        -
 164  8.4242e-09  3.8561e-11      434   42  434     2     2      0   735  5.5e-11        -
 168  8.5758e-09  3.7917e-11      442   42  442     2     2      0   751  5.3e-11        -
 173  8.7654e-09  3.7917e-11      452   42  452     2     2      0   771  5.2e-11        -
 179  8.9775e-09  2.2497e-11      464   43  464     2     2      0   794  3.1e-12        -
 183   9.135e-09  4.4993e-11      472   44  472     2     2      0   806  7.5e-11        -
 189  9.4049e-09  4.4993e-11      484   44  484     2     2      0   824  5.6e-11        -
 193  9.5501e-09  5.0066e-11      492   46  492     2     2      0   836    1e-10        -
 199  9.8505e-09  5.0066e-11      504   46  504     2     2      0   854  7.1e-11        -
 205  1.0149e-08  4.9736e-11      516   46  516     2     2      0   877  3.8e-11        -
 211  1.0448e-08  4.9736e-11      528   46  528     2     2      0   901  3.1e-11        -
 214  1.0552e-08  5.2377e-11      534   48  534     2     2      0   910    1e-10        -
 220  1.0867e-08  5.2377e-11      546   48  546     2     2      0   928  8.1e-11        -
 223     1.1e-08  4.0493e-11 out  556   50  556     2     2      0   945    2e-11        -
 229  1.1243e-08  4.0493e-11      568   50  568     2     2      0   963  1.3e-11        -
 234  1.1445e-08  4.0493e-11      578   50  578     2     2      0   978  8.4e-12        -
 236    1.15e-08  2.7288e-11 out  586   52  586     2     2      0   992  1.5e-12        -
 241  1.1773e-08  5.4576e-11      596   53  596     2     2      0  1007  2.3e-11        -
 246     1.2e-08  3.1696e-11 out  606   54  606     2     2      0  1022  1.5e-12        -
 251  1.2317e-08  6.3393e-11      616   55  616     2     2      0  1037  5.6e-11        -
 255   1.256e-08  5.9821e-11      627   55  627     2     2      0  1058  3.9e-11        -
 259  1.2799e-08  5.9821e-11      639   55  639     2     2      0  1082  4.3e-11        -
           当前进度:   9 % - 正在组装残差
 263     1.3e-08  4.0625e-11 out  649   56  649     2     2      0  1100  8.4e-12        -
 269  1.3244e-08  4.0625e-11      661   56  661     2     2      0  1118  1.4e-11        -
 275  1.3473e-08  2.6564e-11      673   57  673     2     2      0  1136  1.9e-12        -
 279  1.3659e-08  5.3127e-11      681   58  681     2     2      0  1148  7.7e-11        -
 285  1.3963e-08  3.7491e-11      697   59  697     2     2      0  1174  1.6e-11        -
 289  1.4112e-08  3.7491e-11      705   60  705     2     2      0  1186  1.6e-11        -
 293  1.4262e-08  3.7491e-11      713   60  713     2     2      0  1198  1.6e-11        -
 298  1.4456e-08  4.3798e-11      727   61  727     2     2      0  1221  3.7e-11        -
 302  1.4631e-08  4.3798e-11      735   62  735     2     2      0  1233  3.5e-11        -
 307   1.485e-08  4.3798e-11      745   62  745     2     2      0  1248    4e-11        -
 310  1.4969e-08   3.101e-11      755   63  755     2     2      0  1265  7.7e-12        -
 313  1.5124e-08  6.2021e-11      761   65  761     2     2      0  1274  2.6e-10        -
 318  1.5434e-08  6.2021e-11      771   65  771     2     2      0  1289    3e-10        -
 322  1.5599e-08  6.5854e-11      779   67  779     2     2      0  1301  4.2e-10        -
 324  1.5717e-08  5.9269e-11      787   69  787     2     2      0  1315  4.6e-10        -
 328  1.5948e-08  5.2437e-11      799   70  799     2     2      0  1335  2.7e-10        -
 332  1.6157e-08  5.2437e-11      807   71  807     2     2      0  1347  2.6e-10        -
 338   1.646e-08  4.0251e-11      823   72  823     2     2      0  1373  5.6e-11        -
 342  1.6621e-08  4.0251e-11      831   73  831     2     2      0  1385    4e-11        -
 348  1.6862e-08  4.0251e-11      843   73  843     2     2      0  1403  3.2e-11        -
 351  1.6971e-08  2.8618e-11      853   74  853     2     2      0  1420  5.9e-12        -
 355  1.7172e-08  5.7235e-11      861   76  861     2     2      0  1432  1.4e-10        -
 360   1.745e-08  4.9677e-11      875   77  875     2     2      0  1455  8.9e-11        -
 364  1.7649e-08  4.9677e-11      883   78  883     2     2      0  1467  8.6e-11        -
 369  1.7897e-08  4.9677e-11      893   78  893     2     2      0  1482  7.8e-11        -
 373  1.8053e-08  5.2906e-11      901   80  901     2     2      0  1494  9.9e-11        -
 379   1.837e-08  5.2906e-11      913   80  913     2     2      0  1512  7.9e-11        -
 382    1.85e-08  3.8374e-11 out  923   82  923     2     2      0  1529  1.4e-11        -
 384  1.8646e-08  6.9074e-11      931   84  931     2     2      0  1543  1.9e-10        -
 388  1.8922e-08  6.9074e-11      939   85  939     2     2      0  1555  1.5e-10        -
 391  1.9078e-08  7.7884e-11      945   87  945     2     2      0  1564  2.1e-10        -
 393  1.9218e-08  7.0096e-11      953   89  953     2     2      0  1578  9.4e-11        -
 398    1.95e-08  3.5819e-11 out  963   90  963     2     2      0  1593  3.6e-12        -
 403  1.9858e-08  7.1637e-11      973   91  973     2     2      0  1608    7e-11        -
 409  2.0277e-08  6.3816e-11      989   92  989     2     2      0  1639  6.4e-11        -
 412  2.0452e-08  4.7917e-11      999   94  999     2     2      0  1656    2e-11        -
 416  2.0644e-08  4.7917e-11     1007   95 1007     2     2      0  1668  3.2e-11        -
 421  2.0883e-08  4.7917e-11     1017   95 1017     2     2      0  1683  3.7e-11        -
 424     2.1e-08  3.4375e-11 out 1027   97 1027     2     2      0  1700  7.7e-12        -
 429  2.1172e-08  3.4375e-11     1037   97 1037     2     2      0  1715    1e-11        -
 435  2.1378e-08  3.4375e-11     1049   97 1049     2     2      0  1733    1e-11        -
 439  2.1622e-08  6.0936e-11     1057   98 1057     2     2      0  1745  1.8e-10        -
 445  2.1963e-08  3.6725e-11     1069   99 1069     2     2      0  1763  1.5e-11        -
-          当前进度:  11 % - 
 449  2.2176e-08  6.6106e-11     1081  101 1081     2     2      0  1783    3e-10        -
 453  2.2437e-08  6.2701e-11     1091  102 1091     2     2      0  1800  1.6e-11        -
 456  2.2625e-08  6.2701e-11     1103  102 1103     2     2      0  1824  1.7e-11        -
 458  2.2751e-08  6.2701e-11     1111  102 1111     2     2      0  1840  1.7e-11        -
 461  2.2933e-08  5.6431e-11     1125  103 1125     2     2      0  1867  1.9e-10        -
 465  2.3067e-08  3.3683e-11     1133  104 1133     2     2      0  1879  2.7e-11        -
 470  2.3236e-08  3.3683e-11     1143  104 1143     2     2      0  1894  2.9e-11        -
 476  2.3438e-08  3.3683e-11     1155  104 1155     2     2      0  1912  2.9e-11        -
 479  2.3531e-08  3.1063e-11     1167  104 1167     2     2      0  1936  4.8e-12        -
 484  2.3842e-08  6.2125e-11     1177  105 1177     2     2      0  1951  4.9e-10        -
 487     2.4e-08  4.8092e-11 out 1187  107 1187     2     2      0  1968  9.9e-11        -
 493  2.4289e-08  4.8092e-11     1199  107 1199     2     2      0  1986  8.3e-11        -
 497  2.4466e-08  3.3585e-11     1211  108 1211     2     2      0  2006    1e-11        -
 500  2.4628e-08  6.0453e-11     1221  111 1221     2     2      0  2023  1.8e-10        -
 505   2.493e-08  6.0453e-11     1231  112 1231     2     2      0  2038  2.3e-10        -
 509  2.5105e-08   7.011e-11     1239  114 1239     2     2      0  2050  4.7e-10        -
 511  2.5231e-08  6.3099e-11     1247  116 1247     2     2      0  2064  2.6e-10        -
 516    2.55e-08   3.967e-11 out 1257  117 1257     2     2      0  2079  2.3e-11        -
 518  2.5647e-08  6.8046e-11     1265  119 1265     2     2      0  2093    3e-10        -
 523   2.596e-08  4.0214e-11     1275  121 1275     2     2      0  2108  1.4e-11        -
 526  2.6153e-08  7.2101e-11     1285  123 1285     2     2      0  2125  1.7e-10        -
 529  2.6369e-08  7.2101e-11     1291  124 1291     2     2      0  2134  1.7e-10        -
 532  2.6566e-08  6.5584e-11     1303  124 1303     2     2      0  2158  4.2e-11        -
 535  2.6762e-08  6.5584e-11     1315  124 1315     2     2      0  2182  3.9e-11        -
 538  2.6947e-08  5.3248e-11     1329  125 1329     2     2      0  2209  2.5e-11        -
 542   2.716e-08  5.3248e-11     1337  126 1337     2     2      0  2221  1.7e-11        -
 548  2.7463e-08  3.7009e-11     1353  127 1353     2     2      0  2247  3.7e-12        -
 552  2.7611e-08  3.7009e-11     1361  128 1361     2     2      0  2259  4.1e-12        -
 558  2.7833e-08  3.7009e-11     1373  128 1373     2     2      0  2277  5.5e-12        -
 562  2.7972e-08  2.7947e-11     1385  129 1385     2     2      0  2297  2.1e-12        -
 566  2.8168e-08  5.5893e-11     1393  131 1393     2     2      0  2309  7.6e-11        -
 571  2.8446e-08  5.4374e-11     1404  131 1404     2     2      0  2327  9.6e-12        -
 575  2.8663e-08  5.4374e-11     1416  131 1416     2     2      0  2351  1.1e-11        -
 579  2.8881e-08  5.4374e-11     1428  131 1428     2     2      0  2375  1.3e-11        -
 582     2.9e-08  3.2504e-11 out 1435  132 1435     2     2      0  2387  7.8e-12        -
 587  2.9293e-08  6.5008e-11     1445  133 1445     2     2      0  2402  2.6e-10        -
 591    2.95e-08  3.8724e-11 out 1453  134 1453     2     2      0  2414    2e-11        -
 593  2.9647e-08  6.9703e-11     1461  136 1461     2     2      0  2428  4.1e-10        -
 595   2.978e-08  6.2732e-11     1469  138 1469     2     2      0  2442  2.6e-10        -
 598  2.9953e-08  4.7475e-11     1479  140 1479     2     2      0  2459  7.1e-11        -
 603   3.019e-08  4.7475e-11     1489  141 1489     2     2      0  2474  7.7e-11        -
 609  3.0464e-08  3.6361e-11     1505  142 1505     2     2      0  2500  3.9e-11        -
 614  3.0645e-08  3.6361e-11     1515  143 1515     2     2      0  2515  4.3e-11        -
 620  3.0864e-08  3.6361e-11     1527  143 1527     2     2      0  2533  4.2e-11        -
 623  3.0968e-08  3.1834e-11     1537  144 1537     2     2      0  2550  2.1e-11        -
-          当前进度:  13 % - 
 627  3.1096e-08  3.1834e-11     1545  145 1545     2     2      0  2562  1.8e-11        -
 631  3.1255e-08  6.3668e-11     1553  146 1553     2     2      0  2574  5.5e-10        -
 634  3.1441e-08  5.8995e-11     1561  146 1561     2     2      0  2588  4.9e-11        -
 637  3.1618e-08  5.8995e-11     1573  146 1573     2     2      0  2612  4.4e-11        -
 640  3.1795e-08  5.8995e-11     1585  146 1585     2     2      0  2636  4.2e-11        -
 643  3.1956e-08  4.3519e-11     1599  147 1599     2     2      0  2663  3.6e-11        -
 648  3.2174e-08  4.3519e-11     1609  148 1609     2     2      0  2678  4.6e-11        -
 654  3.2435e-08  4.3519e-11     1621  148 1621     2     2      0  2696  4.4e-11        -
 656    3.25e-08  3.2406e-11 out 1629  150 1629     2     2      0  2710  9.8e-12        -
 661  3.2824e-08  6.4812e-11     1639  151 1639     2     2      0  2725  2.8e-10        -
 663  3.2944e-08  5.5565e-11     1647  152 1647     2     2      0  2739  1.2e-10        -
 668  3.3222e-08  5.5565e-11     1657  153 1657     2     2      0  2754  9.5e-11        -
 673    3.35e-08  5.5524e-11 out 1667  153 1667     2     2      0  2771  1.4e-13        -
 679  3.3833e-08  5.5524e-11     1679  153 1679     2     2      0  2795  2.3e-13        -
 683     3.4e-08  2.7905e-11 out 1687  154 1687     2     2      0  2809  9.2e-13        -
 688  3.4279e-08  5.5811e-11     1697  155 1697     2     2      0  2824  3.3e-11        -
 694  3.4609e-08  5.4662e-11     1709  155 1709     2     2      0  2846  6.5e-11        -
 698  3.4828e-08  5.4662e-11     1717  155 1717     2     2      0  2862  6.9e-11        -
 702     3.5e-08  3.1353e-11 out 1725  156 1725     2     2      0  2876  1.8e-12        -
 706  3.5251e-08  6.2707e-11     1733  157 1733     2     2      0  2888  7.7e-11        -
 709  3.5438e-08  6.1879e-11     1739  157 1739     2     2      0  2898  9.4e-11        -
 715  3.5809e-08  6.1879e-11     1751  157 1751     2     2      0  2922  1.2e-10        -
 719     3.6e-08  3.3422e-11 out 1759  158 1759     2     2      0  2936  8.9e-12        -
 721  3.6127e-08   6.016e-11     1767  160 1767     2     2      0  2950  1.7e-10        -
 725  3.6368e-08   6.016e-11     1775  161 1775     2     2      0  2962  2.7e-10        -
 729  3.6536e-08  3.6098e-11     1783  162 1783     2     2      0  2974  1.4e-11        -
 731  3.6673e-08  6.4977e-11     1791  164 1791     2     2      0  2988  1.5e-08        -
 736  3.6967e-08  3.3412e-11     1801  166 1801     2     2      0  3003    1e-11        -
 740    3.72e-08  6.6823e-11     1809  167 1809     2     2      0  3015  5.4e-08        -
 744   3.745e-08  4.9531e-11     1821  168 1821     2     2      0  3035  9.1e-11        -
 749  3.7698e-08  4.9531e-11     1831  169 1831     2     2      0  3050    1e-10        -
 753  3.7896e-08  4.9531e-11     1839  169 1839     2     2      0  3062  1.9e-10        -
 756     3.8e-08  2.7112e-11 out 1845  170 1845     2     2      0  3071  9.9e-12        -
 760  3.8217e-08  5.4223e-11     1853  171 1853     2     2      0  3083  3.1e-10        -
 764  3.8434e-08  5.4223e-11     1861  171 1861     2     2      0  3095  2.7e-10        -
 768  3.8566e-08  3.3107e-11     1869  172 1869     2     2      0  3107  2.1e-11        -
 772  3.8831e-08  6.6214e-11     1877  173 1877     2     2      0  3119  4.8e-10        -
 774  3.8949e-08  5.1358e-11     1885  174 1885     2     2      0  3133  1.1e-10        -
 778  3.9154e-08  5.1358e-11     1893  175 1893     2     2      0  3145  1.1e-10        -
 784  3.9455e-08  4.4568e-11     1909  176 1909     2     2      0  3171  5.2e-11        -
 787  3.9589e-08  4.4568e-11     1915  177 1915     2     2      0  3180  5.2e-11        -
 793  3.9857e-08  4.4568e-11     1927  177 1927     2     2      0  3198  4.9e-11        -
 798  4.0054e-08  5.4323e-11     1937  179 1937     2     2      0  3213  1.2e-10        -
 804   4.038e-08  5.4323e-11     1949  179 1949     2     2      0  3231    1e-10        -
-          当前进度:  14 % - 
 808  4.0565e-08  6.5416e-11     1957  181 1957     2     2      0  3243  2.2e-10        -
 814  4.0946e-08  5.3751e-11     1973  182 1973     2     2      0  3269  3.8e-11        -
 818  4.1161e-08  5.3751e-11     1981  183 1981     2     2      0  3281  3.8e-11        -
 823   4.143e-08  5.3751e-11     1991  183 1991     2     2      0  3296  2.3e-11        -
 826   4.157e-08  6.9991e-11     1997  185 1997     2     2      0  3305  7.7e-11        -
 831   4.192e-08  6.9991e-11     2007  185 2007     2     2      0  3320  9.4e-11        -
 836   4.212e-08  4.0027e-11     2017  186 2017     2     2      0  3335  4.3e-12        -
 842   4.236e-08  4.0027e-11     2029  186 2029     2     2      0  3353  6.1e-12        -
 845   4.247e-08  2.9852e-11     2039  187 2039     2     2      0  3370  1.5e-12        -
 847   4.256e-08  5.9703e-11     2043  189 2043     2     2      0  3376  5.8e-11        -
 852  4.2858e-08  5.9703e-11     2053  189 2053     2     2      0  3391  9.9e-11        -
 855     4.3e-08  4.1038e-11 out 2063  191 2063     2     2      0  3408  1.7e-11        -
 859  4.3164e-08  4.1038e-11     2071  191 2071     2     2      0  3420  2.7e-11        -
 864  4.3369e-08  4.1038e-11     2081  191 2081     2     2      0  3435  2.5e-11        -
 869  4.3549e-08  4.8584e-11     2091  193 2091     2     2      0  3450  5.9e-11        -
 875   4.384e-08  4.8584e-11     2103  193 2103     2     2      0  3468    9e-11        -
 879     4.4e-08  3.1372e-11 out 2111  194 2111     2     2      0  3480  7.2e-12        -
 884  4.4314e-08  6.2744e-11     2121  195 2121     2     2      0  3495  2.3e-10        -
 889  4.4624e-08  6.1769e-11     2131  195 2131     2     2      0  3514  3.1e-10        -
 895  4.4966e-08   3.381e-11     2143  196 2143     2     2      0  3537  1.4e-11        -
 899  4.5101e-08   3.381e-11     2151  196 2151     2     2      0  3549  1.5e-11        -
 904   4.527e-08   3.381e-11     2161  196 2161     2     2      0  3564  2.8e-11        -
 910   4.547e-08  3.0235e-11     2175  196 2175     2     2      0  3587  1.5e-11        -
 914  4.5681e-08  6.0471e-11     2185  197 2185     2     2      0  3604  5.3e-10        -
 919  4.5962e-08  3.8352e-11     2195  198 2195     2     2      0  3619  4.4e-11        -
 924  4.6153e-08  3.8352e-11     2205  198 2205     2     2      0  3634  4.1e-11        -
 930  4.6384e-08  3.8352e-11     2217  198 2217     2     2      0  3652  2.5e-11        -
 935   4.654e-08  3.9775e-11     2227  200 2227     2     2      0  3667  3.1e-11        -
 941  4.6778e-08  3.9775e-11     2239  200 2239     2     2      0  3685  2.2e-11        -
 946  4.6969e-08  3.1235e-11     2253  201 2253     2     2      0  3708  8.7e-12        -
 950  4.7187e-08   6.247e-11     2261  203 2261     2     2      0  3720  2.6e-10        -
 955  4.7469e-08  3.1355e-11     2271  204 2271     2     2      0  3735  7.7e-12        -
 958  4.7625e-08  6.2709e-11     2277  205 2277     2     2      0  3744  2.3e-10        -
 964     4.8e-08  6.1873e-11 out 2289  205 2289     2     2      0  3764  1.1e-10        -
 969  4.8309e-08  6.1873e-11     2299  205 2299     2     2      0  3784  8.8e-11        -
 974  4.8567e-08   6.689e-11     2309  207 2309     2     2      0  3801  1.1e-10        -
 979  4.8901e-08   6.689e-11     2319  207 2319     2     2      0  3816  6.5e-11        -
 981     4.9e-08   4.933e-11 out 2327  209 2327     2     2      0  3830  1.4e-11        -
 986  4.9247e-08   4.933e-11     2337  209 2337     2     2      0  3845  1.7e-11        -
 991  4.9472e-08  2.8015e-11     2347  210 2347     2     2      0  3860  7.1e-13        -
 995  4.9668e-08  5.6029e-11     2355  211 2355     2     2      0  3872  3.1e-11        -
 999  4.9892e-08  5.6029e-11     2363  211 2363     2     2      0  3884  3.6e-11        -
1003  5.0108e-08  5.3897e-11     2375  211 2375     2     2      0  3908  1.4e-11        -
1007  5.0323e-08  5.3897e-11     2387  211 2387     2     2      0  3932  1.6e-11        -
1011    5.05e-08  3.4411e-11 out 2397  212 2397     2     2      0  3950  1.1e-11        -
-          当前进度:  16 % - 正在组装残差
1017  5.0706e-08  3.4411e-11     2409  212 2409     2     2      0  3968    1e-11        -
1022  5.0879e-08  3.4411e-11     2419  212 2419     2     2      0  3983    1e-11        -
1025  5.0974e-08  2.6328e-11     2429  213 2429     2     2      0  4000  2.8e-12        -
1028  5.1105e-08  5.2656e-11     2435  215 2435     2     2      0  4009  1.4e-10        -
1033  5.1369e-08  5.2656e-11     2445  215 2445     2     2      0  4024  1.3e-10        -
1035  5.1461e-08  3.9377e-11     2453  216 2453     2     2      0  4038  2.3e-11        -
1039  5.1618e-08  3.9377e-11     2461  217 2461     2     2      0  4050  2.1e-11        -
1044  5.1854e-08  7.8754e-11     2471  218 2471     2     2      0  4065  7.6e-10        -
1046  5.1962e-08  3.7716e-11     2479  220 2479     2     2      0  4079  2.1e-11        -
1049  5.2141e-08  6.6002e-11     2489  222 2489     2     2      0  4096  3.7e-10        -
1051  5.2267e-08  5.9401e-11     2497  224 2497     2     2      0  4110  2.3e-10        -
1055    5.25e-08  5.7181e-11 out 2507  225 2507     2     2      0  4128  5.5e-11        -
1058  5.2672e-08  5.7181e-11     2516  225 2516     2     2      0  4146  5.7e-11        -
1062    5.29e-08  5.7181e-11     2528  225 2528     2     2      0  4170  5.6e-11        -
1064     5.3e-08  4.9868e-11 out 2536  227 2536     2     2      0  4184    2e-10        -
1068  5.3199e-08  4.9868e-11     2544  227 2544     2     2      0  4196  1.7e-10        -
1072  5.3399e-08  4.9868e-11     2552  227 2552     2     2      0  4208  1.6e-10        -
1076  5.3551e-08   5.119e-11     2560  229 2560     2     2      0  4220  1.7e-10        -
1081  5.3807e-08   5.119e-11     2570  229 2570     2     2      0  4235  1.1e-10        -
1084  5.3955e-08   4.524e-11     2580  230 2580     2     2      0  4252  5.8e-11        -
1088  5.4136e-08   4.524e-11     2588  231 2588     2     2      0  4264  4.3e-11        -
1093  5.4362e-08   4.524e-11     2598  231 2598     2     2      0  4279  5.5e-11        -
1097    5.45e-08    2.38e-11 out 2606  232 2606     2     2      0  4291  2.1e-12        -
1101   5.469e-08  4.7599e-11     2614  233 2614     2     2      0  4303  6.4e-11        -
1106  5.4928e-08  4.7599e-11     2624  233 2624     2     2      0  4318    6e-11        -
1108     5.5e-08  3.5804e-11 out 2632  235 2632     2     2      0  4332  1.4e-11        -
1110  5.5136e-08  6.4448e-11     2640  237 2640     2     2      0  4346  2.4e-10        -
1114  5.5394e-08  6.4448e-11     2648  238 2648     2     2      0  4358  1.7e-10        -
1116    5.55e-08  5.3076e-11 out 2656  240 2656     2     2      0  4372  5.7e-11        -
1120  5.5712e-08  5.3076e-11     2664  240 2664     2     2      0  4384  3.7e-11        -
1125  5.5962e-08  3.7695e-11     2678  241 2678     2     2      0  4407  6.1e-12        -
1128  5.6151e-08   7.539e-11     2684  243 2684     2     2      0  4416  1.4e-10        -
1132  5.6438e-08  6.1526e-11     2696  244 2696     2     2      0  4436  3.9e-11        -
1136  5.6685e-08  6.1526e-11     2704  245 2704     2     2      0  4448  5.1e-11        -
1141  5.6965e-08   3.466e-11     2714  246 2714     2     2      0  4463  2.5e-12        -
1145  5.7208e-08  6.9321e-11     2722  247 2722     2     2      0  4475    1e-10        -
1148  5.7409e-08  6.2389e-11     2732  248 2732     2     2      0  4492  7.5e-11        -
1152  5.7591e-08  4.5503e-11     2740  249 2740     2     2      0  4504  2.5e-11        -
1157  5.7819e-08  4.5503e-11     2750  249 2750     2     2      0  4519  4.3e-11        -
1162  5.8045e-08  4.5235e-11     2760  249 2760     2     2      0  4537  1.6e-11        -
1167  5.8271e-08  4.5235e-11     2770  249 2770     2     2      0  4557  1.9e-11        -
1172  5.8476e-08  2.3826e-11     2780  250 2780     2     2      0  4576  2.7e-12        -
1176  5.8643e-08  4.7651e-11     2788  251 2788     2     2      0  4588  8.1e-11        -
1181  5.8881e-08  4.7651e-11     2798  251 2798     2     2      0  4603  7.6e-11        -
-          当前进度:  18 % - 正在组装残差
Memory: 1055/1066 1062/1078
1183  5.8964e-08  3.5568e-11     2806  252 2806     2     2      0  4617  1.2e-11        -
1186  5.9107e-08  7.1137e-11     2812  254 2812     2     2      0  4626  4.3e-10        -
1189  5.9313e-08  6.4023e-11     2822  255 2822     2     2      0  4643  2.8e-10        -
1192    5.95e-08  6.1487e-11 out 2830  256 2830     2     2      0  4658  7.9e-11        -
1196  5.9746e-08  6.1487e-11     2842  256 2842     2     2      0  4682  8.2e-11        -
1199  5.9924e-08  5.5339e-11     2854  257 2854     2     2      0  4705    3e-10        -
1203  6.0076e-08  3.7868e-11     2862  258 2862     2     2      0  4717  5.1e-11        -
1208  6.0265e-08  3.7868e-11     2872  258 2872     2     2      0  4732  5.2e-11        -
1213  6.0454e-08  3.7868e-11     2882  258 2882     2     2      0  4747  5.1e-11        -
1216  6.0546e-08  4.5581e-11     2888  260 2888     2     2      0  4756  1.2e-10        -
1220  6.0728e-08  4.5581e-11     2896  260 2896     2     2      0  4768  1.1e-10        -
1225  6.0955e-08  4.4886e-11     2906  260 2906     2     2      0  4784  8.7e-11        -
1230   6.118e-08  4.4886e-11     2916  260 2916     2     2      0  4804  8.2e-11        -
1234  6.1359e-08  4.4886e-11     2924  260 2924     2     2      0  4820  8.5e-11        -
1238    6.15e-08  2.5572e-11 out 2932  261 2932     2     2      0  4834  3.8e-12        -
1242  6.1705e-08  5.1143e-11     2940  262 2940     2     2      0  4846  1.2e-10        -
1247  6.1955e-08  4.5427e-11     2954  263 2954     2     2      0  4869  5.3e-11        -
1251  6.2136e-08  4.5427e-11     2962  264 2962     2     2      0  4881  4.9e-11        -
1257  6.2409e-08  4.5427e-11     2974  264 2974     2     2      0  4899  4.5e-11        -
1261  6.2546e-08  4.5731e-11     2982  266 2982     2     2      0  4911  4.3e-11        -
1266  6.2774e-08  4.5731e-11     2992  266 2992     2     2      0  4926    3e-11        -
1271     6.3e-08  4.4211e-11 out 3002  266 3002     2     2      0  4943  7.3e-11        -
1276  6.3221e-08  4.4211e-11     3012  266 3012     2     2      0  4963  6.3e-11        -
1281  6.3442e-08  4.4211e-11     3022  266 3022     2     2      0  4983  5.8e-11        -
1284  6.3558e-08  5.7888e-11     3028  268 3028     2     2      0  4992  3.6e-11        -
1289  6.3847e-08  5.7888e-11     3038  268 3038     2     2      0  5007  2.8e-11        -
1291  6.3953e-08  4.7391e-11     3046  269 3046     2     2      0  5021  1.4e-11        -
1295  6.4142e-08  4.7391e-11     3054  270 3054     2     2      0  5033  7.1e-12        -
1300  6.4379e-08  4.7391e-11     3064  270 3064     2     2      0  5048  1.2e-11        -
1302  6.4463e-08  3.6741e-11     3072  271 3072     2     2      0  5062  3.9e-12        -
1306   6.461e-08  3.6741e-11     3080  272 3080     2     2      0  5074  4.3e-12        -
1312  6.4831e-08  3.6741e-11     3092  272 3092     2     2      0  5092  5.5e-12        -
1316   6.497e-08  2.9554e-11     3104  273 3104     2     2      0  5112  2.9e-12        -
1320  6.5177e-08  5.9109e-11     3112  275 3112     2     2      0  5124  1.6e-10        -
1324  6.5414e-08  5.9109e-11     3120  275 3120     2     2      0  5136  1.5e-10        -
1326    6.55e-08   4.312e-11 out 3128  277 3128     2     2      0  5150  3.1e-11        -
1331  6.5716e-08   4.312e-11     3138  277 3138     2     2      0  5165  3.2e-11        -
1336  6.5931e-08   4.312e-11     3148  277 3148     2     2      0  5180  5.1e-11        -
1338     6.6e-08  3.4399e-11 out 3156  279 3156     2     2      0  5194  1.6e-11        -
1342  6.6241e-08  6.8799e-11     3164  280 3164     2     2      0  5206  4.8e-10        -
1345  6.6439e-08  6.0804e-11     3174  281 3174     2     2      0  5223  1.9e-10        -
1349  6.6682e-08  6.0804e-11     3182  282 3182     2     2      0  5235  2.2e-10        -
1354  6.6963e-08  3.7187e-11     3192  283 3192     2     2      0  5250  2.1e-11        -
1360  6.7186e-08  3.7187e-11     3204  283 3204     2     2      0  5268  2.3e-11        -
1366  6.7409e-08  3.7187e-11     3216  283 3216     2     2      0  5286  4.6e-11        -
1369    6.75e-08  2.6876e-11 out 3226  285 3226     2     2      0  5303  9.3e-12        -
1374  6.7769e-08  5.3752e-11     3236  286 3236     2     2      0  5318    3e-10        -
1379     6.8e-08  3.4992e-11 out 3246  287 3246     2     2      0  5333  2.9e-11        -
-          当前进度:  19 % - 
1385   6.821e-08  3.4992e-11     3258  287 3258     2     2      0  5351  2.7e-11        -
1391   6.842e-08  3.4992e-11     3270  287 3270     2     2      0  5369  2.5e-11        -
1394  6.8545e-08   4.511e-11     3280  289 3280     2     2      0  5386  8.4e-11        -
1400  6.8816e-08   4.511e-11     3292  289 3292     2     2      0  5404  6.7e-11        -
1404  6.8976e-08  2.4451e-11     3300  290 3300     2     2      0  5416    3e-12        -
1408  6.9147e-08  4.8902e-11     3308  291 3308     2     2      0  5428  9.4e-11        -
1413  6.9391e-08  4.8902e-11     3318  291 3318     2     2      0  5443  7.5e-11        -
1417   6.956e-08  5.9878e-11     3326  293 3326     2     2      0  5455  1.9e-10        -
1423  6.9919e-08  5.9878e-11     3338  293 3338     2     2      0  5473  1.5e-10        -
1425       7e-08  4.0425e-11 out 3346  295 3346     2     2      0  5487    2e-11        -
1430  7.0202e-08  4.0425e-11     3356  295 3356     2     2      0  5502  1.6e-11        -
1435  7.0404e-08  4.0425e-11     3366  295 3366     2     2      0  5517  1.1e-11        -
1437  7.0472e-08   2.766e-11     3374  296 3374     2     2      0  5531  1.5e-12        -
1439  7.0555e-08   5.532e-11     3378  298 3378     2     2      0  5537  6.4e-11        -
1444  7.0832e-08   5.532e-11     3388  298 3388     2     2      0  5552  3.5e-11        -
1448     7.1e-08  2.8721e-11 out 3396  299 3396     2     2      0  5564  9.5e-13        -
1452   7.123e-08  5.7442e-11     3404  300 3404     2     2      0  5576  2.7e-11        -
1456  7.1451e-08  4.8952e-11     3416  301 3416     2     2      0  5596  1.1e-11        -
1460  7.1647e-08  4.8952e-11     3424  302 3424     2     2      0  5608  1.2e-11        -
1466  7.1941e-08  4.8952e-11     3436  302 3436     2     2      0  5626  1.9e-11        -
1469  7.2059e-08  5.9431e-11     3442  304 3442     2     2      0  5635    5e-11        -
1474  7.2357e-08  5.9431e-11     3452  304 3452     2     2      0  5650  4.5e-11        -
1477    7.25e-08  4.1991e-11 out 3462  306 3462     2     2      0  5667  2.7e-11        -
1481  7.2668e-08  4.1991e-11     3470  306 3470     2     2      0  5679    3e-11        -
1487   7.292e-08  4.1991e-11     3482  306 3482     2     2      0  5697  2.8e-11        -
1491   7.308e-08  4.0047e-11     3494  306 3494     2     2      0  5721  1.2e-11        -
1495   7.324e-08  4.0047e-11     3506  306 3506     2     2      0  5745  1.3e-11        -
1497   7.332e-08  4.0047e-11     3512  306 3512     2     2      0  5757  1.4e-11        -
1501   7.347e-08   2.974e-11     3527  307 3527     2     2      0  5786  7.5e-12        -
1504  7.3619e-08   5.948e-11     3533  309 3533     2     2      0  5795  2.3e-10        -
1509  7.3916e-08   5.948e-11     3543  309 3543     2     2      0  5810  1.8e-10        -
1511     7.4e-08  4.1821e-11 out 3551  311 3551     2     2      0  5824  3.2e-11        -
1516  7.4209e-08  4.1821e-11     3561  311 3561     2     2      0  5839  3.2e-11        -
1521  7.4418e-08  4.1821e-11     3571  311 3571     2     2      0  5854  3.9e-11        -
1527  7.4664e-08  4.0897e-11     3583  311 3583     2     2      0  5878  1.1e-10        -
1533  7.4909e-08  4.0897e-11     3595  311 3595     2     2      0  5902  1.1e-10        -
1537   7.505e-08  5.0131e-11     3603  313 3603     2     2      0  5915  2.1e-10        -
1543  7.5351e-08  5.0131e-11     3615  313 3615     2     2      0  5933  1.9e-10        -
1549  7.5648e-08  4.9474e-11     3627  313 3627     2     2      0  5956  1.2e-10        -
1555  7.5945e-08  4.9474e-11     3639  313 3639     2     2      0  5980  1.1e-10        -
1559  7.6109e-08  5.4734e-11     3647  315 3647     2     2      0  5992  1.8e-10        -
1565  7.6438e-08  5.4734e-11     3659  315 3659     2     2      0  6010  1.7e-10        -
1569  7.6624e-08   6.213e-11     3667  317 3667     2     2      0  6022  3.1e-10        -
1574  7.6935e-08   6.213e-11     3677  317 3677     2     2      0  6037  2.3e-10        -
1577  7.7065e-08   6.509e-11     3683  319 3683     2     2      0  6046  2.8e-10        -
--         当前进度:  21 % - 
1583  7.7445e-08  5.4729e-11     3699  320 3699     2     2      0  6072  8.4e-11        -
1587  7.7664e-08  5.4729e-11     3707  321 3707     2     2      0  6084  6.6e-11        -
1592  7.7938e-08  5.4729e-11     3717  321 3717     2     2      0  6099  6.1e-11        -
1595  7.8062e-08  6.2172e-11     3723  323 3723     2     2      0  6108  9.5e-11        -
1601  7.8435e-08  6.2172e-11     3735  323 3735     2     2      0  6126  4.2e-11        -
1605   7.863e-08  6.4798e-11     3743  325 3743     2     2      0  6138  4.9e-11        -
1610  7.8944e-08  5.5606e-11     3757  326 3757     2     2      0  6161  1.4e-11        -
1614  7.9167e-08  5.5606e-11     3765  327 3765     2     2      0  6173  2.7e-11        -
1620    7.95e-08  5.5378e-11 out 3777  327 3777     2     2      0  6193  1.4e-11        -
1625  7.9777e-08  5.5378e-11     3787  327 3787     2     2      0  6213  1.8e-11        -
1630       8e-08  2.8489e-11 out 3797  328 3797     2     2      0  6231  4.2e-12        -
1634  8.0228e-08  5.6979e-11     3805  329 3805     2     2      0  6243  1.2e-10        -
1638  8.0449e-08  5.0574e-11     3817  330 3817     2     2      0  6263  7.1e-11        -
1643  8.0702e-08  5.0574e-11     3827  331 3827     2     2      0  6278  1.1e-10        -
1648  8.0952e-08  4.7702e-11     3839  331 3839     2     2      0  6298  6.7e-12        -
1651  8.1095e-08  4.7702e-11     3851  331 3851     2     2      0  6322  7.2e-12        -
1654  8.1239e-08  4.7702e-11     3863  331 3863     2     2      0  6346  7.7e-12        -
1657  8.1382e-08  4.7702e-11     3875  331 3875     2     2      0  6370  7.8e-12        -
1659  8.1465e-08  3.5341e-11     3885  332 3885     2     2      0  6389  1.5e-11        -
1662  8.1606e-08  7.0682e-11     3891  334 3891     2     2      0  6398  4.4e-10        -
1664  8.1733e-08  6.3614e-11     3899  336 3899     2     2      0  6412  3.1e-10        -
1668  8.1962e-08  3.7955e-11     3907  337 3907     2     2      0  6424  4.1e-11        -
1674   8.219e-08  3.7955e-11     3919  337 3919     2     2      0  6442  5.1e-11        -
1680  8.2418e-08  3.7955e-11     3931  337 3931     2     2      0  6460  5.2e-11        -
1684  8.2545e-08  4.4543e-11     3939  339 3939     2     2      0  6472  1.1e-10        -
1689  8.2767e-08  4.4543e-11     3949  339 3949     2     2      0  6487  1.1e-10        -
1694  8.2973e-08  2.7287e-11     3959  340 3959     2     2      0  6502  7.7e-12        -
1699  8.3218e-08  5.4573e-11     3969  341 3969     2     2      0  6517  2.3e-10        -
1704  8.3468e-08  3.1707e-11     3979  342 3979     2     2      0  6532  1.6e-11        -
1707  8.3627e-08  6.3413e-11     3985  343 3985     2     2      0  6541  3.6e-10        -
1712   8.394e-08   5.976e-11     3997  343 3997     2     2      0  6561  1.7e-11        -
1716  8.4179e-08   5.976e-11     4010  343 4010     2     2      0  6587  1.2e-10        -
1720  8.4418e-08   5.976e-11     4022  343 4022     2     2      0  6611    1e-10        -
1725  8.4623e-08   4.084e-11     4032  344 4032     2     2      0  6626  2.4e-11        -
1731  8.4868e-08   4.084e-11     4044  344 4044     2     2      0  6644  1.9e-11        -
1736  8.5051e-08  5.0765e-11     4054  346 4054     2     2      0  6659  4.5e-11        -
1742  8.5355e-08  5.0765e-11     4066  346 4066     2     2      0  6677    4e-11        -
1746  8.5547e-08  4.6939e-11     4080  346 4080     2     2      0  6704  6.3e-12        -
1749  8.5688e-08  4.6939e-11     4092  346 4092     2     2      0  6728  6.1e-12        -
1752  8.5829e-08  4.6939e-11     4104  346 4104     2     2      0  6752  5.8e-12        -
1755  8.5961e-08  3.8772e-11     4118  347 4118     2     2      0  6779  1.5e-12        -
1758  8.6147e-08   6.979e-11     4128  350 4128     2     2      0  6796  6.9e-11        -
1762  8.6426e-08   6.979e-11     4136  351 4136     2     2      0  6808  4.7e-11        -
--         当前进度:  23 % - 正在组装残差
1766   8.664e-08  6.6154e-11     4148  354 4148     2     2      0  6828  7.3e-11        -
1770  8.6904e-08  6.6154e-11     4156  355 4156     2     2      0  6840  1.1e-10        -
1772     8.7e-08  4.7862e-11 out 4164  357 4164     2     2      0  6854    2e-11        -
1777  8.7239e-08  4.7862e-11     4174  357 4174     2     2      0  6869  5.1e-11        -
1782  8.7465e-08   3.462e-11     4188  358 4188     2     2      0  6892  1.1e-11        -
1785  8.7604e-08   6.924e-11     4194  360 4194     2     2      0  6901  3.3e-10        -
1787  8.7728e-08  6.2316e-11     4202  362 4202     2     2      0  6915    2e-10        -
1791  8.7958e-08  4.2279e-11     4214  363 4214     2     2      0  6935  3.4e-11        -
1796  8.8169e-08  4.2279e-11     4224  364 4224     2     2      0  6950  4.5e-11        -
1802  8.8423e-08  4.2279e-11     4236  364 4236     2     2      0  6968  4.2e-11        -
1805  8.8539e-08  3.8604e-11     4248  364 4248     2     2      0  6992  1.5e-11        -
1808  8.8654e-08  3.8604e-11     4260  364 4260     2     2      0  7016  1.6e-11        -
1811   8.884e-08  6.9487e-11     4272  366 4272     2     2      0  7038  4.2e-10        -
1815  8.9045e-08  4.5399e-11     4280  368 4280     2     2      0  7050  4.9e-11        -
1821  8.9318e-08  4.5399e-11     4292  368 4292     2     2      0  7068  9.8e-11        -
1825  8.9477e-08  2.3006e-11     4300  369 4300     2     2      0  7080    4e-12        -
1830  8.9684e-08  4.6013e-11     4310  370 4310     2     2      0  7095  1.4e-10        -
1836  8.9957e-08  4.2943e-11     4324  370 4324     2     2      0  7118  1.1e-11        -
1839  9.0086e-08  4.2943e-11     4336  370 4336     2     2      0  7142  1.1e-11        -
1842  9.0215e-08  4.2943e-11     4348  370 4348     2     2      0  7166  1.1e-11        -
1845  9.0344e-08  4.2943e-11     4360  370 4360     2     2      0  7190  1.1e-11        -
1848  9.0465e-08  3.5284e-11     4374  371 4374     2     2      0  7217  2.7e-11        -
1853  9.0641e-08  3.5284e-11     4384  372 4384     2     2      0  7232  2.5e-11        -
1858  9.0888e-08  7.0568e-11     4394  373 4394     2     2      0  7247  8.5e-10        -
1860     9.1e-08  5.5939e-11 out 4402  375 4402     2     2      0  7261  1.9e-10        -
1864  9.1224e-08  5.5939e-11     4410  375 4410     2     2      0  7273  1.9e-10        -
1869    9.15e-08  5.4212e-11 out 4422  375 4422     2     2      0  7294    2e-11        -
1873  9.1717e-08  5.4212e-11     4434  375 4434     2     2      0  7318  1.8e-11        -
1877  9.1934e-08  5.4212e-11     4446  375 4446     2     2      0  7342  1.5e-11        -
1881  9.2133e-08    6.63e-11     4454  377 4454     2     2      0  7354  2.5e-10        -
1886  9.2449e-08  5.1099e-11     4468  378 4468     2     2      0  7377  4.6e-11        -
1890  9.2653e-08  5.1099e-11     4476  379 4476     2     2      0  7389  3.4e-11        -
1896  9.2954e-08  4.5606e-11     4492  380 4492     2     2      0  7415  1.4e-11        -
1900  9.3137e-08  4.5606e-11     4500  381 4500     2     2      0  7427  1.1e-11        -
1906   9.341e-08  4.5606e-11     4512  381 4512     2     2      0  7445  1.9e-12        -
1912  9.3679e-08  4.4774e-11     4524  381 4524     2     2      0  7469  2.8e-11        -
1918  9.3948e-08  4.4774e-11     4536  381 4536     2     2      0  7493    3e-11        -
1922  9.4105e-08   5.226e-11     4544  383 4544     2     2      0  7505  3.2e-11        -
1928  9.4418e-08   5.226e-11     4556  383 4556     2     2      0  7523  3.5e-11        -
1930    9.45e-08  4.0961e-11 out 4564  385 4564     2     2      0  7537  1.1e-11        -
1935  9.4705e-08  4.0961e-11     4574  385 4574     2     2      0  7552  2.5e-11        -
1941  9.4951e-08  4.0961e-11     4586  385 4586     2     2      0  7570  2.4e-11        -
1944  9.5049e-08  4.9434e-11     4592  387 4592     2     2      0  7579  6.2e-11        -
1949  9.5297e-08  4.9434e-11     4602  387 4602     2     2      0  7594  7.3e-11        -
1954    9.55e-08  2.7545e-11 out 4612  388 4612     2     2      0  7609  5.3e-12        -
--         当前进度:  25 % - 正在组装残差
Memory: 1026/1066 1038/1078
1958   9.572e-08  5.5091e-11     4620  389 4620     2     2      0  7621  1.6e-10        -
1963   9.597e-08  2.9636e-11     4630  390 4630     2     2      0  7636  8.3e-12        -
1967  9.6178e-08  5.9272e-11     4638  391 4638     2     2      0  7648  2.3e-10        -
1972  9.6457e-08  4.2548e-11     4652  392 4652     2     2      0  7671  3.6e-11        -
1976  9.6628e-08  4.2548e-11     4660  393 4660     2     2      0  7683  4.3e-11        -
1981   9.684e-08  4.2548e-11     4670  393 4670     2     2      0  7698  8.5e-11        -
1984  9.6963e-08  3.7262e-11     4680  394 4680     2     2      0  7715  4.6e-11        -
1989  9.7149e-08  3.7262e-11     4690  395 4690     2     2      0  7730  4.8e-11        -
1995  9.7373e-08  3.7262e-11     4702  395 4702     2     2      0  7748  4.6e-11        -
1998  9.7474e-08  2.6431e-11     4712  396 4712     2     2      0  7765  7.9e-12        -
2002  9.7659e-08  5.2862e-11     4720  398 4720     2     2      0  7777  2.2e-10        -
2008  9.7961e-08  3.8553e-11     4736  399 4736     2     2      0  7803    4e-11        -
2013  9.8154e-08  3.8553e-11     4746  400 4746     2     2      0  7818  5.7e-11        -
2019  9.8386e-08  3.8553e-11     4758  400 4758     2     2      0  7836    3e-11        -
2024  9.8576e-08  3.7956e-11     4768  400 4768     2     2      0  7855  4.1e-11        -
2029  9.8766e-08  3.7956e-11     4778  400 4778     2     2      0  7875  3.8e-11        -
2034     9.9e-08  6.0221e-11 out 4788  401 4788     2     2      0  7893  2.5e-10        -
2039  9.9301e-08  6.0221e-11     4798  401 4798     2     2      0  7908  1.6e-10        -
2044  9.9539e-08  3.9226e-11     4808  402 4808     2     2      0  7923  1.7e-11        -
2046  9.9688e-08  7.0607e-11     4816  404 4816     2     2      0  7937  2.8e-10        -
2050   9.995e-08  4.9948e-11     4828  406 4828     2     2      0  7957  3.1e-11        -
2055   1.002e-07  4.9948e-11     4838  407 4838     2     2      0  7972  3.3e-11        -
2061  1.0047e-07  2.5234e-11     4850  408 4850     2     2      0  7990  6.1e-13        -
2066   1.007e-07  5.0468e-11     4860  409 4860     2     2      0  8005    8e-12        -
2071  1.0095e-07  4.8129e-11     4871  409 4871     2     2      0  8023  1.2e-11        -
2075  1.0114e-07  4.8129e-11     4883  409 4883     2     2      0  8047  1.1e-11        -
2079  1.0134e-07  4.8129e-11     4895  409 4895     2     2      0  8071  1.2e-11        -
2083   1.015e-07  3.3421e-11 out 4905  410 4905     2     2      0  8089  3.5e-12        -
2088  1.0183e-07  6.6842e-11     4915  411 4915     2     2      0  8104  1.3e-10        -
2091    1.02e-07  4.9473e-11 out 4925  413 4925     2     2      0  8121    6e-11        -
2097   1.023e-07  4.9473e-11     4937  413 4937     2     2      0  8139  6.9e-11        -
2102   1.025e-07  2.7371e-11 out 4947  414 4947     2     2      0  8154  3.2e-12        -
2107  1.0277e-07  5.4742e-11     4957  415 4957     2     2      0  8169  1.3e-10        -
2112    1.03e-07  3.1031e-11 out 4967  416 4967     2     2      0  8184  9.3e-12        -
2117  1.0331e-07  6.2063e-11     4977  417 4977     2     2      0  8199  3.2e-10        -
2122  1.0357e-07  6.5559e-11     4987  419 4987     2     2      0  8214  4.8e-10        -
2127  1.0389e-07  5.9003e-11     5001  420 5001     2     2      0  8237  1.8e-10        -
2130  1.0406e-07  5.6601e-11     5007  421 5007     2     2      0  8246  2.8e-10        -
2136   1.044e-07  5.6601e-11     5019  421 5019     2     2      0  8264  3.7e-10        -
2139  1.0455e-07  5.1898e-11     5031  421 5031     2     2      0  8288  5.7e-11        -
2142  1.0471e-07  5.1898e-11     5043  421 5043     2     2      0  8312  5.7e-11        -
2145  1.0486e-07  5.1898e-11     5055  421 5055     2     2      0  8336  5.6e-11        -
2147  1.0496e-07  4.2407e-11     5065  422 5065     2     2      0  8355  8.1e-11        -
2152  1.0517e-07  4.2407e-11     5075  423 5075     2     2      0  8370  6.9e-11        -
2158  1.0542e-07  4.2407e-11     5087  423 5087     2     2      0  8388  6.2e-11        -
--         当前进度:  26 % - 正在组装残差
2160   1.055e-07  3.7963e-11 out 5095  425 5095     2     2      0  8402  3.5e-11        -
2166  1.0573e-07  3.7963e-11     5107  425 5107     2     2      0  8420  3.9e-11        -
2170  1.0594e-07  6.0187e-11     5119  427 5119     2     2      0  8440  2.7e-10        -
2175  1.0624e-07  6.0187e-11     5129  428 5129     2     2      0  8455  2.6e-10        -
2180   1.065e-07  3.9345e-11 out 5139  429 5139     2     2      0  8470  2.4e-11        -
2182  1.0665e-07  6.8133e-11     5147  431 5147     2     2      0  8484  3.1e-10        -
2187  1.0696e-07  4.0322e-11     5157  433 5157     2     2      0  8499  2.3e-11        -
2190  1.0715e-07  7.1124e-11     5167  435 5167     2     2      0  8516  2.7e-10        -
2194  1.0743e-07  6.7431e-11     5176  436 5176     2     2      0  8531    8e-11        -
2198   1.077e-07  6.7431e-11     5188  436 5188     2     2      0  8555  6.8e-11        -
2202  1.0795e-07  4.7706e-11     5203  437 5203     2     2      0  8584  6.1e-12        -
2207  1.0819e-07  4.7706e-11     5213  438 5213     2     2      0  8599  7.1e-12        -
2212  1.0843e-07  4.7706e-11     5223  438 5223     2     2      0  8614  1.8e-11        -
2214   1.085e-07  3.5322e-11 out 5231  440 5231     2     2      0  8628  4.2e-12        -
2219  1.0885e-07  7.0643e-11     5241  441 5241     2     2      0  8643  1.3e-10        -
2224  1.0908e-07   3.807e-11     5251  442 5251     2     2      0  8658  8.5e-12        -
2230   1.093e-07   3.807e-11     5263  442 5263     2     2      0  8676  1.3e-11        -
2235  1.0948e-07  2.1578e-11     5273  443 5273     2     2      0  8691    1e-12        -
2238  1.0959e-07  4.3155e-11     5279  444 5279     2     2      0  8700  3.4e-11        -
2244  1.0985e-07  4.3155e-11     5291  444 5291     2     2      0  8718  3.1e-11        -
2247  1.0997e-07  3.4224e-11     5301  445 5301     2     2      0  8735  1.1e-11        -
2252  1.1017e-07  6.8448e-11     5311  447 5311     2     2      0  8750  3.8e-10        -
2254  1.1029e-07  6.1603e-11     5319  449 5319     2     2      0  8764    3e-10        -
2257  1.1046e-07  4.1234e-11     5329  450 5329     2     2      0  8781  3.8e-11        -
2262  1.1066e-07  4.1234e-11     5339  451 5339     2     2      0  8796  4.2e-11        -
2265  1.1086e-07  7.1209e-11     5349  453 5349     2     2      0  8813  6.9e-10        -
2269  1.1104e-07  3.5038e-11     5357  455 5357     2     2      0  8825  2.2e-11        -
2271  1.1117e-07  6.3068e-11     5365  457 5365     2     2      0  8839  2.5e-10        -
2276  1.1146e-07  3.9773e-11     5375  459 5375     2     2      0  8854  5.6e-11        -
2282   1.117e-07  3.9773e-11     5387  459 5387     2     2      0  8872  6.3e-11        -
2287   1.119e-07  3.9773e-11     5397  459 5397     2     2      0  8887  6.5e-11        -
2290    1.12e-07  3.1248e-11 out 5407  461 5407     2     2      0  8904  1.9e-11        -
2293  1.1215e-07  5.6246e-11     5417  463 5417     2     2      0  8921  3.6e-10        -
2298  1.1243e-07  5.6246e-11     5427  464 5427     2     2      0  8936  3.2e-10        -
2303   1.126e-07  3.4389e-11     5437  465 5437     2     2      0  8951  2.4e-11        -
2307  1.1274e-07  3.4389e-11     5445  465 5445     2     2      0  8963  2.2e-11        -
2312  1.1296e-07  4.3666e-11     5455  467 5455     2     2      0  8978  1.1e-10        -
2318  1.1322e-07  4.3666e-11     5467  467 5467     2     2      0  8996  7.9e-11        -
2323  1.1344e-07  4.3666e-11     5477  467 5477     2     2      0  9011  5.3e-11        -
2325   1.135e-07   3.167e-11 out 5485  469 5485     2     2      0  9025  1.1e-11        -
2329  1.1372e-07   6.334e-11     5493  470 5493     2     2      0  9037  3.2e-10        -
2333  1.1396e-07  4.4144e-11     5505  471 5505     2     2      0  9057  4.1e-11        -
2338  1.1418e-07  4.4144e-11     5515  472 5515     2     2      0  9072    1e-09        -
2344  1.1444e-07  4.4144e-11     5527  472 5527     2     2      0  9090  3.4e-11        -
2348  1.1462e-07  5.8556e-11     5535  474 5535     2     2      0  9102  1.2e-10        -
--         当前进度:  28 % - 
Memory: 1027/1066 1039/1078
2353  1.1491e-07  5.8556e-11     5545  474 5545     2     2      0  9117  8.1e-11        -
2355    1.15e-07  4.5054e-11 out 5553  476 5553     2     2      0  9131  1.9e-11        -
2360  1.1523e-07  4.5054e-11     5563  476 5563     2     2      0  9146  6.5e-12        -
2364  1.1541e-07  4.5054e-11     5571  476 5571     2     2      0  9158  6.6e-12        -
2368  1.1555e-07  4.9459e-11     5579  478 5579     2     2      0  9170  8.9e-12        -
2373   1.158e-07  4.9459e-11     5589  478 5589     2     2      0  9185  2.4e-11        -
2378    1.16e-07  2.7435e-11 out 5599  479 5599     2     2      0  9200  1.2e-12        -
2382  1.1622e-07  5.4871e-11     5607  480 5607     2     2      0  9212  3.6e-11        -
2387  1.1647e-07  3.0517e-11     5617  481 5617     2     2      0  9227    3e-12        -
2392  1.1674e-07  6.1035e-11     5627  482 5627     2     2      0  9242  1.4e-10        -
2396  1.1696e-07  3.6379e-11     5635  483 5635     2     2      0  9254  1.4e-11        -
2402  1.1718e-07  3.6379e-11     5647  483 5647     2     2      0  9272  1.4e-11        -
2408   1.174e-07  3.6379e-11     5659  483 5659     2     2      0  9290  1.5e-11        -
2411   1.175e-07  3.1726e-11 out 5669  485 5669     2     2      0  9307  8.1e-12        -
2416  1.1782e-07  6.3453e-11     5679  486 5679     2     2      0  9322  3.3e-10        -
2420  1.1806e-07  5.9642e-11     5693  486 5693     2     2      0  9349  2.3e-11        -
2423  1.1824e-07  5.9642e-11     5705  486 5705     2     2      0  9373  2.5e-11        -
2426  1.1842e-07  5.9642e-11     5717  486 5717     2     2      0  9397  2.7e-11        -
2430  1.1858e-07  4.1255e-11     5725  487 5725     2     2      0  9409  4.4e-11        -
2436  1.1883e-07  4.1255e-11     5737  487 5737     2     2      0  9427  6.7e-11        -
2440  1.1898e-07    2.31e-11     5745  488 5745     2     2      0  9439    4e-12        -
2443  1.1909e-07    4.62e-11     5751  489 5751     2     2      0  9448  1.3e-10        -
2449  1.1937e-07    4.62e-11     5763  489 5763     2     2      0  9466  1.4e-10        -
2453  1.1954e-07  4.2101e-11     5777  489 5777     2     2      0  9493  3.3e-11        -
2456  1.1967e-07  4.2101e-11     5789  489 5789     2     2      0  9517  3.3e-11        -
2459  1.1979e-07  4.2101e-11     5801  489 5801     2     2      0  9541  3.2e-11        -
2462  1.1992e-07  4.2101e-11     5813  489 5813     2     2      0  9565  3.2e-11        -
2464     1.2e-07  3.9495e-11 out 5821  491 5821     2     2      0  9579  4.7e-11        -
2470  1.2024e-07  3.9495e-11     5833  491 5833     2     2      0  9597  4.2e-11        -
2476  1.2047e-07  3.2775e-11     5849  492 5849     2     2      0  9623  2.4e-11        -
2480  1.2066e-07  6.5551e-11     5857  494 5857     2     2      0  9635  6.1e-10        -
2485  1.2096e-07  3.6961e-11     5867  495 5867     2     2      0  9650  2.2e-11        -
2488  1.2114e-07  6.6529e-11     5877  497 5877     2     2      0  9667  4.1e-10        -
2493  1.2145e-07  4.6716e-11     5891  499 5891     2     2      0  9690  4.6e-11        -
2496  1.2159e-07  4.6716e-11     5897  500 5897     2     2      0  9699  4.6e-11        -
2502  1.2187e-07  4.6716e-11     5909  500 5909     2     2      0  9717  4.3e-11        -
2505    1.22e-07  3.9777e-11 out 5919  502 5919     2     2      0  9734  1.7e-11        -
2508  1.2219e-07  7.1599e-11     5929  504 5929     2     2      0  9751  2.9e-10        -
2512  1.2245e-07  4.7137e-11     5937  506 5937     2     2      0  9763    2e-11        -
2518  1.2274e-07  4.7137e-11     5949  506 5949     2     2      0  9781  1.1e-11        -
2523  1.2296e-07  3.7882e-11     5963  507 5963     2     2      0  9804  2.2e-12        -
2526  1.2315e-07  7.5763e-11     5969  509 5969     2     2      0  9813  1.9e-10        -
2528   1.233e-07  6.8187e-11     5977  510 5977     2     2      0  9827  1.1e-10        -
2533  1.2364e-07  6.8169e-11     5987  511 5987     2     2      0  9846  8.9e-12        -
---        当前进度:  30 % - 正在组装残差
Memory: 1028/1066 1040/1078
2538  1.2395e-07  4.5494e-11     6001  512 6001     2     2      0  9873  2.5e-11        -
2542  1.2414e-07  4.5494e-11     6009  513 6009     2     2      0  9885  3.3e-11        -
2548  1.2441e-07  4.5494e-11     6021  513 6021     2     2      0  9903  4.5e-11        -
2554  1.2468e-07  4.5275e-11     6033  513 6033     2     2      0  9927  1.7e-11        -
2560  1.2495e-07  4.5275e-11     6045  513 6045     2     2      0  9951  2.1e-11        -
2563  1.2505e-07  4.7249e-11     6051  515 6051     2     2      0  9960    8e-11        -
2569  1.2533e-07  4.7249e-11     6063  515 6063     2     2      0  9978  7.8e-11        -
2572  1.2546e-07  3.7379e-11     6073  516 6073     2     2      0  9995  2.6e-11        -
2575  1.2564e-07  6.7282e-11     6083  519 6083     2     2      0 10012  5.2e-10        -
2578  1.2584e-07  6.7282e-11     6089  520 6089     2     2      0 10021  5.7e-10        -
2583  1.2609e-07  4.4416e-11     6099  521 6099     2     2      0 10036  7.3e-11        -
2589  1.2636e-07  4.4416e-11     6111  521 6111     2     2      0 10054    1e-10        -
2592  1.2647e-07  2.7918e-11     6117  522 6117     2     2      0 10063  1.1e-11        -
2597  1.2672e-07  5.5836e-11     6127  523 6127     2     2      0 10078  3.5e-10        -
2602    1.27e-07  5.4575e-11 out 6138  523 6138     2     2      0 10097  1.8e-11        -
2606  1.2722e-07  5.4575e-11     6150  523 6150     2     2      0 10121  1.8e-11        -
2610  1.2744e-07  5.4575e-11     6162  523 6162     2     2      0 10145  1.7e-11        -
2614  1.2763e-07  6.3401e-11     6170  525 6170     2     2      0 10157  4.5e-10        -
2619  1.2794e-07  5.9796e-11     6182  525 6182     2     2      0 10177  2.1e-11        -
2622  1.2812e-07  5.9796e-11     6194  525 6194     2     2      0 10201    2e-11        -
2626  1.2836e-07  5.9796e-11     6208  525 6208     2     2      0 10229  1.4e-10        -
2630  1.2854e-07  4.0714e-11     6217  526 6217     2     2      0 10244  3.5e-11        -
2632  1.2869e-07  6.6441e-11     6225  528 6225     2     2      0 10258  3.3e-10        -
2634  1.2881e-07  5.9797e-11     6233  530 6233     2     2      0 10272  1.9e-10        -
2638    1.29e-07  3.2794e-11 out 6241  532 6241     2     2      0 10284    9e-12        -
2643  1.2933e-07  6.5587e-11     6251  533 6251     2     2      0 10299  2.2e-10        -
2646   1.295e-07  5.3239e-11 out 6261  535 6261     2     2      0 10316  7.2e-11        -
2651  1.2977e-07  5.3239e-11     6271  535 6271     2     2      0 10331  4.6e-11        -
2655  1.2996e-07  3.7045e-11     6283  536 6283     2     2      0 10351  4.7e-12        -
2659  1.3022e-07  7.4089e-11     6291  538 6291     2     2      0 10363  9.3e-11        -
2662  1.3044e-07  6.4777e-11     6301  539 6301     2     2      0 10380  1.3e-11        -
2667  1.3076e-07  6.4777e-11     6311  540 6311     2     2      0 10395  8.9e-11        -
2670  1.3094e-07   5.567e-11     6321  541 6321     2     2      0 10412    3e-11        -
2675  1.3122e-07   5.567e-11     6331  542 6331     2     2      0 10427  5.8e-11        -
2681  1.3156e-07  5.5154e-11     6343  542 6343     2     2      0 10448  5.5e-11        -
2686  1.3183e-07  5.5154e-11     6353  542 6353     2     2      0 10468  6.7e-11        -
2691  1.3203e-07  2.9383e-11     6363  543 6363     2     2      0 10485    5e-12        -
2696  1.3232e-07  5.8765e-11     6373  544 6373     2     2      0 10500  1.8e-10        -
2701  1.3253e-07   2.963e-11     6383  545 6383     2     2      0 10515  7.5e-12        -
2706  1.3283e-07   5.926e-11     6393  546 6393     2     2      0 10530  2.5e-10        -
2710  1.3306e-07  5.7404e-11     6404  546 6404     2     2      0 10551  3.8e-11        -
2714  1.3329e-07  5.7404e-11     6416  546 6416     2     2      0 10575  4.2e-11        -
2717  1.3345e-07  4.9085e-11     6428  547 6428     2     2      0 10598    2e-10        -
2722   1.337e-07  4.9085e-11     6438  548 6438     2     2      0 10613  1.6e-10        -
2728  1.3397e-07  2.9118e-11     6450  549 6450     2     2      0 10631  1.3e-11        -
---        当前进度:  32 % - 正在组装残差
2732  1.3417e-07  5.8235e-11     6458  550 6458     2     2      0 10643  4.3e-10        -
2737  1.3445e-07  4.6177e-11     6472  551 6472     2     2      0 10666  1.2e-10        -
2741  1.3464e-07  4.6177e-11     6480  552 6480     2     2      0 10678  1.1e-10        -
2746  1.3487e-07  4.6177e-11     6490  552 6490     2     2      0 10693  9.8e-11        -
2749    1.35e-07  4.2202e-11 out 6500  552 6500     2     2      0 10712  2.9e-11        -
2752  1.3513e-07  4.2202e-11     6512  552 6512     2     2      0 10736  2.8e-11        -
2755  1.3525e-07  4.2202e-11     6524  552 6524     2     2      0 10760  2.6e-11        -
2758  1.3544e-07  6.0089e-11     6536  554 6536     2     2      0 10782  4.8e-10        -
2763  1.3574e-07  6.0089e-11     6546  555 6546     2     2      0 10797  2.5e-10        -
2768    1.36e-07  3.9688e-11 out 6556  556 6556     2     2      0 10812    3e-11        -
2770  1.3615e-07  6.7979e-11     6564  558 6564     2     2      0 10826  3.5e-10        -
2774  1.3642e-07  6.7979e-11     6572  559 6572     2     2      0 10838  3.4e-10        -
2778  1.3665e-07  7.1249e-11     6584  562 6584     2     2      0 10858  3.5e-10        -
2782  1.3693e-07  6.7137e-11     6593  563 6593     2     2      0 10873  1.2e-10        -
2786   1.372e-07  6.7137e-11     6605  563 6605     2     2      0 10897  9.9e-11        -
2790  1.3745e-07  4.8589e-11     6620  564 6620     2     2      0 10926  1.8e-11        -
2795  1.3769e-07  4.8589e-11     6630  565 6630     2     2      0 10941  7.7e-12        -
2801  1.3797e-07  3.1348e-11     6642  566 6642     2     2      0 10959  2.3e-12        -
2805  1.3819e-07  6.2697e-11     6650  567 6650     2     2      0 10971  7.6e-11        -
2811  1.3856e-07   6.191e-11     6662  567 6662     2     2      0 10992  9.6e-11        -
2817  1.3893e-07   6.191e-11     6674  567 6674     2     2      0 11016  1.2e-10        -
2821  1.3913e-07  5.9969e-11     6686  570 6686     2     2      0 11036  1.4e-10        -
2826  1.3943e-07  5.9969e-11     6696  571 6696     2     2      0 11051  1.8e-10        -
2830  1.3961e-07  7.3555e-11     6704  573 6704     2     2      0 11063  5.2e-10        -
2832  1.3973e-07  6.2254e-11     6712  575 6712     2     2      0 11077  3.3e-10        -
2834  1.3985e-07  5.6029e-11     6720  577 6720     2     2      0 11091  1.9e-10        -
2837     1.4e-07  4.8536e-11 out 6730  579 6730     2     2      0 11108  8.6e-11        -
2842  1.4024e-07  4.8536e-11     6740  579 6740     2     2      0 11123  9.4e-11        -
2847  1.4047e-07  3.1586e-11     6750  580 6750     2     2      0 11138  1.3e-11        -
2851  1.4069e-07  6.3172e-11     6758  581 6758     2     2      0 11150  6.8e-10        -
2856    1.41e-07  6.0484e-11 out 6770  581 6770     2     2      0 11171  1.1e-10        -
2860  1.4124e-07  6.0484e-11     6782  581 6782     2     2      0 11195  1.2e-10        -
2864  1.4146e-07  3.8306e-11     6793  582 6793     2     2      0 11216  5.3e-11        -
2869  1.4165e-07  3.8306e-11     6803  582 6803     2     2      0 11231  5.2e-11        -
2872  1.4177e-07  3.8306e-11     6809  582 6809     2     2      0 11240    5e-11        -
2876  1.4192e-07  3.8306e-11     6817  582 6817     2     2      0 11252  4.7e-11        -
2880  1.4204e-07  4.0325e-11     6825  584 6825     2     2      0 11264  5.6e-11        -
2884   1.422e-07  4.0325e-11     6833  584 6833     2     2      0 11276  5.1e-11        -
2890  1.4244e-07  4.0325e-11     6845  584 6845     2     2      0 11294  6.2e-11        -
2892   1.425e-07  2.8212e-11 out 6853  586 6853     2     2      0 11308  1.2e-11        -
2897  1.4278e-07  5.6424e-11     6863  587 6863     2     2      0 11323  3.6e-10        -
2901    1.43e-07  5.2516e-11 out 6875  587 6875     2     2      0 11345  2.4e-11        -
2904  1.4316e-07  5.2516e-11     6887  587 6887     2     2      0 11369  2.3e-11        -
---        当前进度:  33 % - 
2907  1.4332e-07  5.2516e-11     6899  587 6899     2     2      0 11393  2.1e-11        -
2910  1.4346e-07  3.9936e-11     6913  588 6913     2     2      0 11420    3e-11        -
2914  1.4362e-07  3.9936e-11     6921  589 6921     2     2      0 11432  2.4e-11        -
2918  1.4378e-07  3.9936e-11     6929  589 6929     2     2      0 11444  2.7e-11        -
2923  1.4397e-07  3.0353e-11     6943  590 6943     2     2      0 11467  5.2e-12        -
2927  1.4418e-07  6.0707e-11     6951  592 6951     2     2      0 11479  1.5e-10        -
2932  1.4446e-07  3.7526e-11     6961  593 6961     2     2      0 11494  9.8e-12        -
2937   1.448e-07  7.5053e-11     6971  594 6971     2     2      0 11509  1.8e-10        -
2939  1.4494e-07  6.2368e-11     6979  595 6979     2     2      0 11523  4.6e-11        -
2944  1.4525e-07  6.2368e-11     6989  596 6989     2     2      0 11538  1.3e-11        -
2949   1.455e-07  3.1713e-11 out 6999  597 6999     2     2      0 11553  1.3e-12        -
2952  1.4569e-07  6.3425e-11     7005  598 7005     2     2      0 11562  5.2e-11        -
2957    1.46e-07  5.9724e-11 out 7017  598 7017     2     2      0 11583  7.2e-11        -
2961  1.4624e-07  5.9724e-11     7029  598 7029     2     2      0 11607  8.3e-11        -
2965  1.4646e-07  4.0967e-11     7040  599 7040     2     2      0 11628    2e-11        -
2970  1.4666e-07  4.0967e-11     7050  599 7050     2     2      0 11643  2.3e-11        -
2976  1.4691e-07  4.0967e-11     7062  599 7062     2     2      0 11661  2.9e-11        -
2980  1.4705e-07  4.9367e-11     7070  601 7070     2     2      0 11673  7.3e-11        -
2986  1.4735e-07  4.9367e-11     7082  601 7082     2     2      0 11691  9.4e-11        -
2991  1.4756e-07  5.5699e-11     7092  603 7092     2     2      0 11706  1.8e-10        -
2997  1.4789e-07  5.5699e-11     7104  603 7104     2     2      0 11724  3.4e-10        -
3003  1.4822e-07  5.5052e-11     7116  603 7116     2     2      0 11748    2e-10        -
3008  1.4847e-07  2.9791e-11     7126  604 7126     2     2      0 11767  1.5e-11        -
3013  1.4871e-07  5.9583e-11     7136  605 7136     2     2      0 11782  5.1e-10        -
3018    1.49e-07  5.6356e-11 out 7148  605 7148     2     2      0 11803  1.6e-10        -
3022  1.4923e-07  5.6356e-11     7160  605 7160     2     2      0 11827  1.6e-10        -
3026  1.4945e-07  5.2752e-11     7175  606 7175     2     2      0 11856  2.1e-10        -
3029  1.4961e-07  5.2752e-11     7181  607 7181     2     2      0 11865  1.9e-10        -
3035  1.4992e-07  5.2752e-11     7193  607 7193     2     2      0 11883  2.7e-10        -
3037     1.5e-07  3.8991e-11 out 7201  609 7201     2     2      0 11897  5.8e-11        -
3041  1.5016e-07  3.8991e-11     7209  609 7209     2     2      0 11909  5.6e-11        -
3046  1.5035e-07  3.8991e-11     7219  609 7219     2     2      0 11924  4.6e-11        -
3050   1.505e-07   3.555e-11 out 7231  609 7231     2     2      0 11946  1.3e-11        -
3053  1.5067e-07   6.399e-11     7243  611 7243     2     2      0 11968  5.4e-10        -
3058  1.5096e-07    3.67e-11     7253  613 7253     2     2      0 11983  2.1e-11        -
3061  1.5114e-07  6.6059e-11     7263  615 7263     2     2      0 12000  3.4e-10        -
3066  1.5145e-07  4.8153e-11     7277  617 7277     2     2      0 12023  5.2e-11        -
3071  1.5169e-07  4.8153e-11     7287  618 7287     2     2      0 12038    6e-11        -
3076  1.5193e-07  4.8153e-11     7297  618 7297     2     2      0 12053  3.1e-11        -
3078    1.52e-07  3.3313e-11 out 7305  620 7305     2     2      0 12067  4.5e-12        -
3083  1.5233e-07  6.6627e-11     7315  621 7315     2     2      0 12082    1e-10        -
3085  1.5245e-07  5.0119e-11     7323  622 7323     2     2      0 12096    2e-11        -
3088   1.526e-07  5.0119e-11     7329  623 7329     2     2      0 12105  1.6e-11        -
3093  1.5285e-07  5.0119e-11     7339  623 7339     2     2      0 12120  1.4e-11        -
---        当前进度:  35 % - 
3096    1.53e-07  4.9523e-11 out 7345  623 7345     2     2      0 12131  3.5e-11        -
3102   1.533e-07  4.9523e-11     7357  623 7357     2     2      0 12155  4.1e-11        -
3107   1.535e-07  2.7148e-11 out 7367  624 7367     2     2      0 12173  1.6e-12        -
3111  1.5372e-07  5.4296e-11     7375  625 7375     2     2      0 12185    7e-11        -
3116  1.5397e-07  3.2816e-11     7385  626 7385     2     2      0 12200  7.1e-12        -
3119  1.5412e-07  5.9068e-11     7395  628 7395     2     2      0 12217  1.5e-10        -
3123  1.5436e-07  5.9068e-11     7403  629 7403     2     2      0 12229  1.9e-10        -
3125  1.5446e-07   3.998e-11     7411  630 7411     2     2      0 12243  2.9e-11        -
3130  1.5466e-07   3.998e-11     7421  631 7421     2     2      0 12258  3.8e-11        -
3135  1.5486e-07   3.998e-11     7431  631 7431     2     2      0 12273  5.4e-11        -
3138  1.5497e-07  3.0112e-11     7441  632 7441     2     2      0 12290  1.4e-11        -
3142  1.5518e-07  6.0224e-11     7449  634 7449     2     2      0 12302  4.8e-10        -
3147  1.5546e-07  3.9215e-11     7459  635 7459     2     2      0 12317  6.1e-11        -
3153   1.557e-07  3.9215e-11     7471  635 7471     2     2      0 12335  6.9e-11        -
3159  1.5593e-07  3.9215e-11     7483  635 7483     2     2      0 12353  6.1e-11        -
3161    1.56e-07   3.432e-11 out 7491  637 7491     2     2      0 12367  3.2e-11        -
3166  1.5617e-07   3.432e-11     7501  637 7501     2     2      0 12382  3.2e-11        -
3172  1.5638e-07   3.432e-11     7513  637 7513     2     2      0 12400    3e-11        -
3177  1.5661e-07  5.3845e-11     7523  638 7523     2     2      0 12415  2.6e-10        -
3182  1.5688e-07  5.3845e-11     7533  638 7533     2     2      0 12430  2.3e-10        -
3186  1.5703e-07  3.4621e-11     7541  639 7541     2     2      0 12442  2.3e-11        -
3191  1.5738e-07  6.9243e-11     7551  640 7551     2     2      0 12457    1e-09        -
3193   1.575e-07  5.9583e-11 out 7559  642 7559     2     2      0 12471  4.7e-10        -
3199  1.5786e-07  5.9583e-11     7571  642 7571     2     2      0 12489  3.8e-10        -
3202    1.58e-07  4.1459e-11 out 7581  644 7581     2     2      0 12506  6.2e-11        -
3208  1.5825e-07  4.1459e-11     7593  644 7593     2     2      0 12524  5.9e-11        -
3214  1.5848e-07  2.1975e-11     7605  645 7605     2     2      0 12542  1.4e-12        -
3219  1.5868e-07   4.395e-11     7615  646 7615     2     2      0 12557  4.5e-11        -
3225  1.5894e-07   4.395e-11     7627  646 7627     2     2      0 12575    3e-11        -
3227    1.59e-07  3.0251e-11 out 7635  648 7635     2     2      0 12589  4.3e-12        -
3232   1.593e-07  6.0502e-11     7645  649 7645     2     2      0 12604    1e-10        -
3236   1.595e-07  3.8244e-11 out 7653  650 7653     2     2      0 12616  7.6e-12        -
3241  1.5984e-07  7.6488e-11     7663  651 7663     2     2      0 12631  1.7e-10        -
3246  1.6012e-07  7.9318e-11     7673  653 7673     2     2      0 12646  1.6e-10        -
3248  1.6026e-07  7.1386e-11     7681  655 7681     2     2      0 12660  1.2e-10        -
3251  1.6045e-07   4.774e-11     7691  656 7691     2     2      0 12677  1.6e-11        -
3256  1.6069e-07   4.774e-11     7701  657 7701     2     2      0 12692  2.4e-11        -
3261  1.6093e-07   4.774e-11     7711  657 7711     2     2      0 12707  2.8e-11        -
3263    1.61e-07  3.5172e-11 out 7719  659 7719     2     2      0 12721  1.5e-11        -
3268  1.6118e-07  3.5172e-11     7729  659 7729     2     2      0 12736  1.7e-11        -
3272  1.6132e-07  3.5172e-11     7737  659 7737     2     2      0 12748  1.8e-11        -
3277  1.6148e-07  2.1384e-11     7747  660 7747     2     2      0 12763  1.5e-12        -
3281  1.6163e-07  4.2768e-11     7755  661 7755     2     2      0 12775    5e-11        -
3287  1.6188e-07  4.2768e-11     7767  661 7767     2     2      0 12793  4.6e-11        -
3290    1.62e-07   3.616e-11 out 7777  663 7777     2     2      0 12810  2.3e-11        -
3296  1.6225e-07   7.232e-11     7789  664 7789     2     2      0 12828    1e-09        -
3299  1.6245e-07  5.1121e-11     7799  665 7799     2     2      0 12845    2e-10        -
---        当前进度:  37 % - 
3301  1.6255e-07  5.1121e-11     7803  666 7803     2     2      0 12851  2.1e-10        -
3307  1.6286e-07  5.1121e-11     7815  666 7815     2     2      0 12869  2.3e-10        -
3309  1.6295e-07  4.5515e-11     7823  667 7823     2     2      0 12883  1.4e-10        -
3313  1.6314e-07  4.5515e-11     7831  668 7831     2     2      0 12895  1.5e-10        -
3318  1.6336e-07  4.5515e-11     7841  668 7841     2     2      0 12910  1.3e-10        -
3323  1.6359e-07  4.5183e-11     7851  668 7851     2     2      0 12929  6.3e-11        -
3328  1.6382e-07  4.5183e-11     7861  668 7861     2     2      0 12949  6.3e-11        -
3333    1.64e-07  2.4087e-11 out 7871  669 7871     2     2      0 12967  4.6e-12        -
3336  1.6414e-07  4.8174e-11     7877  670 7877     2     2      0 12976  1.4e-10        -
3341  1.6439e-07  4.8174e-11     7887  670 7887     2     2      0 12991  1.2e-10        -
3343  1.6447e-07  3.3218e-11     7895  671 7895     2     2      0 13005  1.8e-11        -
3345  1.6457e-07  6.6436e-11     7899  673 7899     2     2      0 13011  7.4e-10        -
3350   1.649e-07  6.6436e-11     7909  673 7909     2     2      0 13026    8e-10        -
3351  1.6495e-07  5.0691e-11     7915  674 7915     2     2      0 13037  2.1e-10        -
3354   1.651e-07  5.0691e-11     7921  675 7921     2     2      0 13046    2e-10        -
3358   1.653e-07  5.0691e-11     7929  675 7929     2     2      0 13058  1.7e-10        -
3361  1.6545e-07  4.7238e-11     7936  675 7936     2     2      0 13070    1e-10        -
3364  1.6559e-07  4.7238e-11     7945  675 7945     2     2      0 13088  9.1e-11        -
3368  1.6578e-07  4.7238e-11     7957  675 7957     2     2      0 13112  8.1e-11        -
3372  1.6596e-07  3.7429e-11     7972  676 7972     2     2      0 13141  2.2e-11        -
3375  1.6614e-07  6.7372e-11     7982  679 7982     2     2      0 13158  3.5e-10        -
3379  1.6641e-07  6.7372e-11     7990  680 7990     2     2      0 13170  3.4e-10        -
3383  1.6659e-07   4.414e-11     7998  681 7998     2     2      0 13182  2.3e-11        -
3385  1.6675e-07  7.4271e-11     8006  683 8006     2     2      0 13196  2.9e-10        -
3387  1.6689e-07  6.6844e-11     8014  685 8014     2     2      0 13210  1.2e-10        -
3390  1.6705e-07  5.4026e-11     8020  686 8020     2     2      0 13219  3.9e-11        -
3395  1.6732e-07  5.4026e-11     8030  686 8030     2     2      0 13234  2.5e-11        -
3399   1.675e-07  3.3895e-11 out 8038  687 8038     2     2      0 13246  2.5e-12        -
3403  1.6777e-07  6.7789e-11     8046  688 8046     2     2      0 13258  1.6e-10        -
3405   1.679e-07   6.101e-11     8054  689 8054     2     2      0 13272  4.9e-11        -
3409   1.681e-07  5.0022e-11     8062  690 8062     2     2      0 13284  3.2e-11        -
3414  1.6835e-07  5.0022e-11     8072  690 8072     2     2      0 13299  8.6e-11        -
3419   1.686e-07  4.9914e-11     8082  690 8082     2     2      0 13318  9.2e-12        -
3424  1.6885e-07  4.9914e-11     8092  690 8092     2     2      0 13338  1.1e-11        -
3428    1.69e-07  2.5389e-11 out 8100  691 8100     2     2      0 13352  3.7e-12        -
3432   1.692e-07  5.0777e-11     8108  692 8108     2     2      0 13364  1.5e-10        -
3437  1.6945e-07   4.689e-11     8120  692 8120     2     2      0 13384  2.5e-11        -
3440  1.6959e-07   4.689e-11     8132  692 8132     2     2      0 13408  2.6e-11        -
3443  1.6973e-07   4.689e-11     8144  692 8144     2     2      0 13432  2.8e-11        -
3446  1.6988e-07   4.689e-11     8156  692 8156     2     2      0 13456  2.9e-11        -
3448  1.6996e-07  3.8994e-11     8166  693 8166     2     2      0 13475  5.5e-11        -
3452  1.7012e-07  3.8994e-11     8174  694 8174     2     2      0 13487  5.6e-11        -
3457  1.7033e-07  6.1349e-11     8186  696 8186     2     3      0 13505  6.1e-10        -
3459  1.7044e-07  5.5214e-11     8194  698 8194     2     3      0 13519  3.6e-10        -
---        当前进度:  39 % - 
3463  1.7058e-07  5.5266e-11     8202  700 8202     2     3      0 13531    4e-10        -
3468  1.7086e-07  5.5266e-11     8212  700 8212     2     3      0 13546  3.4e-10        -
3470  1.7096e-07  4.2752e-11     8220  701 8220     2     3      0 13560  9.6e-11        -
3473   1.711e-07  5.9292e-11     8228  704 8228     2     4      0 13572  4.8e-10        -
3475  1.7121e-07  5.3363e-11     8236  706 8236     2     4      0 13586  2.8e-10        -
3480  1.7146e-07  3.8888e-11     8250  707 8250     2     4      0 13609  4.9e-11        -
3484  1.7168e-07  6.2893e-11     8262  710 8262     2     4      0 13629  4.9e-10        -
3489  1.7197e-07  3.4436e-11     8272  712 8272     2     4      0 13644  2.8e-11        -
3492  1.7213e-07  6.1984e-11     8282  714 8282     2     4      0 13661  5.8e-10        -
3496  1.7238e-07  6.1984e-11     8290  715 8290     2     4      0 13673  5.5e-10        -
3501  1.7268e-07  6.0603e-11     8301  715 8301     2     4      0 13695    5e-10        -
3506  1.7296e-07  3.7888e-11     8311  716 8311     2     4      0 13714  3.8e-11        -
3511  1.7315e-07  3.7888e-11     8321  716 8321     2     4      0 13729  3.2e-11        -
3513   1.733e-07  6.8199e-11     8329  718 8329     2     4      0 13743  4.6e-10        -
3516   1.735e-07  6.8137e-11 out 8335  719 8335     2     4      0 13754    2e-12        -
3521  1.7384e-07  6.8137e-11     8345  719 8345     2     4      0 13774  3.6e-13        -
3524    1.74e-07  4.5589e-11 out 8355  721 8355     2     4      0 13792  3.1e-11        -
3527  1.7421e-07  7.3972e-11     8365  723 8365     2     4      0 13809  2.4e-10        -
3529  1.7435e-07  6.6574e-11     8373  725 8373     2     4      0 13823    9e-11        -
3533  1.7454e-07   4.107e-11     8381  727 8381     2     4      0 13835  5.4e-12        -
3535   1.747e-07  7.2749e-11     8389  729 8389     2     4      0 13849  9.9e-11        -
3537  1.7483e-07  6.5474e-11     8397  731 8397     2     4      0 13863  6.8e-11        -
3539  1.7495e-07  5.0171e-11     8405  733 8405     2     4      0 13877  3.2e-11        -
3544   1.752e-07  5.0171e-11     8415  734 8415     2     4      0 13892  1.7e-11        -
3549  1.7545e-07  4.9317e-11     8425  734 8425     2     4      0 13908  6.8e-11        -
3555  1.7575e-07  4.9317e-11     8437  734 8437     2     4      0 13932  8.2e-11        -
3560  1.7597e-07  2.8074e-11     8447  735 8447     2     4      0 13951  5.7e-12        -
3565  1.7622e-07  5.6147e-11     8457  736 8457     2     4      0 13966  1.9e-10        -
3570   1.765e-07  5.3485e-11 out 8469  736 8469     2     4      0 13987  6.3e-11        -
3574  1.7671e-07  5.3485e-11     8481  736 8481     2     4      0 14011  7.1e-11        -
3578  1.7693e-07  5.3485e-11     8493  736 8493     2     4      0 14035  8.1e-11        -
3582  1.7707e-07  3.6059e-11     8501  737 8501     2     4      0 14047  3.2e-11        -
3587  1.7725e-07  3.6059e-11     8511  737 8511     2     4      0 14062  3.5e-11        -
3593  1.7747e-07  3.3648e-11     8524  737 8524     2     4      0 14083  3.6e-11        -
3596  1.7763e-07  6.0566e-11     8535  739 8535     2     4      0 14103  5.3e-10        -
3598  1.7774e-07   5.451e-11     8543  741 8543     2     4      0 14117  3.3e-10        -
3602  1.7795e-07  4.6766e-11     8555  743 8555     2     4      0 14137  1.7e-10        -
3606  1.7814e-07  4.6766e-11     8563  744 8563     2     4      0 14149  1.5e-10        -
3612  1.7842e-07  4.6766e-11     8575  744 8575     2     4      0 14167  1.5e-10        -
3614   1.785e-07  3.9553e-11 out 8583  746 8583     2     4      0 14181  6.3e-11        -
3616  1.7861e-07  5.2908e-11     8593  749 8593     2     5      0 14198  2.6e-10        -
3621  1.7888e-07  5.2908e-11     8603  750 8603     2     5      0 14213  2.3e-10        -
----       当前进度:  40 % - 组装矩阵
3624    1.79e-07  3.5428e-11 out 8613  752 8613     2     5      0 14230  4.1e-11        -
3626  1.7913e-07  6.2695e-11     8621  754 8621     2     5      0 14244  6.6e-10        -
3631  1.7944e-07  5.7835e-11     8633  755 8633     2     5      0 14264    8e-11        -
3634  1.7962e-07  5.7835e-11     8645  755 8645     2     5      0 14288  7.5e-11        -
3637  1.7979e-07  5.7835e-11     8657  755 8657     2     5      0 14312  7.1e-11        -
3639   1.799e-07  5.7835e-11     8665  755 8665     2     5      0 14328  6.8e-11        -
3641     1.8e-07  4.7578e-11 out 8673  757 8673     2     5      0 14342  1.2e-10        -
3647  1.8029e-07  4.7578e-11     8685  757 8685     2     5      0 14360  1.2e-10        -
3651  1.8046e-07  3.5897e-11     8697  758 8697     2     5      0 14380  2.8e-11        -
3654  1.8061e-07  7.1794e-11     8703  760 8703     2     5      0 14389  7.6e-10        -
3656  1.8074e-07  6.4615e-11     8711  762 8711     2     5      0 14403  3.3e-10        -
3660  1.8097e-07  3.4617e-11     8719  763 8719     2     5      0 14415  1.2e-11        -
3664  1.8121e-07  6.9234e-11     8727  764 8727     2     5      0 14427  3.7e-10        -
3668  1.8146e-07  4.2298e-11     8735  765 8735     2     5      0 14439  1.8e-11        -
3671  1.8166e-07  7.3793e-11     8745  767 8745     2     5      0 14456  2.4e-10        -
3673   1.818e-07  6.6414e-11     8753  769 8753     2     5      0 14470  8.5e-11        -
3676  1.8197e-07  3.4288e-11     8759  771 8759     2     5      0 14479  1.7e-12        -
3680  1.8221e-07  6.8576e-11     8767  772 8767     2     5      0 14491  5.6e-11        -
3684  1.8246e-07  4.4272e-11     8775  773 8775     2     5      0 14503  1.9e-11        -
3686  1.8257e-07  6.8795e-11     8781  775 8781     2     6      0 14512  1.8e-10        -
3688  1.8269e-07  6.1916e-11     8789  777 8789     2     6      0 14526  7.4e-11        -
3693    1.83e-07  6.0813e-11 out 8799  777 8799     2     6      0 14543  1.9e-10        -
3697  1.8324e-07  6.0813e-11     8807  777 8807     2     6      0 14559  2.2e-10        -
3702   1.835e-07  3.7156e-11 out 8817  778 8817     2     6      0 14577  2.3e-11        -
3705  1.8367e-07  6.2068e-11     8827  780 8827     2     6      0 14594  3.1e-10        -
3707  1.8379e-07  5.5861e-11     8835  782 8835     2     6      0 14608  2.4e-10        -
3710  1.8395e-07  4.8407e-11     8845  784 8845     2     6      0 14625  1.2e-10        -
3713   1.841e-07  4.8407e-11     8851  785 8851     2     6      0 14634  1.3e-10        -
3718  1.8434e-07  4.8407e-11     8861  785 8861     2     6      0 14649  1.3e-10        -
3723  1.8453e-07  3.2169e-11     8871  786 8871     2     6      0 14664  1.9e-11        -
3727  1.8479e-07  6.4337e-11     8879  787 8879     2     6      0 14676  6.4e-10        -
3732  1.8504e-07  4.0904e-11     8889  788 8889     2     6      0 14691  7.6e-11        -
3738  1.8529e-07  4.0904e-11     8901  788 8901     2     6      0 14709  8.3e-11        -
3740   1.854e-07  5.4687e-11     8911  791 8911     2     7      0 14726  3.9e-10        -
3744   1.856e-07  4.9111e-11     8919  792 8919     2     7      0 14738  1.9e-10        -
3749  1.8584e-07  4.9111e-11     8929  792 8929     2     7      0 14753  1.9e-10        -
3753    1.86e-07  2.9001e-11 out 8937  793 8937     2     7      0 14765  1.3e-11        -
3757   1.862e-07  5.8003e-11     8945  794 8945     2     7      0 14777  5.7e-10        -
3762  1.8647e-07  3.2489e-11     8955  795 8955     2     7      0 14792  2.5e-11        -
3766  1.8666e-07  6.4978e-11     8963  796 8963     2     7      0 14804  7.4e-10        -
3771  1.8696e-07   3.882e-11     8973  797 8973     2     7      0 14819  5.5e-11        -
3776  1.8716e-07   3.882e-11     8983  797 8983     2     7      0 14834  5.3e-11        -
3781  1.8735e-07   3.882e-11     8993  797 8993     2     7      0 14849  4.9e-11        -
3786  1.8754e-07  3.6489e-11     9006  797 9006     2     7      0 14873  2.9e-11        -
3789  1.8765e-07  3.6489e-11     9015  797 9015     2     7      0 14891  2.9e-11        -
3793  1.8779e-07  3.6489e-11     9027  797 9027     2     7      0 14915  2.6e-11        -
----       当前进度:  42 % - 
3796   1.879e-07  3.6489e-11     9036  797 9036     2     7      0 14933  2.5e-11        -
3798    1.88e-07  6.2135e-11 out 9041  798 9041     2     7      0 14942  3.7e-10        -
3803  1.8831e-07  6.2135e-11     9051  798 9051     2     7      0 14957  3.2e-10        -
3808  1.8857e-07  6.5058e-11     9061  800 9061     2     7      0 14972  2.7e-10        -
3814  1.8895e-07  5.4825e-11     9077  801 9077     2     7      0 14998  4.9e-11        -
3818  1.8916e-07  5.4825e-11     9085  802 9085     2     7      0 15010  4.7e-11        -
3824  1.8947e-07  3.0701e-11     9097  803 9097     2     7      0 15028  1.9e-12        -
3828  1.8968e-07  6.1403e-11     9105  804 9105     2     7      0 15040  4.9e-11        -
3833  1.8996e-07   3.509e-11     9115  805 9115     2     7      0 15055  2.8e-12        -
3836  1.9011e-07   7.018e-11     9121  806 9121     2     7      0 15064  1.5e-10        -
3838  1.9023e-07  6.3162e-11     9129  808 9129     2     7      0 15078  1.2e-10        -
3843   1.905e-07  3.9459e-11 out 9139  809 9139     2     7      0 15093  2.2e-11        -
3845  1.9064e-07  6.3705e-11     9147  811 9147     2     7      0 15107  2.7e-10        -
3847  1.9076e-07  5.7334e-11     9155  813 9155     2     7      0 15121  1.8e-10        -
3851  1.9097e-07  3.2168e-11     9163  815 9163     2     7      0 15133  1.2e-11        -
3855  1.9115e-07  5.7902e-11     9175  817 9175     2     7      0 15153  2.9e-10        -
3860  1.9144e-07  5.6993e-11     9185  818 9185     2     7      0 15169  2.6e-10        -
3866  1.9178e-07  5.6993e-11     9197  818 9197     2     7      0 15193  3.1e-10        -
3869  1.9195e-07  5.0526e-11     9207  819 9207     2     7      0 15212  1.8e-10        -
3874   1.922e-07  5.0526e-11     9217  820 9217     2     7      0 15227  1.9e-10        -
3879  1.9245e-07  4.7898e-11     9228  820 9228     2     7      0 15245  9.1e-11        -
3883  1.9264e-07  4.7898e-11     9240  820 9240     2     7      0 15269  9.6e-11        -
3887  1.9284e-07  4.7898e-11     9252  820 9252     2     7      0 15293  9.9e-11        -
3890  1.9297e-07  3.4461e-11     9264  821 9264     2     7      0 15316  3.2e-11        -
3894  1.9316e-07   6.105e-11     9276  824 9276     2     7      0 15336  5.6e-10        -
3896  1.9328e-07  5.4945e-11     9284  826 9284     2     7      0 15350  3.2e-10        -
3901  1.9355e-07   5.484e-11     9294  827 9294     2     7      0 15368  3.8e-11        -
3907  1.9388e-07   5.484e-11     9306  827 9306     2     7      0 15392  3.6e-11        -
3911  1.9406e-07  6.1278e-11     9314  829 9314     2     7      0 15405  5.4e-10        -
3917  1.9443e-07  6.1278e-11     9326  829 9326     2     7      0 15423  5.1e-10        -
3921  1.9464e-07  7.1056e-11     9334  831 9334     2     7      0 15435    1e-09        -
3924  1.9484e-07   6.395e-11     9344  833 9344     2     7      0 15452  7.7e-10        -
3927    1.95e-07  4.7491e-11 out 9354  835 9354     2     7      0 15469  1.3e-10        -
3931  1.9519e-07  4.7491e-11     9362  835 9362     2     7      0 15481  1.4e-10        -
3937  1.9546e-07   3.629e-11     9378  836 9378     2     7      0 15507  2.4e-11        -
3940  1.9561e-07   7.258e-11     9384  838 9384     2     7      0 15516  7.5e-10        -
3942  1.9574e-07  6.5322e-11     9392  840 9392     2     7      0 15530    4e-10        -
3948  1.9613e-07   6.492e-11     9404  840 9404     2     7      0 15552  7.7e-11        -
3952  1.9639e-07   6.492e-11     9412  840 9412     2     7      0 15568  6.4e-11        -
3954   1.965e-07   5.524e-11 out 9420  842 9420     2     7      0 15582    7e-11        -
3959  1.9678e-07   5.524e-11     9430  842 9430     2     7      0 15597  3.7e-11        -
3964    1.97e-07  2.9038e-11 out 9440  843 9440     2     7      0 15612  1.2e-12        -
3969  1.9729e-07  5.8077e-11     9450  844 9450     2     7      0 15627  7.8e-11        -
----       当前进度:  44 % - 正在组装残差
3972  1.9745e-07  4.6732e-11     9460  845 9460     2     7      0 15644  2.1e-11        -
3976  1.9764e-07  4.6732e-11     9468  846 9468     2     7      0 15656  3.2e-11        -
3981  1.9787e-07  4.6732e-11     9478  846 9478     2     7      0 15671  3.9e-11        -
3984    1.98e-07  3.9708e-11 out 9488  848 9488     2     7      0 15688  2.5e-11        -
3989   1.982e-07  3.9708e-11     9498  848 9498     2     7      0 15703  2.9e-11        -
3994   1.984e-07  3.9708e-11     9508  848 9508     2     7      0 15718  4.2e-11        -
3997   1.985e-07  3.1606e-11 out 9518  850 9518     2     7      0 15735  1.4e-11        -
4001  1.9875e-07  6.3212e-11     9526  851 9526     2     7      0 15747  4.6e-10        -
4006  1.9906e-07  6.0364e-11     9539  851 9539     2     7      0 15771  1.3e-10        -
4010   1.993e-07  6.0364e-11     9551  851 9551     2     7      0 15795  1.4e-10        -
4013  1.9946e-07  3.8725e-11     9559  852 9559     2     7      0 15810  5.5e-11        -
4019  1.9973e-07  7.7451e-11     9571  853 9571     2     7      0 15828  1.7e-09        -
4021  1.9987e-07  6.6967e-11     9579  855 9579     2     7      0 15842    9e-10        -
4023  1.9996e-07  3.6722e-11     9587  857 9587     2     7      0 15856  4.8e-11        -
4026  2.0014e-07  6.2133e-11     9597  859 9597     2     7      0 15873  6.8e-10        -
4028  2.0025e-07   5.592e-11     9605  861 9605     2     7      0 15887  4.5e-10        -
4032  2.0046e-07  3.9306e-11     9617  863 9617     2     7      0 15907  6.1e-11        -
4036  2.0062e-07  3.9306e-11     9625  864 9625     2     7      0 15919  6.1e-11        -
4041  2.0084e-07  6.2381e-11     9637  866 9637     2     8      0 15937    8e-10        -
4043  2.0095e-07  5.3165e-11     9645  868 9645     2     8      0 15951  3.7e-10        -
4048  2.0121e-07  5.3165e-11     9655  868 9655     2     8      0 15966    4e-10        -
4053  2.0146e-07  3.7339e-11     9669  869 9669     2     8      0 15989  5.1e-11        -
4056  2.0164e-07   6.721e-11     9679  872 9679     2     8      0 16006  8.4e-10        -
4060  2.0191e-07   6.721e-11     9687  873 9687     2     8      0 16018  7.9e-10        -
4065  2.0213e-07  4.4637e-11     9697  874 9697     2     8      0 16033  1.3e-10        -
4071   2.024e-07  4.4637e-11     9709  874 9709     2     8      0 16051  1.3e-10        -
4075  2.0255e-07  5.3631e-11     9717  876 9717     2     8      0 16063  3.3e-10        -
4080  2.0282e-07  5.3631e-11     9727  876 9727     2     8      0 16078  1.7e-10        -
4085  2.0304e-07  3.5476e-11     9737  877 9737     2     8      0 16093    2e-11        -
4090  2.0339e-07  7.0953e-11     9747  878 9747     2     8      0 16108  3.4e-10        -
4092   2.035e-07  5.4879e-11 out 9755  880 9755     2     8      0 16122  7.9e-11        -
4098  2.0383e-07  5.4879e-11     9767  880 9767     2     8      0 16140  7.8e-11        -
4103  2.0406e-07  6.0965e-11     9777  882 9777     2     8      0 16155  1.1e-10        -
4109  2.0443e-07  6.0965e-11     9789  882 9789     2     8      0 16173  4.2e-11        -
4113  2.0464e-07  6.5921e-11     9801  885 9801     2     8      0 16193  1.6e-10        -
4117   2.049e-07  6.5921e-11     9809  886 9809     2     8      0 16205  1.3e-10        -
4119    2.05e-07  4.8574e-11 out 9817  888 9817     2     8      0 16219  5.3e-11        -
4125  2.0529e-07  4.8574e-11     9829  888 9829     2     8      0 16237    5e-11        -
4129  2.0547e-07  3.1416e-11     9837  889 9837     2     8      0 16249  7.4e-12        -
4133  2.0566e-07  6.2832e-11     9845  890 9845     2     8      0 16261    4e-10        -
4138  2.0595e-07  4.5796e-11     9859  891 9859     2     8      0 16284  9.3e-11        -
4142  2.0614e-07  4.5796e-11     9867  892 9867     2     8      0 16296  9.6e-11        -
----       当前进度:  45 % - 正在组装残差
4145  2.0627e-07  4.5796e-11     9873  892 9873     2     8      0 16305  9.8e-11        -
4150   2.065e-07  4.3917e-11 out 9885  892 9885     2     8      0 16326  3.2e-11        -
4154  2.0668e-07  4.3917e-11     9897  892 9897     2     8      0 16350  3.4e-11        -
4158  2.0685e-07  4.3917e-11     9909  892 9909     2     8      0 16374  3.7e-11        -
4162    2.07e-07  3.0413e-11 out 9919  893 9919     2     8      0 16392  1.6e-11        -
4167   2.073e-07  6.0826e-11     9929  894 9929     2     8      0 16407  5.7e-10        -
4172  2.0754e-07  3.7108e-11     9939  895 9939     2     8      0 16422  5.3e-11        -
4174  2.0767e-07  6.1377e-11     9947  897 9947     2     8      0 16436  7.2e-10        -
4176  2.0779e-07  5.5239e-11     9955  899 9955     2     8      0 16450  4.4e-10        -
4179  2.0795e-07  5.0102e-11     9965  901 9965     2     8      0 16467    2e-10        -
4183  2.0815e-07  5.0102e-11     9973  902 9973     2     8      0 16479  2.7e-10        -
4188   2.084e-07  5.0102e-11     9983  902 9983     2     8      0 16494  3.2e-10        -
4193  2.0865e-07  4.9591e-11     9993  902 9993     2     8      0 16514  1.6e-10        -
4198   2.089e-07  4.9591e-11     10003  902 10003     2     8      0 16534  1.5e-10        -
4202  2.0905e-07  5.3677e-11     10011  904 10011     2     8      0 16547  2.7e-10        -
4207  2.0932e-07  5.3677e-11     10021  904 10021     2     8      0 16562  3.5e-10        -
4211   2.095e-07  3.5291e-11 out 10029  905 10029     2     8      0 16574  4.1e-11        -
4215  2.0978e-07  7.0582e-11     10037  906 10037     2     8      0 16586  1.3e-09        -
4220  2.1004e-07  3.8253e-11     10047  907 10047     2     8      0 16601  4.4e-11        -
4225  2.1023e-07  3.8253e-11     10057  907 10057     2     8      0 16616  3.9e-11        -
4227  2.1037e-07  6.8855e-11     10065  909 10065     2     8      0 16630  6.7e-10        -
4230  2.1056e-07  6.2562e-11     10071  910 10071     2     8      0 16639    3e-10        -
4235  2.1088e-07  6.2562e-11     10081  910 10081     2     8      0 16654  1.8e-10        -
4241  2.1125e-07  6.2315e-11     10093  910 10093     2     8      0 16678  3.5e-11        -
4245  2.1147e-07  3.1896e-11     10101  911 10101     2     8      0 16693  1.7e-12        -
4250  2.1176e-07  6.3792e-11     10111  912 10111     2     8      0 16708  3.9e-11        -
4254    2.12e-07  5.8624e-11 out 10123  912 10123     2     8      0 16730  3.5e-11        -
4257  2.1218e-07  5.8624e-11     10135  912 10135     2     8      0 16754  3.8e-11        -
4260  2.1235e-07  5.8624e-11     10147  912 10147     2     8      0 16778  4.2e-11        -
4262  2.1246e-07  4.4817e-11     10157  913 10157     2     8      0 16797  3.7e-11        -
4266  2.1263e-07  4.4817e-11     10165  914 10165     2     8      0 16809  4.7e-11        -
4272   2.129e-07  4.4817e-11     10177  914 10177     2     8      0 16827  3.4e-11        -
4276  2.1305e-07  5.1835e-11     10185  916 10185     2     8      0 16839    2e-10        -
4281  2.1331e-07  5.1835e-11     10195  916 10195     2     8      0 16854  2.4e-10        -
4284  2.1346e-07  4.2661e-11     10205  917 10205     2     8      0 16871  6.7e-11        -
4289  2.1367e-07  4.2661e-11     10215  918 10215     2     8      0 16886  6.5e-11        -
4295  2.1393e-07  4.2661e-11     10227  918 10227     2     8      0 16904  7.4e-11        -
4297    2.14e-07  3.6696e-11 out 10235  920 10235     2     8      0 16918  3.6e-11        -
4303  2.1426e-07  7.3392e-11     10247  921 10247     2     8      0 16936  1.3e-09        -
4305  2.1439e-07  6.6053e-11     10255  923 10255     2     8      0 16950  7.7e-10        -
4307   2.145e-07  5.5511e-11 out 10263  925 10263     2     8      0 16964  3.2e-10        -
4313  2.1483e-07  5.5511e-11     10275  925 10275     2     8      0 16982  3.9e-10        -
4318  2.1503e-07  2.7957e-11     10285  926 10285     2     8      0 16997  1.4e-11        -
4323  2.1531e-07  5.5915e-11     10295  927 10295     2     8      0 17012  6.2e-10        -
4326  2.1546e-07   4.032e-11     10305  928 10305     2     8      0 17029  1.2e-10        -
4331  2.1566e-07   4.032e-11     10315  929 10315     2     8      0 17044  1.1e-10        -
4337   2.159e-07   4.032e-11     10327  929 10327     2     8      0 17062    1e-10        -
4340    2.16e-07  2.8242e-11 out 10337  931 10337     2     8      0 17079  1.6e-11        -
----       当前进度:  47 % - 正在组装残差
4345  2.1628e-07  5.6484e-11     10347  932 10347     2     8      0 17094  4.5e-10        -
4349   2.165e-07  5.2306e-11 out 10359  932 10359     2     8      0 17116  5.7e-11        -
4352  2.1666e-07  5.2306e-11     10371  932 10371     2     8      0 17140  5.4e-11        -
4355  2.1681e-07  5.2306e-11     10383  932 10383     2     8      0 17164  5.2e-11        -
4358  2.1696e-07  4.0777e-11     10397  933 10397     2     8      0 17191  8.8e-11        -
4363  2.1716e-07  4.0777e-11     10407  934 10407     2     8      0 17206  8.2e-11        -
4369  2.1741e-07  4.0777e-11     10419  934 10419     2     8      0 17224  6.1e-11        -
4373  2.1755e-07   5.145e-11     10427  936 10427     2     8      0 17236  1.8e-10        -
4377  2.1776e-07   5.145e-11     10435  936 10435     2     8      0 17248  1.6e-10        -
4381  2.1796e-07  4.4198e-11     10447  937 10447     2     8      0 17268  6.2e-11        -
4386  2.1818e-07  4.4198e-11     10457  938 10457     2     8      0 17283    3e-11        -
4389  2.1838e-07  7.5093e-11     10467  940 10467     2     8      0 17300  5.1e-10        -
4393  2.1862e-07  5.7759e-11     10475  941 10475     2     8      0 17312  6.4e-11        -
4399  2.1895e-07  4.7842e-11     10491  942 10491     2     8      0 17338  1.7e-11        -
4404  2.1919e-07  4.7842e-11     10501  943 10501     2     8      0 17353  1.2e-11        -
4409  2.1943e-07  4.7842e-11     10511  943 10511     2     8      0 17368  3.4e-11        -
4411   2.195e-07  3.4711e-11 out 10519  945 10519     2     8      0 17382  5.4e-12        -
4415  2.1977e-07   6.248e-11     10531  947 10531     2     8      0 17402  1.6e-10        -
4418  2.1995e-07  5.2148e-11     10541  949 10541     2     8      0 17419  9.5e-11        -
4422  2.2016e-07  5.2148e-11     10549  950 10549     2     8      0 17431  5.9e-11        -
4428  2.2046e-07  4.1408e-11     10565  951 10565     2     8      0 17457  6.6e-11        -
4432  2.2062e-07  4.1408e-11     10573  952 10573     2     8      0 17469  6.6e-11        -
4438  2.2087e-07  4.1408e-11     10585  952 10585     2     8      0 17487  7.9e-11        -
4443  2.2104e-07  4.4511e-11     10595  954 10595     2     8      0 17502    8e-11        -
4449  2.2131e-07  4.4511e-11     10607  954 10607     2     8      0 17520  9.1e-11        -
4452  2.2145e-07  4.4511e-11     10613  954 10613     2     8      0 17529  9.4e-11        -
4455  2.2155e-07  5.4892e-11     10619  956 10619     2     8      0 17538  3.1e-10        -
4461  2.2188e-07  5.4892e-11     10631  956 10631     2     8      0 17556    3e-10        -
4465  2.2206e-07   6.086e-11     10639  958 10639     2     8      0 17568  5.3e-10        -
4469   2.223e-07   6.086e-11     10647  958 10647     2     8      0 17580  7.8e-10        -
4473   2.225e-07   3.699e-11 out 10655  959 10655     2     8      0 17592  6.6e-11        -
4476  2.2267e-07  6.1048e-11     10665  961 10665     2     8      0 17609  1.1e-09        -
4478  2.2279e-07  5.4944e-11     10673  963 10673     2     8      0 17623  5.6e-10        -
4482    2.23e-07  5.1052e-11 out 10685  964 10685     2     8      0 17645  5.4e-11        -
4485  2.2315e-07  5.1052e-11     10697  964 10697     2     8      0 17669  5.4e-11        -
4488  2.2331e-07  5.1052e-11     10709  964 10709     2     8      0 17693  5.3e-11        -
4491  2.2345e-07  4.5794e-11     10723  965 10723     2     8      0 17720  1.8e-10        -
4496  2.2368e-07  4.5794e-11     10733  966 10733     2     8      0 17735  1.6e-10        -
4501  2.2391e-07  4.5794e-11     10743  966 10743     2     8      0 17750  1.6e-10        -
4505  2.2409e-07  4.3929e-11     10755  966 10755     2     8      0 17774  4.1e-11        -
4509  2.2426e-07  4.3929e-11     10767  966 10767     2     8      0 17798  3.8e-11        -
4513  2.2444e-07  4.3929e-11     10779  966 10779     2     8      0 17822  3.5e-11        -
4517  2.2462e-07  6.0711e-11     10787  968 10787     2     8      0 17834    6e-10        -
----       当前进度:  49 % - 正在组装残差
4521  2.2486e-07  6.0711e-11     10795  968 10795     2     8      0 17846  4.2e-10        -
4526  2.2511e-07   7.502e-11     10805  970 10805     2     8      0 17861  1.1e-09        -
4528  2.2525e-07  6.7518e-11     10813  972 10813     2     8      0 17875  5.6e-10        -
4531  2.2544e-07    5.87e-11     10823  973 10823     2     8      0 17892  2.1e-10        -
4536  2.2573e-07    5.87e-11     10833  974 10833     2     8      0 17907  1.5e-10        -
4540  2.2596e-07  4.4551e-11     10845  975 10845     2     8      0 17927  2.8e-11        -
4543  2.2617e-07  7.6299e-11     10855  978 10855     2     8      0 17944    3e-10        -
4545  2.2631e-07  6.8669e-11     10863  980 10863     2     8      0 17958  8.4e-11        -
4547  2.2644e-07  6.0481e-11     10871  982 10871     2     8      0 17972  6.4e-11        -
4551  2.2668e-07  6.0481e-11     10879  983 10879     2     8      0 17984  5.3e-11        -
4556  2.2696e-07  3.8315e-11     10889  984 10889     2     8      0 17999  1.1e-11        -
4559  2.2715e-07  6.8968e-11     10899  986 10899     2     8      0 18016  2.6e-10        -
4561  2.2728e-07  6.2071e-11     10907  988 10907     2     8      0 18030    2e-10        -
4564  2.2745e-07  4.9611e-11     10917  990 10917     2     8      0 18047  3.8e-11        -
4568  2.2765e-07  4.9611e-11     10925  991 10925     2     8      0 18059    1e-10        -
4574  2.2795e-07  4.9611e-11     10937  991 10937     2     8      0 18077  1.6e-10        -
4577  2.2805e-07  5.3501e-11     10943  993 10943     2     8      0 18086  2.4e-10        -
4581  2.2827e-07  5.3501e-11     10951  993 10951     2     8      0 18098  2.9e-10        -
4585  2.2846e-07  3.5996e-11     10963  994 10963     2     8      0 18118  2.8e-11        -
4589  2.2867e-07  6.4792e-11     10975  997 10975     2     8      0 18138  5.7e-10        -
4594  2.2897e-07  3.4026e-11     10985  999 10985     2     8      0 18153  2.8e-11        -
4599  2.2924e-07  6.8052e-11     10995 1000 10995     2     8      0 18168  8.8e-10        -
4601  2.2936e-07  6.1247e-11     11003 1002 11003     2     8      0 18182  5.3e-10        -
4605  2.2958e-07  7.8078e-11     11011 1004 11011     2     8      0 18194  2.6e-09        -
4607   2.297e-07  6.3319e-11     11019 1006 11019     2     8      0 18208  9.4e-10        -
4609  2.2982e-07  5.6987e-11     11027 1008 11027     2     8      0 18222  8.3e-10        -
4614  2.3003e-07  3.3669e-11     11037 1009 11037     2     8      0 18237  5.5e-11        -
4616  2.3016e-07  6.0604e-11     11045 1011 11045     2     8      0 18251  1.1e-09        -
4620   2.304e-07  6.0604e-11     11053 1012 11053     2     8      0 18263  8.7e-10        -
4622   2.305e-07  4.7988e-11 out 11061 1014 11061     2     8      0 18277  2.6e-10        -
4627  2.3074e-07  4.7988e-11     11071 1014 11071     2     8      0 18292  2.3e-10        -
4632  2.3097e-07  3.4056e-11     11085 1015 11085     2     8      0 18315  3.6e-11        -
4636  2.3117e-07  6.8112e-11     11093 1017 11093     2     8      0 18327  1.2e-09        -
4639  2.3137e-07  6.8112e-11     11099 1017 11099     2     8      0 18336  1.2e-09        -
4642  2.3156e-07  6.2692e-11     11111 1017 11111     2     8      0 18360  1.6e-10        -
4645  2.3175e-07  6.2692e-11     11123 1017 11123     2     8      0 18384  1.5e-10        -
4648  2.3194e-07  6.1925e-11     11135 1017 11135     2     8      0 18408  2.1e-10        -
4651  2.3212e-07  6.1925e-11     11147 1017 11147     2     8      0 18432    2e-10        -
4654  2.3231e-07  6.1925e-11     11159 1017 11159     2     8      0 18456  1.7e-10        -
4657  2.3247e-07  3.3261e-11     11169 1018 11169     2     8      0 18475  1.9e-11        -
4662  2.3273e-07  6.6522e-11     11179 1019 11179     2     8      0 18490  4.5e-10        -
4666  2.3297e-07  3.3803e-11     11187 1020 11187     2     8      0 18502    1e-11        -
4671  2.3327e-07  6.7607e-11     11197 1021 11197     2     8      0 18517  2.5e-10        -
4674  2.3345e-07  4.7179e-11     11207 1022 11207     2     8      0 18534    5e-11        -
-----      当前进度:  50 % - 
4676  2.3357e-07  7.4751e-11     11213 1025 11213     2     9      0 18543  4.1e-10        -
4678  2.3371e-07  6.7275e-11     11221 1027 11221     2     9      0 18557  1.7e-10        -
4682  2.3396e-07  4.4436e-11     11229 1028 11229     2     9      0 18569  8.1e-12        -
4685  2.3416e-07  7.1469e-11     11239 1030 11239     2     9      0 18586  7.2e-11        -
4687   2.343e-07  6.4322e-11     11247 1032 11247     2     9      0 18600  7.3e-11        -
4691   2.345e-07  3.7611e-11 out 11255 1034 11255     2     9      0 18612  1.2e-11        -
4693  2.3464e-07  6.6601e-11     11263 1036 11263     2     9      0 18626  2.8e-10        -
4695  2.3477e-07  5.9941e-11     11271 1038 11271     2     9      0 18640  1.9e-10        -
4699    2.35e-07  5.5875e-11 out 11282 1039 11282     2     9      0 18660  3.1e-11        -
4702  2.3517e-07  5.5875e-11     11294 1039 11294     2     9      0 18684  3.3e-11        -
4705  2.3534e-07  5.5875e-11     11306 1039 11306     2     9      0 18708  3.7e-11        -
4707  2.3545e-07  5.4436e-11     11316 1040 11316     2     9      0 18727  2.7e-10        -
4711  2.3566e-07  5.4436e-11     11324 1041 11324     2     9      0 18739  3.1e-10        -
4717  2.3597e-07  3.2255e-11     11336 1042 11336     2     9      0 18757  1.7e-11        -
4723  2.3616e-07  3.2255e-11     11348 1042 11348     2     9      0 18775  1.9e-11        -
4728  2.3632e-07  3.2255e-11     11358 1042 11358     2     9      0 18790  2.2e-11        -
4733   2.365e-07  4.8428e-11 out 11368 1043 11368     2     9      0 18805  2.3e-10        -
4738  2.3674e-07  4.8428e-11     11378 1043 11378     2     9      0 18820  2.3e-10        -
4741   2.369e-07  5.9717e-11     11386 1045 11386     2    10      0 18832  8.7e-10        -
4743    2.37e-07  5.0642e-11 out 11394 1047 11394     2    10      0 18846    4e-10        -
4746  2.3716e-07  5.3778e-11     11406 1050 11406     2    11      0 18866    6e-10        -
4748  2.3728e-07  5.3719e-11     11416 1053 11416     2    12      0 18883  6.3e-10        -
4750  2.3739e-07  5.3719e-11     11420 1054 11420     2    12      0 18889  6.5e-10        -
4754  2.3753e-07   3.063e-11     11428 1055 11428     2    12      0 18901    4e-11        -
4756  2.3765e-07  5.5135e-11     11436 1057 11436     2    12      0 18915  7.4e-10        -
4760  2.3787e-07  5.5135e-11     11444 1058 11444     2    12      0 18927  5.2e-10        -
4763    2.38e-07   3.865e-11 out 11454 1060 11454     2    12      0 18944  8.2e-11        -
4768  2.3819e-07   3.865e-11     11464 1060 11464     2    12      0 18959  7.5e-11        -
4773  2.3839e-07   3.865e-11     11474 1060 11474     2    12      0 18974  6.7e-11        -
4779  2.3861e-07  3.7423e-11     11486 1060 11486     2    12      0 18997  2.3e-10        -
4784   2.388e-07  3.7423e-11     11496 1060 11496     2    12      0 19017  2.2e-10        -
4789  2.3897e-07  2.5463e-11     11506 1061 11506     2    12      0 19036  8.3e-12        -
4793  2.3915e-07  5.0926e-11     11514 1062 11514     2    12      0 19048  2.6e-10        -
4798  2.3941e-07  5.0926e-11     11524 1062 11524     2    12      0 19063  2.5e-10        -
4801  2.3955e-07  4.6297e-11     11536 1062 11536     2    12      0 19087  6.6e-11        -
4804  2.3969e-07  4.6297e-11     11548 1062 11548     2    12      0 19111  6.1e-11        -
4807  2.3982e-07  4.6297e-11     11560 1062 11560     2    12      0 19135  5.7e-11        -
4810  2.3996e-07  4.1666e-11     11574 1063 11574     2    12      0 19162  5.5e-11        -
4813  2.4015e-07  6.9442e-11     11584 1066 11584     2    12      0 19179  5.3e-10        -
4815  2.4028e-07  6.2498e-11     11592 1068 11592     2    12      0 19193  2.6e-10        -
4818  2.4045e-07  4.5145e-11     11602 1070 11602     2    12      0 19210  3.6e-11        -
-----      当前进度:  52 % - 正在组装残差
4821  2.4066e-07  7.2489e-11     11612 1073 11612     2    12      0 19227  3.5e-10        -
4823   2.408e-07   6.524e-11     11620 1075 11620     2    12      0 19241  2.6e-10        -
4826  2.4097e-07  3.4506e-11     11626 1077 11626     2    12      0 19250  8.6e-12        -
4830  2.4121e-07  6.9013e-11     11634 1078 11634     2    12      0 19262  6.7e-11        -
4834  2.4146e-07  4.2962e-11     11642 1079 11642     2    12      0 19274  1.5e-11        -
4837  2.4166e-07  6.9924e-11     11652 1081 11652     2    12      0 19291  1.7e-10        -
4839  2.4179e-07  6.2931e-11     11660 1083 11660     2    12      0 19305  1.1e-10        -
4842  2.4196e-07  4.2717e-11     11670 1085 11670     2    12      0 19322  4.6e-11        -
4846  2.4213e-07  4.2717e-11     11678 1086 11678     2    12      0 19334  5.9e-11        -
4851  2.4234e-07  4.2717e-11     11688 1086 11688     2    12      0 19349  6.9e-11        -
4854  2.4246e-07  3.6413e-11     11698 1087 11698     2    12      0 19366  3.2e-11        -
4857  2.4264e-07  6.3451e-11     11708 1090 11708     2    12      0 19383  5.6e-10        -
4859  2.4276e-07  5.7106e-11     11716 1092 11716     2    12      0 19397  3.4e-10        -
4863  2.4296e-07  3.5924e-11     11724 1094 11724     2    12      0 19409  3.4e-11        -
4868  2.4314e-07  3.5924e-11     11734 1094 11734     2    12      0 19424  3.7e-11        -
4873  2.4332e-07  3.5924e-11     11744 1094 11744     2    12      0 19439  3.7e-11        -
4878   2.435e-07  3.4454e-11 out 11756 1094 11756     2    12      0 19460  1.8e-11        -
4882  2.4364e-07  3.4454e-11     11768 1094 11768     2    12      0 19484  1.9e-11        -
4885  2.4374e-07  3.4454e-11     11777 1094 11777     2    12      0 19502    2e-11        -
4888  2.4391e-07  6.2018e-11     11788 1096 11788     2    12      0 19522  7.7e-10        -
4892  2.4409e-07  4.6719e-11     11796 1097 11796     2    12      0 19534  2.2e-10        -
4895  2.4425e-07  6.2496e-11     11804 1099 11804     2    13      0 19546  1.1e-09        -
4897  2.4436e-07  5.6246e-11     11812 1101 11812     2    13      0 19560  6.5e-10        -
4899  2.4446e-07  4.0945e-11     11820 1102 11820     2    13      0 19574  1.4e-10        -
4901  2.4456e-07  5.9565e-11     11826 1105 11826     2    14      0 19583    1e-09        -
4903  2.4467e-07  5.3609e-11     11834 1107 11834     2    14      0 19597  6.2e-10        -
4908  2.4493e-07  5.3609e-11     11844 1107 11844     2    14      0 19612  6.4e-10        -
4911  2.4507e-07  6.5174e-11     11850 1109 11850     2    14      0 19621  1.7e-09        -
4912  2.4512e-07  5.8536e-11     11856 1110 11856     2    14      0 19632  9.7e-10        -
4914  2.4523e-07  5.2683e-11     11864 1112 11864     2    14      0 19646  5.5e-10        -
4917  2.4539e-07  5.2683e-11     11870 1113 11870     2    14      0 19655  4.3e-10        -
4921  2.4555e-07  5.4341e-11     11878 1115 11878     2    14      0 19667  4.1e-10        -
4926  2.4583e-07  5.4341e-11     11888 1115 11888     2    14      0 19682  4.1e-10        -
4930    2.46e-07  3.2637e-11 out 11896 1116 11896     2    14      0 19694    3e-11        -
4935  2.4616e-07  3.2637e-11     11906 1116 11906     2    14      0 19709  2.9e-11        -
4939  2.4636e-07  6.5274e-11     11914 1117 11914     2    14      0 19721  9.2e-10        -
4943  2.4654e-07  3.7859e-11     11922 1118 11922     2    14      0 19733  5.9e-11        -
4948  2.4673e-07  3.7859e-11     11932 1118 11932     2    14      0 19748  5.7e-11        -
4951  2.4691e-07  6.7119e-11     11942 1120 11942     2    14      0 19765  9.7e-10        -
4955  2.4709e-07  4.6075e-11     11950 1121 11950     2    14      0 19777  1.1e-10        -
4960  2.4732e-07  4.6075e-11     11960 1121 11960     2    14      0 19792  8.6e-11        -
4964   2.475e-07  4.2663e-11 out 11970 1121 11970     2    14      0 19810    1e-10        -
-----      当前进度:  53 % - 
4967   2.477e-07  6.9637e-11     11981 1123 11981     2    14      0 19830  4.3e-10        -
4969  2.4783e-07  6.2673e-11     11989 1125 11989     2    14      0 19844  1.9e-10        -
4971  2.4795e-07  5.3694e-11     11997 1127 11997     2    14      0 19858  9.3e-11        -
4975  2.4816e-07  5.3694e-11     12005 1128 12005     2    14      0 19870    1e-10        -
4977   2.483e-07  6.4838e-11     12015 1131 12015     2    15      0 19887  1.9e-10        -
4980  2.4846e-07   3.618e-11     12021 1133 12021     2    15      0 19896  3.5e-12        -
4983  2.4864e-07  6.5125e-11     12031 1135 12031     2    15      0 19913  5.1e-11        -
4985  2.4877e-07  6.3816e-11     12041 1138 12041     2    16      0 19930  1.3e-10        -
4987   2.489e-07   6.214e-11     12051 1141 12051     2    17      0 19947  1.1e-10        -
4990  2.4907e-07   6.619e-11     12059 1144 12059     2    18      0 19959  2.3e-10        -
4992  2.4919e-07  5.9571e-11     12067 1146 12067     2    18      0 19973  1.8e-10        -
4997  2.4946e-07   3.819e-11     12077 1147 12077     2    18      0 19988  3.1e-11        -
5001  2.4968e-07  6.0908e-11     12089 1149 12089     2    18      0 20008  4.3e-10        -
5003  2.4979e-07  5.4817e-11     12097 1151 12097     2    18      0 20022  2.8e-10        -
5006  2.4995e-07  4.9581e-11     12105 1152 12105     2    18      0 20036  9.5e-11        -
5009   2.501e-07  4.9581e-11     12117 1152 12117     2    18      0 20060    1e-10        -
5012  2.5025e-07  4.9581e-11     12131 1153 12131     2    18      0 20087  1.7e-10        -
5016  2.5045e-07  4.9581e-11     12139 1154 12139     2    18      0 20099  1.9e-10        -
5019  2.5053e-07  2.6886e-11     12145 1155 12145     2    18      0 20108  8.8e-12        -
5023  2.5074e-07  5.3773e-11     12153 1156 12153     2    18      0 20120  4.3e-10        -
5027  2.5095e-07  4.8352e-11     12165 1157 12165     2    18      0 20140  2.4e-10        -
5031  2.5115e-07  4.8352e-11     12173 1158 12173     2    18      0 20152  2.3e-10        -
5036  2.5139e-07  4.8352e-11     12183 1158 12183     2    18      0 20167  2.5e-10        -
5038  2.5147e-07  3.2417e-11     12191 1159 12191     2    18      0 20181  3.6e-11        -
5042   2.516e-07  3.2417e-11     12199 1160 12199     2    18      0 20193  3.8e-11        -
5045  2.5169e-07  3.2417e-11     12205 1160 12205     2    18      0 20202  4.1e-11        -
5049  2.5186e-07  6.4834e-11     12213 1161 12213     2    18      0 20214  1.4e-09        -
5051  2.5196e-07   4.422e-11     12221 1163 12221     2    18      0 20228  2.2e-10        -
5055  2.5215e-07  5.7043e-11     12231 1165 12231     2    19      0 20243  8.6e-10        -
5057  2.5226e-07  5.8278e-11     12241 1168 12241     2    20      0 20260  9.6e-10        -
5059  2.5237e-07  5.8185e-11     12251 1171 12251     2    21      0 20277  9.4e-10        -
5061  2.5246e-07  4.0949e-11     12261 1174 12261     2    22      0 20294  1.6e-10        -
5063  2.5256e-07  5.7987e-11     12267 1176 12267     2    23      0 20303  8.8e-10        -
5065  2.5267e-07  6.0693e-11     12277 1179 12277     2    24      0 20320    1e-09        -
5067  2.5278e-07  5.4624e-11     12285 1181 12285     2    24      0 20334  6.1e-10        -
5071  2.5297e-07  2.8006e-11     12293 1182 12293     2    24      0 20346  1.9e-11        -
5073  2.5306e-07  5.6012e-11     12297 1183 12297     2    24      0 20352  6.1e-10        -
5078  2.5334e-07  5.6012e-11     12307 1183 12307     2    24      0 20367  4.5e-10        -
5082  2.5355e-07  5.3958e-11     12318 1183 12318     2    24      0 20388    1e-10        -
5086  2.5377e-07  5.3958e-11     12330 1183 12330     2    24      0 20412  9.7e-11        -
5090  2.5397e-07  3.4169e-11     12341 1184 12341     2    24      0 20433  3.5e-11        -
-----      当前进度:  54 % - 正在组装残差
5094   2.541e-07  3.4169e-11     12349 1184 12349     2    24      0 20445  5.5e-11        -
5099  2.5427e-07  3.4169e-11     12359 1184 12359     2    24      0 20460  5.7e-11        -
5104  2.5446e-07  4.4986e-11     12373 1185 12373     2    24      0 20483  1.3e-10        -
5107  2.5459e-07  4.4986e-11     12379 1186 12379     2    24      0 20492  1.5e-10        -
5112  2.5481e-07  4.4986e-11     12389 1186 12389     2    24      0 20507  1.2e-10        -
5117    2.55e-07  2.5072e-11 out 12399 1187 12399     2    24      0 20522  5.7e-12        -
5121   2.552e-07  5.0145e-11     12407 1188 12407     2    24      0 20534  8.1e-11        -
5126  2.5545e-07  4.9421e-11     12417 1188 12417     2    24      0 20550  1.2e-10        -
5130  2.5567e-07  7.1291e-11     12427 1190 12427     2    25      0 20568  2.8e-10        -
5132   2.558e-07  6.4162e-11     12435 1192 12435     2    25      0 20582  8.7e-11        -
5136    2.56e-07  3.4345e-11 out 12444 1193 12444     2    25      0 20597  2.6e-12        -
5139  2.5616e-07  6.1822e-11     12454 1195 12454     2    25      0 20614  1.1e-10        -
5141   2.563e-07  6.2024e-11     12464 1198 12464     2    26      0 20631  1.9e-10        -
5142  2.5636e-07  6.6537e-11     12468 1200 12468     2    27      0 20637  3.3e-10        -
5143  2.5642e-07  5.9883e-11     12474 1201 12474     2    27      0 20648  5.4e-11        -
5145  2.5656e-07   6.348e-11     12482 1203 12482     2    27      0 20662  1.5e-10        -
5148  2.5674e-07  5.7132e-11     12492 1204 12492     2    27      0 20681  1.5e-10        -
5151  2.5691e-07  5.7132e-11     12504 1204 12504     2    27      0 20705  1.7e-10        -
5152  2.5696e-07  4.3692e-11     12510 1205 12510     2    27      0 20716    1e-10        -
5155  2.5709e-07  4.3692e-11     12516 1206 12516     2    27      0 20725  1.1e-10        -
5159  2.5726e-07  4.3692e-11     12524 1206 12524     2    27      0 20737  1.1e-10        -
5163  2.5744e-07  4.3692e-11     12532 1206 12532     2    27      0 20749  1.2e-10        -
5164  2.5747e-07  3.1542e-11     12538 1207 12538     2    27      0 20760    2e-11        -
5167  2.5756e-07  3.1542e-11     12544 1208 12544     2    27      0 20769  2.1e-11        -
5171  2.5769e-07  3.1542e-11     12552 1208 12552     2    27      0 20781  3.4e-11        -
5176  2.5785e-07  3.1542e-11     12562 1208 12562     2    27      0 20796  3.8e-11        -
5180  2.5797e-07  2.9204e-11     12571 1208 12571     2    27      0 20811  4.2e-11        -
5183  2.5806e-07  2.9204e-11     12580 1208 12580     2    27      0 20829  4.3e-11        -
5186  2.5815e-07  2.9204e-11     12589 1208 12589     2    27      0 20847  4.5e-11        -
5189  2.5823e-07  2.9204e-11     12598 1208 12598     2    27      0 20865  4.7e-11        -
5192  2.5832e-07  2.9204e-11     12607 1208 12607     2    27      0 20883  4.8e-11        -
5195  2.5841e-07  2.9204e-11     12616 1208 12616     2    27      0 20901    5e-11        -
5198  2.5848e-07  1.6366e-11     12624 1209 12624     2    27      0 20916  1.3e-12        -
5201  2.5857e-07  3.2732e-11     12630 1210 12630     2    27      0 20925    4e-11        -
5205   2.587e-07  3.2732e-11     12638 1210 12638     2    27      0 20937  4.6e-11        -
5209  2.5883e-07  3.2732e-11     12646 1210 12646     2    27      0 20949  3.7e-11        -
5214  2.5898e-07  2.0878e-11     12656 1211 12656     2    27      0 20964  4.2e-12        -
5217  2.5906e-07  4.1757e-11     12662 1212 12662     2    27      0 20973  1.4e-10        -
5221  2.5923e-07  4.1757e-11     12670 1212 12670     2    27      0 20985  1.6e-10        -
5226  2.5944e-07  4.1757e-11     12680 1212 12680     2    27      0 21000  1.7e-10        -
5228   2.595e-07  3.0778e-11 out 12688 1214 12688     2    27      0 21014  3.9e-11        -
5230  2.5961e-07  5.2757e-11     12696 1216 12696     2    27      0 21028    6e-10        -
-----      当前进度:  55 % - 组装稀疏模式
Memory: 1050/1066 1058/1078
5231  2.5967e-07  5.7479e-11     12700 1218 12700     2    28      0 21034  9.2e-10        -
5232  2.5972e-07  5.1731e-11     12706 1219 12706     2    28      0 21045  5.5e-10        -
5233  2.5978e-07  5.7735e-11     12710 1221 12710     2    29      0 21051  9.3e-10        -
5234  2.5983e-07  5.1961e-11     12716 1222 12716     2    29      0 21062  5.5e-10        -
5235  2.5989e-07  5.6526e-11     12720 1224 12720     2    30      0 21068  8.2e-10        -
5236  2.5994e-07  5.0874e-11     12726 1225 12726     2    30      0 21079  4.8e-10        -
5239  2.6006e-07  5.9382e-11     12732 1227 12732     2    30      0 21088    1e-09        -
5240  2.6011e-07  5.3443e-11     12738 1228 12738     2    30      0 21099  5.8e-10        -
5243  2.6027e-07  5.3443e-11     12744 1229 12744     2    30      0 21108  5.3e-10        -
5247  2.6047e-07  3.3257e-11     12752 1230 12752     2    30      0 21120  6.7e-11        -
5251   2.606e-07  3.3257e-11     12760 1230 12760     2    30      0 21132  5.7e-11        -
5256  2.6077e-07  3.3257e-11     12770 1230 12770     2    30      0 21147  5.6e-11        -
5260   2.609e-07  3.3257e-11     12778 1230 12778     2    30      0 21159  4.4e-11        -
5263  2.6098e-07  1.7198e-11     12784 1231 12784     2    30      0 21168  1.6e-12        -
5267   2.611e-07  3.4396e-11     12792 1232 12792     2    30      0 21180    5e-11        -
5271  2.6124e-07  3.4396e-11     12800 1232 12800     2    30      0 21192  5.1e-11        -
5276  2.6141e-07  3.4396e-11     12810 1232 12810     2    30      0 21207  5.6e-11        -
5278  2.6147e-07  2.6426e-11     12818 1233 12818     2    30      0 21221  1.5e-11        -
5281  2.6161e-07  5.2851e-11     12824 1235 12824     2    30      0 21230    5e-10        -
5286  2.6187e-07  5.2851e-11     12834 1235 12834     2    30      0 21245  3.6e-10        -
5288  2.6196e-07  3.8596e-11     12842 1236 12842     2    30      0 21259    7e-11        -
5292  2.6212e-07  3.8596e-11     12850 1237 12850     2    30      0 21271  6.4e-11        -
5297  2.6231e-07  3.8596e-11     12860 1237 12860     2    30      0 21286  5.1e-11        -
5300  2.6244e-07  5.7022e-11     12870 1238 12870     2    30      0 21303  5.2e-10        -
5304  2.6267e-07  5.7022e-11     12878 1239 12878     2    30      0 21315    2e-10        -
5309  2.6295e-07  5.0423e-11     12892 1240 12892     2    30      0 21338  9.2e-11        -
5312  2.6312e-07  6.9706e-11     12900 1243 12900     2    31      0 21350  3.3e-10        -
5313  2.6318e-07  6.2736e-11     12906 1244 12906     2    31      0 21361  1.6e-10        -
5315  2.6332e-07    6.39e-11     12916 1247 12916     2    32      0 21378  7.2e-11        -
5316  2.6339e-07  6.7682e-11     12920 1249 12920     2    33      0 21384  9.7e-12        -
5318   2.635e-07  5.7277e-11 out 12928 1251 12928     2    33      0 21398  8.2e-11        -
5320  2.6363e-07   6.801e-11     12934 1253 12934     2    34      0 21407  2.6e-10        -
5321  2.6369e-07  6.1209e-11     12940 1254 12940     2    34      0 21418  1.5e-10        -
5322  2.6375e-07  6.7502e-11     12944 1256 12944     2    35      0 21424  3.1e-10        -
5323  2.6381e-07  6.0752e-11     12950 1257 12950     2    35      0 21435  9.6e-11        -
5326  2.6397e-07  3.1874e-11     12956 1259 12956     2    35      0 21444  6.6e-12        -
5329  2.6412e-07  5.7373e-11     12964 1260 12964     2    35      0 21458  1.8e-10        -
5332  2.6429e-07  5.7373e-11     12976 1260 12976     2    35      0 21482    2e-10        -
5334  2.6441e-07  5.7373e-11     12986 1261 12986     2    35      0 21501  6.1e-10        -
5337  2.6455e-07  4.6006e-11     12992 1262 12992     2    35      0 21510  2.1e-10        -
-----      当前进度:  56 % - 求解线性方程组
Memory: 1048/1066 1056/1078
5341  2.6473e-07  4.6006e-11     13000 1262 13000     2    35      0 21522  2.2e-10        -
5346  2.6496e-07  4.2972e-11     13011 1262 13011     2    35      0 21540  1.3e-10        -
5350  2.6513e-07  4.2972e-11     13023 1262 13023     2    35      0 21564  1.5e-10        -
5353  2.6526e-07  4.2972e-11     13032 1262 13032     2    35      0 21582  1.6e-10        -
5356  2.6539e-07  4.2972e-11     13044 1262 13044     2    35      0 21606  2.4e-11        -
5358  2.6546e-07  3.5141e-11     13054 1263 13054     2    35      0 21625  6.3e-11        -
5362  2.6561e-07  3.5141e-11     13062 1264 13062     2    35      0 21637  6.2e-11        -
5367  2.6578e-07  3.5141e-11     13072 1264 13072     2    35      0 21652    6e-11        -
5372  2.6596e-07  3.5141e-11     13082 1264 13082     2    35      0 21667  6.1e-11        -
5375  2.6604e-07  4.3169e-11     13088 1266 13088     2    35      0 21676  1.7e-10        -
5380  2.6626e-07  4.3169e-11     13098 1266 13098     2    35      0 21691  1.5e-10        -
5385  2.6647e-07  3.4157e-11     13112 1267 13112     2    35      0 21714  5.2e-11        -
5389   2.666e-07  3.4157e-11     13120 1268 13120     2    35      0 21726  5.6e-11        -
5393  2.6674e-07  3.4157e-11     13128 1268 13128     2    35      0 21738  6.4e-11        -
5397  2.6688e-07  3.4157e-11     13136 1268 13136     2    35      0 21750  6.7e-11        -
5400  2.6697e-07  2.7979e-11     13146 1269 13146     2    35      0 21767  2.5e-11        -
5402  2.6703e-07  2.7979e-11     13150 1270 13150     2    35      0 21773  2.5e-11        -
5404  2.6713e-07  5.0363e-11     13158 1272 13158     2    35      0 21787  4.7e-10        -
5408  2.6734e-07  5.0363e-11     13166 1273 13166     2    35      0 21799  4.5e-10        -
5412   2.675e-07  3.1762e-11 out 13174 1274 13174     2    35      0 21811  4.3e-11        -
5417  2.6766e-07  3.1762e-11     13184 1274 13184     2    35      0 21826  4.2e-11        -
5422  2.6782e-07  3.1762e-11     13194 1274 13194     2    35      0 21841  3.8e-11        -
5427  2.6797e-07  2.7669e-11     13208 1275 13208     2    35      0 21864  2.4e-11        -
5431  2.6808e-07  2.7669e-11     13216 1276 13216     2    35      0 21876  2.2e-11        -
5436  2.6822e-07  2.7669e-11     13226 1276 13226     2    35      0 21891  2.2e-11        -
5440  2.6833e-07  2.7669e-11     13234 1276 13234     2    35      0 21903  2.2e-11        -
5445  2.6847e-07  2.7669e-11     13244 1276 13244     2    35      0 21918  2.3e-11        -
5448  2.6853e-07  2.9632e-11     13250 1278 13250     2    35      0 21927  2.5e-11        -
5453  2.6868e-07  2.9632e-11     13260 1278 13260     2    35      0 21942  2.6e-11        -
5459  2.6886e-07  2.9632e-11     13272 1278 13272     2    35      0 21960  2.6e-11        -
5464    2.69e-07  2.7763e-11 out 13284 1278 13284     2    35      0 21981  2.5e-11        -
5468  2.6919e-07  5.5527e-11     13293 1279 13293     2    35      0 21996  5.7e-10        -
5473  2.6946e-07  4.1774e-11     13307 1280 13307     2    35      0 22019  9.8e-11        -
5477  2.6963e-07  4.1774e-11     13315 1281 13315     2    35      0 22031  1.2e-10        -
5482  2.6983e-07  4.1774e-11     13325 1281 13325     2    35      0 22046    1e-10        -
5487  2.7004e-07  4.1128e-11     13335 1281 13335     2    35      0 22064  9.5e-11        -
5492  2.7025e-07  4.1128e-11     13345 1281 13345     2    35      0 22084  8.5e-11        -
5497  2.7045e-07  4.1128e-11     13355 1281 13355     2    35      0 22104  7.9e-11        -
5500  2.7055e-07  4.7592e-11     13361 1283 13361     2    35      0 22113  8.3e-11        -
5504  2.7074e-07  4.7592e-11     13369 1283 13369     2    35      0 22125  4.5e-11        -
5509  2.7096e-07  3.5838e-11     13383 1284 13383     2    35      0 22148  8.7e-12        -
5512  2.7111e-07  7.1676e-11     13389 1286 13389     2    35      0 22157  3.8e-10        -
5514  2.7123e-07  6.1651e-11     13397 1288 13397     2    35      0 22171  2.1e-10        -
5517   2.714e-07  5.5486e-11     13409 1288 13409     2    35      0 22195  1.7e-10        -
5518  2.7145e-07  5.1363e-11     13415 1289 13415     2    35      0 22206  1.1e-10        -
5522  2.7165e-07  5.1363e-11     13423 1290 13423     2    35      0 22218  1.7e-10        -
-----      当前进度:  57 % - 正在组装残差
5527  2.7191e-07  5.1363e-11     13433 1290 13433     2    35      0 22233  3.6e-10        -
5529    2.72e-07  4.4549e-11 out 13441 1292 13441     2    35      0 22247  1.8e-10        -
5534  2.7222e-07  4.4549e-11     13451 1292 13451     2    35      0 22262  1.9e-10        -
5540  2.7247e-07  2.7256e-11     13463 1293 13463     2    35      0 22280    2e-11        -
5545  2.7261e-07  2.7256e-11     13473 1293 13473     2    35      0 22295  1.9e-11        -
5551  2.7277e-07  2.7256e-11     13485 1293 13485     2    35      0 22313  1.8e-11        -
5557  2.7294e-07  2.7256e-11     13497 1293 13497     2    35      0 22331  1.7e-11        -
5559  2.7298e-07  1.8323e-11     13505 1294 13505     2    35      0 22345  2.4e-12        -
5562  2.7307e-07  3.6646e-11     13511 1296 13511     2    35      0 22354  7.4e-11        -
5566  2.7322e-07  3.6646e-11     13519 1296 13519     2    35      0 22366  7.3e-11        -
5571   2.734e-07  3.6646e-11     13529 1296 13529     2    35      0 22381  7.6e-11        -
5574   2.735e-07  3.0121e-11 out 13539 1298 13539     2    35      0 22398    3e-11        -
5579  2.7365e-07  3.0121e-11     13549 1298 13549     2    35      0 22413  3.5e-11        -
5584   2.738e-07  3.0121e-11     13559 1298 13559     2    35      0 22428    3e-11        -
5590  2.7398e-07  2.4091e-11     13575 1299 13575     2    35      0 22454    1e-11        -
5594  2.7407e-07  2.4091e-11     13583 1300 13583     2    35      0 22466  1.1e-11        -
5599  2.7419e-07  2.4091e-11     13593 1300 13593     2    35      0 22481  1.1e-11        -
5605  2.7434e-07  2.4091e-11     13605 1300 13605     2    35      0 22499  1.2e-11        -
5610  2.7446e-07  2.4091e-11     13615 1300 13615     2    35      0 22514  1.2e-11        -
5613  2.7454e-07  4.2275e-11     13625 1301 13625     2    35      0 22533  1.9e-10        -
5618  2.7475e-07  4.2275e-11     13635 1301 13635     2    35      0 22548  1.9e-10        -
5623  2.7496e-07  3.8626e-11     13647 1301 13647     2    35      0 22568  6.2e-11        -
5626  2.7508e-07  3.8626e-11     13659 1301 13659     2    35      0 22592  6.2e-11        -
5629  2.7519e-07  3.8626e-11     13671 1301 13671     2    35      0 22616  6.2e-11        -
5632  2.7531e-07  3.8626e-11     13683 1301 13683     2    35      0 22640  6.2e-11        -
5635  2.7542e-07  3.8626e-11     13695 1301 13695     2    35      0 22664  6.1e-11        -
5637   2.755e-07  3.7556e-11 out 13703 1303 13703     2    35      0 22678    1e-10        -
5642  2.7569e-07  3.7556e-11     13713 1303 13713     2    35      0 22693    1e-10        -
5647  2.7588e-07  3.7556e-11     13723 1303 13723     2    35      0 22708  1.1e-10        -
5651    2.76e-07  2.4666e-11 out 13731 1304 13731     2    35      0 22720    1e-11        -
5656  2.7612e-07  2.4666e-11     13741 1304 13741     2    35      0 22735  1.1e-11        -
5660   2.763e-07  4.9332e-11     13749 1305 13749     2    35      0 22747  3.2e-10        -
5665   2.765e-07  2.8007e-11 out 13759 1306 13759     2    35      0 22762  1.8e-11        -
5670  2.7667e-07  5.6013e-11     13769 1307 13769     2    35      0 22777  5.8e-10        -
5675  2.7695e-07  5.3954e-11     13780 1307 13780     2    35      0 22795    9e-11        -
5679  2.7716e-07  5.3954e-11     13792 1307 13792     2    35      0 22819  7.7e-11        -
5683  2.7738e-07  5.3954e-11     13804 1307 13804     2    35      0 22843  6.8e-11        -
5686   2.775e-07  3.4185e-11 out 13811 1308 13811     2    35      0 22855  2.7e-11        -
5689  2.7766e-07  6.1533e-11     13821 1310 13821     2    35      0 22872  4.6e-10        -
5691  2.7778e-07   5.538e-11     13829 1312 13829     2    35      0 22886  2.7e-10        -
5695    2.78e-07  5.4119e-11 out 13837 1313 13837     2    35      0 22900    4e-10        -
5700  2.7827e-07  5.4119e-11     13847 1313 13847     2    35      0 22920    4e-10        -
5704  2.7847e-07  3.3523e-11     13855 1314 13855     2    35      0 22935  1.3e-11        -
5707  2.7863e-07  6.0311e-11     13865 1316 13865     2    35      0 22952  1.8e-10        -
5710   2.788e-07   5.428e-11     13875 1317 13875     2    35      0 22971  1.9e-10        -
5713  2.7895e-07  4.7606e-11     13889 1318 13889     2    35      0 22998  1.1e-10        -
-----      当前进度:  59 % - 组装稀疏模式
5716   2.791e-07  4.7606e-11     13895 1319 13895     2    35      0 23007  3.2e-10        -
5721  2.7933e-07  4.7606e-11     13905 1319 13905     2    35      0 23022  3.3e-10        -
5724  2.7946e-07  3.5773e-11     13915 1320 13915     2    35      0 23039  8.9e-11        -
5728  2.7961e-07  3.5773e-11     13923 1321 13923     2    35      0 23051  7.7e-11        -
5733  2.7979e-07  3.5773e-11     13933 1321 13933     2    35      0 23066  9.7e-11        -
5738  2.7996e-07  3.5363e-11     13943 1321 13943     2    35      0 23082  7.9e-11        -
5743  2.8014e-07  3.5363e-11     13953 1321 13953     2    35      0 23102  8.5e-11        -
5749  2.8035e-07  3.5363e-11     13965 1321 13965     2    35      0 23126  9.1e-11        -
5754   2.805e-07  2.0138e-11 out 13975 1322 13975     2    35      0 23144  3.7e-12        -
5758  2.8066e-07  4.0275e-11     13983 1323 13983     2    35      0 23156  1.2e-10        -
5763  2.8086e-07  4.0275e-11     13993 1323 13993     2    35      0 23171  1.4e-10        -
5766  2.8097e-07  2.8487e-11     14003 1324 14003     2    35      0 23188  2.4e-11        -
5770  2.8109e-07  2.8487e-11     14011 1325 14011     2    35      0 23200  2.7e-11        -
5775  2.8123e-07  2.8487e-11     14021 1325 14021     2    35      0 23215    3e-11        -
5781   2.814e-07  2.8487e-11     14033 1325 14033     2    35      0 23233  2.4e-11        -
5784  2.8148e-07  2.2104e-11     14043 1326 14043     2    35      0 23250  9.9e-12        -
5787  2.8157e-07  4.4207e-11     14049 1328 14049     2    35      0 23259  3.3e-10        -
5792  2.8179e-07  4.4207e-11     14059 1328 14059     2    35      0 23274  3.5e-10        -
5796  2.8196e-07  4.0015e-11     14069 1328 14069     2    35      0 23291  1.1e-10        -
5799  2.8208e-07  4.0015e-11     14081 1328 14081     2    35      0 23315  1.1e-10        -
5801  2.8216e-07  4.0015e-11     14089 1328 14089     2    35      0 23331  1.1e-10        -
5803  2.8224e-07  4.0015e-11     14097 1328 14097     2    35      0 23347  1.1e-10        -
5806  2.8236e-07  4.0015e-11     14109 1328 14109     2    35      0 23371  1.1e-10        -
5809  2.8247e-07  2.9915e-11     14123 1329 14123     2    35      0 23398  2.9e-11        -
5813  2.8259e-07  2.9915e-11     14131 1330 14131     2    35      0 23410    3e-11        -
5819  2.8277e-07  2.9915e-11     14143 1330 14143     2    35      0 23428  3.4e-11        -
5825  2.8295e-07  2.9915e-11     14155 1330 14155     2    35      0 23446  3.2e-11        -
5827    2.83e-07  2.5639e-11 out 14163 1332 14163     2    35      0 23460  1.5e-11        -
5832  2.8313e-07  2.5639e-11     14173 1332 14173     2    35      0 23475  1.5e-11        -
5838  2.8328e-07  2.5639e-11     14185 1332 14185     2    35      0 23493  1.6e-11        -
5844  2.8344e-07  2.5639e-11     14197 1332 14197     2    35      0 23511  1.7e-11        -
5847   2.835e-07  1.9249e-11 out 14207 1334 14207     2    35      0 23528    4e-12        -
5852  2.8369e-07  3.8497e-11     14217 1335 14217     2    35      0 23543  9.2e-11        -
5858  2.8392e-07  3.8497e-11     14229 1335 14229     2    35      0 23561  8.8e-11        -
5864  2.8415e-07  3.8266e-11     14241 1335 14241     2    35      0 23585    5e-11        -
5870  2.8438e-07  3.8266e-11     14253 1335 14253     2    35      0 23609  4.5e-11        -
5874   2.845e-07  2.0404e-11 out 14261 1336 14261     2    35      0 23623  3.3e-12        -
5878  2.8466e-07  4.0807e-11     14269 1337 14269     2    35      0 23635  8.1e-11        -
5882  2.8483e-07  4.0807e-11     14277 1337 14277     2    35      0 23647  6.8e-11        -
5886  2.8497e-07   2.556e-11     14285 1338 14285     2    35      0 23659  5.5e-12        -
5890  2.8515e-07   5.112e-11     14293 1339 14293     2    35      0 23671  1.1e-10        -
5895  2.8541e-07   5.112e-11     14303 1339 14303     2    35      0 23686  3.7e-10        -
5897   2.855e-07  4.5521e-11 out 14311 1341 14311     2    35      0 23700  2.1e-10        -
5902  2.8573e-07  4.5521e-11     14321 1341 14321     2    35      0 23715  8.7e-11        -
5908    2.86e-07  4.5158e-11 out 14333 1341 14333     2    35      0 23735  8.2e-11        -
5914  2.8627e-07  4.5158e-11     14345 1341 14345     2    35      0 23759  9.1e-11        -
5919  2.8648e-07  2.4212e-11     14355 1342 14355     2    35      0 23778  1.5e-11        -
5924  2.8667e-07  4.8424e-11     14365 1343 14365     2    35      0 23793  3.5e-10        -
------     当前进度:  60 % - 
5929  2.8691e-07  4.8424e-11     14375 1343 14375     2    35      0 23808  4.9e-10        -
5932  2.8704e-07  4.4199e-11     14387 1343 14387     2    35      0 23832  9.4e-11        -
5935  2.8718e-07  4.4199e-11     14399 1343 14399     2    35      0 23856    1e-10        -
5938  2.8731e-07  4.4199e-11     14411 1343 14411     2    35      0 23880  1.1e-10        -
5941  2.8744e-07  4.4199e-11     14423 1343 14423     2    35      0 23904  1.1e-10        -
5945  2.8756e-07  2.9006e-11     14431 1344 14431     2    35      0 23916  5.5e-11        -
5951  2.8773e-07  2.9006e-11     14443 1344 14443     2    35      0 23934  2.6e-11        -
5957  2.8791e-07  2.9006e-11     14455 1344 14455     2    35      0 23952  2.9e-11        -
5961    2.88e-07  1.7949e-11 out 14463 1345 14463     2    35      0 23964  2.8e-12        -
5965  2.8814e-07  3.5899e-11     14471 1346 14471     2    35      0 23976  7.8e-11        -
5970  2.8832e-07  3.5899e-11     14481 1346 14481     2    35      0 23991  8.8e-11        -
5975   2.885e-07  3.4608e-11 out 14493 1346 14493     2    35      0 24012  2.9e-11        -
5979  2.8864e-07  3.4608e-11     14505 1346 14505     2    35      0 24036  2.9e-11        -
5983  2.8878e-07  3.4608e-11     14517 1346 14517     2    35      0 24060  2.9e-11        -
5987  2.8892e-07  3.4608e-11     14528 1346 14528     2    35      0 24082  3.7e-10        -
5990    2.89e-07  2.5047e-11 out 14538 1348 14538     2    35      0 24100  1.5e-11        -
5995  2.8913e-07  2.5047e-11     14548 1348 14548     2    35      0 24115    2e-11        -
6001  2.8928e-07  2.5047e-11     14560 1348 14560     2    35      0 24133  1.6e-11        -
6005  2.8938e-07  2.5047e-11     14568 1348 14568     2    35      0 24145  1.5e-11        -
6010   2.895e-07  2.4574e-11 out 14578 1348 14578     2    35      0 24162  4.6e-11        -
6015  2.8962e-07  2.4574e-11     14588 1348 14588     2    35      0 24182  4.6e-11        -
6020  2.8975e-07  2.4574e-11     14598 1348 14598     2    35      0 24202  4.6e-11        -
6025  2.8987e-07  2.4574e-11     14608 1348 14608     2    35      0 24222  4.7e-11        -
6030  2.8998e-07  1.6549e-11     14618 1349 14618     2    35      0 24241  1.5e-12        -
6034   2.901e-07  3.3097e-11     14626 1350 14626     2    35      0 24253  5.8e-11        -
6040   2.903e-07  3.3097e-11     14638 1350 14638     2    35      0 24271  5.7e-11        -
6046  2.9048e-07   1.832e-11     14650 1351 14650     2    35      0 24289  3.2e-12        -
6050  2.9061e-07  3.6639e-11     14658 1352 14658     2    35      0 24301  1.1e-10        -
6056  2.9083e-07  3.6639e-11     14670 1352 14670     2    35      0 24319    1e-10        -
6060  2.9097e-07  3.0166e-11     14682 1353 14682     2    35      0 24339    8e-11        -
6065  2.9112e-07  3.0166e-11     14692 1354 14692     2    35      0 24354  5.6e-11        -
6071   2.913e-07  3.0166e-11     14704 1354 14704     2    35      0 24372  5.8e-11        -
6076  2.9145e-07  3.0166e-11     14714 1354 14714     2    35      0 24387  6.1e-11        -
6078   2.915e-07  2.3758e-11 out 14722 1356 14722     2    35      0 24401  1.9e-11        -
6082  2.9167e-07  4.7516e-11     14730 1357 14730     2    35      0 24413  6.1e-10        -
6088  2.9195e-07  4.7516e-11     14742 1357 14742     2    35      0 24431  2.8e-10        -
6092  2.9207e-07  4.8601e-11     14750 1359 14750     2    35      0 24443  3.2e-10        -
6097  2.9232e-07  4.8601e-11     14760 1359 14760     2    35      0 24458  2.6e-10        -
6101   2.925e-07  4.3446e-11 out 14772 1359 14772     2    35      0 24480  1.4e-10        -
6104  2.9263e-07  4.3446e-11     14784 1359 14784     2    35      0 24504  1.2e-10        -
6107  2.9276e-07  4.3446e-11     14796 1359 14796     2    35      0 24528  1.2e-10        -
6110  2.9289e-07  4.3446e-11     14808 1359 14808     2    35      0 24552  1.2e-10        -
6112  2.9297e-07  3.2771e-11     14818 1360 14818     2    35      0 24571  3.8e-11        -
6115  2.9312e-07  5.8987e-11     14828 1363 14828     2    35      0 24588    8e-10        -
------     当前进度:  61 % - 正在组装残差
6119  2.9336e-07  5.8987e-11     14836 1364 14836     2    35      0 24600  1.2e-09        -
6121  2.9346e-07  4.0267e-11     14844 1365 14844     2    35      0 24614  1.7e-10        -
6125  2.9362e-07  4.0267e-11     14852 1366 14852     2    35      0 24626  1.8e-10        -
6130  2.9382e-07  4.0267e-11     14862 1366 14862     2    35      0 24641  2.5e-10        -
6134  2.9397e-07  2.8529e-11     14874 1367 14874     2    35      0 24661    1e-10        -
6137  2.9411e-07  5.1353e-11     14882 1369 14882     2    35      0 24675  3.1e-10        -
6140  2.9426e-07  5.1353e-11     14894 1369 14894     2    35      0 24699  3.3e-10        -
6142  2.9437e-07  5.1353e-11     14902 1371 14902     2    35      0 24713  8.7e-10        -
6144  2.9446e-07  4.1735e-11     14910 1372 14910     2    35      0 24727    3e-10        -
6148  2.9463e-07  4.1735e-11     14918 1373 14918     2    35      0 24739    4e-10        -
6153  2.9483e-07  4.1735e-11     14928 1373 14928     2    35      0 24754  3.3e-10        -
6158  2.9504e-07  4.1323e-11     14938 1373 14938     2    35      0 24772  1.9e-10        -
6163  2.9525e-07  4.1323e-11     14948 1373 14948     2    35      0 24792    2e-10        -
6168  2.9545e-07  4.1323e-11     14958 1373 14958     2    35      0 24812    2e-10        -
6171  2.9552e-07  2.2726e-11     14964 1374 14964     2    35      0 24821  7.9e-12        -
6176  2.9564e-07  2.2726e-11     14974 1374 14974     2    35      0 24836  9.2e-12        -
6180  2.9577e-07  4.5452e-11     14982 1375 14982     2    35      0 24848  3.6e-10        -
6185  2.9598e-07  2.2742e-11     14992 1376 14992     2    35      0 24863  5.1e-12        -
6189  2.9614e-07  4.5485e-11     15000 1377 15000     2    35      0 24875  2.5e-10        -
6194  2.9636e-07  4.5485e-11     15010 1377 15010     2    35      0 24890  2.8e-10        -
6199  2.9659e-07  4.5318e-11     15020 1377 15020     2    35      0 24909  9.7e-11        -
6204  2.9682e-07  4.5318e-11     15030 1377 15030     2    35      0 24929  9.7e-11        -
6208  2.9698e-07  2.3412e-11     15038 1378 15038     2    35      0 24944  8.1e-12        -
6213  2.9709e-07  2.3412e-11     15048 1378 15048     2    35      0 24959  7.4e-12        -
6218  2.9721e-07  2.3412e-11     15058 1378 15058     2    35      0 24974  6.7e-12        -
6223  2.9733e-07  2.3412e-11     15068 1378 15068     2    35      0 24989  8.4e-12        -
6228  2.9744e-07  2.3412e-11     15078 1378 15078     2    35      0 25004  7.9e-12        -
6230  2.9748e-07  1.5878e-11     15086 1379 15086     2    35      0 25018  2.1e-12        -
6233  2.9756e-07  3.1756e-11     15092 1381 15092     2    35      0 25027  5.2e-11        -
6237  2.9769e-07  3.1756e-11     15100 1381 15100     2    35      0 25039  4.8e-11        -
6242  2.9785e-07  3.1756e-11     15110 1381 15110     2    35      0 25054  5.3e-11        -
6246  2.9797e-07   2.771e-11     15122 1382 15122     2    35      0 25074  2.8e-11        -
6250  2.9808e-07   2.771e-11     15130 1383 15130     2    35      0 25086  3.1e-11        -
6255  2.9822e-07   2.771e-11     15140 1383 15140     2    35      0 25101  3.3e-11        -
6260  2.9836e-07   2.771e-11     15150 1383 15150     2    35      0 25116  3.6e-11        -
6265  2.9849e-07  1.4466e-11     15160 1384 15160     2    35      0 25131  2.2e-12        -
6269  2.9859e-07  2.8932e-11     15168 1385 15168     2    35      0 25143  7.5e-11        -
6274  2.9873e-07  2.8932e-11     15178 1385 15178     2    35      0 25158  4.7e-11        -
6279  2.9888e-07  2.8932e-11     15188 1385 15188     2    35      0 25173  4.8e-11        -
6283  2.9898e-07  1.8542e-11     15196 1386 15196     2    35      0 25185  5.3e-12        -
6286  2.9907e-07  3.7084e-11     15202 1387 15202     2    35      0 25194  1.7e-10        -
6291  2.9926e-07  3.7084e-11     15212 1387 15212     2    35      0 25209  9.2e-11        -
6295  2.9941e-07  3.7084e-11     15220 1387 15220     2    35      0 25221  8.3e-11        -
6297  2.9947e-07  2.7494e-11     15228 1388 15228     2    35      0 25235  1.7e-11        -
6300  2.9958e-07  5.4988e-11     15234 1390 15234     2    35      0 25244  5.1e-10        -
6304   2.998e-07  5.4988e-11     15242 1390 15242     2    35      0 25256  4.5e-10        -
------     当前进度:  63 % - 
6307  2.9996e-07  4.3793e-11     15252 1391 15252     2    35      0 25273    3e-10        -
6310  3.0009e-07  4.3793e-11     15258 1392 15258     2    35      0 25282  3.6e-10        -
6315  3.0031e-07  4.3793e-11     15268 1392 15268     2    35      0 25297  3.6e-10        -
6318  3.0044e-07  4.3793e-11     15274 1392 15274     2    35      0 25306  2.5e-08        -
6320   3.005e-07  3.1034e-11 out 15282 1394 15282     2    35      0 25320  5.9e-11        -
6322  3.0059e-07  6.2067e-11     15286 1395 15286     2    35      0 25326  1.8e-09        -
6324   3.007e-07  5.5861e-11     15294 1395 15294     2    35      0 25342  3.6e-10        -
6327  3.0087e-07  5.5861e-11     15306 1395 15306     2    35      0 25366  3.9e-10        -
6329  3.0096e-07  3.5867e-11     15312 1396 15312     2    35      0 25377  1.3e-10        -
6333  3.0111e-07  3.5867e-11     15320 1396 15320     2    35      0 25389  2.2e-10        -
6338  3.0129e-07  3.5867e-11     15330 1396 15330     2    35      0 25404  3.1e-10        -
6342  3.0143e-07  3.5867e-11     15338 1396 15338     2    35      0 25416  3.2e-10        -
6347   3.016e-07  3.4795e-11     15348 1396 15348     2    35      0 25436  3.2e-10        -
6352  3.0178e-07  3.4795e-11     15358 1396 15358     2    35      0 25456  3.3e-10        -
6356  3.0192e-07  3.4795e-11     15366 1396 15366     2    35      0 25472  3.6e-10        -
6360  3.0202e-07  2.3832e-11     15374 1397 15374     2    35      0 25485  2.5e-11        -
6364  3.0212e-07  2.3832e-11     15382 1397 15382     2    35      0 25497  2.3e-11        -
6369  3.0224e-07  2.3832e-11     15392 1397 15392     2    35      0 25512    2e-11        -
6373  3.0233e-07  2.3832e-11     15400 1397 15400     2    35      0 25524    2e-11        -
6376  3.0241e-07  2.3832e-11     15406 1397 15406     2    35      0 25533  1.8e-11        -
6381  3.0252e-07  2.3598e-11     15416 1397 15416     2    35      0 25551  2.5e-11        -
6385  3.0262e-07  2.3598e-11     15424 1397 15424     2    35      0 25567  2.5e-11        -
6388  3.0269e-07  2.3598e-11     15430 1397 15430     2    35      0 25579  2.5e-11        -
6392  3.0278e-07  2.3598e-11     15438 1397 15438     2    35      0 25595  2.5e-11        -
6396  3.0288e-07  2.3598e-11     15446 1397 15446     2    35      0 25611  2.5e-11        -
6400  3.0297e-07  2.3598e-11     15454 1397 15454     2    35      0 25627  2.4e-11        -
6403  3.0303e-07  2.8041e-11     15460 1399 15460     2    35      0 25636  2.6e-11        -
6408  3.0317e-07  2.8041e-11     15470 1399 15470     2    35      0 25651  3.3e-11        -
6413  3.0331e-07  2.8041e-11     15480 1399 15480     2    35      0 25666  1.3e-11        -
6418  3.0345e-07  2.8041e-11     15490 1399 15490     2    35      0 25681  1.6e-11        -
6421  3.0353e-07  2.5671e-11     15499 1399 15499     2    35      0 25699  8.5e-11        -
6424   3.036e-07  2.5671e-11     15508 1399 15508     2    35      0 25717  8.4e-11        -
6427  3.0368e-07  2.5671e-11     15517 1399 15517     2    35      0 25735  8.2e-11        -
6430  3.0376e-07  2.5671e-11     15526 1399 15526     2    35      0 25753  8.3e-11        -
6433  3.0383e-07  2.5671e-11     15535 1399 15535     2    35      0 25771  8.3e-11        -
6437  3.0394e-07  2.5671e-11     15547 1399 15547     2    35      0 25795  8.2e-11        -
6439  3.0398e-07  1.8962e-11     15556 1400 15556     2    35      0 25812  5.4e-12        -
6441  3.0404e-07  3.7924e-11     15560 1402 15560     2    35      0 25818  1.7e-10        -
6446  3.0423e-07  3.7924e-11     15570 1402 15570     2    35      0 25833  1.6e-10        -
6450  3.0438e-07  3.7924e-11     15578 1402 15578     2    35      0 25845  1.5e-10        -
6454   3.045e-07  2.2455e-11 out 15586 1403 15586     2    35      0 25857  9.8e-12        -
6459  3.0461e-07  2.2455e-11     15596 1403 15596     2    35      0 25872    1e-11        -
6463   3.047e-07  2.2455e-11     15604 1403 15604     2    35      0 25884  6.2e-12        -
6468  3.0481e-07  2.2455e-11     15614 1403 15614     2    35      0 25899  9.5e-12        -
6472   3.049e-07  2.2455e-11     15622 1403 15622     2    35      0 25911  8.6e-12        -
6476  3.0499e-07  1.4221e-11     15630 1404 15630     2    35      0 25923    8e-13        -
------     当前进度:  64 % - 组装稀疏模式
6480  3.0509e-07  2.8442e-11     15638 1405 15638     2    35      0 25935  2.5e-11        -
6485  3.0523e-07  2.8442e-11     15648 1405 15648     2    35      0 25950  2.8e-11        -
6490  3.0537e-07  2.8442e-11     15658 1405 15658     2    35      0 25965  3.8e-11        -
6494  3.0548e-07  2.2467e-11     15670 1406 15670     2    35      0 25985  1.1e-11        -
6496  3.0554e-07  4.4934e-11     15674 1408 15674     2    35      0 25991  3.4e-10        -
6500  3.0572e-07  4.4934e-11     15682 1408 15682     2    35      0 26003  3.9e-10        -
6505  3.0595e-07  4.4934e-11     15692 1408 15692     2    35      0 26018  6.2e-10        -
6508  3.0605e-07  5.0655e-11     15698 1410 15698     2    35      0 26027  1.2e-09        -
6513   3.063e-07  5.0655e-11     15708 1410 15708     2    35      0 26042  1.7e-09        -
6517   3.065e-07  4.7379e-11 out 15718 1410 15718     2    35      0 26060    5e-10        -
6521  3.0669e-07  4.7379e-11     15730 1410 15730     2    35      0 26084  4.7e-10        -
6524  3.0683e-07  4.7379e-11     15739 1410 15739     2    35      0 26102  4.4e-10        -
6527  3.0696e-07  3.6795e-11     15751 1411 15751     2    35      0 26125  2.1e-10        -
6531  3.0711e-07  3.6795e-11     15759 1412 15759     2    35      0 26137  2.1e-10        -
6536  3.0729e-07  3.6795e-11     15769 1412 15769     2    35      0 26152  2.6e-10        -
6541  3.0747e-07   2.923e-11     15783 1413 15783     2    35      0 26175  7.6e-11        -
6544  3.0759e-07   5.846e-11     15789 1415 15789     2    35      0 26184  1.7e-09        -
6549  3.0788e-07   5.846e-11     15799 1415 15799     2    35      0 26199  2.3e-09        -
6553  3.0803e-07  3.0776e-11     15807 1416 15807     2    35      0 26211  1.1e-10        -
6556   3.082e-07  5.5396e-11     15817 1417 15817     2    35      0 26230  5.2e-10        -
6559  3.0837e-07  5.5396e-11     15829 1417 15829     2    35      0 26254  5.6e-10        -
6562   3.085e-07  3.7648e-11 out 15837 1418 15837     2    35      0 26268  2.9e-10        -
6567  3.0869e-07  3.7648e-11     15847 1418 15847     2    35      0 26283  3.7e-10        -
6572  3.0888e-07  3.7648e-11     15857 1418 15857     2    35      0 26298  3.7e-10        -
6576    3.09e-07   2.411e-11 out 15865 1419 15865     2    35      0 26310  4.1e-11        -
6580  3.0919e-07  4.8219e-11     15873 1420 15873     2    35      0 26322  1.2e-09        -
6585  3.0943e-07  4.8219e-11     15883 1420 15883     2    35      0 26337  9.3e-10        -
6586  3.0947e-07  3.3014e-11     15889 1421 15889     2    35      0 26348  1.3e-10        -
6590   3.096e-07  3.3014e-11     15897 1422 15897     2    35      0 26360  1.1e-10        -
6595  3.0976e-07  3.3014e-11     15907 1422 15907     2    35      0 26375  1.2e-10        -
6601  3.0996e-07  3.3014e-11     15919 1422 15919     2    35      0 26393  6.2e-11        -
6604  3.1004e-07  3.7798e-11     15925 1424 15925     2    35      0 26402  9.5e-11        -
6609  3.1023e-07  3.7798e-11     15935 1424 15935     2    35      0 26417  5.1e-11        -
6615  3.1045e-07  3.7798e-11     15947 1424 15947     2    35      0 26435    1e-10        -
6619  3.1057e-07  4.6418e-11     15955 1426 15955     2    35      0 26447  3.8e-10        -
6623  3.1076e-07  4.6418e-11     15963 1426 15963     2    35      0 26459  2.3e-10        -
6628  3.1097e-07  2.9513e-11     15973 1427 15973     2    35      0 26474  4.9e-11        -
6634  3.1115e-07  2.9513e-11     15985 1427 15985     2    35      0 26492  5.4e-11        -
6639   3.113e-07  2.9513e-11     15995 1427 15995     2    35      0 26507  4.8e-11        -
6644  3.1144e-07  2.9513e-11     16005 1427 16005     2    35      0 26522  4.7e-11        -
6650  3.1161e-07  2.8656e-11     16017 1427 16017     2    35      0 26546  1.7e-10        -
6655  3.1176e-07  2.8656e-11     16027 1427 16027     2    35      0 26566  1.7e-10        -
6661  3.1193e-07  2.8656e-11     16039 1427 16039     2    35      0 26590  1.8e-10        -
6664    3.12e-07  2.0754e-11 out 16049 1429 16049     2    35      0 26608  4.1e-12        -
6668  3.1217e-07  4.1508e-11     16057 1430 16057     2    35      0 26620  2.1e-10        -
6674  3.1242e-07  4.1508e-11     16069 1430 16069     2    35      0 26638  1.6e-10        -
------     当前进度:  65 % - 组装矩阵
6678  3.1252e-07  2.1705e-11     16077 1431 16077     2    35      0 26650  7.3e-12        -
6683  3.1267e-07   4.341e-11     16087 1432 16087     2    35      0 26665  2.8e-10        -
6687  3.1285e-07   4.341e-11     16095 1432 16095     2    35      0 26677  2.2e-10        -
6690  3.1297e-07  3.2948e-11     16105 1433 16105     2    35      0 26694  6.5e-11        -
6695  3.1313e-07  3.2948e-11     16115 1434 16115     2    35      0 26709  8.1e-11        -
6701  3.1333e-07  3.2948e-11     16127 1434 16127     2    35      0 26727  8.2e-11        -
6706  3.1348e-07  1.9361e-11     16137 1435 16137     2    35      0 26742  4.1e-11        -
6710  3.1362e-07  3.8722e-11     16145 1436 16145     2    35      0 26754  4.7e-10        -
6716  3.1385e-07  3.8722e-11     16157 1436 16157     2    35      0 26772  5.1e-10        -
6721  3.1404e-07  3.7031e-11     16167 1436 16167     2    35      0 26790  1.1e-09        -
6726  3.1422e-07  3.7031e-11     16177 1436 16177     2    35      0 26810  1.1e-09        -
6731  3.1441e-07  3.7031e-11     16187 1436 16187     2    35      0 26830  9.5e-10        -
6733  3.1447e-07  2.7816e-11     16195 1437 16195     2    35      0 26845  7.5e-11        -
6736  3.1458e-07  5.5632e-11     16201 1439 16201     2    35      0 26854  4.6e-09        -
6741  3.1486e-07  5.5632e-11     16211 1439 16211     2    35      0 26869  2.4e-09        -
6743  3.1496e-07   4.138e-11     16219 1440 16219     2    35      0 26883  6.7e-10        -
6748  3.1517e-07   4.138e-11     16229 1441 16229     2    35      0 26898  5.8e-10        -
6754  3.1541e-07   4.138e-11     16241 1441 16241     2    35      0 26916  1.5e-09        -
6758  3.1554e-07  4.4824e-11     16249 1443 16249     2    35      0 26928  7.6e-10        -
6763  3.1577e-07  4.4824e-11     16259 1443 16259     2    35      0 26943  8.9e-10        -
6768  3.1597e-07  2.5878e-11     16269 1444 16269     2    35      0 26958  2.2e-11        -
6773  3.1621e-07  5.1757e-11     16279 1445 16279     2    35      0 26973  9.2e-09        -
6778  3.1646e-07  4.2973e-11     16293 1446 16293     2    35      0 26996  3.4e-09        -
6782  3.1663e-07  4.2973e-11     16301 1447 16301     2    35      0 27008  1.4e-09        -
6788  3.1689e-07  4.2973e-11     16313 1447 16313     2    35      0 27026  1.1e-09        -
6791    3.17e-07  3.5137e-11 out 16323 1449 16323     2    35      0 27043    3e-10        -
6796  3.1718e-07  3.5137e-11     16333 1449 16333     2    35      0 27058  1.5e-10        -
6802  3.1739e-07  3.5137e-11     16345 1449 16345     2    35      0 27076    6e-11        -
6807  3.1754e-07  4.3219e-11     16355 1451 16355     2    35      0 27091  1.1e-10        -
6813   3.178e-07  4.3219e-11     16367 1451 16367     2    35      0 27109  1.5e-10        -
6817  3.1797e-07  3.3903e-11     16379 1452 16379     2    35      0 27129    7e-11        -
6821   3.181e-07  3.3903e-11     16387 1453 16387     2    35      0 27141  1.5e-10        -
6827  3.1831e-07  3.3903e-11     16399 1453 16399     2    35      0 27159  1.6e-10        -
6832  3.1847e-07  2.9631e-11     16413 1454 16413     2    35      0 27182  1.6e-10        -
6835  3.1856e-07  2.9631e-11     16419 1455 16419     2    35      0 27191  1.7e-10        -
6841  3.1874e-07  2.9631e-11     16431 1455 16431     2    35      0 27209  7.1e-11        -
6847  3.1891e-07  2.9631e-11     16443 1455 16443     2    35      0 27227  6.9e-11        -
6851  3.1903e-07  2.7764e-11     16454 1455 16454     2    35      0 27248  5.3e-11        -
6855  3.1914e-07  2.7764e-11     16466 1455 16466     2    35      0 27272  5.1e-11        -
6858  3.1922e-07  2.7764e-11     16475 1455 16475     2    35      0 27290  5.5e-11        -
6862  3.1933e-07  2.7764e-11     16487 1455 16487     2    35      0 27314  6.1e-11        -
6866  3.1944e-07  2.7764e-11     16499 1455 16499     2    35      0 27338  7.3e-11        -
6870  3.1953e-07  2.8008e-11     16508 1457 16508     2    35      0 27353  5.2e-11        -
6875  3.1967e-07  2.8008e-11     16518 1457 16518     2    35      0 27368  2.1e-11        -
6881  3.1984e-07  2.8008e-11     16530 1457 16530     2    35      0 27386  8.3e-12        -
6886  3.1997e-07  2.5934e-11     16541 1457 16541     2    35      0 27404  8.9e-11        -
------     当前进度:  66 % - 正在组装残差
6889  3.2005e-07  2.5934e-11     16550 1457 16550     2    35      0 27422  9.1e-11        -
6892  3.2013e-07  2.5934e-11     16559 1457 16559     2    35      0 27440  9.4e-11        -
6896  3.2023e-07  2.5934e-11     16571 1457 16571     2    35      0 27464  9.7e-11        -
6899  3.2031e-07  2.5934e-11     16580 1457 16580     2    35      0 27482    1e-10        -
6903  3.2041e-07  2.5934e-11     16592 1457 16592     2    35      0 27506    1e-10        -
6907  3.2053e-07  3.3184e-11     16606 1457 16606     2    35      0 27534  9.3e-11        -
6910  3.2063e-07  3.3184e-11     16618 1457 16618     2    35      0 27558  9.9e-11        -
6913  3.2073e-07  3.3184e-11     16630 1457 16630     2    35      0 27582    1e-10        -
6916  3.2083e-07  3.3184e-11     16642 1457 16642     2    35      0 27606  1.1e-10        -
6919  3.2093e-07  3.3184e-11     16654 1457 16654     2    35      0 27630  1.2e-10        -
6923  3.2104e-07  3.5417e-11     16664 1459 16664     2    35      0 27647  3.2e-10        -
6928  3.2121e-07  3.5417e-11     16674 1459 16674     2    35      0 27662  1.3e-09        -
6934  3.2143e-07  3.5417e-11     16686 1459 16686     2    35      0 27680  5.7e-10        -
6938  3.2154e-07  3.9579e-11     16694 1461 16694     2    35      0 27692  1.5e-09        -
6942   3.217e-07  3.9579e-11     16702 1461 16702     2    35      0 27704  1.7e-09        -
6948  3.2194e-07  3.9579e-11     16714 1461 16714     2    35      0 27722  1.3e-09        -
6950    3.22e-07  3.2316e-11 out 16722 1463 16722     2    35      0 27736  4.7e-10        -
6954  3.2213e-07  3.2316e-11     16730 1463 16730     2    35      0 27748  1.8e-09        -
6959  3.2229e-07  3.2316e-11     16740 1463 16740     2    35      0 27763  3.2e-10        -
6965  3.2248e-07  2.3789e-11     16756 1464 16756     2    35      0 27789  4.5e-10        -
6968  3.2257e-07  4.7578e-11     16762 1466 16762     2    35      0 27798  1.4e-08        -
6974  3.2286e-07  4.7578e-11     16774 1466 16774     2    35      0 27816    5e-09        -
6979  3.2302e-07  2.4002e-11     16784 1467 16784     2    35      0 27831  7.4e-10        -
6983  3.2322e-07  4.8005e-11     16792 1468 16792     2    35      0 27843  3.4e-08        -
6988  3.2345e-07  4.5981e-11     16803 1468 16803     2    35      0 27861  7.2e-10        -
6992  3.2364e-07  4.5981e-11     16815 1468 16815     2    35      0 27885  5.5e-10        -
6996  3.2382e-07  4.5981e-11     16827 1468 16827     2    35      0 27909  4.8e-10        -
6999  3.2396e-07  4.3087e-11     16837 1468 16837     2    35      0 27929  7.4e-10        -
7002  3.2409e-07  4.3087e-11     16849 1468 16849     2    35      0 27953  6.5e-10        -
7005  3.2422e-07  4.3087e-11     16861 1468 16861     2    35      0 27977  5.9e-10        -
7007   3.243e-07  4.3087e-11     16869 1470 16869     2    35      0 27991  7.1e-12        -
7011  3.2447e-07  3.4566e-11     16881 1471 16881     2    35      0 28011  9.7e-13        -
7014  3.2457e-07  3.4566e-11     16887 1472 16887     2    35      0 28020  9.4e-13        -
7020  3.2478e-07  3.4566e-11     16899 1472 16899     2    35      0 28038  7.7e-13        -
7025  3.2495e-07  3.4566e-11     16909 1472 16909     2    35      0 28053  2.2e-13        -
7027    3.25e-07  2.5324e-11 out 16916 1474 16916     2    35      0 28064        0        -
7030  3.2533e-07  1.7403e-10     16919 1477 16919     2    35      0 28064        0        -
7036   3.275e-07       5e-10 out 16925 1478 16925     2    35      0 28064        0        -
7046   3.325e-07       5e-10 out 16935 1478 16935     2    35      0 28064        0        -
7055    3.37e-07       5e-10 out 16944 1478 16944     2    35      0 28064        0        -
7064   3.415e-07       5e-10 out 16953 1478 16953     2    35      0 28064        0        -
7073    3.46e-07       5e-10 out 16962 1478 16962     2    35      0 28064        0        -
7082   3.505e-07       5e-10 out 16971 1478 16971     2    35      0 28064        0        -
7092   3.555e-07       5e-10 out 16981 1478 16981     2    35      0 28064        0        -
7102   3.605e-07       5e-10 out 16991 1478 16991     2    35      0 28064        0        -
-------    当前进度:  74 % - 
7110   3.645e-07       5e-10 out 16999 1478 16999     2    35      0 28064        0        -
7119    3.69e-07       5e-10 out 17008 1478 17008     2    35      0 28064        0        -
7129    3.74e-07       5e-10 out 17018 1478 17018     2    35      0 28064        0        -
7138   3.785e-07       5e-10 out 17027 1478 17027     2    35      0 28064        0        -
7148   3.835e-07       5e-10 out 17037 1478 17037     2    35      0 28064        0        -
7158   3.885e-07       5e-10 out 17047 1478 17047     2    35      0 28064        0        -
7168   3.935e-07       5e-10 out 17057 1478 17057     2    35      0 28064        0        -
7177    3.98e-07       5e-10 out 17066 1478 17066     2    35      0 28064        0        -
7186   4.025e-07       5e-10 out 17075 1478 17075     2    35      0 28064        0        -
7195    4.07e-07       5e-10 out 17084 1478 17084     2    35      0 28064        0        -
7205    4.12e-07       5e-10 out 17094 1478 17094     2    35      0 28064        0        -
7215    4.17e-07       5e-10 out 17104 1478 17104     2    35      0 28064        0        -
7225    4.22e-07       5e-10 out 17114 1478 17114     2    35      0 28064        0        -
7233    4.26e-07       5e-10 out 17122 1478 17122     2    35      0 28064        0        -
7242   4.305e-07       5e-10 out 17131 1478 17131     2    35      0 28064        0        -
7252   4.355e-07       5e-10 out 17141 1478 17141     2    35      0 28064        0        -
7261     4.4e-07       5e-10 out 17150 1478 17150     2    35      0 28064        0        -
7270   4.445e-07       5e-10 out 17159 1478 17159     2    35      0 28064        0        -
7279    4.49e-07       5e-10 out 17168 1478 17168     2    35      0 28064        0        -
7289    4.54e-07       5e-10 out 17178 1478 17178     2    35      0 28064        0        -
7299    4.59e-07       5e-10 out 17188 1478 17188     2    35      0 28064        0        -
7309    4.64e-07       5e-10 out 17198 1478 17198     2    35      0 28064        0        -
7319    4.69e-07       5e-10 out 17208 1478 17208     2    35      0 28064        0        -
7329    4.74e-07       5e-10 out 17218 1478 17218     2    35      0 28064        0        -
7338   4.785e-07       5e-10 out 17227 1478 17227     2    35      0 28064        0        -
7348   4.835e-07       5e-10 out 17237 1478 17237     2    35      0 28064        0        -
7358   4.885e-07       5e-10 out 17247 1478 17247     2    35      0 28064        0        -
7368   4.935e-07       5e-10 out 17257 1478 17257     2    35      0 28064        0        -
7378   4.985e-07       5e-10 out 17267 1478 17267     2    35      0 28064        0        -
7381       5e-07       5e-10 out 17270 1478 17270     2    35      0 28064        0        -
---------- 当前进度: 100 % - 
求解时间：11 s。
物理内存: 1.05 GB
虚拟内存: 1.07 GB
结束时间：2026年9月4日 00:25:03。
----- Study 2 - Single_Muon_Diagnostic/解 2 (sol2) 中的“瞬态求解器 1” ----------------->
CHECKPOINT_SINGLE_MUON_SOLVED=E:\imp\imp\project\muon-ion_beam\stage1_3d_feasibility\comsol\stage1_3d_feasibility.mph
BUILD_STAGE1_3D_PHASE=RESULTS

/***************/
/*****错误********/
/***************/
运行 Java 类时出错。
未知结果特征。
 - 标记: cln_axis
未知结果特征。
 - 类: BuildStage1_3D
总时间: 31 s.
