*******************************************
***COMSOL 6.4.0.293 progress output file***
*******************************************
Fri Sep 04 00:27:59 CST 2026
COMSOL Multiphysics 6.4 (开发版本: 293) 在批处理模式下启动
正在运行: E:\imp\imp\project\muon-ion_beam\stage1_3d_feasibility\scripts\BuildStage1_3D.class
BUILD_STAGE1_3D_ROOT=E:\imp\imp\project\muon-ion_beam\stage1_3d_feasibility
BUILD_STAGE1_3D_STOPPING_FILE=E:\imp\imp\project\muon-ion_beam\muon\ne\comsol_muNe_SN.txt
BUILD_STAGE1_3D_PHASE=CREATE_MODEL
---------- 当前进度: 100 % - 正在更新选择
Memory: 421/421 443/443
           当前进度:   0 % - Grounded outer shell / bore boundary
Memory: 442/442 453/453
           当前进度:   4 % - Uniform Ne gas volume before electrode subtraction
Memory: 453/453 458/462
           当前进度:   8 % - Gas cutter reserved for dielectric liner
-          当前进度:  12 % - Representative alumina dielectric liner
Memory: 453/453 459/462
-          当前进度:  12 % - 执行布尔操作
Memory: 457/457 460/462
-----      当前进度:  52 % - V1 electrode outer blank
-----      当前进度:  56 % - V1 aperture cutter
Memory: 457/457 461/462
------     当前进度:  60 % - V1 finite-thickness annular electrode
------     当前进度:  60 % - 执行布尔操作
Memory: 458/458 461/462
           当前进度:   0 % - V1 electrode, 1 mm rounded edges
Memory: 459/459 462/462
GEOMETRY_ELECTRODE_ROUNDED=V1
           当前进度:   0 % - V2 electrode outer blank
Memory: 460/460 463/463
           当前进度:   8 % - V2 aperture cutter
-          当前进度:  17 % - V2 finite-thickness annular electrode
-          当前进度:  17 % - 执行布尔操作
           当前进度:   0 % - V2 electrode, 1 mm rounded edges
Memory: 461/461 463/463
GEOMETRY_ELECTRODE_ROUNDED=V2
           当前进度:   0 % - V3 electrode outer blank
Memory: 461/461 464/464
           当前进度:   8 % - V3 aperture cutter
Memory: 462/462 464/464
-          当前进度:  17 % - V3 finite-thickness annular electrode
-          当前进度:  17 % - 执行布尔操作
           当前进度:   0 % - V3 electrode, 1 mm rounded edges
GEOMETRY_ELECTRODE_ROUNDED=V3
           当前进度:   0 % - V4 electrode outer blank
Memory: 463/463 465/465
           当前进度:   8 % - V4 aperture cutter
-          当前进度:  17 % - V4 finite-thickness annular electrode
-          当前进度:  17 % - 执行布尔操作
           当前进度:   0 % - V4 electrode, 1 mm rounded edges
GEOMETRY_ELECTRODE_ROUNDED=V4
           当前进度:   0 % - Ne gas domain excluding four electrode solids
           当前进度:   0 % - 执行布尔操作
Memory: 464/464 465/465
-----      当前进度:  50 % - 形成联合体
-----      当前进度:  50 % - 执行布尔操作
---------- 当前进度: 100 % - 正在更新选择
GEOMETRY_SELECTION_TAGS=[geom1_outer0_pnt, geom1_outer0_edg, geom1_outer0_bnd, geom1_outer0_dom, geom1_gas0_pnt, geom1_gas0_edg, geom1_gas0_bnd, geom1_gas0_dom, geom1_diel0_pnt, geom1_diel0_edg, geom1_diel0_bnd, geom1_diel0_dom, geom1_v1_ring_pnt, geom1_v1_ring_edg, geom1_v1_ring_bnd, geom1_v1_ring_dom, geom1_v1_rounded_pnt, geom1_v1_rounded_edg, geom1_v1_rounded_bnd, geom1_v1_rounded_dom, geom1_v2_ring_pnt, geom1_v2_ring_edg, geom1_v2_ring_bnd, geom1_v2_ring_dom, geom1_v2_rounded_pnt, geom1_v2_rounded_edg, geom1_v2_rounded_bnd, geom1_v2_rounded_dom, geom1_v3_ring_pnt, geom1_v3_ring_edg, geom1_v3_ring_bnd, geom1_v3_ring_dom, geom1_v3_rounded_pnt, geom1_v3_rounded_edg, geom1_v3_rounded_bnd, geom1_v3_rounded_dom, geom1_v4_ring_pnt, geom1_v4_ring_edg, geom1_v4_ring_bnd, geom1_v4_ring_dom, geom1_v4_rounded_pnt, geom1_v4_rounded_edg, geom1_v4_rounded_bnd, geom1_v4_rounded_dom, geom1_gaswork_pnt, geom1_gaswork_edg, geom1_gaswork_bnd, geom1_gaswork_dom]
GEOMETRY_DOMAINS_GAS=[2]
GEOMETRY_DOMAINS_DIELECTRIC=[1]
GEOMETRY_BND_V1=[9, 10, 11, 12, 25, 26, 35, 39, 43, 47]
GEOMETRY_BND_OUTER=[1, 2, 3, 4, 33, 52]
           当前进度:   0 % - 点 1
Memory: 522/522 520/520
---------- 当前进度: 100 % - 正在更新选择
BUILD_STAGE1_3D_PHASE=MESH
           当前进度:   0 % - 自由四面体网格
Memory: 537/537 536/536
顶点单元数：80
-          当前进度:  15 % - 调整边界网格
Memory: 549/549 544/544
--         当前进度:  23 % - 正在创建边界网格
Memory: 550/553 544/550
边单元数：1448
边界单元数：20562
----       当前进度:  42 % - 正在创建初始四面体网格
Memory: 562/562 557/557
----       当前进度:  47 % - 相关边界
Memory: 568/572 564/566
------     当前进度:  65 % - 相关边界
Memory: 571/572 565/575
--------   当前进度:  83 % - 正在提高单元质量
Memory: 577/578 578/580
单元数：82371
最小单元质量：0.1802
---------- 当前进度: 100 % - 正在定型网格
Memory: 577/579 574/580
CHECKPOINT_CADLIKE_GEOMETRY_AND_MODEL_SAVED=E:\imp\imp\project\muon-ion_beam\stage1_3d_feasibility\comsol\stage1_3d_feasibility.mph
BUILD_STAGE1_3D_PHASE=SOLVE_ELECTROSTATICS
           当前进度:   2 % - 生成方程
Memory: 602/605 597/600
           当前进度:   3 % - 生成方程
Memory: 658/658 757/757
<---- Study 1 - 3D Electrostatics stationary/解 1 (sol1) 中的“编译方程: 稳态” -----------
开始于 2026年9月4日 00:28:09。
几何形函数: 二次拉格朗日单元
几何形函数: 二次拉格朗日单元
在 Intel64 Family 6 Model 186 Stepping 2, GenuineIntel 上运行。
在以下位置使用 1 个插槽： 陈红星 上（共 1 个内核）。
可用内存：15.90 GB。
           当前进度:   3 % - 编译方程: 稳态
Memory: 828/828 839/839
           当前进度:   6 % - 编译方程: 稳态
Memory: 840/840 859/859
           当前进度:   7 % - 编译方程: 稳态
Memory: 878/892 888/905
时间：2。
物理内存: 898 MB
虚拟内存: 905 MB
Warning: 自由空间采用真空条件，这会导致某些材料属性被忽略。请考虑为忽略的材料添加合适的物理场特征。

  - 节点: 自由空间 1

  - 物理场: Electrostatics: four finite-thickness rounded ring electrodes (es)

  - Materials: Natural Neon gas, representative relative permittivity (mat_gas), Representative alumina ceramic; epsilon_r=9.4 assumption (mat_diel)

  - Quantities: 相对介电常数, 相对介电常数
结束时间：2026年9月4日 00:28:11。
----- Study 1 - 3D Electrostatics stationary/解 1 (sol1) 中的“编译方程: 稳态” ---------->
<---- Study 1 - 3D Electrostatics stationary/解 1 (sol1) 中的“因变量 1” --------------
开始于 2026年9月4日 00:28:11。
           当前进度:   7 % - 因变量 1
Memory: 909/909 914/914
求解时间：0 s。
物理内存: 909 MB
虚拟内存: 914 MB
结束时间：2026年9月4日 00:28:11。
----- Study 1 - 3D Electrostatics stationary/解 1 (sol1) 中的“因变量 1” ------------->
<---- Study 1 - 3D Electrostatics stationary/解 1 (sol1) 中的“稳态求解器 1” ------------
开始于 2026年9月4日 00:28:11。
线性求解器 
求解的自由度数：122163。
--         当前进度:  22 % - 组装稀疏模式
Memory: 943/943 942/942
--         当前进度:  27 % - 组装矩阵
Memory: 950/950 952/952
---        当前进度:  37 % - 组装矩阵
找到对称矩阵。
缩放因变量：
电势 (comp1.V): 1
已使用正交零空间函数。
---        当前进度:  38 % - 
Memory: 986/992 987/995
---        当前进度:  38 % - 组装延展
Memory: 977/1000 977/1004
-----      当前进度:  56 % - 组装矩阵
Memory: 974/1000 973/1004
Iter      SolEst     Damping    Stepsize #Res #Jac #Sol LinIt   LinErr   LinRes
---------  当前进度:  90 % - 求解线性方程组
Memory: 999/1000 1019/1019
   1        0.76   1.0000000        0.76    1    1    1     4  2.8e-05  5.4e-08
---------- 当前进度: 100 % - 
Memory: 955/1000 970/1019
求解时间：4 s。
物理内存: 1000 MB
虚拟内存: 1019 MB
结束时间：2026年9月4日 00:28:15。
----- Study 1 - 3D Electrostatics stationary/解 1 (sol1) 中的“稳态求解器 1” ----------->
CHECKPOINT_3D_ELECTROSTATICS_SOLVED=E:\imp\imp\project\muon-ion_beam\stage1_3d_feasibility\comsol\stage1_3d_feasibility.mph
BUILD_STAGE1_3D_PHASE=SOLVE_SINGLE_MUON
           当前进度:   2 % - 生成方程
Memory: 952/1000 967/1019
           当前进度:   3 % - 生成方程
Memory: 953/1000 969/1019
<---- Study 2 - Single_Muon_Diagnostic/解 2 (sol2) 中的“编译方程: 瞬态” -----------------
开始于 2026年9月4日 00:28:17。
几何形函数: 二次拉格朗日单元
几何形函数: 二次拉格朗日单元
在 Intel64 Family 6 Model 186 Stepping 2, GenuineIntel 上运行。
在以下位置使用 1 个插槽： 陈红星 上（共 1 个内核）。
可用内存：15.90 GB。
           当前进度:   4 % - 编译方程: 瞬态
Memory: 1015/1019 1025/1030
           当前进度:   5 % - 编译方程: 瞬态
Memory: 1029/1051 1039/1062
时间：1。
物理内存: 1.05 GB
虚拟内存: 1.06 GB
Warning: 自由空间采用真空条件，这会导致某些材料属性被忽略。请考虑为忽略的材料添加合适的物理场特征。

  - 节点: 自由空间 1

  - 物理场: Electrostatics: four finite-thickness rounded ring electrodes (es)

  - Materials: Natural Neon gas, representative relative permittivity (mat_gas), Representative alumina ceramic; epsilon_r=9.4 assumption (mat_diel)

  - Quantities: 相对介电常数, 相对介电常数
结束时间：2026年9月4日 00:28:18。
----- Study 2 - Single_Muon_Diagnostic/解 2 (sol2) 中的“编译方程: 瞬态” ---------------->
<---- Study 2 - Single_Muon_Diagnostic/解 2 (sol2) 中的“因变量 1” --------------------
开始于 2026年9月4日 00:28:18。
不求解变量的值: 解 1 (sol1).
           当前进度:   5 % - 因变量 1
Memory: 1030/1051 1038/1062
求解时间：0 s。
物理内存: 1.03 GB
虚拟内存: 1.04 GB
结束时间：2026年9月4日 00:28:18。
----- Study 2 - Single_Muon_Diagnostic/解 2 (sol2) 中的“因变量 1” ------------------->
<---- Study 2 - Single_Muon_Diagnostic/解 2 (sol2) 中的“瞬态求解器 1” ------------------
开始于 2026年9月4日 00:28:18。
瞬态求解器（广义 α）
求解的自由度数：3（加上 4 个内部自由度）。
找到非对称矩阵。
缩放因变量：
颗粒位置 (comp1.qcpt): 1
Step        Time    Stepsize      Res  Jac  Sol Order Tfail NLfail LinIt   LinErr   LinRes
   0           0           - out    2    3    2                  0     0        0        0
   1    1.25e-10    1.25e-10        8    6    8     2     2      0    12  2.6e-09        -
   3  3.2754e-10  9.5941e-11       16    8   16     2     2      0    26  8.2e-10        -
   5       5e-10  8.6229e-11 out   24   10   24     2     2      0    40  6.2e-10        -
   7  6.6384e-10  7.7606e-11       32   11   32     2     2      0    54  4.6e-10        -
   9  8.1129e-10  6.9846e-11       40   13   40     2     2      0    68  3.3e-10        -
  11  9.4057e-10  5.9433e-11       48   15   48     2     2      0    82    3e-10        -
  14  1.1189e-09  5.9433e-11       54   16   54     2     2      0    91  3.9e-10        -
  18  1.3566e-09  5.9433e-11       62   16   62     2     2      0   103  4.3e-10        -
  20   1.458e-09  4.1985e-11       70   17   70     2     2      0   117  6.9e-11        -
  23   1.584e-09  4.1985e-11       76   18   76     2     2      0   126  6.9e-11        -
  28  1.7939e-09  4.1985e-11       86   18   86     2     2      0   141  5.1e-11        -
  32  1.9599e-09  4.0077e-11       95   18   95     2     2      0   156  1.8e-11        -
  35  2.0802e-09  4.0077e-11      104   18  104     2     2      0   174  1.8e-11        -
  38  2.2004e-09  4.0077e-11      113   18  113     2     2      0   192  1.7e-11        -
  41  2.3206e-09  4.0077e-11      122   18  122     2     2      0   210  1.6e-11        -
  44  2.4408e-09  4.0077e-11      131   18  131     2     2      0   228  1.6e-11        -
  45  2.4704e-09  2.9576e-11      137   19  137     2     2      0   239    5e-12        -
  48  2.6183e-09  5.9151e-11      143   21  143     2     2      0   248  2.1e-10        -
  53  2.9141e-09  5.9151e-11      153   21  153     2     2      0   263    2e-10        -
  55       3e-09  4.2971e-11 out  161   23  161     2     2      0   277    4e-11        -
  60  3.2149e-09  4.2971e-11      171   23  171     2     2      0   292  3.6e-11        -
  64  3.3867e-09  4.2971e-11      179   23  179     2     2      0   304  3.3e-11        -
           当前进度:   7 % - 组装矩阵
Memory: 1038/1051 1045/1062
  66  3.4649e-09  3.5144e-11      187   24  187     2     2      0   318  1.1e-11        -
  68  3.5703e-09  7.0288e-11      191   26  191     2     2      0   324  3.3e-10        -
  72  3.8514e-09  7.0288e-11      199   26  199     2     2      0   336  2.2e-10        -
  76  4.0391e-09  3.9137e-11      207   27  207     2     2      0   348  7.2e-12        -
  78  4.1879e-09  7.0446e-11      215   29  215     2     2      0   362  1.6e-10        -
  81  4.3992e-09  7.0446e-11      221   30  221     2     2      0   371  8.1e-11        -
  83     4.5e-09  5.0403e-11 out  229   32  229     2     2      0   385  1.7e-11        -
  87  4.7016e-09  5.0403e-11      237   32  237     2     2      0   397    2e-11        -
  92  4.9516e-09  4.8386e-11      248   32  248     2     2      0   415  7.2e-12        -
  95  5.0968e-09  4.8386e-11      257   32  257     2     2      0   433  7.4e-12        -
  98  5.2419e-09  4.8386e-11      266   32  266     2     2      0   451  7.6e-12        -
 101  5.3871e-09  4.8386e-11      275   32  275     2     2      0   469  8.3e-12        -
 104     5.5e-09  3.2262e-11 out  282   33  282     2     2      0   481  2.5e-12        -
 108  5.7581e-09  6.4525e-11      290   34  290     2     2      0   493  1.3e-10        -
 111  5.9436e-09  5.6426e-11      300   35  300     2     2      0   510  7.7e-11        -
 113  6.0564e-09  5.6426e-11      304   36  304     2     2      0   516  8.3e-11        -
 116  6.2257e-09  5.6426e-11      310   36  310     2     2      0   525  9.1e-11        -
 120  6.4475e-09  5.2509e-11      320   36  320     2     2      0   542  1.3e-11        -
 122  6.5525e-09  5.2509e-11      328   36  328     2     2      0   558  1.4e-11        -
 125    6.71e-09  5.2509e-11      340   36  340     2     2      0   582  1.5e-11        -
 127  6.8151e-09  5.2509e-11      348   36  348     2     2      0   598  1.6e-11        -
 130    6.96e-09  3.9963e-11      362   37  362     2     2      0   625  2.3e-11        -
 134  7.1199e-09  3.9963e-11      370   38  370     2     2      0   637  2.3e-11        -
 139  7.3197e-09  3.9963e-11      380   38  380     2     2      0   652  2.3e-11        -
 143  7.4698e-09  3.0206e-11      392   39  392     2     2      0   672  6.3e-12        -
 146  7.6208e-09  6.0411e-11      398   41  398     2     2      0   681  2.2e-10        -
 151  7.9229e-09  6.0411e-11      408   41  408     2     2      0   696  2.5e-10        -
 155  8.0771e-09  3.8561e-11      416   42  416     2     2      0   708  2.8e-11        -
 159  8.2314e-09  3.8561e-11      424   42  424     2     2      0   720    3e-11        -
 164  8.4242e-09  3.8561e-11      434   42  434     2     2      0   735  5.5e-11        -
 169  8.6138e-09  3.7917e-11      444   42  444     2     2      0   755  5.3e-11        -
 174  8.8033e-09  3.7917e-11      454   42  454     2     2      0   775  5.1e-11        -
 179  8.9775e-09  2.2497e-11      464   43  464     2     2      0   794  3.1e-12        -
 182    9.09e-09  4.4993e-11      470   44  470     2     2      0   803  9.7e-11        -
 187   9.315e-09  4.4993e-11      480   44  480     2     2      0   818  5.7e-11        -
 191   9.475e-09  2.5033e-11      488   45  488     2     2      0   830    3e-12        -
 195  9.6502e-09  5.0066e-11      496   46  496     2     2      0   842  7.9e-11        -
 200  9.9005e-09  5.0066e-11      506   46  506     2     2      0   857  6.9e-11        -
 205  1.0149e-08  4.9736e-11      516   46  516     2     2      0   877  3.8e-11        -
 210  1.0398e-08  4.9736e-11      526   46  526     2     2      0   897  3.2e-11        -
 213    1.05e-08  2.6188e-11 out  532   47  532     2     2      0   907  3.2e-12        -
 217   1.071e-08  5.2377e-11      540   48  540     2     2      0   919  9.2e-11        -
 222   1.096e-08  4.0493e-11      554   49  554     2     2      0   942  2.1e-11        -
 226  1.1121e-08  4.0493e-11      562   50  562     2     2      0   954  1.8e-11        -
 231  1.1324e-08  4.0493e-11      572   50  572     2     2      0   969    1e-11        -
           当前进度:   9 % - 
 235  1.1473e-08  2.7288e-11      584   51  584     2     2      0   989  1.8e-12        -
 238  1.1609e-08  5.4576e-11      590   53  590     2     2      0   998  4.1e-11        -
 243  1.1882e-08  5.4576e-11      600   53  600     2     2      0  1013  2.5e-11        -
 247  1.2063e-08  6.3393e-11      608   55  608     2     2      0  1025  4.8e-11        -
 252   1.238e-08  6.3393e-11      618   55  618     2     2      0  1040    4e-11        -
 256   1.262e-08  5.9821e-11      630   55  630     2     2      0  1064    4e-11        -
 260  1.2859e-08  5.9821e-11      642   55  642     2     2      0  1088  4.5e-11        -
 264  1.3041e-08  4.0625e-11      651   56  651     2     2      0  1103  8.7e-12        -
 270  1.3284e-08  4.0625e-11      663   56  663     2     2      0  1121  1.4e-11        -
 275  1.3473e-08  2.6564e-11      673   57  673     2     2      0  1136  1.9e-12        -
 279  1.3659e-08  5.3127e-11      681   58  681     2     2      0  1148  7.7e-11        -
 284  1.3925e-08  5.3127e-11      691   58  691     2     2      0  1163  9.1e-11        -
 286     1.4e-08  3.7491e-11 out  699   60  699     2     2      0  1177  1.5e-11        -
 292  1.4225e-08  3.7491e-11      711   60  711     2     2      0  1195  1.6e-11        -
 297  1.4412e-08  3.7491e-11      721   60  721     2     2      0  1210  1.7e-11        -
 299    1.45e-08  4.3798e-11 out  729   62  729     2     2      0  1224  3.7e-11        -
 304  1.4719e-08  4.3798e-11      739   62  739     2     2      0  1239  3.7e-11        -
 310  1.4969e-08   3.101e-11      755   63  755     2     2      0  1265  7.7e-12        -
 312  1.5062e-08  6.2021e-11      759   65  759     2     2      0  1271  2.3e-10        -
 315  1.5248e-08  6.2021e-11      765   65  765     2     2      0  1280  2.7e-10        -
 319  1.5467e-08  3.2927e-11      773   66  773     2     2      0  1292  1.3e-11        -
 322  1.5599e-08  6.5854e-11      779   67  779     2     2      0  1301  4.2e-10        -
 323  1.5658e-08  5.9269e-11      785   68  785     2     2      0  1312  6.8e-08        -
 327  1.5895e-08  5.9269e-11      793   69  793     2     2      0  1324    5e-10        -
 329     1.6e-08  5.2437e-11 out  801   71  801     2     2      0  1338  2.7e-10        -
 334  1.6262e-08  5.2437e-11      811   71  811     2     2      0  1353  2.3e-10        -
 338   1.646e-08  4.0251e-11      823   72  823     2     2      0  1373  5.6e-11        -
 342  1.6621e-08  4.0251e-11      831   73  831     2     2      0  1385    4e-11        -
 348  1.6862e-08  4.0251e-11      843   73  843     2     2      0  1403  3.2e-11        -
 351  1.6971e-08  2.8618e-11      853   74  853     2     2      0  1420  5.9e-12        -
 354  1.7114e-08  5.7235e-11      859   76  859     2     2      0  1429  1.5e-10        -
 360   1.745e-08  4.9677e-11      875   77  875     2     2      0  1455  8.9e-11        -
 364  1.7649e-08  4.9677e-11      883   78  883     2     2      0  1467  8.6e-11        -
 370  1.7947e-08  4.9677e-11      895   78  895     2     2      0  1485  7.6e-11        -
 373  1.8053e-08  5.2906e-11      901   80  901     2     2      0  1494  9.9e-11        -
 378  1.8317e-08  5.2906e-11      911   80  911     2     2      0  1509  8.2e-11        -
 381  1.8462e-08  3.8374e-11      921   81  921     2     2      0  1526  1.5e-11        -
 384  1.8646e-08  6.9074e-11      931   84  931     2     2      0  1543  1.9e-10        -
 388  1.8922e-08  6.9074e-11      939   85  939     2     2      0  1555  1.5e-10        -
 391  1.9078e-08  7.7884e-11      945   87  945     2     2      0  1564  2.1e-10        -
 393  1.9218e-08  7.0096e-11      953   89  953     2     2      0  1578  9.4e-11        -
 397  1.9464e-08  3.5819e-11      961   90  961     2     2      0  1590  3.7e-12        -
 401  1.9715e-08  7.1637e-11      969   91  969     2     2      0  1602    1e-10        -
-          当前进度:  10 % - 正在组装残差
 406  2.0071e-08  7.0906e-11      979   91  979     2     2      0  1620  8.1e-11        -
 409  2.0277e-08  6.3816e-11      989   92  989     2     2      0  1639  6.4e-11        -
 412  2.0452e-08  4.7917e-11      999   94  999     2     2      0  1656    2e-11        -
 415  2.0596e-08  4.7917e-11     1005   95 1005     2     2      0  1665  3.1e-11        -
 420  2.0835e-08  4.7917e-11     1015   95 1015     2     2      0  1680  3.7e-11        -
 423  2.0966e-08  3.4375e-11     1025   96 1025     2     2      0  1697  7.5e-12        -
 426  2.1069e-08  3.4375e-11     1031   97 1031     2     2      0  1706  8.7e-12        -
 431  2.1241e-08  3.4375e-11     1041   97 1041     2     2      0  1721    1e-11        -
 436  2.1439e-08  6.0936e-11     1051   98 1051     2     2      0  1736  1.8e-10        -
 442  2.1805e-08  6.0936e-11     1063   98 1063     2     2      0  1754  1.9e-10        -
 446     2.2e-08  3.6725e-11 out 1071   99 1071     2     2      0  1766  1.5e-11        -
 449  2.2176e-08  6.6106e-11     1081  101 1081     2     2      0  1783    3e-10        -
 453  2.2437e-08  6.2701e-11     1091  102 1091     2     2      0  1800  1.6e-11        -
 456  2.2625e-08  6.2701e-11     1103  102 1103     2     2      0  1824  1.7e-11        -
 459  2.2814e-08  6.2701e-11     1115  102 1115     2     2      0  1848  1.8e-11        -
 461  2.2933e-08  5.6431e-11     1125  103 1125     2     2      0  1867  1.9e-10        -
 465  2.3067e-08  3.3683e-11     1133  104 1133     2     2      0  1879  2.7e-11        -
 470  2.3236e-08  3.3683e-11     1143  104 1143     2     2      0  1894  2.9e-11        -
 475  2.3404e-08  3.3683e-11     1153  104 1153     2     2      0  1909  2.9e-11        -
 479  2.3531e-08  3.1063e-11     1167  104 1167     2     2      0  1936  4.8e-12        -
 482  2.3717e-08  6.2125e-11     1173  105 1173     2     2      0  1945  5.2e-10        -
 486  2.3952e-08  4.8092e-11     1185  106 1185     2     2      0  1965    1e-10        -
 490  2.4144e-08  4.8092e-11     1193  107 1193     2     2      0  1977  7.9e-11        -
 495  2.4385e-08  4.8092e-11     1203  107 1203     2     2      0  1992    8e-11        -
 498    2.45e-08  3.3585e-11 out 1213  109 1213     2     2      0  2009    1e-11        -
 500  2.4628e-08  6.0453e-11     1221  111 1221     2     2      0  2023  1.8e-10        -
 504  2.4869e-08  6.0453e-11     1229  112 1229     2     2      0  2035  2.4e-10        -
 508  2.5035e-08  3.5055e-11     1237  113 1237     2     2      0  2047  1.5e-11        -
 510  2.5168e-08  6.3099e-11     1245  115 1245     2     2      0  2061  2.7e-10        -
 512  2.5294e-08  6.3099e-11     1249  116 1249     2     2      0  2067  2.6e-10        -
 516    2.55e-08   3.967e-11 out 1257  117 1257     2     2      0  2079  2.3e-11        -
 518  2.5647e-08  6.8046e-11     1265  119 1265     2     2      0  2093    3e-10        -
 521  2.5852e-08  6.8046e-11     1271  120 1271     2     2      0  2102  2.6e-10        -
 523   2.596e-08  4.0214e-11     1275  121 1275     2     2      0  2108  1.4e-11        -
 526  2.6153e-08  7.2101e-11     1285  123 1285     2     2      0  2125  1.7e-10        -
 530  2.6434e-08  6.5584e-11     1295  124 1295     2     2      0  2142  4.5e-11        -
 533  2.6631e-08  6.5584e-11     1307  124 1307     2     2      0  2166  4.1e-11        -
 536  2.6828e-08  6.5584e-11     1319  124 1319     2     2      0  2190  3.8e-11        -
 538  2.6947e-08  5.3248e-11     1329  125 1329     2     2      0  2209  2.5e-11        -
 542   2.716e-08  5.3248e-11     1337  126 1337     2     2      0  2221  1.7e-11        -
 548  2.7463e-08  3.7009e-11     1353  127 1353     2     2      0  2247  3.7e-12        -
 553  2.7648e-08  3.7009e-11     1363  128 1363     2     2      0  2262  4.2e-12        -
 559   2.787e-08  3.7009e-11     1375  128 1375     2     2      0  2280  5.6e-12        -
 562  2.7972e-08  2.7947e-11     1385  129 1385     2     2      0  2297  2.1e-12        -
-          当前进度:  12 % - 
 564  2.8056e-08  5.5893e-11     1389  131 1389     2     2      0  2303    7e-11        -
 570  2.8391e-08  5.5893e-11     1401  131 1401     2     2      0  2321  8.7e-11        -
 573  2.8554e-08  5.4374e-11     1410  131 1410     2     2      0  2339    1e-11        -
 577  2.8772e-08  5.4374e-11     1422  131 1422     2     2      0  2363  1.2e-11        -
 581  2.8967e-08  3.2504e-11     1433  132 1433     2     2      0  2384  7.8e-12        -
 584  2.9098e-08  6.5008e-11     1439  133 1439     2     2      0  2393  2.6e-10        -
 589  2.9423e-08  6.5008e-11     1449  133 1449     2     2      0  2408  2.5e-10        -
 592  2.9577e-08  7.7447e-11     1455  135 1455     2     2      0  2417  6.6e-10        -
 594  2.9717e-08  6.9703e-11     1463  137 1463     2     2      0  2431  4.3e-10        -
 596  2.9842e-08  6.2732e-11     1471  139 1471     2     2      0  2445  2.4e-10        -
 599       3e-08  4.7475e-11 out 1481  141 1481     2     2      0  2462  7.2e-11        -
 604  3.0237e-08  4.7475e-11     1491  141 1491     2     2      0  2477  7.9e-11        -
 609  3.0464e-08  3.6361e-11     1505  142 1505     2     2      0  2500  3.9e-11        -
 612  3.0573e-08  3.6361e-11     1511  143 1511     2     2      0  2509  4.1e-11        -
 617  3.0755e-08  3.6361e-11     1521  143 1521     2     2      0  2524  4.3e-11        -
 623  3.0968e-08  3.1834e-11     1537  144 1537     2     2      0  2550  2.1e-11        -
 626  3.1064e-08  3.1834e-11     1543  145 1543     2     2      0  2559  1.8e-11        -
 631  3.1255e-08  6.3668e-11     1553  146 1553     2     2      0  2574  5.5e-10        -
 635    3.15e-08  5.8995e-11 out 1565  146 1565     2     2      0  2596  4.6e-11        -
 637  3.1618e-08  5.8995e-11     1573  146 1573     2     2      0  2612  4.4e-11        -
 640  3.1795e-08  5.8995e-11     1585  146 1585     2     2      0  2636  4.2e-11        -
 643  3.1956e-08  4.3519e-11     1599  147 1599     2     2      0  2663  3.6e-11        -
 648  3.2174e-08  4.3519e-11     1609  148 1609     2     2      0  2678  4.6e-11        -
 654  3.2435e-08  4.3519e-11     1621  148 1621     2     2      0  2696  4.4e-11        -
 656    3.25e-08  3.2406e-11 out 1629  150 1629     2     2      0  2710  9.8e-12        -
 661  3.2824e-08  6.4812e-11     1639  151 1639     2     2      0  2725  2.8e-10        -
 664     3.3e-08  5.5565e-11 out 1649  153 1649     2     2      0  2742  1.1e-10        -
 670  3.3333e-08  5.5565e-11     1661  153 1661     2     2      0  2760  7.2e-11        -
 676  3.3667e-08  5.5524e-11     1673  153 1673     2     2      0  2783  1.5e-13        -
 682  3.3972e-08  2.7905e-11     1685  154 1685     2     2      0  2806  9.5e-13        -
 686  3.4167e-08  5.5811e-11     1693  155 1693     2     2      0  2818  2.5e-11        -
 692    3.45e-08  5.4662e-11 out 1705  155 1705     2     2      0  2838  6.4e-11        -
 697  3.4773e-08  5.4662e-11     1715  155 1715     2     2      0  2858  6.7e-11        -
 701  3.4969e-08  3.1353e-11     1723  156 1723     2     2      0  2873  1.8e-12        -
 706  3.5251e-08  6.2707e-11     1733  157 1733     2     2      0  2888  7.7e-11        -
 711  3.5562e-08  6.1879e-11     1743  157 1743     2     2      0  2906    1e-10        -
 717  3.5933e-08  6.1879e-11     1755  157 1755     2     2      0  2930  1.3e-10        -
 720  3.6067e-08  6.6844e-11     1761  159 1761     2     2      0  2939  2.9e-10        -
 722  3.6187e-08   6.016e-11     1769  161 1769     2     2      0  2953  1.7e-10        -
 727  3.6464e-08  3.6098e-11     1779  162 1779     2     2      0  2968  1.4e-11        -
 731  3.6673e-08  6.4977e-11     1791  164 1791     2     2      0  2988  1.5e-08        -
 735  3.6933e-08  6.4977e-11     1799  165 1799     2     2      0  3000  2.7e-10        -
-          当前进度:  14 % - 正在组装残差
 738  3.7067e-08  6.6823e-11     1805  167 1805     2     2      0  3009  3.4e-10        -
 743  3.7401e-08  6.6823e-11     1815  167 1815     2     2      0  3024    4e-10        -
 744   3.745e-08  4.9531e-11     1821  168 1821     2     2      0  3035  9.1e-11        -
 749  3.7698e-08  4.9531e-11     1831  169 1831     2     2      0  3050    1e-10        -
 755  3.7973e-08  2.7112e-11     1843  170 1843     2     2      0  3068  9.9e-12        -
 759  3.8163e-08  5.4223e-11     1851  171 1851     2     2      0  3080  3.1e-10        -
 765  3.8467e-08  3.3107e-11     1863  172 1863     2     2      0  3098  2.2e-11        -
 769  3.8632e-08  6.6214e-11     1871  173 1871     2     2      0  3110  6.7e-10        -
 774  3.8949e-08  5.1358e-11     1885  174 1885     2     2      0  3133  1.1e-10        -
 778  3.9154e-08  5.1358e-11     1893  175 1893     2     2      0  3145  1.1e-10        -
 783  3.9411e-08  5.1358e-11     1903  175 1903     2     2      0  3160    8e-11        -
 785    3.95e-08  4.4568e-11 out 1911  177 1911     2     2      0  3174  5.2e-11        -
 790  3.9723e-08  4.4568e-11     1921  177 1921     2     2      0  3189  5.1e-11        -
 795  3.9946e-08  4.4568e-11     1931  177 1931     2     2      0  3204  4.7e-11        -
 798  4.0054e-08  5.4323e-11     1937  179 1937     2     2      0  3213  1.2e-10        -
 803  4.0326e-08  5.4323e-11     1947  179 1947     2     2      0  3228  1.1e-10        -
 807    4.05e-08  3.2708e-11 out 1955  180 1955     2     2      0  3240  7.2e-12        -
 811  4.0762e-08  6.5416e-11     1963  181 1963     2     2      0  3252  1.6e-10        -
 814  4.0946e-08  5.3751e-11     1973  182 1973     2     2      0  3269  3.8e-11        -
 818  4.1161e-08  5.3751e-11     1981  183 1981     2     2      0  3281  3.8e-11        -
 823   4.143e-08  5.3751e-11     1991  183 1991     2     2      0  3296  2.3e-11        -
 826   4.157e-08  6.9991e-11     1997  185 1997     2     2      0  3305  7.7e-11        -
 831   4.192e-08  6.9991e-11     2007  185 2007     2     2      0  3320  9.4e-11        -
 835   4.208e-08  4.0027e-11     2015  186 2015     2     2      0  3332  4.1e-12        -
 840   4.228e-08  4.0027e-11     2025  186 2025     2     2      0  3347  5.8e-12        -
 845   4.247e-08  2.9852e-11     2039  187 2039     2     2      0  3370  1.5e-12        -
 848  4.2619e-08  5.9703e-11     2045  189 2045     2     2      0  3379    6e-11        -
 853  4.2918e-08  5.9703e-11     2055  189 2055     2     2      0  3394    1e-10        -
 855     4.3e-08  4.1038e-11 out 2063  191 2063     2     2      0  3408  1.7e-11        -
 860  4.3205e-08  4.1038e-11     2073  191 2073     2     2      0  3423  2.8e-11        -
 865   4.341e-08  4.1038e-11     2083  191 2083     2     2      0  3438  2.5e-11        -
 869  4.3549e-08  4.8584e-11     2091  193 2091     2     2      0  3450  5.9e-11        -
 874  4.3792e-08  4.8584e-11     2101  193 2101     2     2      0  3465  9.2e-11        -
 878  4.3969e-08  3.1372e-11     2109  194 2109     2     2      0  3477  7.1e-12        -
 882  4.4188e-08  6.2744e-11     2117  195 2117     2     2      0  3489  2.1e-10        -
 887    4.45e-08  6.1769e-11 out 2127  195 2127     2     2      0  3506  2.9e-10        -
 892  4.4809e-08  6.1769e-11     2137  195 2137     2     2      0  3526  3.2e-10        -
 896     4.5e-08   3.381e-11 out 2145  196 2145     2     2      0  3540  1.4e-11        -
 901  4.5169e-08   3.381e-11     2155  196 2155     2     2      0  3555  2.6e-11        -
 906  4.5338e-08   3.381e-11     2165  196 2165     2     2      0  3570    3e-11        -
 910   4.547e-08  3.0235e-11     2175  196 2175     2     2      0  3587  1.5e-11        -
 913  4.5621e-08  6.0471e-11     2183  197 2183     2     2      0  3601  5.3e-10        -
 918  4.5923e-08  6.0471e-11     2193  197 2193     2     2      0  3616  4.4e-10        -
 922  4.6077e-08  3.8352e-11     2201  198 2201     2     2      0  3628  4.2e-11        -
-          当前进度:  15 % - 
Memory: 1039/1051 1046/1062
 926   4.623e-08  3.8352e-11     2209  198 2209     2     2      0  3640    4e-11        -
 931  4.6422e-08  3.8352e-11     2219  198 2219     2     2      0  3655  2.7e-11        -
 935   4.654e-08  3.9775e-11     2227  200 2227     2     2      0  3667  3.1e-11        -
 940  4.6739e-08  3.9775e-11     2237  200 2237     2     2      0  3682  2.3e-11        -
 945  4.6938e-08  3.9775e-11     2247  200 2247     2     2      0  3697  2.9e-11        -
 947     4.7e-08  3.1235e-11 out 2255  202 2255     2     2      0  3711  8.7e-12        -
 951   4.725e-08   6.247e-11     2263  203 2263     2     2      0  3723  2.6e-10        -
 955  4.7469e-08  3.1355e-11     2271  204 2271     2     2      0  3735  7.7e-12        -
 959  4.7688e-08  6.2709e-11     2279  205 2279     2     2      0  3747  2.2e-10        -
 964     4.8e-08  6.1873e-11 out 2289  205 2289     2     2      0  3764  1.1e-10        -
 969  4.8309e-08  6.1873e-11     2299  205 2299     2     2      0  3784  8.8e-11        -
 972  4.8467e-08  3.3445e-11     2305  206 2305     2     2      0  3795  4.5e-12        -
 976  4.8701e-08   6.689e-11     2313  207 2313     2     2      0  3807  8.6e-11        -
 980  4.8951e-08   4.933e-11     2325  208 2325     2     2      0  3827  1.3e-11        -
 984  4.9148e-08   4.933e-11     2333  209 2333     2     2      0  3839  1.7e-11        -
 989  4.9395e-08   4.933e-11     2343  209 2343     2     2      0  3854  1.1e-11        -
 993  4.9556e-08  5.6029e-11     2351  211 2351     2     2      0  3866  2.5e-11        -
 998  4.9836e-08  5.6029e-11     2361  211 2361     2     2      0  3881  3.5e-11        -
1002  5.0054e-08  5.3897e-11     2372  211 2372     2     2      0  3902  1.4e-11        -
1006  5.0269e-08  5.3897e-11     2384  211 2384     2     2      0  3926  1.6e-11        -
1010  5.0466e-08  3.4411e-11     2395  212 2395     2     2      0  3947  1.1e-11        -
1015  5.0638e-08  3.4411e-11     2405  212 2405     2     2      0  3962    1e-11        -
1021  5.0844e-08  3.4411e-11     2417  212 2417     2     2      0  3980    1e-11        -
1025  5.0974e-08  2.6328e-11     2429  213 2429     2     2      0  4000  2.8e-12        -
1029  5.1158e-08  5.2656e-11     2437  215 2437     2     2      0  4012  1.4e-10        -
1035  5.1461e-08  3.9377e-11     2453  216 2453     2     2      0  4038  2.3e-11        -
1040  5.1658e-08  3.9377e-11     2463  217 2463     2     2      0  4053  2.2e-11        -
1043  5.1776e-08  3.9377e-11     2469  217 2469     2     2      0  4062  2.3e-11        -
1045  5.1925e-08  7.0177e-11     2477  219 2477     2     2      0  4076  4.5e-10        -
1048  5.2075e-08  7.5431e-11     2483  221 2483     2     2      0  4085  6.9e-10        -
1050  5.2207e-08  6.6002e-11     2491  223 2491     2     2      0  4099  3.8e-10        -
1052  5.2326e-08  5.9401e-11     2499  225 2499     2     2      0  4113  2.3e-10        -
1056  5.2557e-08  5.7181e-11     2510  225 2510     2     2      0  4134  5.6e-11        -
1060  5.2786e-08  5.7181e-11     2522  225 2522     2     2      0  4158  5.6e-11        -
1063   5.295e-08  4.9868e-11     2534  226 2534     2     2      0  4181  2.1e-10        -
1067   5.315e-08  4.9868e-11     2542  227 2542     2     2      0  4193  1.9e-10        -
1073  5.3449e-08  4.9868e-11     2554  227 2554     2     2      0  4211  1.6e-10        -
1077  5.3602e-08   5.119e-11     2562  229 2562     2     2      0  4223  1.7e-10        -
1082  5.3858e-08   5.119e-11     2572  229 2572     2     2      0  4238  1.1e-10        -
1085     5.4e-08   4.524e-11 out 2582  231 2582     2     2      0  4255  5.8e-11        -
1089  5.4181e-08   4.524e-11     2590  231 2590     2     2      0  4267  5.4e-09        -
1095  5.4452e-08   4.524e-11     2602  231 2602     2     2      0  4285  5.3e-11        -
1098  5.4548e-08  4.7599e-11     2608  233 2608     2     2      0  4294  6.7e-11        -
1104  5.4833e-08  4.7599e-11     2620  233 2620     2     2      0  4312    6e-11        -
-          当前进度:  17 % - 求解线性方程组
Memory: 1005/1051 1014/1062
1107  5.4964e-08  3.5804e-11     2630  234 2630     2     2      0  4329  1.4e-11        -
1110  5.5136e-08  6.4448e-11     2640  237 2640     2     2      0  4346  2.4e-10        -
1113  5.5329e-08  6.4448e-11     2646  238 2646     2     2      0  4355  2.1e-10        -
1115  5.5447e-08  5.3076e-11     2654  239 2654     2     2      0  4369  6.1e-11        -
1120  5.5712e-08  5.3076e-11     2664  240 2664     2     2      0  4384  3.7e-11        -
1125  5.5962e-08  3.7695e-11     2678  241 2678     2     2      0  4407  6.1e-12        -
1129  5.6226e-08   7.539e-11     2686  243 2686     2     2      0  4419  1.3e-10        -
1132  5.6438e-08  6.1526e-11     2696  244 2696     2     2      0  4436  3.9e-11        -
1136  5.6685e-08  6.1526e-11     2704  245 2704     2     2      0  4448  5.1e-11        -
1141  5.6965e-08   3.466e-11     2714  246 2714     2     2      0  4463  2.5e-12        -
1146  5.7277e-08  6.9321e-11     2724  247 2724     2     2      0  4478    1e-10        -
1149  5.7454e-08  4.5503e-11     2734  249 2734     2     2      0  4495  1.6e-11        -
1155  5.7728e-08  4.5503e-11     2746  249 2746     2     2      0  4513  4.1e-11        -
1160  5.7955e-08  4.5235e-11     2756  249 2756     2     2      0  4529  1.5e-11        -
1165  5.8181e-08  4.5235e-11     2766  249 2766     2     2      0  4549  1.8e-11        -
1171  5.8452e-08  4.5235e-11     2778  249 2778     2     2      0  4573    2e-11        -
1174  5.8548e-08  4.7651e-11     2784  251 2784     2     2      0  4582  8.4e-11        -
1180  5.8834e-08  4.7651e-11     2796  251 2796     2     2      0  4600  7.7e-11        -
1183  5.8964e-08  3.5568e-11     2806  252 2806     2     2      0  4617  1.2e-11        -
1187  5.9178e-08  7.1137e-11     2814  254 2814     2     2      0  4629  4.4e-10        -
1190  5.9377e-08  6.4023e-11     2824  256 2824     2     2      0  4646  2.7e-10        -
1194  5.9623e-08  6.1487e-11     2836  256 2836     2     2      0  4670  8.1e-11        -
1198  5.9869e-08  6.1487e-11     2848  256 2848     2     2      0  4694  8.4e-11        -
1200  5.9962e-08  3.7868e-11     2856  258 2856     2     2      0  4708  4.7e-11        -
1205  6.0151e-08  3.7868e-11     2866  258 2866     2     2      0  4723  5.2e-11        -
1210  6.0341e-08  3.7868e-11     2876  258 2876     2     2      0  4738  5.2e-11        -
1215    6.05e-08   2.279e-11 out 2886  259 2886     2     2      0  4753  3.9e-12        -
1220  6.0728e-08  4.5581e-11     2896  260 2896     2     2      0  4768  1.1e-10        -
1226     6.1e-08  4.4886e-11 out 2908  260 2908     2     2      0  4788  8.6e-11        -
1232  6.1269e-08  4.4886e-11     2920  260 2920     2     2      0  4812  8.9e-11        -
1237  6.1474e-08  2.5572e-11     2930  261 2930     2     2      0  4831  3.9e-12        -
1242  6.1705e-08  5.1143e-11     2940  262 2940     2     2      0  4846  1.2e-10        -
1247  6.1955e-08  4.5427e-11     2954  263 2954     2     2      0  4869  5.3e-11        -
1251  6.2136e-08  4.5427e-11     2962  264 2962     2     2      0  4881  4.9e-11        -
1257  6.2409e-08  4.5427e-11     2974  264 2974     2     2      0  4899  4.5e-11        -
1261  6.2546e-08  4.5731e-11     2982  266 2982     2     2      0  4911  4.3e-11        -
1267   6.282e-08  4.5731e-11     2994  266 2994     2     2      0  4929  2.9e-11        -
1273  6.3088e-08  4.4211e-11     3006  266 3006     2     2      0  4951  6.9e-11        -
1279  6.3354e-08  4.4211e-11     3018  266 3018     2     2      0  4975  5.9e-11        -
1284  6.3558e-08  5.7888e-11     3028  268 3028     2     2      0  4992  3.6e-11        -
1289  6.3847e-08  5.7888e-11     3038  268 3038     2     2      0  5007  2.8e-11        -
1292     6.4e-08  4.7391e-11 out 3048  270 3048     2     2      0  5024  1.4e-11        -
1298  6.4284e-08  4.7391e-11     3060  270 3060     2     2      0  5042    1e-11        -
1302  6.4463e-08  3.6741e-11     3072  271 3072     2     2      0  5062  3.9e-12        -
1306   6.461e-08  3.6741e-11     3080  272 3080     2     2      0  5074  4.3e-12        -
1312  6.4831e-08  3.6741e-11     3092  272 3092     2     2      0  5092  5.5e-12        -
-          当前进度:  19 % - 组装稀疏模式
Memory: 1007/1051 1015/1062
1316   6.497e-08  2.9554e-11     3104  273 3104     2     2      0  5112  2.9e-12        -
1320  6.5177e-08  5.9109e-11     3112  275 3112     2     2      0  5124  1.6e-10        -
1325  6.5457e-08   4.312e-11     3126  276 3126     2     2      0  5147  3.1e-11        -
1330  6.5672e-08   4.312e-11     3136  277 3136     2     2      0  5162  3.2e-11        -
1336  6.5931e-08   4.312e-11     3148  277 3148     2     2      0  5180  5.1e-11        -
1338     6.6e-08  3.4399e-11 out 3156  279 3156     2     2      0  5194  1.6e-11        -
1342  6.6241e-08  6.8799e-11     3164  280 3164     2     2      0  5206  4.8e-10        -
1345  6.6439e-08  6.0804e-11     3174  281 3174     2     2      0  5223  1.9e-10        -
1350  6.6743e-08  6.0804e-11     3184  282 3184     2     2      0  5238  2.2e-10        -
1355     6.7e-08  3.7187e-11 out 3194  283 3194     2     2      0  5253  2.2e-11        -
1361  6.7223e-08  3.7187e-11     3206  283 3206     2     2      0  5271  2.4e-11        -
1367  6.7446e-08  3.7187e-11     3218  283 3218     2     2      0  5289  4.7e-11        -
1369    6.75e-08  2.6876e-11 out 3226  285 3226     2     2      0  5303  9.3e-12        -
1374  6.7769e-08  5.3752e-11     3236  286 3236     2     2      0  5318    3e-10        -
1378  6.7965e-08  3.4992e-11     3244  287 3244     2     2      0  5330  3.2e-11        -
1382  6.8105e-08  3.4992e-11     3252  287 3252     2     2      0  5342  2.8e-11        -
1388  6.8315e-08  3.4992e-11     3264  287 3264     2     2      0  5360  2.6e-11        -
1393    6.85e-08   4.511e-11 out 3278  288 3278     2     2      0  5383  8.5e-11        -
1398  6.8726e-08   4.511e-11     3288  289 3288     2     2      0  5398  6.8e-11        -
1403  6.8951e-08   4.511e-11     3298  289 3298     2     2      0  5413  6.5e-11        -
1406  6.9049e-08  4.8902e-11     3304  291 3304     2     2      0  5422  9.6e-11        -
1412  6.9342e-08  4.8902e-11     3316  291 3316     2     2      0  5440  7.6e-11        -
1417   6.956e-08  5.9878e-11     3326  293 3326     2     2      0  5455  1.9e-10        -
1423  6.9919e-08  5.9878e-11     3338  293 3338     2     2      0  5473  1.5e-10        -
1425       7e-08  4.0425e-11 out 3346  295 3346     2     2      0  5487    2e-11        -
1431  7.0243e-08  4.0425e-11     3358  295 3358     2     2      0  5505  1.5e-11        -
1436  7.0445e-08  4.0425e-11     3368  295 3368     2     2      0  5520    1e-11        -
1438    7.05e-08   2.766e-11 out 3376  297 3376     2     2      0  5534  1.4e-12        -
1442  7.0721e-08   5.532e-11     3384  298 3384     2     2      0  5546  4.4e-11        -
1447  7.0971e-08  2.8721e-11     3394  299 3394     2     2      0  5561    1e-12        -
1451  7.1172e-08  5.7442e-11     3402  300 3402     2     2      0  5573  2.9e-11        -
1456  7.1451e-08  4.8952e-11     3416  301 3416     2     2      0  5596  1.1e-11        -
1460  7.1647e-08  4.8952e-11     3424  302 3424     2     2      0  5608  1.2e-11        -
1465  7.1892e-08  4.8952e-11     3434  302 3434     2     2      0  5623  1.7e-11        -
1468     7.2e-08  2.9716e-11 out 3440  303 3440     2     2      0  5632  1.7e-12        -
1472  7.2238e-08  5.9431e-11     3448  304 3448     2     2      0  5644  6.1e-11        -
1476  7.2458e-08  4.1991e-11     3460  305 3460     2     2      0  5664  2.7e-11        -
1480  7.2626e-08  4.1991e-11     3468  306 3468     2     2      0  5676  2.9e-11        -
1486  7.2878e-08  4.1991e-11     3480  306 3480     2     2      0  5694  2.7e-11        -
1490   7.304e-08  4.0047e-11     3491  306 3491     2     2      0  5715  1.2e-11        -
1494    7.32e-08  4.0047e-11     3503  306 3503     2     2      0  5739  1.3e-11        -
1498   7.336e-08  4.0047e-11     3515  306 3515     2     2      0  5763  1.5e-11        -
1501   7.347e-08   2.974e-11     3527  307 3527     2     2      0  5786  7.5e-12        -
1505  7.3678e-08   5.948e-11     3535  309 3535     2     2      0  5798  2.3e-10        -
1510  7.3958e-08  4.1821e-11     3549  310 3549     2     2      0  5821  3.2e-11        -
1514  7.4125e-08  4.1821e-11     3557  311 3557     2     2      0  5833  3.5e-11        -
--         当前进度:  21 % - 
1518  7.4293e-08  4.1821e-11     3565  311 3565     2     2      0  5845  3.7e-11        -
1524  7.4541e-08  4.0897e-11     3577  311 3577     2     2      0  5866    1e-10        -
1530  7.4786e-08  4.0897e-11     3589  311 3589     2     2      0  5890    1e-10        -
1535  7.4975e-08  2.5066e-11     3599  312 3599     2     2      0  5909  6.6e-12        -
1539   7.515e-08  5.0131e-11     3607  313 3607     2     2      0  5921  2.1e-10        -
1544  7.5401e-08  5.0131e-11     3617  313 3617     2     2      0  5936  1.8e-10        -
1550  7.5698e-08  4.9474e-11     3629  313 3629     2     2      0  5960  1.1e-10        -
1555  7.5945e-08  4.9474e-11     3639  313 3639     2     2      0  5980  1.1e-10        -
1558  7.6055e-08  5.4734e-11     3645  315 3645     2     2      0  5989  2.4e-10        -
1563  7.6328e-08  5.4734e-11     3655  315 3655     2     2      0  6004  1.7e-10        -
1567    7.65e-08  3.1065e-11 out 3663  316 3663     2     2      0  6016  9.7e-12        -
1571  7.6749e-08   6.213e-11     3671  317 3671     2     2      0  6028    3e-10        -
1575  7.6967e-08  3.2545e-11     3679  318 3679     2     2      0  6040    9e-12        -
1579  7.7195e-08   6.509e-11     3687  319 3687     2     2      0  6052  2.5e-10        -
1583  7.7445e-08  5.4729e-11     3699  320 3699     2     2      0  6072  8.4e-11        -
1587  7.7664e-08  5.4729e-11     3707  321 3707     2     2      0  6084  6.6e-11        -
1592  7.7938e-08  5.4729e-11     3717  321 3717     2     2      0  6099  6.1e-11        -
1595  7.8062e-08  6.2172e-11     3723  323 3723     2     2      0  6108  9.5e-11        -
1601  7.8435e-08  6.2172e-11     3735  323 3735     2     2      0  6126  4.2e-11        -
1604  7.8565e-08  6.4798e-11     3741  325 3741     2     2      0  6135  5.2e-11        -
1609  7.8889e-08  6.4798e-11     3751  325 3751     2     2      0  6150    5e-11        -
1611     7.9e-08  5.5606e-11 out 3759  327 3759     2     2      0  6164  1.5e-11        -
1616  7.9278e-08  5.5606e-11     3769  327 3769     2     2      0  6179  3.2e-11        -
1621  7.9555e-08  5.5378e-11     3779  327 3779     2     2      0  6197  1.5e-11        -
1626  7.9832e-08  5.5378e-11     3789  327 3789     2     2      0  6217  1.8e-11        -
1630       8e-08  2.8489e-11 out 3797  328 3797     2     2      0  6231  4.2e-12        -
1634  8.0228e-08  5.6979e-11     3805  329 3805     2     2      0  6243  1.2e-10        -
1638  8.0449e-08  5.0574e-11     3817  330 3817     2     2      0  6263  7.1e-11        -
1641  8.0601e-08  5.0574e-11     3823  331 3823     2     2      0  6272  8.4e-11        -
1647  8.0905e-08  5.0574e-11     3835  331 3835     2     2      0  6290  1.1e-10        -
1650  8.1048e-08  4.7702e-11     3847  331 3847     2     2      0  6314  7.1e-12        -
1653  8.1191e-08  4.7702e-11     3859  331 3859     2     2      0  6338  7.6e-12        -
1656  8.1334e-08  4.7702e-11     3871  331 3871     2     2      0  6362  7.6e-12        -
1659  8.1465e-08  3.5341e-11     3885  332 3885     2     2      0  6389  1.5e-11        -
1662  8.1606e-08  7.0682e-11     3891  334 3891     2     2      0  6398  4.4e-10        -
1664  8.1733e-08  6.3614e-11     3899  336 3899     2     2      0  6412  3.1e-10        -
1668  8.1962e-08  3.7955e-11     3907  337 3907     2     2      0  6424  4.1e-11        -
1673  8.2152e-08  3.7955e-11     3917  337 3917     2     2      0  6439    5e-11        -
1679   8.238e-08  3.7955e-11     3929  337 3929     2     2      0  6457  5.3e-11        -
1683    8.25e-08  2.2271e-11 out 3937  338 3937     2     2      0  6469  3.6e-12        -
1687  8.2678e-08  4.4543e-11     3945  339 3945     2     2      0  6481  1.1e-10        -
1693  8.2945e-08  4.4543e-11     3957  339 3957     2     2      0  6499  9.1e-11        -
1696  8.3055e-08  5.4573e-11     3963  341 3963     2     2      0  6508  2.4e-10        -
1701  8.3327e-08  5.4573e-11     3973  341 3973     2     2      0  6523  2.2e-10        -
--         当前进度:  22 % - 
1705    8.35e-08  3.1707e-11 out 3981  342 3981     2     2      0  6535  1.6e-11        -
1709  8.3754e-08  6.3413e-11     3989  343 3989     2     2      0  6547  3.5e-10        -
1713     8.4e-08   5.976e-11 out 4001  343 4001     2     2      0  6569  1.6e-11        -
1717  8.4239e-08   5.976e-11     4013  343 4013     2     2      0  6593  1.1e-10        -
1721  8.4459e-08   4.084e-11     4024  344 4024     2     2      0  6614  2.7e-11        -
1726  8.4663e-08   4.084e-11     4034  344 4034     2     2      0  6629  2.3e-11        -
1732  8.4908e-08   4.084e-11     4046  344 4046     2     2      0  6647  1.8e-11        -
1736  8.5051e-08  5.0765e-11     4054  346 4054     2     2      0  6659  4.5e-11        -
1741  8.5305e-08  5.0765e-11     4064  346 4064     2     2      0  6674  3.1e-11        -
1745    8.55e-08  4.6939e-11 out 4076  346 4076     2     2      0  6696  6.6e-12        -
1748  8.5641e-08  4.6939e-11     4088  346 4088     2     2      0  6720  6.2e-12        -
1751  8.5782e-08  4.6939e-11     4100  346 4100     2     2      0  6744  5.9e-12        -
1754  8.5922e-08  4.6939e-11     4112  346 4112     2     2      0  6768  5.6e-12        -
1756     8.6e-08  3.8772e-11 out 4120  348 4120     2     2      0  6782    1e-12        -
1758  8.6147e-08   6.979e-11     4128  350 4128     2     2      0  6796  6.9e-11        -
1762  8.6426e-08   6.979e-11     4136  351 4136     2     2      0  6808  4.7e-11        -
1765  8.6574e-08  7.3505e-11     4142  353 4142     2     2      0  6817  1.1e-10        -
1767  8.6706e-08  6.6154e-11     4150  355 4150     2     2      0  6831  8.1e-11        -
1771  8.6952e-08  4.7862e-11     4162  356 4162     2     2      0  6851  1.9e-11        -
1775  8.7144e-08  4.7862e-11     4170  357 4170     2     2      0  6863  2.4e-11        -
1780  8.7383e-08  4.7862e-11     4180  357 4180     2     2      0  6878  5.6e-11        -
1783    8.75e-08   3.462e-11 out 4190  359 4190     2     2      0  6895  1.2e-11        -
1786  8.7666e-08  6.2316e-11     4200  361 4200     2     2      0  6912    2e-10        -
1790  8.7915e-08  6.2316e-11     4208  362 4208     2     2      0  6924  2.3e-10        -
1792     8.8e-08  4.2279e-11 out 4216  364 4216     2     2      0  6938  3.5e-11        -
1796  8.8169e-08  4.2279e-11     4224  364 4224     2     2      0  6950  4.5e-11        -
1801  8.8381e-08  4.2279e-11     4234  364 4234     2     2      0  6965  4.2e-11        -
1804    8.85e-08  3.8604e-11 out 4244  364 4244     2     2      0  6984  1.5e-11        -
1805  8.8539e-08  3.8604e-11     4248  364 4248     2     2      0  6992  1.5e-11        -
1808  8.8654e-08  3.8604e-11     4260  364 4260     2     2      0  7016  1.6e-11        -
1811   8.884e-08  6.9487e-11     4272  366 4272     2     2      0  7038  4.2e-10        -
1815  8.9045e-08  4.5399e-11     4280  368 4280     2     2      0  7050  4.9e-11        -
1821  8.9318e-08  4.5399e-11     4292  368 4292     2     2      0  7068  9.8e-11        -
1825  8.9477e-08  2.3006e-11     4300  369 4300     2     2      0  7080    4e-12        -
1830  8.9684e-08  4.6013e-11     4310  370 4310     2     2      0  7095  1.4e-10        -
1835  8.9914e-08  4.6013e-11     4320  370 4320     2     2      0  7110  1.4e-10        -
1838  9.0043e-08  4.2943e-11     4332  370 4332     2     2      0  7134  1.1e-11        -
1840  9.0129e-08  4.2943e-11     4340  370 4340     2     2      0  7150  1.1e-11        -
1842  9.0215e-08  4.2943e-11     4348  370 4348     2     2      0  7166  1.1e-11        -
1844  9.0301e-08  4.2943e-11     4356  370 4356     2     2      0  7182  1.1e-11        -
1847  9.0429e-08  4.2943e-11     4368  370 4368     2     2      0  7206  1.1e-11        -
1849    9.05e-08  3.5284e-11 out 4376  372 4376     2     2      0  7220  2.6e-11        -
1854  9.0676e-08  3.5284e-11     4386  372 4386     2     2      0  7235  2.5e-11        -
1857  9.0818e-08  7.0568e-11     4392  373 4392     2     2      0  7244  8.4e-10        -
1859  9.0944e-08  5.5939e-11     4400  374 4400     2     2      0  7258  2.7e-10        -
1863  9.1168e-08  5.5939e-11     4408  375 4408     2     2      0  7270  1.9e-10        -
--         当前进度:  24 % - 
1866  9.1336e-08  5.5939e-11     4414  375 4414     2     2      0  7279  1.8e-10        -
1870  9.1554e-08  5.4212e-11     4425  375 4425     2     2      0  7300  1.9e-11        -
1873  9.1717e-08  5.4212e-11     4434  375 4434     2     2      0  7318  1.8e-11        -
1876  9.1879e-08  5.4212e-11     4443  375 4443     2     2      0  7336  1.6e-11        -
1879     9.2e-08   3.315e-11 out 4450  376 4450     2     2      0  7348  8.4e-12        -
1882  9.2199e-08    6.63e-11     4456  377 4456     2     2      0  7357  2.3e-10        -
1886  9.2449e-08  5.1099e-11     4468  378 4468     2     2      0  7377  4.6e-11        -
1890  9.2653e-08  5.1099e-11     4476  379 4476     2     2      0  7389  3.4e-11        -
1895  9.2909e-08  5.1099e-11     4486  379 4486     2     2      0  7404  3.1e-11        -
1897     9.3e-08  4.5606e-11 out 4494  381 4494     2     2      0  7418  1.3e-11        -
1901  9.3182e-08  4.5606e-11     4502  381 4502     2     2      0  7430  9.6e-12        -
1905  9.3365e-08  4.5606e-11     4510  381 4510     2     2      0  7442  3.1e-12        -
1910   9.359e-08  4.4774e-11     4520  381 4520     2     2      0  7461  2.8e-11        -
1915  9.3813e-08  4.4774e-11     4530  381 4530     2     2      0  7481  2.9e-11        -
1919  9.3974e-08   2.613e-11     4538  382 4538     2     2      0  7496  4.8e-13        -
1922  9.4105e-08   5.226e-11     4544  383 4544     2     2      0  7505  3.2e-11        -
1926  9.4314e-08   5.226e-11     4552  383 4552     2     2      0  7517  4.6e-11        -
1929  9.4459e-08  4.0961e-11     4562  384 4562     2     2      0  7534  9.3e-12        -
1933  9.4623e-08  4.0961e-11     4570  385 4570     2     2      0  7546  2.4e-11        -
1937  9.4787e-08  4.0961e-11     4578  385 4578     2     2      0  7558  2.6e-11        -
1942  9.4975e-08  2.4717e-11     4588  386 4588     2     2      0  7573  1.9e-12        -
1945  9.5099e-08  4.9434e-11     4594  387 4594     2     2      0  7582  6.2e-11        -
1949  9.5297e-08  4.9434e-11     4602  387 4602     2     2      0  7594  7.3e-11        -
1953  9.5472e-08  2.7545e-11     4610  388 4610     2     2      0  7606  5.4e-12        -
1957  9.5665e-08  5.5091e-11     4618  389 4618     2     2      0  7618  1.6e-10        -
1962  9.5941e-08  5.5091e-11     4628  389 4628     2     2      0  7633  1.8e-10        -
1965  9.6059e-08  5.9272e-11     4634  391 4634     2     2      0  7642  2.7e-10        -
1969  9.6296e-08  5.9272e-11     4642  391 4642     2     2      0  7654    2e-10        -
1972  9.6457e-08  4.2548e-11     4652  392 4652     2     2      0  7671  3.6e-11        -
1976  9.6628e-08  4.2548e-11     4660  393 4660     2     2      0  7683  4.3e-11        -
1981   9.684e-08  4.2548e-11     4670  393 4670     2     2      0  7698  8.5e-11        -
1984  9.6963e-08  3.7262e-11     4680  394 4680     2     2      0  7715  4.6e-11        -
1986  9.7037e-08  3.7262e-11     4684  395 4684     2     2      0  7721  4.7e-11        -
1990  9.7186e-08  3.7262e-11     4692  395 4692     2     2      0  7733  4.8e-11        -
1994  9.7335e-08  3.7262e-11     4700  395 4700     2     2      0  7745  4.6e-11        -
1996   9.741e-08  3.7262e-11     4704  395 4704     2     2      0  7751  4.5e-11        -
1998  9.7474e-08  2.6431e-11     4712  396 4712     2     2      0  7765  7.9e-12        -
1999    9.75e-08  2.6431e-11 out 4714  397 4714     2     2      0  7768  7.8e-12        -
2002  9.7659e-08  5.2862e-11     4720  398 4720     2     2      0  7777  2.2e-10        -
2006   9.787e-08  5.2862e-11     4728  398 4728     2     2      0  7789    2e-10        -
2008  9.7961e-08  3.8553e-11     4736  399 4736     2     2      0  7803    4e-11        -
2011  9.8077e-08  3.8553e-11     4742  400 4742     2     2      0  7812  3.8e-11        -
2014  9.8193e-08  3.8553e-11     4748  400 4748     2     2      0  7821  5.7e-11        -
--         当前进度:  25 % - 正在组装残差
2017  9.8308e-08  3.8553e-11     4754  400 4754     2     2      0  7830  4.2e-11        -
2021  9.8462e-08  3.7956e-11     4762  400 4762     2     2      0  7843  4.4e-11        -
2025  9.8614e-08  3.7956e-11     4770  400 4770     2     2      0  7859  4.1e-11        -
2028  9.8728e-08  3.7956e-11     4776  400 4776     2     2      0  7871  3.8e-11        -
2032   9.888e-08  3.7956e-11     4784  400 4784     2     2      0  7887  3.5e-11        -
2034     9.9e-08  6.0221e-11 out 4788  401 4788     2     2      0  7893  2.5e-10        -
2038  9.9241e-08  6.0221e-11     4796  401 4796     2     2      0  7905  1.7e-10        -
2042  9.9461e-08  3.9226e-11     4804  402 4804     2     2      0  7917  1.9e-11        -
2045  9.9618e-08  7.8452e-11     4810  403 4810     2     2      0  7926  5.1e-10        -
2046  9.9688e-08  7.0607e-11     4816  404 4816     2     2      0  7937  2.8e-10        -
2048  9.9829e-08  7.0607e-11     4820  405 4820     2     2      0  7943  2.4e-10        -
2050   9.995e-08  4.9948e-11     4828  406 4828     2     2      0  7957  3.1e-11        -
2053   1.001e-07  4.9948e-11     4834  407 4834     2     2      0  7966  3.9e-11        -
2057   1.003e-07  4.9948e-11     4842  407 4842     2     2      0  7978  2.7e-11        -
2061  1.0047e-07  2.5234e-11     4850  408 4850     2     2      0  7990  6.1e-13        -
2064   1.006e-07  5.0468e-11     4856  409 4856     2     2      0  7999  7.6e-12        -
2068   1.008e-07  5.0468e-11     4864  409 4864     2     2      0  8011  9.5e-12        -
2071  1.0095e-07  4.8129e-11     4871  409 4871     2     2      0  8023  1.2e-11        -
2073  1.0105e-07  4.8129e-11     4877  409 4877     2     2      0  8035  1.1e-11        -
2076  1.0119e-07  4.8129e-11     4886  409 4886     2     2      0  8053  1.2e-11        -
2079  1.0134e-07  4.8129e-11     4895  409 4895     2     2      0  8071  1.2e-11        -
2082  1.0147e-07  3.3421e-11     4903  410 4903     2     2      0  8086  3.3e-12        -
2085  1.0163e-07  6.6842e-11     4909  411 4909     2     2      0  8095  1.4e-10        -
2089   1.019e-07  6.6842e-11     4917  411 4917     2     2      0  8107  1.1e-10        -
2090  1.0195e-07  4.9473e-11     4923  412 4923     2     2      0  8118  5.8e-11        -
2093   1.021e-07  4.9473e-11     4929  413 4929     2     2      0  8127  6.3e-11        -
2097   1.023e-07  4.9473e-11     4937  413 4937     2     2      0  8139  6.9e-11        -
2101  1.0247e-07  2.7371e-11     4945  414 4945     2     2      0  8151  3.2e-12        -
2104  1.0261e-07  5.4742e-11     4951  415 4951     2     2      0  8160  1.2e-10        -
2109  1.0288e-07  5.4742e-11     4961  415 4961     2     2      0  8175  1.7e-10        -
2111  1.0297e-07  3.1031e-11     4965  416 4965     2     2      0  8181  9.4e-12        -
2114  1.0312e-07  6.2063e-11     4971  417 4971     2     2      0  8190  2.9e-10        -
2118  1.0337e-07  6.2063e-11     4979  417 4979     2     2      0  8202  3.3e-10        -
2120  1.0347e-07   3.278e-11     4983  418 4983     2     2      0  8208  1.4e-11        -
2122  1.0357e-07  6.5559e-11     4987  419 4987     2     2      0  8214  4.8e-10        -
2126  1.0383e-07  6.5559e-11     4995  419 4995     2     2      0  8226    3e-10        -
2127  1.0389e-07  5.9003e-11     5001  420 5001     2     2      0  8237  1.8e-10        -
2130  1.0406e-07  5.6601e-11     5007  421 5007     2     2      0  8246  2.8e-10        -
2134  1.0428e-07  5.6601e-11     5015  421 5015     2     2      0  8258  3.6e-10        -
2138   1.045e-07  5.1898e-11 out 5027  421 5027     2     2      0  8280  5.6e-11        -
2141  1.0466e-07  5.1898e-11     5039  421 5039     2     2      0  8304  5.7e-11        -
2143  1.0476e-07  5.1898e-11     5047  421 5047     2     2      0  8320  5.7e-11        -
--         当前进度:  26 % - 正在组装残差
2144  1.0481e-07  5.1898e-11     5051  421 5051     2     2      0  8328  5.7e-11        -
2146  1.0492e-07  5.1898e-11     5059  421 5059     2     2      0  8344  5.6e-11        -
2147  1.0496e-07  4.2407e-11     5065  422 5065     2     2      0  8355  8.1e-11        -
2150  1.0508e-07  4.2407e-11     5071  423 5071     2     2      0  8364  7.1e-11        -
2154  1.0525e-07  4.2407e-11     5079  423 5079     2     2      0  8376  6.7e-11        -
2158  1.0542e-07  4.2407e-11     5087  423 5087     2     2      0  8388  6.2e-11        -
2159  1.0546e-07  3.7963e-11     5093  424 5093     2     2      0  8399  3.5e-11        -
2162  1.0558e-07  3.7963e-11     5099  425 5099     2     2      0  8408  5.2e-11        -
2166  1.0573e-07  3.7963e-11     5107  425 5107     2     2      0  8420  3.9e-11        -
2169  1.0588e-07  7.5925e-11     5113  426 5113     2     2      0  8429  8.7e-10        -
2170  1.0594e-07  6.0187e-11     5119  427 5119     2     2      0  8440  2.7e-10        -
2173  1.0612e-07  6.0187e-11     5125  428 5125     2     2      0  8449  2.6e-10        -
2177  1.0636e-07  6.0187e-11     5133  428 5133     2     2      0  8461  2.5e-10        -
2180   1.065e-07  3.9345e-11 out 5139  429 5139     2     2      0  8470  2.4e-11        -
2182  1.0665e-07  6.8133e-11     5147  431 5147     2     2      0  8484  3.1e-10        -
2185  1.0685e-07  6.8133e-11     5153  432 5153     2     2      0  8493  2.7e-10        -
2187  1.0696e-07  4.0322e-11     5157  433 5157     2     2      0  8499  2.3e-11        -
2190  1.0715e-07  7.1124e-11     5167  435 5167     2     2      0  8516  2.7e-10        -
2194  1.0743e-07  6.7431e-11     5176  436 5176     2     2      0  8531    8e-11        -
2197  1.0763e-07  6.7431e-11     5185  436 5185     2     2      0  8549  7.1e-11        -
2200  1.0784e-07  6.7431e-11     5194  436 5194     2     2      0  8567  6.2e-11        -
2202  1.0795e-07  4.7706e-11     5203  437 5203     2     2      0  8584  6.1e-12        -
2205   1.081e-07  4.7706e-11     5209  438 5209     2     2      0  8593  5.7e-12        -
2210  1.0833e-07  4.7706e-11     5219  438 5219     2     2      0  8608  1.8e-11        -
2213  1.0846e-07  3.5322e-11     5229  439 5229     2     2      0  8625  4.3e-12        -
2216  1.0864e-07  7.0643e-11     5235  441 5235     2     2      0  8634  1.3e-10        -
2220  1.0892e-07  7.0643e-11     5243  441 5243     2     2      0  8646  1.5e-10        -
2223  1.0904e-07   3.807e-11     5249  442 5249     2     2      0  8655  7.9e-12        -
2227  1.0919e-07   3.807e-11     5257  442 5257     2     2      0  8667  7.9e-12        -
2232  1.0938e-07   3.807e-11     5267  442 5267     2     2      0  8682  1.6e-11        -
2236   1.095e-07  2.1578e-11 out 5275  443 5275     2     2      0  8694    1e-12        -
2240  1.0967e-07  4.3155e-11     5283  444 5283     2     2      0  8706  3.5e-11        -
2245  1.0989e-07  4.3155e-11     5293  444 5293     2     2      0  8721  3.4e-11        -
2247  1.0997e-07  3.4224e-11     5301  445 5301     2     2      0  8735  1.1e-11        -
2250  1.1007e-07  3.4224e-11     5307  446 5307     2     2      0  8744  1.2e-11        -
2253  1.1023e-07  6.1603e-11     5317  448 5317     2     2      0  8761  3.1e-10        -
2256  1.1042e-07  6.1603e-11     5323  449 5323     2     2      0  8770  2.9e-10        -
2258   1.105e-07  4.1234e-11 out 5331  451 5331     2     2      0  8784  3.7e-11        -
2262  1.1066e-07  4.1234e-11     5339  451 5339     2     2      0  8796  4.2e-11        -
2265  1.1086e-07  7.1209e-11     5349  453 5349     2     2      0  8813  6.9e-10        -
2268    1.11e-07  3.5038e-11 out 5355  455 5355     2     2      0  8822  2.2e-11        -
2271  1.1117e-07  6.3068e-11     5365  457 5365     2     2      0  8839  2.5e-10        -
2275  1.1142e-07  6.3068e-11     5373  458 5373     2     2      0  8851  5.5e-10        -
--         当前进度:  28 % - 
Memory: 1008/1051 1016/1062
2279  1.1158e-07  3.9773e-11     5381  459 5381     2     2      0  8863    6e-11        -
2283  1.1174e-07  3.9773e-11     5389  459 5389     2     2      0  8875  6.4e-11        -
2288  1.1194e-07  3.9773e-11     5399  459 5399     2     2      0  8890  6.5e-11        -
2290    1.12e-07  3.1248e-11 out 5407  461 5407     2     2      0  8904  1.9e-11        -
2293  1.1215e-07  5.6246e-11     5417  463 5417     2     2      0  8921  3.6e-10        -
2296  1.1232e-07  5.6246e-11     5423  464 5423     2     2      0  8930  3.4e-10        -
2300   1.125e-07  3.4389e-11 out 5431  465 5431     2     2      0  8942  2.5e-11        -
2304  1.1264e-07  3.4389e-11     5439  465 5439     2     2      0  8954  2.3e-11        -
2309  1.1281e-07  3.4389e-11     5449  465 5449     2     2      0  8969  2.2e-11        -
2312  1.1296e-07  4.3666e-11     5455  467 5455     2     2      0  8978  1.1e-10        -
2317  1.1317e-07  4.3666e-11     5465  467 5465     2     2      0  8993  7.9e-11        -
2321  1.1335e-07  4.3666e-11     5473  467 5473     2     2      0  9005  5.4e-11        -
2324  1.1347e-07   3.167e-11     5483  468 5483     2     2      0  9022  1.1e-11        -
2327   1.136e-07   6.334e-11     5489  470 5489     2     2      0  9031  3.3e-10        -
2330  1.1379e-07   6.334e-11     5495  470 5495     2     2      0  9040  3.2e-10        -
2333  1.1396e-07  4.4144e-11     5505  471 5505     2     2      0  9057  4.1e-11        -
2337  1.1413e-07  4.4144e-11     5513  472 5513     2     2      0  9069  3.3e-11        -
2342  1.1435e-07  4.4144e-11     5523  472 5523     2     2      0  9084  3.7e-11        -
2346   1.145e-07  2.9278e-11 out 5531  473 5531     2     2      0  9096  4.1e-12        -
2350  1.1473e-07  5.8556e-11     5539  474 5539     2     2      0  9108  7.1e-11        -
2354  1.1495e-07  4.5054e-11     5551  475 5551     2     2      0  9128    2e-11        -
2357  1.1509e-07  4.5054e-11     5557  476 5557     2     2      0  9137  1.6e-11        -
2361  1.1527e-07  4.5054e-11     5565  476 5565     2     2      0  9149  5.7e-12        -
2366  1.1548e-07  2.4729e-11     5575  477 5575     2     2      0  9164  3.3e-13        -
2369   1.156e-07  4.9459e-11     5581  478 5581     2     2      0  9173  8.5e-12        -
2374  1.1585e-07  4.9459e-11     5591  478 5591     2     2      0  9188  2.4e-11        -
2377  1.1597e-07  2.7435e-11     5597  479 5597     2     2      0  9197  1.2e-12        -
2380  1.1611e-07  5.4871e-11     5603  480 5603     2     2      0  9206  1.6e-11        -
2384  1.1633e-07  5.4871e-11     5611  480 5611     2     2      0  9218    4e-11        -
2388   1.165e-07  3.0517e-11 out 5619  481 5619     2     2      0  9230  3.2e-12        -
2391  1.1668e-07  6.1035e-11     5625  482 5625     2     2      0  9239  1.3e-10        -
2396  1.1696e-07  3.6379e-11     5635  483 5635     2     2      0  9254  1.4e-11        -
2401  1.1715e-07  3.6379e-11     5645  483 5645     2     2      0  9269  1.3e-11        -
2405  1.1729e-07  3.6379e-11     5653  483 5653     2     2      0  9281  1.5e-11        -
2410  1.1747e-07  3.1726e-11     5667  484 5667     2     2      0  9304    8e-12        -
2412  1.1756e-07  6.3453e-11     5671  486 5671     2     2      0  9310  2.6e-10        -
2417  1.1788e-07  6.3453e-11     5681  486 5681     2     2      0  9325  3.2e-10        -
2419    1.18e-07  5.9642e-11 out 5689  486 5689     2     2      0  9341  2.3e-11        -
2421  1.1812e-07  5.9642e-11     5697  486 5697     2     2      0  9357  2.4e-11        -
2423  1.1824e-07  5.9642e-11     5705  486 5705     2     2      0  9373  2.5e-11        -
2426  1.1842e-07  5.9642e-11     5717  486 5717     2     2      0  9397  2.7e-11        -
--         当前进度:  29 % - 正在组装残差
2429  1.1854e-07  4.1255e-11     5723  487 5723     2     2      0  9406  3.8e-11        -
2433  1.1871e-07  4.1255e-11     5731  487 5731     2     2      0  9418  4.9e-11        -
2438  1.1891e-07  4.1255e-11     5741  487 5741     2     2      0  9433    7e-11        -
2441    1.19e-07    2.31e-11 out 5747  488 5747     2     2      0  9442    4e-12        -
2445  1.1918e-07    4.62e-11     5755  489 5755     2     2      0  9454  1.4e-10        -
2450  1.1942e-07    4.62e-11     5765  489 5765     2     2      0  9469  1.4e-10        -
2453  1.1954e-07  4.2101e-11     5777  489 5777     2     2      0  9493  3.3e-11        -
2456  1.1967e-07  4.2101e-11     5789  489 5789     2     2      0  9517  3.3e-11        -
2459  1.1979e-07  4.2101e-11     5801  489 5801     2     2      0  9541  3.2e-11        -
2461  1.1988e-07  4.2101e-11     5809  489 5809     2     2      0  9557  3.2e-11        -
2463  1.1996e-07  3.9495e-11     5819  490 5819     2     2      0  9576  4.8e-11        -
2466  1.2008e-07  3.9495e-11     5825  491 5825     2     2      0  9585  4.5e-11        -
2471  1.2028e-07  3.9495e-11     5835  491 5835     2     2      0  9600  5.7e-11        -
2474  1.2039e-07  3.9495e-11     5841  491 5841     2     2      0  9609  6.3e-11        -
2476  1.2047e-07  3.2775e-11     5849  492 5849     2     2      0  9623  2.4e-11        -
2479   1.206e-07  6.5551e-11     5855  494 5855     2     2      0  9632    6e-10        -
2484  1.2093e-07  6.5551e-11     5865  494 5865     2     2      0  9647    4e-10        -
2487  1.2107e-07  7.3921e-11     5871  496 5871     2     2      0  9656    7e-10        -
2489  1.2121e-07  6.6529e-11     5879  498 5879     2     2      0  9670    4e-10        -
2493  1.2145e-07  4.6716e-11     5891  499 5891     2     2      0  9690  4.6e-11        -
2496  1.2159e-07  4.6716e-11     5897  500 5897     2     2      0  9699  4.6e-11        -
2500  1.2178e-07  4.6716e-11     5905  500 5905     2     2      0  9711  4.7e-11        -
2504  1.2196e-07  3.9777e-11     5917  501 5917     2     2      0  9731  1.8e-11        -
2507  1.2212e-07  7.9554e-11     5923  503 5923     2     2      0  9740    4e-10        -
2508  1.2219e-07  7.1599e-11     5929  504 5929     2     2      0  9751  2.9e-10        -
2511  1.2241e-07  7.1599e-11     5935  505 5935     2     2      0  9760  1.8e-10        -
2513   1.225e-07  4.7137e-11 out 5939  506 5939     2     2      0  9766  1.8e-11        -
2517  1.2269e-07  4.7137e-11     5947  506 5947     2     2      0  9778  6.8e-12        -
2520  1.2283e-07  4.7137e-11     5953  506 5953     2     2      0  9787  9.5e-12        -
2523  1.2296e-07  3.7882e-11     5963  507 5963     2     2      0  9804  2.2e-12        -
2526  1.2315e-07  7.5763e-11     5969  509 5969     2     2      0  9813  1.9e-10        -
2528   1.233e-07  6.8187e-11     5977  510 5977     2     2      0  9827  1.1e-10        -
2532  1.2357e-07  6.8169e-11     5985  511 5985     2     2      0  9842  8.9e-12        -
2535  1.2377e-07  6.8169e-11     5991  511 5991     2     2      0  9854  8.7e-12        -
2538  1.2395e-07  4.5494e-11     6001  512 6001     2     2      0  9873  2.5e-11        -
2542  1.2414e-07  4.5494e-11     6009  513 6009     2     2      0  9885  3.3e-11        -
2547  1.2436e-07  4.5494e-11     6019  513 6019     2     2      0  9900  3.8e-11        -
2552  1.2459e-07  4.5275e-11     6029  513 6029     2     2      0  9919  1.6e-11        -
2557  1.2482e-07  4.5275e-11     6039  513 6039     2     2      0  9939  1.9e-11        -
2561  1.2498e-07  2.3625e-11     6047  514 6047     2     2      0  9954  2.5e-12        -
2564  1.2509e-07  4.7249e-11     6053  515 6053     2     2      0  9963  7.8e-11        -
---        当前进度:  30 % - 
2568  1.2528e-07  4.7249e-11     6061  515 6061     2     2      0  9975  7.4e-11        -
2572  1.2546e-07  3.7379e-11     6073  516 6073     2     2      0  9995  2.6e-11        -
2575  1.2564e-07  6.7282e-11     6083  519 6083     2     2      0 10012  5.2e-10        -
2579  1.2591e-07  6.7282e-11     6091  520 6091     2     2      0 10024  4.3e-10        -
2583  1.2609e-07  4.4416e-11     6099  521 6099     2     2      0 10036  7.3e-11        -
2588  1.2631e-07  4.4416e-11     6109  521 6109     2     2      0 10051    1e-10        -
2592  1.2647e-07  2.7918e-11     6117  522 6117     2     2      0 10063  1.1e-11        -
2595  1.2661e-07  5.5836e-11     6123  523 6123     2     2      0 10072  3.5e-10        -
2599  1.2684e-07  5.5836e-11     6131  523 6131     2     2      0 10084  3.5e-10        -
2603  1.2705e-07  5.4575e-11     6141  523 6141     2     2      0 10103  1.8e-11        -
2606  1.2722e-07  5.4575e-11     6150  523 6150     2     2      0 10121  1.8e-11        -
2609  1.2738e-07  5.4575e-11     6159  523 6159     2     2      0 10139  1.7e-11        -
2612   1.275e-07  3.1701e-11 out 6166  524 6166     2     2      0 10151  1.5e-11        -
2615  1.2769e-07  6.3401e-11     6172  525 6172     2     2      0 10160    6e-10        -
2619  1.2794e-07  5.9796e-11     6182  525 6182     2     2      0 10177  2.1e-11        -
2622  1.2812e-07  5.9796e-11     6194  525 6194     2     2      0 10201    2e-11        -
2624  1.2824e-07  5.9796e-11     6202  525 6202     2     2      0 10217  1.9e-11        -
2627  1.2842e-07  5.9796e-11     6211  525 6211     2     2      0 10235  1.4e-10        -
2631  1.2862e-07  8.1428e-11     6219  527 6219     2     2      0 10247  1.1e-09        -
2633  1.2876e-07  6.6441e-11     6227  529 6227     2     2      0 10261  3.1e-10        -
2634  1.2881e-07  5.9797e-11     6233  530 6233     2     2      0 10272  1.9e-10        -
2637  1.2897e-07  3.2794e-11     6239  532 6239     2     2      0 10281  7.9e-12        -
2640  1.2913e-07  6.5587e-11     6245  533 6245     2     2      0 10290  2.7e-10        -
2645  1.2945e-07  5.3239e-11     6259  534 6259     2     2      0 10313  7.6e-11        -
2648  1.2961e-07  5.3239e-11     6265  535 6265     2     2      0 10322  6.3e-11        -
2653  1.2987e-07  5.3239e-11     6275  535 6275     2     2      0 10337  3.5e-11        -
2655  1.2996e-07  3.7045e-11     6283  536 6283     2     2      0 10351  4.7e-12        -
2658  1.3015e-07  7.4089e-11     6289  538 6289     2     2      0 10360  1.2e-10        -
2662  1.3044e-07  6.4777e-11     6301  539 6301     2     2      0 10380  1.3e-11        -
2665  1.3063e-07  6.4777e-11     6307  540 6307     2     2      0 10389  8.7e-11        -
2670  1.3094e-07   5.567e-11     6321  541 6321     2     2      0 10412    3e-11        -
2672  1.3106e-07   5.567e-11     6325  542 6325     2     2      0 10418  3.9e-11        -
2676  1.3128e-07   5.567e-11     6333  542 6333     2     2      0 10430  6.3e-11        -
2680   1.315e-07  5.5154e-11 out 6341  542 6341     2     2      0 10444  5.3e-11        -
2685  1.3178e-07  5.5154e-11     6351  542 6351     2     2      0 10464  6.4e-11        -
2689  1.3197e-07  2.9383e-11     6359  543 6359     2     2      0 10479  4.9e-12        -
2692  1.3209e-07  5.8765e-11     6365  544 6365     2     2      0 10488  1.6e-10        -
2697  1.3238e-07  5.8765e-11     6375  544 6375     2     2      0 10503  2.4e-10        -
2701  1.3253e-07   2.963e-11     6383  545 6383     2     2      0 10515  7.5e-12        -
2704  1.3271e-07   5.926e-11     6389  546 6389     2     2      0 10524  2.4e-10        -
2708  1.3294e-07  5.7404e-11     6398  546 6398     2     2      0 10539  3.7e-11        -
2711  1.3311e-07  5.7404e-11     6407  546 6407     2     2      0 10557  3.9e-11        -
2714  1.3329e-07  5.7404e-11     6416  546 6416     2     2      0 10575  4.2e-11        -
---        当前进度:  32 % - 正在组装残差
2716   1.334e-07  5.7404e-11     6422  546 6422     2     2      0 10587  4.2e-11        -
2718   1.335e-07  4.9085e-11 out 6430  548 6430     2     2      0 10601  1.8e-10        -
2722   1.337e-07  4.9085e-11     6438  548 6438     2     2      0 10613  1.6e-10        -
2727  1.3394e-07  4.9085e-11     6448  548 6448     2     2      0 10628  1.8e-10        -
2730  1.3406e-07  5.8235e-11     6454  550 6454     2     2      0 10637  4.3e-10        -
2735  1.3435e-07  5.8235e-11     6464  550 6464     2     2      0 10652  4.1e-10        -
2737  1.3445e-07  4.6177e-11     6472  551 6472     2     2      0 10666  1.2e-10        -
2740  1.3459e-07  4.6177e-11     6478  552 6478     2     2      0 10675  1.2e-10        -
2745  1.3482e-07  4.6177e-11     6488  552 6488     2     2      0 10690    1e-10        -
2749    1.35e-07  4.2202e-11 out 6500  552 6500     2     2      0 10712  2.9e-11        -
2751  1.3508e-07  4.2202e-11     6508  552 6508     2     2      0 10728  2.8e-11        -
2754  1.3521e-07  4.2202e-11     6520  552 6520     2     2      0 10752  2.7e-11        -
2757  1.3538e-07  8.4405e-11     6530  553 6530     2     2      0 10771  2.7e-09        -
2759   1.355e-07  6.0089e-11 out 6538  555 6538     2     2      0 10785  3.9e-10        -
2763  1.3574e-07  6.0089e-11     6546  555 6546     2     2      0 10797  2.5e-10        -
2767  1.3596e-07  3.9688e-11     6554  556 6554     2     2      0 10809    3e-11        -
2770  1.3615e-07  6.7979e-11     6564  558 6564     2     2      0 10826  3.5e-10        -
2772  1.3628e-07  6.7979e-11     6568  559 6568     2     2      0 10832  3.4e-10        -
2776   1.365e-07  4.0366e-11 out 6576  560 6576     2     2      0 10844  2.3e-11        -
2778  1.3665e-07  7.1249e-11     6584  562 6584     2     2      0 10858  3.5e-10        -
2782  1.3693e-07  6.7137e-11     6593  563 6593     2     2      0 10873  1.2e-10        -
2784  1.3707e-07  6.7137e-11     6599  563 6599     2     2      0 10885  1.1e-10        -
2787  1.3727e-07  6.7137e-11     6608  563 6608     2     2      0 10903  9.6e-11        -
2790  1.3745e-07  4.8589e-11     6620  564 6620     2     2      0 10926  1.8e-11        -
2793   1.376e-07  4.8589e-11     6626  565 6626     2     2      0 10935  1.1e-11        -
2797  1.3779e-07  4.8589e-11     6634  565 6634     2     2      0 10947  3.5e-12        -
2801  1.3797e-07  3.1348e-11     6642  566 6642     2     2      0 10959  2.3e-12        -
2804  1.3813e-07  6.2697e-11     6648  567 6648     2     2      0 10968  7.6e-11        -
2808  1.3838e-07  6.2697e-11     6656  567 6656     2     2      0 10980    6e-11        -
2812  1.3862e-07   6.191e-11     6664  567 6664     2     2      0 10996    1e-10        -
2817  1.3893e-07   6.191e-11     6674  567 6674     2     2      0 11016  1.2e-10        -
2820  1.3907e-07  6.6632e-11     6680  569 6680     2     2      0 11025  2.4e-10        -
2822  1.3919e-07  5.9969e-11     6688  571 6688     2     2      0 11039  1.5e-10        -
2826  1.3943e-07  5.9969e-11     6696  571 6696     2     2      0 11051  1.8e-10        -
2830  1.3961e-07  7.3555e-11     6704  573 6704     2     2      0 11063  5.2e-10        -
2831  1.3967e-07  6.2254e-11     6710  574 6710     2     2      0 11074  2.3e-10        -
2833  1.3979e-07  5.6029e-11     6718  576 6718     2     2      0 11088  1.9e-10        -
2836  1.3995e-07  4.8536e-11     6728  578 6728     2     2      0 11105  8.7e-11        -
2840  1.4015e-07  4.8536e-11     6736  579 6736     2     2      0 11117    9e-11        -
2844  1.4034e-07  4.8536e-11     6744  579 6744     2     2      0 11129  9.8e-11        -
2847  1.4047e-07  3.1586e-11     6750  580 6750     2     2      0 11138  1.3e-11        -
2850  1.4063e-07  6.3172e-11     6756  581 6756     2     2      0 11147  6.7e-10        -
---        当前进度:  33 % - 正在组装残差
2854  1.4088e-07  6.3172e-11     6764  581 6764     2     2      0 11159  7.2e-10        -
2857  1.4106e-07  6.0484e-11     6773  581 6773     2     2      0 11177  1.1e-10        -
2860  1.4124e-07  6.0484e-11     6782  581 6782     2     2      0 11195  1.2e-10        -
2863  1.4142e-07  6.0484e-11     6791  581 6791     2     2      0 11213  1.2e-10        -
2865   1.415e-07  3.8306e-11 out 6795  582 6795     2     2      0 11219  5.3e-11        -
2869  1.4165e-07  3.8306e-11     6803  582 6803     2     2      0 11231  5.2e-11        -
2874  1.4184e-07  3.8306e-11     6813  582 6813     2     2      0 11246  4.8e-11        -
2878  1.4198e-07  2.0163e-11     6821  583 6821     2     2      0 11258  1.8e-12        -
2881  1.4208e-07  4.0325e-11     6827  584 6827     2     2      0 11267  5.5e-11        -
2886  1.4228e-07  4.0325e-11     6837  584 6837     2     2      0 11282  4.9e-11        -
2891  1.4247e-07  2.8212e-11     6851  585 6851     2     2      0 11305  1.2e-11        -
2894  1.4261e-07  5.6424e-11     6857  587 6857     2     2      0 11314  3.7e-10        -
2899  1.4289e-07  5.6424e-11     6867  587 6867     2     2      0 11329  2.9e-10        -
2902  1.4305e-07  5.2516e-11     6879  587 6879     2     2      0 11353  2.4e-11        -
2904  1.4316e-07  5.2516e-11     6887  587 6887     2     2      0 11369  2.3e-11        -
2906  1.4326e-07  5.2516e-11     6895  587 6895     2     2      0 11385  2.1e-11        -
2909  1.4342e-07  5.2516e-11     6907  587 6907     2     2      0 11409    2e-11        -
2910  1.4346e-07  3.9936e-11     6913  588 6913     2     2      0 11420    3e-11        -
2913  1.4358e-07  3.9936e-11     6919  589 6919     2     2      0 11429  2.5e-11        -
2918  1.4378e-07  3.9936e-11     6929  589 6929     2     2      0 11444  2.7e-11        -
2922  1.4394e-07  3.9936e-11     6937  589 6937     2     2      0 11456  2.1e-11        -
2924    1.44e-07  3.0353e-11 out 6945  591 6945     2     2      0 11470    5e-12        -
2927  1.4418e-07  6.0707e-11     6951  592 6951     2     2      0 11479  1.5e-10        -
2932  1.4446e-07  3.7526e-11     6961  593 6961     2     2      0 11494  9.8e-12        -
2936  1.4473e-07  7.5053e-11     6969  594 6969     2     2      0 11506  1.5e-10        -
2939  1.4494e-07  6.2368e-11     6979  595 6979     2     2      0 11523  4.6e-11        -
2943  1.4519e-07  6.2368e-11     6987  596 6987     2     2      0 11535  1.2e-11        -
2948  1.4547e-07  3.1713e-11     6997  597 6997     2     2      0 11550  1.1e-12        -
2951  1.4563e-07  6.3425e-11     7003  598 7003     2     2      0 11559  8.8e-11        -
2956  1.4594e-07  5.9724e-11     7014  598 7014     2     2      0 11577    7e-11        -
2959  1.4612e-07  5.9724e-11     7023  598 7023     2     2      0 11595  7.7e-11        -
2962   1.463e-07  5.9724e-11     7032  598 7032     2     2      0 11613  8.6e-11        -
2965  1.4646e-07  4.0967e-11     7040  599 7040     2     2      0 11628    2e-11        -
2970  1.4666e-07  4.0967e-11     7050  599 7050     2     2      0 11643  2.3e-11        -
2974  1.4683e-07  4.0967e-11     7058  599 7058     2     2      0 11655  2.7e-11        -
2978  1.4698e-07  2.4683e-11     7066  600 7066     2     2      0 11667  2.2e-12        -
2981   1.471e-07  4.9367e-11     7072  601 7072     2     2      0 11676    1e-10        -
2986  1.4735e-07  4.9367e-11     7082  601 7082     2     2      0 11691  9.4e-11        -
2990   1.475e-07   2.785e-11 out 7090  602 7090     2     2      0 11703  5.6e-12        -
2993  1.4767e-07  5.5699e-11     7096  603 7096     2     2      0 11712    2e-10        -
2998  1.4794e-07  5.5052e-11     7106  603 7106     2     2      0 11728  1.9e-10        -
3002  1.4817e-07  5.5052e-11     7114  603 7114     2     2      0 11744    2e-10        -
3006  1.4839e-07  5.5052e-11     7122  603 7122     2     2      0 11760    2e-10        -
3009   1.485e-07  2.9791e-11 out 7128  604 7128     2     2      0 11770  1.5e-11        -
3012  1.4865e-07  5.9583e-11     7134  605 7134     2     2      0 11779  5.1e-10        -
---        当前进度:  34 % - 正在组装残差
3017  1.4894e-07  5.6356e-11     7145  605 7145     2     2      0 11797  1.6e-10        -
3020  1.4911e-07  5.6356e-11     7154  605 7154     2     2      0 11815  1.6e-10        -
3023  1.4928e-07  5.6356e-11     7163  605 7163     2     2      0 11833  1.6e-10        -
3025  1.4939e-07  5.6356e-11     7169  605 7169     2     2      0 11845  1.6e-10        -
3026  1.4945e-07  5.2752e-11     7175  606 7175     2     2      0 11856  2.1e-10        -
3029  1.4961e-07  5.2752e-11     7181  607 7181     2     2      0 11865  1.9e-10        -
3034  1.4987e-07  5.2752e-11     7191  607 7191     2     2      0 11880  2.7e-10        -
3036  1.4996e-07  3.8991e-11     7199  608 7199     2     2      0 11894  5.8e-11        -
3039  1.5008e-07  3.8991e-11     7205  609 7205     2     2      0 11903  5.7e-11        -
3044  1.5027e-07  3.8991e-11     7215  609 7215     2     2      0 11918  5.4e-11        -
3049  1.5046e-07   3.555e-11     7227  609 7227     2     2      0 11938  1.3e-11        -
3051  1.5054e-07   3.555e-11     7235  609 7235     2     2      0 11954  1.2e-11        -
3053  1.5067e-07   6.399e-11     7243  611 7243     2     2      0 11968  5.4e-10        -
3057  1.5093e-07   6.399e-11     7251  612 7251     2     2      0 11980  2.7e-10        -
3060  1.5107e-07  7.3399e-11     7257  614 7257     2     2      0 11989  6.1e-10        -
3062  1.5121e-07  6.6059e-11     7265  616 7265     2     2      0 12003  3.2e-10        -
3066  1.5145e-07  4.8153e-11     7277  617 7277     2     2      0 12023  5.2e-11        -
3069   1.516e-07  4.8153e-11     7283  618 7283     2     2      0 12032  4.6e-11        -
3074  1.5184e-07  4.8153e-11     7293  618 7293     2     2      0 12047  3.5e-11        -
3077  1.5197e-07  3.3313e-11     7303  619 7303     2     2      0 12064  4.7e-12        -
3080  1.5213e-07  6.6627e-11     7309  621 7309     2     2      0 12073  6.8e-11        -
3085  1.5245e-07  5.0119e-11     7323  622 7323     2     2      0 12096    2e-11        -
3089  1.5265e-07  5.0119e-11     7331  623 7331     2     2      0 12108  1.6e-11        -
3094   1.529e-07  5.0119e-11     7341  623 7341     2     2      0 12123  1.7e-11        -
3099  1.5315e-07  4.9523e-11     7351  623 7351     2     2      0 12143  3.8e-11        -
3103  1.5335e-07  4.9523e-11     7359  623 7359     2     2      0 12159  4.2e-11        -
3106  1.5347e-07  2.7148e-11     7365  624 7365     2     2      0 12170  1.8e-12        -
3110  1.5366e-07  5.4296e-11     7373  625 7373     2     2      0 12182  6.6e-11        -
3114  1.5388e-07  5.4296e-11     7381  625 7381     2     2      0 12194    8e-11        -
3117    1.54e-07  3.2816e-11 out 7387  626 7387     2     2      0 12203  7.4e-12        -
3119  1.5412e-07  5.9068e-11     7395  628 7395     2     2      0 12217  1.5e-10        -
3123  1.5436e-07  5.9068e-11     7403  629 7403     2     2      0 12229  1.9e-10        -
3125  1.5446e-07   3.998e-11     7411  630 7411     2     2      0 12243  2.9e-11        -
3128  1.5458e-07   3.998e-11     7417  631 7417     2     2      0 12252  3.8e-11        -
3133  1.5478e-07   3.998e-11     7427  631 7427     2     2      0 12267  3.9e-11        -
3138  1.5497e-07  3.0112e-11     7441  632 7441     2     2      0 12290  1.4e-11        -
3140  1.5506e-07  6.0224e-11     7445  634 7445     2     2      0 12296  4.5e-10        -
3144   1.553e-07  6.0224e-11     7453  634 7453     2     2      0 12308    5e-10        -
3148   1.555e-07  3.9215e-11 out 7461  635 7461     2     2      0 12320  6.3e-11        -
3152  1.5566e-07  3.9215e-11     7469  635 7469     2     2      0 12332  6.6e-11        -
3157  1.5585e-07  3.9215e-11     7479  635 7479     2     2      0 12347    6e-11        -
3160  1.5597e-07   3.432e-11     7489  636 7489     2     2      0 12364  3.2e-11        -
---        当前进度:  36 % - 正在组装残差
3163  1.5607e-07   3.432e-11     7495  637 7495     2     2      0 12373  3.2e-11        -
3168  1.5624e-07   3.432e-11     7505  637 7505     2     2      0 12388  3.2e-11        -
3172  1.5638e-07   3.432e-11     7513  637 7513     2     2      0 12400    3e-11        -
3175   1.565e-07  5.3845e-11 out 7519  638 7519     2     2      0 12409  2.8e-10        -
3180  1.5677e-07  5.3845e-11     7529  638 7529     2     2      0 12424  2.4e-10        -
3184  1.5697e-07  3.4621e-11     7537  639 7537     2     2      0 12436  2.3e-11        -
3187   1.571e-07  6.9243e-11     7543  640 7543     2     2      0 12445  7.2e-10        -
3191  1.5738e-07  6.9243e-11     7551  640 7551     2     2      0 12457    1e-09        -
3192  1.5744e-07  5.9583e-11     7557  641 7557     2     2      0 12468  4.7e-10        -
3196  1.5768e-07  5.9583e-11     7565  642 7565     2     2      0 12480  4.5e-10        -
3200  1.5792e-07  5.9583e-11     7573  642 7573     2     2      0 12492  3.8e-10        -
3201  1.5796e-07  4.1459e-11     7579  643 7579     2     2      0 12503  6.2e-11        -
3205  1.5812e-07  4.1459e-11     7587  644 7587     2     2      0 12515  6.1e-11        -
3209  1.5829e-07  4.1459e-11     7595  644 7595     2     2      0 12527    4e-11        -
3213  1.5846e-07  4.1459e-11     7603  644 7603     2     2      0 12539  3.5e-11        -
3216  1.5854e-07   4.395e-11     7609  646 7609     2     2      0 12548  4.3e-11        -
3221  1.5876e-07   4.395e-11     7619  646 7619     2     2      0 12563  3.5e-11        -
3226  1.5897e-07  3.0251e-11     7633  647 7633     2     2      0 12586  4.5e-12        -
3228  1.5906e-07  6.0502e-11     7637  649 7637     2     2      0 12592  1.9e-10        -
3232   1.593e-07  6.0502e-11     7645  649 7645     2     2      0 12604    1e-10        -
3235  1.5946e-07  3.8244e-11     7651  650 7651     2     2      0 12613  8.2e-12        -
3238  1.5961e-07  7.6488e-11     7657  651 7657     2     2      0 12622  2.3e-10        -
3242  1.5992e-07  7.6488e-11     7665  651 7665     2     2      0 12634  1.4e-10        -
3245  1.6004e-07  3.9659e-11     7671  652 7671     2     2      0 12643  4.9e-12        -
3247  1.6019e-07  7.1386e-11     7679  654 7679     2     2      0 12657  1.1e-10        -
3250   1.604e-07  7.1386e-11     7685  655 7685     2     2      0 12666  2.1e-10        -
3252   1.605e-07   4.774e-11 out 7693  657 7693     2     2      0 12680  1.7e-11        -
3255  1.6064e-07   4.774e-11     7699  657 7699     2     2      0 12689  2.1e-11        -
3259  1.6083e-07   4.774e-11     7707  657 7707     2     2      0 12701  3.1e-11        -
3262  1.6096e-07  3.5172e-11     7717  658 7717     2     2      0 12718  6.7e-12        -
3264  1.6104e-07  3.5172e-11     7721  659 7721     2     2      0 12724  1.6e-11        -
3267  1.6114e-07  3.5172e-11     7727  659 7727     2     2      0 12733  1.7e-11        -
3271  1.6128e-07  3.5172e-11     7735  659 7735     2     2      0 12745  1.8e-11        -
3275  1.6142e-07  3.5172e-11     7743  659 7743     2     2      0 12757  1.8e-11        -
3278   1.615e-07  2.1384e-11 out 7749  660 7749     2     2      0 12766  1.5e-12        -
3281  1.6163e-07  4.2768e-11     7755  661 7755     2     2      0 12775    5e-11        -
3285   1.618e-07  4.2768e-11     7763  661 7763     2     2      0 12787  3.9e-11        -
3289  1.6196e-07   3.616e-11     7775  662 7775     2     2      0 12807  2.3e-11        -
3292  1.6207e-07   3.616e-11     7781  663 7781     2     2      0 12816    3e-11        -
3296  1.6225e-07   7.232e-11     7789  664 7789     2     2      0 12828    1e-09        -
3299  1.6245e-07  5.1121e-11     7799  665 7799     2     2      0 12845    2e-10        -
3302   1.626e-07  5.1121e-11     7805  666 7805     2     2      0 12854  2.1e-10        -
3307  1.6286e-07  5.1121e-11     7815  666 7815     2     2      0 12869  2.3e-10        -
3309  1.6295e-07  4.5515e-11     7823  667 7823     2     2      0 12883  1.4e-10        -
---        当前进度:  37 % - 正在组装残差
3313  1.6314e-07  4.5515e-11     7831  668 7831     2     2      0 12895  1.5e-10        -
3317  1.6332e-07  4.5515e-11     7839  668 7839     2     2      0 12907  1.3e-10        -
3321   1.635e-07  4.5183e-11 out 7847  668 7847     2     2      0 12921  6.3e-11        -
3326  1.6373e-07  4.5183e-11     7857  668 7857     2     2      0 12941  6.3e-11        -
3331  1.6395e-07  4.5183e-11     7867  668 7867     2     2      0 12961  6.1e-11        -
3334  1.6405e-07  4.8174e-11     7873  670 7873     2     2      0 12970  1.5e-10        -
3339  1.6429e-07  4.8174e-11     7883  670 7883     2     2      0 12985  1.3e-10        -
3343  1.6447e-07  3.3218e-11     7895  671 7895     2     2      0 13005  1.8e-11        -
3346  1.6463e-07  6.6436e-11     7901  673 7901     2     2      0 13014  8.5e-10        -
3350   1.649e-07  6.6436e-11     7909  673 7909     2     2      0 13026    8e-10        -
3351  1.6495e-07  5.0691e-11     7915  674 7915     2     2      0 13037  2.1e-10        -
3354   1.651e-07  5.0691e-11     7921  675 7921     2     2      0 13046    2e-10        -
3359  1.6535e-07  5.0691e-11     7931  675 7931     2     2      0 13061  1.7e-10        -
3362   1.655e-07  4.7238e-11 out 7939  675 7939     2     2      0 13076  9.8e-11        -
3365  1.6564e-07  4.7238e-11     7948  675 7948     2     2      0 13094  8.9e-11        -
3368  1.6578e-07  4.7238e-11     7957  675 7957     2     2      0 13112  8.1e-11        -
3371  1.6593e-07  4.7238e-11     7966  675 7966     2     2      0 13130  7.4e-11        -
3372  1.6596e-07  3.7429e-11     7972  676 7972     2     2      0 13141  2.2e-11        -
3374  1.6607e-07  7.4858e-11     7976  678 7976     2     2      0 13147  6.5e-10        -
3375  1.6614e-07  6.7372e-11     7982  679 7982     2     2      0 13158  3.5e-10        -
3378  1.6634e-07  6.7372e-11     7988  680 7988     2     2      0 13167  2.5e-10        -
3381   1.665e-07   4.414e-11 out 7994  681 7994     2     2      0 13176  3.8e-11        -
3384  1.6668e-07   8.828e-11     8000  682 8000     2     2      0 13185  5.6e-10        -
3385  1.6675e-07  7.4271e-11     8006  683 8006     2     2      0 13196  2.9e-10        -
3387  1.6689e-07  6.6844e-11     8014  685 8014     2     2      0 13210  1.2e-10        -
3390  1.6705e-07  5.4026e-11     8020  686 8020     2     2      0 13219  3.9e-11        -
3394  1.6727e-07  5.4026e-11     8028  686 8028     2     2      0 13231  2.2e-11        -
3398  1.6747e-07  3.3895e-11     8036  687 8036     2     2      0 13243  2.4e-12        -
3401  1.6764e-07  6.7789e-11     8042  688 8042     2     2      0 13252  1.5e-10        -
3405   1.679e-07   6.101e-11     8054  689 8054     2     2      0 13272  4.9e-11        -
3408  1.6805e-07  5.0022e-11     8060  690 8060     2     2      0 13281  2.8e-11        -
3413   1.683e-07  5.0022e-11     8070  690 8070     2     2      0 13296  7.1e-11        -
3417   1.685e-07  4.9914e-11 out 8078  690 8078     2     2      0 13310  8.5e-12        -
3421   1.687e-07  4.9914e-11     8086  690 8086     2     2      0 13326    1e-11        -
3426  1.6895e-07  4.9914e-11     8096  690 8096     2     2      0 13346  1.2e-11        -
3429  1.6905e-07  5.0777e-11     8102  692 8102     2     2      0 13355  1.2e-10        -
3434   1.693e-07  5.0777e-11     8112  692 8112     2     2      0 13370  1.2e-10        -
3438   1.695e-07   4.689e-11 out 8124  692 8124     2     2      0 13392  2.5e-11        -
3441  1.6964e-07   4.689e-11     8136  692 8136     2     2      0 13416  2.7e-11        -
3444  1.6978e-07   4.689e-11     8148  692 8148     2     2      0 13440  2.8e-11        -
3447  1.6992e-07   4.689e-11     8160  692 8160     2     2      0 13464    3e-11        -
3449     1.7e-07  3.8994e-11 out 8168  694 8168     2     2      0 13478  5.6e-11        -
---        当前进度:  38 % - 正在组装残差
3454  1.7019e-07  3.8994e-11     8178  694 8178     2     2      0 13493  5.8e-11        -
3457  1.7033e-07  6.1349e-11     8186  696 8186     2     3      0 13505  6.1e-10        -
3458  1.7039e-07  5.5214e-11     8192  697 8192     2     3      0 13516  3.6e-10        -
3460  1.7047e-07  2.7633e-11     8196  699 8196     2     3      0 13522  1.2e-11        -
3463  1.7058e-07  5.5266e-11     8202  700 8202     2     3      0 13531    4e-10        -
3467   1.708e-07  5.5266e-11     8210  700 8210     2     3      0 13543  3.4e-10        -
3470  1.7096e-07  4.2752e-11     8220  701 8220     2     3      0 13560  9.6e-11        -
3473   1.711e-07  5.9292e-11     8228  704 8228     2     4      0 13572  4.8e-10        -
3475  1.7121e-07  5.3363e-11     8236  706 8236     2     4      0 13586  2.8e-10        -
3479  1.7142e-07  5.3363e-11     8244  706 8244     2     4      0 13598  2.5e-10        -
3480  1.7146e-07  3.8888e-11     8250  707 8250     2     4      0 13609  4.9e-11        -
3483  1.7162e-07  7.7776e-11     8256  709 8256     2     4      0 13618  1.5e-09        -
3484  1.7168e-07  6.2893e-11     8262  710 8262     2     4      0 13629  4.9e-10        -
3487  1.7187e-07  6.2893e-11     8268  711 8268     2     4      0 13638  5.4e-10        -
3490    1.72e-07  3.4436e-11 out 8274  712 8274     2     4      0 13647  3.1e-11        -
3492  1.7213e-07  6.1984e-11     8282  714 8282     2     4      0 13661  5.8e-10        -
3495  1.7232e-07  6.1984e-11     8288  715 8288     2     4      0 13670  5.6e-10        -
3499  1.7256e-07  6.0603e-11     8297  715 8297     2     4      0 13687  5.2e-10        -
3504  1.7286e-07  6.0603e-11     8307  715 8307     2     4      0 13707  4.5e-10        -
3507    1.73e-07  3.7888e-11 out 8313  716 8313     2     4      0 13717  3.7e-11        -
3512  1.7323e-07  7.5776e-11     8323  717 8323     2     4      0 13732  8.1e-10        -
3513   1.733e-07  6.8199e-11     8329  718 8329     2     4      0 13743  4.6e-10        -
3516   1.735e-07  6.8137e-11 out 8335  719 8335     2     4      0 13754    2e-12        -
3521  1.7384e-07  6.8137e-11     8345  719 8345     2     4      0 13774  3.6e-13        -
3523  1.7395e-07  4.5589e-11     8353  720 8353     2     4      0 13789  3.3e-11        -
3526  1.7414e-07  9.1178e-11     8359  722 8359     2     4      0 13798  8.1e-10        -
3527  1.7421e-07  7.3972e-11     8365  723 8365     2     4      0 13809  2.4e-10        -
3529  1.7435e-07  6.6574e-11     8373  725 8373     2     4      0 13823    9e-11        -
3531  1.7446e-07   4.107e-11     8377  727 8377     2     4      0 13829  7.9e-12        -
3534  1.7462e-07  8.2141e-11     8383  728 8383     2     4      0 13838  1.1e-10        -
3535   1.747e-07  7.2749e-11     8389  729 8389     2     4      0 13849  9.9e-11        -
3537  1.7483e-07  6.5474e-11     8397  731 8397     2     4      0 13863  6.8e-11        -
3539  1.7495e-07  5.0171e-11     8405  733 8405     2     4      0 13877  3.2e-11        -
3542   1.751e-07  5.0171e-11     8411  734 8411     2     4      0 13886  3.5e-11        -
3547  1.7535e-07  5.0171e-11     8421  734 8421     2     4      0 13901  2.3e-11        -
3551  1.7555e-07  4.9317e-11     8429  734 8429     2     4      0 13916  7.2e-11        -
3556   1.758e-07  4.9317e-11     8439  734 8439     2     4      0 13936  8.6e-11        -
3560  1.7597e-07  2.8074e-11     8447  735 8447     2     4      0 13951  5.7e-12        -
3563  1.7611e-07  5.6147e-11     8453  736 8453     2     4      0 13960  1.8e-10        -
3568  1.7639e-07  5.6147e-11     8463  736 8463     2     4      0 13975  1.9e-10        -
3571  1.7655e-07  5.3485e-11     8472  736 8472     2     4      0 13993  6.5e-11        -
3574  1.7671e-07  5.3485e-11     8481  736 8481     2     4      0 14011  7.1e-11        -
3577  1.7687e-07  5.3485e-11     8490  736 8490     2     4      0 14029  7.9e-11        -
3580    1.77e-07  3.6059e-11 out 8497  737 8497     2     4      0 14041  3.1e-11        -
3585  1.7718e-07  3.6059e-11     8507  737 8507     2     4      0 14056  3.4e-11        -
----       当前进度:  40 % - 正在组装残差
3589  1.7732e-07  3.6059e-11     8515  737 8515     2     4      0 14068  3.7e-11        -
3593  1.7747e-07  3.3648e-11     8524  737 8524     2     4      0 14083  3.6e-11        -
3596  1.7763e-07  6.0566e-11     8535  739 8535     2     4      0 14103  5.3e-10        -
3598  1.7774e-07   5.451e-11     8543  741 8543     2     4      0 14117  3.3e-10        -
3601  1.7791e-07   5.451e-11     8549  742 8549     2     4      0 14126  3.5e-10        -
3603    1.78e-07  4.6766e-11 out 8557  744 8557     2     4      0 14140  1.8e-10        -
3607  1.7819e-07  4.6766e-11     8565  744 8565     2     4      0 14152  1.5e-10        -
3612  1.7842e-07  4.6766e-11     8575  744 8575     2     4      0 14167  1.5e-10        -
3613  1.7846e-07  3.9553e-11     8581  745 8581     2     4      0 14178  6.4e-11        -
3615  1.7856e-07  5.8787e-11     8587  748 8587     2     5      0 14187  4.5e-10        -
3617  1.7866e-07  5.2908e-11     8595  750 8595     2     5      0 14201  2.6e-10        -
3620  1.7882e-07  5.2908e-11     8601  750 8601     2     5      0 14210  2.4e-10        -
3623  1.7896e-07  3.5428e-11     8611  751 8611     2     5      0 14227  4.1e-11        -
3625  1.7907e-07  7.0855e-11     8615  753 8615     2     5      0 14233  1.3e-09        -
3626  1.7913e-07  6.2695e-11     8621  754 8621     2     5      0 14244  6.6e-10        -
3630  1.7938e-07  6.2695e-11     8629  755 8629     2     5      0 14256  6.3e-10        -
3633  1.7956e-07  5.7835e-11     8641  755 8641     2     5      0 14280  7.7e-11        -
3636  1.7973e-07  5.7835e-11     8653  755 8653     2     5      0 14304  7.2e-11        -
3638  1.7985e-07  5.7835e-11     8661  755 8661     2     5      0 14320  6.9e-11        -
3640  1.7995e-07  4.7578e-11     8671  756 8671     2     5      0 14339  1.4e-10        -
3644  1.8014e-07  4.7578e-11     8679  757 8679     2     5      0 14351  1.2e-10        -
3649  1.8038e-07  4.7578e-11     8689  757 8689     2     5      0 14366  1.2e-10        -
3651  1.8046e-07  3.5897e-11     8697  758 8697     2     5      0 14380  2.8e-11        -
3654  1.8061e-07  7.1794e-11     8703  760 8703     2     5      0 14389  7.6e-10        -
3655  1.8067e-07  6.4615e-11     8709  761 8709     2     5      0 14400  4.3e-10        -
3659  1.8093e-07  6.4615e-11     8717  762 8717     2     5      0 14412  2.8e-10        -
3662  1.8107e-07  6.9234e-11     8723  764 8723     2     5      0 14421  4.8e-10        -
3667  1.8142e-07  6.9234e-11     8733  764 8733     2     5      0 14436  2.3e-10        -
3670  1.8158e-07  8.4596e-11     8739  766 8739     2     5      0 14445  4.5e-10        -
3672  1.8173e-07  7.3793e-11     8747  768 8747     2     5      0 14459  1.7e-10        -
3673   1.818e-07  6.6414e-11     8753  769 8753     2     5      0 14470  8.5e-11        -
3676  1.8197e-07  3.4288e-11     8759  771 8759     2     5      0 14479  1.7e-12        -
3679  1.8214e-07  6.8576e-11     8765  772 8765     2     5      0 14488  6.8e-11        -
3683  1.8241e-07  6.8576e-11     8773  772 8773     2     5      0 14500  1.6e-10        -
3686  1.8257e-07  6.8795e-11     8781  775 8781     2     6      0 14512  1.8e-10        -
3687  1.8263e-07  6.1916e-11     8787  776 8787     2     6      0 14523  5.8e-11        -
3691  1.8288e-07  6.1916e-11     8795  777 8795     2     6      0 14535    9e-11        -
3695  1.8312e-07  6.0813e-11     8803  777 8803     2     6      0 14551    2e-10        -
3700  1.8343e-07  6.0813e-11     8813  777 8813     2     6      0 14571  2.5e-10        -
3703  1.8354e-07  3.7156e-11     8819  778 8819     2     6      0 14580  2.4e-11        -
3705  1.8367e-07  6.2068e-11     8827  780 8827     2     6      0 14594  3.1e-10        -
----       当前进度:  41 % - 
3707  1.8379e-07  5.5861e-11     8835  782 8835     2     6      0 14608  2.4e-10        -
3710  1.8395e-07  4.8407e-11     8845  784 8845     2     6      0 14625  1.2e-10        -
3712  1.8405e-07  4.8407e-11     8849  785 8849     2     6      0 14631  1.3e-10        -
3716  1.8424e-07  4.8407e-11     8857  785 8857     2     6      0 14643  1.3e-10        -
3719  1.8439e-07  4.8407e-11     8863  785 8863     2     6      0 14652  1.4e-10        -
3722   1.845e-07  3.2169e-11 out 8869  786 8869     2     6      0 14661  1.9e-11        -
3725  1.8466e-07  6.4337e-11     8875  787 8875     2     6      0 14670  6.4e-10        -
3729  1.8492e-07  6.4337e-11     8883  787 8883     2     6      0 14682  6.8e-10        -
3732  1.8504e-07  4.0904e-11     8889  788 8889     2     6      0 14691  7.6e-11        -
3736   1.852e-07  4.0904e-11     8897  788 8897     2     6      0 14703  8.3e-11        -
3739  1.8535e-07  6.0763e-11     8905  790 8905     2     7      0 14715  6.5e-10        -
3740   1.854e-07  5.4687e-11     8911  791 8911     2     7      0 14726  3.9e-10        -
3743  1.8555e-07  4.9111e-11     8917  792 8917     2     7      0 14735  1.9e-10        -
3748  1.8579e-07  4.9111e-11     8927  792 8927     2     7      0 14750  1.9e-10        -
3751  1.8594e-07  4.9111e-11     8933  792 8933     2     7      0 14759  1.8e-10        -
3754  1.8603e-07  2.9001e-11     8939  793 8939     2     7      0 14768  1.3e-11        -
3758  1.8626e-07  5.8003e-11     8947  794 8947     2     7      0 14780  5.7e-10        -
3762  1.8647e-07  3.2489e-11     8955  795 8955     2     7      0 14792  2.5e-11        -
3765   1.866e-07  6.4978e-11     8961  796 8961     2     7      0 14801  7.6e-10        -
3769  1.8686e-07  6.4978e-11     8969  796 8969     2     7      0 14813  7.4e-10        -
3771  1.8696e-07   3.882e-11     8973  797 8973     2     7      0 14819  5.5e-11        -
3776  1.8716e-07   3.882e-11     8983  797 8983     2     7      0 14834  5.3e-11        -
3781  1.8735e-07   3.882e-11     8993  797 8993     2     7      0 14849  4.9e-11        -
3785   1.875e-07  3.6489e-11 out 9003  797 9003     2     7      0 14867  2.9e-11        -
3788  1.8761e-07  3.6489e-11     9012  797 9012     2     7      0 14885  2.9e-11        -
3791  1.8772e-07  3.6489e-11     9021  797 9021     2     7      0 14903  2.8e-11        -
3794  1.8783e-07  3.6489e-11     9030  797 9030     2     7      0 14921  2.6e-11        -
3798    1.88e-07  6.2135e-11 out 9041  798 9041     2     7      0 14942  3.7e-10        -
3802  1.8825e-07  6.2135e-11     9049  798 9049     2     7      0 14954  3.4e-10        -
3806  1.8847e-07  3.2529e-11     9057  799 9057     2     7      0 14966  1.1e-11        -
3810   1.887e-07  6.5058e-11     9065  800 9065     2     7      0 14978    2e-10        -
3814  1.8895e-07  5.4825e-11     9077  801 9077     2     7      0 14998  4.9e-11        -
3818  1.8916e-07  5.4825e-11     9085  802 9085     2     7      0 15010  4.7e-11        -
3822  1.8938e-07  5.4825e-11     9093  802 9093     2     7      0 15022  1.5e-11        -
3826  1.8956e-07  6.1403e-11     9101  804 9101     2     7      0 15034  5.1e-11        -
3831  1.8987e-07  6.1403e-11     9111  804 9111     2     7      0 15049  9.9e-11        -
3834     1.9e-07   3.509e-11 out 9117  805 9117     2     7      0 15058  3.3e-12        -
3837  1.9017e-07  6.3162e-11     9127  807 9127     2     7      0 15075  1.1e-10        -
3840  1.9036e-07  6.3162e-11     9133  808 9133     2     7      0 15084  2.2e-10        -
3844  1.9058e-07  7.8918e-11     9141  810 9141     2     7      0 15096  7.5e-10        -
----       当前进度:  42 % - 组装矩阵
3846  1.9071e-07  6.3705e-11     9149  812 9149     2     7      0 15110  2.9e-10        -
3847  1.9076e-07  5.7334e-11     9155  813 9155     2     7      0 15121  1.8e-10        -
3849  1.9088e-07  5.7334e-11     9159  814 9159     2     7      0 15127    2e-10        -
3853  1.9103e-07  3.2168e-11     9167  815 9167     2     7      0 15139  1.5e-11        -
3855  1.9115e-07  5.7902e-11     9175  817 9175     2     7      0 15153  2.9e-10        -
3858  1.9133e-07  5.7902e-11     9181  818 9181     2     7      0 15162    3e-10        -
3863  1.9161e-07  5.6993e-11     9191  818 9191     2     7      0 15181  2.9e-10        -
3868   1.919e-07  5.6993e-11     9201  818 9201     2     7      0 15201  3.3e-10        -
3870    1.92e-07  5.0526e-11 out 9209  820 9209     2     7      0 15215  1.8e-10        -
3874   1.922e-07  5.0526e-11     9217  820 9217     2     7      0 15227  1.9e-10        -
3879  1.9245e-07  4.7898e-11     9228  820 9228     2     7      0 15245  9.1e-11        -
3883  1.9264e-07  4.7898e-11     9240  820 9240     2     7      0 15269  9.6e-11        -
3887  1.9284e-07  4.7898e-11     9252  820 9252     2     7      0 15293  9.9e-11        -
3890  1.9297e-07  3.4461e-11     9264  821 9264     2     7      0 15316  3.2e-11        -
3893   1.931e-07  6.8922e-11     9270  823 9270     2     7      0 15325    1e-09        -
3895  1.9323e-07   6.105e-11     9278  825 9278     2     7      0 15339  5.5e-10        -
3897  1.9334e-07  5.4945e-11     9286  827 9286     2     7      0 15353  3.2e-10        -
3902  1.9361e-07   5.484e-11     9296  827 9296     2     7      0 15372  3.8e-11        -
3907  1.9388e-07   5.484e-11     9306  827 9306     2     7      0 15392  3.6e-11        -
3911  1.9406e-07  6.1278e-11     9314  829 9314     2     7      0 15405  5.4e-10        -
3916  1.9437e-07  6.1278e-11     9324  829 9324     2     7      0 15420  5.2e-10        -
3920  1.9457e-07  7.1056e-11     9332  831 9332     2     7      0 15432    1e-09        -
3923  1.9478e-07   6.395e-11     9342  832 9342     2     7      0 15449  7.9e-10        -
3926  1.9495e-07  4.7491e-11     9352  834 9352     2     7      0 15466  1.3e-10        -
3930  1.9514e-07  4.7491e-11     9360  835 9360     2     7      0 15478  1.8e-10        -
3935  1.9538e-07  4.7491e-11     9370  835 9370     2     7      0 15493  9.5e-11        -
3937  1.9546e-07   3.629e-11     9378  836 9378     2     7      0 15507  2.4e-11        -
3940  1.9561e-07   7.258e-11     9384  838 9384     2     7      0 15516  7.5e-10        -
3942  1.9574e-07  6.5322e-11     9392  840 9392     2     7      0 15530    4e-10        -
3947  1.9606e-07   6.492e-11     9402  840 9402     2     7      0 15548  8.1e-11        -
3952  1.9639e-07   6.492e-11     9412  840 9412     2     7      0 15568  6.4e-11        -
3954   1.965e-07   5.524e-11 out 9420  842 9420     2     7      0 15582    7e-11        -
3959  1.9678e-07   5.524e-11     9430  842 9430     2     7      0 15597  3.7e-11        -
3963  1.9697e-07  2.9038e-11     9438  843 9438     2     7      0 15609  1.2e-12        -
3967  1.9717e-07  5.8077e-11     9446  844 9446     2     7      0 15621  3.5e-11        -
3972  1.9745e-07  4.6732e-11     9460  845 9460     2     7      0 15644  2.1e-11        -
3976  1.9764e-07  4.6732e-11     9468  846 9468     2     7      0 15656  3.2e-11        -
3980  1.9783e-07  4.6732e-11     9476  846 9476     2     7      0 15668  5.4e-11        -
3983  1.9796e-07  3.9708e-11     9486  847 9486     2     7      0 15685    2e-11        -
3984    1.98e-07  3.9708e-11 out 9488  848 9488     2     7      0 15688  2.5e-11        -
3986  1.9808e-07  3.9708e-11     9492  848 9492     2     7      0 15694  2.7e-11        -
3988  1.9816e-07  3.9708e-11     9496  848 9496     2     7      0 15700  2.9e-11        -
3991  1.9828e-07  3.9708e-11     9502  848 9502     2     7      0 15709  3.3e-11        -
----       当前进度:  44 % - 
Memory: 1017/1051 1025/1062
3993  1.9836e-07  3.9708e-11     9506  848 9506     2     7      0 15715  4.3e-11        -
3996  1.9847e-07  3.1606e-11     9516  849 9516     2     7      0 15732  1.4e-11        -
3998  1.9856e-07  6.3212e-11     9520  851 9520     2     7      0 15738  4.4e-10        -
4002  1.9882e-07  6.3212e-11     9528  851 9528     2     7      0 15750  4.7e-10        -
4004  1.9894e-07  6.0364e-11     9533  851 9533     2     7      0 15759  1.2e-10        -
4007  1.9912e-07  6.0364e-11     9542  851 9542     2     7      0 15777  1.3e-10        -
4010   1.993e-07  6.0364e-11     9551  851 9551     2     7      0 15795  1.4e-10        -
4013  1.9946e-07  3.8725e-11     9559  852 9559     2     7      0 15810  5.5e-11        -
4017  1.9962e-07  3.8725e-11     9567  852 9567     2     7      0 15822  5.4e-11        -
4020   1.998e-07  6.6967e-11     9577  854 9577     2     7      0 15839  8.6e-10        -
4022  1.9993e-07   6.027e-11     9585  856 9585     2     7      0 15853  5.5e-10        -
4025  2.0007e-07  7.3444e-11     9591  858 9591     2     7      0 15862  1.6e-09        -
4026  2.0014e-07  6.2133e-11     9597  859 9597     2     7      0 15873  6.8e-10        -
4028  2.0025e-07   5.592e-11     9605  861 9605     2     7      0 15887  4.5e-10        -
4031  2.0042e-07   5.592e-11     9611  862 9611     2     7      0 15896  3.6e-10        -
4033   2.005e-07  3.9306e-11 out 9619  864 9619     2     7      0 15910  6.1e-11        -
4037  2.0066e-07  3.9306e-11     9627  864 9627     2     7      0 15922    6e-11        -
4041  2.0084e-07  6.2381e-11     9637  866 9637     2     8      0 15937    8e-10        -
4042  2.0089e-07  5.6143e-11     9643  867 9643     2     8      0 15948  4.8e-10        -
4045  2.0105e-07  5.3165e-11     9649  868 9649     2     8      0 15957  3.6e-10        -
4050  2.0132e-07  5.3165e-11     9659  868 9659     2     8      0 15972  3.7e-10        -
4053  2.0146e-07  3.7339e-11     9669  869 9669     2     8      0 15989  5.1e-11        -
4056  2.0164e-07   6.721e-11     9679  872 9679     2     8      0 16006  8.4e-10        -
4058  2.0178e-07   6.721e-11     9683  873 9683     2     8      0 16012  8.2e-10        -
4062    2.02e-07  4.4637e-11 out 9691  874 9691     2     8      0 16024  1.4e-10        -
4066  2.0218e-07  4.4637e-11     9699  874 9699     2     8      0 16036  1.3e-10        -
4071   2.024e-07  4.4637e-11     9709  874 9709     2     8      0 16051  1.3e-10        -
4075  2.0255e-07  5.3631e-11     9717  876 9717     2     8      0 16063  3.3e-10        -
4080  2.0282e-07  5.3631e-11     9727  876 9727     2     8      0 16078  1.7e-10        -
4084    2.03e-07  3.5476e-11 out 9735  877 9735     2     8      0 16090  2.1e-11        -
4088  2.0325e-07  7.0953e-11     9743  878 9743     2     8      0 16102  5.3e-10        -
4091  2.0345e-07  5.4879e-11     9753  879 9753     2     8      0 16119    1e-10        -
4095  2.0366e-07  5.4879e-11     9761  880 9761     2     8      0 16131  5.5e-11        -
4100  2.0394e-07  5.4879e-11     9771  880 9771     2     8      0 16146    7e-11        -
4103  2.0406e-07  6.0965e-11     9777  882 9777     2     8      0 16155  1.1e-10        -
4108  2.0437e-07  6.0965e-11     9787  882 9787     2     8      0 16170  2.9e-11        -
4112  2.0457e-07  7.3246e-11     9795  884 9795     2     8      0 16182  1.6e-10        -
4114  2.0471e-07  6.5921e-11     9803  886 9803     2     8      0 16196  1.6e-10        -
4118  2.0495e-07  4.8574e-11     9815  887 9815     2     8      0 16216  3.2e-11        -
----       当前进度:  45 % - 正在组装残差
Memory: 1018/1051 1026/1062
4121   2.051e-07  4.8574e-11     9821  888 9821     2     8      0 16225  8.2e-11        -
4126  2.0534e-07  4.8574e-11     9831  888 9831     2     8      0 16240  5.4e-11        -
4130   2.055e-07  3.1416e-11 out 9839  889 9839     2     8      0 16252  7.7e-12        -
4134  2.0572e-07  6.2832e-11     9847  890 9847     2     8      0 16264  4.1e-10        -
4138  2.0595e-07  4.5796e-11     9859  891 9859     2     8      0 16284  9.3e-11        -
4142  2.0614e-07  4.5796e-11     9867  892 9867     2     8      0 16296  9.6e-11        -
4147  2.0637e-07  4.5796e-11     9877  892 9877     2     8      0 16311    1e-10        -
4150   2.065e-07  4.3917e-11 out 9885  892 9885     2     8      0 16326  3.2e-11        -
4152  2.0659e-07  4.3917e-11     9891  892 9891     2     8      0 16338  3.3e-11        -
4155  2.0672e-07  4.3917e-11     9900  892 9900     2     8      0 16356  3.5e-11        -
4158  2.0685e-07  4.3917e-11     9909  892 9909     2     8      0 16374  3.7e-11        -
4161  2.0697e-07  3.0413e-11     9917  893 9917     2     8      0 16389  1.6e-11        -
4164  2.0712e-07  6.0826e-11     9923  894 9923     2     8      0 16398  5.2e-10        -
4167   2.073e-07  6.0826e-11     9929  894 9929     2     8      0 16407  5.7e-10        -
4170  2.0746e-07  3.7108e-11     9935  895 9935     2     8      0 16416  5.3e-11        -
4173  2.0761e-07  7.4217e-11     9941  896 9941     2     8      0 16425  1.7e-09        -
4174  2.0767e-07  6.1377e-11     9947  897 9947     2     8      0 16436  7.2e-10        -
4176  2.0779e-07  5.5239e-11     9955  899 9955     2     8      0 16450  4.4e-10        -
4179  2.0795e-07  5.0102e-11     9965  901 9965     2     8      0 16467    2e-10        -
4182   2.081e-07  5.0102e-11     9971  902 9971     2     8      0 16476  2.7e-10        -
4187  2.0835e-07  5.0102e-11     9981  902 9981     2     8      0 16491  3.3e-10        -
4191  2.0855e-07  4.9591e-11     9989  902 9989     2     8      0 16506  1.6e-10        -
4194   2.087e-07  4.9591e-11     9995  902 9995     2     8      0 16518  1.6e-10        -
4199  2.0895e-07  4.9591e-11     10005  902 10005     2     8      0 16538  1.6e-10        -
4202  2.0905e-07  5.3677e-11     10011  904 10011     2     8      0 16547  2.7e-10        -
4206  2.0927e-07  5.3677e-11     10019  904 10019     2     8      0 16559  3.6e-10        -
4210  2.0946e-07  3.5291e-11     10027  905 10027     2     8      0 16571  4.1e-11        -
4214  2.0971e-07  7.0582e-11     10035  906 10035     2     8      0 16583  1.3e-09        -
4217  2.0992e-07  7.0582e-11     10041  906 10041     2     8      0 16592  1.3e-09        -
4219     2.1e-07  3.8253e-11 out 10045  907 10045     2     8      0 16598  4.5e-11        -
4221  2.1008e-07  3.8253e-11     10049  907 10049     2     8      0 16604  4.3e-11        -
4224  2.1019e-07  3.8253e-11     10055  907 10055     2     8      0 16613    4e-11        -
4227  2.1037e-07  6.8855e-11     10065  909 10065     2     8      0 16630  6.7e-10        -
4230  2.1056e-07  6.2562e-11     10071  910 10071     2     8      0 16639    3e-10        -
4235  2.1088e-07  6.2562e-11     10081  910 10081     2     8      0 16654  1.8e-10        -
4240  2.1119e-07  6.2315e-11     10091  910 10091     2     8      0 16674  3.6e-11        -
4244  2.1144e-07  6.2315e-11     10099  910 10099     2     8      0 16690  3.3e-11        -
4247  2.1156e-07  6.3792e-11     10105  912 10105     2     8      0 16699  5.6e-11        -
4252  2.1188e-07  6.3792e-11     10115  912 10115     2     8      0 16714  1.3e-10        -
4255  2.1206e-07  5.8624e-11     10127  912 10127     2     8      0 16738  3.6e-11        -
4257  2.1218e-07  5.8624e-11     10135  912 10135     2     8      0 16754  3.8e-11        -
4260  2.1235e-07  5.8624e-11     10147  912 10147     2     8      0 16778  4.2e-11        -
----       当前进度:  46 % - 正在组装残差
4262  2.1246e-07  4.4817e-11     10157  913 10157     2     8      0 16797  3.7e-11        -
4266  2.1263e-07  4.4817e-11     10165  914 10165     2     8      0 16809  4.7e-11        -
4270  2.1281e-07  4.4817e-11     10173  914 10173     2     8      0 16821    3e-11        -
4274  2.1297e-07  2.5917e-11     10181  915 10181     2     8      0 16833  4.5e-12        -
4277   2.131e-07  5.1835e-11     10187  916 10187     2     8      0 16842    2e-10        -
4282  2.1336e-07  5.1835e-11     10197  916 10197     2     8      0 16857  1.7e-10        -
4284  2.1346e-07  4.2661e-11     10205  917 10205     2     8      0 16871  6.7e-11        -
4287  2.1359e-07  4.2661e-11     10211  918 10211     2     8      0 16880  6.8e-11        -
4292   2.138e-07  4.2661e-11     10221  918 10221     2     8      0 16895  6.8e-11        -
4296  2.1396e-07  3.6696e-11     10233  919 10233     2     8      0 16915  3.5e-11        -
4300  2.1411e-07  3.6696e-11     10241  920 10241     2     8      0 16927  3.7e-11        -
4303  2.1426e-07  7.3392e-11     10247  921 10247     2     8      0 16936  1.3e-09        -
4304  2.1432e-07  6.6053e-11     10253  922 10253     2     8      0 16947  7.7e-10        -
4306  2.1444e-07  5.5511e-11     10261  924 10261     2     8      0 16961  3.2e-10        -
4309  2.1461e-07  5.5511e-11     10267  925 10267     2     8      0 16970  3.3e-10        -
4313  2.1483e-07  5.5511e-11     10275  925 10275     2     8      0 16982  3.9e-10        -
4317    2.15e-07  2.7957e-11 out 10283  926 10283     2     8      0 16994  1.3e-11        -
4320  2.1514e-07  5.5915e-11     10289  927 10289     2     8      0 17003  4.6e-10        -
4324  2.1536e-07  5.5915e-11     10297  927 10297     2     8      0 17015  6.2e-10        -
4326  2.1546e-07   4.032e-11     10305  928 10305     2     8      0 17029  1.2e-10        -
4330  2.1562e-07   4.032e-11     10313  929 10313     2     8      0 17041  1.1e-10        -
4334  2.1578e-07   4.032e-11     10321  929 10321     2     8      0 17053  1.1e-10        -
4339  2.1597e-07  2.8242e-11     10335  930 10335     2     8      0 17076  1.6e-11        -
4341  2.1606e-07  5.6484e-11     10339  932 10339     2     8      0 17082  5.1e-10        -
4346  2.1634e-07  5.6484e-11     10349  932 10349     2     8      0 17097  4.4e-10        -
4349   2.165e-07  5.2306e-11 out 10359  932 10359     2     8      0 17116  5.7e-11        -
4352  2.1666e-07  5.2306e-11     10371  932 10371     2     8      0 17140  5.4e-11        -
4355  2.1681e-07  5.2306e-11     10383  932 10383     2     8      0 17164  5.2e-11        -
4358  2.1696e-07  4.0777e-11     10397  933 10397     2     8      0 17191  8.8e-11        -
4362  2.1712e-07  4.0777e-11     10405  934 10405     2     8      0 17203  8.1e-11        -
4367  2.1733e-07  4.0777e-11     10415  934 10415     2     8      0 17218  8.2e-11        -
4371  2.1747e-07  2.5725e-11     10423  935 10423     2     8      0 17230  5.9e-12        -
4375  2.1765e-07   5.145e-11     10431  936 10431     2     8      0 17242  1.7e-10        -
4379  2.1786e-07   5.145e-11     10439  936 10439     2     8      0 17254  1.4e-10        -
4381  2.1796e-07  4.4198e-11     10447  937 10447     2     8      0 17268  6.2e-11        -
4385  2.1813e-07  4.4198e-11     10455  938 10455     2     8      0 17280  3.3e-11        -
4389  2.1838e-07  7.5093e-11     10467  940 10467     2     8      0 17300  5.1e-10        -
4392  2.1856e-07  5.7759e-11     10473  941 10473     2     8      0 17309  7.1e-11        -
4396  2.1879e-07  5.7759e-11     10481  941 10481     2     8      0 17321  5.4e-11        -
4399  2.1895e-07  4.7842e-11     10491  942 10491     2     8      0 17338  1.7e-11        -
4401  2.1905e-07  4.7842e-11     10495  943 10495     2     8      0 17344  1.8e-11        -
4403  2.1914e-07  4.7842e-11     10499  943 10499     2     8      0 17350  1.3e-11        -
4408  2.1938e-07  4.7842e-11     10509  943 10509     2     8      0 17365  3.2e-11        -
----       当前进度:  48 % - 正在组装残差
4410  2.1947e-07  3.4711e-11     10517  944 10517     2     8      0 17379    7e-12        -
4413  2.1964e-07  6.9422e-11     10523  946 10523     2     8      0 17388  2.4e-10        -
4415  2.1977e-07   6.248e-11     10531  947 10531     2     8      0 17402  1.6e-10        -
4417   2.199e-07   6.248e-11     10535  948 10535     2     8      0 17408  2.1e-10        -
4419     2.2e-07  5.2148e-11 out 10543  950 10543     2     8      0 17422    1e-10        -
4422  2.2016e-07  5.2148e-11     10549  950 10549     2     8      0 17431  5.9e-11        -
4426  2.2037e-07  5.2148e-11     10557  950 10557     2     8      0 17443    2e-10        -
4428  2.2046e-07  4.1408e-11     10565  951 10565     2     8      0 17457  6.6e-11        -
4431  2.2058e-07  4.1408e-11     10571  952 10571     2     8      0 17466  6.5e-11        -
4435  2.2075e-07  4.1408e-11     10579  952 10579     2     8      0 17478  7.8e-11        -
4440  2.2096e-07  4.1408e-11     10589  952 10589     2     8      0 17493  5.8e-11        -
4443  2.2104e-07  4.4511e-11     10595  954 10595     2     8      0 17502    8e-11        -
4448  2.2127e-07  4.4511e-11     10605  954 10605     2     8      0 17517  8.8e-11        -
4453  2.2147e-07  2.7446e-11     10615  955 10615     2     8      0 17532  8.5e-12        -
4457  2.2166e-07  5.4892e-11     10623  956 10623     2     8      0 17544  3.1e-10        -
4462  2.2194e-07  5.4892e-11     10633  956 10633     2     8      0 17559  3.1e-10        -
4465  2.2206e-07   6.086e-11     10639  958 10639     2     8      0 17568  5.3e-10        -
4470  2.2237e-07   6.086e-11     10649  958 10649     2     8      0 17583  7.6e-10        -
4474  2.2254e-07   3.699e-11     10657  959 10657     2     8      0 17595  8.5e-11        -
4476  2.2267e-07  6.1048e-11     10665  961 10665     2     8      0 17609  1.1e-09        -
4478  2.2279e-07  5.4944e-11     10673  963 10673     2     8      0 17623  5.6e-10        -
4481  2.2295e-07  5.1052e-11     10681  964 10681     2     8      0 17637  5.4e-11        -
4484   2.231e-07  5.1052e-11     10693  964 10693     2     8      0 17661  5.4e-11        -
4487  2.2326e-07  5.1052e-11     10705  964 10705     2     8      0 17685  5.3e-11        -
4490  2.2341e-07  5.1052e-11     10717  964 10717     2     8      0 17709  5.2e-11        -
4492   2.235e-07  4.5794e-11 out 10725  966 10725     2     8      0 17723  1.7e-10        -
4497  2.2373e-07  4.5794e-11     10735  966 10735     2     8      0 17738  1.5e-10        -
4502  2.2396e-07  4.3929e-11     10746  966 10746     2     8      0 17756  4.2e-11        -
4506  2.2413e-07  4.3929e-11     10758  966 10758     2     8      0 17780    4e-11        -
4510  2.2431e-07  4.3929e-11     10770  966 10770     2     8      0 17804  3.7e-11        -
4513  2.2444e-07  4.3929e-11     10779  966 10779     2     8      0 17822  3.5e-11        -
4516  2.2456e-07  6.0711e-11     10785  968 10785     2     8      0 17831  5.9e-10        -
4521  2.2486e-07  6.0711e-11     10795  968 10795     2     8      0 17846  4.2e-10        -
4524    2.25e-07   3.751e-11 out 10801  969 10801     2     8      0 17855  3.5e-11        -
4527  2.2518e-07  6.7518e-11     10811  971 10811     2     8      0 17872  5.9e-10        -
4531  2.2544e-07    5.87e-11     10823  973 10823     2     8      0 17892  2.1e-10        -
4535  2.2568e-07    5.87e-11     10831  974 10831     2     8      0 17904  1.4e-10        -
4540  2.2596e-07  4.4551e-11     10845  975 10845     2     8      0 17927  2.8e-11        -
4543  2.2617e-07  7.6299e-11     10855  978 10855     2     8      0 17944    3e-10        -
4545  2.2631e-07  6.8669e-11     10863  980 10863     2     8      0 17958  8.4e-11        -
4547  2.2644e-07  6.0481e-11     10871  982 10871     2     8      0 17972  6.4e-11        -
----       当前进度:  49 % - 正在组装残差
4551  2.2668e-07  6.0481e-11     10879  983 10879     2     8      0 17984  5.3e-11        -
4556  2.2696e-07  3.8315e-11     10889  984 10889     2     8      0 17999  1.1e-11        -
4559  2.2715e-07  6.8968e-11     10899  986 10899     2     8      0 18016  2.6e-10        -
4561  2.2728e-07  6.2071e-11     10907  988 10907     2     8      0 18030    2e-10        -
4564  2.2745e-07  4.9611e-11     10917  990 10917     2     8      0 18047  3.8e-11        -
4568  2.2765e-07  4.9611e-11     10925  991 10925     2     8      0 18059    1e-10        -
4572  2.2785e-07  4.9611e-11     10933  991 10933     2     8      0 18071  1.6e-10        -
4576    2.28e-07  2.6751e-11 out 10941  992 10941     2     8      0 18083  7.4e-12        -
4579  2.2816e-07  5.3501e-11     10947  993 10947     2     8      0 18092  2.8e-10        -
4584  2.2843e-07  5.3501e-11     10957  993 10957     2     8      0 18107  2.7e-10        -
4585  2.2846e-07  3.5996e-11     10963  994 10963     2     8      0 18118  2.8e-11        -
4588  2.2861e-07  7.1991e-11     10969  996 10969     2     8      0 18127  9.3e-10        -
4590  2.2874e-07  6.4792e-11     10977  998 10977     2     8      0 18141  5.9e-10        -
4594  2.2897e-07  3.4026e-11     10985  999 10985     2     8      0 18153  2.8e-11        -
4598  2.2917e-07  6.8052e-11     10993 1000 10993     2     8      0 18165  8.8e-10        -
4600   2.293e-07  6.1247e-11     11001 1001 11001     2     8      0 18179  5.3e-10        -
4602  2.2942e-07  6.1247e-11     11005 1002 11005     2     8      0 18185  7.6e-10        -
4604   2.295e-07  3.9039e-11 out 11009 1003 11009     2     8      0 18191  8.2e-11        -
4606  2.2964e-07  6.3319e-11     11017 1005 11017     2     8      0 18205  9.3e-10        -
4608  2.2976e-07  5.6987e-11     11025 1007 11025     2     8      0 18219  7.8e-10        -
4612  2.2997e-07  3.3669e-11     11033 1009 11033     2     8      0 18231  5.3e-11        -
4616  2.3016e-07  6.0604e-11     11045 1011 11045     2     8      0 18251  1.1e-09        -
4620   2.304e-07  6.0604e-11     11053 1012 11053     2     8      0 18263  8.7e-10        -
4622   2.305e-07  4.7988e-11 out 11061 1014 11061     2     8      0 18277  2.6e-10        -
4627  2.3074e-07  4.7988e-11     11071 1014 11071     2     8      0 18292  2.3e-10        -
4632  2.3097e-07  3.4056e-11     11085 1015 11085     2     8      0 18315  3.6e-11        -
4635   2.311e-07  6.8112e-11     11091 1017 11091     2     8      0 18324  1.1e-09        -
4640  2.3144e-07  6.2692e-11     11103 1017 11103     2     8      0 18344  1.7e-10        -
4643  2.3163e-07  6.2692e-11     11115 1017 11115     2     8      0 18368  1.5e-10        -
4646  2.3181e-07  6.2692e-11     11127 1017 11127     2     8      0 18392  1.4e-10        -
4649    2.32e-07  6.1925e-11 out 11139 1017 11139     2     8      0 18416    2e-10        -
4652  2.3219e-07  6.1925e-11     11151 1017 11151     2     8      0 18440  1.9e-10        -
4655  2.3237e-07  6.1925e-11     11163 1017 11163     2     8      0 18464  1.7e-10        -
4658   2.325e-07  3.3261e-11 out 11171 1018 11171     2     8      0 18478  1.9e-11        -
4661  2.3267e-07  6.6522e-11     11177 1019 11177     2     8      0 18487  5.3e-10        -
4666  2.3297e-07  3.3803e-11     11187 1020 11187     2     8      0 18502    1e-11        -
4669  2.3314e-07  6.7607e-11     11193 1021 11193     2     8      0 18511  3.1e-10        -
4674  2.3345e-07  4.7179e-11     11207 1022 11207     2     8      0 18534    5e-11        -
-----      当前进度:  50 % - 正在组装残差
4676  2.3357e-07  7.4751e-11     11213 1025 11213     2     9      0 18543  4.1e-10        -
4678  2.3371e-07  6.7275e-11     11221 1027 11221     2     9      0 18557  1.7e-10        -
4682  2.3396e-07  4.4436e-11     11229 1028 11229     2     9      0 18569  8.1e-12        -
4685  2.3416e-07  7.1469e-11     11239 1030 11239     2     9      0 18586  7.2e-11        -
4687   2.343e-07  6.4322e-11     11247 1032 11247     2     9      0 18600  7.3e-11        -
4691   2.345e-07  3.7611e-11 out 11255 1034 11255     2     9      0 18612  1.2e-11        -
4693  2.3464e-07  6.6601e-11     11263 1036 11263     2     9      0 18626  2.8e-10        -
4695  2.3477e-07  5.9941e-11     11271 1038 11271     2     9      0 18640  1.9e-10        -
4699    2.35e-07  5.5875e-11 out 11282 1039 11282     2     9      0 18660  3.1e-11        -
4702  2.3517e-07  5.5875e-11     11294 1039 11294     2     9      0 18684  3.3e-11        -
4705  2.3534e-07  5.5875e-11     11306 1039 11306     2     9      0 18708  3.7e-11        -
4707  2.3545e-07  5.4436e-11     11316 1040 11316     2     9      0 18727  2.7e-10        -
4711  2.3566e-07  5.4436e-11     11324 1041 11324     2     9      0 18739  3.1e-10        -
4717  2.3597e-07  3.2255e-11     11336 1042 11336     2     9      0 18757  1.7e-11        -
4722  2.3613e-07  3.2255e-11     11346 1042 11346     2     9      0 18772  1.8e-11        -
4728  2.3632e-07  3.2255e-11     11358 1042 11358     2     9      0 18790  2.2e-11        -
4733   2.365e-07  4.8428e-11 out 11368 1043 11368     2     9      0 18805  2.3e-10        -
4739  2.3679e-07  4.8428e-11     11380 1043 11380     2     9      0 18823  2.3e-10        -
4742  2.3695e-07  5.0642e-11     11392 1046 11392     2    10      0 18843  3.9e-10        -
4745  2.3711e-07  5.9753e-11     11400 1049 11400     2    11      0 18855  9.8e-10        -
4747  2.3722e-07  5.9688e-11     11410 1052 11410     2    12      0 18872  1.1e-09        -
4749  2.3733e-07  5.3719e-11     11418 1054 11418     2    12      0 18886  6.4e-10        -
4754  2.3753e-07   3.063e-11     11428 1055 11428     2    12      0 18901    4e-11        -
4756  2.3765e-07  5.5135e-11     11436 1057 11436     2    12      0 18915  7.4e-10        -
4760  2.3787e-07  5.5135e-11     11444 1058 11444     2    12      0 18927  5.2e-10        -
4763    2.38e-07   3.865e-11 out 11454 1060 11454     2    12      0 18944  8.2e-11        -
4769  2.3823e-07   3.865e-11     11466 1060 11466     2    12      0 18962  7.4e-11        -
4775  2.3846e-07  3.7423e-11     11478 1060 11478     2    12      0 18981  2.4e-10        -
4780  2.3865e-07  3.7423e-11     11488 1060 11488     2    12      0 19001  2.3e-10        -
4786  2.3887e-07  3.7423e-11     11500 1060 11500     2    12      0 19025  2.1e-10        -
4790    2.39e-07  2.5463e-11 out 11508 1061 11508     2    12      0 19039  8.3e-12        -
4795  2.3925e-07  5.0926e-11     11518 1062 11518     2    12      0 19054  2.6e-10        -
4800   2.395e-07  4.6297e-11 out 11532 1062 11532     2    12      0 19079  6.7e-11        -
4803  2.3964e-07  4.6297e-11     11544 1062 11544     2    12      0 19103  6.3e-11        -
4806  2.3978e-07  4.6297e-11     11556 1062 11556     2    12      0 19127  5.8e-11        -
4809  2.3992e-07  4.6297e-11     11568 1062 11568     2    12      0 19151  5.4e-11        -
4811     2.4e-07  4.1666e-11 out 11576 1064 11576     2    12      0 19165  4.9e-11        -
4813  2.4015e-07  6.9442e-11     11584 1066 11584     2    12      0 19179  5.3e-10        -
4815  2.4028e-07  6.2498e-11     11592 1068 11592     2    12      0 19193  2.6e-10        -
4818  2.4045e-07  4.5145e-11     11602 1070 11602     2    12      0 19210  3.6e-11        -
4821  2.4066e-07  7.2489e-11     11612 1073 11612     2    12      0 19227  3.5e-10        -
4823   2.408e-07   6.524e-11     11620 1075 11620     2    12      0 19241  2.6e-10        -
-----      当前进度:  52 % - 组装矩阵
4826  2.4097e-07  3.4506e-11     11626 1077 11626     2    12      0 19250  8.6e-12        -
4830  2.4121e-07  6.9013e-11     11634 1078 11634     2    12      0 19262  6.7e-11        -
4835   2.415e-07  4.2962e-11 out 11644 1079 11644     2    12      0 19277  1.7e-11        -
4837  2.4166e-07  6.9924e-11     11652 1081 11652     2    12      0 19291  1.7e-10        -
4839  2.4179e-07  6.2931e-11     11660 1083 11660     2    12      0 19305  1.1e-10        -
4842  2.4196e-07  4.2717e-11     11670 1085 11670     2    12      0 19322  4.6e-11        -
4847  2.4217e-07  4.2717e-11     11680 1086 11680     2    12      0 19337  6.2e-11        -
4853  2.4243e-07  4.2717e-11     11692 1086 11692     2    12      0 19355  7.1e-11        -
4855   2.425e-07  3.6413e-11 out 11700 1088 11700     2    12      0 19369  3.2e-11        -
4857  2.4264e-07  6.3451e-11     11708 1090 11708     2    12      0 19383  5.6e-10        -
4859  2.4276e-07  5.7106e-11     11716 1092 11716     2    12      0 19397  3.4e-10        -
4863  2.4296e-07  3.5924e-11     11724 1094 11724     2    12      0 19409  3.4e-11        -
4868  2.4314e-07  3.5924e-11     11734 1094 11734     2    12      0 19424  3.7e-11        -
4873  2.4332e-07  3.5924e-11     11744 1094 11744     2    12      0 19439  3.7e-11        -
4878   2.435e-07  3.4454e-11 out 11756 1094 11756     2    12      0 19460  1.8e-11        -
4882  2.4364e-07  3.4454e-11     11768 1094 11768     2    12      0 19484  1.9e-11        -
4886  2.4378e-07  3.4454e-11     11780 1094 11780     2    12      0 19508    2e-11        -
4888  2.4391e-07  6.2018e-11     11788 1096 11788     2    12      0 19522  7.7e-10        -
4892  2.4409e-07  4.6719e-11     11796 1097 11796     2    12      0 19534  2.2e-10        -
4895  2.4425e-07  6.2496e-11     11804 1099 11804     2    13      0 19546  1.1e-09        -
4897  2.4436e-07  5.6246e-11     11812 1101 11812     2    13      0 19560  6.5e-10        -
4899  2.4446e-07  4.0945e-11     11820 1102 11820     2    13      0 19574  1.4e-10        -
4901  2.4456e-07  5.9565e-11     11826 1105 11826     2    14      0 19583    1e-09        -
4903  2.4467e-07  5.3609e-11     11834 1107 11834     2    14      0 19597  6.2e-10        -
4908  2.4493e-07  5.3609e-11     11844 1107 11844     2    14      0 19612  6.4e-10        -
4911  2.4507e-07  6.5174e-11     11850 1109 11850     2    14      0 19621  1.7e-09        -
4913  2.4518e-07  5.8536e-11     11858 1111 11858     2    14      0 19635  9.5e-10        -
4915  2.4529e-07  5.2683e-11     11866 1113 11866     2    14      0 19649  5.4e-10        -
4919  2.4547e-07   2.717e-11     11874 1114 11874     2    14      0 19661  1.3e-11        -
4923  2.4566e-07  5.4341e-11     11882 1115 11882     2    14      0 19673  5.2e-10        -
4929  2.4597e-07  3.2637e-11     11894 1116 11894     2    14      0 19691    3e-11        -
4935  2.4616e-07  3.2637e-11     11906 1116 11906     2    14      0 19709  2.9e-11        -
4940  2.4642e-07  6.5274e-11     11916 1117 11916     2    14      0 19724  9.1e-10        -
4944  2.4658e-07  3.7859e-11     11924 1118 11924     2    14      0 19736  5.9e-11        -
4950  2.4684e-07  7.5718e-11     11936 1119 11936     2    14      0 19754  1.8e-09        -
4952  2.4695e-07  4.6075e-11     11944 1121 11944     2    14      0 19768  2.6e-10        -
4958  2.4723e-07  4.6075e-11     11956 1121 11956     2    14      0 19786  9.9e-11        -
4963  2.4746e-07  4.2663e-11     11967 1121 11967     2    14      0 19804  1.1e-10        -
4967   2.477e-07  6.9637e-11     11981 1123 11981     2    14      0 19830  4.3e-10        -
4969  2.4783e-07  6.2673e-11     11989 1125 11989     2    14      0 19844  1.9e-10        -
4971  2.4795e-07  5.3694e-11     11997 1127 11997     2    14      0 19858  9.3e-11        -
4975  2.4816e-07  5.3694e-11     12005 1128 12005     2    14      0 19870    1e-10        -
4976  2.4823e-07  7.2042e-11     12009 1130 12009     2    15      0 19876  3.9e-10        -
4978  2.4836e-07  6.4838e-11     12017 1132 12017     2    15      0 19890  1.2e-10        -
-----      当前进度:  53 % - 组装矩阵
4982  2.4857e-07  7.2361e-11     12025 1134 12025     2    15      0 19902  1.4e-10        -
4984  2.4871e-07  7.0906e-11     12035 1137 12035     2    16      0 19919  6.4e-11        -
4986  2.4884e-07  6.9045e-11     12045 1140 12045     2    17      0 19936  2.2e-10        -
4988  2.4895e-07  4.8304e-11     12053 1142 12053     2    17      0 19950  3.9e-11        -
4990  2.4907e-07   6.619e-11     12059 1144 12059     2    18      0 19959  2.3e-10        -
4992  2.4919e-07  5.9571e-11     12067 1146 12067     2    18      0 19973  1.8e-10        -
4996  2.4942e-07  5.9571e-11     12075 1146 12075     2    18      0 19985  2.7e-10        -
5000  2.4961e-07  7.6381e-11     12083 1148 12083     2    18      0 19997  1.3e-09        -
5002  2.4974e-07  6.0908e-11     12091 1150 12091     2    18      0 20011  4.5e-10        -
5003  2.4979e-07  5.4817e-11     12097 1151 12097     2    18      0 20022  2.8e-10        -
5006  2.4995e-07  4.9581e-11     12105 1152 12105     2    18      0 20036  9.5e-11        -
5009   2.501e-07  4.9581e-11     12117 1152 12117     2    18      0 20060    1e-10        -
5012  2.5025e-07  4.9581e-11     12131 1153 12131     2    18      0 20087  1.7e-10        -
5017  2.5047e-07  2.6886e-11     12141 1155 12141     2    18      0 20102  8.9e-12        -
5022  2.5069e-07  5.3773e-11     12151 1156 12151     2    18      0 20117  2.7e-10        -
5027  2.5095e-07  4.8352e-11     12165 1157 12165     2    18      0 20140  2.4e-10        -
5032  2.5119e-07  4.8352e-11     12175 1158 12175     2    18      0 20155  2.8e-10        -
5037  2.5144e-07  4.8352e-11     12185 1158 12185     2    18      0 20170  2.6e-10        -
5039   2.515e-07  3.2417e-11 out 12193 1160 12193     2    18      0 20184  3.6e-11        -
5045  2.5169e-07  3.2417e-11     12205 1160 12205     2    18      0 20202  4.1e-11        -
5049  2.5186e-07  6.4834e-11     12213 1161 12213     2    18      0 20214  1.4e-09        -
5051  2.5196e-07   4.422e-11     12221 1163 12221     2    18      0 20228  2.2e-10        -
5055  2.5215e-07  5.7043e-11     12231 1165 12231     2    19      0 20243  8.6e-10        -
5056   2.522e-07  5.1339e-11     12237 1166 12237     2    19      0 20254  5.2e-10        -
5058  2.5231e-07   5.245e-11     12247 1169 12247     2    20      0 20271  5.7e-10        -
5059  2.5237e-07  5.8185e-11     12251 1171 12251     2    21      0 20277  9.4e-10        -
5061  2.5246e-07  4.0949e-11     12261 1174 12261     2    22      0 20294  1.6e-10        -
5063  2.5256e-07  5.7987e-11     12267 1176 12267     2    23      0 20303  8.8e-10        -
5065  2.5267e-07  6.0693e-11     12277 1179 12277     2    24      0 20320    1e-09        -
5067  2.5278e-07  5.4624e-11     12285 1181 12285     2    24      0 20334  6.1e-10        -
5071  2.5297e-07  2.8006e-11     12293 1182 12293     2    24      0 20346  1.9e-11        -
5075  2.5317e-07  5.6012e-11     12301 1183 12301     2    24      0 20358  5.9e-10        -
5080  2.5345e-07  5.3958e-11     12312 1183 12312     2    24      0 20376    1e-10        -
5084  2.5366e-07  5.3958e-11     12324 1183 12324     2    24      0 20400  9.9e-11        -
5088  2.5388e-07  5.3958e-11     12336 1183 12336     2    24      0 20424  9.3e-11        -
5090  2.5397e-07  3.4169e-11     12341 1184 12341     2    24      0 20433  3.5e-11        -
5094   2.541e-07  3.4169e-11     12349 1184 12349     2    24      0 20445  5.5e-11        -
5099  2.5427e-07  3.4169e-11     12359 1184 12359     2    24      0 20460  5.7e-11        -
5104  2.5446e-07  4.4986e-11     12373 1185 12373     2    24      0 20483  1.3e-10        -
5108  2.5463e-07  4.4986e-11     12381 1186 12381     2    24      0 20495  1.5e-10        -
5113  2.5486e-07  4.4986e-11     12391 1186 12391     2    24      0 20510  1.2e-10        -
-----      当前进度:  54 % - 组装矩阵
5116  2.5497e-07  2.5072e-11     12397 1187 12397     2    24      0 20519  5.8e-12        -
5119   2.551e-07  5.0145e-11     12403 1188 12403     2    24      0 20528  1.8e-08        -
5124  2.5535e-07  5.0145e-11     12413 1188 12413     2    24      0 20543  4.4e-11        -
5128  2.5555e-07  4.9421e-11     12421 1188 12421     2    24      0 20558  1.2e-10        -
5130  2.5567e-07  7.1291e-11     12427 1190 12427     2    25      0 20568  2.8e-10        -
5132   2.558e-07  6.4162e-11     12435 1192 12435     2    25      0 20582  8.7e-11        -
5136    2.56e-07  3.4345e-11 out 12444 1193 12444     2    25      0 20597  2.6e-12        -
5139  2.5616e-07  6.1822e-11     12454 1195 12454     2    25      0 20614  1.1e-10        -
5141   2.563e-07  6.2024e-11     12464 1198 12464     2    26      0 20631  1.9e-10        -
5143  2.5642e-07  5.9883e-11     12474 1201 12474     2    27      0 20648  5.4e-11        -
5145  2.5656e-07   6.348e-11     12482 1203 12482     2    27      0 20662  1.5e-10        -
5148  2.5674e-07  5.7132e-11     12492 1204 12492     2    27      0 20681  1.5e-10        -
5151  2.5691e-07  5.7132e-11     12504 1204 12504     2    27      0 20705  1.7e-10        -
5153    2.57e-07  4.3692e-11 out 12512 1206 12512     2    27      0 20719  1.1e-10        -
5158  2.5722e-07  4.3692e-11     12522 1206 12522     2    27      0 20734  1.1e-10        -
5163  2.5744e-07  4.3692e-11     12532 1206 12532     2    27      0 20749  1.2e-10        -
5165   2.575e-07  3.1542e-11 out 12540 1208 12540     2    27      0 20763    2e-11        -
5170  2.5766e-07  3.1542e-11     12550 1208 12550     2    27      0 20778  3.5e-11        -
5176  2.5785e-07  3.1542e-11     12562 1208 12562     2    27      0 20796  3.8e-11        -
5180  2.5797e-07  2.9204e-11     12571 1208 12571     2    27      0 20811  4.2e-11        -
5184  2.5809e-07  2.9204e-11     12583 1208 12583     2    27      0 20835  4.4e-11        -
5187  2.5818e-07  2.9204e-11     12592 1208 12592     2    27      0 20853  4.5e-11        -
5190  2.5826e-07  2.9204e-11     12601 1208 12601     2    27      0 20871  4.7e-11        -
5193  2.5835e-07  2.9204e-11     12610 1208 12610     2    27      0 20889  4.9e-11        -
5196  2.5844e-07  2.9204e-11     12619 1208 12619     2    27      0 20907  5.1e-11        -
5200  2.5853e-07  3.2732e-11     12628 1210 12628     2    27      0 20922  3.9e-11        -
5205   2.587e-07  3.2732e-11     12638 1210 12638     2    27      0 20937  4.6e-11        -
5211  2.5889e-07  3.2732e-11     12650 1210 12650     2    27      0 20955  3.8e-11        -
5215    2.59e-07  2.0878e-11 out 12658 1211 12658     2    27      0 20967  4.3e-12        -
5219  2.5915e-07  4.1757e-11     12666 1212 12666     2    27      0 20979  1.5e-10        -
5224  2.5935e-07  4.1757e-11     12676 1212 12676     2    27      0 20994  1.7e-10        -
5227  2.5947e-07  3.0778e-11     12686 1213 12686     2    27      0 21011  3.9e-11        -
5230  2.5961e-07  5.2757e-11     12696 1216 12696     2    27      0 21028    6e-10        -
5232  2.5972e-07  5.1731e-11     12706 1219 12706     2    28      0 21045  5.5e-10        -
5234  2.5983e-07  5.1961e-11     12716 1222 12716     2    29      0 21062  5.5e-10        -
5236  2.5994e-07  5.0874e-11     12726 1225 12726     2    30      0 21079  4.8e-10        -
5240  2.6011e-07  5.3443e-11     12738 1228 12738     2    30      0 21099  5.8e-10        -
5242  2.6022e-07  5.3443e-11     12742 1229 12742     2    30      0 21105  5.5e-10        -
5247  2.6047e-07  3.3257e-11     12752 1230 12752     2    30      0 21120  6.7e-11        -
5252  2.6063e-07  3.3257e-11     12762 1230 12762     2    30      0 21135  5.7e-11        -
5257   2.608e-07  3.3257e-11     12772 1230 12772     2    30      0 21150  5.6e-11        -
-----      当前进度:  55 % - 
5261  2.6093e-07  3.3257e-11     12780 1230 12780     2    30      0 21162  4.4e-11        -
5265  2.6103e-07  3.4396e-11     12788 1232 12788     2    30      0 21174  5.1e-11        -
5270  2.6121e-07  3.4396e-11     12798 1232 12798     2    30      0 21189  5.1e-11        -
5276  2.6141e-07  3.4396e-11     12810 1232 12810     2    30      0 21207  5.6e-11        -
5279   2.615e-07  2.6426e-11 out 12820 1234 12820     2    30      0 21224  1.5e-11        -
5284  2.6176e-07  5.2851e-11     12830 1235 12830     2    30      0 21239    5e-10        -
5288  2.6196e-07  3.8596e-11     12842 1236 12842     2    30      0 21259    7e-11        -
5291  2.6208e-07  3.8596e-11     12848 1237 12848     2    30      0 21268  6.6e-11        -
5297  2.6231e-07  3.8596e-11     12860 1237 12860     2    30      0 21286  5.1e-11        -
5300  2.6244e-07  5.7022e-11     12870 1238 12870     2    30      0 21303  5.2e-10        -
5305  2.6273e-07  5.7022e-11     12880 1239 12880     2    30      0 21318  1.8e-10        -
5309  2.6295e-07  5.0423e-11     12892 1240 12892     2    30      0 21338  9.2e-11        -
5312  2.6312e-07  6.9706e-11     12900 1243 12900     2    31      0 21350  3.3e-10        -
5314  2.6325e-07     7.1e-11     12910 1246 12910     2    32      0 21367  2.2e-10        -
5316  2.6339e-07  6.7682e-11     12920 1249 12920     2    33      0 21384  9.7e-12        -
5318   2.635e-07  5.7277e-11 out 12928 1251 12928     2    33      0 21398  8.2e-11        -
5321  2.6369e-07  6.1209e-11     12940 1254 12940     2    34      0 21418  1.5e-10        -
5322  2.6375e-07  6.7502e-11     12944 1256 12944     2    35      0 21424  3.1e-10        -
5324  2.6388e-07  6.0752e-11     12952 1258 12952     2    35      0 21438  1.3e-10        -
5328  2.6406e-07  6.3748e-11     12960 1260 12960     2    35      0 21450  2.2e-08        -
5331  2.6424e-07  5.7373e-11     12972 1260 12972     2    35      0 21474  1.9e-10        -
5334  2.6441e-07  5.7373e-11     12986 1261 12986     2    35      0 21501  6.1e-10        -
5339  2.6464e-07  4.6006e-11     12996 1262 12996     2    35      0 21516  2.2e-10        -
5345  2.6491e-07  4.6006e-11     13008 1262 13008     2    35      0 21534  2.3e-10        -
5349  2.6509e-07  4.2972e-11     13020 1262 13020     2    35      0 21558  1.4e-10        -
5353  2.6526e-07  4.2972e-11     13032 1262 13032     2    35      0 21582  1.6e-10        -
5356  2.6539e-07  4.2972e-11     13044 1262 13044     2    35      0 21606  2.4e-11        -
5358  2.6546e-07  3.5141e-11     13054 1263 13054     2    35      0 21625  6.3e-11        -
5363  2.6564e-07  3.5141e-11     13064 1264 13064     2    35      0 21640  6.2e-11        -
5369  2.6585e-07  3.5141e-11     13076 1264 13076     2    35      0 21658    6e-11        -
5374    2.66e-07  2.1584e-11 out 13086 1265 13086     2    35      0 21673  5.2e-12        -
5379  2.6622e-07  4.3169e-11     13096 1266 13096     2    35      0 21688  1.4e-10        -
5385  2.6647e-07  3.4157e-11     13112 1267 13112     2    35      0 21714  5.2e-11        -
5390  2.6664e-07  3.4157e-11     13122 1268 13122     2    35      0 21729  5.8e-11        -
5395  2.6681e-07  3.4157e-11     13132 1268 13132     2    35      0 21744  6.6e-11        -
5400  2.6697e-07  2.7979e-11     13146 1269 13146     2    35      0 21767  2.5e-11        -
5403  2.6708e-07  5.5959e-11     13152 1271 13152     2    35      0 21776  8.1e-10        -
5405  2.6718e-07  5.0363e-11     13160 1273 13160     2    35      0 21790  4.7e-10        -
5410  2.6744e-07  5.0363e-11     13170 1273 13170     2    35      0 21805  4.4e-10        -
5414  2.6756e-07  3.1762e-11     13178 1274 13178     2    35      0 21817  4.2e-11        -
5419  2.6772e-07  3.1762e-11     13188 1274 13188     2    35      0 21832    4e-11        -
5424  2.6788e-07  3.1762e-11     13198 1274 13198     2    35      0 21847  5.1e-11        -
5427  2.6797e-07  2.7669e-11     13208 1275 13208     2    35      0 21864  2.4e-11        -
-----      当前进度:  57 % - 
5431  2.6808e-07  2.7669e-11     13216 1276 13216     2    35      0 21876  2.2e-11        -
5437  2.6825e-07  2.7669e-11     13228 1276 13228     2    35      0 21894  2.2e-11        -
5441  2.6836e-07  2.7669e-11     13236 1276 13236     2    35      0 21906  2.2e-11        -
5446  2.6849e-07  1.4816e-11     13246 1277 13246     2    35      0 21921    1e-12        -
5450  2.6859e-07  2.9632e-11     13254 1278 13254     2    35      0 21933  2.5e-11        -
5456  2.6877e-07  2.9632e-11     13266 1278 13266     2    35      0 21951  2.6e-11        -
5462  2.6894e-07  2.9632e-11     13278 1278 13278     2    35      0 21969  2.6e-11        -
5466  2.6908e-07  5.5527e-11     13289 1279 13289     2    35      0 21990  5.8e-10        -
5472  2.6942e-07  5.5527e-11     13301 1279 13301     2    35      0 22008  4.1e-10        -
5474   2.695e-07  4.1774e-11 out 13309 1281 13309     2    35      0 22022  9.5e-11        -
5480  2.6975e-07  4.1774e-11     13321 1281 13321     2    35      0 22040  1.1e-10        -
5486     2.7e-07  4.1128e-11 out 13333 1281 13333     2    35      0 22060  9.7e-11        -
5492  2.7025e-07  4.1128e-11     13345 1281 13345     2    35      0 22084  8.5e-11        -
5498  2.7048e-07  2.3796e-11     13357 1282 13357     2    35      0 22107  2.5e-12        -
5502  2.7064e-07  4.7592e-11     13365 1283 13365     2    35      0 22119  9.2e-11        -
5508  2.7093e-07  4.7592e-11     13377 1283 13377     2    35      0 22137  3.4e-11        -
5510    2.71e-07  3.5838e-11 out 13385 1285 13385     2    35      0 22151  9.4e-12        -
5513  2.7117e-07  6.1651e-11     13395 1287 13395     2    35      0 22168  1.7e-10        -
5516  2.7134e-07  5.5486e-11     13405 1288 13405     2    35      0 22187  1.6e-10        -
5518  2.7145e-07  5.1363e-11     13415 1289 13415     2    35      0 22206  1.1e-10        -
5523  2.7171e-07  5.1363e-11     13425 1290 13425     2    35      0 22221  3.3e-10        -
5528  2.7196e-07  4.4549e-11     13439 1291 13439     2    35      0 22244  1.8e-10        -
5533  2.7218e-07  4.4549e-11     13449 1292 13449     2    35      0 22259  1.9e-10        -
5539  2.7245e-07  4.4549e-11     13461 1292 13461     2    35      0 22277  2.4e-10        -
5544  2.7258e-07  2.7256e-11     13471 1293 13471     2    35      0 22292  1.9e-11        -
5548  2.7269e-07  2.7256e-11     13479 1293 13479     2    35      0 22304  1.8e-11        -
5554  2.7285e-07  2.7256e-11     13491 1293 13491     2    35      0 22322  1.7e-11        -
5559  2.7298e-07  1.8323e-11     13505 1294 13505     2    35      0 22345  2.4e-12        -
5562  2.7307e-07  3.6646e-11     13511 1296 13511     2    35      0 22354  7.4e-11        -
5568  2.7329e-07  3.6646e-11     13523 1296 13523     2    35      0 22372  7.3e-11        -
5573  2.7347e-07  3.0121e-11     13537 1297 13537     2    35      0 22395    3e-11        -
5577  2.7359e-07  3.0121e-11     13545 1298 13545     2    35      0 22407  3.3e-11        -
5583  2.7377e-07  3.0121e-11     13557 1298 13557     2    35      0 22425    3e-11        -
5589  2.7395e-07  3.0121e-11     13569 1298 13569     2    35      0 22443  3.2e-11        -
5591    2.74e-07  2.4091e-11 out 13577 1300 13577     2    35      0 22457  1.1e-11        -
5597  2.7414e-07  2.4091e-11     13589 1300 13589     2    35      0 22475  1.1e-11        -
5603  2.7429e-07  2.4091e-11     13601 1300 13601     2    35      0 22493  1.2e-11        -
5609  2.7443e-07  2.4091e-11     13613 1300 13613     2    35      0 22511  1.2e-11        -
5613  2.7454e-07  4.2275e-11     13625 1301 13625     2    35      0 22533  1.9e-10        -
5619   2.748e-07  4.2275e-11     13637 1301 13637     2    35      0 22551  1.9e-10        -
5624    2.75e-07  3.8626e-11 out 13651 1301 13651     2    35      0 22576  6.2e-11        -
5627  2.7512e-07  3.8626e-11     13663 1301 13663     2    35      0 22600  6.2e-11        -
5630  2.7523e-07  3.8626e-11     13675 1301 13675     2    35      0 22624  6.3e-11        -
5633  2.7535e-07  3.8626e-11     13687 1301 13687     2    35      0 22648  6.2e-11        -
5636  2.7546e-07  3.7556e-11     13701 1302 13701     2    35      0 22675    1e-10        -
-----      当前进度:  58 % - 正在组装残差
5641  2.7565e-07  3.7556e-11     13711 1303 13711     2    35      0 22690    1e-10        -
5646  2.7584e-07  3.7556e-11     13721 1303 13721     2    35      0 22705  1.1e-10        -
5651    2.76e-07  2.4666e-11 out 13731 1304 13731     2    35      0 22720    1e-11        -
5656  2.7612e-07  2.4666e-11     13741 1304 13741     2    35      0 22735  1.1e-11        -
5661  2.7635e-07  4.9332e-11     13751 1305 13751     2    35      0 22750  3.2e-10        -
5664  2.7647e-07  2.8007e-11     13757 1306 13757     2    35      0 22759  1.8e-11        -
5670  2.7667e-07  5.6013e-11     13769 1307 13769     2    35      0 22777  5.8e-10        -
5675  2.7695e-07  5.3954e-11     13780 1307 13780     2    35      0 22795    9e-11        -
5679  2.7716e-07  5.3954e-11     13792 1307 13792     2    35      0 22819  7.7e-11        -
5683  2.7738e-07  5.3954e-11     13804 1307 13804     2    35      0 22843  6.8e-11        -
5687  2.7753e-07  3.4185e-11     13813 1308 13813     2    35      0 22858  2.7e-11        -
5689  2.7766e-07  6.1533e-11     13821 1310 13821     2    35      0 22872  4.6e-10        -
5691  2.7778e-07   5.538e-11     13829 1312 13829     2    35      0 22886  2.7e-10        -
5696  2.7805e-07  5.4119e-11     13839 1313 13839     2    35      0 22904    4e-10        -
5702  2.7838e-07  5.4119e-11     13851 1313 13851     2    35      0 22928  4.1e-10        -
5705   2.785e-07  3.3523e-11 out 13857 1314 13857     2    35      0 22938  8.9e-12        -
5707  2.7863e-07  6.0311e-11     13865 1316 13865     2    35      0 22952  1.8e-10        -
5710   2.788e-07   5.428e-11     13875 1317 13875     2    35      0 22971  1.9e-10        -
5713  2.7895e-07  4.7606e-11     13889 1318 13889     2    35      0 22998  1.1e-10        -
5717  2.7914e-07  4.7606e-11     13897 1319 13897     2    35      0 23010  3.2e-10        -
5723  2.7943e-07  4.7606e-11     13909 1319 13909     2    35      0 23028  3.3e-10        -
5725   2.795e-07  3.5773e-11 out 13917 1321 13917     2    35      0 23042  8.9e-11        -
5731  2.7971e-07  3.5773e-11     13929 1321 13929     2    35      0 23060  9.8e-11        -
5737  2.7993e-07  3.5773e-11     13941 1321 13941     2    35      0 23078    8e-11        -
5742  2.8011e-07  3.5363e-11     13951 1321 13951     2    35      0 23098  8.3e-11        -
5747  2.8028e-07  3.5363e-11     13961 1321 13961     2    35      0 23118  8.9e-11        -
5752  2.8046e-07  3.5363e-11     13971 1321 13971     2    35      0 23138  9.3e-11        -
5755  2.8054e-07  4.0275e-11     13977 1323 13977     2    35      0 23147  1.2e-10        -
5761  2.8078e-07  4.0275e-11     13989 1323 13989     2    35      0 23165  1.3e-10        -
5766  2.8097e-07  2.8487e-11     14003 1324 14003     2    35      0 23188  2.4e-11        -
5771  2.8111e-07  2.8487e-11     14013 1325 14013     2    35      0 23203  2.8e-11        -
5777  2.8128e-07  2.8487e-11     14025 1325 14025     2    35      0 23221  3.1e-11        -
5783  2.8146e-07  2.8487e-11     14037 1325 14037     2    35      0 23239  3.5e-11        -
5785   2.815e-07  2.2104e-11 out 14045 1327 14045     2    35      0 23253    1e-11        -
5788  2.8161e-07  4.4207e-11     14051 1328 14051     2    35      0 23262  3.3e-10        -
5792  2.8179e-07  4.4207e-11     14059 1328 14059     2    35      0 23274  3.5e-10        -
5796  2.8196e-07  4.0015e-11     14069 1328 14069     2    35      0 23291  1.1e-10        -
5799  2.8208e-07  4.0015e-11     14081 1328 14081     2    35      0 23315  1.1e-10        -
5801  2.8216e-07  4.0015e-11     14089 1328 14089     2    35      0 23331  1.1e-10        -
5803  2.8224e-07  4.0015e-11     14097 1328 14097     2    35      0 23347  1.1e-10        -
5806  2.8236e-07  4.0015e-11     14109 1328 14109     2    35      0 23371  1.1e-10        -
5809  2.8247e-07  2.9915e-11     14123 1329 14123     2    35      0 23398  2.9e-11        -
5813  2.8259e-07  2.9915e-11     14131 1330 14131     2    35      0 23410    3e-11        -
5818  2.8274e-07  2.9915e-11     14141 1330 14141     2    35      0 23425  3.5e-11        -
5823  2.8289e-07  2.9915e-11     14151 1330 14151     2    35      0 23440  3.2e-11        -
5826  2.8297e-07  2.5639e-11     14161 1331 14161     2    35      0 23457  1.5e-11        -
5830  2.8308e-07  2.5639e-11     14169 1332 14169     2    35      0 23469  1.5e-11        -
------     当前进度:  60 % - 正在组装残差
5835  2.8321e-07  2.5639e-11     14179 1332 14179     2    35      0 23484  1.5e-11        -
5840  2.8333e-07  2.5639e-11     14189 1332 14189     2    35      0 23499  1.6e-11        -
5845  2.8346e-07  2.5639e-11     14199 1332 14199     2    35      0 23514  1.7e-11        -
5847   2.835e-07  1.9249e-11 out 14207 1334 14207     2    35      0 23528    4e-12        -
5851  2.8365e-07  3.8497e-11     14215 1335 14215     2    35      0 23540  9.3e-11        -
5856  2.8385e-07  3.8497e-11     14225 1335 14225     2    35      0 23555  8.9e-11        -
5861  2.8404e-07  3.8266e-11     14235 1335 14235     2    35      0 23573  5.4e-11        -
5866  2.8423e-07  3.8266e-11     14245 1335 14245     2    35      0 23593  4.7e-11        -
5871  2.8442e-07  3.8266e-11     14255 1335 14255     2    35      0 23613  4.4e-11        -
5875  2.8454e-07  4.0807e-11     14263 1337 14263     2    35      0 23626    9e-11        -
5880  2.8474e-07  4.0807e-11     14273 1337 14273     2    35      0 23641  7.5e-11        -
5885  2.8495e-07  4.0807e-11     14283 1337 14283     2    35      0 23656  5.9e-11        -
5888  2.8505e-07   5.112e-11     14289 1339 14289     2    35      0 23665  9.3e-11        -
5893  2.8531e-07   5.112e-11     14299 1339 14299     2    35      0 23680  2.5e-10        -
5896  2.8545e-07  4.5521e-11     14309 1340 14309     2    35      0 23697  2.1e-10        -
5899  2.8559e-07  4.5521e-11     14315 1341 14315     2    35      0 23706  1.7e-10        -
5904  2.8582e-07  4.5521e-11     14325 1341 14325     2    35      0 23721    1e-10        -
5909  2.8605e-07  4.5158e-11     14335 1341 14335     2    35      0 23739  8.3e-11        -
5914  2.8627e-07  4.5158e-11     14345 1341 14345     2    35      0 23759  9.1e-11        -
5919  2.8648e-07  2.4212e-11     14355 1342 14355     2    35      0 23778  1.5e-11        -
5923  2.8662e-07  4.8424e-11     14363 1343 14363     2    35      0 23790  3.4e-10        -
5928  2.8686e-07  4.8424e-11     14373 1343 14373     2    35      0 23805    5e-10        -
5931    2.87e-07  4.4199e-11 out 14383 1343 14383     2    35      0 23824  9.2e-11        -
5934  2.8713e-07  4.4199e-11     14395 1343 14395     2    35      0 23848  9.8e-11        -
5937  2.8727e-07  4.4199e-11     14407 1343 14407     2    35      0 23872    1e-10        -
5940   2.874e-07  4.4199e-11     14419 1343 14419     2    35      0 23896  1.1e-10        -
5943   2.875e-07  2.9006e-11 out 14427 1344 14427     2    35      0 23910  3.2e-11        -
5948  2.8765e-07  2.9006e-11     14437 1344 14437     2    35      0 23925  2.5e-11        -
5953  2.8779e-07  2.9006e-11     14447 1344 14447     2    35      0 23940  2.7e-11        -
5958  2.8794e-07  2.9006e-11     14457 1344 14457     2    35      0 23955  2.9e-11        -
5962  2.8804e-07  3.5899e-11     14465 1346 14465     2    35      0 23967  9.2e-11        -
5967  2.8822e-07  3.5899e-11     14475 1346 14475     2    35      0 23982  8.1e-11        -
5972  2.8839e-07  3.5899e-11     14485 1346 14485     2    35      0 23997  9.4e-11        -
5976  2.8853e-07  3.4608e-11     14496 1346 14496     2    35      0 24018  2.9e-11        -
5980  2.8867e-07  3.4608e-11     14508 1346 14508     2    35      0 24042  2.9e-11        -
5983  2.8878e-07  3.4608e-11     14517 1346 14517     2    35      0 24060  2.9e-11        -
5987  2.8892e-07  3.4608e-11     14528 1346 14528     2    35      0 24082  3.7e-10        -
5989  2.8897e-07  2.5047e-11     14536 1347 14536     2    35      0 24097  1.4e-11        -
5992  2.8905e-07  2.5047e-11     14542 1348 14542     2    35      0 24106  1.5e-11        -
5997  2.8918e-07  2.5047e-11     14552 1348 14552     2    35      0 24121  1.6e-11        -
6002   2.893e-07  2.5047e-11     14562 1348 14562     2    35      0 24136  1.5e-11        -
6007  2.8943e-07  2.5047e-11     14572 1348 14572     2    35      0 24151  1.5e-11        -
6012  2.8955e-07  2.4574e-11     14582 1348 14582     2    35      0 24170  4.6e-11        -
6017  2.8967e-07  2.4574e-11     14592 1348 14592     2    35      0 24190  4.6e-11        -
6021  2.8977e-07  2.4574e-11     14600 1348 14600     2    35      0 24206  4.6e-11        -
6026  2.8989e-07  2.4574e-11     14610 1348 14610     2    35      0 24226  4.7e-11        -
6030  2.8998e-07  1.6549e-11     14618 1349 14618     2    35      0 24241  1.5e-12        -
6033  2.9007e-07  3.3097e-11     14624 1350 14624     2    35      0 24250  5.9e-11        -
6038  2.9023e-07  3.3097e-11     14634 1350 14634     2    35      0 24265  5.4e-11        -
------     当前进度:  61 % - 正在组装残差
6043   2.904e-07  3.3097e-11     14644 1350 14644     2    35      0 24280  5.9e-11        -
6047   2.905e-07   1.832e-11 out 14652 1351 14652     2    35      0 24292  3.2e-12        -
6051  2.9065e-07  3.6639e-11     14660 1352 14660     2    35      0 24304  1.1e-10        -
6056  2.9083e-07  3.6639e-11     14670 1352 14670     2    35      0 24319    1e-10        -
6060  2.9097e-07  3.0166e-11     14682 1353 14682     2    35      0 24339    8e-11        -
6064  2.9109e-07  3.0166e-11     14690 1354 14690     2    35      0 24351  5.6e-11        -
6069  2.9124e-07  3.0166e-11     14700 1354 14700     2    35      0 24366  5.8e-11        -
6074  2.9139e-07  3.0166e-11     14710 1354 14710     2    35      0 24381    6e-11        -
6077  2.9148e-07  2.3758e-11     14720 1355 14720     2    35      0 24398  1.9e-11        -
6080  2.9157e-07  4.7516e-11     14726 1357 14726     2    35      0 24407    6e-10        -
6086  2.9186e-07  4.7516e-11     14738 1357 14738     2    35      0 24425  4.1e-10        -
6091  2.9202e-07    2.43e-11     14748 1358 14748     2    35      0 24440    1e-11        -
6096  2.9227e-07  4.8601e-11     14758 1359 14758     2    35      0 24455  2.7e-10        -
6101   2.925e-07  4.3446e-11 out 14772 1359 14772     2    35      0 24480  1.4e-10        -
6104  2.9263e-07  4.3446e-11     14784 1359 14784     2    35      0 24504  1.2e-10        -
6107  2.9276e-07  4.3446e-11     14796 1359 14796     2    35      0 24528  1.2e-10        -
6110  2.9289e-07  4.3446e-11     14808 1359 14808     2    35      0 24552  1.2e-10        -
6112  2.9297e-07  3.2771e-11     14818 1360 14818     2    35      0 24571  3.8e-11        -
6115  2.9312e-07  5.8987e-11     14828 1363 14828     2    35      0 24588    8e-10        -
6120  2.9342e-07  5.8987e-11     14838 1364 14838     2    35      0 24603  1.2e-09        -
6122   2.935e-07  4.0267e-11 out 14846 1366 14846     2    35      0 24617  1.7e-10        -
6127   2.937e-07  4.0267e-11     14856 1366 14856     2    35      0 24632  1.8e-10        -
6133  2.9394e-07  4.0267e-11     14868 1366 14868     2    35      0 24650  2.6e-10        -
6135    2.94e-07  2.8529e-11 out 14876 1368 14876     2    35      0 24664    1e-10        -
6138  2.9416e-07  5.1353e-11     14886 1369 14886     2    35      0 24683  3.2e-10        -
6141  2.9431e-07  5.1353e-11     14900 1370 14900     2    35      0 24710  8.9e-10        -
6144  2.9446e-07  4.1735e-11     14910 1372 14910     2    35      0 24727    3e-10        -
6149  2.9467e-07  4.1735e-11     14920 1373 14920     2    35      0 24742  3.9e-10        -
6155  2.9492e-07  4.1735e-11     14932 1373 14932     2    35      0 24760  3.5e-10        -
6160  2.9512e-07  4.1323e-11     14942 1373 14942     2    35      0 24780    2e-10        -
6166  2.9537e-07  4.1323e-11     14954 1373 14954     2    35      0 24804    2e-10        -
6171  2.9552e-07  2.2726e-11     14964 1374 14964     2    35      0 24821  7.9e-12        -
6177  2.9566e-07  2.2726e-11     14976 1374 14976     2    35      0 24839  9.5e-12        -
6182  2.9586e-07  4.5452e-11     14986 1375 14986     2    35      0 24854  4.6e-10        -
6187  2.9605e-07  4.5485e-11     14996 1377 14996     2    35      0 24869  1.7e-10        -
6193  2.9632e-07  4.5485e-11     15008 1377 15008     2    35      0 24887  2.8e-10        -
6199  2.9659e-07  4.5318e-11     15020 1377 15020     2    35      0 24909  9.7e-11        -
6204  2.9682e-07  4.5318e-11     15030 1377 15030     2    35      0 24929  9.7e-11        -
6209    2.97e-07  2.3412e-11 out 15040 1378 15040     2    35      0 24947    8e-12        -
6214  2.9712e-07  2.3412e-11     15050 1378 15050     2    35      0 24962  7.3e-12        -
6218  2.9721e-07  2.3412e-11     15058 1378 15058     2    35      0 24974  6.7e-12        -
6224  2.9735e-07  2.3412e-11     15070 1378 15070     2    35      0 24992  8.1e-12        -
6230  2.9748e-07  1.5878e-11     15086 1379 15086     2    35      0 25018  2.1e-12        -
6234   2.976e-07  3.1756e-11     15094 1381 15094     2    35      0 25030  5.1e-11        -
------     当前进度:  62 % - 正在组装残差
6239  2.9775e-07  3.1756e-11     15104 1381 15104     2    35      0 25045  5.2e-11        -
6245  2.9794e-07  3.1756e-11     15116 1381 15116     2    35      0 25063  5.5e-11        -
6247    2.98e-07   2.771e-11 out 15124 1383 15124     2    35      0 25077  2.9e-11        -
6253  2.9817e-07   2.771e-11     15136 1383 15136     2    35      0 25095  3.1e-11        -
6259  2.9833e-07   2.771e-11     15148 1383 15148     2    35      0 25113  3.6e-11        -
6265  2.9849e-07  1.4466e-11     15160 1384 15160     2    35      0 25131  2.2e-12        -
6270  2.9862e-07  2.8932e-11     15170 1385 15170     2    35      0 25146  7.6e-11        -
6276  2.9879e-07  2.8932e-11     15182 1385 15182     2    35      0 25164  4.7e-11        -
6282  2.9896e-07  2.8932e-11     15194 1385 15194     2    35      0 25182  4.9e-11        -
6286  2.9907e-07  3.7084e-11     15202 1387 15202     2    35      0 25194  1.7e-10        -
6292   2.993e-07  3.7084e-11     15214 1387 15214     2    35      0 25212  9.4e-11        -
6297  2.9947e-07  2.7494e-11     15228 1388 15228     2    35      0 25235  1.7e-11        -
6301  2.9964e-07  5.4988e-11     15236 1390 15236     2    35      0 25247  4.9e-10        -
6306  2.9991e-07  5.4988e-11     15246 1390 15246     2    35      0 25262  4.5e-10        -
6308       3e-07  4.3793e-11 out 15254 1392 15254     2    35      0 25276  2.9e-10        -
6313  3.0022e-07  4.3793e-11     15264 1392 15264     2    35      0 25291  3.7e-10        -
6319  3.0047e-07  3.1034e-11     15280 1393 15280     2    35      0 25317  4.5e-11        -
6323  3.0065e-07  5.5861e-11     15290 1395 15290     2    35      0 25334  3.6e-10        -
6326  3.0082e-07  5.5861e-11     15302 1395 15302     2    35      0 25358  3.8e-10        -
6329  3.0096e-07  3.5867e-11     15312 1396 15312     2    35      0 25377  1.3e-10        -
6335  3.0118e-07  3.5867e-11     15324 1396 15324     2    35      0 25395  2.7e-10        -
6341  3.0139e-07  3.5867e-11     15336 1396 15336     2    35      0 25413  3.1e-10        -
6347   3.016e-07  3.4795e-11     15348 1396 15348     2    35      0 25436  3.2e-10        -
6353  3.0181e-07  3.4795e-11     15360 1396 15360     2    35      0 25460  3.4e-10        -
6358  3.0198e-07  2.3832e-11     15370 1397 15370     2    35      0 25479  2.6e-11        -
6364  3.0212e-07  2.3832e-11     15382 1397 15382     2    35      0 25497  2.3e-11        -
6370  3.0226e-07  2.3832e-11     15394 1397 15394     2    35      0 25515  2.2e-11        -
6375  3.0238e-07  2.3832e-11     15404 1397 15404     2    35      0 25530  1.8e-11        -
6381  3.0252e-07  2.3598e-11     15416 1397 15416     2    35      0 25551  2.5e-11        -
6387  3.0267e-07  2.3598e-11     15428 1397 15428     2    35      0 25575  2.5e-11        -
6392  3.0278e-07  2.3598e-11     15438 1397 15438     2    35      0 25595  2.5e-11        -
6398  3.0292e-07  2.3598e-11     15450 1397 15450     2    35      0 25619  2.4e-11        -
6402    3.03e-07  1.4021e-11 out 15458 1398 15458     2    35      0 25633  7.9e-13        -
6406  3.0311e-07  2.8041e-11     15466 1399 15466     2    35      0 25645    3e-11        -
6412  3.0328e-07  2.8041e-11     15478 1399 15478     2    35      0 25663  1.3e-11        -
6418  3.0345e-07  2.8041e-11     15490 1399 15490     2    35      0 25681  1.6e-11        -
6422  3.0355e-07  2.5671e-11     15502 1399 15502     2    35      0 25705  8.5e-11        -
6426  3.0365e-07  2.5671e-11     15514 1399 15514     2    35      0 25729  8.4e-11        -
6430  3.0376e-07  2.5671e-11     15526 1399 15526     2    35      0 25753  8.3e-11        -
6434  3.0386e-07  2.5671e-11     15538 1399 15538     2    35      0 25777  8.3e-11        -
6438  3.0396e-07  2.5671e-11     15550 1399 15550     2    35      0 25801  8.2e-11        -
6440    3.04e-07  1.8962e-11 out 15558 1401 15558     2    35      0 25815  5.2e-12        -
6444  3.0415e-07  3.7924e-11     15566 1402 15566     2    35      0 25827  1.6e-10        -
6450  3.0438e-07  3.7924e-11     15578 1402 15578     2    35      0 25845  1.5e-10        -
6455  3.0452e-07  2.2455e-11     15588 1403 15588     2    35      0 25860  1.1e-11        -
6461  3.0466e-07  2.2455e-11     15600 1403 15600     2    35      0 25878  6.4e-12        -
------     当前进度:  64 % - 
6466  3.0477e-07  2.2455e-11     15610 1403 15610     2    35      0 25893  6.2e-12        -
6472   3.049e-07  2.2455e-11     15622 1403 15622     2    35      0 25911  8.6e-12        -
6477    3.05e-07  1.4221e-11 out 15632 1404 15632     2    35      0 25926  7.9e-13        -
6481  3.0511e-07  2.8442e-11     15640 1405 15640     2    35      0 25938  2.4e-11        -
6486  3.0526e-07  2.8442e-11     15650 1405 15650     2    35      0 25953  2.8e-11        -
6491   3.054e-07  2.8442e-11     15660 1405 15660     2    35      0 25968  3.9e-11        -
6494  3.0548e-07  2.2467e-11     15670 1406 15670     2    35      0 25985  1.1e-11        -
6497  3.0559e-07  4.4934e-11     15676 1408 15676     2    35      0 25994  3.5e-10        -
6503  3.0586e-07  4.4934e-11     15688 1408 15688     2    35      0 26012  5.8e-10        -
6508  3.0605e-07  5.0655e-11     15698 1410 15698     2    35      0 26027  1.2e-09        -
6514  3.0635e-07  5.0655e-11     15710 1410 15710     2    35      0 26045  1.7e-09        -
6518  3.0655e-07  4.7379e-11     15721 1410 15721     2    35      0 26066  5.1e-10        -
6522  3.0674e-07  4.7379e-11     15733 1410 15733     2    35      0 26090  4.6e-10        -
6526  3.0693e-07  4.7379e-11     15745 1410 15745     2    35      0 26114  4.2e-10        -
6528    3.07e-07  3.6795e-11 out 15753 1412 15753     2    35      0 26128  2.1e-10        -
6533  3.0718e-07  3.6795e-11     15763 1412 15763     2    35      0 26143  3.5e-10        -
6538  3.0737e-07  3.6795e-11     15773 1412 15773     2    35      0 26158  2.5e-10        -
6541  3.0747e-07   2.923e-11     15783 1413 15783     2    35      0 26175  7.6e-11        -
6544  3.0759e-07   5.846e-11     15789 1415 15789     2    35      0 26184  1.7e-09        -
6549  3.0788e-07   5.846e-11     15799 1415 15799     2    35      0 26199  2.3e-09        -
6554  3.0809e-07  6.1551e-11     15809 1417 15809     2    35      0 26214    3e-09        -
6557  3.0826e-07  5.5396e-11     15821 1417 15821     2    35      0 26238  5.1e-10        -
6560  3.0842e-07  5.5396e-11     15833 1417 15833     2    35      0 26262  5.8e-10        -
6564  3.0858e-07  3.7648e-11     15841 1418 15841     2    35      0 26274  2.3e-10        -
6570   3.088e-07  3.7648e-11     15853 1418 15853     2    35      0 26292  3.8e-10        -
6575  3.0898e-07   2.411e-11     15863 1419 15863     2    35      0 26307  3.8e-11        -
6580  3.0919e-07  4.8219e-11     15873 1420 15873     2    35      0 26322  1.2e-09        -
6585  3.0943e-07  4.8219e-11     15883 1420 15883     2    35      0 26337  9.3e-10        -
6587   3.095e-07  3.3014e-11 out 15891 1422 15891     2    35      0 26351  1.3e-10        -
6593   3.097e-07  3.3014e-11     15903 1422 15903     2    35      0 26369  1.3e-10        -
6597  3.0983e-07  3.3014e-11     15911 1422 15911     2    35      0 26381    9e-11        -
6602  3.0998e-07  1.8899e-11     15921 1423 15921     2    35      0 26396  3.6e-12        -
6606  3.1011e-07  3.7798e-11     15929 1424 15929     2    35      0 26408    1e-10        -
6612  3.1034e-07  3.7798e-11     15941 1424 15941     2    35      0 26426  7.4e-11        -
6617   3.105e-07  2.3209e-11 out 15951 1425 15951     2    35      0 26441    1e-11        -
6622  3.1071e-07  4.6418e-11     15961 1426 15961     2    35      0 26456  2.1e-10        -
6628  3.1097e-07  2.9513e-11     15973 1427 15973     2    35      0 26474  4.9e-11        -
6633  3.1112e-07  2.9513e-11     15983 1427 15983     2    35      0 26489  5.3e-11        -
6639   3.113e-07  2.9513e-11     15995 1427 15995     2    35      0 26507  4.8e-11        -
6645  3.1147e-07  2.8656e-11     16007 1427 16007     2    35      0 26526  1.6e-10        -
6650  3.1161e-07  2.8656e-11     16017 1427 16017     2    35      0 26546  1.7e-10        -
6656  3.1179e-07  2.8656e-11     16029 1427 16029     2    35      0 26570  1.7e-10        -
6661  3.1193e-07  2.8656e-11     16039 1427 16039     2    35      0 26590  1.8e-10        -
6664    3.12e-07  2.0754e-11 out 16049 1429 16049     2    35      0 26608  4.1e-12        -
6669  3.1221e-07  4.1508e-11     16059 1430 16059     2    35      0 26623    2e-10        -
6675  3.1246e-07  4.1508e-11     16071 1430 16071     2    35      0 26641  1.6e-10        -
6680  3.1257e-07  2.1705e-11     16081 1431 16081     2    35      0 26656  7.7e-12        -
------     当前进度:  65 % - 正在组装残差
Memory: 1019/1051 1026/1062
6683  3.1267e-07   4.341e-11     16087 1432 16087     2    35      0 26665  2.8e-10        -
6688  3.1289e-07   4.341e-11     16097 1432 16097     2    35      0 26680  2.3e-10        -
6691    3.13e-07  3.2948e-11 out 16107 1434 16107     2    35      0 26697  6.8e-11        -
6697   3.132e-07  3.2948e-11     16119 1434 16119     2    35      0 26715  8.7e-11        -
6703   3.134e-07  3.2948e-11     16131 1434 16131     2    35      0 26733  5.5e-10        -
6708  3.1354e-07  3.8722e-11     16141 1436 16141     2    35      0 26748  1.3e-09        -
6713  3.1373e-07  3.8722e-11     16151 1436 16151     2    35      0 26763  4.9e-10        -
6719  3.1396e-07  3.7031e-11     16163 1436 16163     2    35      0 26782  1.1e-09        -
6725  3.1419e-07  3.7031e-11     16175 1436 16175     2    35      0 26806  1.1e-09        -
6730  3.1437e-07  3.7031e-11     16185 1436 16185     2    35      0 26826    1e-09        -
6733  3.1447e-07  2.7816e-11     16195 1437 16195     2    35      0 26845  7.5e-11        -
6737  3.1464e-07  5.5632e-11     16203 1439 16203     2    35      0 26857  4.5e-09        -
6743  3.1496e-07   4.138e-11     16219 1440 16219     2    35      0 26883  6.7e-10        -
6748  3.1517e-07   4.138e-11     16229 1441 16229     2    35      0 26898  5.8e-10        -
6754  3.1541e-07   4.138e-11     16241 1441 16241     2    35      0 26916  1.5e-09        -
6758  3.1554e-07  4.4824e-11     16249 1443 16249     2    35      0 26928  7.6e-10        -
6763  3.1577e-07  4.4824e-11     16259 1443 16259     2    35      0 26943  8.9e-10        -
6767  3.1595e-07  4.4824e-11     16267 1443 16267     2    35      0 26955  3.5e-10        -
6770  3.1605e-07  5.1757e-11     16273 1445 16273     2    35      0 26964  6.7e-10        -
6776  3.1636e-07  5.1757e-11     16285 1445 16285     2    35      0 26982    1e-08        -
6779   3.165e-07  4.2973e-11 out 16295 1447 16295     2    35      0 26999  3.3e-09        -
6785  3.1676e-07  4.2973e-11     16307 1447 16307     2    35      0 27017  1.3e-09        -
6790  3.1696e-07  3.5137e-11     16321 1448 16321     2    35      0 27040  3.1e-10        -
6795  3.1714e-07  3.5137e-11     16331 1449 16331     2    35      0 27055  2.5e-10        -
6800  3.1732e-07  3.5137e-11     16341 1449 16341     2    35      0 27070  6.5e-11        -
6805  3.1748e-07   2.161e-11     16351 1450 16351     2    35      0 27085  3.9e-12        -
6809  3.1763e-07  4.3219e-11     16359 1451 16359     2    35      0 27097    1e-10        -
6815  3.1789e-07  4.3219e-11     16371 1451 16371     2    35      0 27115    3e-10        -
6818    3.18e-07  3.3903e-11 out 16381 1453 16381     2    35      0 27132  8.8e-11        -
6823  3.1817e-07  3.3903e-11     16391 1453 16391     2    35      0 27147  1.4e-10        -
6829  3.1837e-07  3.3903e-11     16403 1453 16403     2    35      0 27165  2.7e-10        -
6832  3.1847e-07  2.9631e-11     16413 1454 16413     2    35      0 27182  1.6e-10        -
6837  3.1862e-07  2.9631e-11     16423 1455 16423     2    35      0 27197  1.7e-10        -
6843   3.188e-07  2.9631e-11     16435 1455 16435     2    35      0 27215    7e-11        -
6849  3.1897e-07  2.7764e-11     16448 1455 16448     2    35      0 27236  5.3e-11        -
6853  3.1908e-07  2.7764e-11     16460 1455 16460     2    35      0 27260  4.8e-11        -
6857  3.1919e-07  2.7764e-11     16472 1455 16472     2    35      0 27284  5.3e-11        -
6861  3.1931e-07  2.7764e-11     16484 1455 16484     2    35      0 27308    6e-11        -
6865  3.1942e-07  2.7764e-11     16496 1455 16496     2    35      0 27332  6.6e-11        -
6869   3.195e-07  1.4004e-11 out 16506 1456 16506     2    35      0 27350  1.7e-12        -
6874  3.1964e-07  2.8008e-11     16516 1457 16516     2    35      0 27365  8.4e-11        -
6880  3.1981e-07  2.8008e-11     16528 1457 16528     2    35      0 27383    1e-11        -
6886  3.1997e-07  2.5934e-11     16541 1457 16541     2    35      0 27404  8.9e-11        -
6890  3.2008e-07  2.5934e-11     16553 1457 16553     2    35      0 27428  9.2e-11        -
6894  3.2018e-07  2.5934e-11     16565 1457 16565     2    35      0 27452  9.5e-11        -
6898  3.2029e-07  2.5934e-11     16577 1457 16577     2    35      0 27476  9.9e-11        -
------     当前进度:  66 % - 正在组装残差
6902  3.2039e-07  2.5934e-11     16589 1457 16589     2    35      0 27500    1e-10        -
6906   3.205e-07  3.3184e-11 out 16602 1457 16602     2    35      0 27526  9.2e-11        -
6909   3.206e-07  3.3184e-11     16614 1457 16614     2    35      0 27550  9.7e-11        -
6912   3.207e-07  3.3184e-11     16626 1457 16626     2    35      0 27574    1e-10        -
6915   3.208e-07  3.3184e-11     16638 1457 16638     2    35      0 27598  1.1e-10        -
6917  3.2087e-07  3.3184e-11     16646 1457 16646     2    35      0 27614  1.1e-10        -
6920  3.2096e-07  3.3184e-11     16658 1457 16658     2    35      0 27638  1.2e-10        -
6923  3.2104e-07  3.5417e-11     16664 1459 16664     2    35      0 27647  3.2e-10        -
6927  3.2118e-07  3.5417e-11     16672 1459 16672     2    35      0 27659  1.3e-09        -
6932  3.2135e-07  3.5417e-11     16682 1459 16682     2    35      0 27674    4e-12        -
6936  3.2148e-07  1.9789e-11     16690 1460 16690     2    35      0 27686  3.1e-11        -
6940  3.2162e-07  3.9579e-11     16698 1461 16698     2    35      0 27698  1.6e-09        -
6945  3.2182e-07  3.9579e-11     16708 1461 16708     2    35      0 27713  1.7e-09        -
6949  3.2197e-07  3.2316e-11     16720 1462 16720     2    35      0 27733  4.7e-10        -
6953   3.221e-07  3.2316e-11     16728 1463 16728     2    35      0 27745  4.7e-10        -
6958  3.2226e-07  3.2316e-11     16738 1463 16738     2    35      0 27760  3.1e-10        -
6963  3.2242e-07  3.2316e-11     16748 1463 16748     2    35      0 27775  3.5e-10        -
6965  3.2248e-07  2.3789e-11     16756 1464 16756     2    35      0 27789  4.5e-10        -
6968  3.2257e-07  4.7578e-11     16762 1466 16762     2    35      0 27798  1.4e-08        -
6973  3.2281e-07  4.7578e-11     16772 1466 16772     2    35      0 27813    5e-09        -
6977  3.2298e-07  2.4002e-11     16780 1467 16780     2    35      0 27825  7.2e-10        -
6981  3.2312e-07  4.8005e-11     16788 1468 16788     2    35      0 27837  3.4e-08        -
6986  3.2336e-07  4.8005e-11     16798 1468 16798     2    35      0 27852  6.5e-09        -
6990  3.2355e-07  4.5981e-11     16809 1468 16809     2    35      0 27873  5.8e-10        -
6994  3.2373e-07  4.5981e-11     16821 1468 16821     2    35      0 27897  5.2e-10        -
6998  3.2391e-07  4.5981e-11     16833 1468 16833     2    35      0 27921  4.3e-10        -
7001  3.2404e-07  4.3087e-11     16845 1468 16845     2    35      0 27945  6.8e-10        -
7004  3.2417e-07  4.3087e-11     16857 1468 16857     2    35      0 27969  6.1e-10        -
7006  3.2426e-07  4.3087e-11     16867 1469 16867     2    35      0 27988  2.6e-10        -
7010  3.2443e-07  4.3087e-11     16875 1470 16875     2    35      0 28000  2.9e-12        -
7012   3.245e-07  3.4566e-11 out 16883 1472 16883     2    35      0 28014  9.6e-13        -
7017  3.2467e-07  3.4566e-11     16893 1472 16893     2    35      0 28029    8e-13        -
7023  3.2488e-07  3.4566e-11     16905 1472 16905     2    35      0 28047  2.2e-13        -
7026  3.2497e-07  2.5324e-11     16915 1473 16915     2    35      0 28064  4.5e-14        -
7030  3.2533e-07  1.7403e-10     16919 1477 16919     2    35      0 28064        0        -
7037    3.28e-07       5e-10 out 16926 1478 16926     2    35      0 28064        0        -
7047    3.33e-07       5e-10 out 16936 1478 16936     2    35      0 28064        0        -
7056   3.375e-07       5e-10 out 16945 1478 16945     2    35      0 28064        0        -
7063    3.41e-07       5e-10 out 16952 1478 16952     2    35      0 28064        0        -
7073    3.46e-07       5e-10 out 16962 1478 16962     2    35      0 28064        0        -
7082   3.505e-07       5e-10 out 16971 1478 16971     2    35      0 28064        0        -
7090   3.545e-07       5e-10 out 16979 1478 16979     2    35      0 28064        0        -
7100   3.595e-07       5e-10 out 16989 1478 16989     2    35      0 28064        0        -
7110   3.645e-07       5e-10 out 16999 1478 16999     2    35      0 28064        0        -
7120   3.695e-07       5e-10 out 17009 1478 17009     2    35      0 28064        0        -
7130   3.745e-07       5e-10 out 17019 1478 17019     2    35      0 28064        0        -
7140   3.795e-07       5e-10 out 17029 1478 17029     2    35      0 28064        0        -
-------    当前进度:  78 % - 正在组装残差
7150   3.845e-07       5e-10 out 17039 1478 17039     2    35      0 28064        0        -
7160   3.895e-07       5e-10 out 17049 1478 17049     2    35      0 28064        0        -
7170   3.945e-07       5e-10 out 17059 1478 17059     2    35      0 28064        0        -
7178   3.985e-07       5e-10 out 17067 1478 17067     2    35      0 28064        0        -
7188   4.035e-07       5e-10 out 17077 1478 17077     2    35      0 28064        0        -
7198   4.085e-07       5e-10 out 17087 1478 17087     2    35      0 28064        0        -
7208   4.135e-07       5e-10 out 17097 1478 17097     2    35      0 28064        0        -
7218   4.185e-07       5e-10 out 17107 1478 17107     2    35      0 28064        0        -
7227    4.23e-07       5e-10 out 17116 1478 17116     2    35      0 28064        0        -
7237    4.28e-07       5e-10 out 17126 1478 17126     2    35      0 28064        0        -
7247    4.33e-07       5e-10 out 17136 1478 17136     2    35      0 28064        0        -
7256   4.375e-07       5e-10 out 17145 1478 17145     2    35      0 28064        0        -
7266   4.425e-07       5e-10 out 17155 1478 17155     2    35      0 28064        0        -
7276   4.475e-07       5e-10 out 17165 1478 17165     2    35      0 28064        0        -
7285    4.52e-07       5e-10 out 17174 1478 17174     2    35      0 28064        0        -
7295    4.57e-07       5e-10 out 17184 1478 17184     2    35      0 28064        0        -
7305    4.62e-07       5e-10 out 17194 1478 17194     2    35      0 28064        0        -
7315    4.67e-07       5e-10 out 17204 1478 17204     2    35      0 28064        0        -
7322   4.705e-07       5e-10 out 17211 1478 17211     2    35      0 28064        0        -
7331    4.75e-07       5e-10 out 17220 1478 17220     2    35      0 28064        0        -
7341     4.8e-07       5e-10 out 17230 1478 17230     2    35      0 28064        0        -
7350   4.845e-07       5e-10 out 17239 1478 17239     2    35      0 28064        0        -
7360   4.895e-07       5e-10 out 17249 1478 17249     2    35      0 28064        0        -
7369    4.94e-07       5e-10 out 17258 1478 17258     2    35      0 28064        0        -
7378   4.985e-07       5e-10 out 17267 1478 17267     2    35      0 28064        0        -
7381       5e-07       5e-10 out 17270 1478 17270     2    35      0 28064        0        -
---------- 当前进度: 100 % - 
求解时间：12 s。
物理内存: 1.04 GB
虚拟内存: 1.05 GB
结束时间：2026年9月4日 00:28:31。
----- Study 2 - Single_Muon_Diagnostic/解 2 (sol2) 中的“瞬态求解器 1” ----------------->
CHECKPOINT_SINGLE_MUON_SOLVED=E:\imp\imp\project\muon-ion_beam\stage1_3d_feasibility\comsol\stage1_3d_feasibility.mph
BUILD_STAGE1_3D_PHASE=RESULTS
           当前进度:   0 % - 
Memory: 1037/1051 1044/1062
---------  当前进度:  95 % - 正在计算
Memory: 1048/1052 1055/1062

/***************/
/*****错误********/
/***************/
运行 Java 类时出错。
无法计算表达式。
未定义变量。
 - 变量: E_total
 - 几何: geom1
 - 域: 1
无法计算表达式。
 - 表达式: E_total
无法计算表达式。
 - 表达式: comp1.maxop_es(E_total)
无法计算变量。
 - 变量: comp1.max_E_total
 - 定义为: comp1.maxop_es(E_total)
无法计算表达式。
 - 表达式: comp1.max_E_total
 - 特征: 全局计算
无法计算表达式。
 - 类: BuildStage1_3D
总时间: 34 s.
