*******************************************
***COMSOL 6.4.0.293 progress output file***
*******************************************
Fri Sep 04 00:31:33 CST 2026
COMSOL Multiphysics 6.4 (开发版本: 293) 在批处理模式下启动
正在运行: E:\imp\imp\project\muon-ion_beam\stage1_3d_feasibility\scripts\BuildStage1_3D.class
BUILD_STAGE1_3D_ROOT=E:\imp\imp\project\muon-ion_beam\stage1_3d_feasibility
BUILD_STAGE1_3D_STOPPING_FILE=E:\imp\imp\project\muon-ion_beam\muon\ne\comsol_muNe_SN.txt
BUILD_STAGE1_3D_PHASE=CREATE_MODEL
---------- 当前进度: 100 % - 正在更新选择
Memory: 386/386 395/395
           当前进度:   0 % - Grounded outer shell / bore boundary
Memory: 397/397 406/406
           当前进度:   4 % - Uniform Ne gas volume before electrode subtraction
Memory: 408/408 411/414
           当前进度:   8 % - Gas cutter reserved for dielectric liner
-          当前进度:  12 % - Representative alumina dielectric liner
Memory: 408/408 412/414
-          当前进度:  12 % - 执行布尔操作
Memory: 412/412 414/414
-----      当前进度:  52 % - V1 electrode outer blank
-----      当前进度:  56 % - V1 aperture cutter
------     当前进度:  60 % - V1 finite-thickness annular electrode
------     当前进度:  60 % - 执行布尔操作
           当前进度:   0 % - V1 electrode, 1 mm rounded edges
Memory: 414/414 415/415
GEOMETRY_ELECTRODE_ROUNDED=V1
           当前进度:   0 % - V2 electrode outer blank
Memory: 415/415 415/415
           当前进度:   8 % - V2 aperture cutter
-          当前进度:  17 % - V2 finite-thickness annular electrode
-          当前进度:  17 % - 执行布尔操作
           当前进度:   0 % - V2 electrode, 1 mm rounded edges
Memory: 416/416 415/415
GEOMETRY_ELECTRODE_ROUNDED=V2
           当前进度:   0 % - V3 electrode outer blank
Memory: 416/416 416/416
           当前进度:   8 % - V3 aperture cutter
-          当前进度:  17 % - V3 finite-thickness annular electrode
Memory: 417/417 417/417
-          当前进度:  17 % - 执行布尔操作
Memory: 418/418 418/418
           当前进度:   0 % - V3 electrode, 1 mm rounded edges
GEOMETRY_ELECTRODE_ROUNDED=V3
           当前进度:   0 % - V4 electrode outer blank
Memory: 419/419 419/419
           当前进度:   8 % - V4 aperture cutter
-          当前进度:  17 % - V4 finite-thickness annular electrode
-          当前进度:  17 % - 执行布尔操作
           当前进度:   0 % - V4 electrode, 1 mm rounded edges
GEOMETRY_ELECTRODE_ROUNDED=V4
           当前进度:   0 % - Ne gas domain excluding four electrode solids
           当前进度:   0 % - 执行布尔操作
Memory: 420/420 419/419
-----      当前进度:  50 % - 形成联合体
-----      当前进度:  50 % - 执行布尔操作
---------- 当前进度: 100 % - 正在更新选择
Memory: 421/421 419/419
GEOMETRY_SELECTION_TAGS=[geom1_outer0_pnt, geom1_outer0_edg, geom1_outer0_bnd, geom1_outer0_dom, geom1_gas0_pnt, geom1_gas0_edg, geom1_gas0_bnd, geom1_gas0_dom, geom1_diel0_pnt, geom1_diel0_edg, geom1_diel0_bnd, geom1_diel0_dom, geom1_v1_ring_pnt, geom1_v1_ring_edg, geom1_v1_ring_bnd, geom1_v1_ring_dom, geom1_v1_rounded_pnt, geom1_v1_rounded_edg, geom1_v1_rounded_bnd, geom1_v1_rounded_dom, geom1_v2_ring_pnt, geom1_v2_ring_edg, geom1_v2_ring_bnd, geom1_v2_ring_dom, geom1_v2_rounded_pnt, geom1_v2_rounded_edg, geom1_v2_rounded_bnd, geom1_v2_rounded_dom, geom1_v3_ring_pnt, geom1_v3_ring_edg, geom1_v3_ring_bnd, geom1_v3_ring_dom, geom1_v3_rounded_pnt, geom1_v3_rounded_edg, geom1_v3_rounded_bnd, geom1_v3_rounded_dom, geom1_v4_ring_pnt, geom1_v4_ring_edg, geom1_v4_ring_bnd, geom1_v4_ring_dom, geom1_v4_rounded_pnt, geom1_v4_rounded_edg, geom1_v4_rounded_bnd, geom1_v4_rounded_dom, geom1_gaswork_pnt, geom1_gaswork_edg, geom1_gaswork_bnd, geom1_gaswork_dom]
GEOMETRY_DOMAINS_GAS=[2]
GEOMETRY_DOMAINS_DIELECTRIC=[1]
GEOMETRY_BND_V1=[9, 10, 11, 12, 25, 26, 35, 39, 43, 47]
GEOMETRY_BND_OUTER=[1, 2, 3, 4, 33, 52]
           当前进度:   0 % - 点 1
Memory: 473/473 471/471
---------- 当前进度: 100 % - 正在更新选择
Memory: 471/473 469/471
BUILD_STAGE1_3D_PHASE=MESH
           当前进度:   0 % - 自由四面体网格
Memory: 533/533 531/531
顶点单元数：80
-          当前进度:  16 % - 调整边界网格
Memory: 545/545 539/539
--         当前进度:  23 % - 正在创建边界网格
Memory: 546/548 539/545
边单元数：1448
边界单元数：20562
----       当前进度:  42 % - 正在创建初始四面体网格
Memory: 559/559 556/556
----       当前进度:  47 % - 相关边界
Memory: 564/566 557/561
------     当前进度:  65 % - 相关边界
Memory: 564/566 558/567
--------   当前进度:  82 % - 正在提高单元质量
Memory: 571/572 571/573
单元数：82371
最小单元质量：0.1802
---------- 当前进度: 100 % - 正在定型网格
Memory: 571/572 567/573
CHECKPOINT_CADLIKE_GEOMETRY_AND_MODEL_SAVED=E:\imp\imp\project\muon-ion_beam\stage1_3d_feasibility\comsol\stage1_3d_feasibility.mph
BUILD_STAGE1_3D_PHASE=SOLVE_ELECTROSTATICS
           当前进度:   2 % - 生成方程
Memory: 595/596 589/591
           当前进度:   3 % - 生成方程
Memory: 607/612 601/606
<---- Study 1 - 3D Electrostatics stationary/解 1 (sol1) 中的“编译方程: 稳态” -----------
开始于 2026年9月4日 00:31:43。
几何形函数: 二次拉格朗日单元
几何形函数: 二次拉格朗日单元
在 Intel64 Family 6 Model 186 Stepping 2, GenuineIntel 上运行。
在以下位置使用 1 个插槽： 陈红星 上（共 1 个内核）。
可用内存：15.90 GB。
           当前进度:   3 % - 编译方程: 稳态
Memory: 852/852 845/845
           当前进度:   6 % - 编译方程: 稳态
Memory: 888/888 897/897
           当前进度:   7 % - 编译方程: 稳态
Memory: 901/915 909/928
时间：2。
物理内存: 915 MB
虚拟内存: 928 MB
Warning: 自由空间采用真空条件，这会导致某些材料属性被忽略。请考虑为忽略的材料添加合适的物理场特征。

  - 节点: 自由空间 1

  - 物理场: Electrostatics: four finite-thickness rounded ring electrodes (es)

  - Materials: Natural Neon gas, representative relative permittivity (mat_gas), Representative alumina ceramic; epsilon_r=9.4 assumption (mat_diel)

  - Quantities: 相对介电常数, 相对介电常数
结束时间：2026年9月4日 00:31:45。
----- Study 1 - 3D Electrostatics stationary/解 1 (sol1) 中的“编译方程: 稳态” ---------->
<---- Study 1 - 3D Electrostatics stationary/解 1 (sol1) 中的“因变量 1” --------------
开始于 2026年9月4日 00:31:45。
           当前进度:   7 % - 因变量 1
Memory: 919/919 920/928
求解时间：0 s。
物理内存: 920 MB
虚拟内存: 922 MB
结束时间：2026年9月4日 00:31:45。
----- Study 1 - 3D Electrostatics stationary/解 1 (sol1) 中的“因变量 1” ------------->
<---- Study 1 - 3D Electrostatics stationary/解 1 (sol1) 中的“稳态求解器 1” ------------
开始于 2026年9月4日 00:31:45。
线性求解器 
求解的自由度数：122163。
--         当前进度:  23 % - 组装稀疏模式
Memory: 950/950 951/951
---        当前进度:  33 % - 组装矩阵
Memory: 962/962 961/961
找到对称矩阵。
缩放因变量：
电势 (comp1.V): 1
已使用正交零空间函数。
---        当前进度:  38 % - 
Memory: 1006/1007 1008/1010
---        当前进度:  38 % - 组装延展
Memory: 1002/1018 1002/1022
-----      当前进度:  56 % - 组装矩阵
Memory: 991/1018 991/1022
Iter      SolEst     Damping    Stepsize #Res #Jac #Sol LinIt   LinErr   LinRes
---------  当前进度:  98 % - 求解线性方程组
Memory: 1002/1018 1019/1022
   1        0.76   1.0000000        0.76    1    1    1     4  2.8e-05  5.4e-08
---------- 当前进度: 100 % - 
Memory: 960/1018 973/1022
求解时间：3 s。
物理内存: 1.02 GB
虚拟内存: 1.02 GB
结束时间：2026年9月4日 00:31:48。
----- Study 1 - 3D Electrostatics stationary/解 1 (sol1) 中的“稳态求解器 1” ----------->
CHECKPOINT_3D_ELECTROSTATICS_SOLVED=E:\imp\imp\project\muon-ion_beam\stage1_3d_feasibility\comsol\stage1_3d_feasibility.mph
BUILD_STAGE1_3D_PHASE=SOLVE_SINGLE_MUON
           当前进度:   0 % - Study 2 - Single_Muon_Diagnostic
Memory: 959/1018 971/1022
           当前进度:   3 % - Study 2 - Single_Muon_Diagnostic
Memory: 958/1018 970/1022
<---- Study 2 - Single_Muon_Diagnostic/解 2 (sol2) 中的“编译方程: 瞬态” -----------------
开始于 2026年9月4日 00:31:49。
几何形函数: 二次拉格朗日单元
几何形函数: 二次拉格朗日单元
在 Intel64 Family 6 Model 186 Stepping 2, GenuineIntel 上运行。
在以下位置使用 1 个插槽： 陈红星 上（共 1 个内核）。
可用内存：15.90 GB。
           当前进度:   3 % - 生成方程
Memory: 963/1018 975/1022
           当前进度:   4 % - 编译方程: 瞬态
Memory: 1058/1058 1081/1081
           当前进度:   5 % - 编译方程: 瞬态
Memory: 1065/1084 1078/1100
时间：1。
物理内存: 1.08 GB
虚拟内存: 1.1 GB
Warning: 自由空间采用真空条件，这会导致某些材料属性被忽略。请考虑为忽略的材料添加合适的物理场特征。

  - 节点: 自由空间 1

  - 物理场: Electrostatics: four finite-thickness rounded ring electrodes (es)

  - Materials: Natural Neon gas, representative relative permittivity (mat_gas), Representative alumina ceramic; epsilon_r=9.4 assumption (mat_diel)

  - Quantities: 相对介电常数, 相对介电常数
结束时间：2026年9月4日 00:31:50。
----- Study 2 - Single_Muon_Diagnostic/解 2 (sol2) 中的“编译方程: 瞬态” ---------------->
<---- Study 2 - Single_Muon_Diagnostic/解 2 (sol2) 中的“因变量 1” --------------------
开始于 2026年9月4日 00:31:50。
不求解变量的值: 解 1 (sol1).
           当前进度:   5 % - 因变量 1
Memory: 1053/1084 1061/1100
求解时间：0 s。
物理内存: 1.06 GB
虚拟内存: 1.08 GB
结束时间：2026年9月4日 00:31:51。
----- Study 2 - Single_Muon_Diagnostic/解 2 (sol2) 中的“因变量 1” ------------------->
<---- Study 2 - Single_Muon_Diagnostic/解 2 (sol2) 中的“瞬态求解器 1” ------------------
开始于 2026年9月4日 00:31:51。
瞬态求解器（广义 α）
求解的自由度数：3（加上 4 个内部自由度）。
找到非对称矩阵。
缩放因变量：
颗粒位置 (comp1.qcpt): 1
Step        Time    Stepsize      Res  Jac  Sol Order Tfail NLfail LinIt   LinErr   LinRes
   0           0           - out    2    3    2                  0     0        0        0
   1    1.25e-10    1.25e-10        8    6    8     2     2      0    12  2.6e-09        -
   2   2.316e-10   1.066e-10       14    7   14     2     2      0    23  1.2e-09        -
   4  4.1377e-10  8.6229e-11       22    9   22     2     2      0    37  5.5e-10        -
   5       5e-10  8.6229e-11 out   24   10   24     2     2      0    40  6.2e-10        -
   7  6.6384e-10  7.7606e-11       32   11   32     2     2      0    54  4.6e-10        -
   9  8.1129e-10  6.9846e-11       40   13   40     2     2      0    68  3.3e-10        -
  11  9.4057e-10  5.9433e-11       48   15   48     2     2      0    82    3e-10        -
  14  1.1189e-09  5.9433e-11       54   16   54     2     2      0    91  3.9e-10        -
  17  1.2972e-09  5.9433e-11       60   16   60     2     2      0   100  4.2e-10        -
  20   1.458e-09  4.1985e-11       70   17   70     2     2      0   117  6.9e-11        -
  22   1.542e-09  4.1985e-11       74   18   74     2     2      0   123  6.9e-11        -
  26  1.7099e-09  4.1985e-11       82   18   82     2     2      0   135  5.3e-11        -
  30  1.8779e-09  4.1985e-11       90   18   90     2     2      0   147    4e-11        -
  33       2e-09  4.0077e-11 out   98   18   98     2     2      0   162  1.8e-11        -
  36  2.1202e-09  4.0077e-11      107   18  107     2     2      0   180  1.7e-11        -
  39  2.2405e-09  4.0077e-11      116   18  116     2     2      0   198  1.7e-11        -
  42  2.3607e-09  4.0077e-11      125   18  125     2     2      0   216  1.6e-11        -
           当前进度:   7 % - 正在组装残差
Memory: 1056/1084 1063/1100
  45  2.4704e-09  2.9576e-11      137   19  137     2     2      0   239    5e-12        -
  47  2.5592e-09  5.9151e-11      141   21  141     2     2      0   245  2.2e-10        -
  51  2.7958e-09  5.9151e-11      149   21  149     2     2      0   257  2.1e-10        -
  54   2.957e-09  4.2971e-11      159   22  159     2     2      0   274    4e-11        -
  57  3.0859e-09  4.2971e-11      165   23  165     2     2      0   283  3.8e-11        -
  61  3.2578e-09  4.2971e-11      173   23  173     2     2      0   295  3.5e-11        -
  65  3.4297e-09  4.2971e-11      181   23  181     2     2      0   307  3.2e-11        -
  66  3.4649e-09  3.5144e-11      187   24  187     2     2      0   318  1.1e-11        -
  68  3.5703e-09  7.0288e-11      191   26  191     2     2      0   324  3.3e-10        -
  72  3.8514e-09  7.0288e-11      199   26  199     2     2      0   336  2.2e-10        -
  75       4e-09  3.9137e-11 out  205   27  205     2     2      0   345    8e-12        -
  77  4.1174e-09  7.8273e-11      209   28  209     2     2      0   351    3e-10        -
  78  4.1879e-09  7.0446e-11      215   29  215     2     2      0   362  1.6e-10        -
  81  4.3992e-09  7.0446e-11      221   30  221     2     2      0   371  8.1e-11        -
  83     4.5e-09  5.0403e-11 out  229   32  229     2     2      0   385  1.7e-11        -
  87  4.7016e-09  5.0403e-11      237   32  237     2     2      0   397    2e-11        -
  91  4.9032e-09  5.0403e-11      245   32  245     2     2      0   409  1.8e-11        -
  94  5.0484e-09  4.8386e-11      254   32  254     2     2      0   427  7.3e-12        -
  97  5.1935e-09  4.8386e-11      263   32  263     2     2      0   445  7.5e-12        -
 100  5.3387e-09  4.8386e-11      272   32  272     2     2      0   463  8.1e-12        -
 103  5.4677e-09  3.2262e-11      280   33  280     2     2      0   478  2.1e-12        -
 106   5.629e-09  6.4525e-11      286   34  286     2     2      0   487  8.5e-11        -
 111  5.9436e-09  5.6426e-11      300   35  300     2     2      0   510  7.7e-11        -
 114  6.1129e-09  5.6426e-11      306   36  306     2     2      0   519  8.5e-11        -
 119   6.395e-09  5.6426e-11      316   36  316     2     2      0   534  1.1e-10        -
 121     6.5e-09  5.2509e-11 out  324   36  324     2     2      0   550  1.3e-11        -
 123   6.605e-09  5.2509e-11      332   36  332     2     2      0   566  1.4e-11        -
 125    6.71e-09  5.2509e-11      340   36  340     2     2      0   582  1.5e-11        -
 127  6.8151e-09  5.2509e-11      348   36  348     2     2      0   598  1.6e-11        -
 129  6.9201e-09  5.2509e-11      356   36  356     2     2      0   614  1.7e-11        -
 130    6.96e-09  3.9963e-11      362   37  362     2     2      0   625  2.3e-11        -
 132    7.04e-09  3.9963e-11      366   38  366     2     2      0   631  2.4e-11        -
 135  7.1599e-09  3.9963e-11      372   38  372     2     2      0   640  2.3e-11        -
 139  7.3197e-09  3.9963e-11      380   38  380     2     2      0   652  2.3e-11        -
 143  7.4698e-09  3.0206e-11      392   39  392     2     2      0   672  6.3e-12        -
 145  7.5604e-09  6.0411e-11      396   41  396     2     2      0   678  2.1e-10        -
 149  7.8021e-09  6.0411e-11      404   41  404     2     2      0   690  2.4e-10        -
 153       8e-09  3.8561e-11 out  412   42  412     2     2      0   702  2.7e-11        -
 158  8.1928e-09  3.8561e-11      422   42  422     2     2      0   717  2.9e-11        -
 163  8.3856e-09  3.8561e-11      432   42  432     2     2      0   732  5.5e-11        -
 168  8.5758e-09  3.7917e-11      442   42  442     2     2      0   751  5.3e-11        -
 173  8.7654e-09  3.7917e-11      452   42  452     2     2      0   771  5.2e-11        -
           当前进度:   8 % - 正在组装残差
 178   8.955e-09  3.7917e-11      462   42  462     2     2      0   791  4.9e-11        -
 181   9.045e-09  4.4993e-11      468   44  468     2     2      0   800  9.8e-11        -
 184    9.18e-09  4.4993e-11      474   44  474     2     2      0   809  7.3e-11        -
 188  9.3599e-09  4.4993e-11      482   44  482     2     2      0   821  5.6e-11        -
 192     9.5e-09  2.5033e-11 out  490   45  490     2     2      0   833  3.2e-12        -
 195  9.6502e-09  5.0066e-11      496   46  496     2     2      0   842  7.9e-11        -
 200  9.9005e-09  5.0066e-11      506   46  506     2     2      0   857  6.9e-11        -
 203   1.005e-08  4.9736e-11      512   46  512     2     2      0   869  3.9e-11        -
 207  1.0249e-08  4.9736e-11      520   46  520     2     2      0   885  3.6e-11        -
 212  1.0474e-08  2.6188e-11      530   47  530     2     2      0   904  3.2e-12        -
 216  1.0657e-08  5.2377e-11      538   48  538     2     2      0   916  9.5e-11        -
 220  1.0867e-08  5.2377e-11      546   48  546     2     2      0   928  8.1e-11        -
 222   1.096e-08  4.0493e-11      554   49  554     2     2      0   942  2.1e-11        -
 226  1.1121e-08  4.0493e-11      562   50  562     2     2      0   954  1.8e-11        -
 231  1.1324e-08  4.0493e-11      572   50  572     2     2      0   969    1e-11        -
 235  1.1473e-08  2.7288e-11      584   51  584     2     2      0   989  1.8e-12        -
 238  1.1609e-08  5.4576e-11      590   53  590     2     2      0   998  4.1e-11        -
 243  1.1882e-08  5.4576e-11      600   53  600     2     2      0  1013  2.5e-11        -
 247  1.2063e-08  6.3393e-11      608   55  608     2     2      0  1025  4.8e-11        -
 252   1.238e-08  6.3393e-11      618   55  618     2     2      0  1040    4e-11        -
 256   1.262e-08  5.9821e-11      630   55  630     2     2      0  1064    4e-11        -
 260  1.2859e-08  5.9821e-11      642   55  642     2     2      0  1088  4.5e-11        -
 264  1.3041e-08  4.0625e-11      651   56  651     2     2      0  1103  8.7e-12        -
 269  1.3244e-08  4.0625e-11      661   56  661     2     2      0  1118  1.4e-11        -
 274  1.3447e-08  4.0625e-11      671   56  671     2     2      0  1133  1.6e-11        -
 277  1.3553e-08  5.3127e-11      677   58  677     2     2      0  1142  6.5e-11        -
 281  1.3766e-08  5.3127e-11      685   58  685     2     2      0  1154  7.9e-11        -
 285  1.3963e-08  3.7491e-11      697   59  697     2     2      0  1174  1.6e-11        -
 289  1.4112e-08  3.7491e-11      705   60  705     2     2      0  1186  1.6e-11        -
 294    1.43e-08  3.7491e-11      715   60  715     2     2      0  1201  1.6e-11        -
 298  1.4456e-08  4.3798e-11      727   61  727     2     2      0  1221  3.7e-11        -
 302  1.4631e-08  4.3798e-11      735   62  735     2     2      0  1233  3.5e-11        -
 307   1.485e-08  4.3798e-11      745   62  745     2     2      0  1248    4e-11        -
 310  1.4969e-08   3.101e-11      755   63  755     2     2      0  1265  7.7e-12        -
 313  1.5124e-08  6.2021e-11      761   65  761     2     2      0  1274  2.6e-10        -
 318  1.5434e-08  6.2021e-11      771   65  771     2     2      0  1289    3e-10        -
 322  1.5599e-08  6.5854e-11      779   67  779     2     2      0  1301  4.2e-10        -
 324  1.5717e-08  5.9269e-11      787   69  787     2     2      0  1315  4.6e-10        -
 328  1.5948e-08  5.2437e-11      799   70  799     2     2      0  1335  2.7e-10        -
 331  1.6105e-08  5.2437e-11      805   71  805     2     2      0  1344  2.6e-10        -
 336  1.6367e-08  5.2437e-11      815   71  815     2     2      0  1359  2.2e-10        -
 338   1.646e-08  4.0251e-11      823   72  823     2     2      0  1373  5.6e-11        -
 342  1.6621e-08  4.0251e-11      831   73  831     2     2      0  1385    4e-11        -
 348  1.6862e-08  4.0251e-11      843   73  843     2     2      0  1403  3.2e-11        -
 351  1.6971e-08  2.8618e-11      853   74  853     2     2      0  1420  5.9e-12        -
 354  1.7114e-08  5.7235e-11      859   76  859     2     2      0  1429  1.5e-10        -
 359  1.7401e-08  5.7235e-11      869   76  869     2     2      0  1444  1.8e-10        -
-          当前进度:  10 % - 正在组装残差
 361    1.75e-08  4.9677e-11 out  877   78  877     2     2      0  1458  8.8e-11        -
 366  1.7748e-08  4.9677e-11      887   78  887     2     2      0  1473  8.3e-11        -
 371  1.7974e-08  2.6453e-11      897   79  897     2     2      0  1488  3.2e-12        -
 375  1.8159e-08  5.2906e-11      905   80  905     2     2      0  1500  9.3e-11        -
 380  1.8423e-08  5.2906e-11      915   80  915     2     2      0  1515  7.6e-11        -
 382    1.85e-08  3.8374e-11 out  923   82  923     2     2      0  1529  1.4e-11        -
 384  1.8646e-08  6.9074e-11      931   84  931     2     2      0  1543  1.9e-10        -
 387  1.8853e-08  6.9074e-11      937   85  937     2     2      0  1552  1.2e-10        -
 391  1.9078e-08  7.7884e-11      945   87  945     2     2      0  1564  2.1e-10        -
 393  1.9218e-08  7.0096e-11      953   89  953     2     2      0  1578  9.4e-11        -
 397  1.9464e-08  3.5819e-11      961   90  961     2     2      0  1590  3.7e-12        -
 401  1.9715e-08  7.1637e-11      969   91  969     2     2      0  1602    1e-10        -
 406  2.0071e-08  7.0906e-11      979   91  979     2     2      0  1620  8.1e-11        -
 409  2.0277e-08  6.3816e-11      989   92  989     2     2      0  1639  6.4e-11        -
 412  2.0452e-08  4.7917e-11      999   94  999     2     2      0  1656    2e-11        -
 416  2.0644e-08  4.7917e-11     1007   95 1007     2     2      0  1668  3.2e-11        -
 422  2.0931e-08  4.7917e-11     1019   95 1019     2     2      0  1686  3.9e-11        -
 424     2.1e-08  3.4375e-11 out 1027   97 1027     2     2      0  1700  7.7e-12        -
 429  2.1172e-08  3.4375e-11     1037   97 1037     2     2      0  1715    1e-11        -
 435  2.1378e-08  3.4375e-11     1049   97 1049     2     2      0  1733    1e-11        -
 439  2.1622e-08  6.0936e-11     1057   98 1057     2     2      0  1745  1.8e-10        -
 444  2.1927e-08  6.0936e-11     1067   98 1067     2     2      0  1760  1.9e-10        -
 448   2.211e-08  7.3451e-11     1075  100 1075     2     2      0  1772  4.9e-10        -
 450  2.2242e-08  6.6106e-11     1083  102 1083     2     2      0  1786  3.1e-10        -
 454    2.25e-08  6.2701e-11 out 1095  102 1095     2     2      0  1808  1.7e-11        -
 457  2.2688e-08  6.2701e-11     1107  102 1107     2     2      0  1832  1.7e-11        -
 460  2.2876e-08  6.2701e-11     1119  102 1119     2     2      0  1856  1.8e-11        -
 462  2.2966e-08  3.3683e-11     1127  104 1127     2     2      0  1870  1.5e-11        -
 467  2.3135e-08  3.3683e-11     1137  104 1137     2     2      0  1885  2.8e-11        -
 472  2.3303e-08  3.3683e-11     1147  104 1147     2     2      0  1900  2.9e-11        -
 477  2.3469e-08  3.1063e-11     1159  104 1159     2     2      0  1920  4.9e-12        -
 480  2.3593e-08  6.2125e-11     1169  105 1169     2     2      0  1939  5.9e-10        -
 485  2.3904e-08  6.2125e-11     1179  105 1179     2     2      0  1954  4.8e-10        -
 487     2.4e-08  4.8092e-11 out 1187  107 1187     2     2      0  1968  9.9e-11        -
 492   2.424e-08  4.8092e-11     1197  107 1197     2     2      0  1983  7.9e-11        -
 497  2.4466e-08  3.3585e-11     1211  108 1211     2     2      0  2006    1e-11        -
 500  2.4628e-08  6.0453e-11     1221  111 1221     2     2      0  2023  1.8e-10        -
 505   2.493e-08  6.0453e-11     1231  112 1231     2     2      0  2038  2.3e-10        -
 509  2.5105e-08   7.011e-11     1239  114 1239     2     2      0  2050  4.7e-10        -
 511  2.5231e-08  6.3099e-11     1247  116 1247     2     2      0  2064  2.6e-10        -
 516    2.55e-08   3.967e-11 out 1257  117 1257     2     2      0  2079  2.3e-11        -
 518  2.5647e-08  6.8046e-11     1265  119 1265     2     2      0  2093    3e-10        -
 522   2.592e-08  6.8046e-11     1273  120 1273     2     2      0  2105  2.5e-10        -
 525   2.608e-08  8.0427e-11     1279  122 1279     2     2      0  2114  3.4e-10        -
 527  2.6225e-08  7.2101e-11     1287  124 1287     2     2      0  2128  1.5e-10        -
-          当前进度:  12 % - 正在组装残差
 531    2.65e-08  6.5584e-11 out 1299  124 1299     2     2      0  2150  4.4e-11        -
 534  2.6697e-08  6.5584e-11     1311  124 1311     2     2      0  2174    4e-11        -
 537  2.6894e-08  6.5584e-11     1323  124 1323     2     2      0  2198  3.7e-11        -
 539     2.7e-08  5.3248e-11 out 1331  126 1331     2     2      0  2212  2.4e-11        -
 545  2.7319e-08  5.3248e-11     1343  126 1343     2     2      0  2230  1.7e-11        -
 548  2.7463e-08  3.7009e-11     1353  127 1353     2     2      0  2247  3.7e-12        -
 552  2.7611e-08  3.7009e-11     1361  128 1361     2     2      0  2259  4.1e-12        -
 558  2.7833e-08  3.7009e-11     1373  128 1373     2     2      0  2277  5.5e-12        -
 562  2.7972e-08  2.7947e-11     1385  129 1385     2     2      0  2297  2.1e-12        -
 565  2.8112e-08  5.5893e-11     1391  131 1391     2     2      0  2306  7.3e-11        -
 571  2.8446e-08  5.4374e-11     1404  131 1404     2     2      0  2327  9.6e-12        -
 575  2.8663e-08  5.4374e-11     1416  131 1416     2     2      0  2351  1.1e-11        -
 579  2.8881e-08  5.4374e-11     1428  131 1428     2     2      0  2375  1.3e-11        -
 583  2.9033e-08  3.2504e-11     1437  132 1437     2     2      0  2390  7.9e-12        -
 588  2.9358e-08  6.5008e-11     1447  133 1447     2     2      0  2405  2.7e-10        -
 592  2.9577e-08  7.7447e-11     1455  135 1455     2     2      0  2417  6.6e-10        -
 594  2.9717e-08  6.9703e-11     1463  137 1463     2     2      0  2431  4.3e-10        -
 596  2.9842e-08  6.2732e-11     1471  139 1471     2     2      0  2445  2.4e-10        -
 599       3e-08  4.7475e-11 out 1481  141 1481     2     2      0  2462  7.2e-11        -
 605  3.0285e-08  4.7475e-11     1493  141 1493     2     2      0  2480    8e-11        -
 609  3.0464e-08  3.6361e-11     1505  142 1505     2     2      0  2500  3.9e-11        -
 613  3.0609e-08  3.6361e-11     1513  143 1513     2     2      0  2512  4.3e-11        -
 619  3.0827e-08  3.6361e-11     1525  143 1525     2     2      0  2530  4.2e-11        -
 623  3.0968e-08  3.1834e-11     1537  144 1537     2     2      0  2550  2.1e-11        -
 627  3.1096e-08  3.1834e-11     1545  145 1545     2     2      0  2562  1.8e-11        -
 631  3.1255e-08  6.3668e-11     1553  146 1553     2     2      0  2574  5.5e-10        -
 635    3.15e-08  5.8995e-11 out 1565  146 1565     2     2      0  2596  4.6e-11        -
 638  3.1677e-08  5.8995e-11     1577  146 1577     2     2      0  2620  4.4e-11        -
 641  3.1854e-08  5.8995e-11     1589  146 1589     2     2      0  2644  4.1e-11        -
 643  3.1956e-08  4.3519e-11     1599  147 1599     2     2      0  2663  3.6e-11        -
 647  3.2131e-08  4.3519e-11     1607  148 1607     2     2      0  2675  4.6e-11        -
 653  3.2392e-08  4.3519e-11     1619  148 1619     2     2      0  2693  4.5e-11        -
 655  3.2468e-08  3.2406e-11     1627  149 1627     2     2      0  2707  9.9e-12        -
 658   3.263e-08  6.4812e-11     1633  151 1633     2     2      0  2716    3e-10        -
 663  3.2944e-08  5.5565e-11     1647  152 1647     2     2      0  2739  1.2e-10        -
 667  3.3167e-08  5.5565e-11     1655  153 1655     2     2      0  2751  9.9e-11        -
 673    3.35e-08  5.5524e-11 out 1667  153 1667     2     2      0  2771  1.4e-13        -
 678  3.3778e-08  5.5524e-11     1677  153 1677     2     2      0  2791  1.8e-13        -
 682  3.3972e-08  2.7905e-11     1685  154 1685     2     2      0  2806  9.5e-13        -
 686  3.4167e-08  5.5811e-11     1693  155 1693     2     2      0  2818  2.5e-11        -
 691  3.4445e-08  5.4662e-11     1703  155 1703     2     2      0  2834  6.4e-11        -
 697  3.4773e-08  5.4662e-11     1715  155 1715     2     2      0  2858  6.7e-11        -
 702     3.5e-08  3.1353e-11 out 1725  156 1725     2     2      0  2876  1.8e-12        -
 706  3.5251e-08  6.2707e-11     1733  157 1733     2     2      0  2888  7.7e-11        -
 712  3.5624e-08  6.1879e-11     1745  157 1745     2     2      0  2910  1.1e-10        -
 718  3.5967e-08  3.3422e-11     1757  158 1757     2     2      0  2933  8.8e-12        -
-          当前进度:  13 % - 正在组装残差
Memory: 1056/1084 1062/1100
 721  3.6127e-08   6.016e-11     1767  160 1767     2     2      0  2950  1.7e-10        -
 726  3.6428e-08   6.016e-11     1777  161 1777     2     2      0  2965  2.6e-10        -
 730  3.6608e-08  7.2196e-11     1785  163 1785     2     2      0  2977  4.6e-10        -
 732  3.6738e-08  6.4977e-11     1793  165 1793     2     2      0  2991  2.7e-10        -
 737     3.7e-08  3.3412e-11 out 1803  166 1803     2     2      0  3006    1e-11        -
 741  3.7267e-08  6.6823e-11     1811  167 1811     2     2      0  3018  3.8e-10        -
 744   3.745e-08  4.9531e-11     1821  168 1821     2     2      0  3035  9.1e-11        -
 749  3.7698e-08  4.9531e-11     1831  169 1831     2     2      0  3050    1e-10        -
 754  3.7946e-08  4.9531e-11     1841  169 1841     2     2      0  3065  1.9e-10        -
 757  3.8054e-08  5.4223e-11     1847  171 1847     2     2      0  3074  3.2e-10        -
 763   3.838e-08  5.4223e-11     1859  171 1859     2     2      0  3092    3e-10        -
 766    3.85e-08  3.3107e-11 out 1865  172 1865     2     2      0  3101  2.2e-11        -
 771  3.8765e-08  6.6214e-11     1875  173 1875     2     2      0  3116  6.4e-10        -
 774  3.8949e-08  5.1358e-11     1885  174 1885     2     2      0  3133  1.1e-10        -
 777  3.9103e-08  5.1358e-11     1891  175 1891     2     2      0  3142  1.1e-10        -
 783  3.9411e-08  5.1358e-11     1903  175 1903     2     2      0  3160    8e-11        -
 785    3.95e-08  4.4568e-11 out 1911  177 1911     2     2      0  3174  5.2e-11        -
 791  3.9767e-08  4.4568e-11     1923  177 1923     2     2      0  3192  5.1e-11        -
 796  3.9973e-08  2.7161e-11     1933  178 1933     2     2      0  3207  3.9e-12        -
 800  4.0163e-08  5.4323e-11     1941  179 1941     2     2      0  3219  1.2e-10        -
 806  4.0467e-08  3.2708e-11     1953  180 1953     2     2      0  3237  7.4e-12        -
 810  4.0696e-08  6.5416e-11     1961  181 1961     2     2      0  3249  1.7e-10        -
 814  4.0946e-08  5.3751e-11     1973  182 1973     2     2      0  3269  3.8e-11        -
 818  4.1161e-08  5.3751e-11     1981  183 1981     2     2      0  3281  3.8e-11        -
 824  4.1465e-08  3.4996e-11     1993  184 1993     2     2      0  3299  2.6e-12        -
 829   4.178e-08  6.9991e-11     2003  185 2003     2     2      0  3314  9.8e-11        -
 833     4.2e-08  4.0027e-11 out 2011  186 2011     2     2      0  3326  3.9e-12        -
 839   4.224e-08  4.0027e-11     2023  186 2023     2     2      0  3344  5.5e-12        -
 843    4.24e-08  4.0027e-11     2031  186 2031     2     2      0  3356  6.2e-12        -
 846    4.25e-08  2.9852e-11 out 2041  188 2041     2     2      0  3373  1.6e-12        -
 851  4.2799e-08  5.9703e-11     2051  189 2051     2     2      0  3388  9.5e-11        -
 854  4.2959e-08  4.1038e-11     2061  190 2061     2     2      0  3405  1.6e-11        -
 859  4.3164e-08  4.1038e-11     2071  191 2071     2     2      0  3420  2.7e-11        -
 865   4.341e-08  4.1038e-11     2083  191 2083     2     2      0  3438  2.5e-11        -
 869  4.3549e-08  4.8584e-11     2091  193 2091     2     2      0  3450  5.9e-11        -
 875   4.384e-08  4.8584e-11     2103  193 2103     2     2      0  3468    9e-11        -
 880  4.4063e-08  6.2744e-11     2113  195 2113     2     2      0  3483  2.4e-10        -
 885  4.4376e-08  6.2744e-11     2123  195 2123     2     2      0  3498  2.4e-10        -
 891  4.4747e-08  6.1769e-11     2135  195 2135     2     2      0  3522  3.2e-10        -
 895  4.4966e-08   3.381e-11     2143  196 2143     2     2      0  3537  1.4e-11        -
 900  4.5135e-08   3.381e-11     2153  196 2153     2     2      0  3552  1.5e-11        -
 906  4.5338e-08   3.381e-11     2165  196 2165     2     2      0  3570    3e-11        -
 910   4.547e-08  3.0235e-11     2175  196 2175     2     2      0  3587  1.5e-11        -
 914  4.5681e-08  6.0471e-11     2185  197 2185     2     2      0  3604  5.3e-10        -
 919  4.5962e-08  3.8352e-11     2195  198 2195     2     2      0  3619  4.4e-11        -
 924  4.6153e-08  3.8352e-11     2205  198 2205     2     2      0  3634  4.1e-11        -
 929  4.6345e-08  3.8352e-11     2215  198 2215     2     2      0  3649  2.5e-11        -
 934    4.65e-08  1.9888e-11 out 2225  199 2225     2     2      0  3664  9.6e-13        -
-          当前进度:  15 % - 
 938  4.6659e-08  3.9775e-11     2233  200 2233     2     2      0  3676  2.4e-11        -
 944  4.6898e-08  3.9775e-11     2245  200 2245     2     2      0  3694    3e-11        -
 947     4.7e-08  3.1235e-11 out 2255  202 2255     2     2      0  3711  8.7e-12        -
 950  4.7187e-08   6.247e-11     2261  203 2261     2     2      0  3720  2.6e-10        -
 955  4.7469e-08  3.1355e-11     2271  204 2271     2     2      0  3735  7.7e-12        -
 959  4.7688e-08  6.2709e-11     2279  205 2279     2     2      0  3747  2.2e-10        -
 964     4.8e-08  6.1873e-11 out 2289  205 2289     2     2      0  3764  1.1e-10        -
 969  4.8309e-08  6.1873e-11     2299  205 2299     2     2      0  3784  8.8e-11        -
 973    4.85e-08  3.3445e-11 out 2307  206 2307     2     2      0  3798  3.8e-12        -
 977  4.8768e-08   6.689e-11     2315  207 2315     2     2      0  3810  7.6e-11        -
 980  4.8951e-08   4.933e-11     2325  208 2325     2     2      0  3827  1.3e-11        -
 984  4.9148e-08   4.933e-11     2333  209 2333     2     2      0  3839  1.7e-11        -
 989  4.9395e-08   4.933e-11     2343  209 2343     2     2      0  3854  1.1e-11        -
 993  4.9556e-08  5.6029e-11     2351  211 2351     2     2      0  3866  2.5e-11        -
 998  4.9836e-08  5.6029e-11     2361  211 2361     2     2      0  3881  3.5e-11        -
1002  5.0054e-08  5.3897e-11     2372  211 2372     2     2      0  3902  1.4e-11        -
1006  5.0269e-08  5.3897e-11     2384  211 2384     2     2      0  3926  1.6e-11        -
1010  5.0466e-08  3.4411e-11     2395  212 2395     2     2      0  3947  1.1e-11        -
1015  5.0638e-08  3.4411e-11     2405  212 2405     2     2      0  3962    1e-11        -
1020   5.081e-08  3.4411e-11     2415  212 2415     2     2      0  3977    1e-11        -
1025  5.0974e-08  2.6328e-11     2429  213 2429     2     2      0  4000  2.8e-12        -
1028  5.1105e-08  5.2656e-11     2435  215 2435     2     2      0  4009  1.4e-10        -
1033  5.1369e-08  5.2656e-11     2445  215 2445     2     2      0  4024  1.3e-10        -
1035  5.1461e-08  3.9377e-11     2453  216 2453     2     2      0  4038  2.3e-11        -
1039  5.1618e-08  3.9377e-11     2461  217 2461     2     2      0  4050  2.1e-11        -
1044  5.1854e-08  7.8754e-11     2471  218 2471     2     2      0  4065  7.6e-10        -
1046  5.1962e-08  3.7716e-11     2479  220 2479     2     2      0  4079  2.1e-11        -
1049  5.2141e-08  6.6002e-11     2489  222 2489     2     2      0  4096  3.7e-10        -
1051  5.2267e-08  5.9401e-11     2497  224 2497     2     2      0  4110  2.3e-10        -
1055    5.25e-08  5.7181e-11 out 2507  225 2507     2     2      0  4128  5.5e-11        -
1058  5.2672e-08  5.7181e-11     2516  225 2516     2     2      0  4146  5.7e-11        -
1062    5.29e-08  5.7181e-11     2528  225 2528     2     2      0  4170  5.6e-11        -
1064     5.3e-08  4.9868e-11 out 2536  227 2536     2     2      0  4184    2e-10        -
1069  5.3249e-08  4.9868e-11     2546  227 2546     2     2      0  4199  1.7e-10        -
1074  5.3474e-08  2.5595e-11     2556  228 2556     2     2      0  4214  5.5e-12        -
1078  5.3654e-08   5.119e-11     2564  229 2564     2     2      0  4226  1.7e-10        -
1084  5.3955e-08   4.524e-11     2580  230 2580     2     2      0  4252  5.8e-11        -
1089  5.4181e-08   4.524e-11     2590  231 2590     2     2      0  4267  5.4e-09        -
1095  5.4452e-08   4.524e-11     2602  231 2602     2     2      0  4285  5.3e-11        -
1099  5.4595e-08  4.7599e-11     2610  233 2610     2     2      0  4297  6.6e-11        -
1105  5.4881e-08  4.7599e-11     2622  233 2622     2     2      0  4315  6.2e-11        -
1108     5.5e-08  3.5804e-11 out 2632  235 2632     2     2      0  4332  1.4e-11        -
1110  5.5136e-08  6.4448e-11     2640  237 2640     2     2      0  4346  2.4e-10        -
-          当前进度:  17 % - 正在组装残差
Memory: 1056/1084 1063/1100
1115  5.5447e-08  5.3076e-11     2654  239 2654     2     2      0  4369  6.1e-11        -
1119  5.5659e-08  5.3076e-11     2662  240 2662     2     2      0  4381    4e-11        -
1125  5.5962e-08  3.7695e-11     2678  241 2678     2     2      0  4407  6.1e-12        -
1129  5.6226e-08   7.539e-11     2686  243 2686     2     2      0  4419  1.3e-10        -
1132  5.6438e-08  6.1526e-11     2696  244 2696     2     2      0  4436  3.9e-11        -
1137  5.6746e-08  6.1526e-11     2706  245 2706     2     2      0  4451  3.5e-11        -
1142     5.7e-08   3.466e-11 out 2716  246 2716     2     2      0  4466  2.6e-12        -
1146  5.7277e-08  6.9321e-11     2724  247 2724     2     2      0  4478    1e-10        -
1149  5.7454e-08  4.5503e-11     2734  249 2734     2     2      0  4495  1.6e-11        -
1155  5.7728e-08  4.5503e-11     2746  249 2746     2     2      0  4513  4.1e-11        -
1161     5.8e-08  4.5235e-11 out 2758  249 2758     2     2      0  4533  1.6e-11        -
1166  5.8226e-08  4.5235e-11     2768  249 2768     2     2      0  4553  1.8e-11        -
1172  5.8476e-08  2.3826e-11     2780  250 2780     2     2      0  4576  2.7e-12        -
1177  5.8691e-08  4.7651e-11     2790  251 2790     2     2      0  4591    8e-11        -
1182  5.8929e-08  4.7651e-11     2800  251 2800     2     2      0  4606  5.3e-11        -
1184     5.9e-08  3.5568e-11 out 2808  253 2808     2     2      0  4620  1.3e-11        -
1189  5.9313e-08  6.4023e-11     2822  255 2822     2     2      0  4643  2.8e-10        -
1192    5.95e-08  6.1487e-11 out 2830  256 2830     2     2      0  4658  7.9e-11        -
1196  5.9746e-08  6.1487e-11     2842  256 2842     2     2      0  4682  8.2e-11        -
1199  5.9924e-08  5.5339e-11     2854  257 2854     2     2      0  4705    3e-10        -
1203  6.0076e-08  3.7868e-11     2862  258 2862     2     2      0  4717  5.1e-11        -
1208  6.0265e-08  3.7868e-11     2872  258 2872     2     2      0  4732  5.2e-11        -
1214  6.0477e-08   2.279e-11     2884  259 2884     2     2      0  4750  3.9e-12        -
1219  6.0682e-08  4.5581e-11     2894  260 2894     2     2      0  4765  1.1e-10        -
1225  6.0955e-08  4.4886e-11     2906  260 2906     2     2      0  4784  8.7e-11        -
1231  6.1224e-08  4.4886e-11     2918  260 2918     2     2      0  4808  8.5e-11        -
1235  6.1404e-08  4.4886e-11     2926  260 2926     2     2      0  4824  8.3e-11        -
1239  6.1551e-08  5.1143e-11     2934  262 2934     2     2      0  4837  1.2e-10        -
1245  6.1858e-08  5.1143e-11     2946  262 2946     2     2      0  4855  9.8e-11        -
1247  6.1955e-08  4.5427e-11     2954  263 2954     2     2      0  4869  5.3e-11        -
1252  6.2182e-08  4.5427e-11     2964  264 2964     2     2      0  4884  4.8e-11        -
1258  6.2454e-08  4.5427e-11     2976  264 2976     2     2      0  4902  4.4e-11        -
1262  6.2591e-08  4.5731e-11     2984  266 2984     2     2      0  4914  4.2e-11        -
1268  6.2866e-08  4.5731e-11     2996  266 2996     2     2      0  4932  2.8e-11        -
1274  6.3133e-08  4.4211e-11     3008  266 3008     2     2      0  4955  6.7e-11        -
1279  6.3354e-08  4.4211e-11     3018  266 3018     2     2      0  4975  5.9e-11        -
1284  6.3558e-08  5.7888e-11     3028  268 3028     2     2      0  4992  3.6e-11        -
1289  6.3847e-08  5.7888e-11     3038  268 3038     2     2      0  5007  2.8e-11        -
1291  6.3953e-08  4.7391e-11     3046  269 3046     2     2      0  5021  1.4e-11        -
1296   6.419e-08  4.7391e-11     3056  270 3056     2     2      0  5036  9.8e-12        -
1302  6.4463e-08  3.6741e-11     3072  271 3072     2     2      0  5062  3.9e-12        -
1307  6.4647e-08  3.6741e-11     3082  272 3082     2     2      0  5077  4.4e-12        -
1313  6.4867e-08  3.6741e-11     3094  272 3094     2     2      0  5095  5.6e-12        -
1316   6.497e-08  2.9554e-11     3104  273 3104     2     2      0  5112  2.9e-12        -
1320  6.5177e-08  5.9109e-11     3112  275 3112     2     2      0  5124  1.6e-10        -
-          当前进度:  19 % - 组装稀疏模式
1325  6.5457e-08   4.312e-11     3126  276 3126     2     2      0  5147  3.1e-11        -
1329  6.5629e-08   4.312e-11     3134  277 3134     2     2      0  5159  3.2e-11        -
1335  6.5888e-08   4.312e-11     3146  277 3146     2     2      0  5177  5.2e-11        -
1337  6.5966e-08  3.4399e-11     3154  278 3154     2     2      0  5191  1.6e-11        -
1340  6.6103e-08  6.8799e-11     3160  280 3160     2     2      0  5200    5e-10        -
1345  6.6439e-08  6.0804e-11     3174  281 3174     2     2      0  5223  1.9e-10        -
1350  6.6743e-08  6.0804e-11     3184  282 3184     2     2      0  5238  2.2e-10        -
1355     6.7e-08  3.7187e-11 out 3194  283 3194     2     2      0  5253  2.2e-11        -
1360  6.7186e-08  3.7187e-11     3204  283 3204     2     2      0  5268  2.3e-11        -
1363  6.7297e-08  3.7187e-11     3210  283 3210     2     2      0  5277  4.1e-11        -
1368  6.7473e-08  2.6876e-11     3224  284 3224     2     2      0  5300  9.3e-12        -
1370  6.7554e-08  5.3752e-11     3228  286 3228     2     2      0  5306    3e-10        -
1375  6.7823e-08  5.3752e-11     3238  286 3238     2     2      0  5321  2.9e-10        -
1379     6.8e-08  3.4992e-11 out 3246  287 3246     2     2      0  5333  2.9e-11        -
1383   6.814e-08  3.4992e-11     3254  287 3254     2     2      0  5345  2.8e-11        -
1388  6.8315e-08  3.4992e-11     3264  287 3264     2     2      0  5360  2.6e-11        -
1393    6.85e-08   4.511e-11 out 3278  288 3278     2     2      0  5383  8.5e-11        -
1397   6.868e-08   4.511e-11     3286  289 3286     2     2      0  5395  6.8e-11        -
1402  6.8906e-08   4.511e-11     3296  289 3296     2     2      0  5410  6.6e-11        -
1406  6.9049e-08  4.8902e-11     3304  291 3304     2     2      0  5422  9.6e-11        -
1410  6.9245e-08  4.8902e-11     3312  291 3312     2     2      0  5434  9.2e-11        -
1415   6.947e-08  2.9939e-11     3322  292 3322     2     2      0  5449  6.2e-12        -
1419   6.968e-08  5.9878e-11     3330  293 3330     2     2      0  5461  1.8e-10        -
1423  6.9919e-08  5.9878e-11     3338  293 3338     2     2      0  5473  1.5e-10        -
1425       7e-08  4.0425e-11 out 3346  295 3346     2     2      0  5487    2e-11        -
1431  7.0243e-08  4.0425e-11     3358  295 3358     2     2      0  5505  1.5e-11        -
1436  7.0445e-08  4.0425e-11     3368  295 3368     2     2      0  5520    1e-11        -
1438    7.05e-08   2.766e-11 out 3376  297 3376     2     2      0  5534  1.4e-12        -
1442  7.0721e-08   5.532e-11     3384  298 3384     2     2      0  5546  4.4e-11        -
1447  7.0971e-08  2.8721e-11     3394  299 3394     2     2      0  5561    1e-12        -
1451  7.1172e-08  5.7442e-11     3402  300 3402     2     2      0  5573  2.9e-11        -
1456  7.1451e-08  4.8952e-11     3416  301 3416     2     2      0  5596  1.1e-11        -
1461  7.1696e-08  4.8952e-11     3426  302 3426     2     2      0  5611  1.3e-11        -
1467   7.197e-08  2.9716e-11     3438  303 3438     2     2      0  5629  1.6e-12        -
1471  7.2178e-08  5.9431e-11     3446  304 3446     2     2      0  5641  5.5e-11        -
1476  7.2458e-08  4.1991e-11     3460  305 3460     2     2      0  5664  2.7e-11        -
1481  7.2668e-08  4.1991e-11     3470  306 3470     2     2      0  5679    3e-11        -
1487   7.292e-08  4.1991e-11     3482  306 3482     2     2      0  5697  2.8e-11        -
1491   7.308e-08  4.0047e-11     3494  306 3494     2     2      0  5721  1.2e-11        -
1495   7.324e-08  4.0047e-11     3506  306 3506     2     2      0  5745  1.3e-11        -
1499    7.34e-08  4.0047e-11     3518  306 3518     2     2      0  5769  1.5e-11        -
1501   7.347e-08   2.974e-11     3527  307 3527     2     2      0  5786  7.5e-12        -
1505  7.3678e-08   5.948e-11     3535  309 3535     2     2      0  5798  2.3e-10        -
1510  7.3958e-08  4.1821e-11     3549  310 3549     2     2      0  5821  3.2e-11        -
1513  7.4084e-08  4.1821e-11     3555  311 3555     2     2      0  5830  3.4e-11        -
1519  7.4335e-08  4.1821e-11     3567  311 3567     2     2      0  5848  3.8e-11        -
--         当前进度:  21 % - 正在组装残差
1524  7.4541e-08  4.0897e-11     3577  311 3577     2     2      0  5866    1e-10        -
1529  7.4745e-08  4.0897e-11     3587  311 3587     2     2      0  5886    1e-10        -
1534   7.495e-08  4.0897e-11     3597  311 3597     2     2      0  5906  1.1e-10        -
1537   7.505e-08  5.0131e-11     3603  313 3603     2     2      0  5915  2.1e-10        -
1542  7.5301e-08  5.0131e-11     3613  313 3613     2     2      0  5930    2e-10        -
1546    7.55e-08  4.9474e-11 out 3621  313 3621     2     2      0  5944  1.2e-10        -
1551  7.5747e-08  4.9474e-11     3631  313 3631     2     2      0  5964  1.1e-10        -
1556  7.5973e-08  2.7367e-11     3641  314 3641     2     2      0  5983  6.3e-12        -
1560  7.6164e-08  5.4734e-11     3649  315 3649     2     2      0  5995  1.8e-10        -
1565  7.6438e-08  5.4734e-11     3659  315 3659     2     2      0  6010  1.7e-10        -
1568  7.6562e-08   6.213e-11     3665  317 3665     2     2      0  6019  3.1e-10        -
1573  7.6873e-08   6.213e-11     3675  317 3675     2     2      0  6034  2.4e-10        -
1576     7.7e-08  3.2545e-11 out 3681  318 3681     2     2      0  6043  8.9e-12        -
1580   7.726e-08   6.509e-11     3689  319 3689     2     2      0  6055  2.4e-10        -
1583  7.7445e-08  5.4729e-11     3699  320 3699     2     2      0  6072  8.4e-11        -
1587  7.7664e-08  5.4729e-11     3707  321 3707     2     2      0  6084  6.6e-11        -
1592  7.7938e-08  5.4729e-11     3717  321 3717     2     2      0  6099  6.1e-11        -
1595  7.8062e-08  6.2172e-11     3723  323 3723     2     2      0  6108  9.5e-11        -
1600  7.8373e-08  6.2172e-11     3733  323 3733     2     2      0  6123  4.9e-11        -
1604  7.8565e-08  6.4798e-11     3741  325 3741     2     2      0  6135  5.2e-11        -
1609  7.8889e-08  6.4798e-11     3751  325 3751     2     2      0  6150    5e-11        -
1611     7.9e-08  5.5606e-11 out 3759  327 3759     2     2      0  6164  1.5e-11        -
1616  7.9278e-08  5.5606e-11     3769  327 3769     2     2      0  6179  3.2e-11        -
1621  7.9555e-08  5.5378e-11     3779  327 3779     2     2      0  6197  1.5e-11        -
1624  7.9722e-08  5.5378e-11     3785  327 3785     2     2      0  6209  1.7e-11        -
1628  7.9943e-08  5.5378e-11     3793  327 3793     2     2      0  6225    2e-11        -
1631  8.0057e-08  5.6979e-11     3799  329 3799     2     2      0  6234  1.4e-10        -
1636  8.0342e-08  5.6979e-11     3809  329 3809     2     2      0  6249  1.3e-10        -
1638  8.0449e-08  5.0574e-11     3817  330 3817     2     2      0  6263  7.1e-11        -
1642  8.0652e-08  5.0574e-11     3825  331 3825     2     2      0  6275  1.2e-10        -
1647  8.0905e-08  5.0574e-11     3835  331 3835     2     2      0  6290  1.1e-10        -
1650  8.1048e-08  4.7702e-11     3847  331 3847     2     2      0  6314  7.1e-12        -
1653  8.1191e-08  4.7702e-11     3859  331 3859     2     2      0  6338  7.6e-12        -
1655  8.1286e-08  4.7702e-11     3867  331 3867     2     2      0  6354  7.5e-12        -
1658  8.1429e-08  4.7702e-11     3879  331 3879     2     2      0  6378  7.9e-12        -
1660    8.15e-08  3.5341e-11 out 3887  333 3887     2     2      0  6392  1.5e-11        -
1663   8.167e-08  6.3614e-11     3897  335 3897     2     2      0  6409  2.6e-10        -
1667  8.1924e-08  6.3614e-11     3905  336 3905     2     2      0  6421  3.3e-10        -
1670  8.2038e-08  3.7955e-11     3911  337 3911     2     2      0  6430  4.4e-11        -
1674   8.219e-08  3.7955e-11     3919  337 3919     2     2      0  6442  5.1e-11        -
1678  8.2342e-08  3.7955e-11     3927  337 3927     2     2      0  6454  5.2e-11        -
1682  8.2478e-08  2.2271e-11     3935  338 3935     2     2      0  6466  3.6e-12        -
1686  8.2634e-08  4.4543e-11     3943  339 3943     2     2      0  6478  1.1e-10        -
1691  8.2856e-08  4.4543e-11     3953  339 3953     2     2      0  6493  9.5e-11        -
--         当前进度:  22 % - 组装矩阵
1694  8.2973e-08  2.7287e-11     3959  340 3959     2     2      0  6502  7.7e-12        -
1697  8.3109e-08  5.4573e-11     3965  341 3965     2     2      0  6511  2.4e-10        -
1701  8.3327e-08  5.4573e-11     3973  341 3973     2     2      0  6523  2.2e-10        -
1704  8.3468e-08  3.1707e-11     3979  342 3979     2     2      0  6532  1.6e-11        -
1707  8.3627e-08  6.3413e-11     3985  343 3985     2     2      0  6541  3.6e-10        -
1712   8.394e-08   5.976e-11     3997  343 3997     2     2      0  6561  1.7e-11        -
1715   8.412e-08   5.976e-11     4007  343 4007     2     2      0  6581  1.2e-10        -
1718  8.4299e-08   5.976e-11     4016  343 4016     2     2      0  6599  1.1e-10        -
1721  8.4459e-08   4.084e-11     4024  344 4024     2     2      0  6614  2.7e-11        -
1726  8.4663e-08   4.084e-11     4034  344 4034     2     2      0  6629  2.3e-11        -
1731  8.4868e-08   4.084e-11     4044  344 4044     2     2      0  6644  1.9e-11        -
1734  8.4975e-08  2.5383e-11     4050  345 4050     2     2      0  6653  1.5e-12        -
1738  8.5152e-08  5.0765e-11     4058  346 4058     2     2      0  6665    4e-11        -
1742  8.5355e-08  5.0765e-11     4066  346 4066     2     2      0  6677    4e-11        -
1745    8.55e-08  4.6939e-11 out 4076  346 4076     2     2      0  6696  6.6e-12        -
1748  8.5641e-08  4.6939e-11     4088  346 4088     2     2      0  6720  6.2e-12        -
1751  8.5782e-08  4.6939e-11     4100  346 4100     2     2      0  6744  5.9e-12        -
1754  8.5922e-08  4.6939e-11     4112  346 4112     2     2      0  6768  5.6e-12        -
1756     8.6e-08  3.8772e-11 out 4120  348 4120     2     2      0  6782    1e-12        -
1758  8.6147e-08   6.979e-11     4128  350 4128     2     2      0  6796  6.9e-11        -
1762  8.6426e-08   6.979e-11     4136  351 4136     2     2      0  6808  4.7e-11        -
1765  8.6574e-08  7.3505e-11     4142  353 4142     2     2      0  6817  1.1e-10        -
1767  8.6706e-08  6.6154e-11     4150  355 4150     2     2      0  6831  8.1e-11        -
1771  8.6952e-08  4.7862e-11     4162  356 4162     2     2      0  6851  1.9e-11        -
1773  8.7048e-08  4.7862e-11     4166  357 4166     2     2      0  6857  2.2e-11        -
1778  8.7287e-08  4.7862e-11     4176  357 4176     2     2      0  6872  5.3e-11        -
1782  8.7465e-08   3.462e-11     4188  358 4188     2     2      0  6892  1.1e-11        -
1785  8.7604e-08   6.924e-11     4194  360 4194     2     2      0  6901  3.3e-10        -
1787  8.7728e-08  6.2316e-11     4202  362 4202     2     2      0  6915    2e-10        -
1791  8.7958e-08  4.2279e-11     4214  363 4214     2     2      0  6935  3.4e-11        -
1795  8.8127e-08  4.2279e-11     4222  364 4222     2     2      0  6947  4.5e-11        -
1799  8.8296e-08  4.2279e-11     4230  364 4230     2     2      0  6959  4.3e-11        -
1803  8.8461e-08  3.8604e-11     4240  364 4240     2     2      0  6976  1.5e-11        -
1805  8.8539e-08  3.8604e-11     4248  364 4248     2     2      0  6992  1.5e-11        -
1808  8.8654e-08  3.8604e-11     4260  364 4260     2     2      0  7016  1.6e-11        -
1811   8.884e-08  6.9487e-11     4272  366 4272     2     2      0  7038  4.2e-10        -
1814     8.9e-08  4.5399e-11 out 4278  368 4278     2     2      0  7047  4.9e-11        -
1819  8.9227e-08  4.5399e-11     4288  368 4288     2     2      0  7062    6e-11        -
1824  8.9454e-08  4.5399e-11     4298  368 4298     2     2      0  7077  1.2e-10        -
1827  8.9546e-08  4.6013e-11     4304  370 4304     2     2      0  7086  1.3e-10        -
1832  8.9776e-08  4.6013e-11     4314  370 4314     2     2      0  7101  1.4e-10        -
1836  8.9957e-08  4.2943e-11     4324  370 4324     2     2      0  7118  1.1e-11        -
--         当前进度:  24 % - 正在组装残差
1839  9.0086e-08  4.2943e-11     4336  370 4336     2     2      0  7142  1.1e-11        -
1842  9.0215e-08  4.2943e-11     4348  370 4348     2     2      0  7166  1.1e-11        -
1845  9.0344e-08  4.2943e-11     4360  370 4360     2     2      0  7190  1.1e-11        -
1848  9.0465e-08  3.5284e-11     4374  371 4374     2     2      0  7217  2.7e-11        -
1851  9.0571e-08  3.5284e-11     4380  372 4380     2     2      0  7226  2.6e-11        -
1856  9.0747e-08  3.5284e-11     4390  372 4390     2     2      0  7241  2.4e-11        -
1859  9.0944e-08  5.5939e-11     4400  374 4400     2     2      0  7258  2.7e-10        -
1862  9.1112e-08  5.5939e-11     4406  375 4406     2     2      0  7267  1.9e-10        -
1867  9.1392e-08  5.5939e-11     4416  375 4416     2     2      0  7282  1.8e-10        -
1870  9.1554e-08  5.4212e-11     4425  375 4425     2     2      0  7300  1.9e-11        -
1874  9.1771e-08  5.4212e-11     4437  375 4437     2     2      0  7324  1.7e-11        -
1878  9.1967e-08   3.315e-11     4448  376 4448     2     2      0  7345  8.6e-12        -
1882  9.2199e-08    6.63e-11     4456  377 4456     2     2      0  7357  2.3e-10        -
1886  9.2449e-08  5.1099e-11     4468  378 4468     2     2      0  7377  4.6e-11        -
1890  9.2653e-08  5.1099e-11     4476  379 4476     2     2      0  7389  3.4e-11        -
1895  9.2909e-08  5.1099e-11     4486  379 4486     2     2      0  7404  3.1e-11        -
1897     9.3e-08  4.5606e-11 out 4494  381 4494     2     2      0  7418  1.3e-11        -
1902  9.3228e-08  4.5606e-11     4504  381 4504     2     2      0  7433  4.5e-12        -
1907  9.3455e-08  4.4774e-11     4514  381 4514     2     2      0  7449  2.9e-11        -
1912  9.3679e-08  4.4774e-11     4524  381 4524     2     2      0  7469  2.8e-11        -
1916  9.3858e-08  4.4774e-11     4532  381 4532     2     2      0  7485  2.9e-11        -
1920     9.4e-08   2.613e-11 out 4540  382 4540     2     2      0  7499  5.3e-13        -
1924  9.4209e-08   5.226e-11     4548  383 4548     2     2      0  7511  3.9e-11        -
1929  9.4459e-08  4.0961e-11     4562  384 4562     2     2      0  7534  9.3e-12        -
1932  9.4582e-08  4.0961e-11     4568  385 4568     2     2      0  7543  2.3e-11        -
1937  9.4787e-08  4.0961e-11     4578  385 4578     2     2      0  7558  2.6e-11        -
1942  9.4975e-08  2.4717e-11     4588  386 4588     2     2      0  7573  1.9e-12        -
1946  9.5148e-08  4.9434e-11     4596  387 4596     2     2      0  7585  6.3e-11        -
1951  9.5395e-08  4.9434e-11     4606  387 4606     2     2      0  7600  7.5e-11        -
1955  9.5555e-08  5.5091e-11     4614  389 4614     2     2      0  7612  1.7e-10        -
1960  9.5831e-08  5.5091e-11     4624  389 4624     2     2      0  7627  1.7e-10        -
1964     9.6e-08  2.9636e-11 out 4632  390 4632     2     2      0  7639  8.4e-12        -
1968  9.6237e-08  5.9272e-11     4640  391 4640     2     2      0  7651  1.9e-10        -
1972  9.6457e-08  4.2548e-11     4652  392 4652     2     2      0  7671  3.6e-11        -
1976  9.6628e-08  4.2548e-11     4660  393 4660     2     2      0  7683  4.3e-11        -
1981   9.684e-08  4.2548e-11     4670  393 4670     2     2      0  7698  8.5e-11        -
1984  9.6963e-08  3.7262e-11     4680  394 4680     2     2      0  7715  4.6e-11        -
1988  9.7112e-08  3.7262e-11     4688  395 4688     2     2      0  7727  4.8e-11        -
1993  9.7298e-08  3.7262e-11     4698  395 4698     2     2      0  7742  4.7e-11        -
1998  9.7474e-08  2.6431e-11     4712  396 4712     2     2      0  7765  7.9e-12        -
2001  9.7606e-08  5.2862e-11     4718  398 4718     2     2      0  7774  2.4e-10        -
--         当前进度:  25 % - 正在组装残差
2006   9.787e-08  5.2862e-11     4728  398 4728     2     2      0  7789    2e-10        -
2008  9.7961e-08  3.8553e-11     4736  399 4736     2     2      0  7803    4e-11        -
2012  9.8116e-08  3.8553e-11     4744  400 4744     2     2      0  7815  3.7e-11        -
2016   9.827e-08  3.8553e-11     4752  400 4752     2     2      0  7827  4.1e-11        -
2021  9.8462e-08  3.7956e-11     4762  400 4762     2     2      0  7843  4.4e-11        -
2025  9.8614e-08  3.7956e-11     4770  400 4770     2     2      0  7859  4.1e-11        -
2029  9.8766e-08  3.7956e-11     4778  400 4778     2     2      0  7875  3.8e-11        -
2033   9.894e-08  6.0221e-11     4786  401 4786     2     2      0  7890  2.5e-10        -
2038  9.9241e-08  6.0221e-11     4796  401 4796     2     2      0  7905  1.7e-10        -
2042  9.9461e-08  3.9226e-11     4804  402 4804     2     2      0  7917  1.9e-11        -
2046  9.9688e-08  7.0607e-11     4816  404 4816     2     2      0  7937  2.8e-10        -
2049    9.99e-08  7.0607e-11     4822  405 4822     2     2      0  7946  2.2e-10        -
2051       1e-07  4.9948e-11 out 4830  407 4830     2     2      0  7960  2.9e-11        -
2056  1.0025e-07  4.9948e-11     4840  407 4840     2     2      0  7975    3e-11        -
2061  1.0047e-07  2.5234e-11     4850  408 4850     2     2      0  7990  6.1e-13        -
2065  1.0065e-07  5.0468e-11     4858  409 4858     2     2      0  8002  1.1e-11        -
2069  1.0085e-07  5.0468e-11     4866  409 4866     2     2      0  8014  9.6e-12        -
2073  1.0105e-07  4.8129e-11     4877  409 4877     2     2      0  8035  1.1e-11        -
2076  1.0119e-07  4.8129e-11     4886  409 4886     2     2      0  8053  1.2e-11        -
2079  1.0134e-07  4.8129e-11     4895  409 4895     2     2      0  8071  1.2e-11        -
2082  1.0147e-07  3.3421e-11     4903  410 4903     2     2      0  8086  3.3e-12        -
2086   1.017e-07  6.6842e-11     4911  411 4911     2     2      0  8098  1.4e-10        -
2090  1.0195e-07  4.9473e-11     4923  412 4923     2     2      0  8118  5.8e-11        -
2094  1.0215e-07  4.9473e-11     4931  413 4931     2     2      0  8130  6.5e-11        -
2099   1.024e-07  4.9473e-11     4941  413 4941     2     2      0  8145  6.1e-11        -
2103  1.0255e-07  5.4742e-11     4949  415 4949     2     2      0  8157  1.1e-10        -
2108  1.0283e-07  5.4742e-11     4959  415 4959     2     2      0  8172  1.7e-10        -
2112    1.03e-07  3.1031e-11 out 4967  416 4967     2     2      0  8184  9.3e-12        -
2116  1.0325e-07  6.2063e-11     4975  417 4975     2     2      0  8196  3.2e-10        -
2120  1.0347e-07   3.278e-11     4983  418 4983     2     2      0  8208  1.4e-11        -
2123  1.0363e-07  6.5559e-11     4989  419 4989     2     2      0  8217  3.7e-10        -
2127  1.0389e-07  5.9003e-11     5001  420 5001     2     2      0  8237  1.8e-10        -
2131  1.0411e-07  5.6601e-11     5009  421 5009     2     2      0  8249  3.3e-10        -
2136   1.044e-07  5.6601e-11     5019  421 5019     2     2      0  8264  3.7e-10        -
2139  1.0455e-07  5.1898e-11     5031  421 5031     2     2      0  8288  5.7e-11        -
2142  1.0471e-07  5.1898e-11     5043  421 5043     2     2      0  8312  5.7e-11        -
2145  1.0486e-07  5.1898e-11     5055  421 5055     2     2      0  8336  5.6e-11        -
2147  1.0496e-07  4.2407e-11     5065  422 5065     2     2      0  8355  8.1e-11        -
2150  1.0508e-07  4.2407e-11     5071  423 5071     2     2      0  8364  7.1e-11        -
2155   1.053e-07  4.2407e-11     5081  423 5081     2     2      0  8379  6.6e-11        -
2159  1.0546e-07  3.7963e-11     5093  424 5093     2     2      0  8399  3.5e-11        -
2162  1.0558e-07  3.7963e-11     5099  425 5099     2     2      0  8408  5.2e-11        -
2167  1.0577e-07  3.7963e-11     5109  425 5109     2     2      0  8423  3.9e-11        -
--         当前进度:  26 % - 组装矩阵
2170  1.0594e-07  6.0187e-11     5119  427 5119     2     2      0  8440  2.7e-10        -
2174  1.0618e-07  6.0187e-11     5127  428 5127     2     2      0  8452  2.6e-10        -
2179  1.0646e-07  3.9345e-11     5137  429 5137     2     2      0  8467  2.9e-11        -
2182  1.0665e-07  6.8133e-11     5147  431 5147     2     2      0  8484  3.1e-10        -
2186  1.0692e-07  6.8133e-11     5155  432 5155     2     2      0  8496  3.4e-10        -
2189  1.0708e-07  8.0643e-11     5161  434 5161     2     2      0  8505  5.4e-10        -
2191  1.0722e-07  7.1124e-11     5169  436 5169     2     2      0  8519  2.5e-10        -
2195   1.075e-07  6.7431e-11 out 5179  436 5179     2     2      0  8537  7.7e-11        -
2198   1.077e-07  6.7431e-11     5188  436 5188     2     2      0  8555  6.8e-11        -
2201   1.079e-07  6.7431e-11     5197  436 5197     2     2      0  8573  6.1e-11        -
2203    1.08e-07  4.7706e-11 out 5205  438 5205     2     2      0  8587  5.9e-12        -
2207  1.0819e-07  4.7706e-11     5213  438 5213     2     2      0  8599  7.1e-12        -
2211  1.0838e-07  4.7706e-11     5221  438 5221     2     2      0  8611  1.8e-11        -
2213  1.0846e-07  3.5322e-11     5229  439 5229     2     2      0  8625  4.3e-12        -
2215  1.0857e-07  7.0643e-11     5233  441 5233     2     2      0  8631  1.3e-10        -
2220  1.0892e-07  7.0643e-11     5243  441 5243     2     2      0  8646  1.5e-10        -
2224  1.0908e-07   3.807e-11     5251  442 5251     2     2      0  8658  8.5e-12        -
2229  1.0927e-07   3.807e-11     5261  442 5261     2     2      0  8673  8.5e-12        -
2234  1.0946e-07   3.807e-11     5271  442 5271     2     2      0  8688  1.7e-11        -
2237  1.0954e-07  4.3155e-11     5277  444 5277     2     2      0  8697  3.3e-11        -
2241  1.0972e-07  4.3155e-11     5285  444 5285     2     2      0  8709  3.1e-11        -
2246  1.0993e-07  4.3155e-11     5295  444 5295     2     2      0  8724  3.5e-11        -
2248     1.1e-07  3.4224e-11 out 5303  446 5303     2     2      0  8738  1.1e-11        -
2252  1.1017e-07  6.8448e-11     5311  447 5311     2     2      0  8750  3.8e-10        -
2254  1.1029e-07  6.1603e-11     5319  449 5319     2     2      0  8764    3e-10        -
2257  1.1046e-07  4.1234e-11     5329  450 5329     2     2      0  8781  3.8e-11        -
2261  1.1062e-07  4.1234e-11     5337  451 5337     2     2      0  8793  4.1e-11        -
2265  1.1086e-07  7.1209e-11     5349  453 5349     2     2      0  8813  6.9e-10        -
2268    1.11e-07  3.5038e-11 out 5355  455 5355     2     2      0  8822  2.2e-11        -
2271  1.1117e-07  6.3068e-11     5365  457 5365     2     2      0  8839  2.5e-10        -
2275  1.1142e-07  6.3068e-11     5373  458 5373     2     2      0  8851  5.5e-10        -
2278  1.1154e-07  3.9773e-11     5379  459 5379     2     2      0  8860  5.9e-11        -
2282   1.117e-07  3.9773e-11     5387  459 5387     2     2      0  8872  6.3e-11        -
2287   1.119e-07  3.9773e-11     5397  459 5397     2     2      0  8887  6.5e-11        -
2289  1.1197e-07  3.1248e-11     5405  460 5405     2     2      0  8901    2e-11        -
2292  1.1209e-07  6.2496e-11     5411  462 5411     2     2      0  8910  6.2e-10        -
2293  1.1215e-07  5.6246e-11     5417  463 5417     2     2      0  8921  3.6e-10        -
2297  1.1237e-07  5.6246e-11     5425  464 5425     2     2      0  8933  3.3e-10        -
2301  1.1253e-07  3.4389e-11     5433  465 5433     2     2      0  8945  2.4e-11        -
2305  1.1267e-07  3.4389e-11     5441  465 5441     2     2      0  8957  2.3e-11        -
2310  1.1284e-07  3.4389e-11     5451  465 5451     2     2      0  8972  2.1e-11        -
2313    1.13e-07  4.3666e-11 out 5457  467 5457     2     2      0  8981    1e-10        -
2317  1.1317e-07  4.3666e-11     5465  467 5465     2     2      0  8993  7.9e-11        -
--         当前进度:  28 % - 正在组装残差
Memory: 1027/1084 1045/1100
2321  1.1335e-07  4.3666e-11     5473  467 5473     2     2      0  9005  5.4e-11        -
2324  1.1347e-07   3.167e-11     5483  468 5483     2     2      0  9022  1.1e-11        -
2326  1.1353e-07   3.167e-11     5487  469 5487     2     2      0  9028    1e-11        -
2330  1.1379e-07   6.334e-11     5495  470 5495     2     2      0  9040  3.2e-10        -
2333  1.1396e-07  4.4144e-11     5505  471 5505     2     2      0  9057  4.1e-11        -
2336  1.1409e-07  4.4144e-11     5511  472 5511     2     2      0  9066  3.4e-11        -
2341  1.1431e-07  4.4144e-11     5521  472 5521     2     2      0  9081  3.8e-11        -
2345  1.1447e-07  2.9278e-11     5529  473 5529     2     2      0  9093  4.2e-12        -
2349  1.1468e-07  5.8556e-11     5537  474 5537     2     2      0  9105  1.1e-10        -
2354  1.1495e-07  4.5054e-11     5551  475 5551     2     2      0  9128    2e-11        -
2358  1.1514e-07  4.5054e-11     5559  476 5559     2     2      0  9140  1.4e-11        -
2362  1.1532e-07  4.5054e-11     5567  476 5567     2     2      0  9152    5e-12        -
2366  1.1548e-07  2.4729e-11     5575  477 5575     2     2      0  9164  3.3e-13        -
2370  1.1565e-07  4.9459e-11     5583  478 5583     2     2      0  9176  8.9e-12        -
2374  1.1585e-07  4.9459e-11     5591  478 5591     2     2      0  9188  2.4e-11        -
2377  1.1597e-07  2.7435e-11     5597  479 5597     2     2      0  9197  1.2e-12        -
2380  1.1611e-07  5.4871e-11     5603  480 5603     2     2      0  9206  1.6e-11        -
2385  1.1638e-07  5.4871e-11     5613  480 5613     2     2      0  9221  4.5e-11        -
2389  1.1656e-07  6.1035e-11     5621  482 5621     2     2      0  9233  1.1e-10        -
2394  1.1687e-07  6.1035e-11     5631  482 5631     2     2      0  9248  1.8e-10        -
2397    1.17e-07  3.6379e-11 out 5637  483 5637     2     2      0  9257  1.4e-11        -
2401  1.1715e-07  3.6379e-11     5645  483 5645     2     2      0  9269  1.3e-11        -
2406  1.1733e-07  3.6379e-11     5655  483 5655     2     2      0  9284  1.5e-11        -
2410  1.1747e-07  3.1726e-11     5667  484 5667     2     2      0  9304    8e-12        -
2413  1.1763e-07  6.3453e-11     5673  486 5673     2     2      0  9313  3.5e-10        -
2418  1.1794e-07  5.9642e-11     5685  486 5685     2     2      0  9333  2.2e-11        -
2421  1.1812e-07  5.9642e-11     5697  486 5697     2     2      0  9357  2.4e-11        -
2424   1.183e-07  5.9642e-11     5709  486 5709     2     2      0  9381  2.6e-11        -
2427  1.1846e-07  4.1255e-11     5719  487 5719     2     2      0  9400  5.1e-11        -
2432  1.1867e-07  4.1255e-11     5729  487 5729     2     2      0  9415  4.2e-11        -
2437  1.1887e-07  4.1255e-11     5739  487 5739     2     2      0  9430  6.8e-11        -
2441    1.19e-07    2.31e-11 out 5747  488 5747     2     2      0  9442    4e-12        -
2445  1.1918e-07    4.62e-11     5755  489 5755     2     2      0  9454  1.4e-10        -
2450  1.1942e-07    4.62e-11     5765  489 5765     2     2      0  9469  1.4e-10        -
2453  1.1954e-07  4.2101e-11     5777  489 5777     2     2      0  9493  3.3e-11        -
2456  1.1967e-07  4.2101e-11     5789  489 5789     2     2      0  9517  3.3e-11        -
2459  1.1979e-07  4.2101e-11     5801  489 5801     2     2      0  9541  3.2e-11        -
2461  1.1988e-07  4.2101e-11     5809  489 5809     2     2      0  9557  3.2e-11        -
2463  1.1996e-07  3.9495e-11     5819  490 5819     2     2      0  9576  4.8e-11        -
2467  1.2012e-07  3.9495e-11     5827  491 5827     2     2      0  9588  4.5e-11        -
2472  1.2032e-07  3.9495e-11     5837  491 5837     2     2      0  9603  6.4e-11        -
--         当前进度:  29 % - 正在组装残差
Memory: 1028/1084 1046/1100
2476  1.2047e-07  3.2775e-11     5849  492 5849     2     2      0  9623  2.4e-11        -
2479   1.206e-07  6.5551e-11     5855  494 5855     2     2      0  9632    6e-10        -
2484  1.2093e-07  6.5551e-11     5865  494 5865     2     2      0  9647    4e-10        -
2487  1.2107e-07  7.3921e-11     5871  496 5871     2     2      0  9656    7e-10        -
2489  1.2121e-07  6.6529e-11     5879  498 5879     2     2      0  9670    4e-10        -
2493  1.2145e-07  4.6716e-11     5891  499 5891     2     2      0  9690  4.6e-11        -
2497  1.2164e-07  4.6716e-11     5899  500 5899     2     2      0  9702  5.2e-11        -
2502  1.2187e-07  4.6716e-11     5909  500 5909     2     2      0  9717  4.3e-11        -
2504  1.2196e-07  3.9777e-11     5917  501 5917     2     2      0  9731  1.8e-11        -
2507  1.2212e-07  7.9554e-11     5923  503 5923     2     2      0  9740    4e-10        -
2509  1.2226e-07  7.1599e-11     5931  505 5931     2     2      0  9754  2.4e-10        -
2513   1.225e-07  4.7137e-11 out 5939  506 5939     2     2      0  9766  1.8e-11        -
2518  1.2274e-07  4.7137e-11     5949  506 5949     2     2      0  9781  1.1e-11        -
2523  1.2296e-07  3.7882e-11     5963  507 5963     2     2      0  9804  2.2e-12        -
2525  1.2308e-07  7.5763e-11     5967  509 5967     2     2      0  9810  1.9e-10        -
2528   1.233e-07  6.8187e-11     5977  510 5977     2     2      0  9827  1.1e-10        -
2532  1.2357e-07  6.8169e-11     5985  511 5985     2     2      0  9842  8.9e-12        -
2537  1.2391e-07  6.8169e-11     5995  511 5995     2     2      0  9862  9.1e-12        -
2539    1.24e-07  4.5494e-11 out 6003  513 6003     2     2      0  9876  2.9e-11        -
2543  1.2418e-07  4.5494e-11     6011  513 6011     2     2      0  9888  3.4e-11        -
2548  1.2441e-07  4.5494e-11     6021  513 6021     2     2      0  9903  4.5e-11        -
2553  1.2464e-07  4.5275e-11     6031  513 6031     2     2      0  9923  1.7e-11        -
2557  1.2482e-07  4.5275e-11     6039  513 6039     2     2      0  9939  1.9e-11        -
2561  1.2498e-07  2.3625e-11     6047  514 6047     2     2      0  9954  2.5e-12        -
2565  1.2514e-07  4.7249e-11     6055  515 6055     2     2      0  9966  7.7e-11        -
2570  1.2538e-07  4.7249e-11     6065  515 6065     2     2      0  9981    8e-11        -
2572  1.2546e-07  3.7379e-11     6073  516 6073     2     2      0  9995  2.6e-11        -
2575  1.2564e-07  6.7282e-11     6083  519 6083     2     2      0 10012  5.2e-10        -
2579  1.2591e-07  6.7282e-11     6091  520 6091     2     2      0 10024  4.3e-10        -
2583  1.2609e-07  4.4416e-11     6099  521 6099     2     2      0 10036  7.3e-11        -
2588  1.2631e-07  4.4416e-11     6109  521 6109     2     2      0 10051    1e-10        -
2592  1.2647e-07  2.7918e-11     6117  522 6117     2     2      0 10063  1.1e-11        -
2596  1.2667e-07  5.5836e-11     6125  523 6125     2     2      0 10075  3.5e-10        -
2601  1.2695e-07  5.4575e-11     6135  523 6135     2     2      0 10091  3.9e-10        -
2604  1.2711e-07  5.4575e-11     6144  523 6144     2     2      0 10109  1.8e-11        -
2608  1.2733e-07  5.4575e-11     6156  523 6156     2     2      0 10133  1.8e-11        -
2611  1.2747e-07  3.1701e-11     6164  524 6164     2     2      0 10148  1.5e-11        -
2615  1.2769e-07  6.3401e-11     6172  525 6172     2     2      0 10160    6e-10        -
2619  1.2794e-07  5.9796e-11     6182  525 6182     2     2      0 10177  2.1e-11        -
2621  1.2806e-07  5.9796e-11     6190  525 6190     2     2      0 10193    2e-11        -
2624  1.2824e-07  5.9796e-11     6202  525 6202     2     2      0 10217  1.9e-11        -
2628  1.2846e-07  4.0714e-11     6213  526 6213     2     2      0 10238  3.5e-11        -
---        当前进度:  31 % - 
2632  1.2869e-07  6.6441e-11     6225  528 6225     2     2      0 10258  3.3e-10        -
2634  1.2881e-07  5.9797e-11     6233  530 6233     2     2      0 10272  1.9e-10        -
2637  1.2897e-07  3.2794e-11     6239  532 6239     2     2      0 10281  7.9e-12        -
2641   1.292e-07  6.5587e-11     6247  533 6247     2     2      0 10293  2.5e-10        -
2645  1.2945e-07  5.3239e-11     6259  534 6259     2     2      0 10313  7.6e-11        -
2649  1.2966e-07  5.3239e-11     6267  535 6267     2     2      0 10325  5.9e-11        -
2654  1.2993e-07  5.3239e-11     6277  535 6277     2     2      0 10340  3.1e-11        -
2655  1.2996e-07  3.7045e-11     6283  536 6283     2     2      0 10351  4.7e-12        -
2658  1.3015e-07  7.4089e-11     6289  538 6289     2     2      0 10360  1.2e-10        -
2661  1.3037e-07  7.4089e-11     6295  538 6295     2     2      0 10369  6.4e-11        -
2663   1.305e-07  6.4777e-11 out 6303  540 6303     2     2      0 10383  8.8e-11        -
2667  1.3076e-07  6.4777e-11     6311  540 6311     2     2      0 10395  8.9e-11        -
2670  1.3094e-07   5.567e-11     6321  541 6321     2     2      0 10412    3e-11        -
2674  1.3117e-07   5.567e-11     6329  542 6329     2     2      0 10424  5.3e-11        -
2679  1.3144e-07  5.5154e-11     6339  542 6339     2     2      0 10440  5.1e-11        -
2684  1.3172e-07  5.5154e-11     6349  542 6349     2     2      0 10460  6.1e-11        -
2689  1.3197e-07  2.9383e-11     6359  543 6359     2     2      0 10479  4.9e-12        -
2693  1.3215e-07  5.8765e-11     6367  544 6367     2     2      0 10491  1.7e-10        -
2698  1.3244e-07  5.8765e-11     6377  544 6377     2     2      0 10506  2.4e-10        -
2702  1.3259e-07   5.926e-11     6385  546 6385     2     2      0 10518  2.3e-10        -
2707  1.3289e-07   5.926e-11     6395  546 6395     2     2      0 10533  2.6e-10        -
2710  1.3306e-07  5.7404e-11     6404  546 6404     2     2      0 10551  3.8e-11        -
2714  1.3329e-07  5.7404e-11     6416  546 6416     2     2      0 10575  4.2e-11        -
2717  1.3345e-07  4.9085e-11     6428  547 6428     2     2      0 10598    2e-10        -
2721  1.3365e-07  4.9085e-11     6436  548 6436     2     2      0 10610  1.6e-10        -
2726  1.3389e-07  4.9085e-11     6446  548 6446     2     2      0 10625  1.8e-10        -
2730  1.3406e-07  5.8235e-11     6454  550 6454     2     2      0 10637  4.3e-10        -
2735  1.3435e-07  5.8235e-11     6464  550 6464     2     2      0 10652  4.1e-10        -
2737  1.3445e-07  4.6177e-11     6472  551 6472     2     2      0 10666  1.2e-10        -
2741  1.3464e-07  4.6177e-11     6480  552 6480     2     2      0 10678  1.1e-10        -
2746  1.3487e-07  4.6177e-11     6490  552 6490     2     2      0 10693  9.8e-11        -
2749    1.35e-07  4.2202e-11 out 6500  552 6500     2     2      0 10712  2.9e-11        -
2752  1.3513e-07  4.2202e-11     6512  552 6512     2     2      0 10736  2.8e-11        -
2755  1.3525e-07  4.2202e-11     6524  552 6524     2     2      0 10760  2.6e-11        -
2758  1.3544e-07  6.0089e-11     6536  554 6536     2     2      0 10782  4.8e-10        -
2762  1.3568e-07  6.0089e-11     6544  555 6544     2     2      0 10794  2.6e-10        -
2767  1.3596e-07  3.9688e-11     6554  556 6554     2     2      0 10809    3e-11        -
2770  1.3615e-07  6.7979e-11     6564  558 6564     2     2      0 10826  3.5e-10        -
2774  1.3642e-07  6.7979e-11     6572  559 6572     2     2      0 10838  3.4e-10        -
2777  1.3658e-07  8.0732e-11     6578  561 6578     2     2      0 10847  7.1e-10        -
---        当前进度:  32 % - 组装矩阵
2779  1.3672e-07  7.1249e-11     6586  563 6586     2     2      0 10861  3.3e-10        -
2783    1.37e-07  6.7137e-11 out 6596  563 6596     2     2      0 10879  1.1e-10        -
2786   1.372e-07  6.7137e-11     6605  563 6605     2     2      0 10897  9.9e-11        -
2790  1.3745e-07  4.8589e-11     6620  564 6620     2     2      0 10926  1.8e-11        -
2793   1.376e-07  4.8589e-11     6626  565 6626     2     2      0 10935  1.1e-11        -
2798  1.3784e-07  4.8589e-11     6636  565 6636     2     2      0 10950  3.3e-12        -
2801  1.3797e-07  3.1348e-11     6642  566 6642     2     2      0 10959  2.3e-12        -
2803  1.3806e-07  6.2697e-11     6646  567 6646     2     2      0 10965  7.4e-11        -
2806  1.3825e-07  6.2697e-11     6652  567 6652     2     2      0 10974  8.1e-11        -
2811  1.3856e-07   6.191e-11     6662  567 6662     2     2      0 10992  9.6e-11        -
2816  1.3887e-07   6.191e-11     6672  567 6672     2     2      0 11012  1.2e-10        -
2820  1.3907e-07  6.6632e-11     6680  569 6680     2     2      0 11025  2.4e-10        -
2822  1.3919e-07  5.9969e-11     6688  571 6688     2     2      0 11039  1.5e-10        -
2827  1.3946e-07  3.6777e-11     6698  572 6698     2     2      0 11054  1.6e-11        -
2831  1.3967e-07  6.2254e-11     6710  574 6710     2     2      0 11074  2.3e-10        -
2833  1.3979e-07  5.6029e-11     6718  576 6718     2     2      0 11088  1.9e-10        -
2836  1.3995e-07  4.8536e-11     6728  578 6728     2     2      0 11105  8.7e-11        -
2840  1.4015e-07  4.8536e-11     6736  579 6736     2     2      0 11117    9e-11        -
2845  1.4039e-07  4.8536e-11     6746  579 6746     2     2      0 11132    1e-10        -
2849  1.4056e-07  6.3172e-11     6754  581 6754     2     2      0 11144  1.8e-08        -
2854  1.4088e-07  6.3172e-11     6764  581 6764     2     2      0 11159  7.2e-10        -
2858  1.4112e-07  6.0484e-11     6776  581 6776     2     2      0 11183  1.1e-10        -
2862  1.4136e-07  6.0484e-11     6788  581 6788     2     2      0 11207  1.2e-10        -
2866  1.4154e-07  3.8306e-11     6797  582 6797     2     2      0 11222  5.3e-11        -
2871  1.4173e-07  3.8306e-11     6807  582 6807     2     2      0 11237  5.1e-11        -
2876  1.4192e-07  3.8306e-11     6817  582 6817     2     2      0 11252  4.7e-11        -
2880  1.4204e-07  4.0325e-11     6825  584 6825     2     2      0 11264  5.6e-11        -
2885  1.4224e-07  4.0325e-11     6835  584 6835     2     2      0 11279    5e-11        -
2890  1.4244e-07  4.0325e-11     6845  584 6845     2     2      0 11294  6.2e-11        -
2891  1.4247e-07  2.8212e-11     6851  585 6851     2     2      0 11305  1.2e-11        -
2894  1.4261e-07  5.6424e-11     6857  587 6857     2     2      0 11314  3.7e-10        -
2899  1.4289e-07  5.6424e-11     6867  587 6867     2     2      0 11329  2.9e-10        -
2902  1.4305e-07  5.2516e-11     6879  587 6879     2     2      0 11353  2.4e-11        -
2905  1.4321e-07  5.2516e-11     6891  587 6891     2     2      0 11377  2.2e-11        -
2908  1.4337e-07  5.2516e-11     6903  587 6903     2     2      0 11401    2e-11        -
2910  1.4346e-07  3.9936e-11     6913  588 6913     2     2      0 11420    3e-11        -
2914  1.4362e-07  3.9936e-11     6921  589 6921     2     2      0 11432  2.4e-11        -
2919  1.4382e-07  3.9936e-11     6931  589 6931     2     2      0 11447  2.3e-11        -
2923  1.4397e-07  3.0353e-11     6943  590 6943     2     2      0 11467  5.2e-12        -
2926  1.4412e-07  6.0707e-11     6949  592 6949     2     2      0 11476  1.6e-10        -
2931  1.4442e-07  6.0707e-11     6959  592 6959     2     2      0 11491  1.2e-10        -
2934  1.4458e-07  7.5053e-11     6965  594 6965     2     2      0 11500  2.8e-10        -
---        当前进度:  34 % - 正在组装残差
2939  1.4494e-07  6.2368e-11     6979  595 6979     2     2      0 11523  4.6e-11        -
2943  1.4519e-07  6.2368e-11     6987  596 6987     2     2      0 11535  1.2e-11        -
2948  1.4547e-07  3.1713e-11     6997  597 6997     2     2      0 11550  1.1e-12        -
2952  1.4569e-07  6.3425e-11     7005  598 7005     2     2      0 11562  5.2e-11        -
2956  1.4594e-07  5.9724e-11     7014  598 7014     2     2      0 11577    7e-11        -
2960  1.4618e-07  5.9724e-11     7026  598 7026     2     2      0 11601    8e-11        -
2963  1.4636e-07  5.9724e-11     7035  598 7035     2     2      0 11619  8.9e-11        -
2967  1.4654e-07  4.0967e-11     7044  599 7044     2     2      0 11634  2.1e-11        -
2972  1.4675e-07  4.0967e-11     7054  599 7054     2     2      0 11649  2.5e-11        -
2976  1.4691e-07  4.0967e-11     7062  599 7062     2     2      0 11661  2.9e-11        -
2980  1.4705e-07  4.9367e-11     7070  601 7070     2     2      0 11673  7.3e-11        -
2985   1.473e-07  4.9367e-11     7080  601 7080     2     2      0 11688  9.6e-11        -
2989  1.4747e-07   2.785e-11     7088  602 7088     2     2      0 11700  5.5e-12        -
2993  1.4767e-07  5.5699e-11     7096  603 7096     2     2      0 11712    2e-10        -
2998  1.4794e-07  5.5052e-11     7106  603 7106     2     2      0 11728  1.9e-10        -
3003  1.4822e-07  5.5052e-11     7116  603 7116     2     2      0 11748    2e-10        -
3008  1.4847e-07  2.9791e-11     7126  604 7126     2     2      0 11767  1.5e-11        -
3012  1.4865e-07  5.9583e-11     7134  605 7134     2     2      0 11779  5.1e-10        -
3017  1.4894e-07  5.6356e-11     7145  605 7145     2     2      0 11797  1.6e-10        -
3021  1.4917e-07  5.6356e-11     7157  605 7157     2     2      0 11821  1.6e-10        -
3025  1.4939e-07  5.6356e-11     7169  605 7169     2     2      0 11845  1.6e-10        -
3027   1.495e-07  5.2752e-11 out 7177  607 7177     2     2      0 11859  2.1e-10        -
3032  1.4976e-07  5.2752e-11     7187  607 7187     2     2      0 11874  2.3e-10        -
3036  1.4996e-07  3.8991e-11     7199  608 7199     2     2      0 11894  5.8e-11        -
3040  1.5012e-07  3.8991e-11     7207  609 7207     2     2      0 11906  5.6e-11        -
3046  1.5035e-07  3.8991e-11     7219  609 7219     2     2      0 11924  4.6e-11        -
3050   1.505e-07   3.555e-11 out 7231  609 7231     2     2      0 11946  1.3e-11        -
3053  1.5067e-07   6.399e-11     7243  611 7243     2     2      0 11968  5.4e-10        -
3058  1.5096e-07    3.67e-11     7253  613 7253     2     2      0 11983  2.1e-11        -
3061  1.5114e-07  6.6059e-11     7263  615 7263     2     2      0 12000  3.4e-10        -
3065   1.514e-07  6.6059e-11     7271  616 7271     2     2      0 12012  2.7e-10        -
3067   1.515e-07  4.8153e-11 out 7279  618 7279     2     2      0 12026    5e-11        -
3072  1.5174e-07  4.8153e-11     7289  618 7289     2     2      0 12041  3.9e-11        -
3077  1.5197e-07  3.3313e-11     7303  619 7303     2     2      0 12064  4.7e-12        -
3081   1.522e-07  6.6627e-11     7311  621 7311     2     2      0 12076  4.9e-09        -
3085  1.5245e-07  5.0119e-11     7323  622 7323     2     2      0 12096    2e-11        -
3089  1.5265e-07  5.0119e-11     7331  623 7331     2     2      0 12108  1.6e-11        -
3095  1.5295e-07  4.9523e-11     7343  623 7343     2     2      0 12127  3.5e-11        -
3100   1.532e-07  4.9523e-11     7353  623 7353     2     2      0 12147  3.9e-11        -
3106  1.5347e-07  2.7148e-11     7365  624 7365     2     2      0 12170  1.8e-12        -
3110  1.5366e-07  5.4296e-11     7373  625 7373     2     2      0 12182  6.6e-11        -
3116  1.5397e-07  3.2816e-11     7385  626 7385     2     2      0 12200  7.1e-12        -
---        当前进度:  35 % - 组装矩阵
3119  1.5412e-07  5.9068e-11     7395  628 7395     2     2      0 12217  1.5e-10        -
3123  1.5436e-07  5.9068e-11     7403  629 7403     2     2      0 12229  1.9e-10        -
3126   1.545e-07   3.998e-11 out 7413  631 7413     2     2      0 12246  3.7e-11        -
3132  1.5474e-07   3.998e-11     7425  631 7425     2     2      0 12264  3.8e-11        -
3138  1.5497e-07  3.0112e-11     7441  632 7441     2     2      0 12290  1.4e-11        -
3142  1.5518e-07  6.0224e-11     7449  634 7449     2     2      0 12302  4.8e-10        -
3147  1.5546e-07  3.9215e-11     7459  635 7459     2     2      0 12317  6.1e-11        -
3153   1.557e-07  3.9215e-11     7471  635 7471     2     2      0 12335  6.9e-11        -
3159  1.5593e-07  3.9215e-11     7483  635 7483     2     2      0 12353  6.1e-11        -
3161    1.56e-07   3.432e-11 out 7491  637 7491     2     2      0 12367  3.2e-11        -
3166  1.5617e-07   3.432e-11     7501  637 7501     2     2      0 12382  3.2e-11        -
3172  1.5638e-07   3.432e-11     7513  637 7513     2     2      0 12400    3e-11        -
3177  1.5661e-07  5.3845e-11     7523  638 7523     2     2      0 12415  2.6e-10        -
3183  1.5693e-07  5.3845e-11     7535  638 7535     2     2      0 12433  2.2e-10        -
3187   1.571e-07  6.9243e-11     7543  640 7543     2     2      0 12445  7.2e-10        -
3192  1.5744e-07  5.9583e-11     7557  641 7557     2     2      0 12468  4.7e-10        -
3197  1.5774e-07  5.9583e-11     7567  642 7567     2     2      0 12483  3.8e-10        -
3201  1.5796e-07  4.1459e-11     7579  643 7579     2     2      0 12503  6.2e-11        -
3206  1.5817e-07  4.1459e-11     7589  644 7589     2     2      0 12518  6.1e-11        -
3212  1.5841e-07  4.1459e-11     7601  644 7601     2     2      0 12536  3.6e-11        -
3216  1.5854e-07   4.395e-11     7609  646 7609     2     2      0 12548  4.3e-11        -
3222  1.5881e-07   4.395e-11     7621  646 7621     2     2      0 12566  3.4e-11        -
3226  1.5897e-07  3.0251e-11     7633  647 7633     2     2      0 12586  4.5e-12        -
3229  1.5912e-07  6.0502e-11     7639  649 7639     2     2      0 12595  1.8e-10        -
3235  1.5946e-07  3.8244e-11     7651  650 7651     2     2      0 12613  8.2e-12        -
3240  1.5977e-07  7.6488e-11     7661  651 7661     2     2      0 12628  2.6e-10        -
3245  1.6004e-07  3.9659e-11     7671  652 7671     2     2      0 12643  4.9e-12        -
3247  1.6019e-07  7.1386e-11     7679  654 7679     2     2      0 12657  1.1e-10        -
3251  1.6045e-07   4.774e-11     7691  656 7691     2     2      0 12677  1.6e-11        -
3254   1.606e-07   4.774e-11     7697  657 7697     2     2      0 12686  1.9e-11        -
3260  1.6088e-07   4.774e-11     7709  657 7709     2     2      0 12704    3e-11        -
3263    1.61e-07  3.5172e-11 out 7719  659 7719     2     2      0 12721  1.5e-11        -
3269  1.6121e-07  3.5172e-11     7731  659 7731     2     2      0 12739  1.8e-11        -
3275  1.6142e-07  3.5172e-11     7743  659 7743     2     2      0 12757  1.8e-11        -
3279  1.6154e-07  4.2768e-11     7751  661 7751     2     2      0 12769  4.9e-11        -
3285   1.618e-07  4.2768e-11     7763  661 7763     2     2      0 12787  3.9e-11        -
3289  1.6196e-07   3.616e-11     7775  662 7775     2     2      0 12807  2.3e-11        -
3294  1.6214e-07   3.616e-11     7785  663 7785     2     2      0 12822  3.1e-11        -
3299  1.6245e-07  5.1121e-11     7799  665 7799     2     2      0 12845    2e-10        -
3304   1.627e-07  5.1121e-11     7809  666 7809     2     2      0 12860  2.2e-10        -
3309  1.6295e-07  4.5515e-11     7823  667 7823     2     2      0 12883  1.4e-10        -
3314  1.6318e-07  4.5515e-11     7833  668 7833     2     2      0 12898  1.2e-10        -
3320  1.6345e-07  4.5183e-11     7845  668 7845     2     2      0 12917  6.3e-11        -
3325  1.6368e-07  4.5183e-11     7855  668 7855     2     2      0 12937  6.3e-11        -
---        当前进度:  37 % - 正在组装残差
3330  1.6391e-07  4.5183e-11     7865  668 7865     2     2      0 12957  6.1e-11        -
3334  1.6405e-07  4.8174e-11     7873  670 7873     2     2      0 12970  1.5e-10        -
3340  1.6434e-07  4.8174e-11     7885  670 7885     2     2      0 12988  1.2e-10        -
3343  1.6447e-07  3.3218e-11     7895  671 7895     2     2      0 13005  1.8e-11        -
3347   1.647e-07  6.6436e-11     7903  673 7903     2     2      0 13017  8.4e-10        -
3351  1.6495e-07  5.0691e-11     7915  674 7915     2     2      0 13037  2.1e-10        -
3356   1.652e-07  5.0691e-11     7925  675 7925     2     2      0 13052  1.7e-10        -
3362   1.655e-07  4.7238e-11 out 7939  675 7939     2     2      0 13076  9.8e-11        -
3366  1.6569e-07  4.7238e-11     7951  675 7951     2     2      0 13100  8.6e-11        -
3370  1.6588e-07  4.7238e-11     7963  675 7963     2     2      0 13124  7.7e-11        -
3372  1.6596e-07  3.7429e-11     7972  676 7972     2     2      0 13141  2.2e-11        -
3375  1.6614e-07  6.7372e-11     7982  679 7982     2     2      0 13158  3.5e-10        -
3380  1.6646e-07   4.414e-11     7992  681 7992     2     2      0 13173  3.9e-11        -
3385  1.6675e-07  7.4271e-11     8006  683 8006     2     2      0 13196  2.9e-10        -
3387  1.6689e-07  6.6844e-11     8014  685 8014     2     2      0 13210  1.2e-10        -
3392  1.6716e-07  5.4026e-11     8024  686 8024     2     2      0 13225  2.1e-11        -
3398  1.6747e-07  3.3895e-11     8036  687 8036     2     2      0 13243  2.4e-12        -
3403  1.6777e-07  6.7789e-11     8046  688 8046     2     2      0 13258  1.6e-10        -
3406  1.6795e-07  5.0022e-11     8056  690 8056     2     2      0 13275  2.2e-11        -
3411   1.682e-07  5.0022e-11     8066  690 8066     2     2      0 13290  3.8e-11        -
3417   1.685e-07  4.9914e-11 out 8078  690 8078     2     2      0 13310  8.5e-12        -
3421   1.687e-07  4.9914e-11     8086  690 8086     2     2      0 13326    1e-11        -
3427  1.6897e-07  2.5389e-11     8098  691 8098     2     2      0 13349  3.7e-12        -
3432   1.692e-07  5.0777e-11     8108  692 8108     2     2      0 13364  1.5e-10        -
3437  1.6945e-07   4.689e-11     8120  692 8120     2     2      0 13384  2.5e-11        -
3440  1.6959e-07   4.689e-11     8132  692 8132     2     2      0 13408  2.6e-11        -
3443  1.6973e-07   4.689e-11     8144  692 8144     2     2      0 13432  2.8e-11        -
3446  1.6988e-07   4.689e-11     8156  692 8156     2     2      0 13456  2.9e-11        -
3448  1.6996e-07  3.8994e-11     8166  693 8166     2     2      0 13475  5.5e-11        -
3453  1.7016e-07  3.8994e-11     8176  694 8176     2     2      0 13490  5.7e-11        -
3457  1.7033e-07  6.1349e-11     8186  696 8186     2     3      0 13505  6.1e-10        -
3459  1.7044e-07  5.5214e-11     8194  698 8194     2     3      0 13519  3.6e-10        -
3463  1.7058e-07  5.5266e-11     8202  700 8202     2     3      0 13531    4e-10        -
3469  1.7091e-07  5.5266e-11     8214  700 8214     2     3      0 13549  3.5e-10        -
3471    1.71e-07  4.2752e-11 out 8222  702 8222     2     3      0 13563  9.6e-11        -
3474  1.7116e-07  5.3363e-11     8234  705 8234     2     4      0 13583  2.8e-10        -
3479  1.7142e-07  5.3363e-11     8244  706 8244     2     4      0 13598  2.5e-10        -
3481   1.715e-07  3.8888e-11 out 8252  708 8252     2     4      0 13612  4.8e-11        -
3484  1.7168e-07  6.2893e-11     8262  710 8262     2     4      0 13629  4.9e-10        -
3489  1.7197e-07  3.4436e-11     8272  712 8272     2     4      0 13644  2.8e-11        -
3492  1.7213e-07  6.1984e-11     8282  714 8282     2     4      0 13661  5.8e-10        -
3497  1.7244e-07  6.0603e-11     8293  715 8293     2     4      0 13679  2.5e-11        -
3503   1.728e-07  6.0603e-11     8305  715 8305     2     4      0 13703  4.7e-10        -
3508  1.7304e-07  3.7888e-11     8315  716 8315     2     4      0 13720  3.7e-11        -
---        当前进度:  39 % - 正在组装残差
3513   1.733e-07  6.8199e-11     8329  718 8329     2     4      0 13743  4.6e-10        -
3518  1.7364e-07  6.8137e-11     8339  719 8339     2     4      0 13762  5.1e-13        -
3523  1.7395e-07  4.5589e-11     8353  720 8353     2     4      0 13789  3.3e-11        -
3527  1.7421e-07  7.3972e-11     8365  723 8365     2     4      0 13809  2.4e-10        -
3529  1.7435e-07  6.6574e-11     8373  725 8373     2     4      0 13823    9e-11        -
3533  1.7454e-07   4.107e-11     8381  727 8381     2     4      0 13835  5.4e-12        -
3535   1.747e-07  7.2749e-11     8389  729 8389     2     4      0 13849  9.9e-11        -
3537  1.7483e-07  6.5474e-11     8397  731 8397     2     4      0 13863  6.8e-11        -
3539  1.7495e-07  5.0171e-11     8405  733 8405     2     4      0 13877  3.2e-11        -
3544   1.752e-07  5.0171e-11     8415  734 8415     2     4      0 13892  1.7e-11        -
3550   1.755e-07  4.9317e-11 out 8427  734 8427     2     4      0 13912    7e-11        -
3556   1.758e-07  4.9317e-11     8439  734 8439     2     4      0 13936  8.6e-11        -
3561    1.76e-07  2.8074e-11 out 8449  735 8449     2     4      0 13954  5.8e-12        -
3566  1.7628e-07  5.6147e-11     8459  736 8459     2     4      0 13969  1.9e-10        -
3571  1.7655e-07  5.3485e-11     8472  736 8472     2     4      0 13993  6.5e-11        -
3575  1.7677e-07  5.3485e-11     8484  736 8484     2     4      0 14017  7.3e-11        -
3579  1.7696e-07  3.6059e-11     8495  737 8495     2     4      0 14038  3.1e-11        -
3585  1.7718e-07  3.6059e-11     8507  737 8507     2     4      0 14056  3.4e-11        -
3591   1.774e-07  3.6059e-11     8519  737 8519     2     4      0 14074  3.8e-11        -
3595  1.7757e-07  6.7296e-11     8529  738 8529     2     4      0 14092  8.7e-10        -
3597  1.7769e-07  6.0566e-11     8537  740 8537     2     4      0 14106  5.5e-10        -
3599   1.778e-07   5.451e-11     8545  742 8545     2     4      0 14120  3.4e-10        -
3602  1.7795e-07  4.6766e-11     8555  743 8555     2     4      0 14137  1.7e-10        -
3607  1.7819e-07  4.6766e-11     8565  744 8565     2     4      0 14152  1.5e-10        -
3613  1.7846e-07  3.9553e-11     8581  745 8581     2     4      0 14178  6.4e-11        -
3615  1.7856e-07  5.8787e-11     8587  748 8587     2     5      0 14187  4.5e-10        -
3617  1.7866e-07  5.2908e-11     8595  750 8595     2     5      0 14201  2.6e-10        -
3623  1.7896e-07  3.5428e-11     8611  751 8611     2     5      0 14227  4.1e-11        -
3626  1.7913e-07  6.2695e-11     8621  754 8621     2     5      0 14244  6.6e-10        -
3630  1.7938e-07  6.2695e-11     8629  755 8629     2     5      0 14256  6.3e-10        -
3633  1.7956e-07  5.7835e-11     8641  755 8641     2     5      0 14280  7.7e-11        -
3636  1.7973e-07  5.7835e-11     8653  755 8653     2     5      0 14304  7.2e-11        -
3639   1.799e-07  5.7835e-11     8665  755 8665     2     5      0 14328  6.8e-11        -
3641     1.8e-07  4.7578e-11 out 8673  757 8673     2     5      0 14342  1.2e-10        -
3647  1.8029e-07  4.7578e-11     8685  757 8685     2     5      0 14360  1.2e-10        -
3651  1.8046e-07  3.5897e-11     8697  758 8697     2     5      0 14380  2.8e-11        -
3655  1.8067e-07  6.4615e-11     8709  761 8709     2     5      0 14400  4.3e-10        -
3660  1.8097e-07  3.4617e-11     8719  763 8719     2     5      0 14415  1.2e-11        -
3665  1.8128e-07  6.9234e-11     8729  764 8729     2     5      0 14430  3.2e-10        -
3670  1.8158e-07  8.4596e-11     8739  766 8739     2     5      0 14445  4.5e-10        -
3672  1.8173e-07  7.3793e-11     8747  768 8747     2     5      0 14459  1.7e-10        -
3674  1.8187e-07  6.6414e-11     8755  770 8755     2     5      0 14473  8.5e-11        -
3678  1.8207e-07  6.8576e-11     8763  772 8763     2     5      0 14485  8.5e-11        -
3683  1.8241e-07  6.8576e-11     8773  772 8773     2     5      0 14500  1.6e-10        -
3686  1.8257e-07  6.8795e-11     8781  775 8781     2     6      0 14512  1.8e-10        -
----       当前进度:  41 % - 正在组装残差
3688  1.8269e-07  6.1916e-11     8789  777 8789     2     6      0 14526  7.4e-11        -
3694  1.8306e-07  6.0813e-11     8801  777 8801     2     6      0 14547  1.9e-10        -
3699  1.8336e-07  6.0813e-11     8811  777 8811     2     6      0 14567  2.4e-10        -
3704  1.8361e-07  7.4312e-11     8821  779 8821     2     6      0 14583  7.6e-10        -
3706  1.8374e-07  6.2068e-11     8829  781 8829     2     6      0 14597  3.2e-10        -
3708  1.8385e-07  5.5861e-11     8837  783 8837     2     6      0 14611  2.4e-10        -
3710  1.8395e-07  4.8407e-11     8845  784 8845     2     6      0 14625  1.2e-10        -
3714  1.8415e-07  4.8407e-11     8853  785 8853     2     6      0 14637  1.3e-10        -
3720  1.8444e-07  4.8407e-11     8865  785 8865     2     6      0 14655  1.4e-10        -
3724   1.846e-07  6.4337e-11     8873  787 8873     2     6      0 14667  6.2e-10        -
3730  1.8496e-07  4.0904e-11     8885  788 8885     2     6      0 14685  7.3e-11        -
3736   1.852e-07  4.0904e-11     8897  788 8897     2     6      0 14703  8.3e-11        -
3739  1.8535e-07  6.0763e-11     8905  790 8905     2     7      0 14715  6.5e-10        -
3741  1.8545e-07  4.9111e-11     8913  792 8913     2     7      0 14729  2.3e-10        -
3744   1.856e-07  4.9111e-11     8919  792 8919     2     7      0 14738  1.9e-10        -
3750  1.8589e-07  4.9111e-11     8931  792 8931     2     7      0 14756  1.9e-10        -
3755  1.8609e-07  5.8003e-11     8941  794 8941     2     7      0 14771    4e-10        -
3761  1.8644e-07  5.8003e-11     8953  794 8953     2     7      0 14789  4.7e-10        -
3765   1.866e-07  6.4978e-11     8961  796 8961     2     7      0 14801  7.6e-10        -
3771  1.8696e-07   3.882e-11     8973  797 8973     2     7      0 14819  5.5e-11        -
3777  1.8719e-07   3.882e-11     8985  797 8985     2     7      0 14837  5.2e-11        -
3783  1.8743e-07   3.882e-11     8997  797 8997     2     7      0 14855  4.9e-11        -
3787  1.8757e-07  3.6489e-11     9009  797 9009     2     7      0 14879    3e-11        -
3791  1.8772e-07  3.6489e-11     9021  797 9021     2     7      0 14903  2.8e-11        -
3795  1.8786e-07  3.6489e-11     9033  797 9033     2     7      0 14927  2.5e-11        -
3799  1.8806e-07  6.2135e-11     9043  798 9043     2     7      0 14945  3.5e-10        -
3805  1.8843e-07  6.2135e-11     9055  798 9055     2     7      0 14963  2.8e-10        -
3808  1.8857e-07  6.5058e-11     9061  800 9061     2     7      0 14972  2.7e-10        -
3814  1.8895e-07  5.4825e-11     9077  801 9077     2     7      0 14998  4.9e-11        -
3817  1.8911e-07  5.4825e-11     9083  802 9083     2     7      0 15007  5.2e-11        -
3822  1.8938e-07  5.4825e-11     9093  802 9093     2     7      0 15022  1.5e-11        -
3826  1.8956e-07  6.1403e-11     9101  804 9101     2     7      0 15034  5.1e-11        -
3831  1.8987e-07  6.1403e-11     9111  804 9111     2     7      0 15049  9.9e-11        -
3835  1.9004e-07   3.509e-11     9119  805 9119     2     7      0 15061  3.8e-12        -
3837  1.9017e-07  6.3162e-11     9127  807 9127     2     7      0 15075  1.1e-10        -
3842  1.9046e-07  3.9459e-11     9137  809 9137     2     7      0 15090  2.4e-11        -
3845  1.9064e-07  6.3705e-11     9147  811 9147     2     7      0 15107  2.7e-10        -
3847  1.9076e-07  5.7334e-11     9155  813 9155     2     7      0 15121  1.8e-10        -
3851  1.9097e-07  3.2168e-11     9163  815 9163     2     7      0 15133  1.2e-11        -
3855  1.9115e-07  5.7902e-11     9175  817 9175     2     7      0 15153  2.9e-10        -
3860  1.9144e-07  5.6993e-11     9185  818 9185     2     7      0 15169  2.6e-10        -
3866  1.9178e-07  5.6993e-11     9197  818 9197     2     7      0 15193  3.1e-10        -
3869  1.9195e-07  5.0526e-11     9207  819 9207     2     7      0 15212  1.8e-10        -
3874   1.922e-07  5.0526e-11     9217  820 9217     2     7      0 15227  1.9e-10        -
----       当前进度:  43 % - 正在组装残差
3879  1.9245e-07  4.7898e-11     9228  820 9228     2     7      0 15245  9.1e-11        -
3883  1.9264e-07  4.7898e-11     9240  820 9240     2     7      0 15269  9.6e-11        -
3887  1.9284e-07  4.7898e-11     9252  820 9252     2     7      0 15293  9.9e-11        -
3890  1.9297e-07  3.4461e-11     9264  821 9264     2     7      0 15316  3.2e-11        -
3893   1.931e-07  6.8922e-11     9270  823 9270     2     7      0 15325    1e-09        -
3895  1.9323e-07   6.105e-11     9278  825 9278     2     7      0 15339  5.5e-10        -
3897  1.9334e-07  5.4945e-11     9286  827 9286     2     7      0 15353  3.2e-10        -
3902  1.9361e-07   5.484e-11     9296  827 9296     2     7      0 15372  3.8e-11        -
3908  1.9394e-07   5.484e-11     9308  827 9308     2     7      0 15396  3.5e-11        -
3911  1.9406e-07  6.1278e-11     9314  829 9314     2     7      0 15405  5.4e-10        -
3917  1.9443e-07  6.1278e-11     9326  829 9326     2     7      0 15423  5.1e-10        -
3920  1.9457e-07  7.1056e-11     9332  831 9332     2     7      0 15432    1e-09        -
3923  1.9478e-07   6.395e-11     9342  832 9342     2     7      0 15449  7.9e-10        -
3926  1.9495e-07  4.7491e-11     9352  834 9352     2     7      0 15466  1.3e-10        -
3931  1.9519e-07  4.7491e-11     9362  835 9362     2     7      0 15481  1.4e-10        -
3936  1.9543e-07  4.7491e-11     9372  835 9372     2     7      0 15496  9.3e-11        -
3938   1.955e-07   3.629e-11 out 9380  837 9380     2     7      0 15510  2.3e-11        -
3941  1.9567e-07  6.5322e-11     9390  839 9390     2     7      0 15527  4.2e-10        -
3945  1.9594e-07   6.492e-11     9398  840 9398     2     7      0 15540  8.8e-11        -
3951  1.9632e-07   6.492e-11     9410  840 9410     2     7      0 15564  6.7e-11        -
3954   1.965e-07   5.524e-11 out 9420  842 9420     2     7      0 15582    7e-11        -
3959  1.9678e-07   5.524e-11     9430  842 9430     2     7      0 15597  3.7e-11        -
3963  1.9697e-07  2.9038e-11     9438  843 9438     2     7      0 15609  1.2e-12        -
3967  1.9717e-07  5.8077e-11     9446  844 9446     2     7      0 15621  3.5e-11        -
3972  1.9745e-07  4.6732e-11     9460  845 9460     2     7      0 15644  2.1e-11        -
3976  1.9764e-07  4.6732e-11     9468  846 9468     2     7      0 15656  3.2e-11        -
3981  1.9787e-07  4.6732e-11     9478  846 9478     2     7      0 15671  3.9e-11        -
3983  1.9796e-07  3.9708e-11     9486  847 9486     2     7      0 15685    2e-11        -
3986  1.9808e-07  3.9708e-11     9492  848 9492     2     7      0 15694  2.7e-11        -
3992  1.9832e-07  3.9708e-11     9504  848 9504     2     7      0 15712  4.3e-11        -
3996  1.9847e-07  3.1606e-11     9516  849 9516     2     7      0 15732  1.4e-11        -
4000  1.9869e-07  6.3212e-11     9524  851 9524     2     7      0 15744  4.6e-10        -
4003  1.9888e-07  6.3212e-11     9530  851 9530     2     7      0 15753  4.8e-10        -
4007  1.9912e-07  6.0364e-11     9542  851 9542     2     7      0 15777  1.3e-10        -
4011  1.9936e-07  6.0364e-11     9554  851 9554     2     7      0 15801  1.4e-10        -
4014   1.995e-07  3.8725e-11 out 9561  852 9561     2     7      0 15813  5.4e-11        -
4019  1.9973e-07  7.7451e-11     9571  853 9571     2     7      0 15828  1.7e-09        -
4021  1.9987e-07  6.6967e-11     9579  855 9579     2     7      0 15842    9e-10        -
4023  1.9996e-07  3.6722e-11     9587  857 9587     2     7      0 15856  4.8e-11        -
4026  2.0014e-07  6.2133e-11     9597  859 9597     2     7      0 15873  6.8e-10        -
4028  2.0025e-07   5.592e-11     9605  861 9605     2     7      0 15887  4.5e-10        -
4032  2.0046e-07  3.9306e-11     9617  863 9617     2     7      0 15907  6.1e-11        -
4036  2.0062e-07  3.9306e-11     9625  864 9625     2     7      0 15919  6.1e-11        -
4041  2.0084e-07  6.2381e-11     9637  866 9637     2     8      0 15937    8e-10        -
4043  2.0095e-07  5.3165e-11     9645  868 9645     2     8      0 15951  3.7e-10        -
----       当前进度:  44 % - 
4047  2.0116e-07  5.3165e-11     9653  868 9653     2     8      0 15963  3.5e-10        -
4052  2.0143e-07  5.3165e-11     9663  868 9663     2     8      0 15978  3.1e-10        -
4054   2.015e-07  3.7339e-11 out 9671  870 9671     2     8      0 15992  4.9e-11        -
4056  2.0164e-07   6.721e-11     9679  872 9679     2     8      0 16006  8.4e-10        -
4060  2.0191e-07   6.721e-11     9687  873 9687     2     8      0 16018  7.9e-10        -
4063  2.0204e-07  4.4637e-11     9693  874 9693     2     8      0 16027  1.4e-10        -
4067  2.0222e-07  4.4637e-11     9701  874 9701     2     8      0 16039  1.3e-10        -
4071   2.024e-07  4.4637e-11     9709  874 9709     2     8      0 16051  1.3e-10        -
4075  2.0255e-07  5.3631e-11     9717  876 9717     2     8      0 16063  3.3e-10        -
4079  2.0277e-07  5.3631e-11     9725  876 9725     2     8      0 16075  1.7e-10        -
4083  2.0296e-07  3.5476e-11     9733  877 9733     2     8      0 16087  2.1e-11        -
4087  2.0318e-07  7.0953e-11     9741  878 9741     2     8      0 16099  5.7e-10        -
4091  2.0345e-07  5.4879e-11     9753  879 9753     2     8      0 16119    1e-10        -
4095  2.0366e-07  5.4879e-11     9761  880 9761     2     8      0 16131  5.5e-11        -
4100  2.0394e-07  5.4879e-11     9771  880 9771     2     8      0 16146    7e-11        -
4103  2.0406e-07  6.0965e-11     9777  882 9777     2     8      0 16155  1.1e-10        -
4108  2.0437e-07  6.0965e-11     9787  882 9787     2     8      0 16170  2.9e-11        -
4112  2.0457e-07  7.3246e-11     9795  884 9795     2     8      0 16182  1.6e-10        -
4114  2.0471e-07  6.5921e-11     9803  886 9803     2     8      0 16196  1.6e-10        -
4118  2.0495e-07  4.8574e-11     9815  887 9815     2     8      0 16216  3.2e-11        -
4122  2.0515e-07  4.8574e-11     9823  888 9823     2     8      0 16228  8.5e-11        -
4128  2.0544e-07  4.8574e-11     9835  888 9835     2     8      0 16246  6.2e-11        -
4132  2.0559e-07  6.2832e-11     9843  890 9843     2     8      0 16258  2.7e-10        -
4137  2.0591e-07  6.2832e-11     9853  890 9853     2     8      0 16273  4.5e-10        -
4139    2.06e-07  4.5796e-11 out 9861  892 9861     2     8      0 16287  9.4e-11        -
4144  2.0623e-07  4.5796e-11     9871  892 9871     2     8      0 16302  9.8e-11        -
4149  2.0646e-07  4.3917e-11     9882  892 9882     2     8      0 16320  3.1e-11        -
4152  2.0659e-07  4.3917e-11     9891  892 9891     2     8      0 16338  3.3e-11        -
4156  2.0676e-07  4.3917e-11     9903  892 9903     2     8      0 16362  3.6e-11        -
4160  2.0694e-07  4.3917e-11     9915  892 9915     2     8      0 16386  3.8e-11        -
4163  2.0706e-07  6.0826e-11     9921  894 9921     2     8      0 16395  5.1e-10        -
4168  2.0736e-07  6.0826e-11     9931  894 9931     2     8      0 16410  5.9e-10        -
4172  2.0754e-07  3.7108e-11     9939  895 9939     2     8      0 16422  5.3e-11        -
4174  2.0767e-07  6.1377e-11     9947  897 9947     2     8      0 16436  7.2e-10        -
4176  2.0779e-07  5.5239e-11     9955  899 9955     2     8      0 16450  4.4e-10        -
4179  2.0795e-07  5.0102e-11     9965  901 9965     2     8      0 16467    2e-10        -
4183  2.0815e-07  5.0102e-11     9973  902 9973     2     8      0 16479  2.7e-10        -
4188   2.084e-07  5.0102e-11     9983  902 9983     2     8      0 16494  3.2e-10        -
4192   2.086e-07  4.9591e-11     9991  902 9991     2     8      0 16510  1.6e-10        -
4197  2.0885e-07  4.9591e-11     10001  902 10001     2     8      0 16530  1.5e-10        -
4200  2.0897e-07  2.6839e-11     10007  903 10007     2     8      0 16541  8.9e-12        -
4203  2.0911e-07  5.3677e-11     10013  904 10013     2     8      0 16550  2.7e-10        -
4208  2.0938e-07  5.3677e-11     10023  904 10023     2     8      0 16565  3.5e-10        -
4212  2.0957e-07  7.0582e-11     10031  906 10031     2     8      0 16577  1.3e-09        -
4218  2.0996e-07  3.8253e-11     10043  907 10043     2     8      0 16595  4.6e-11        -
----       当前进度:  46 % - 
4222  2.1011e-07  3.8253e-11     10051  907 10051     2     8      0 16607  4.2e-11        -
4225  2.1023e-07  3.8253e-11     10057  907 10057     2     8      0 16616  3.9e-11        -
4227  2.1037e-07  6.8855e-11     10065  909 10065     2     8      0 16630  6.7e-10        -
4232  2.1069e-07  6.2562e-11     10075  910 10075     2     8      0 16645  2.1e-10        -
4237    2.11e-07  6.2315e-11 out 10085  910 10085     2     8      0 16662  4.1e-11        -
4242  2.1131e-07  6.2315e-11     10095  910 10095     2     8      0 16682  3.4e-11        -
4246   2.115e-07  3.1896e-11 out 10103  911 10103     2     8      0 16696  1.3e-12        -
4249  2.1169e-07  6.3792e-11     10109  912 10109     2     8      0 16705  1.4e-11        -
4254    2.12e-07  5.8624e-11 out 10123  912 10123     2     8      0 16730  3.5e-11        -
4257  2.1218e-07  5.8624e-11     10135  912 10135     2     8      0 16754  3.8e-11        -
4260  2.1235e-07  5.8624e-11     10147  912 10147     2     8      0 16778  4.2e-11        -
4262  2.1246e-07  4.4817e-11     10157  913 10157     2     8      0 16797  3.7e-11        -
4266  2.1263e-07  4.4817e-11     10165  914 10165     2     8      0 16809  4.7e-11        -
4270  2.1281e-07  4.4817e-11     10173  914 10173     2     8      0 16821    3e-11        -
4274  2.1297e-07  2.5917e-11     10181  915 10181     2     8      0 16833  4.5e-12        -
4277   2.131e-07  5.1835e-11     10187  916 10187     2     8      0 16842    2e-10        -
4283  2.1341e-07  5.1835e-11     10199  916 10199     2     8      0 16860  1.7e-10        -
4285   2.135e-07  4.2661e-11 out 10207  918 10207     2     8      0 16874  6.7e-11        -
4291  2.1376e-07  4.2661e-11     10219  918 10219     2     8      0 16892  6.7e-11        -
4296  2.1396e-07  3.6696e-11     10233  919 10233     2     8      0 16915  3.5e-11        -
4300  2.1411e-07  3.6696e-11     10241  920 10241     2     8      0 16927  3.7e-11        -
4303  2.1426e-07  7.3392e-11     10247  921 10247     2     8      0 16936  1.3e-09        -
4305  2.1439e-07  6.6053e-11     10255  923 10255     2     8      0 16950  7.7e-10        -
4306  2.1444e-07  5.5511e-11     10261  924 10261     2     8      0 16961  3.2e-10        -
4310  2.1467e-07  5.5511e-11     10269  925 10269     2     8      0 16973  3.4e-10        -
4316  2.1497e-07  2.7957e-11     10281  926 10281     2     8      0 16991  1.3e-11        -
4320  2.1514e-07  5.5915e-11     10289  927 10289     2     8      0 17003  4.6e-10        -
4326  2.1546e-07   4.032e-11     10305  928 10305     2     8      0 17029  1.2e-10        -
4330  2.1562e-07   4.032e-11     10313  929 10313     2     8      0 17041  1.1e-10        -
4336  2.1586e-07   4.032e-11     10325  929 10325     2     8      0 17059    1e-10        -
4339  2.1597e-07  2.8242e-11     10335  930 10335     2     8      0 17076  1.6e-11        -
4342  2.1611e-07  5.6484e-11     10341  932 10341     2     8      0 17085  4.9e-10        -
4347   2.164e-07  5.6484e-11     10351  932 10351     2     8      0 17100  4.4e-10        -
4350  2.1655e-07  5.2306e-11     10363  932 10363     2     8      0 17124  5.6e-11        -
4353  2.1671e-07  5.2306e-11     10375  932 10375     2     8      0 17148  5.4e-11        -
4356  2.1687e-07  5.2306e-11     10387  932 10387     2     8      0 17172  5.1e-11        -
4358  2.1696e-07  4.0777e-11     10397  933 10397     2     8      0 17191  8.8e-11        -
4361  2.1708e-07  4.0777e-11     10403  934 10403     2     8      0 17200  8.7e-11        -
4367  2.1733e-07  4.0777e-11     10415  934 10415     2     8      0 17218  8.2e-11        -
4371  2.1747e-07  2.5725e-11     10423  935 10423     2     8      0 17230  5.9e-12        -
4375  2.1765e-07   5.145e-11     10431  936 10431     2     8      0 17242  1.7e-10        -
4381  2.1796e-07  4.4198e-11     10447  937 10447     2     8      0 17268  6.2e-11        -
4385  2.1813e-07  4.4198e-11     10455  938 10455     2     8      0 17280  3.3e-11        -
4389  2.1838e-07  7.5093e-11     10467  940 10467     2     8      0 17300  5.1e-10        -
----       当前进度:  47 % - 
4393  2.1862e-07  5.7759e-11     10475  941 10475     2     8      0 17312  6.4e-11        -
4397  2.1885e-07  5.7759e-11     10483  941 10483     2     8      0 17324  3.9e-11        -
4400    2.19e-07  4.7842e-11 out 10493  943 10493     2     8      0 17341  1.3e-11        -
4405  2.1924e-07  4.7842e-11     10503  943 10503     2     8      0 17356    3e-11        -
4410  2.1947e-07  3.4711e-11     10517  944 10517     2     8      0 17379    7e-12        -
4413  2.1964e-07  6.9422e-11     10523  946 10523     2     8      0 17388  2.4e-10        -
4416  2.1983e-07   6.248e-11     10533  948 10533     2     8      0 17405  1.9e-10        -
4419     2.2e-07  5.2148e-11 out 10543  950 10543     2     8      0 17422    1e-10        -
4425  2.2031e-07  5.2148e-11     10555  950 10555     2     8      0 17440  1.4e-10        -
4428  2.2046e-07  4.1408e-11     10565  951 10565     2     8      0 17457  6.6e-11        -
4433  2.2067e-07  4.1408e-11     10575  952 10575     2     8      0 17472  7.7e-11        -
4439  2.2091e-07  4.1408e-11     10587  952 10587     2     8      0 17490  5.8e-11        -
4443  2.2104e-07  4.4511e-11     10595  954 10595     2     8      0 17502    8e-11        -
4449  2.2131e-07  4.4511e-11     10607  954 10607     2     8      0 17520  9.1e-11        -
4454   2.215e-07  2.7446e-11 out 10617  955 10617     2     8      0 17535  8.6e-12        -
4459  2.2177e-07  5.4892e-11     10627  956 10627     2     8      0 17550    3e-10        -
4464    2.22e-07   3.043e-11 out 10637  957 10637     2     8      0 17565  1.7e-11        -
4469   2.223e-07   6.086e-11     10647  958 10647     2     8      0 17580  7.8e-10        -
4474  2.2254e-07   3.699e-11     10657  959 10657     2     8      0 17595  8.5e-11        -
4476  2.2267e-07  6.1048e-11     10665  961 10665     2     8      0 17609  1.1e-09        -
4478  2.2279e-07  5.4944e-11     10673  963 10673     2     8      0 17623  5.6e-10        -
4481  2.2295e-07  5.1052e-11     10681  964 10681     2     8      0 17637  5.4e-11        -
4484   2.231e-07  5.1052e-11     10693  964 10693     2     8      0 17661  5.4e-11        -
4486   2.232e-07  5.1052e-11     10701  964 10701     2     8      0 17677  5.3e-11        -
4489  2.2336e-07  5.1052e-11     10713  964 10713     2     8      0 17701  5.3e-11        -
4491  2.2345e-07  4.5794e-11     10723  965 10723     2     8      0 17720  1.8e-10        -
4495  2.2364e-07  4.5794e-11     10731  966 10731     2     8      0 17732  1.6e-10        -
4501  2.2391e-07  4.5794e-11     10743  966 10743     2     8      0 17750  1.6e-10        -
4505  2.2409e-07  4.3929e-11     10755  966 10755     2     8      0 17774  4.1e-11        -
4509  2.2426e-07  4.3929e-11     10767  966 10767     2     8      0 17798  3.8e-11        -
4513  2.2444e-07  4.3929e-11     10779  966 10779     2     8      0 17822  3.5e-11        -
4517  2.2462e-07  6.0711e-11     10787  968 10787     2     8      0 17834    6e-10        -
4523  2.2496e-07   3.751e-11     10799  969 10799     2     8      0 17852  3.5e-11        -
4527  2.2518e-07  6.7518e-11     10811  971 10811     2     8      0 17872  5.9e-10        -
4531  2.2544e-07    5.87e-11     10823  973 10823     2     8      0 17892  2.1e-10        -
4536  2.2573e-07    5.87e-11     10833  974 10833     2     8      0 17907  1.5e-10        -
4540  2.2596e-07  4.4551e-11     10845  975 10845     2     8      0 17927  2.8e-11        -
4542  2.2609e-07  8.9101e-11     10849  977 10849     2     8      0 17933  1.2e-09        -
4544  2.2624e-07  7.6299e-11     10857  979 10857     2     8      0 17947  2.2e-10        -
4545  2.2631e-07  6.8669e-11     10863  980 10863     2     8      0 17958  8.4e-11        -
4547  2.2644e-07  6.0481e-11     10871  982 10871     2     8      0 17972  6.4e-11        -
4551  2.2668e-07  6.0481e-11     10879  983 10879     2     8      0 17984  5.3e-11        -
4555  2.2692e-07  6.0481e-11     10887  983 10887     2     8      0 17996  9.2e-11        -
4558  2.2708e-07  7.6631e-11     10893  985 10893     2     8      0 18005  3.5e-10        -
----       当前进度:  49 % - 正在组装残差
4560  2.2721e-07  6.8968e-11     10901  987 10901     2     8      0 18019    3e-10        -
4561  2.2728e-07  6.2071e-11     10907  988 10907     2     8      0 18030    2e-10        -
4564  2.2745e-07  4.9611e-11     10917  990 10917     2     8      0 18047  3.8e-11        -
4568  2.2765e-07  4.9611e-11     10925  991 10925     2     8      0 18059    1e-10        -
4573   2.279e-07  4.9611e-11     10935  991 10935     2     8      0 18074  1.6e-10        -
4577  2.2805e-07  5.3501e-11     10943  993 10943     2     8      0 18086  2.4e-10        -
4582  2.2832e-07  5.3501e-11     10953  993 10953     2     8      0 18101  2.7e-10        -
4585  2.2846e-07  3.5996e-11     10963  994 10963     2     8      0 18118  2.8e-11        -
4589  2.2867e-07  6.4792e-11     10975  997 10975     2     8      0 18138  5.7e-10        -
4592  2.2887e-07  6.4792e-11     10981  998 10981     2     8      0 18147  6.2e-10        -
4596  2.2903e-07  3.4026e-11     10989  999 10989     2     8      0 18159  2.8e-11        -
4600   2.293e-07  6.1247e-11     11001 1001 11001     2     8      0 18179  5.3e-10        -
4604   2.295e-07  3.9039e-11 out 11009 1003 11009     2     8      0 18191  8.2e-11        -
4606  2.2964e-07  6.3319e-11     11017 1005 11017     2     8      0 18205  9.3e-10        -
4608  2.2976e-07  5.6987e-11     11025 1007 11025     2     8      0 18219  7.8e-10        -
4612  2.2997e-07  3.3669e-11     11033 1009 11033     2     8      0 18231  5.3e-11        -
4616  2.3016e-07  6.0604e-11     11045 1011 11045     2     8      0 18251  1.1e-09        -
4620   2.304e-07  6.0604e-11     11053 1012 11053     2     8      0 18263  8.7e-10        -
4622   2.305e-07  4.7988e-11 out 11061 1014 11061     2     8      0 18277  2.6e-10        -
4626  2.3069e-07  4.7988e-11     11069 1014 11069     2     8      0 18289  2.4e-10        -
4630  2.3088e-07  4.7988e-11     11077 1014 11077     2     8      0 18301  2.2e-10        -
4632  2.3097e-07  3.4056e-11     11085 1015 11085     2     8      0 18315  3.6e-11        -
4635   2.311e-07  6.8112e-11     11091 1017 11091     2     8      0 18324  1.1e-09        -
4640  2.3144e-07  6.2692e-11     11103 1017 11103     2     8      0 18344  1.7e-10        -
4643  2.3163e-07  6.2692e-11     11115 1017 11115     2     8      0 18368  1.5e-10        -
4646  2.3181e-07  6.2692e-11     11127 1017 11127     2     8      0 18392  1.4e-10        -
4649    2.32e-07  6.1925e-11 out 11139 1017 11139     2     8      0 18416    2e-10        -
4652  2.3219e-07  6.1925e-11     11151 1017 11151     2     8      0 18440  1.9e-10        -
4655  2.3237e-07  6.1925e-11     11163 1017 11163     2     8      0 18464  1.7e-10        -
4659  2.3253e-07  3.3261e-11     11173 1018 11173     2     8      0 18481  1.8e-11        -
4664  2.3287e-07  6.6522e-11     11183 1019 11183     2     8      0 18496  3.8e-10        -
4668  2.3307e-07  6.7607e-11     11191 1021 11191     2     8      0 18508  2.8e-10        -
4673  2.3341e-07  6.7607e-11     11201 1021 11201     2     8      0 18523  3.2e-10        -
4675   2.335e-07  4.7179e-11 out 11209 1023 11209     2     8      0 18537  4.6e-11        -
4677  2.3364e-07  6.7275e-11     11219 1026 11219     2     9      0 18554    2e-10        -
4681  2.3391e-07  6.7275e-11     11227 1027 11227     2     9      0 18566  4.1e-11        -
4684  2.3409e-07  8.8872e-11     11233 1029 11233     2     9      0 18575  5.3e-10        -
4686  2.3423e-07  7.1469e-11     11241 1031 11241     2     9      0 18589  1.2e-10        -
4688  2.3436e-07  6.4322e-11     11249 1033 11249     2     9      0 18603    1e-10        -
4692  2.3458e-07  7.5222e-11     11257 1035 11257     2     9      0 18615  4.4e-10        -
4694  2.3471e-07  6.6601e-11     11265 1037 11265     2     9      0 18629  1.9e-10        -
4696  2.3483e-07  5.9941e-11     11273 1039 11273     2     9      0 18643  2.1e-10        -
4700  2.3506e-07  5.5875e-11     11286 1039 11286     2     9      0 18668  3.1e-11        -
-----      当前进度:  51 % - 正在组装残差
Memory: 1029/1084 1047/1100
4703  2.3522e-07  5.5875e-11     11298 1039 11298     2     9      0 18692  3.4e-11        -
4706  2.3539e-07  5.5875e-11     11310 1039 11310     2     9      0 18716  3.8e-11        -
4708   2.355e-07  5.4436e-11 out 11318 1041 11318     2     9      0 18730  2.7e-10        -
4713  2.3577e-07  5.4436e-11     11328 1041 11328     2     9      0 18745    3e-10        -
4717  2.3597e-07  3.2255e-11     11336 1042 11336     2     9      0 18757  1.7e-11        -
4722  2.3613e-07  3.2255e-11     11346 1042 11346     2     9      0 18772  1.8e-11        -
4728  2.3632e-07  3.2255e-11     11358 1042 11358     2     9      0 18790  2.2e-11        -
4733   2.365e-07  4.8428e-11 out 11368 1043 11368     2     9      0 18805  2.3e-10        -
4738  2.3674e-07  4.8428e-11     11378 1043 11378     2     9      0 18820  2.3e-10        -
4741   2.369e-07  5.9717e-11     11386 1045 11386     2    10      0 18832  8.7e-10        -
4742  2.3695e-07  5.0642e-11     11392 1046 11392     2    10      0 18843  3.9e-10        -
4745  2.3711e-07  5.9753e-11     11400 1049 11400     2    11      0 18855  9.8e-10        -
4746  2.3716e-07  5.3778e-11     11406 1050 11406     2    11      0 18866    6e-10        -
4748  2.3728e-07  5.3719e-11     11416 1053 11416     2    12      0 18883  6.3e-10        -
4752  2.3747e-07   3.063e-11     11424 1055 11424     2    12      0 18895    4e-11        -
4756  2.3765e-07  5.5135e-11     11436 1057 11436     2    12      0 18915  7.4e-10        -
4761  2.3792e-07  5.5135e-11     11446 1058 11446     2    12      0 18930  5.1e-10        -
4763    2.38e-07   3.865e-11 out 11454 1060 11454     2    12      0 18944  8.2e-11        -
4769  2.3823e-07   3.865e-11     11466 1060 11466     2    12      0 18962  7.4e-11        -
4775  2.3846e-07  3.7423e-11     11478 1060 11478     2    12      0 18981  2.4e-10        -
4779  2.3861e-07  3.7423e-11     11486 1060 11486     2    12      0 18997  2.3e-10        -
4785  2.3884e-07  3.7423e-11     11498 1060 11498     2    12      0 19021  2.1e-10        -
4789  2.3897e-07  2.5463e-11     11506 1061 11506     2    12      0 19036  8.3e-12        -
4791  2.3905e-07  5.0926e-11     11510 1062 11510     2    12      0 19042  2.6e-10        -
4793  2.3915e-07  5.0926e-11     11514 1062 11514     2    12      0 19048  2.6e-10        -
4796  2.3931e-07  5.0926e-11     11520 1062 11520     2    12      0 19057  2.5e-10        -
4800   2.395e-07  4.6297e-11 out 11532 1062 11532     2    12      0 19079  6.7e-11        -
4803  2.3964e-07  4.6297e-11     11544 1062 11544     2    12      0 19103  6.3e-11        -
4805  2.3973e-07  4.6297e-11     11552 1062 11552     2    12      0 19119    6e-11        -
4808  2.3987e-07  4.6297e-11     11564 1062 11564     2    12      0 19143  5.5e-11        -
4810  2.3996e-07  4.1666e-11     11574 1063 11574     2    12      0 19162  5.5e-11        -
4812  2.4008e-07  8.3331e-11     11578 1065 11578     2    12      0 19168  1.5e-09        -
4814  2.4022e-07  6.9442e-11     11586 1067 11586     2    12      0 19182  4.9e-10        -
4816  2.4035e-07  6.2498e-11     11594 1069 11594     2    12      0 19196  2.3e-10        -
4818  2.4045e-07  4.5145e-11     11602 1070 11602     2    12      0 19210  3.6e-11        -
4821  2.4066e-07  7.2489e-11     11612 1073 11612     2    12      0 19227  3.5e-10        -
4823   2.408e-07   6.524e-11     11620 1075 11620     2    12      0 19241  2.6e-10        -
4826  2.4097e-07  3.4506e-11     11626 1077 11626     2    12      0 19250  8.6e-12        -
4829  2.4114e-07  6.9013e-11     11632 1078 11632     2    12      0 19259  1.1e-10        -
4834  2.4146e-07  4.2962e-11     11642 1079 11642     2    12      0 19274  1.5e-11        -
4837  2.4166e-07  6.9924e-11     11652 1081 11652     2    12      0 19291  1.7e-10        -
-----      当前进度:  52 % - 正在组装残差
4839  2.4179e-07  6.2931e-11     11660 1083 11660     2    12      0 19305  1.1e-10        -
4842  2.4196e-07  4.2717e-11     11670 1085 11670     2    12      0 19322  4.6e-11        -
4846  2.4213e-07  4.2717e-11     11678 1086 11678     2    12      0 19334  5.9e-11        -
4850   2.423e-07  4.2717e-11     11686 1086 11686     2    12      0 19346  6.8e-11        -
4854  2.4246e-07  3.6413e-11     11698 1087 11698     2    12      0 19366  3.2e-11        -
4857  2.4264e-07  6.3451e-11     11708 1090 11708     2    12      0 19383  5.6e-10        -
4859  2.4276e-07  5.7106e-11     11716 1092 11716     2    12      0 19397  3.4e-10        -
4863  2.4296e-07  3.5924e-11     11724 1094 11724     2    12      0 19409  3.4e-11        -
4868  2.4314e-07  3.5924e-11     11734 1094 11734     2    12      0 19424  3.7e-11        -
4872  2.4329e-07  3.5924e-11     11742 1094 11742     2    12      0 19436  3.7e-11        -
4876  2.4343e-07  3.5924e-11     11750 1094 11750     2    12      0 19448  3.8e-11        -
4879  2.4353e-07  3.4454e-11     11759 1094 11759     2    12      0 19466  1.8e-11        -
4881   2.436e-07  3.4454e-11     11765 1094 11765     2    12      0 19478  1.8e-11        -
4884  2.4371e-07  3.4454e-11     11774 1094 11774     2    12      0 19496  1.9e-11        -
4887  2.4384e-07  6.8909e-11     11782 1095 11782     2    12      0 19511  1.3e-09        -
4888  2.4391e-07  6.2018e-11     11788 1096 11788     2    12      0 19522  7.7e-10        -
4892  2.4409e-07  4.6719e-11     11796 1097 11796     2    12      0 19534  2.2e-10        -
4895  2.4425e-07  6.2496e-11     11804 1099 11804     2    13      0 19546  1.1e-09        -
4897  2.4436e-07  5.6246e-11     11812 1101 11812     2    13      0 19560  6.5e-10        -
4899  2.4446e-07  4.0945e-11     11820 1102 11820     2    13      0 19574  1.4e-10        -
4901  2.4456e-07  5.9565e-11     11826 1105 11826     2    14      0 19583    1e-09        -
4902  2.4461e-07  5.3609e-11     11832 1106 11832     2    14      0 19594    6e-10        -
4905  2.4477e-07  5.3609e-11     11838 1107 11838     2    14      0 19603  6.3e-10        -
4909  2.4497e-07  3.2587e-11     11846 1108 11846     2    14      0 19615  5.3e-11        -
4911  2.4507e-07  6.5174e-11     11850 1109 11850     2    14      0 19621  1.7e-09        -
4912  2.4512e-07  5.8536e-11     11856 1110 11856     2    14      0 19632  9.7e-10        -
4914  2.4523e-07  5.2683e-11     11864 1112 11864     2    14      0 19646  5.5e-10        -
4918  2.4545e-07  5.2683e-11     11872 1113 11872     2    14      0 19658  3.7e-10        -
4920   2.455e-07   2.717e-11 out 11876 1114 11876     2    14      0 19664  1.3e-11        -
4923  2.4566e-07  5.4341e-11     11882 1115 11882     2    14      0 19673  5.2e-10        -
4928  2.4593e-07  5.4341e-11     11892 1115 11892     2    14      0 19688  3.9e-10        -
4931  2.4603e-07  3.2637e-11     11898 1116 11898     2    14      0 19697  2.9e-11        -
4935  2.4616e-07  3.2637e-11     11906 1116 11906     2    14      0 19709  2.9e-11        -
4939  2.4636e-07  6.5274e-11     11914 1117 11914     2    14      0 19721  9.2e-10        -
4942   2.465e-07  3.7859e-11 out 11920 1118 11920     2    14      0 19730    6e-11        -
4947  2.4669e-07  3.7859e-11     11930 1118 11930     2    14      0 19745  5.7e-11        -
4950  2.4684e-07  7.5718e-11     11936 1119 11936     2    14      0 19754  1.8e-09        -
4951  2.4691e-07  6.7119e-11     11942 1120 11942     2    14      0 19765  9.7e-10        -
4955  2.4709e-07  4.6075e-11     11950 1121 11950     2    14      0 19777  1.1e-10        -
-----      当前进度:  53 % - 
4959  2.4728e-07  4.6075e-11     11958 1121 11958     2    14      0 19789    9e-11        -
4962  2.4741e-07  4.6075e-11     11964 1121 11964     2    14      0 19798  7.8e-11        -
4965  2.4754e-07  4.2663e-11     11973 1121 11973     2    14      0 19816    1e-10        -
4967   2.477e-07  6.9637e-11     11981 1123 11981     2    14      0 19830  4.3e-10        -
4969  2.4783e-07  6.2673e-11     11989 1125 11989     2    14      0 19844  1.9e-10        -
4971  2.4795e-07  5.3694e-11     11997 1127 11997     2    14      0 19858  9.3e-11        -
4975  2.4816e-07  5.3694e-11     12005 1128 12005     2    14      0 19870    1e-10        -
4977   2.483e-07  6.4838e-11     12015 1131 12015     2    15      0 19887  1.9e-10        -
4980  2.4846e-07   3.618e-11     12021 1133 12021     2    15      0 19896  3.5e-12        -
4983  2.4864e-07  6.5125e-11     12031 1135 12031     2    15      0 19913  5.1e-11        -
4985  2.4877e-07  6.3816e-11     12041 1138 12041     2    16      0 19930  1.3e-10        -
4987   2.489e-07   6.214e-11     12051 1141 12051     2    17      0 19947  1.1e-10        -
4990  2.4907e-07   6.619e-11     12059 1144 12059     2    18      0 19959  2.3e-10        -
4992  2.4919e-07  5.9571e-11     12067 1146 12067     2    18      0 19973  1.8e-10        -
4997  2.4946e-07   3.819e-11     12077 1147 12077     2    18      0 19988  3.1e-11        -
5001  2.4968e-07  6.0908e-11     12089 1149 12089     2    18      0 20008  4.3e-10        -
5003  2.4979e-07  5.4817e-11     12097 1151 12097     2    18      0 20022  2.8e-10        -
5006  2.4995e-07  4.9581e-11     12105 1152 12105     2    18      0 20036  9.5e-11        -
5009   2.501e-07  4.9581e-11     12117 1152 12117     2    18      0 20060    1e-10        -
5012  2.5025e-07  4.9581e-11     12131 1153 12131     2    18      0 20087  1.7e-10        -
5016  2.5045e-07  4.9581e-11     12139 1154 12139     2    18      0 20099  1.9e-10        -
5020  2.5058e-07  5.3773e-11     12147 1156 12147     2    18      0 20111  2.8e-10        -
5025  2.5085e-07  5.3773e-11     12157 1156 12157     2    18      0 20126  4.2e-10        -
5027  2.5095e-07  4.8352e-11     12165 1157 12165     2    18      0 20140  2.4e-10        -
5031  2.5115e-07  4.8352e-11     12173 1158 12173     2    18      0 20152  2.3e-10        -
5034  2.5129e-07  4.8352e-11     12179 1158 12179     2    18      0 20161  2.4e-10        -
5038  2.5147e-07  3.2417e-11     12191 1159 12191     2    18      0 20181  3.6e-11        -
5040  2.5153e-07  3.2417e-11     12195 1160 12195     2    18      0 20187  3.7e-11        -
5045  2.5169e-07  3.2417e-11     12205 1160 12205     2    18      0 20202  4.1e-11        -
5049  2.5186e-07  6.4834e-11     12213 1161 12213     2    18      0 20214  1.4e-09        -
5051  2.5196e-07   4.422e-11     12221 1163 12221     2    18      0 20228  2.2e-10        -
5055  2.5215e-07  5.7043e-11     12231 1165 12231     2    19      0 20243  8.6e-10        -
5057  2.5226e-07  5.8278e-11     12241 1168 12241     2    20      0 20260  9.6e-10        -
5059  2.5237e-07  5.8185e-11     12251 1171 12251     2    21      0 20277  9.4e-10        -
5061  2.5246e-07  4.0949e-11     12261 1174 12261     2    22      0 20294  1.6e-10        -
5063  2.5256e-07  5.7987e-11     12267 1176 12267     2    23      0 20303  8.8e-10        -
5065  2.5267e-07  6.0693e-11     12277 1179 12277     2    24      0 20320    1e-09        -
-----      当前进度:  54 % - 
5067  2.5278e-07  5.4624e-11     12285 1181 12285     2    24      0 20334  6.1e-10        -
5071  2.5297e-07  2.8006e-11     12293 1182 12293     2    24      0 20346  1.9e-11        -
5075  2.5317e-07  5.6012e-11     12301 1183 12301     2    24      0 20358  5.9e-10        -
5080  2.5345e-07  5.3958e-11     12312 1183 12312     2    24      0 20376    1e-10        -
5083  2.5361e-07  5.3958e-11     12321 1183 12321     2    24      0 20394    1e-10        -
5087  2.5382e-07  5.3958e-11     12333 1183 12333     2    24      0 20418  9.5e-11        -
5090  2.5397e-07  3.4169e-11     12341 1184 12341     2    24      0 20433  3.5e-11        -
5095  2.5414e-07  3.4169e-11     12351 1184 12351     2    24      0 20448  5.6e-11        -
5100  2.5431e-07  3.4169e-11     12361 1184 12361     2    24      0 20463  5.7e-11        -
5104  2.5446e-07  4.4986e-11     12373 1185 12373     2    24      0 20483  1.3e-10        -
5108  2.5463e-07  4.4986e-11     12381 1186 12381     2    24      0 20495  1.5e-10        -
5113  2.5486e-07  4.4986e-11     12391 1186 12391     2    24      0 20510  1.2e-10        -
5117    2.55e-07  2.5072e-11 out 12399 1187 12399     2    24      0 20522  5.7e-12        -
5121   2.552e-07  5.0145e-11     12407 1188 12407     2    24      0 20534  8.1e-11        -
5126  2.5545e-07  4.9421e-11     12417 1188 12417     2    24      0 20550  1.2e-10        -
5130  2.5567e-07  7.1291e-11     12427 1190 12427     2    25      0 20568  2.8e-10        -
5132   2.558e-07  6.4162e-11     12435 1192 12435     2    25      0 20582  8.7e-11        -
5134  2.5593e-07  6.8691e-11     12440 1192 12440     2    25      0 20591  1.7e-10        -
5138   2.561e-07  6.8691e-11     12448 1194 12448     2    25      0 20603  1.8e-10        -
5140  2.5623e-07  6.8916e-11     12458 1197 12458     2    26      0 20620  2.8e-10        -
5142  2.5636e-07  6.6537e-11     12468 1200 12468     2    27      0 20637  3.3e-10        -
5144   2.565e-07  7.7782e-11 out 12476 1202 12476     2    27      0 20651    3e-10        -
5146  2.5663e-07   6.348e-11     12484 1204 12484     2    27      0 20665  2.2e-10        -
5149   2.568e-07  5.7132e-11     12496 1204 12496     2    27      0 20689  1.6e-10        -
5152  2.5696e-07  4.3692e-11     12510 1205 12510     2    27      0 20716    1e-10        -
5156  2.5713e-07  4.3692e-11     12518 1206 12518     2    27      0 20728  1.1e-10        -
5161  2.5735e-07  4.3692e-11     12528 1206 12528     2    27      0 20743  1.1e-10        -
5164  2.5747e-07  3.1542e-11     12538 1207 12538     2    27      0 20760    2e-11        -
5167  2.5756e-07  3.1542e-11     12544 1208 12544     2    27      0 20769  2.1e-11        -
5172  2.5772e-07  3.1542e-11     12554 1208 12554     2    27      0 20784  3.4e-11        -
5176  2.5785e-07  3.1542e-11     12562 1208 12562     2    27      0 20796  3.8e-11        -
5181    2.58e-07  2.9204e-11 out 12574 1208 12574     2    27      0 20817  4.2e-11        -
5185  2.5812e-07  2.9204e-11     12586 1208 12586     2    27      0 20841  4.4e-11        -
5189  2.5823e-07  2.9204e-11     12598 1208 12598     2    27      0 20865  4.7e-11        -
5193  2.5835e-07  2.9204e-11     12610 1208 12610     2    27      0 20889  4.9e-11        -
5197  2.5847e-07  2.9204e-11     12622 1208 12622     2    27      0 20913  5.1e-11        -
5200  2.5853e-07  3.2732e-11     12628 1210 12628     2    27      0 20922  3.9e-11        -
5205   2.587e-07  3.2732e-11     12638 1210 12638     2    27      0 20937  4.6e-11        -
5210  2.5886e-07  3.2732e-11     12648 1210 12648     2    27      0 20952  3.7e-11        -
5214  2.5898e-07  2.0878e-11     12656 1211 12656     2    27      0 20964  4.2e-12        -
5218   2.591e-07  4.1757e-11     12664 1212 12664     2    27      0 20976  1.4e-10        -
5224  2.5935e-07  4.1757e-11     12676 1212 12676     2    27      0 20994  1.7e-10        -
-----      当前进度:  55 % - 正在组装残差
5227  2.5947e-07  3.0778e-11     12686 1213 12686     2    27      0 21011  3.9e-11        -
5230  2.5961e-07  5.2757e-11     12696 1216 12696     2    27      0 21028    6e-10        -
5232  2.5972e-07  5.1731e-11     12706 1219 12706     2    28      0 21045  5.5e-10        -
5234  2.5983e-07  5.1961e-11     12716 1222 12716     2    29      0 21062  5.5e-10        -
5235  2.5989e-07  5.6526e-11     12720 1224 12720     2    30      0 21068  8.2e-10        -
5237  2.5997e-07  2.9691e-11     12728 1226 12728     2    30      0 21082  3.2e-11        -
5240  2.6011e-07  5.3443e-11     12738 1228 12738     2    30      0 21099  5.8e-10        -
5244  2.6033e-07  5.3443e-11     12746 1229 12746     2    30      0 21111  5.2e-10        -
5248   2.605e-07  3.3257e-11 out 12754 1230 12754     2    30      0 21123  6.5e-11        -
5251   2.606e-07  3.3257e-11     12760 1230 12760     2    30      0 21132  5.7e-11        -
5256  2.6077e-07  3.3257e-11     12770 1230 12770     2    30      0 21147  5.6e-11        -
5260   2.609e-07  3.3257e-11     12778 1230 12778     2    30      0 21159  4.4e-11        -
5264    2.61e-07  1.7198e-11 out 12786 1231 12786     2    30      0 21171  1.6e-12        -
5268  2.6114e-07  3.4396e-11     12794 1232 12794     2    30      0 21183  5.1e-11        -
5273  2.6131e-07  3.4396e-11     12804 1232 12804     2    30      0 21198  5.3e-11        -
5278  2.6147e-07  2.6426e-11     12818 1233 12818     2    30      0 21221  1.5e-11        -
5281  2.6161e-07  5.2851e-11     12824 1235 12824     2    30      0 21230    5e-10        -
5286  2.6187e-07  5.2851e-11     12834 1235 12834     2    30      0 21245  3.6e-10        -
5288  2.6196e-07  3.8596e-11     12842 1236 12842     2    30      0 21259    7e-11        -
5292  2.6212e-07  3.8596e-11     12850 1237 12850     2    30      0 21271  6.4e-11        -
5297  2.6231e-07  3.8596e-11     12860 1237 12860     2    30      0 21286  5.1e-11        -
5300  2.6244e-07  5.7022e-11     12870 1238 12870     2    30      0 21303  5.2e-10        -
5304  2.6267e-07  5.7022e-11     12878 1239 12878     2    30      0 21315    2e-10        -
5307  2.6284e-07  5.7022e-11     12884 1239 12884     2    30      0 21324  2.2e-10        -
5309  2.6295e-07  5.0423e-11     12892 1240 12892     2    30      0 21338  9.2e-11        -
5312  2.6312e-07  6.9706e-11     12900 1243 12900     2    31      0 21350  3.3e-10        -
5314  2.6325e-07     7.1e-11     12910 1246 12910     2    32      0 21367  2.2e-10        -
5316  2.6339e-07  6.7682e-11     12920 1249 12920     2    33      0 21384  9.7e-12        -
5318   2.635e-07  5.7277e-11 out 12928 1251 12928     2    33      0 21398  8.2e-11        -
5320  2.6363e-07   6.801e-11     12934 1253 12934     2    34      0 21407  2.6e-10        -
5322  2.6375e-07  6.7502e-11     12944 1256 12944     2    35      0 21424  3.1e-10        -
5324  2.6388e-07  6.0752e-11     12952 1258 12952     2    35      0 21438  1.3e-10        -
5328  2.6406e-07  6.3748e-11     12960 1260 12960     2    35      0 21450  2.2e-08        -
5331  2.6424e-07  5.7373e-11     12972 1260 12972     2    35      0 21474  1.9e-10        -
5334  2.6441e-07  5.7373e-11     12986 1261 12986     2    35      0 21501  6.1e-10        -
5338  2.6459e-07  4.6006e-11     12994 1262 12994     2    35      0 21513  2.1e-10        -
5343  2.6482e-07  4.6006e-11     13004 1262 13004     2    35      0 21528  2.3e-10        -
5347    2.65e-07  4.2972e-11 out 13014 1262 13014     2    35      0 21546  1.4e-10        -
5351  2.6517e-07  4.2972e-11     13026 1262 13026     2    35      0 21570  1.5e-10        -
5355  2.6534e-07  4.2972e-11     13040 1262 13040     2    35      0 21598  2.4e-11        -
-----      当前进度:  56 % - 正在组装残差
Memory: 1032/1084 1049/1100
5357  2.6543e-07  4.2972e-11     13048 1262 13048     2    35      0 21614  2.5e-11        -
5358  2.6546e-07  3.5141e-11     13054 1263 13054     2    35      0 21625  6.3e-11        -
5362  2.6561e-07  3.5141e-11     13062 1264 13062     2    35      0 21637  6.2e-11        -
5367  2.6578e-07  3.5141e-11     13072 1264 13072     2    35      0 21652    6e-11        -
5372  2.6596e-07  3.5141e-11     13082 1264 13082     2    35      0 21667  6.1e-11        -
5375  2.6604e-07  4.3169e-11     13088 1266 13088     2    35      0 21676  1.7e-10        -
5378  2.6617e-07  4.3169e-11     13094 1266 13094     2    35      0 21685    2e-10        -
5382  2.6635e-07  4.3169e-11     13102 1266 13102     2    35      0 21697  1.6e-10        -
5385  2.6647e-07  3.4157e-11     13112 1267 13112     2    35      0 21714  5.2e-11        -
5387  2.6653e-07  3.4157e-11     13116 1268 13116     2    35      0 21720  5.4e-11        -
5390  2.6664e-07  3.4157e-11     13122 1268 13122     2    35      0 21729  5.8e-11        -
5394  2.6677e-07  3.4157e-11     13130 1268 13130     2    35      0 21741  6.5e-11        -
5397  2.6688e-07  3.4157e-11     13136 1268 13136     2    35      0 21750  6.7e-11        -
5400  2.6697e-07  2.7979e-11     13146 1269 13146     2    35      0 21767  2.5e-11        -
5402  2.6703e-07  2.7979e-11     13150 1270 13150     2    35      0 21773  2.5e-11        -
5404  2.6713e-07  5.0363e-11     13158 1272 13158     2    35      0 21787  4.7e-10        -
5407  2.6729e-07  5.0363e-11     13164 1273 13164     2    35      0 21796  4.6e-10        -
5411  2.6747e-07  3.1762e-11     13172 1274 13172     2    35      0 21808  4.3e-11        -
5415   2.676e-07  3.1762e-11     13180 1274 13180     2    35      0 21820  4.2e-11        -
5419  2.6772e-07  3.1762e-11     13188 1274 13188     2    35      0 21832    4e-11        -
5423  2.6785e-07  3.1762e-11     13196 1274 13196     2    35      0 21844  3.8e-11        -
5427  2.6797e-07  2.7669e-11     13208 1275 13208     2    35      0 21864  2.4e-11        -
5430  2.6806e-07  2.7669e-11     13214 1276 13214     2    35      0 21873  2.2e-11        -
5434  2.6817e-07  2.7669e-11     13222 1276 13222     2    35      0 21885  2.2e-11        -
5438  2.6828e-07  2.7669e-11     13230 1276 13230     2    35      0 21897  2.2e-11        -
5442  2.6839e-07  2.7669e-11     13238 1276 13238     2    35      0 21909  2.2e-11        -
5446  2.6849e-07  1.4816e-11     13246 1277 13246     2    35      0 21921    1e-12        -
5449  2.6856e-07  2.9632e-11     13252 1278 13252     2    35      0 21930  2.5e-11        -
5453  2.6868e-07  2.9632e-11     13260 1278 13260     2    35      0 21942  2.6e-11        -
5457   2.688e-07  2.9632e-11     13268 1278 13268     2    35      0 21954  2.6e-11        -
5461  2.6891e-07  2.9632e-11     13276 1278 13276     2    35      0 21966  2.6e-11        -
5464    2.69e-07  2.7763e-11 out 13284 1278 13284     2    35      0 21981  2.5e-11        -
5467  2.6914e-07  5.5527e-11     13291 1279 13291     2    35      0 21993  5.8e-10        -
5471  2.6936e-07  5.5527e-11     13299 1279 13299     2    35      0 22005  4.3e-10        -
5473  2.6946e-07  4.1774e-11     13307 1280 13307     2    35      0 22019  9.8e-11        -
5476  2.6958e-07  4.1774e-11     13313 1281 13313     2    35      0 22028  8.9e-11        -
5481  2.6979e-07  4.1774e-11     13323 1281 13323     2    35      0 22043    1e-10        -
5485  2.6996e-07  4.1128e-11     13331 1281 13331     2    35      0 22056    1e-10        -
5489  2.7012e-07  4.1128e-11     13339 1281 13339     2    35      0 22072  9.1e-11        -
5494  2.7033e-07  4.1128e-11     13349 1281 13349     2    35      0 22092  8.2e-11        -
5498  2.7048e-07  2.3796e-11     13357 1282 13357     2    35      0 22107  2.5e-12        -
5501   2.706e-07  4.7592e-11     13363 1283 13363     2    35      0 22116  8.7e-11        -
-----      当前进度:  57 % - 正在组装残差
Memory: 1049/1084 1058/1100
5505  2.7079e-07  4.7592e-11     13371 1283 13371     2    35      0 22128  4.3e-11        -
5509  2.7096e-07  3.5838e-11     13383 1284 13383     2    35      0 22148  8.7e-12        -
5512  2.7111e-07  7.1676e-11     13389 1286 13389     2    35      0 22157  3.8e-10        -
5513  2.7117e-07  6.1651e-11     13395 1287 13395     2    35      0 22168  1.7e-10        -
5515  2.7129e-07  5.5486e-11     13401 1288 13401     2    35      0 22179  1.6e-10        -
5518  2.7145e-07  5.1363e-11     13415 1289 13415     2    35      0 22206  1.1e-10        -
5521   2.716e-07  5.1363e-11     13421 1290 13421     2    35      0 22215  1.6e-10        -
5526  2.7186e-07  5.1363e-11     13431 1290 13431     2    35      0 22230  3.6e-10        -
5528  2.7196e-07  4.4549e-11     13439 1291 13439     2    35      0 22244  1.8e-10        -
5531  2.7209e-07  4.4549e-11     13445 1292 13445     2    35      0 22253  1.9e-10        -
5536  2.7231e-07  4.4549e-11     13455 1292 13455     2    35      0 22268  1.9e-10        -
5540  2.7247e-07  2.7256e-11     13463 1293 13463     2    35      0 22280    2e-11        -
5544  2.7258e-07  2.7256e-11     13471 1293 13471     2    35      0 22292  1.9e-11        -
5548  2.7269e-07  2.7256e-11     13479 1293 13479     2    35      0 22304  1.8e-11        -
5553  2.7283e-07  2.7256e-11     13489 1293 13489     2    35      0 22319  1.7e-11        -
5557  2.7294e-07  2.7256e-11     13497 1293 13497     2    35      0 22331  1.7e-11        -
5559  2.7298e-07  1.8323e-11     13505 1294 13505     2    35      0 22345  2.4e-12        -
5561  2.7304e-07  3.6646e-11     13509 1296 13509     2    35      0 22351  7.5e-11        -
5564  2.7315e-07  3.6646e-11     13515 1296 13515     2    35      0 22360  7.3e-11        -
5569  2.7333e-07  3.6646e-11     13525 1296 13525     2    35      0 22375  7.4e-11        -
5573  2.7347e-07  3.0121e-11     13537 1297 13537     2    35      0 22395    3e-11        -
5577  2.7359e-07  3.0121e-11     13545 1298 13545     2    35      0 22407  3.3e-11        -
5581  2.7371e-07  3.0121e-11     13553 1298 13553     2    35      0 22419  3.7e-11        -
5585  2.7383e-07  3.0121e-11     13561 1298 13561     2    35      0 22431    3e-11        -
5590  2.7398e-07  2.4091e-11     13575 1299 13575     2    35      0 22454    1e-11        -
5592  2.7402e-07  2.4091e-11     13579 1300 13579     2    35      0 22460  1.1e-11        -
5596  2.7412e-07  2.4091e-11     13587 1300 13587     2    35      0 22472  1.1e-11        -
5601  2.7424e-07  2.4091e-11     13597 1300 13597     2    35      0 22487  1.1e-11        -
5606  2.7436e-07  2.4091e-11     13607 1300 13607     2    35      0 22502  1.2e-11        -
5610  2.7446e-07  2.4091e-11     13615 1300 13615     2    35      0 22514  1.2e-11        -
5613  2.7454e-07  4.2275e-11     13625 1301 13625     2    35      0 22533  1.9e-10        -
5618  2.7475e-07  4.2275e-11     13635 1301 13635     2    35      0 22548  1.9e-10        -
5623  2.7496e-07  3.8626e-11     13647 1301 13647     2    35      0 22568  6.2e-11        -
5626  2.7508e-07  3.8626e-11     13659 1301 13659     2    35      0 22592  6.2e-11        -
5629  2.7519e-07  3.8626e-11     13671 1301 13671     2    35      0 22616  6.2e-11        -
5632  2.7531e-07  3.8626e-11     13683 1301 13683     2    35      0 22640  6.2e-11        -
5635  2.7542e-07  3.8626e-11     13695 1301 13695     2    35      0 22664  6.1e-11        -
5636  2.7546e-07  3.7556e-11     13701 1302 13701     2    35      0 22675    1e-10        -
5640  2.7561e-07  3.7556e-11     13709 1303 13709     2    35      0 22687    1e-10        -
5645   2.758e-07  3.7556e-11     13719 1303 13719     2    35      0 22702    1e-10        -
5650  2.7598e-07  2.4666e-11     13729 1304 13729     2    35      0 22717  1.3e-11        -
5655   2.761e-07  2.4666e-11     13739 1304 13739     2    35      0 22732  1.1e-11        -
-----      当前进度:  58 % - 正在组装残差
5658   2.762e-07  4.9332e-11     13745 1305 13745     2    35      0 22741  3.3e-10        -
5663  2.7644e-07  4.9332e-11     13755 1305 13755     2    35      0 22756  3.1e-10        -
5667  2.7656e-07  2.8007e-11     13763 1306 13763     2    35      0 22768  1.8e-11        -
5671  2.7672e-07  5.6013e-11     13771 1307 13771     2    35      0 22780  5.8e-10        -
5676    2.77e-07  5.3954e-11 out 13783 1307 13783     2    35      0 22801  8.5e-11        -
5679  2.7716e-07  5.3954e-11     13792 1307 13792     2    35      0 22819  7.7e-11        -
5683  2.7738e-07  5.3954e-11     13804 1307 13804     2    35      0 22843  6.8e-11        -
5687  2.7753e-07  3.4185e-11     13813 1308 13813     2    35      0 22858  2.7e-11        -
5689  2.7766e-07  6.1533e-11     13821 1310 13821     2    35      0 22872  4.6e-10        -
5691  2.7778e-07   5.538e-11     13829 1312 13829     2    35      0 22886  2.7e-10        -
5695    2.78e-07  5.4119e-11 out 13837 1313 13837     2    35      0 22900    4e-10        -
5700  2.7827e-07  5.4119e-11     13847 1313 13847     2    35      0 22920    4e-10        -
5704  2.7847e-07  3.3523e-11     13855 1314 13855     2    35      0 22935  1.3e-11        -
5707  2.7863e-07  6.0311e-11     13865 1316 13865     2    35      0 22952  1.8e-10        -
5710   2.788e-07   5.428e-11     13875 1317 13875     2    35      0 22971  1.9e-10        -
5713  2.7895e-07  4.7606e-11     13889 1318 13889     2    35      0 22998  1.1e-10        -
5717  2.7914e-07  4.7606e-11     13897 1319 13897     2    35      0 23010  3.2e-10        -
5722  2.7938e-07  4.7606e-11     13907 1319 13907     2    35      0 23025  3.2e-10        -
5725   2.795e-07  3.5773e-11 out 13917 1321 13917     2    35      0 23042  8.9e-11        -
5730  2.7968e-07  3.5773e-11     13927 1321 13927     2    35      0 23057  1.2e-10        -
5735  2.7986e-07  3.5773e-11     13937 1321 13937     2    35      0 23072  9.4e-11        -
5740  2.8004e-07  3.5363e-11     13947 1321 13947     2    35      0 23090  8.1e-11        -
5745  2.8021e-07  3.5363e-11     13957 1321 13957     2    35      0 23110  8.7e-11        -
5750  2.8039e-07  3.5363e-11     13967 1321 13967     2    35      0 23130  9.2e-11        -
5754   2.805e-07  2.0138e-11 out 13975 1322 13975     2    35      0 23144  3.7e-12        -
5758  2.8066e-07  4.0275e-11     13983 1323 13983     2    35      0 23156  1.2e-10        -
5762  2.8082e-07  4.0275e-11     13991 1323 13991     2    35      0 23168  1.4e-10        -
5766  2.8097e-07  2.8487e-11     14003 1324 14003     2    35      0 23188  2.4e-11        -
5770  2.8109e-07  2.8487e-11     14011 1325 14011     2    35      0 23200  2.7e-11        -
5775  2.8123e-07  2.8487e-11     14021 1325 14021     2    35      0 23215    3e-11        -
5780  2.8137e-07  2.8487e-11     14031 1325 14031     2    35      0 23230  2.4e-11        -
5784  2.8148e-07  2.2104e-11     14043 1326 14043     2    35      0 23250  9.9e-12        -
5787  2.8157e-07  4.4207e-11     14049 1328 14049     2    35      0 23259  3.3e-10        -
5792  2.8179e-07  4.4207e-11     14059 1328 14059     2    35      0 23274  3.5e-10        -
5796  2.8196e-07  4.0015e-11     14069 1328 14069     2    35      0 23291  1.1e-10        -
5799  2.8208e-07  4.0015e-11     14081 1328 14081     2    35      0 23315  1.1e-10        -
5802   2.822e-07  4.0015e-11     14093 1328 14093     2    35      0 23339  1.1e-10        -
5805  2.8232e-07  4.0015e-11     14105 1328 14105     2    35      0 23363  1.1e-10        -
5807   2.824e-07  4.0015e-11     14113 1328 14113     2    35      0 23379  1.1e-10        -
5809  2.8247e-07  2.9915e-11     14123 1329 14123     2    35      0 23398  2.9e-11        -
5813  2.8259e-07  2.9915e-11     14131 1330 14131     2    35      0 23410    3e-11        -
5817  2.8271e-07  2.9915e-11     14139 1330 14139     2    35      0 23422  3.5e-11        -
-----      当前进度:  59 % - 求解线性方程组
5822  2.8286e-07  2.9915e-11     14149 1330 14149     2    35      0 23437  3.3e-11        -
5826  2.8297e-07  2.5639e-11     14161 1331 14161     2    35      0 23457  1.5e-11        -
5830  2.8308e-07  2.5639e-11     14169 1332 14169     2    35      0 23469  1.5e-11        -
5835  2.8321e-07  2.5639e-11     14179 1332 14179     2    35      0 23484  1.5e-11        -
5840  2.8333e-07  2.5639e-11     14189 1332 14189     2    35      0 23499  1.6e-11        -
5844  2.8344e-07  2.5639e-11     14197 1332 14197     2    35      0 23511  1.7e-11        -
5846  2.8348e-07  1.9249e-11     14205 1333 14205     2    35      0 23525    4e-12        -
5849  2.8358e-07  3.8497e-11     14211 1335 14211     2    35      0 23534  1.3e-10        -
5854  2.8377e-07  3.8497e-11     14221 1335 14221     2    35      0 23549    9e-11        -
5859  2.8396e-07  3.8266e-11     14231 1335 14231     2    35      0 23565  5.6e-11        -
5864  2.8415e-07  3.8266e-11     14241 1335 14241     2    35      0 23585    5e-11        -
5869  2.8434e-07  3.8266e-11     14251 1335 14251     2    35      0 23605  4.6e-11        -
5873  2.8448e-07  2.0404e-11     14259 1336 14259     2    35      0 23620  3.4e-12        -
5877  2.8462e-07  4.0807e-11     14267 1337 14267     2    35      0 23632  8.4e-11        -
5882  2.8483e-07  4.0807e-11     14277 1337 14277     2    35      0 23647  6.8e-11        -
5886  2.8497e-07   2.556e-11     14285 1338 14285     2    35      0 23659  5.5e-12        -
5889   2.851e-07   5.112e-11     14291 1339 14291     2    35      0 23668  1.3e-10        -
5894  2.8536e-07   5.112e-11     14301 1339 14301     2    35      0 23683  2.4e-10        -
5896  2.8545e-07  4.5521e-11     14309 1340 14309     2    35      0 23697  2.1e-10        -
5900  2.8564e-07  4.5521e-11     14317 1341 14317     2    35      0 23709  1.7e-10        -
5905  2.8586e-07  4.5521e-11     14327 1341 14327     2    35      0 23724  1.1e-10        -
5910  2.8609e-07  4.5158e-11     14337 1341 14337     2    35      0 23743  8.4e-11        -
5915  2.8632e-07  4.5158e-11     14347 1341 14347     2    35      0 23763  9.4e-11        -
5919  2.8648e-07  2.4212e-11     14355 1342 14355     2    35      0 23778  1.5e-11        -
5923  2.8662e-07  4.8424e-11     14363 1343 14363     2    35      0 23790  3.4e-10        -
5928  2.8686e-07  4.8424e-11     14373 1343 14373     2    35      0 23805    5e-10        -
5932  2.8704e-07  4.4199e-11     14387 1343 14387     2    35      0 23832  9.4e-11        -
5935  2.8718e-07  4.4199e-11     14399 1343 14399     2    35      0 23856    1e-10        -
5938  2.8731e-07  4.4199e-11     14411 1343 14411     2    35      0 23880  1.1e-10        -
5941  2.8744e-07  4.4199e-11     14423 1343 14423     2    35      0 23904  1.1e-10        -
5945  2.8756e-07  2.9006e-11     14431 1344 14431     2    35      0 23916  5.5e-11        -
5949  2.8767e-07  2.9006e-11     14439 1344 14439     2    35      0 23928  2.5e-11        -
5954  2.8782e-07  2.9006e-11     14449 1344 14449     2    35      0 23943  2.7e-11        -
5959  2.8796e-07  2.9006e-11     14459 1344 14459     2    35      0 23958    3e-11        -
5962  2.8804e-07  3.5899e-11     14465 1346 14465     2    35      0 23967  9.2e-11        -
5967  2.8822e-07  3.5899e-11     14475 1346 14475     2    35      0 23982  8.1e-11        -
5972  2.8839e-07  3.5899e-11     14485 1346 14485     2    35      0 23997  9.4e-11        -
5976  2.8853e-07  3.4608e-11     14496 1346 14496     2    35      0 24018  2.9e-11        -
5980  2.8867e-07  3.4608e-11     14508 1346 14508     2    35      0 24042  2.9e-11        -
5984  2.8881e-07  3.4608e-11     14520 1346 14520     2    35      0 24066  2.9e-11        -
5988  2.8895e-07  3.4608e-11     14530 1346 14530     2    35      0 24086  3.7e-10        -
5990    2.89e-07  2.5047e-11 out 14538 1348 14538     2    35      0 24100  1.5e-11        -
5995  2.8913e-07  2.5047e-11     14548 1348 14548     2    35      0 24115    2e-11        -
5999  2.8923e-07  2.5047e-11     14556 1348 14556     2    35      0 24127  1.6e-11        -
6004  2.8935e-07  2.5047e-11     14566 1348 14566     2    35      0 24142  1.5e-11        -
6009  2.8948e-07  2.4574e-11     14576 1348 14576     2    35      0 24158  4.6e-11        -
6014   2.896e-07  2.4574e-11     14586 1348 14586     2    35      0 24178  4.6e-11        -
------     当前进度:  61 % - 正在组装残差
6018   2.897e-07  2.4574e-11     14594 1348 14594     2    35      0 24194  4.6e-11        -
6023  2.8982e-07  2.4574e-11     14604 1348 14604     2    35      0 24214  4.7e-11        -
6028  2.8994e-07  2.4574e-11     14614 1348 14614     2    35      0 24234  4.7e-11        -
6032  2.9003e-07  3.3097e-11     14622 1350 14622     2    35      0 24247  4.9e-11        -
6037   2.902e-07  3.3097e-11     14632 1350 14632     2    35      0 24262  5.4e-11        -
6042  2.9036e-07  3.3097e-11     14642 1350 14642     2    35      0 24277  5.8e-11        -
6046  2.9048e-07   1.832e-11     14650 1351 14650     2    35      0 24289  3.2e-12        -
6050  2.9061e-07  3.6639e-11     14658 1352 14658     2    35      0 24301  1.1e-10        -
6053  2.9072e-07  3.6639e-11     14664 1352 14664     2    35      0 24310  1.2e-10        -
6058   2.909e-07  3.6639e-11     14674 1352 14674     2    35      0 24325  1.2e-10        -
6060  2.9097e-07  3.0166e-11     14682 1353 14682     2    35      0 24339    8e-11        -
6064  2.9109e-07  3.0166e-11     14690 1354 14690     2    35      0 24351  5.6e-11        -
6069  2.9124e-07  3.0166e-11     14700 1354 14700     2    35      0 24366  5.8e-11        -
6074  2.9139e-07  3.0166e-11     14710 1354 14710     2    35      0 24381    6e-11        -
6077  2.9148e-07  2.3758e-11     14720 1355 14720     2    35      0 24398  1.9e-11        -
6080  2.9157e-07  4.7516e-11     14726 1357 14726     2    35      0 24407    6e-10        -
6084  2.9176e-07  4.7516e-11     14734 1357 14734     2    35      0 24419  4.3e-10        -
6088  2.9195e-07  4.7516e-11     14742 1357 14742     2    35      0 24431  2.8e-10        -
6092  2.9207e-07  4.8601e-11     14750 1359 14750     2    35      0 24443  3.2e-10        -
6097  2.9232e-07  4.8601e-11     14760 1359 14760     2    35      0 24458  2.6e-10        -
6100  2.9246e-07  4.3446e-11     14768 1359 14768     2    35      0 24472  1.3e-10        -
6103  2.9259e-07  4.3446e-11     14780 1359 14780     2    35      0 24496  1.3e-10        -
6106  2.9272e-07  4.3446e-11     14792 1359 14792     2    35      0 24520  1.2e-10        -
6108   2.928e-07  4.3446e-11     14800 1359 14800     2    35      0 24536  1.2e-10        -
6111  2.9293e-07  4.3446e-11     14812 1359 14812     2    35      0 24560  1.2e-10        -
6112  2.9297e-07  3.2771e-11     14818 1360 14818     2    35      0 24571  3.8e-11        -
6115  2.9312e-07  5.8987e-11     14828 1363 14828     2    35      0 24588    8e-10        -
6119  2.9336e-07  5.8987e-11     14836 1364 14836     2    35      0 24600  1.2e-09        -
6121  2.9346e-07  4.0267e-11     14844 1365 14844     2    35      0 24614  1.7e-10        -
6125  2.9362e-07  4.0267e-11     14852 1366 14852     2    35      0 24626  1.8e-10        -
6127   2.937e-07  4.0267e-11     14856 1366 14856     2    35      0 24632  1.8e-10        -
6129  2.9378e-07  4.0267e-11     14860 1366 14860     2    35      0 24638  1.9e-10        -
6134  2.9397e-07  2.8529e-11     14874 1367 14874     2    35      0 24661    1e-10        -
6137  2.9411e-07  5.1353e-11     14882 1369 14882     2    35      0 24675  3.1e-10        -
6140  2.9426e-07  5.1353e-11     14894 1369 14894     2    35      0 24699  3.3e-10        -
6142  2.9437e-07  5.1353e-11     14902 1371 14902     2    35      0 24713  8.7e-10        -
6144  2.9446e-07  4.1735e-11     14910 1372 14910     2    35      0 24727    3e-10        -
6148  2.9463e-07  4.1735e-11     14918 1373 14918     2    35      0 24739    4e-10        -
6151  2.9475e-07  4.1735e-11     14924 1373 14924     2    35      0 24748  3.5e-10        -
6156  2.9496e-07  4.1323e-11     14934 1373 14934     2    35      0 24764  1.8e-10        -
6161  2.9517e-07  4.1323e-11     14944 1373 14944     2    35      0 24784    2e-10        -
6165  2.9533e-07  4.1323e-11     14952 1373 14952     2    35      0 24800    2e-10        -
6170   2.955e-07  2.2726e-11 out 14962 1374 14962     2    35      0 24818  7.8e-12        -
------     当前进度:  62 % - 正在组装残差
6175  2.9561e-07  2.2726e-11     14972 1374 14972     2    35      0 24833  8.9e-12        -
6179  2.9573e-07  4.5452e-11     14980 1375 14980     2    35      0 24845  3.4e-10        -
6185  2.9598e-07  2.2742e-11     14992 1376 14992     2    35      0 24863  5.1e-12        -
6189  2.9614e-07  4.5485e-11     15000 1377 15000     2    35      0 24875  2.5e-10        -
6194  2.9636e-07  4.5485e-11     15010 1377 15010     2    35      0 24890  2.8e-10        -
6199  2.9659e-07  4.5318e-11     15020 1377 15020     2    35      0 24909  9.7e-11        -
6205  2.9686e-07  4.5318e-11     15032 1377 15032     2    35      0 24933    1e-10        -
6209    2.97e-07  2.3412e-11 out 15040 1378 15040     2    35      0 24947    8e-12        -
6214  2.9712e-07  2.3412e-11     15050 1378 15050     2    35      0 24962  7.3e-12        -
6220  2.9726e-07  2.3412e-11     15062 1378 15062     2    35      0 24980  7.8e-12        -
6225  2.9737e-07  2.3412e-11     15072 1378 15072     2    35      0 24995  8.1e-12        -
6230  2.9748e-07  1.5878e-11     15086 1379 15086     2    35      0 25018  2.1e-12        -
6233  2.9756e-07  3.1756e-11     15092 1381 15092     2    35      0 25027  5.2e-11        -
6237  2.9769e-07  3.1756e-11     15100 1381 15100     2    35      0 25039  4.8e-11        -
6243  2.9788e-07  3.1756e-11     15112 1381 15112     2    35      0 25057  5.4e-11        -
6246  2.9797e-07   2.771e-11     15122 1382 15122     2    35      0 25074  2.8e-11        -
6250  2.9808e-07   2.771e-11     15130 1383 15130     2    35      0 25086  3.1e-11        -
6255  2.9822e-07   2.771e-11     15140 1383 15140     2    35      0 25101  3.3e-11        -
6259  2.9833e-07   2.771e-11     15148 1383 15148     2    35      0 25113  3.6e-11        -
6264  2.9847e-07   2.771e-11     15158 1383 15158     2    35      0 25128  5.6e-11        -
6268  2.9856e-07  2.8932e-11     15166 1385 15166     2    35      0 25140  7.4e-11        -
6273   2.987e-07  2.8932e-11     15176 1385 15176     2    35      0 25155  7.9e-11        -
6278  2.9885e-07  2.8932e-11     15186 1385 15186     2    35      0 25170  4.8e-11        -
6283  2.9898e-07  1.8542e-11     15196 1386 15196     2    35      0 25185  5.3e-12        -
6287  2.9911e-07  3.7084e-11     15204 1387 15204     2    35      0 25197  1.7e-10        -
6293  2.9933e-07  3.7084e-11     15216 1387 15216     2    35      0 25215    9e-11        -
6297  2.9947e-07  2.7494e-11     15228 1388 15228     2    35      0 25235  1.7e-11        -
6300  2.9958e-07  5.4988e-11     15234 1390 15234     2    35      0 25244  5.1e-10        -
6305  2.9986e-07  5.4988e-11     15244 1390 15244     2    35      0 25259  4.9e-10        -
6307  2.9996e-07  4.3793e-11     15252 1391 15252     2    35      0 25273    3e-10        -
6311  3.0013e-07  4.3793e-11     15260 1392 15260     2    35      0 25285  3.6e-10        -
6316  3.0035e-07  4.3793e-11     15270 1392 15270     2    35      0 25300  3.6e-10        -
6319  3.0047e-07  3.1034e-11     15280 1393 15280     2    35      0 25317  4.5e-11        -
6322  3.0059e-07  6.2067e-11     15286 1395 15286     2    35      0 25326  1.8e-09        -
6325  3.0076e-07  5.5861e-11     15298 1395 15298     2    35      0 25350  3.7e-10        -
6328  3.0093e-07  5.5861e-11     15310 1395 15310     2    35      0 25374    4e-10        -
6332  3.0107e-07  3.5867e-11     15318 1396 15318     2    35      0 25386  1.4e-10        -
6338  3.0129e-07  3.5867e-11     15330 1396 15330     2    35      0 25404  3.1e-10        -
6343  3.0147e-07  3.4795e-11     15340 1396 15340     2    35      0 25420    3e-10        -
6348  3.0164e-07  3.4795e-11     15350 1396 15350     2    35      0 25440  3.2e-10        -
6354  3.0185e-07  3.4795e-11     15362 1396 15362     2    35      0 25464  3.5e-10        -
6358  3.0198e-07  2.3832e-11     15370 1397 15370     2    35      0 25479  2.6e-11        -
6363   3.021e-07  2.3832e-11     15380 1397 15380     2    35      0 25494  2.3e-11        -
------     当前进度:  63 % - 正在组装残差
6368  3.0221e-07  2.3832e-11     15390 1397 15390     2    35      0 25509  1.9e-11        -
6374  3.0236e-07  2.3832e-11     15402 1397 15402     2    35      0 25527  1.8e-11        -
6379  3.0248e-07  2.3598e-11     15412 1397 15412     2    35      0 25543  2.5e-11        -
6385  3.0262e-07  2.3598e-11     15424 1397 15424     2    35      0 25567  2.5e-11        -
6391  3.0276e-07  2.3598e-11     15436 1397 15436     2    35      0 25591  2.5e-11        -
6396  3.0288e-07  2.3598e-11     15446 1397 15446     2    35      0 25611  2.5e-11        -
6401  3.0299e-07  1.4021e-11     15456 1398 15456     2    35      0 25630  7.7e-13        -
6405  3.0308e-07  2.8041e-11     15464 1399 15464     2    35      0 25642  2.9e-11        -
6411  3.0325e-07  2.8041e-11     15476 1399 15476     2    35      0 25660  4.2e-11        -
6417  3.0342e-07  2.8041e-11     15488 1399 15488     2    35      0 25678  1.5e-11        -
6421  3.0353e-07  2.5671e-11     15499 1399 15499     2    35      0 25699  8.5e-11        -
6425  3.0363e-07  2.5671e-11     15511 1399 15511     2    35      0 25723  8.4e-11        -
6428  3.0371e-07  2.5671e-11     15520 1399 15520     2    35      0 25741  8.2e-11        -
6431  3.0378e-07  2.5671e-11     15529 1399 15529     2    35      0 25759  8.3e-11        -
6435  3.0389e-07  2.5671e-11     15541 1399 15541     2    35      0 25783  8.2e-11        -
6438  3.0396e-07  2.5671e-11     15550 1399 15550     2    35      0 25801  8.2e-11        -
6440    3.04e-07  1.8962e-11 out 15558 1401 15558     2    35      0 25815  5.2e-12        -
6444  3.0415e-07  3.7924e-11     15566 1402 15566     2    35      0 25827  1.6e-10        -
6449  3.0434e-07  3.7924e-11     15576 1402 15576     2    35      0 25842  1.5e-10        -
6453  3.0448e-07  2.2455e-11     15584 1403 15584     2    35      0 25854    1e-11        -
6458  3.0459e-07  2.2455e-11     15594 1403 15594     2    35      0 25869    1e-11        -
6464  3.0472e-07  2.2455e-11     15606 1403 15606     2    35      0 25887  6.6e-12        -
6470  3.0486e-07  2.2455e-11     15618 1403 15618     2    35      0 25905    9e-12        -
6476  3.0499e-07  1.4221e-11     15630 1404 15630     2    35      0 25923    8e-13        -
6480  3.0509e-07  2.8442e-11     15638 1405 15638     2    35      0 25935  2.5e-11        -
6486  3.0526e-07  2.8442e-11     15650 1405 15650     2    35      0 25953  2.8e-11        -
6492  3.0543e-07  2.8442e-11     15662 1405 15662     2    35      0 25971    4e-11        -
6494  3.0548e-07  2.2467e-11     15670 1406 15670     2    35      0 25985  1.1e-11        -
6497  3.0559e-07  4.4934e-11     15676 1408 15676     2    35      0 25994  3.5e-10        -
6503  3.0586e-07  4.4934e-11     15688 1408 15688     2    35      0 26012  5.8e-10        -
6507    3.06e-07  2.5328e-11 out 15696 1409 15696     2    35      0 26024  3.6e-11        -
6511   3.062e-07  5.0655e-11     15704 1410 15704     2    35      0 26036  1.3e-09        -
6516  3.0645e-07  4.7379e-11     15715 1410 15715     2    35      0 26054  5.1e-10        -
6520  3.0664e-07  4.7379e-11     15727 1410 15727     2    35      0 26078  4.8e-10        -
6524  3.0683e-07  4.7379e-11     15739 1410 15739     2    35      0 26102  4.4e-10        -
6527  3.0696e-07  3.6795e-11     15751 1411 15751     2    35      0 26125  2.1e-10        -
6531  3.0711e-07  3.6795e-11     15759 1412 15759     2    35      0 26137  2.1e-10        -
6537  3.0733e-07  3.6795e-11     15771 1412 15771     2    35      0 26155  2.5e-10        -
6541  3.0747e-07   2.923e-11     15783 1413 15783     2    35      0 26175  7.6e-11        -
6545  3.0765e-07   5.846e-11     15791 1415 15791     2    35      0 26187  1.6e-09        -
6549  3.0788e-07   5.846e-11     15799 1415 15799     2    35      0 26199  2.3e-09        -
6553  3.0803e-07  3.0776e-11     15807 1416 15807     2    35      0 26211  1.1e-10        -
6556   3.082e-07  5.5396e-11     15817 1417 15817     2    35      0 26230  5.2e-10        -
6559  3.0837e-07  5.5396e-11     15829 1417 15829     2    35      0 26254  5.6e-10        -
6563  3.0854e-07  3.7648e-11     15839 1418 15839     2    35      0 26271  2.9e-10        -
------     当前进度:  64 % - 
6567  3.0869e-07  3.7648e-11     15847 1418 15847     2    35      0 26283  3.7e-10        -
6573  3.0891e-07  3.7648e-11     15859 1418 15859     2    35      0 26301  3.6e-10        -
6576    3.09e-07   2.411e-11 out 15865 1419 15865     2    35      0 26310  4.1e-11        -
6580  3.0919e-07  4.8219e-11     15873 1420 15873     2    35      0 26322  1.2e-09        -
6586  3.0947e-07  3.3014e-11     15889 1421 15889     2    35      0 26348  1.3e-10        -
6588  3.0953e-07  3.3014e-11     15893 1422 15893     2    35      0 26354  1.2e-10        -
6593   3.097e-07  3.3014e-11     15903 1422 15903     2    35      0 26369  1.3e-10        -
6597  3.0983e-07  3.3014e-11     15911 1422 15911     2    35      0 26381    9e-11        -
6602  3.0998e-07  1.8899e-11     15921 1423 15921     2    35      0 26396  3.6e-12        -
6606  3.1011e-07  3.7798e-11     15929 1424 15929     2    35      0 26408    1e-10        -
6611   3.103e-07  3.7798e-11     15939 1424 15939     2    35      0 26423  6.4e-11        -
6615  3.1045e-07  3.7798e-11     15947 1424 15947     2    35      0 26435    1e-10        -
6619  3.1057e-07  4.6418e-11     15955 1426 15955     2    35      0 26447  3.8e-10        -
6624   3.108e-07  4.6418e-11     15965 1426 15965     2    35      0 26462  2.5e-10        -
6628  3.1097e-07  2.9513e-11     15973 1427 15973     2    35      0 26474  4.9e-11        -
6632  3.1109e-07  2.9513e-11     15981 1427 15981     2    35      0 26486  5.3e-11        -
6637  3.1124e-07  2.9513e-11     15991 1427 15991     2    35      0 26501  6.4e-11        -
6642  3.1138e-07  2.9513e-11     16001 1427 16001     2    35      0 26516  4.8e-11        -
6647  3.1153e-07  2.8656e-11     16011 1427 16011     2    35      0 26534  1.6e-10        -
6652  3.1167e-07  2.8656e-11     16021 1427 16021     2    35      0 26554  1.7e-10        -
6657  3.1182e-07  2.8656e-11     16031 1427 16031     2    35      0 26574  1.8e-10        -
6662  3.1196e-07  2.8656e-11     16041 1427 16041     2    35      0 26594  1.8e-10        -
6664    3.12e-07  2.0754e-11 out 16049 1429 16049     2    35      0 26608  4.1e-12        -
6668  3.1217e-07  4.1508e-11     16057 1430 16057     2    35      0 26620  2.1e-10        -
6673  3.1237e-07  4.1508e-11     16067 1430 16067     2    35      0 26635  1.7e-10        -
6677   3.125e-07  2.1705e-11 out 16075 1431 16075     2    35      0 26647  6.2e-12        -
6682  3.1263e-07   4.341e-11     16085 1432 16085     2    35      0 26662  2.6e-10        -
6686   3.128e-07   4.341e-11     16093 1432 16093     2    35      0 26674  2.7e-10        -
6689  3.1293e-07   4.341e-11     16099 1432 16099     2    35      0 26683  2.5e-10        -
6691    3.13e-07  3.2948e-11 out 16107 1434 16107     2    35      0 26697  6.8e-11        -
6696  3.1316e-07  3.2948e-11     16117 1434 16117     2    35      0 26712  8.4e-11        -
6701  3.1333e-07  3.2948e-11     16127 1434 16127     2    35      0 26727  8.2e-11        -
6706  3.1348e-07  1.9361e-11     16137 1435 16137     2    35      0 26742  4.1e-11        -
6710  3.1362e-07  3.8722e-11     16145 1436 16145     2    35      0 26754  4.7e-10        -
6715  3.1381e-07  3.8722e-11     16155 1436 16155     2    35      0 26769  4.9e-10        -
6720    3.14e-07  3.7031e-11 out 16165 1436 16165     2    35      0 26786  1.1e-09        -
6725  3.1419e-07  3.7031e-11     16175 1436 16175     2    35      0 26806  1.1e-09        -
6729  3.1433e-07  3.7031e-11     16183 1436 16183     2    35      0 26822    1e-09        -
6733  3.1447e-07  2.7816e-11     16195 1437 16195     2    35      0 26845  7.5e-11        -
6736  3.1458e-07  5.5632e-11     16201 1439 16201     2    35      0 26854  4.6e-09        -
6741  3.1486e-07  5.5632e-11     16211 1439 16211     2    35      0 26869  2.4e-09        -
6743  3.1496e-07   4.138e-11     16219 1440 16219     2    35      0 26883  6.7e-10        -
6747  3.1512e-07   4.138e-11     16227 1441 16227     2    35      0 26895  5.8e-10        -
6752  3.1533e-07   4.138e-11     16237 1441 16237     2    35      0 26910    6e-10        -
6756  3.1548e-07  2.2412e-11     16245 1442 16245     2    35      0 26922  2.3e-11        -
6760  3.1563e-07  4.4824e-11     16253 1443 16253     2    35      0 26934  1.2e-09        -
------     当前进度:  66 % - 正在组装残差
6764  3.1581e-07  4.4824e-11     16261 1443 16261     2    35      0 26946  9.1e-10        -
6768  3.1597e-07  2.5878e-11     16269 1444 16269     2    35      0 26958  2.2e-11        -
6772  3.1616e-07  5.1757e-11     16277 1445 16277     2    35      0 26970  9.3e-09        -
6777  3.1641e-07  5.1757e-11     16287 1445 16287     2    35      0 26985  8.6e-09        -
6779   3.165e-07  4.2973e-11 out 16295 1447 16295     2    35      0 26999  3.3e-09        -
6784  3.1671e-07  4.2973e-11     16305 1447 16305     2    35      0 27014  1.3e-09        -
6789  3.1693e-07  4.2973e-11     16315 1447 16315     2    35      0 27029  8.7e-10        -
6791    3.17e-07  3.5137e-11 out 16323 1449 16323     2    35      0 27043    3e-10        -
6796  3.1718e-07  3.5137e-11     16333 1449 16333     2    35      0 27058  1.5e-10        -
6801  3.1735e-07  3.5137e-11     16343 1449 16343     2    35      0 27073  6.4e-11        -
6805  3.1748e-07   2.161e-11     16351 1450 16351     2    35      0 27085  3.9e-12        -
6809  3.1763e-07  4.3219e-11     16359 1451 16359     2    35      0 27097    1e-10        -
6814  3.1785e-07  4.3219e-11     16369 1451 16369     2    35      0 27112  1.7e-10        -
6817  3.1797e-07  3.3903e-11     16379 1452 16379     2    35      0 27129    7e-11        -
6820  3.1807e-07  3.3903e-11     16385 1453 16385     2    35      0 27138  1.5e-10        -
6825  3.1824e-07  3.3903e-11     16395 1453 16395     2    35      0 27153  1.5e-10        -
6830  3.1841e-07  3.3903e-11     16405 1453 16405     2    35      0 27168  2.7e-10        -
6832  3.1847e-07  2.9631e-11     16413 1454 16413     2    35      0 27182  1.6e-10        -
6836  3.1859e-07  2.9631e-11     16421 1455 16421     2    35      0 27194  1.7e-10        -
6841  3.1874e-07  2.9631e-11     16431 1455 16431     2    35      0 27209  7.1e-11        -
6846  3.1889e-07  2.9631e-11     16441 1455 16441     2    35      0 27224  6.9e-11        -
6850    3.19e-07  2.7764e-11 out 16451 1455 16451     2    35      0 27242  5.3e-11        -
6854  3.1911e-07  2.7764e-11     16463 1455 16463     2    35      0 27266  4.9e-11        -
6857  3.1919e-07  2.7764e-11     16472 1455 16472     2    35      0 27284  5.3e-11        -
6861  3.1931e-07  2.7764e-11     16484 1455 16484     2    35      0 27308    6e-11        -
6864  3.1939e-07  2.7764e-11     16493 1455 16493     2    35      0 27326  6.5e-11        -
6867  3.1947e-07  2.7764e-11     16502 1455 16502     2    35      0 27344  7.3e-11        -
6870  3.1953e-07  2.8008e-11     16508 1457 16508     2    35      0 27353  5.2e-11        -
6875  3.1967e-07  2.8008e-11     16518 1457 16518     2    35      0 27368  2.1e-11        -
6880  3.1981e-07  2.8008e-11     16528 1457 16528     2    35      0 27383    1e-11        -
6885  3.1995e-07  2.8008e-11     16538 1457 16538     2    35      0 27398  2.1e-11        -
6889  3.2005e-07  2.5934e-11     16550 1457 16550     2    35      0 27422  9.1e-11        -
6893  3.2016e-07  2.5934e-11     16562 1457 16562     2    35      0 27446  9.5e-11        -
6896  3.2023e-07  2.5934e-11     16571 1457 16571     2    35      0 27464  9.7e-11        -
6900  3.2034e-07  2.5934e-11     16583 1457 16583     2    35      0 27488    1e-10        -
6904  3.2044e-07  2.5934e-11     16595 1457 16595     2    35      0 27512    1e-10        -
6906   3.205e-07  3.3184e-11 out 16602 1457 16602     2    35      0 27526  9.2e-11        -
6909   3.206e-07  3.3184e-11     16614 1457 16614     2    35      0 27550  9.7e-11        -
6912   3.207e-07  3.3184e-11     16626 1457 16626     2    35      0 27574    1e-10        -
6915   3.208e-07  3.3184e-11     16638 1457 16638     2    35      0 27598  1.1e-10        -
6918   3.209e-07  3.3184e-11     16650 1457 16650     2    35      0 27622  1.2e-10        -
6921  3.2098e-07  1.7709e-11     16660 1458 16660     2    35      0 27641  9.6e-12        -
------     当前进度:  67 % - 
6924  3.2107e-07  3.5417e-11     16666 1459 16666     2    35      0 27650  8.9e-10        -
6929  3.2125e-07  3.5417e-11     16676 1459 16676     2    35      0 27665  1.3e-09        -
6933  3.2139e-07  3.5417e-11     16684 1459 16684     2    35      0 27677  3.3e-10        -
6937   3.215e-07  1.9789e-11 out 16692 1460 16692     2    35      0 27689  3.1e-11        -
6941  3.2166e-07  3.9579e-11     16700 1461 16700     2    35      0 27701  1.7e-09        -
6945  3.2182e-07  3.9579e-11     16708 1461 16708     2    35      0 27713  1.7e-09        -
6949  3.2197e-07  3.2316e-11     16720 1462 16720     2    35      0 27733  4.7e-10        -
6953   3.221e-07  3.2316e-11     16728 1463 16728     2    35      0 27745  4.7e-10        -
6957  3.2223e-07  3.2316e-11     16736 1463 16736     2    35      0 27757    2e-09        -
6962  3.2239e-07  3.2316e-11     16746 1463 16746     2    35      0 27772  3.6e-10        -
6965  3.2248e-07  2.3789e-11     16756 1464 16756     2    35      0 27789  4.5e-10        -
6968  3.2257e-07  4.7578e-11     16762 1466 16762     2    35      0 27798  1.4e-08        -
6973  3.2281e-07  4.7578e-11     16772 1466 16772     2    35      0 27813    5e-09        -
6977  3.2298e-07  2.4002e-11     16780 1467 16780     2    35      0 27825  7.2e-10        -
6981  3.2312e-07  4.8005e-11     16788 1468 16788     2    35      0 27837  3.4e-08        -
6986  3.2336e-07  4.8005e-11     16798 1468 16798     2    35      0 27852  6.5e-09        -
6989   3.235e-07  4.5981e-11 out 16806 1468 16806     2    35      0 27867  7.4e-10        -
6993  3.2368e-07  4.5981e-11     16818 1468 16818     2    35      0 27891  5.3e-10        -
6996  3.2382e-07  4.5981e-11     16827 1468 16827     2    35      0 27909  4.8e-10        -
6999  3.2396e-07  4.3087e-11     16837 1468 16837     2    35      0 27929  7.4e-10        -
7001  3.2404e-07  4.3087e-11     16845 1468 16845     2    35      0 27945  6.8e-10        -
7004  3.2417e-07  4.3087e-11     16857 1468 16857     2    35      0 27969  6.1e-10        -
7006  3.2426e-07  4.3087e-11     16867 1469 16867     2    35      0 27988  2.6e-10        -
7010  3.2443e-07  4.3087e-11     16875 1470 16875     2    35      0 28000  2.9e-12        -
7011  3.2447e-07  3.4566e-11     16881 1471 16881     2    35      0 28011  9.7e-13        -
7015   3.246e-07  3.4566e-11     16889 1472 16889     2    35      0 28023  9.2e-13        -
7020  3.2478e-07  3.4566e-11     16899 1472 16899     2    35      0 28038  7.7e-13        -
7025  3.2495e-07  3.4566e-11     16909 1472 16909     2    35      0 28053  2.2e-13        -
7027    3.25e-07  2.5324e-11 out 16916 1474 16916     2    35      0 28064        0        -
7031   3.255e-07  1.7403e-10 out 16920 1477 16920     2    35      0 28064        0        -
7038   3.285e-07       5e-10 out 16927 1478 16927     2    35      0 28064        0        -
7047    3.33e-07       5e-10 out 16936 1478 16936     2    35      0 28064        0        -
7056   3.375e-07       5e-10 out 16945 1478 16945     2    35      0 28064        0        -
7064   3.415e-07       5e-10 out 16953 1478 16953     2    35      0 28064        0        -
7072   3.455e-07       5e-10 out 16961 1478 16961     2    35      0 28064        0        -
7081     3.5e-07       5e-10 out 16970 1478 16970     2    35      0 28064        0        -
7090   3.545e-07       5e-10 out 16979 1478 16979     2    35      0 28064        0        -
7099    3.59e-07       5e-10 out 16988 1478 16988     2    35      0 28064        0        -
7109    3.64e-07       5e-10 out 16998 1478 16998     2    35      0 28064        0        -
7119    3.69e-07       5e-10 out 17008 1478 17008     2    35      0 28064        0        -
7128   3.735e-07       5e-10 out 17017 1478 17017     2    35      0 28064        0        -
7137    3.78e-07       5e-10 out 17026 1478 17026     2    35      0 28064        0        -
7147    3.83e-07       5e-10 out 17036 1478 17036     2    35      0 28064        0        -
7156   3.875e-07       5e-10 out 17045 1478 17045     2    35      0 28064        0        -
7165    3.92e-07       5e-10 out 17054 1478 17054     2    35      0 28064        0        -
7174   3.965e-07       5e-10 out 17063 1478 17063     2    35      0 28064        0        -
--------   当前进度:  82 % - 
Memory: 1050/1084 1058/1100
7183    4.01e-07       5e-10 out 17072 1478 17072     2    35      0 28064        0        -
7192   4.055e-07       5e-10 out 17081 1478 17081     2    35      0 28064        0        -
7201     4.1e-07       5e-10 out 17090 1478 17090     2    35      0 28064        0        -
7210   4.145e-07       5e-10 out 17099 1478 17099     2    35      0 28064        0        -
7219    4.19e-07       5e-10 out 17108 1478 17108     2    35      0 28064        0        -
7228   4.235e-07       5e-10 out 17117 1478 17117     2    35      0 28064        0        -
7237    4.28e-07       5e-10 out 17126 1478 17126     2    35      0 28064        0        -
7246   4.325e-07       5e-10 out 17135 1478 17135     2    35      0 28064        0        -
7255    4.37e-07       5e-10 out 17144 1478 17144     2    35      0 28064        0        -
7264   4.415e-07       5e-10 out 17153 1478 17153     2    35      0 28064        0        -
7273    4.46e-07       5e-10 out 17162 1478 17162     2    35      0 28064        0        -
7282   4.505e-07       5e-10 out 17171 1478 17171     2    35      0 28064        0        -
7289    4.54e-07       5e-10 out 17178 1478 17178     2    35      0 28064        0        -
7294   4.565e-07       5e-10 out 17183 1478 17183     2    35      0 28064        0        -
7303    4.61e-07       5e-10 out 17192 1478 17192     2    35      0 28064        0        -
7312   4.655e-07       5e-10 out 17201 1478 17201     2    35      0 28064        0        -
7321     4.7e-07       5e-10 out 17210 1478 17210     2    35      0 28064        0        -
7330   4.745e-07       5e-10 out 17219 1478 17219     2    35      0 28064        0        -
7337    4.78e-07       5e-10 out 17226 1478 17226     2    35      0 28064        0        -
7346   4.825e-07       5e-10 out 17235 1478 17235     2    35      0 28064        0        -
7355    4.87e-07       5e-10 out 17244 1478 17244     2    35      0 28064        0        -
7364   4.915e-07       5e-10 out 17253 1478 17253     2    35      0 28064        0        -
7374   4.965e-07       5e-10 out 17263 1478 17263     2    35      0 28064        0        -
7381       5e-07       5e-10 out 17270 1478 17270     2    35      0 28064        0        -
---------- 当前进度: 100 % - 
求解时间：12 s。
物理内存: 1.06 GB
虚拟内存: 1.07 GB
结束时间：2026年9月4日 00:32:03。
----- Study 2 - Single_Muon_Diagnostic/解 2 (sol2) 中的“瞬态求解器 1” ----------------->
CHECKPOINT_SINGLE_MUON_SOLVED=E:\imp\imp\project\muon-ion_beam\stage1_3d_feasibility\comsol\stage1_3d_feasibility.mph
BUILD_STAGE1_3D_PHASE=RESULTS
           当前进度:   0 % - 
Memory: 1058/1084 1065/1100
---        当前进度:  34 % - 正在计算
Memory: 1059/1084 1065/1100
---------  当前进度:  95 % - 正在计算
Memory: 1025/1084 1027/1100
           当前进度:   0 % - 
Memory: 1025/1084 1028/1100
           当前进度:   8 % - 正在计算
-          当前进度:  13 % - 正在计算
Memory: 1006/1084 1015/1100
-          当前进度:  18 % - 正在计算
--         当前进度:  23 % - 正在计算
--         当前进度:  28 % - 正在计算
---        当前进度:  34 % - 正在计算
----       当前进度:  40 % - 正在计算
----       当前进度:  46 % - 正在计算
-----      当前进度:  52 % - 正在计算
-----      当前进度:  57 % - 正在计算
------     当前进度:  63 % - 正在计算
------     当前进度:  69 % - 正在计算
Memory: 1007/1084 1015/1100
-------    当前进度:  75 % - 正在计算
--------   当前进度:  81 % - 正在计算
--------   当前进度:  87 % - 正在计算
---------  当前进度:  93 % - 正在计算
---------  当前进度:  99 % - 正在计算
---------- 当前进度: 100 % - 正在计算

/***************/
/*****错误********/
/***************/
运行 Java 类时出错。
无法计算表达式。
未定义变量。
 - 变量: cpt.x
 - 几何: geom1
 - 域: 2
无法计算表达式。
 - 表达式: cpt.x
无法计算算子。
 - 算子: env_pgeom_cpt
 - 几何: 粒子
无法计算表达式。
 - 表达式: env_pgeom_cpt(cpt.x)
无法计算变量。
 - 变量: cpt.x
 - 几何: 粒子
无法计算表达式。
 - 表达式: cpt.x
无法计算表达式。
 - 表达式: comp1.cpt.ave(cpt.x)
无法计算表达式。
 - 表达式: comp1.cpt.ave(cpt.x)
 - 特征: 全局计算 2
无法计算表达式。
 - 类: BuildStage1_3D
总时间: 36 s.
