*******************************************
***COMSOL 6.4.0.293 progress output file***
*******************************************
Fri Sep 04 00:35:57 CST 2026
COMSOL Multiphysics 6.4 (开发版本: 293) 在批处理模式下启动
正在运行: E:\imp\imp\project\muon-ion_beam\stage1_3d_feasibility\scripts\BuildStage1_3D.class
BUILD_STAGE1_3D_ROOT=E:\imp\imp\project\muon-ion_beam\stage1_3d_feasibility
BUILD_STAGE1_3D_STOPPING_FILE=E:\imp\imp\project\muon-ion_beam\muon\ne\comsol_muNe_SN.txt
BUILD_STAGE1_3D_PHASE=CREATE_MODEL
---------- 当前进度: 100 % - 正在更新选择
Memory: 403/403 595/595
           当前进度:   0 % - Grounded outer shell / bore boundary
Memory: 436/436 607/607
           当前进度:   4 % - Uniform Ne gas volume before electrode subtraction
Memory: 446/446 611/612
           当前进度:   8 % - Gas cutter reserved for dielectric liner
Memory: 447/447 611/612
-          当前进度:  12 % - Representative alumina dielectric liner
-          当前进度:  12 % - 执行布尔操作
Memory: 451/451 613/613
-----      当前进度:  52 % - V1 electrode outer blank
Memory: 451/451 614/614
-----      当前进度:  56 % - V1 aperture cutter
------     当前进度:  60 % - V1 finite-thickness annular electrode
------     当前进度:  60 % - 执行布尔操作
Memory: 452/452 614/614
           当前进度:   0 % - V1 electrode, 1 mm rounded edges
Memory: 455/455 616/616
GEOMETRY_ELECTRODE_ROUNDED=V1
           当前进度:   0 % - V2 electrode outer blank
Memory: 460/460 617/617
           当前进度:   8 % - V2 aperture cutter
-          当前进度:  17 % - V2 finite-thickness annular electrode
-          当前进度:  17 % - 执行布尔操作
           当前进度:   0 % - V2 electrode, 1 mm rounded edges
Memory: 462/462 618/618
GEOMETRY_ELECTRODE_ROUNDED=V2
           当前进度:   0 % - V3 electrode outer blank
Memory: 465/465 618/618
           当前进度:   8 % - V3 aperture cutter
-          当前进度:  17 % - V3 finite-thickness annular electrode
-          当前进度:  17 % - 执行布尔操作
           当前进度:   0 % - V3 electrode, 1 mm rounded edges
Memory: 466/466 618/618
GEOMETRY_ELECTRODE_ROUNDED=V3
           当前进度:   0 % - V4 electrode outer blank
Memory: 469/469 618/618
           当前进度:   8 % - V4 aperture cutter
-          当前进度:  17 % - V4 finite-thickness annular electrode
-          当前进度:  17 % - 执行布尔操作
           当前进度:   0 % - V4 electrode, 1 mm rounded edges
Memory: 470/470 618/618
GEOMETRY_ELECTRODE_ROUNDED=V4
           当前进度:   0 % - Ne gas domain excluding four electrode solids
Memory: 472/472 619/619
           当前进度:   0 % - 执行布尔操作
-----      当前进度:  50 % - 形成联合体
-----      当前进度:  50 % - 执行布尔操作
Memory: 474/474 620/620
---------- 当前进度: 100 % - 正在更新选择
GEOMETRY_SELECTION_TAGS=[geom1_outer0_pnt, geom1_outer0_edg, geom1_outer0_bnd, geom1_outer0_dom, geom1_gas0_pnt, geom1_gas0_edg, geom1_gas0_bnd, geom1_gas0_dom, geom1_diel0_pnt, geom1_diel0_edg, geom1_diel0_bnd, geom1_diel0_dom, geom1_v1_ring_pnt, geom1_v1_ring_edg, geom1_v1_ring_bnd, geom1_v1_ring_dom, geom1_v1_rounded_pnt, geom1_v1_rounded_edg, geom1_v1_rounded_bnd, geom1_v1_rounded_dom, geom1_v2_ring_pnt, geom1_v2_ring_edg, geom1_v2_ring_bnd, geom1_v2_ring_dom, geom1_v2_rounded_pnt, geom1_v2_rounded_edg, geom1_v2_rounded_bnd, geom1_v2_rounded_dom, geom1_v3_ring_pnt, geom1_v3_ring_edg, geom1_v3_ring_bnd, geom1_v3_ring_dom, geom1_v3_rounded_pnt, geom1_v3_rounded_edg, geom1_v3_rounded_bnd, geom1_v3_rounded_dom, geom1_v4_ring_pnt, geom1_v4_ring_edg, geom1_v4_ring_bnd, geom1_v4_ring_dom, geom1_v4_rounded_pnt, geom1_v4_rounded_edg, geom1_v4_rounded_bnd, geom1_v4_rounded_dom, geom1_gaswork_pnt, geom1_gaswork_edg, geom1_gaswork_bnd, geom1_gaswork_dom]
GEOMETRY_DOMAINS_GAS=[2]
GEOMETRY_DOMAINS_DIELECTRIC=[1]
GEOMETRY_BND_V1=[9, 10, 11, 12, 25, 26, 35, 39, 43, 47]
GEOMETRY_BND_OUTER=[1, 2, 3, 4, 33, 52]
           当前进度:   0 % - 点 1
Memory: 618/621 660/666
---------- 当前进度: 100 % - 正在更新选择
Memory: 619/621 660/666
BUILD_STAGE1_3D_PHASE=MESH
           当前进度:   0 % - 自由四面体网格
Memory: 664/665 672/673
顶点单元数：80
-          当前进度:  12 % - 调整边界网格
Memory: 679/679 682/682
--         当前进度:  22 % - 正在创建边界网格
Memory: 680/683 683/689
边单元数：1448
边界单元数：20562
---        当前进度:  37 % - 正在创建初始四面体网格
Memory: 688/688 691/691
----       当前进度:  45 % - 相关边界
Memory: 703/703 706/706
------     当前进度:  64 % - 正在创建初始四面体网格
Memory: 697/703 700/717
-------    当前进度:  75 % - 正在插入内部点
Memory: 703/706 719/719
--------   当前进度:  83 % - 正在提高单元质量
Memory: 709/709 718/719
单元数：82371
最小单元质量：0.1802
---------- 当前进度: 100 % - 正在定型网格
Memory: 707/709 713/719
CHECKPOINT_CADLIKE_GEOMETRY_AND_MODEL_SAVED=E:\imp\imp\project\muon-ion_beam\stage1_3d_feasibility\comsol\stage1_3d_feasibility.mph
BUILD_STAGE1_3D_PHASE=SOLVE_ELECTROSTATICS
           当前进度:   2 % - 生成方程
Memory: 743/744 738/739
           当前进度:   3 % - 生成方程
Memory: 758/759 753/755
<---- Study 1 - 3D Electrostatics stationary/解 1 (sol1) 中的“编译方程: 稳态” -----------
开始于 2026年9月4日 00:36:09。
几何形函数: 二次拉格朗日单元
几何形函数: 二次拉格朗日单元
在 Intel64 Family 6 Model 186 Stepping 2, GenuineIntel 上运行。
在以下位置使用 1 个插槽： 陈红星 上（共 1 个内核）。
可用内存：15.90 GB。
           当前进度:   3 % - 编译方程: 稳态
Memory: 820/820 816/816
           当前进度:   6 % - 编译方程: 稳态
Memory: 868/868 874/876
           当前进度:   7 % - 编译方程: 稳态
Memory: 885/907 888/917
时间：2。
物理内存: 907 MB
虚拟内存: 917 MB
Warning: 自由空间采用真空条件，这会导致某些材料属性被忽略。请考虑为忽略的材料添加合适的物理场特征。

  - 节点: 自由空间 1

  - 物理场: Electrostatics: four finite-thickness rounded ring electrodes (es)

  - Materials: Natural Neon gas, representative relative permittivity (mat_gas), Representative alumina ceramic; epsilon_r=9.4 assumption (mat_diel)

  - Quantities: 相对介电常数, 相对介电常数
结束时间：2026年9月4日 00:36:11。
----- Study 1 - 3D Electrostatics stationary/解 1 (sol1) 中的“编译方程: 稳态” ---------->
<---- Study 1 - 3D Electrostatics stationary/解 1 (sol1) 中的“因变量 1” --------------
开始于 2026年9月4日 00:36:11。
           当前进度:   7 % - 因变量 1
Memory: 890/907 892/917
求解时间：0 s。
物理内存: 894 MB
虚拟内存: 896 MB
结束时间：2026年9月4日 00:36:11。
----- Study 1 - 3D Electrostatics stationary/解 1 (sol1) 中的“因变量 1” ------------->
<---- Study 1 - 3D Electrostatics stationary/解 1 (sol1) 中的“稳态求解器 1” ------------
开始于 2026年9月4日 00:36:11。
线性求解器 
求解的自由度数：122163。
--         当前进度:  22 % - 组装稀疏模式
Memory: 887/907 907/917
--         当前进度:  24 % - 组装稀疏模式
Memory: 925/925 926/926
---        当前进度:  37 % - 组装矩阵
Memory: 931/931 930/930
找到对称矩阵。
缩放因变量：
电势 (comp1.V): 1
已使用正交零空间函数。
---        当前进度:  38 % - 
Memory: 968/968 980/980
---        当前进度:  38 % - 组装延展
Memory: 987/987 987/987
-----      当前进度:  56 % - 组装稀疏模式
Memory: 949/987 953/992
Iter      SolEst     Damping    Stepsize #Res #Jac #Sol LinIt   LinErr   LinRes
-------    当前进度:  74 % - 求解线性方程组
Memory: 948/987 972/992
   1        0.76   1.0000000        0.76    1    1    1     4  2.8e-05  5.4e-08
---------- 当前进度: 100 % - 
Memory: 933/987 950/992
求解时间：4 s。
物理内存: 987 MB
虚拟内存: 992 MB
结束时间：2026年9月4日 00:36:16。
----- Study 1 - 3D Electrostatics stationary/解 1 (sol1) 中的“稳态求解器 1” ----------->
CHECKPOINT_3D_ELECTROSTATICS_SOLVED=E:\imp\imp\project\muon-ion_beam\stage1_3d_feasibility\comsol\stage1_3d_feasibility.mph
BUILD_STAGE1_3D_PHASE=SOLVE_SINGLE_MUON
           当前进度:   2 % - 生成方程
Memory: 933/987 944/992
           当前进度:   3 % - 生成方程
Memory: 937/987 949/992
<---- Study 2 - Single_Muon_Diagnostic/解 2 (sol2) 中的“编译方程: 瞬态” -----------------
开始于 2026年9月4日 00:36:17。
几何形函数: 二次拉格朗日单元
几何形函数: 二次拉格朗日单元
在 Intel64 Family 6 Model 186 Stepping 2, GenuineIntel 上运行。
在以下位置使用 1 个插槽： 陈红星 上（共 1 个内核）。
可用内存：15.90 GB。
           当前进度:   4 % - 编译方程: 瞬态
Memory: 1037/1037 1061/1061
           当前进度:   5 % - 编译方程: 瞬态
Memory: 1038/1055 1049/1070
时间：1。
物理内存: 1.05 GB
虚拟内存: 1.07 GB
Warning: 自由空间采用真空条件，这会导致某些材料属性被忽略。请考虑为忽略的材料添加合适的物理场特征。

  - 节点: 自由空间 1

  - 物理场: Electrostatics: four finite-thickness rounded ring electrodes (es)

  - Materials: Natural Neon gas, representative relative permittivity (mat_gas), Representative alumina ceramic; epsilon_r=9.4 assumption (mat_diel)

  - Quantities: 相对介电常数, 相对介电常数
结束时间：2026年9月4日 00:36:18。
----- Study 2 - Single_Muon_Diagnostic/解 2 (sol2) 中的“编译方程: 瞬态” ---------------->
<---- Study 2 - Single_Muon_Diagnostic/解 2 (sol2) 中的“因变量 1” --------------------
开始于 2026年9月4日 00:36:18。
不求解变量的值: 解 1 (sol1).
           当前进度:   5 % - 因变量 1
Memory: 1026/1055 1035/1070
求解时间：0 s。
物理内存: 1.04 GB
虚拟内存: 1.05 GB
结束时间：2026年9月4日 00:36:18。
----- Study 2 - Single_Muon_Diagnostic/解 2 (sol2) 中的“因变量 1” ------------------->
<---- Study 2 - Single_Muon_Diagnostic/解 2 (sol2) 中的“瞬态求解器 1” ------------------
开始于 2026年9月4日 00:36:18。
瞬态求解器（广义 α）
求解的自由度数：3（加上 4 个内部自由度）。
找到非对称矩阵。
缩放因变量：
颗粒位置 (comp1.qcpt): 1
Step        Time    Stepsize      Res  Jac  Sol Order Tfail NLfail LinIt   LinErr   LinRes
   0           0           - out    2    3    2                  0     0        0        0
   1    1.25e-10    1.25e-10        8    6    8     2     2      0    12  2.6e-09        -
   2   2.316e-10   1.066e-10       14    7   14     2     2      0    23  1.2e-09        -
   4  4.1377e-10  8.6229e-11       22    9   22     2     2      0    37  5.5e-10        -
   6  5.8623e-10  8.6229e-11       26   10   26     2     2      0    43  6.9e-10        -
   7  6.6384e-10  7.7606e-11       32   11   32     2     2      0    54  4.6e-10        -
   9  8.1129e-10  6.9846e-11       40   13   40     2     2      0    68  3.3e-10        -
  11  9.4057e-10  5.9433e-11       48   15   48     2     2      0    82    3e-10        -
  13  1.0594e-09  5.9433e-11       52   16   52     2     2      0    88  3.5e-10        -
  17  1.2972e-09  5.9433e-11       60   16   60     2     2      0   100  4.2e-10        -
           当前进度:   7 % - 正在组装残差
Memory: 999/1055 1011/1070
  20   1.458e-09  4.1985e-11       70   17   70     2     2      0   117  6.9e-11        -
  23   1.584e-09  4.1985e-11       76   18   76     2     2      0   126  6.9e-11        -
  27  1.7519e-09  4.1985e-11       84   18   84     2     2      0   138  5.2e-11        -
  31  1.9198e-09  4.1985e-11       92   18   92     2     2      0   150    4e-11        -
  34  2.0401e-09  4.0077e-11      101   18  101     2     2      0   168  1.8e-11        -
  37  2.1603e-09  4.0077e-11      110   18  110     2     2      0   186  1.7e-11        -
  39  2.2405e-09  4.0077e-11      116   18  116     2     2      0   198  1.7e-11        -
  42  2.3607e-09  4.0077e-11      125   18  125     2     2      0   216  1.6e-11        -
  44  2.4408e-09  4.0077e-11      131   18  131     2     2      0   228  1.6e-11        -
  45  2.4704e-09  2.9576e-11      137   19  137     2     2      0   239    5e-12        -
  46     2.5e-09  2.9576e-11 out  139   20  139     2     2      0   242    5e-12        -
  48  2.6183e-09  5.9151e-11      143   21  143     2     2      0   248  2.1e-10        -
  51  2.7958e-09  5.9151e-11      149   21  149     2     2      0   257  2.1e-10        -
  54   2.957e-09  4.2971e-11      159   22  159     2     2      0   274    4e-11        -
  57  3.0859e-09  4.2971e-11      165   23  165     2     2      0   283  3.8e-11        -
  61  3.2578e-09  4.2971e-11      173   23  173     2     2      0   295  3.5e-11        -
  65  3.4297e-09  4.2971e-11      181   23  181     2     2      0   307  3.2e-11        -
  66  3.4649e-09  3.5144e-11      187   24  187     2     2      0   318  1.1e-11        -
  68  3.5703e-09  7.0288e-11      191   26  191     2     2      0   324  3.3e-10        -
  72  3.8514e-09  7.0288e-11      199   26  199     2     2      0   336  2.2e-10        -
  75       4e-09  3.9137e-11 out  205   27  205     2     2      0   345    8e-12        -
  78  4.1879e-09  7.0446e-11      215   29  215     2     2      0   362  1.6e-10        -
  81  4.3992e-09  7.0446e-11      221   30  221     2     2      0   371  8.1e-11        -
  83     4.5e-09  5.0403e-11 out  229   32  229     2     2      0   385  1.7e-11        -
  86  4.6512e-09  5.0403e-11      235   32  235     2     2      0   394  1.6e-11        -
  90  4.8528e-09  5.0403e-11      243   32  243     2     2      0   406  1.8e-11        -
  93       5e-09  4.8386e-11 out  251   32  251     2     2      0   421  7.2e-12        -
  95  5.0968e-09  4.8386e-11      257   32  257     2     2      0   433  7.4e-12        -
  98  5.2419e-09  4.8386e-11      266   32  266     2     2      0   451  7.6e-12        -
 100  5.3387e-09  4.8386e-11      272   32  272     2     2      0   463  8.1e-12        -
 103  5.4677e-09  3.2262e-11      280   33  280     2     2      0   478  2.1e-12        -
 105  5.5645e-09  6.4525e-11      284   34  284     2     2      0   484  8.2e-11        -
 108  5.7581e-09  6.4525e-11      290   34  290     2     2      0   493  1.3e-10        -
 111  5.9436e-09  5.6426e-11      300   35  300     2     2      0   510  7.7e-11        -
 112       6e-09  5.6426e-11 out  302   36  302     2     2      0   513    8e-11        -
 116  6.2257e-09  5.6426e-11      310   36  310     2     2      0   525  9.1e-11        -
 120  6.4475e-09  5.2509e-11      320   36  320     2     2      0   542  1.3e-11        -
 121     6.5e-09  5.2509e-11 out  324   36  324     2     2      0   550  1.3e-11        -
 122  6.5525e-09  5.2509e-11      328   36  328     2     2      0   558  1.4e-11        -
 124  6.6575e-09  5.2509e-11      336   36  336     2     2      0   574  1.5e-11        -
           当前进度:   8 % - 
 126  6.7625e-09  5.2509e-11      344   36  344     2     2      0   590  1.5e-11        -
 128  6.8676e-09  5.2509e-11      352   36  352     2     2      0   606  1.7e-11        -
 130    6.96e-09  3.9963e-11      362   37  362     2     2      0   625  2.3e-11        -
 133  7.0799e-09  3.9963e-11      368   38  368     2     2      0   634  2.3e-11        -
 137  7.2398e-09  3.9963e-11      376   38  376     2     2      0   646  2.2e-11        -
 140  7.3597e-09  3.9963e-11      382   38  382     2     2      0   655  2.4e-11        -
 143  7.4698e-09  3.0206e-11      392   39  392     2     2      0   672  6.3e-12        -
 145  7.5604e-09  6.0411e-11      396   41  396     2     2      0   678  2.1e-10        -
 149  7.8021e-09  6.0411e-11      404   41  404     2     2      0   690  2.4e-10        -
 152  7.9614e-09  3.8561e-11      410   42  410     2     2      0   699  2.7e-11        -
 156  8.1157e-09  3.8561e-11      418   42  418     2     2      0   711  2.8e-11        -
 160  8.2699e-09  3.8561e-11      426   42  426     2     2      0   723  5.2e-11        -
 164  8.4242e-09  3.8561e-11      434   42  434     2     2      0   735  5.5e-11        -
 168  8.5758e-09  3.7917e-11      442   42  442     2     2      0   751  5.3e-11        -
 172  8.7275e-09  3.7917e-11      450   42  450     2     2      0   767  5.2e-11        -
 176  8.8792e-09  3.7917e-11      458   42  458     2     2      0   783    5e-11        -
 179  8.9775e-09  2.2497e-11      464   43  464     2     2      0   794  3.1e-12        -
 181   9.045e-09  4.4993e-11      468   44  468     2     2      0   800  9.8e-11        -
 185   9.225e-09  4.4993e-11      476   44  476     2     2      0   812  7.1e-11        -
 189  9.4049e-09  4.4993e-11      484   44  484     2     2      0   824  5.6e-11        -
 193  9.5501e-09  5.0066e-11      492   46  492     2     2      0   836    1e-10        -
 195  9.6502e-09  5.0066e-11      496   46  496     2     2      0   842  7.9e-11        -
 197  9.7503e-09  5.0066e-11      500   46  500     2     2      0   848  7.5e-11        -
 200  9.9005e-09  5.0066e-11      506   46  506     2     2      0   857  6.9e-11        -
 204  1.0099e-08  4.9736e-11      514   46  514     2     2      0   873  3.9e-11        -
 208  1.0298e-08  4.9736e-11      522   46  522     2     2      0   889  3.5e-11        -
 212  1.0474e-08  2.6188e-11      530   47  530     2     2      0   904  3.2e-12        -
 215  1.0605e-08  5.2377e-11      536   48  536     2     2      0   913  9.7e-11        -
 218  1.0762e-08  5.2377e-11      542   48  542     2     2      0   922  8.9e-11        -
 221  1.0919e-08  5.2377e-11      548   48  548     2     2      0   931  7.8e-11        -
 222   1.096e-08  4.0493e-11      554   49  554     2     2      0   942  2.1e-11        -
 225  1.1081e-08  4.0493e-11      560   50  560     2     2      0   951  1.9e-11        -
 229  1.1243e-08  4.0493e-11      568   50  568     2     2      0   963  1.3e-11        -
 233  1.1405e-08  4.0493e-11      576   50  576     2     2      0   975  8.8e-12        -
 235  1.1473e-08  2.7288e-11      584   51  584     2     2      0   989  1.8e-12        -
 237  1.1555e-08  5.4576e-11      588   53  588     2     2      0   995  4.5e-11        -
 240  1.1718e-08  5.4576e-11      594   53  594     2     2      0  1004  3.3e-11        -
 242  1.1827e-08  5.4576e-11      598   53  598     2     2      0  1010  2.7e-11        -
 245  1.1968e-08  3.1696e-11      604   54  604     2     2      0  1019  1.5e-12        -
 247  1.2063e-08  6.3393e-11      608   55  608     2     2      0  1025  4.8e-11        -
 250  1.2254e-08  6.3393e-11      614   55  614     2     2      0  1034  5.7e-11        -
 253   1.244e-08  5.9821e-11      621   55  621     2     2      0  1046  3.8e-11        -
 256   1.262e-08  5.9821e-11      630   55  630     2     2      0  1064    4e-11        -
           当前进度:   9 % - 正在组装残差
Memory: 1000/1055 1011/1070
 258  1.2739e-08  5.9821e-11      636   55  636     2     2      0  1076  4.2e-11        -
 260  1.2859e-08  5.9821e-11      642   55  642     2     2      0  1088  4.5e-11        -
 263     1.3e-08  4.0625e-11 out  649   56  649     2     2      0  1100  8.4e-12        -
 265  1.3081e-08  4.0625e-11      653   56  653     2     2      0  1106  8.9e-12        -
 269  1.3244e-08  4.0625e-11      661   56  661     2     2      0  1118  1.4e-11        -
 273  1.3406e-08  4.0625e-11      669   56  669     2     2      0  1130  1.6e-11        -
 275  1.3473e-08  2.6564e-11      673   57  673     2     2      0  1136  1.9e-12        -
 277  1.3553e-08  5.3127e-11      677   58  677     2     2      0  1142  6.5e-11        -
 281  1.3766e-08  5.3127e-11      685   58  685     2     2      0  1154  7.9e-11        -
 285  1.3963e-08  3.7491e-11      697   59  697     2     2      0  1174  1.6e-11        -
 287  1.4037e-08  3.7491e-11      701   60  701     2     2      0  1180  1.5e-11        -
 291  1.4187e-08  3.7491e-11      709   60  709     2     2      0  1192  1.6e-11        -
 294    1.43e-08  3.7491e-11      715   60  715     2     2      0  1201  1.6e-11        -
 298  1.4456e-08  4.3798e-11      727   61  727     2     2      0  1221  3.7e-11        -
 300  1.4544e-08  4.3798e-11      731   62  731     2     2      0  1227  3.7e-11        -
 304  1.4719e-08  4.3798e-11      739   62  739     2     2      0  1239  3.7e-11        -
 307   1.485e-08  4.3798e-11      745   62  745     2     2      0  1248    4e-11        -
 310  1.4969e-08   3.101e-11      755   63  755     2     2      0  1265  7.7e-12        -
 312  1.5062e-08  6.2021e-11      759   65  759     2     2      0  1271  2.3e-10        -
 316   1.531e-08  6.2021e-11      767   65  767     2     2      0  1283  2.8e-10        -
 319  1.5467e-08  3.2927e-11      773   66  773     2     2      0  1292  1.3e-11        -
 322  1.5599e-08  6.5854e-11      779   67  779     2     2      0  1301  4.2e-10        -
 323  1.5658e-08  5.9269e-11      785   68  785     2     2      0  1312  6.8e-08        -
 326  1.5836e-08  5.9269e-11      791   69  791     2     2      0  1321  4.7e-10        -
 328  1.5948e-08  5.2437e-11      799   70  799     2     2      0  1335  2.7e-10        -
 331  1.6105e-08  5.2437e-11      805   71  805     2     2      0  1344  2.6e-10        -
 335  1.6315e-08  5.2437e-11      813   71  813     2     2      0  1356  2.2e-10        -
 338   1.646e-08  4.0251e-11      823   72  823     2     2      0  1373  5.6e-11        -
 341  1.6581e-08  4.0251e-11      829   73  829     2     2      0  1382  4.1e-11        -
 345  1.6742e-08  4.0251e-11      837   73  837     2     2      0  1394  3.2e-11        -
 349  1.6903e-08  4.0251e-11      845   73  845     2     2      0  1406  3.4e-11        -
 351  1.6971e-08  2.8618e-11      853   74  853     2     2      0  1420  5.9e-12        -
 353  1.7057e-08  5.7235e-11      857   76  857     2     2      0  1426  1.5e-10        -
 357  1.7286e-08  5.7235e-11      865   76  865     2     2      0  1438  1.3e-10        -
 360   1.745e-08  4.9677e-11      875   77  875     2     2      0  1455  8.9e-11        -
 363  1.7599e-08  4.9677e-11      881   78  881     2     2      0  1464  8.7e-11        -
 367  1.7798e-08  4.9677e-11      889   78  889     2     2      0  1476  8.1e-11        -
 370  1.7947e-08  4.9677e-11      895   78  895     2     2      0  1485  7.6e-11        -
 373  1.8053e-08  5.2906e-11      901   80  901     2     2      0  1494  9.9e-11        -
 377  1.8265e-08  5.2906e-11      909   80  909     2     2      0  1506  8.4e-11        -
-          当前进度:  10 % - 正在组装残差
 381  1.8462e-08  3.8374e-11      921   81  921     2     2      0  1526  1.5e-11        -
 383  1.8577e-08  7.6748e-11      925   83  925     2     2      0  1532  4.3e-10        -
 384  1.8646e-08  6.9074e-11      931   84  931     2     2      0  1543  1.9e-10        -
 387  1.8853e-08  6.9074e-11      937   85  937     2     2      0  1552  1.2e-10        -
 390     1.9e-08  3.8942e-11 out  943   86  943     2     2      0  1561  7.5e-12        -
 392  1.9148e-08  7.0096e-11      951   88  951     2     2      0  1575  8.3e-11        -
 395  1.9358e-08  7.0096e-11      957   89  957     2     2      0  1584    8e-11        -
 398    1.95e-08  3.5819e-11 out  963   90  963     2     2      0  1593  3.6e-12        -
 401  1.9715e-08  7.1637e-11      969   91  969     2     2      0  1602    1e-10        -
 405       2e-08  7.0906e-11 out  977   91  977     2     2      0  1616  7.9e-11        -
 409  2.0277e-08  6.3816e-11      989   92  989     2     2      0  1639  6.4e-11        -
 412  2.0452e-08  4.7917e-11      999   94  999     2     2      0  1656    2e-11        -
 414  2.0548e-08  4.7917e-11     1003   95 1003     2     2      0  1662    3e-11        -
 418   2.074e-08  4.7917e-11     1011   95 1011     2     2      0  1674  3.4e-11        -
 422  2.0931e-08  4.7917e-11     1019   95 1019     2     2      0  1686  3.9e-11        -
 423  2.0966e-08  3.4375e-11     1025   96 1025     2     2      0  1697  7.5e-12        -
 426  2.1069e-08  3.4375e-11     1031   97 1031     2     2      0  1706  8.7e-12        -
 430  2.1206e-08  3.4375e-11     1039   97 1039     2     2      0  1718    1e-11        -
 434  2.1344e-08  3.4375e-11     1047   97 1047     2     2      0  1730    1e-11        -
 437    2.15e-08  6.0936e-11 out 1053   98 1053     2     2      0  1739  1.8e-10        -
 441  2.1744e-08  6.0936e-11     1061   98 1061     2     2      0  1751  1.9e-10        -
 445  2.1963e-08  3.6725e-11     1069   99 1069     2     2      0  1763  1.5e-11        -
 448   2.211e-08  7.3451e-11     1075  100 1075     2     2      0  1772  4.9e-10        -
 450  2.2242e-08  6.6106e-11     1083  102 1083     2     2      0  1786  3.1e-10        -
 453  2.2437e-08  6.2701e-11     1091  102 1091     2     2      0  1800  1.6e-11        -
 455  2.2563e-08  6.2701e-11     1099  102 1099     2     2      0  1816  1.7e-11        -
 457  2.2688e-08  6.2701e-11     1107  102 1107     2     2      0  1832  1.7e-11        -
 459  2.2814e-08  6.2701e-11     1115  102 1115     2     2      0  1848  1.8e-11        -
 461  2.2933e-08  5.6431e-11     1125  103 1125     2     2      0  1867  1.9e-10        -
 464  2.3034e-08  3.3683e-11     1131  104 1131     2     2      0  1876  2.6e-11        -
 469  2.3202e-08  3.3683e-11     1141  104 1141     2     2      0  1891  2.8e-11        -
 473  2.3337e-08  3.3683e-11     1149  104 1149     2     2      0  1903  2.9e-11        -
 477  2.3469e-08  3.1063e-11     1159  104 1159     2     2      0  1920  4.9e-12        -
 480  2.3593e-08  6.2125e-11     1169  105 1169     2     2      0  1939  5.9e-10        -
 485  2.3904e-08  6.2125e-11     1179  105 1179     2     2      0  1954  4.8e-10        -
 487     2.4e-08  4.8092e-11 out 1187  107 1187     2     2      0  1968  9.9e-11        -
 492   2.424e-08  4.8092e-11     1197  107 1197     2     2      0  1983  7.9e-11        -
 496  2.4433e-08  4.8092e-11     1205  107 1205     2     2      0  1995  6.4e-11        -
 498    2.45e-08  3.3585e-11 out 1213  109 1213     2     2      0  2009    1e-11        -
 500  2.4628e-08  6.0453e-11     1221  111 1221     2     2      0  2023  1.8e-10        -
 504  2.4869e-08  6.0453e-11     1229  112 1229     2     2      0  2035  2.4e-10        -
 507     2.5e-08  3.5055e-11 out 1235  113 1235     2     2      0  2044  1.5e-11        -
 509  2.5105e-08   7.011e-11     1239  114 1239     2     2      0  2050  4.7e-10        -
-          当前进度:  11 % - 正在组装残差
 510  2.5168e-08  6.3099e-11     1245  115 1245     2     2      0  2061  2.7e-10        -
 512  2.5294e-08  6.3099e-11     1249  116 1249     2     2      0  2067  2.6e-10        -
 515   2.546e-08   3.967e-11     1255  117 1255     2     2      0  2076  2.3e-11        -
 518  2.5647e-08  6.8046e-11     1265  119 1265     2     2      0  2093    3e-10        -
 521  2.5852e-08  6.8046e-11     1271  120 1271     2     2      0  2102  2.6e-10        -
 525   2.608e-08  8.0427e-11     1279  122 1279     2     2      0  2114  3.4e-10        -
 526  2.6153e-08  7.2101e-11     1285  123 1285     2     2      0  2125  1.7e-10        -
 529  2.6369e-08  7.2101e-11     1291  124 1291     2     2      0  2134  1.7e-10        -
 531    2.65e-08  6.5584e-11 out 1299  124 1299     2     2      0  2150  4.4e-11        -
 533  2.6631e-08  6.5584e-11     1307  124 1307     2     2      0  2166  4.1e-11        -
 535  2.6762e-08  6.5584e-11     1315  124 1315     2     2      0  2182  3.9e-11        -
 537  2.6894e-08  6.5584e-11     1323  124 1323     2     2      0  2198  3.7e-11        -
 538  2.6947e-08  5.3248e-11     1329  125 1329     2     2      0  2209  2.5e-11        -
 540  2.7053e-08  5.3248e-11     1333  126 1333     2     2      0  2215  2.4e-11        -
 544  2.7266e-08  5.3248e-11     1341  126 1341     2     2      0  2227  1.6e-11        -
 548  2.7463e-08  3.7009e-11     1353  127 1353     2     2      0  2247  3.7e-12        -
 551  2.7574e-08  3.7009e-11     1359  128 1359     2     2      0  2256  4.1e-12        -
 555  2.7722e-08  3.7009e-11     1367  128 1367     2     2      0  2268  5.1e-12        -
 559   2.787e-08  3.7009e-11     1375  128 1375     2     2      0  2280  5.6e-12        -
 562  2.7972e-08  2.7947e-11     1385  129 1385     2     2      0  2297  2.1e-12        -
 564  2.8056e-08  5.5893e-11     1389  131 1389     2     2      0  2303    7e-11        -
 568  2.8279e-08  5.5893e-11     1397  131 1397     2     2      0  2315  8.1e-11        -
 572    2.85e-08  5.4374e-11 out 1407  131 1407     2     2      0  2333  9.9e-12        -
 575  2.8663e-08  5.4374e-11     1416  131 1416     2     2      0  2351  1.1e-11        -
 578  2.8826e-08  5.4374e-11     1425  131 1425     2     2      0  2369  1.2e-11        -
 580  2.8935e-08  5.4374e-11     1431  131 1431     2     2      0  2381  1.3e-11        -
 582     2.9e-08  3.2504e-11 out 1435  132 1435     2     2      0  2387  7.8e-12        -
 585  2.9163e-08  6.5008e-11     1441  133 1441     2     2      0  2396  2.6e-10        -
 589  2.9423e-08  6.5008e-11     1449  133 1449     2     2      0  2408  2.5e-10        -
 592  2.9577e-08  7.7447e-11     1455  135 1455     2     2      0  2417  6.6e-10        -
 593  2.9647e-08  6.9703e-11     1461  136 1461     2     2      0  2428  4.1e-10        -
 595   2.978e-08  6.2732e-11     1469  138 1469     2     2      0  2442  2.6e-10        -
 598  2.9953e-08  4.7475e-11     1479  140 1479     2     2      0  2459  7.1e-11        -
 601  3.0095e-08  4.7475e-11     1485  141 1485     2     2      0  2468  7.5e-11        -
 605  3.0285e-08  4.7475e-11     1493  141 1493     2     2      0  2480    8e-11        -
 609  3.0464e-08  3.6361e-11     1505  142 1505     2     2      0  2500  3.9e-11        -
 611  3.0536e-08  3.6361e-11     1509  143 1509     2     2      0  2506    4e-11        -
 615  3.0682e-08  3.6361e-11     1517  143 1517     2     2      0  2518  4.3e-11        -
 619  3.0827e-08  3.6361e-11     1525  143 1525     2     2      0  2530  4.2e-11        -
 623  3.0968e-08  3.1834e-11     1537  144 1537     2     2      0  2550  2.1e-11        -
 625  3.1032e-08  3.1834e-11     1541  145 1541     2     2      0  2556  1.8e-11        -
 629  3.1159e-08  3.1834e-11     1549  145 1549     2     2      0  2568  1.8e-11        -
 633  3.1382e-08  6.3668e-11     1557  146 1557     2     2      0  2580  4.1e-10        -
 635    3.15e-08  5.8995e-11 out 1565  146 1565     2     2      0  2596  4.6e-11        -
-          当前进度:  13 % - 
 637  3.1618e-08  5.8995e-11     1573  146 1573     2     2      0  2612  4.4e-11        -
 640  3.1795e-08  5.8995e-11     1585  146 1585     2     2      0  2636  4.2e-11        -
 643  3.1956e-08  4.3519e-11     1599  147 1599     2     2      0  2663  3.6e-11        -
 647  3.2131e-08  4.3519e-11     1607  148 1607     2     2      0  2675  4.6e-11        -
 651  3.2305e-08  4.3519e-11     1615  148 1615     2     2      0  2687  4.5e-11        -
 655  3.2468e-08  3.2406e-11     1627  149 1627     2     2      0  2707  9.9e-12        -
 657  3.2565e-08  6.4812e-11     1631  151 1631     2     2      0  2713  3.1e-10        -
 661  3.2824e-08  6.4812e-11     1639  151 1639     2     2      0  2725  2.8e-10        -
 663  3.2944e-08  5.5565e-11     1647  152 1647     2     2      0  2739  1.2e-10        -
 667  3.3167e-08  5.5565e-11     1655  153 1655     2     2      0  2751  9.9e-11        -
 671  3.3389e-08  5.5565e-11     1663  153 1663     2     2      0  2763  6.8e-11        -
 674  3.3556e-08  5.5524e-11     1669  153 1669     2     2      0  2775  3.3e-14        -
 677  3.3722e-08  5.5524e-11     1675  153 1675     2     2      0  2787  1.1e-13        -
 681  3.3944e-08  5.5524e-11     1683  153 1683     2     2      0  2803  1.3e-13        -
 684  3.4056e-08  5.5811e-11     1689  155 1689     2     2      0  2812  2.8e-11        -
 688  3.4279e-08  5.5811e-11     1697  155 1697     2     2      0  2824  3.3e-11        -
 692    3.45e-08  5.4662e-11 out 1705  155 1705     2     2      0  2838  6.4e-11        -
 696  3.4719e-08  5.4662e-11     1713  155 1713     2     2      0  2854  6.6e-11        -
 700  3.4937e-08  5.4662e-11     1721  155 1721     2     2      0  2870  7.3e-11        -
 703  3.5063e-08  6.2707e-11     1727  157 1727     2     2      0  2879    6e-11        -
 707  3.5314e-08  6.2707e-11     1735  157 1735     2     2      0  2891  1.1e-10        -
 711  3.5562e-08  6.1879e-11     1743  157 1743     2     2      0  2906    1e-10        -
 715  3.5809e-08  6.1879e-11     1751  157 1751     2     2      0  2922  1.2e-10        -
 718  3.5967e-08  3.3422e-11     1757  158 1757     2     2      0  2933  8.8e-12        -
 721  3.6127e-08   6.016e-11     1767  160 1767     2     2      0  2950  1.7e-10        -
 724  3.6307e-08   6.016e-11     1773  161 1773     2     2      0  2959  1.7e-10        -
 727  3.6464e-08  3.6098e-11     1779  162 1779     2     2      0  2968  1.4e-11        -
 730  3.6608e-08  7.2196e-11     1785  163 1785     2     2      0  2977  4.6e-10        -
 731  3.6673e-08  6.4977e-11     1791  164 1791     2     2      0  2988  1.5e-08        -
 734  3.6868e-08  6.4977e-11     1797  165 1797     2     2      0  2997  2.6e-10        -
 736  3.6967e-08  3.3412e-11     1801  166 1801     2     2      0  3003    1e-11        -
 739  3.7134e-08  6.6823e-11     1807  167 1807     2     2      0  3012  3.5e-10        -
 743  3.7401e-08  6.6823e-11     1815  167 1815     2     2      0  3024    4e-10        -
 744   3.745e-08  4.9531e-11     1821  168 1821     2     2      0  3035  9.1e-11        -
 745    3.75e-08  4.9531e-11 out 1823  169 1823     2     2      0  3038  9.3e-11        -
 749  3.7698e-08  4.9531e-11     1831  169 1831     2     2      0  3050    1e-10        -
 753  3.7896e-08  4.9531e-11     1839  169 1839     2     2      0  3062  1.9e-10        -
 755  3.7973e-08  2.7112e-11     1843  170 1843     2     2      0  3068  9.9e-12        -
 758  3.8108e-08  5.4223e-11     1849  171 1849     2     2      0  3077  3.2e-10        -
 763   3.838e-08  5.4223e-11     1859  171 1859     2     2      0  3092    3e-10        -
 766    3.85e-08  3.3107e-11 out 1865  172 1865     2     2      0  3101  2.2e-11        -
 769  3.8632e-08  6.6214e-11     1871  173 1871     2     2      0  3110  6.7e-10        -
-          当前进度:  14 % - 
Memory: 1003/1055 1015/1070
 772  3.8831e-08  6.6214e-11     1877  173 1877     2     2      0  3119  4.8e-10        -
 774  3.8949e-08  5.1358e-11     1885  174 1885     2     2      0  3133  1.1e-10        -
 777  3.9103e-08  5.1358e-11     1891  175 1891     2     2      0  3142  1.1e-10        -
 781  3.9308e-08  5.1358e-11     1899  175 1899     2     2      0  3154  8.4e-11        -
 784  3.9455e-08  4.4568e-11     1909  176 1909     2     2      0  3171  5.2e-11        -
 787  3.9589e-08  4.4568e-11     1915  177 1915     2     2      0  3180  5.2e-11        -
 791  3.9767e-08  4.4568e-11     1923  177 1923     2     2      0  3192  5.1e-11        -
 795  3.9946e-08  4.4568e-11     1931  177 1931     2     2      0  3204  4.7e-11        -
 798  4.0054e-08  5.4323e-11     1937  179 1937     2     2      0  3213  1.2e-10        -
 802  4.0272e-08  5.4323e-11     1945  179 1945     2     2      0  3225  1.1e-10        -
 806  4.0467e-08  3.2708e-11     1953  180 1953     2     2      0  3237  7.4e-12        -
 809  4.0631e-08  6.5416e-11     1959  181 1959     2     2      0  3246  2.1e-10        -
 812  4.0827e-08  6.5416e-11     1965  181 1965     2     2      0  3255  1.5e-10        -
 814  4.0946e-08  5.3751e-11     1973  182 1973     2     2      0  3269  3.8e-11        -
 817  4.1108e-08  5.3751e-11     1979  183 1979     2     2      0  3278  4.2e-11        -
 821  4.1323e-08  5.3751e-11     1987  183 1987     2     2      0  3290  2.8e-11        -
 824  4.1465e-08  3.4996e-11     1993  184 1993     2     2      0  3299  2.6e-12        -
 827   4.164e-08  6.9991e-11     1999  185 1999     2     2      0  3308  7.6e-11        -
 831   4.192e-08  6.9991e-11     2007  185 2007     2     2      0  3320  9.4e-11        -
 833     4.2e-08  4.0027e-11 out 2011  186 2011     2     2      0  3326  3.9e-12        -
 837   4.216e-08  4.0027e-11     2019  186 2019     2     2      0  3338  4.5e-12        -
 841   4.232e-08  4.0027e-11     2027  186 2027     2     2      0  3350  6.2e-12        -
 845   4.247e-08  2.9852e-11     2039  187 2039     2     2      0  3370  1.5e-12        -
 847   4.256e-08  5.9703e-11     2043  189 2043     2     2      0  3376  5.8e-11        -
 850  4.2739e-08  5.9703e-11     2049  189 2049     2     2      0  3385  9.2e-11        -
 854  4.2959e-08  4.1038e-11     2061  190 2061     2     2      0  3405  1.6e-11        -
 856  4.3041e-08  4.1038e-11     2065  191 2065     2     2      0  3411  1.7e-11        -
 860  4.3205e-08  4.1038e-11     2073  191 2073     2     2      0  3423  2.8e-11        -
 862  4.3287e-08  4.1038e-11     2077  191 2077     2     2      0  3429  2.4e-11        -
 866  4.3451e-08  4.1038e-11     2085  191 2085     2     2      0  3441  2.5e-11        -
 868    4.35e-08  2.4292e-11 out 2089  192 2089     2     2      0  3447  1.8e-12        -
 870  4.3597e-08  4.8584e-11     2093  193 2093     2     2      0  3453  5.9e-11        -
 873  4.3743e-08  4.8584e-11     2099  193 2099     2     2      0  3462  9.3e-11        -
 875   4.384e-08  4.8584e-11     2103  193 2103     2     2      0  3468    9e-11        -
 878  4.3969e-08  3.1372e-11     2109  194 2109     2     2      0  3477  7.1e-12        -
 880  4.4063e-08  6.2744e-11     2113  195 2113     2     2      0  3483  2.4e-10        -
 883  4.4251e-08  6.2744e-11     2119  195 2119     2     2      0  3492  2.2e-10        -
 886  4.4438e-08  6.1769e-11     2125  195 2125     2     2      0  3502  2.9e-10        -
 889  4.4624e-08  6.1769e-11     2131  195 2131     2     2      0  3514  3.1e-10        -
 893  4.4871e-08  6.1769e-11     2139  195 2139     2     2      0  3530  3.3e-10        -
 895  4.4966e-08   3.381e-11     2143  196 2143     2     2      0  3537  1.4e-11        -
-          当前进度:  15 % - 正在组装残差
Memory: 1017/1055 1026/1070
 898  4.5068e-08   3.381e-11     2149  196 2149     2     2      0  3546  1.5e-11        -
 901  4.5169e-08   3.381e-11     2155  196 2155     2     2      0  3555  2.6e-11        -
 904   4.527e-08   3.381e-11     2161  196 2161     2     2      0  3564  2.8e-11        -
 908  4.5406e-08   3.381e-11     2169  196 2169     2     2      0  3576    3e-11        -
 911    4.55e-08  3.0235e-11 out 2179  196 2179     2     2      0  3595  1.5e-11        -
 914  4.5681e-08  6.0471e-11     2185  197 2185     2     2      0  3604  5.3e-10        -
 918  4.5923e-08  6.0471e-11     2193  197 2193     2     2      0  3616  4.4e-10        -
 920     4.6e-08  3.8352e-11 out 2197  198 2197     2     2      0  3622  4.4e-11        -
 924  4.6153e-08  3.8352e-11     2205  198 2205     2     2      0  3634  4.1e-11        -
 928  4.6307e-08  3.8352e-11     2213  198 2213     2     2      0  3646    3e-11        -
 932   4.646e-08  3.8352e-11     2221  198 2221     2     2      0  3658  2.7e-11        -
 935   4.654e-08  3.9775e-11     2227  200 2227     2     2      0  3667  3.1e-11        -
 939  4.6699e-08  3.9775e-11     2235  200 2235     2     2      0  3679  2.3e-11        -
 943  4.6858e-08  3.9775e-11     2243  200 2243     2     2      0  3691    3e-11        -
 946  4.6969e-08  3.1235e-11     2253  201 2253     2     2      0  3708  8.7e-12        -
 948  4.7062e-08   6.247e-11     2257  203 2257     2     2      0  3714  2.8e-10        -
 952  4.7312e-08   6.247e-11     2265  203 2265     2     2      0  3726  2.5e-10        -
 955  4.7469e-08  3.1355e-11     2271  204 2271     2     2      0  3735  7.7e-12        -
 958  4.7625e-08  6.2709e-11     2277  205 2277     2     2      0  3744  2.3e-10        -
 962  4.7876e-08  6.2709e-11     2285  205 2285     2     2      0  3756  1.9e-10        -
 966  4.8124e-08  6.1873e-11     2293  205 2293     2     2      0  3772    1e-10        -
 970  4.8371e-08  6.1873e-11     2301  205 2301     2     2      0  3788  8.5e-11        -
 973    4.85e-08  3.3445e-11 out 2307  206 2307     2     2      0  3798  3.8e-12        -
 975  4.8634e-08   6.689e-11     2311  207 2311     2     2      0  3804  9.9e-11        -
 979  4.8901e-08   6.689e-11     2319  207 2319     2     2      0  3816  6.5e-11        -
 980  4.8951e-08   4.933e-11     2325  208 2325     2     2      0  3827  1.3e-11        -
 983  4.9099e-08   4.933e-11     2331  209 2331     2     2      0  3836  1.8e-11        -
 987  4.9296e-08   4.933e-11     2339  209 2339     2     2      0  3848  1.7e-11        -
 990  4.9444e-08   4.933e-11     2345  209 2345     2     2      0  3857  1.2e-11        -
 993  4.9556e-08  5.6029e-11     2351  211 2351     2     2      0  3866  2.5e-11        -
 997   4.978e-08  5.6029e-11     2359  211 2359     2     2      0  3878  3.4e-11        -
1001       5e-08  5.3897e-11 out 2369  211 2369     2     2      0  3896  1.3e-11        -
1004  5.0162e-08  5.3897e-11     2378  211 2378     2     2      0  3914  1.5e-11        -
1007  5.0323e-08  5.3897e-11     2387  211 2387     2     2      0  3932  1.6e-11        -
1010  5.0466e-08  3.4411e-11     2395  212 2395     2     2      0  3947  1.1e-11        -
1014  5.0603e-08  3.4411e-11     2403  212 2403     2     2      0  3959  1.2e-11        -
1018  5.0741e-08  3.4411e-11     2411  212 2411     2     2      0  3971    1e-11        -
1022  5.0879e-08  3.4411e-11     2419  212 2419     2     2      0  3983    1e-11        -
1025  5.0974e-08  2.6328e-11     2429  213 2429     2     2      0  4000  2.8e-12        -
1027  5.1053e-08  5.2656e-11     2433  215 2433     2     2      0  4006  8.9e-11        -
1030  5.1211e-08  5.2656e-11     2439  215 2439     2     2      0  4015  1.4e-10        -
1034  5.1421e-08  5.2656e-11     2447  215 2447     2     2      0  4027  1.3e-10        -
1035  5.1461e-08  3.9377e-11     2453  216 2453     2     2      0  4038  2.3e-11        -
1036    5.15e-08  3.9377e-11 out 2455  217 2455     2     2      0  4041  2.2e-11        -
-          当前进度:  16 % - 正在组装残差
1040  5.1658e-08  3.9377e-11     2463  217 2463     2     2      0  4053  2.2e-11        -
1044  5.1854e-08  7.8754e-11     2471  218 2471     2     2      0  4065  7.6e-10        -
1045  5.1925e-08  7.0177e-11     2477  219 2477     2     2      0  4076  4.5e-10        -
1048  5.2075e-08  7.5431e-11     2483  221 2483     2     2      0  4085  6.9e-10        -
1049  5.2141e-08  6.6002e-11     2489  222 2489     2     2      0  4096  3.7e-10        -
1051  5.2267e-08  5.9401e-11     2497  224 2497     2     2      0  4110  2.3e-10        -
1054  5.2443e-08  5.7181e-11     2504  225 2504     2     2      0  4122  5.4e-11        -
1057  5.2614e-08  5.7181e-11     2513  225 2513     2     2      0  4140  5.7e-11        -
1060  5.2786e-08  5.7181e-11     2522  225 2522     2     2      0  4158  5.6e-11        -
1063   5.295e-08  4.9868e-11     2534  226 2534     2     2      0  4181  2.1e-10        -
1066    5.31e-08  4.9868e-11     2540  227 2540     2     2      0  4190    2e-10        -
1070  5.3299e-08  4.9868e-11     2548  227 2548     2     2      0  4202  1.7e-10        -
1073  5.3449e-08  4.9868e-11     2554  227 2554     2     2      0  4211  1.6e-10        -
1075    5.35e-08  2.5595e-11 out 2558  228 2558     2     2      0  4217  5.5e-12        -
1078  5.3654e-08   5.119e-11     2564  229 2564     2     2      0  4226  1.7e-10        -
1081  5.3807e-08   5.119e-11     2570  229 2570     2     2      0  4235  1.1e-10        -
1084  5.3955e-08   4.524e-11     2580  230 2580     2     2      0  4252  5.8e-11        -
1085     5.4e-08   4.524e-11 out 2582  231 2582     2     2      0  4255  5.8e-11        -
1088  5.4136e-08   4.524e-11     2588  231 2588     2     2      0  4264  4.3e-11        -
1092  5.4317e-08   4.524e-11     2596  231 2596     2     2      0  4276  5.5e-11        -
1096  5.4476e-08    2.38e-11     2604  232 2604     2     2      0  4288  2.1e-12        -
1099  5.4595e-08  4.7599e-11     2610  233 2610     2     2      0  4297  6.6e-11        -
1103  5.4786e-08  4.7599e-11     2618  233 2618     2     2      0  4309  6.1e-11        -
1106  5.4928e-08  4.7599e-11     2624  233 2624     2     2      0  4318    6e-11        -
1107  5.4964e-08  3.5804e-11     2630  234 2630     2     2      0  4329  1.4e-11        -
1109  5.5072e-08  7.1609e-11     2634  236 2634     2     2      0  4335  4.3e-10        -
1110  5.5136e-08  6.4448e-11     2640  237 2640     2     2      0  4346  2.4e-10        -
1113  5.5329e-08  6.4448e-11     2646  238 2646     2     2      0  4355  2.1e-10        -
1115  5.5447e-08  5.3076e-11     2654  239 2654     2     2      0  4369  6.1e-11        -
1118  5.5606e-08  5.3076e-11     2660  240 2660     2     2      0  4378  5.4e-09        -
1122  5.5818e-08  5.3076e-11     2668  240 2668     2     2      0  4390  4.9e-11        -
1125  5.5962e-08  3.7695e-11     2678  241 2678     2     2      0  4407  6.1e-12        -
1127  5.6075e-08   7.539e-11     2682  243 2682     2     2      0  4413  1.6e-10        -
1129  5.6226e-08   7.539e-11     2686  243 2686     2     2      0  4419  1.3e-10        -
1132  5.6438e-08  6.1526e-11     2696  244 2696     2     2      0  4436  3.9e-11        -
1135  5.6623e-08  6.1526e-11     2702  245 2702     2     2      0  4445  5.1e-11        -
1139  5.6869e-08  6.1526e-11     2710  245 2710     2     2      0  4457  3.7e-11        -
1142     5.7e-08   3.466e-11 out 2716  246 2716     2     2      0  4466  2.6e-12        -
1145  5.7208e-08  6.9321e-11     2722  247 2722     2     2      0  4475    1e-10        -
1148  5.7409e-08  6.2389e-11     2732  248 2732     2     2      0  4492  7.5e-11        -
1152  5.7591e-08  4.5503e-11     2740  249 2740     2     2      0  4504  2.5e-11        -
1156  5.7773e-08  4.5503e-11     2748  249 2748     2     2      0  4516  4.2e-11        -
1161     5.8e-08  4.5235e-11 out 2758  249 2758     2     2      0  4533  1.6e-11        -
-          当前进度:  18 % - 求解线性方程组
1166  5.8226e-08  4.5235e-11     2768  249 2768     2     2      0  4553  1.8e-11        -
1170  5.8407e-08  4.5235e-11     2776  249 2776     2     2      0  4569  2.1e-11        -
1173    5.85e-08  2.3826e-11 out 2782  250 2782     2     2      0  4579  2.6e-12        -
1176  5.8643e-08  4.7651e-11     2788  251 2788     2     2      0  4588  8.1e-11        -
1180  5.8834e-08  4.7651e-11     2796  251 2796     2     2      0  4600  7.7e-11        -
1183  5.8964e-08  3.5568e-11     2806  252 2806     2     2      0  4617  1.2e-11        -
1186  5.9107e-08  7.1137e-11     2812  254 2812     2     2      0  4626  4.3e-10        -
1189  5.9313e-08  6.4023e-11     2822  255 2822     2     2      0  4643  2.8e-10        -
1192    5.95e-08  6.1487e-11 out 2830  256 2830     2     2      0  4658  7.9e-11        -
1195  5.9684e-08  6.1487e-11     2839  256 2839     2     2      0  4676  8.1e-11        -
1198  5.9869e-08  6.1487e-11     2848  256 2848     2     2      0  4694  8.4e-11        -
1200  5.9962e-08  3.7868e-11     2856  258 2856     2     2      0  4708  4.7e-11        -
1205  6.0151e-08  3.7868e-11     2866  258 2866     2     2      0  4723  5.2e-11        -
1210  6.0341e-08  3.7868e-11     2876  258 2876     2     2      0  4738  5.2e-11        -
1214  6.0477e-08   2.279e-11     2884  259 2884     2     2      0  4750  3.9e-12        -
1218  6.0637e-08  4.5581e-11     2892  260 2892     2     2      0  4762  1.1e-10        -
1222  6.0819e-08  4.5581e-11     2900  260 2900     2     2      0  4774    1e-10        -
1227  6.1045e-08  4.4886e-11     2910  260 2910     2     2      0  4792  8.5e-11        -
1232  6.1269e-08  4.4886e-11     2920  260 2920     2     2      0  4812  8.9e-11        -
1237  6.1474e-08  2.5572e-11     2930  261 2930     2     2      0  4831  3.9e-12        -
1241  6.1653e-08  5.1143e-11     2938  262 2938     2     2      0  4843  1.2e-10        -
1246  6.1909e-08  5.1143e-11     2948  262 2948     2     2      0  4858  9.7e-11        -
1248     6.2e-08  4.5427e-11 out 2956  264 2956     2     2      0  4872  5.2e-11        -
1253  6.2227e-08  4.5427e-11     2966  264 2966     2     2      0  4887  4.7e-11        -
1258  6.2454e-08  4.5427e-11     2976  264 2976     2     2      0  4902  4.4e-11        -
1261  6.2546e-08  4.5731e-11     2982  266 2982     2     2      0  4911  4.3e-11        -
1266  6.2774e-08  4.5731e-11     2992  266 2992     2     2      0  4926    3e-11        -
1270  6.2956e-08  4.4211e-11     3000  266 3000     2     2      0  4939  7.5e-11        -
1275  6.3177e-08  4.4211e-11     3010  266 3010     2     2      0  4959  6.5e-11        -
1280  6.3398e-08  4.4211e-11     3020  266 3020     2     2      0  4979  5.8e-11        -
1282  6.3471e-08  2.8944e-11     3024  267 3024     2     2      0  4986  1.3e-12        -
1286  6.3674e-08  5.7888e-11     3032  268 3032     2     2      0  4998  3.2e-11        -
1291  6.3953e-08  4.7391e-11     3046  269 3046     2     2      0  5021  1.4e-11        -
1295  6.4142e-08  4.7391e-11     3054  270 3054     2     2      0  5033  7.1e-12        -
1300  6.4379e-08  4.7391e-11     3064  270 3064     2     2      0  5048  1.2e-11        -
1302  6.4463e-08  3.6741e-11     3072  271 3072     2     2      0  5062  3.9e-12        -
1306   6.461e-08  3.6741e-11     3080  272 3080     2     2      0  5074  4.3e-12        -
1311  6.4794e-08  3.6741e-11     3090  272 3090     2     2      0  5089  5.3e-12        -
1315  6.4941e-08  3.6741e-11     3098  272 3098     2     2      0  5101  8.3e-12        -
1317     6.5e-08  2.9554e-11 out 3106  274 3106     2     2      0  5115  2.9e-12        -
1321  6.5236e-08  5.9109e-11     3114  275 3114     2     2      0  5127  1.6e-10        -
1325  6.5457e-08   4.312e-11     3126  276 3126     2     2      0  5147  3.1e-11        -
1329  6.5629e-08   4.312e-11     3134  277 3134     2     2      0  5159  3.2e-11        -
1334  6.5845e-08   4.312e-11     3144  277 3144     2     2      0  5174  3.8e-11        -
1337  6.5966e-08  3.4399e-11     3154  278 3154     2     2      0  5191  1.6e-11        -
1340  6.6103e-08  6.8799e-11     3160  280 3160     2     2      0  5200    5e-10        -
1345  6.6439e-08  6.0804e-11     3174  281 3174     2     2      0  5223  1.9e-10        -
-          当前进度:  19 % - 正在组装残差
1349  6.6682e-08  6.0804e-11     3182  282 3182     2     2      0  5235  2.2e-10        -
1354  6.6963e-08  3.7187e-11     3192  283 3192     2     2      0  5250  2.1e-11        -
1359  6.7149e-08  3.7187e-11     3202  283 3202     2     2      0  5265  2.3e-11        -
1364  6.7335e-08  3.7187e-11     3212  283 3212     2     2      0  5280  4.2e-11        -
1368  6.7473e-08  2.6876e-11     3224  284 3224     2     2      0  5300  9.3e-12        -
1371  6.7608e-08  5.3752e-11     3230  286 3230     2     2      0  5309    3e-10        -
1376  6.7876e-08  5.3752e-11     3240  286 3240     2     2      0  5324  2.9e-10        -
1379     6.8e-08  3.4992e-11 out 3246  287 3246     2     2      0  5333  2.9e-11        -
1384  6.8175e-08  3.4992e-11     3256  287 3256     2     2      0  5348  2.7e-11        -
1389   6.835e-08  3.4992e-11     3266  287 3266     2     2      0  5363  2.5e-11        -
1393    6.85e-08   4.511e-11 out 3278  288 3278     2     2      0  5383  8.5e-11        -
1397   6.868e-08   4.511e-11     3286  289 3286     2     2      0  5395  6.8e-11        -
1402  6.8906e-08   4.511e-11     3296  289 3296     2     2      0  5410  6.6e-11        -
1405     6.9e-08  2.4451e-11 out 3302  290 3302     2     2      0  5419    3e-12        -
1409  6.9196e-08  4.8902e-11     3310  291 3310     2     2      0  5431  9.3e-11        -
1413  6.9391e-08  4.8902e-11     3318  291 3318     2     2      0  5443  7.5e-11        -
1416    6.95e-08  2.9939e-11 out 3324  292 3324     2     2      0  5452  6.2e-12        -
1420   6.974e-08  5.9878e-11     3332  293 3332     2     2      0  5464  1.8e-10        -
1424   6.996e-08  4.0425e-11     3344  294 3344     2     2      0  5484  2.1e-11        -
1428  7.0121e-08  4.0425e-11     3352  295 3352     2     2      0  5496  1.7e-11        -
1433  7.0323e-08  4.0425e-11     3362  295 3362     2     2      0  5511  1.4e-11        -
1437  7.0472e-08   2.766e-11     3374  296 3374     2     2      0  5531  1.5e-12        -
1439  7.0555e-08   5.532e-11     3378  298 3378     2     2      0  5537  6.4e-11        -
1444  7.0832e-08   5.532e-11     3388  298 3388     2     2      0  5552  3.5e-11        -
1448     7.1e-08  2.8721e-11 out 3396  299 3396     2     2      0  5564  9.5e-13        -
1452   7.123e-08  5.7442e-11     3404  300 3404     2     2      0  5576  2.7e-11        -
1456  7.1451e-08  4.8952e-11     3416  301 3416     2     2      0  5596  1.1e-11        -
1459  7.1598e-08  4.8952e-11     3422  302 3422     2     2      0  5605  1.2e-11        -
1463  7.1794e-08  4.8952e-11     3430  302 3430     2     2      0  5617  1.5e-11        -
1467   7.197e-08  2.9716e-11     3438  303 3438     2     2      0  5629  1.6e-12        -
1471  7.2178e-08  5.9431e-11     3446  304 3446     2     2      0  5641  5.5e-11        -
1476  7.2458e-08  4.1991e-11     3460  305 3460     2     2      0  5664  2.7e-11        -
1480  7.2626e-08  4.1991e-11     3468  306 3468     2     2      0  5676  2.9e-11        -
1485  7.2836e-08  4.1991e-11     3478  306 3478     2     2      0  5691  2.7e-11        -
1489     7.3e-08  4.0047e-11 out 3488  306 3488     2     2      0  5709  1.2e-11        -
1492   7.312e-08  4.0047e-11     3497  306 3497     2     2      0  5727  1.3e-11        -
1495   7.324e-08  4.0047e-11     3506  306 3506     2     2      0  5745  1.3e-11        -
1499    7.34e-08  4.0047e-11     3518  306 3518     2     2      0  5769  1.5e-11        -
1501   7.347e-08   2.974e-11     3527  307 3527     2     2      0  5786  7.5e-12        -
1504  7.3619e-08   5.948e-11     3533  309 3533     2     2      0  5795  2.3e-10        -
1509  7.3916e-08   5.948e-11     3543  309 3543     2     2      0  5810  1.8e-10        -
1510  7.3958e-08  4.1821e-11     3549  310 3549     2     2      0  5821  3.2e-11        -
1514  7.4125e-08  4.1821e-11     3557  311 3557     2     2      0  5833  3.5e-11        -
1519  7.4335e-08  4.1821e-11     3567  311 3567     2     2      0  5848  3.8e-11        -
1524  7.4541e-08  4.0897e-11     3577  311 3577     2     2      0  5866    1e-10        -
1529  7.4745e-08  4.0897e-11     3587  311 3587     2     2      0  5886    1e-10        -
--         当前进度:  21 % - 
1533  7.4909e-08  4.0897e-11     3595  311 3595     2     2      0  5902  1.1e-10        -
1537   7.505e-08  5.0131e-11     3603  313 3603     2     2      0  5915  2.1e-10        -
1542  7.5301e-08  5.0131e-11     3613  313 3613     2     2      0  5930    2e-10        -
1547  7.5549e-08  4.9474e-11     3623  313 3623     2     2      0  5948  1.2e-10        -
1552  7.5797e-08  4.9474e-11     3633  313 3633     2     2      0  5968  1.1e-10        -
1556  7.5973e-08  2.7367e-11     3641  314 3641     2     2      0  5983  6.3e-12        -
1560  7.6164e-08  5.4734e-11     3649  315 3649     2     2      0  5995  1.8e-10        -
1565  7.6438e-08  5.4734e-11     3659  315 3659     2     2      0  6010  1.7e-10        -
1568  7.6562e-08   6.213e-11     3665  317 3665     2     2      0  6019  3.1e-10        -
1573  7.6873e-08   6.213e-11     3675  317 3675     2     2      0  6034  2.4e-10        -
1577  7.7065e-08   6.509e-11     3683  319 3683     2     2      0  6046  2.8e-10        -
1582  7.7391e-08   6.509e-11     3693  319 3693     2     2      0  6061  2.2e-10        -
1584    7.75e-08  5.4729e-11 out 3701  321 3701     2     2      0  6075  7.9e-11        -
1589  7.7774e-08  5.4729e-11     3711  321 3711     2     2      0  6090    5e-11        -
1593  7.7969e-08  3.1086e-11     3719  322 3719     2     2      0  6102  3.4e-12        -
1596  7.8124e-08  6.2172e-11     3725  323 3725     2     2      0  6111  7.6e-11        -
1601  7.8435e-08  6.2172e-11     3735  323 3735     2     2      0  6126  4.2e-11        -
1604  7.8565e-08  6.4798e-11     3741  325 3741     2     2      0  6135  5.2e-11        -
1609  7.8889e-08  6.4798e-11     3751  325 3751     2     2      0  6150    5e-11        -
1611     7.9e-08  5.5606e-11 out 3759  327 3759     2     2      0  6164  1.5e-11        -
1615  7.9222e-08  5.5606e-11     3767  327 3767     2     2      0  6176    3e-11        -
1620    7.95e-08  5.5378e-11 out 3777  327 3777     2     2      0  6193  1.4e-11        -
1625  7.9777e-08  5.5378e-11     3787  327 3787     2     2      0  6213  1.8e-11        -
1629  7.9972e-08  2.8489e-11     3795  328 3795     2     2      0  6228  4.1e-12        -
1633  8.0171e-08  5.6979e-11     3803  329 3803     2     2      0  6240  1.2e-10        -
1638  8.0449e-08  5.0574e-11     3817  330 3817     2     2      0  6263  7.1e-11        -
1642  8.0652e-08  5.0574e-11     3825  331 3825     2     2      0  6275  1.2e-10        -
1647  8.0905e-08  5.0574e-11     3835  331 3835     2     2      0  6290  1.1e-10        -
1650  8.1048e-08  4.7702e-11     3847  331 3847     2     2      0  6314  7.1e-12        -
1653  8.1191e-08  4.7702e-11     3859  331 3859     2     2      0  6338  7.6e-12        -
1656  8.1334e-08  4.7702e-11     3871  331 3871     2     2      0  6362  7.6e-12        -
1659  8.1465e-08  3.5341e-11     3885  332 3885     2     2      0  6389  1.5e-11        -
1662  8.1606e-08  7.0682e-11     3891  334 3891     2     2      0  6398  4.4e-10        -
1664  8.1733e-08  6.3614e-11     3899  336 3899     2     2      0  6412  3.1e-10        -
1668  8.1962e-08  3.7955e-11     3907  337 3907     2     2      0  6424  4.1e-11        -
1673  8.2152e-08  3.7955e-11     3917  337 3917     2     2      0  6439    5e-11        -
1678  8.2342e-08  3.7955e-11     3927  337 3927     2     2      0  6454  5.2e-11        -
1682  8.2478e-08  2.2271e-11     3935  338 3935     2     2      0  6466  3.6e-12        -
1686  8.2634e-08  4.4543e-11     3943  339 3943     2     2      0  6478  1.1e-10        -
1691  8.2856e-08  4.4543e-11     3953  339 3953     2     2      0  6493  9.5e-11        -
1695     8.3e-08  2.7287e-11 out 3961  340 3961     2     2      0  6505  7.7e-12        -
1699  8.3218e-08  5.4573e-11     3969  341 3969     2     2      0  6517  2.3e-10        -
1704  8.3468e-08  3.1707e-11     3979  342 3979     2     2      0  6532  1.6e-11        -
1708   8.369e-08  6.3413e-11     3987  343 3987     2     2      0  6544  3.6e-10        -
1712   8.394e-08   5.976e-11     3997  343 3997     2     2      0  6561  1.7e-11        -
1715   8.412e-08   5.976e-11     4007  343 4007     2     2      0  6581  1.2e-10        -
1719  8.4359e-08   5.976e-11     4019  343 4019     2     2      0  6605  1.1e-10        -
--         当前进度:  22 % - 正在组装残差
1723  8.4541e-08   4.084e-11     4028  344 4028     2     2      0  6620  2.5e-11        -
1728  8.4745e-08   4.084e-11     4038  344 4038     2     2      0  6635  2.2e-11        -
1733  8.4949e-08   4.084e-11     4048  344 4048     2     2      0  6650  1.7e-11        -
1736  8.5051e-08  5.0765e-11     4054  346 4054     2     2      0  6659  4.5e-11        -
1741  8.5305e-08  5.0765e-11     4064  346 4064     2     2      0  6674  3.1e-11        -
1745    8.55e-08  4.6939e-11 out 4076  346 4076     2     2      0  6696  6.6e-12        -
1748  8.5641e-08  4.6939e-11     4088  346 4088     2     2      0  6720  6.2e-12        -
1751  8.5782e-08  4.6939e-11     4100  346 4100     2     2      0  6744  5.9e-12        -
1754  8.5922e-08  4.6939e-11     4112  346 4112     2     2      0  6768  5.6e-12        -
1756     8.6e-08  3.8772e-11 out 4120  348 4120     2     2      0  6782    1e-12        -
1758  8.6147e-08   6.979e-11     4128  350 4128     2     2      0  6796  6.9e-11        -
1762  8.6426e-08   6.979e-11     4136  351 4136     2     2      0  6808  4.7e-11        -
1765  8.6574e-08  7.3505e-11     4142  353 4142     2     2      0  6817  1.1e-10        -
1767  8.6706e-08  6.6154e-11     4150  355 4150     2     2      0  6831  8.1e-11        -
1771  8.6952e-08  4.7862e-11     4162  356 4162     2     2      0  6851  1.9e-11        -
1775  8.7144e-08  4.7862e-11     4170  357 4170     2     2      0  6863  2.4e-11        -
1780  8.7383e-08  4.7862e-11     4180  357 4180     2     2      0  6878  5.6e-11        -
1782  8.7465e-08   3.462e-11     4188  358 4188     2     2      0  6892  1.1e-11        -
1785  8.7604e-08   6.924e-11     4194  360 4194     2     2      0  6901  3.3e-10        -
1787  8.7728e-08  6.2316e-11     4202  362 4202     2     2      0  6915    2e-10        -
1791  8.7958e-08  4.2279e-11     4214  363 4214     2     2      0  6935  3.4e-11        -
1795  8.8127e-08  4.2279e-11     4222  364 4222     2     2      0  6947  4.5e-11        -
1800  8.8338e-08  4.2279e-11     4232  364 4232     2     2      0  6962  4.3e-11        -
1804    8.85e-08  3.8604e-11 out 4244  364 4244     2     2      0  6984  1.5e-11        -
1807  8.8616e-08  3.8604e-11     4256  364 4256     2     2      0  7008  1.6e-11        -
1810   8.877e-08  7.7208e-11     4266  365 4266     2     2      0  7027  6.8e-10        -
1812  8.8909e-08  6.9487e-11     4274  367 4274     2     2      0  7041  4.3e-10        -
1816  8.9091e-08  4.5399e-11     4282  368 4282     2     2      0  7053  5.7e-11        -
1820  8.9272e-08  4.5399e-11     4290  368 4290     2     2      0  7065  6.1e-11        -
1824  8.9454e-08  4.5399e-11     4298  368 4298     2     2      0  7077  1.2e-10        -
1827  8.9546e-08  4.6013e-11     4304  370 4304     2     2      0  7086  1.3e-10        -
1832  8.9776e-08  4.6013e-11     4314  370 4314     2     2      0  7101  1.4e-10        -
1836  8.9957e-08  4.2943e-11     4324  370 4324     2     2      0  7118  1.1e-11        -
1839  9.0086e-08  4.2943e-11     4336  370 4336     2     2      0  7142  1.1e-11        -
1842  9.0215e-08  4.2943e-11     4348  370 4348     2     2      0  7166  1.1e-11        -
1845  9.0344e-08  4.2943e-11     4360  370 4360     2     2      0  7190  1.1e-11        -
1848  9.0465e-08  3.5284e-11     4374  371 4374     2     2      0  7217  2.7e-11        -
1852  9.0606e-08  3.5284e-11     4382  372 4382     2     2      0  7229  2.5e-11        -
1857  9.0818e-08  7.0568e-11     4392  373 4392     2     2      0  7244  8.4e-10        -
1859  9.0944e-08  5.5939e-11     4400  374 4400     2     2      0  7258  2.7e-10        -
1863  9.1168e-08  5.5939e-11     4408  375 4408     2     2      0  7270  1.9e-10        -
1868  9.1446e-08  5.4212e-11     4419  375 4419     2     2      0  7288  2.1e-11        -
1872  9.1663e-08  5.4212e-11     4431  375 4431     2     2      0  7312  1.8e-11        -
--         当前进度:  24 % - 
1876  9.1879e-08  5.4212e-11     4443  375 4443     2     2      0  7336  1.6e-11        -
1880  9.2066e-08    6.63e-11     4452  377 4452     2     2      0  7351  2.6e-10        -
1885  9.2398e-08    6.63e-11     4462  377 4462     2     2      0  7366  1.8e-10        -
1887    9.25e-08  5.1099e-11 out 4470  379 4470     2     2      0  7380  4.4e-11        -
1892  9.2755e-08  5.1099e-11     4480  379 4480     2     2      0  7395    4e-11        -
1896  9.2954e-08  4.5606e-11     4492  380 4492     2     2      0  7415  1.4e-11        -
1900  9.3137e-08  4.5606e-11     4500  381 4500     2     2      0  7427  1.1e-11        -
1905  9.3365e-08  4.5606e-11     4510  381 4510     2     2      0  7442  3.1e-12        -
1910   9.359e-08  4.4774e-11     4520  381 4520     2     2      0  7461  2.8e-11        -
1916  9.3858e-08  4.4774e-11     4532  381 4532     2     2      0  7485  2.9e-11        -
1920     9.4e-08   2.613e-11 out 4540  382 4540     2     2      0  7499  5.3e-13        -
1924  9.4209e-08   5.226e-11     4548  383 4548     2     2      0  7511  3.9e-11        -
1929  9.4459e-08  4.0961e-11     4562  384 4562     2     2      0  7534  9.3e-12        -
1933  9.4623e-08  4.0961e-11     4570  385 4570     2     2      0  7546  2.4e-11        -
1939  9.4869e-08  4.0961e-11     4582  385 4582     2     2      0  7564  2.7e-11        -
1944  9.5049e-08  4.9434e-11     4592  387 4592     2     2      0  7579  6.2e-11        -
1949  9.5297e-08  4.9434e-11     4602  387 4602     2     2      0  7594  7.3e-11        -
1953  9.5472e-08  2.7545e-11     4610  388 4610     2     2      0  7606  5.4e-12        -
1957  9.5665e-08  5.5091e-11     4618  389 4618     2     2      0  7618  1.6e-10        -
1962  9.5941e-08  5.5091e-11     4628  389 4628     2     2      0  7633  1.8e-10        -
1965  9.6059e-08  5.9272e-11     4634  391 4634     2     2      0  7642  2.7e-10        -
1971  9.6415e-08  5.9272e-11     4646  391 4646     2     2      0  7660  1.8e-10        -
1973    9.65e-08  4.2548e-11 out 4654  393 4654     2     2      0  7674  4.1e-11        -
1978  9.6713e-08  4.2548e-11     4664  393 4664     2     2      0  7689  7.1e-11        -
1983  9.6925e-08  4.2548e-11     4674  393 4674     2     2      0  7704  8.8e-11        -
1984  9.6963e-08  3.7262e-11     4680  394 4680     2     2      0  7715  4.6e-11        -
1988  9.7112e-08  3.7262e-11     4688  395 4688     2     2      0  7727  4.8e-11        -
1993  9.7298e-08  3.7262e-11     4698  395 4698     2     2      0  7742  4.7e-11        -
1998  9.7474e-08  2.6431e-11     4712  396 4712     2     2      0  7765  7.9e-12        -
2001  9.7606e-08  5.2862e-11     4718  398 4718     2     2      0  7774  2.4e-10        -
2006   9.787e-08  5.2862e-11     4728  398 4728     2     2      0  7789    2e-10        -
2008  9.7961e-08  3.8553e-11     4736  399 4736     2     2      0  7803    4e-11        -
2012  9.8116e-08  3.8553e-11     4744  400 4744     2     2      0  7815  3.7e-11        -
2017  9.8308e-08  3.8553e-11     4754  400 4754     2     2      0  7830  4.2e-11        -
2022    9.85e-08  3.7956e-11 out 4764  400 4764     2     2      0  7847  4.3e-11        -
2027   9.869e-08  3.7956e-11     4774  400 4774     2     2      0  7867  3.9e-11        -
2032   9.888e-08  3.7956e-11     4784  400 4784     2     2      0  7887  3.5e-11        -
2036   9.912e-08  6.0221e-11     4792  401 4792     2     2      0  7899    2e-10        -
2042  9.9461e-08  3.9226e-11     4804  402 4804     2     2      0  7917  1.9e-11        -
2046  9.9688e-08  7.0607e-11     4816  404 4816     2     2      0  7937  2.8e-10        -
2050   9.995e-08  4.9948e-11     4828  406 4828     2     2      0  7957  3.1e-11        -
2054  1.0015e-07  4.9948e-11     4836  407 4836     2     2      0  7969  3.6e-11        -
2059   1.004e-07  4.9948e-11     4846  407 4846     2     2      0  7984    2e-11        -
2063  1.0055e-07  5.0468e-11     4854  409 4854     2     2      0  7996  8.1e-12        -
2068   1.008e-07  5.0468e-11     4864  409 4864     2     2      0  8011  9.5e-12        -
2072    1.01e-07  4.8129e-11 out 4874  409 4874     2     2      0  8029  1.1e-11        -
--         当前进度:  26 % - 
2076  1.0119e-07  4.8129e-11     4886  409 4886     2     2      0  8053  1.2e-11        -
2080  1.0139e-07  4.8129e-11     4898  409 4898     2     2      0  8077  1.3e-11        -
2084  1.0157e-07  6.6842e-11     4907  411 4907     2     2      0  8092  1.2e-10        -
2089   1.019e-07  6.6842e-11     4917  411 4917     2     2      0  8107  1.1e-10        -
2091    1.02e-07  4.9473e-11 out 4925  413 4925     2     2      0  8121    6e-11        -
2096  1.0225e-07  4.9473e-11     4935  413 4935     2     2      0  8136  6.8e-11        -
2101  1.0247e-07  2.7371e-11     4945  414 4945     2     2      0  8151  3.2e-12        -
2105  1.0266e-07  5.4742e-11     4953  415 4953     2     2      0  8163  1.2e-10        -
2111  1.0297e-07  3.1031e-11     4965  416 4965     2     2      0  8181  9.4e-12        -
2115  1.0319e-07  6.2063e-11     4973  417 4973     2     2      0  8193  2.8e-10        -
2120  1.0347e-07   3.278e-11     4983  418 4983     2     2      0  8208  1.4e-11        -
2124   1.037e-07  6.5559e-11     4991  419 4991     2     2      0  8220  3.3e-10        -
2127  1.0389e-07  5.9003e-11     5001  420 5001     2     2      0  8237  1.8e-10        -
2131  1.0411e-07  5.6601e-11     5009  421 5009     2     2      0  8249  3.3e-10        -
2136   1.044e-07  5.6601e-11     5019  421 5019     2     2      0  8264  3.7e-10        -
2139  1.0455e-07  5.1898e-11     5031  421 5031     2     2      0  8288  5.7e-11        -
2142  1.0471e-07  5.1898e-11     5043  421 5043     2     2      0  8312  5.7e-11        -
2145  1.0486e-07  5.1898e-11     5055  421 5055     2     2      0  8336  5.6e-11        -
2147  1.0496e-07  4.2407e-11     5065  422 5065     2     2      0  8355  8.1e-11        -
2151  1.0513e-07  4.2407e-11     5073  423 5073     2     2      0  8367    7e-11        -
2157  1.0538e-07  4.2407e-11     5085  423 5085     2     2      0  8385  6.3e-11        -
2159  1.0546e-07  3.7963e-11     5093  424 5093     2     2      0  8399  3.5e-11        -
2163  1.0561e-07  3.7963e-11     5101  425 5101     2     2      0  8411  5.2e-11        -
2168   1.058e-07  3.7963e-11     5111  425 5111     2     2      0  8426  3.9e-11        -
2170  1.0594e-07  6.0187e-11     5119  427 5119     2     2      0  8440  2.7e-10        -
2175  1.0624e-07  6.0187e-11     5129  428 5129     2     2      0  8455  2.6e-10        -
2179  1.0646e-07  3.9345e-11     5137  429 5137     2     2      0  8467  2.9e-11        -
2182  1.0665e-07  6.8133e-11     5147  431 5147     2     2      0  8484  3.1e-10        -
2186  1.0692e-07  6.8133e-11     5155  432 5155     2     2      0  8496  3.4e-10        -
2189  1.0708e-07  8.0643e-11     5161  434 5161     2     2      0  8505  5.4e-10        -
2191  1.0722e-07  7.1124e-11     5169  436 5169     2     2      0  8519  2.5e-10        -
2195   1.075e-07  6.7431e-11 out 5179  436 5179     2     2      0  8537  7.7e-11        -
2199  1.0777e-07  6.7431e-11     5191  436 5191     2     2      0  8561  6.6e-11        -
2202  1.0795e-07  4.7706e-11     5203  437 5203     2     2      0  8584  6.1e-12        -
2206  1.0814e-07  4.7706e-11     5211  438 5211     2     2      0  8596  7.7e-12        -
2212  1.0843e-07  4.7706e-11     5223  438 5223     2     2      0  8614  1.8e-11        -
2214   1.085e-07  3.5322e-11 out 5231  440 5231     2     2      0  8628  4.2e-12        -
2218  1.0878e-07  7.0643e-11     5239  441 5239     2     2      0  8640  7.2e-11        -
2222    1.09e-07   3.807e-11 out 5247  442 5247     2     2      0  8652  7.4e-12        -
2228  1.0923e-07   3.807e-11     5259  442 5259     2     2      0  8670  8.1e-12        -
2234  1.0946e-07   3.807e-11     5271  442 5271     2     2      0  8688  1.7e-11        -
2237  1.0954e-07  4.3155e-11     5277  444 5277     2     2      0  8697  3.3e-11        -
2241  1.0972e-07  4.3155e-11     5285  444 5285     2     2      0  8709  3.1e-11        -
2246  1.0993e-07  4.3155e-11     5295  444 5295     2     2      0  8724  3.5e-11        -
2248     1.1e-07  3.4224e-11 out 5303  446 5303     2     2      0  8738  1.1e-11        -
--         当前进度:  27 % - 
2252  1.1017e-07  6.8448e-11     5311  447 5311     2     2      0  8750  3.8e-10        -
2253  1.1023e-07  6.1603e-11     5317  448 5317     2     2      0  8761  3.1e-10        -
2257  1.1046e-07  4.1234e-11     5329  450 5329     2     2      0  8781  3.8e-11        -
2261  1.1062e-07  4.1234e-11     5337  451 5337     2     2      0  8793  4.1e-11        -
2265  1.1086e-07  7.1209e-11     5349  453 5349     2     2      0  8813  6.9e-10        -
2268    1.11e-07  3.5038e-11 out 5355  455 5355     2     2      0  8822  2.2e-11        -
2271  1.1117e-07  6.3068e-11     5365  457 5365     2     2      0  8839  2.5e-10        -
2274  1.1136e-07  6.3068e-11     5371  458 5371     2     2      0  8848    3e-10        -
2278  1.1154e-07  3.9773e-11     5379  459 5379     2     2      0  8860  5.9e-11        -
2283  1.1174e-07  3.9773e-11     5389  459 5389     2     2      0  8875  6.4e-11        -
2288  1.1194e-07  3.9773e-11     5399  459 5399     2     2      0  8890  6.5e-11        -
2290    1.12e-07  3.1248e-11 out 5407  461 5407     2     2      0  8904  1.9e-11        -
2293  1.1215e-07  5.6246e-11     5417  463 5417     2     2      0  8921  3.6e-10        -
2297  1.1237e-07  5.6246e-11     5425  464 5425     2     2      0  8933  3.3e-10        -
2301  1.1253e-07  3.4389e-11     5433  465 5433     2     2      0  8945  2.4e-11        -
2306  1.1271e-07  3.4389e-11     5443  465 5443     2     2      0  8960  2.3e-11        -
2311  1.1291e-07  6.8778e-11     5453  466 5453     2     2      0  8975  9.1e-10        -
2315  1.1309e-07  4.3666e-11     5461  467 5461     2     2      0  8987    1e-10        -
2320  1.1331e-07  4.3666e-11     5471  467 5471     2     2      0  9002  5.4e-11        -
2324  1.1347e-07   3.167e-11     5483  468 5483     2     2      0  9022  1.1e-11        -
2327   1.136e-07   6.334e-11     5489  470 5489     2     2      0  9031  3.3e-10        -
2332  1.1391e-07   6.334e-11     5499  470 5499     2     2      0  9046  2.6e-10        -
2334    1.14e-07  4.4144e-11 out 5507  472 5507     2     2      0  9060  3.6e-11        -
2339  1.1422e-07  4.4144e-11     5517  472 5517     2     2      0  9075  3.5e-11        -
2344  1.1444e-07  4.4144e-11     5527  472 5527     2     2      0  9090  3.4e-11        -
2347  1.1456e-07  5.8556e-11     5533  474 5533     2     2      0  9099  1.3e-10        -
2352  1.1485e-07  5.8556e-11     5543  474 5543     2     2      0  9114  8.8e-11        -
2354  1.1495e-07  4.5054e-11     5551  475 5551     2     2      0  9128    2e-11        -
2357  1.1509e-07  4.5054e-11     5557  476 5557     2     2      0  9137  1.6e-11        -
2362  1.1532e-07  4.5054e-11     5567  476 5567     2     2      0  9152    5e-12        -
2366  1.1548e-07  2.4729e-11     5575  477 5575     2     2      0  9164  3.3e-13        -
2370  1.1565e-07  4.9459e-11     5583  478 5583     2     2      0  9176  8.9e-12        -
2375   1.159e-07  4.9459e-11     5593  478 5593     2     2      0  9191  2.3e-11        -
2379  1.1605e-07  5.4871e-11     5601  480 5601     2     2      0  9203  1.2e-11        -
2384  1.1633e-07  5.4871e-11     5611  480 5611     2     2      0  9218    4e-11        -
2387  1.1647e-07  3.0517e-11     5617  481 5617     2     2      0  9227    3e-12        -
2391  1.1668e-07  6.1035e-11     5625  482 5625     2     2      0  9239  1.3e-10        -
2396  1.1696e-07  3.6379e-11     5635  483 5635     2     2      0  9254  1.4e-11        -
2401  1.1715e-07  3.6379e-11     5645  483 5645     2     2      0  9269  1.3e-11        -
2405  1.1729e-07  3.6379e-11     5653  483 5653     2     2      0  9281  1.5e-11        -
2410  1.1747e-07  3.1726e-11     5667  484 5667     2     2      0  9304    8e-12        -
2413  1.1763e-07  6.3453e-11     5673  486 5673     2     2      0  9313  3.5e-10        -
2417  1.1788e-07  6.3453e-11     5681  486 5681     2     2      0  9325  3.2e-10        -
2420  1.1806e-07  5.9642e-11     5693  486 5693     2     2      0  9349  2.3e-11        -
--         当前进度:  29 % - 正在组装残差
2423  1.1824e-07  5.9642e-11     5705  486 5705     2     2      0  9373  2.5e-11        -
2426  1.1842e-07  5.9642e-11     5717  486 5717     2     2      0  9397  2.7e-11        -
2430  1.1858e-07  4.1255e-11     5725  487 5725     2     2      0  9409  4.4e-11        -
2435  1.1879e-07  4.1255e-11     5735  487 5735     2     2      0  9424  6.6e-11        -
2440  1.1898e-07    2.31e-11     5745  488 5745     2     2      0  9439    4e-12        -
2444  1.1914e-07    4.62e-11     5753  489 5753     2     2      0  9451  1.3e-10        -
2449  1.1937e-07    4.62e-11     5763  489 5763     2     2      0  9466  1.4e-10        -
2452   1.195e-07  4.2101e-11 out 5773  489 5773     2     2      0  9485  3.3e-11        -
2455  1.1963e-07  4.2101e-11     5785  489 5785     2     2      0  9509  3.3e-11        -
2458  1.1975e-07  4.2101e-11     5797  489 5797     2     2      0  9533  3.3e-11        -
2461  1.1988e-07  4.2101e-11     5809  489 5809     2     2      0  9557  3.2e-11        -
2463  1.1996e-07  3.9495e-11     5819  490 5819     2     2      0  9576  4.8e-11        -
2466  1.2008e-07  3.9495e-11     5825  491 5825     2     2      0  9585  4.5e-11        -
2471  1.2028e-07  3.9495e-11     5835  491 5835     2     2      0  9600  5.7e-11        -
2476  1.2047e-07  3.2775e-11     5849  492 5849     2     2      0  9623  2.4e-11        -
2479   1.206e-07  6.5551e-11     5855  494 5855     2     2      0  9632    6e-10        -
2484  1.2093e-07  6.5551e-11     5865  494 5865     2     2      0  9647    4e-10        -
2487  1.2107e-07  7.3921e-11     5871  496 5871     2     2      0  9656    7e-10        -
2489  1.2121e-07  6.6529e-11     5879  498 5879     2     2      0  9670    4e-10        -
2493  1.2145e-07  4.6716e-11     5891  499 5891     2     2      0  9690  4.6e-11        -
2497  1.2164e-07  4.6716e-11     5899  500 5899     2     2      0  9702  5.2e-11        -
2502  1.2187e-07  4.6716e-11     5909  500 5909     2     2      0  9717  4.3e-11        -
2504  1.2196e-07  3.9777e-11     5917  501 5917     2     2      0  9731  1.8e-11        -
2507  1.2212e-07  7.9554e-11     5923  503 5923     2     2      0  9740    4e-10        -
2509  1.2226e-07  7.1599e-11     5931  505 5931     2     2      0  9754  2.4e-10        -
2513   1.225e-07  4.7137e-11 out 5939  506 5939     2     2      0  9766  1.8e-11        -
2518  1.2274e-07  4.7137e-11     5949  506 5949     2     2      0  9781  1.1e-11        -
2523  1.2296e-07  3.7882e-11     5963  507 5963     2     2      0  9804  2.2e-12        -
2526  1.2315e-07  7.5763e-11     5969  509 5969     2     2      0  9813  1.9e-10        -
2528   1.233e-07  6.8187e-11     5977  510 5977     2     2      0  9827  1.1e-10        -
2532  1.2357e-07  6.8169e-11     5985  511 5985     2     2      0  9842  8.9e-12        -
2537  1.2391e-07  6.8169e-11     5995  511 5995     2     2      0  9862  9.1e-12        -
2539    1.24e-07  4.5494e-11 out 6003  513 6003     2     2      0  9876  2.9e-11        -
2544  1.2423e-07  4.5494e-11     6013  513 6013     2     2      0  9891  3.5e-11        -
2549  1.2445e-07  4.5275e-11     6023  513 6023     2     2      0  9907  1.5e-11        -
2554  1.2468e-07  4.5275e-11     6033  513 6033     2     2      0  9927  1.7e-11        -
2560  1.2495e-07  4.5275e-11     6045  513 6045     2     2      0  9951  2.1e-11        -
2563  1.2505e-07  4.7249e-11     6051  515 6051     2     2      0  9960    8e-11        -
2568  1.2528e-07  4.7249e-11     6061  515 6061     2     2      0  9975  7.4e-11        -
2572  1.2546e-07  3.7379e-11     6073  516 6073     2     2      0  9995  2.6e-11        -
2575  1.2564e-07  6.7282e-11     6083  519 6083     2     2      0 10012  5.2e-10        -
2579  1.2591e-07  6.7282e-11     6091  520 6091     2     2      0 10024  4.3e-10        -
2583  1.2609e-07  4.4416e-11     6099  521 6099     2     2      0 10036  7.3e-11        -
2588  1.2631e-07  4.4416e-11     6109  521 6109     2     2      0 10051    1e-10        -
2592  1.2647e-07  2.7918e-11     6117  522 6117     2     2      0 10063  1.1e-11        -
2596  1.2667e-07  5.5836e-11     6125  523 6125     2     2      0 10075  3.5e-10        -
2601  1.2695e-07  5.4575e-11     6135  523 6135     2     2      0 10091  3.9e-10        -
---        当前进度:  30 % - 正在组装残差
2604  1.2711e-07  5.4575e-11     6144  523 6144     2     2      0 10109  1.8e-11        -
2607  1.2727e-07  5.4575e-11     6153  523 6153     2     2      0 10127  1.8e-11        -
2611  1.2747e-07  3.1701e-11     6164  524 6164     2     2      0 10148  1.5e-11        -
2615  1.2769e-07  6.3401e-11     6172  525 6172     2     2      0 10160    6e-10        -
2619  1.2794e-07  5.9796e-11     6182  525 6182     2     2      0 10177  2.1e-11        -
2622  1.2812e-07  5.9796e-11     6194  525 6194     2     2      0 10201    2e-11        -
2625   1.283e-07  5.9796e-11     6205  525 6205     2     2      0 10223  1.5e-10        -
2628  1.2846e-07  4.0714e-11     6213  526 6213     2     2      0 10238  3.5e-11        -
2632  1.2869e-07  6.6441e-11     6225  528 6225     2     2      0 10258  3.3e-10        -
2634  1.2881e-07  5.9797e-11     6233  530 6233     2     2      0 10272  1.9e-10        -
2637  1.2897e-07  3.2794e-11     6239  532 6239     2     2      0 10281  7.9e-12        -
2641   1.292e-07  6.5587e-11     6247  533 6247     2     2      0 10293  2.5e-10        -
2645  1.2945e-07  5.3239e-11     6259  534 6259     2     2      0 10313  7.6e-11        -
2649  1.2966e-07  5.3239e-11     6267  535 6267     2     2      0 10325  5.9e-11        -
2655  1.2996e-07  3.7045e-11     6283  536 6283     2     2      0 10351  4.7e-12        -
2658  1.3015e-07  7.4089e-11     6289  538 6289     2     2      0 10360  1.2e-10        -
2662  1.3044e-07  6.4777e-11     6301  539 6301     2     2      0 10380  1.3e-11        -
2666  1.3069e-07  6.4777e-11     6309  540 6309     2     2      0 10392  8.9e-11        -
2670  1.3094e-07   5.567e-11     6321  541 6321     2     2      0 10412    3e-11        -
2673  1.3111e-07   5.567e-11     6327  542 6327     2     2      0 10421  4.8e-11        -
2678  1.3139e-07   5.567e-11     6337  542 6337     2     2      0 10436  8.8e-11        -
2683  1.3167e-07  5.5154e-11     6347  542 6347     2     2      0 10456  5.9e-11        -
2688  1.3194e-07  5.5154e-11     6357  542 6357     2     2      0 10476  7.2e-11        -
2692  1.3209e-07  5.8765e-11     6365  544 6365     2     2      0 10488  1.6e-10        -
2697  1.3238e-07  5.8765e-11     6375  544 6375     2     2      0 10503  2.4e-10        -
2701  1.3253e-07   2.963e-11     6383  545 6383     2     2      0 10515  7.5e-12        -
2705  1.3277e-07   5.926e-11     6391  546 6391     2     2      0 10527  2.5e-10        -
2709    1.33e-07  5.7404e-11 out 6401  546 6401     2     2      0 10545  3.7e-11        -
2713  1.3323e-07  5.7404e-11     6413  546 6413     2     2      0 10569  4.1e-11        -
2717  1.3345e-07  4.9085e-11     6428  547 6428     2     2      0 10598    2e-10        -
2721  1.3365e-07  4.9085e-11     6436  548 6436     2     2      0 10610  1.6e-10        -
2727  1.3394e-07  4.9085e-11     6448  548 6448     2     2      0 10628  1.8e-10        -
2730  1.3406e-07  5.8235e-11     6454  550 6454     2     2      0 10637  4.3e-10        -
2736  1.3441e-07  5.8235e-11     6466  550 6466     2     2      0 10655  4.1e-10        -
2738   1.345e-07  4.6177e-11 out 6474  552 6474     2     2      0 10669  1.2e-10        -
2744  1.3478e-07  4.6177e-11     6486  552 6486     2     2      0 10687    1e-10        -
2749    1.35e-07  4.2202e-11 out 6500  552 6500     2     2      0 10712  2.9e-11        -
2752  1.3513e-07  4.2202e-11     6512  552 6512     2     2      0 10736  2.8e-11        -
2755  1.3525e-07  4.2202e-11     6524  552 6524     2     2      0 10760  2.6e-11        -
2758  1.3544e-07  6.0089e-11     6536  554 6536     2     2      0 10782  4.8e-10        -
2762  1.3568e-07  6.0089e-11     6544  555 6544     2     2      0 10794  2.6e-10        -
2766  1.3592e-07  6.0089e-11     6552  555 6552     2     2      0 10806  2.4e-10        -
2769  1.3608e-07  7.9375e-11     6558  557 6558     2     2      0 10815  9.5e-10        -
---        当前进度:  32 % - 正在组装残差
2771  1.3622e-07  6.7979e-11     6566  559 6566     2     2      0 10829  3.5e-10        -
2775  1.3646e-07  4.0366e-11     6574  560 6574     2     2      0 10841  2.4e-11        -
2778  1.3665e-07  7.1249e-11     6584  562 6584     2     2      0 10858  3.5e-10        -
2782  1.3693e-07  6.7137e-11     6593  563 6593     2     2      0 10873  1.2e-10        -
2786   1.372e-07  6.7137e-11     6605  563 6605     2     2      0 10897  9.9e-11        -
2790  1.3745e-07  4.8589e-11     6620  564 6620     2     2      0 10926  1.8e-11        -
2795  1.3769e-07  4.8589e-11     6630  565 6630     2     2      0 10941  7.7e-12        -
2801  1.3797e-07  3.1348e-11     6642  566 6642     2     2      0 10959  2.3e-12        -
2805  1.3819e-07  6.2697e-11     6650  567 6650     2     2      0 10971  7.6e-11        -
2809  1.3844e-07   6.191e-11     6658  567 6658     2     2      0 10984    9e-11        -
2815  1.3881e-07   6.191e-11     6670  567 6670     2     2      0 11008  1.1e-10        -
2819    1.39e-07  3.3316e-11 out 6678  568 6678     2     2      0 11022  7.4e-12        -
2821  1.3913e-07  5.9969e-11     6686  570 6686     2     2      0 11036  1.4e-10        -
2826  1.3943e-07  5.9969e-11     6696  571 6696     2     2      0 11051  1.8e-10        -
2829  1.3954e-07  3.6777e-11     6702  572 6702     2     2      0 11060  1.6e-11        -
2831  1.3967e-07  6.2254e-11     6710  574 6710     2     2      0 11074  2.3e-10        -
2833  1.3979e-07  5.6029e-11     6718  576 6718     2     2      0 11088  1.9e-10        -
2836  1.3995e-07  4.8536e-11     6728  578 6728     2     2      0 11105  8.7e-11        -
2841  1.4019e-07  4.8536e-11     6738  579 6738     2     2      0 11120  9.2e-11        -
2847  1.4047e-07  3.1586e-11     6750  580 6750     2     2      0 11138  1.3e-11        -
2851  1.4069e-07  6.3172e-11     6758  581 6758     2     2      0 11150  6.8e-10        -
2856    1.41e-07  6.0484e-11 out 6770  581 6770     2     2      0 11171  1.1e-10        -
2860  1.4124e-07  6.0484e-11     6782  581 6782     2     2      0 11195  1.2e-10        -
2863  1.4142e-07  6.0484e-11     6791  581 6791     2     2      0 11213  1.2e-10        -
2866  1.4154e-07  3.8306e-11     6797  582 6797     2     2      0 11222  5.3e-11        -
2870  1.4169e-07  3.8306e-11     6805  582 6805     2     2      0 11234  5.1e-11        -
2875  1.4188e-07  3.8306e-11     6815  582 6815     2     2      0 11249  4.8e-11        -
2879    1.42e-07  2.0163e-11 out 6823  583 6823     2     2      0 11261  1.8e-12        -
2883  1.4216e-07  4.0325e-11     6831  584 6831     2     2      0 11273  5.1e-11        -
2887  1.4232e-07  4.0325e-11     6839  584 6839     2     2      0 11285  4.8e-11        -
2891  1.4247e-07  2.8212e-11     6851  585 6851     2     2      0 11305  1.2e-11        -
2893  1.4256e-07  5.6424e-11     6855  587 6855     2     2      0 11311  3.7e-10        -
2897  1.4278e-07  5.6424e-11     6863  587 6863     2     2      0 11323  3.6e-10        -
2900  1.4295e-07  5.2516e-11     6871  587 6871     2     2      0 11337  2.5e-11        -
2903  1.4311e-07  5.2516e-11     6883  587 6883     2     2      0 11361  2.3e-11        -
2906  1.4326e-07  5.2516e-11     6895  587 6895     2     2      0 11385  2.1e-11        -
2908  1.4337e-07  5.2516e-11     6903  587 6903     2     2      0 11401    2e-11        -
2910  1.4346e-07  3.9936e-11     6913  588 6913     2     2      0 11420    3e-11        -
2914  1.4362e-07  3.9936e-11     6921  589 6921     2     2      0 11432  2.4e-11        -
2918  1.4378e-07  3.9936e-11     6929  589 6929     2     2      0 11444  2.7e-11        -
2923  1.4397e-07  3.0353e-11     6943  590 6943     2     2      0 11467  5.2e-12        -
2925  1.4406e-07  6.0707e-11     6947  592 6947     2     2      0 11473  1.7e-10        -
2929   1.443e-07  6.0707e-11     6955  592 6955     2     2      0 11485  1.9e-10        -
2933   1.445e-07  3.7526e-11 out 6963  593 6963     2     2      0 11497  9.4e-12        -
---        当前进度:  34 % - 正在组装残差
Memory: 1013/1055 1022/1070
2936  1.4473e-07  7.5053e-11     6969  594 6969     2     2      0 11506  1.5e-10        -
2939  1.4494e-07  6.2368e-11     6979  595 6979     2     2      0 11523  4.6e-11        -
2943  1.4519e-07  6.2368e-11     6987  596 6987     2     2      0 11535  1.2e-11        -
2948  1.4547e-07  3.1713e-11     6997  597 6997     2     2      0 11550  1.1e-12        -
2952  1.4569e-07  6.3425e-11     7005  598 7005     2     2      0 11562  5.2e-11        -
2957    1.46e-07  5.9724e-11 out 7017  598 7017     2     2      0 11583  7.2e-11        -
2960  1.4618e-07  5.9724e-11     7026  598 7026     2     2      0 11601    8e-11        -
2964  1.4642e-07  5.9724e-11     7038  598 7038     2     2      0 11625  9.3e-11        -
2967  1.4654e-07  4.0967e-11     7044  599 7044     2     2      0 11634  2.1e-11        -
2971   1.467e-07  4.0967e-11     7052  599 7052     2     2      0 11646  2.4e-11        -
2974  1.4683e-07  4.0967e-11     7058  599 7058     2     2      0 11655  2.7e-11        -
2978  1.4698e-07  2.4683e-11     7066  600 7066     2     2      0 11667  2.2e-12        -
2982  1.4715e-07  4.9367e-11     7074  601 7074     2     2      0 11679    1e-10        -
2987  1.4739e-07  4.9367e-11     7084  601 7084     2     2      0 11694  9.3e-11        -
2991  1.4756e-07  5.5699e-11     7092  603 7092     2     2      0 11706  1.8e-10        -
2996  1.4783e-07  5.5699e-11     7102  603 7102     2     2      0 11721  3.3e-10        -
3001  1.4811e-07  5.5052e-11     7112  603 7112     2     2      0 11740  1.9e-10        -
3006  1.4839e-07  5.5052e-11     7122  603 7122     2     2      0 11760    2e-10        -
3010  1.4853e-07  2.9791e-11     7130  604 7130     2     2      0 11773  1.6e-11        -
3014  1.4877e-07  5.9583e-11     7138  605 7138     2     2      0 11785  4.8e-10        -
3018    1.49e-07  5.6356e-11 out 7148  605 7148     2     2      0 11803  1.6e-10        -
3022  1.4923e-07  5.6356e-11     7160  605 7160     2     2      0 11827  1.6e-10        -
3026  1.4945e-07  5.2752e-11     7175  606 7175     2     2      0 11856  2.1e-10        -
3030  1.4966e-07  5.2752e-11     7183  607 7183     2     2      0 11868  1.9e-10        -
3035  1.4992e-07  5.2752e-11     7193  607 7193     2     2      0 11883  2.7e-10        -
3037     1.5e-07  3.8991e-11 out 7201  609 7201     2     2      0 11897  5.8e-11        -
3042  1.5019e-07  3.8991e-11     7211  609 7211     2     2      0 11912  5.5e-11        -
3047  1.5039e-07  3.8991e-11     7221  609 7221     2     2      0 11927  4.6e-11        -
3050   1.505e-07   3.555e-11 out 7231  609 7231     2     2      0 11946  1.3e-11        -
3053  1.5067e-07   6.399e-11     7243  611 7243     2     2      0 11968  5.4e-10        -
3056  1.5086e-07   6.399e-11     7249  612 7249     2     2      0 11977  3.2e-10        -
3060  1.5107e-07  7.3399e-11     7257  614 7257     2     2      0 11989  6.1e-10        -
3062  1.5121e-07  6.6059e-11     7265  616 7265     2     2      0 12003  3.2e-10        -
3066  1.5145e-07  4.8153e-11     7277  617 7277     2     2      0 12023  5.2e-11        -
3070  1.5164e-07  4.8153e-11     7285  618 7285     2     2      0 12035  4.4e-11        -
3075  1.5189e-07  4.8153e-11     7295  618 7295     2     2      0 12050  3.3e-11        -
3077  1.5197e-07  3.3313e-11     7303  619 7303     2     2      0 12064  4.7e-12        -
3080  1.5213e-07  6.6627e-11     7309  621 7309     2     2      0 12073  6.8e-11        -
3085  1.5245e-07  5.0119e-11     7323  622 7323     2     2      0 12096    2e-11        -
3089  1.5265e-07  5.0119e-11     7331  623 7331     2     2      0 12108  1.6e-11        -
3094   1.529e-07  5.0119e-11     7341  623 7341     2     2      0 12123  1.7e-11        -
3099  1.5315e-07  4.9523e-11     7351  623 7351     2     2      0 12143  3.8e-11        -
3105  1.5345e-07  4.9523e-11     7363  623 7363     2     2      0 12167  4.4e-11        -
---        当前进度:  35 % - 正在组装残差
3108  1.5355e-07  5.4296e-11     7369  625 7369     2     2      0 12176  5.3e-11        -
3113  1.5383e-07  5.4296e-11     7379  625 7379     2     2      0 12191  7.9e-11        -
3117    1.54e-07  3.2816e-11 out 7387  626 7387     2     2      0 12203  7.4e-12        -
3119  1.5412e-07  5.9068e-11     7395  628 7395     2     2      0 12217  1.5e-10        -
3124  1.5442e-07  5.9068e-11     7405  629 7405     2     2      0 12232    2e-10        -
3126   1.545e-07   3.998e-11 out 7413  631 7413     2     2      0 12246  3.7e-11        -
3132  1.5474e-07   3.998e-11     7425  631 7425     2     2      0 12264  3.8e-11        -
3138  1.5497e-07  3.0112e-11     7441  632 7441     2     2      0 12290  1.4e-11        -
3141  1.5512e-07  6.0224e-11     7447  634 7447     2     2      0 12299  4.7e-10        -
3147  1.5546e-07  3.9215e-11     7459  635 7459     2     2      0 12317  6.1e-11        -
3152  1.5566e-07  3.9215e-11     7469  635 7469     2     2      0 12332  6.6e-11        -
3158  1.5589e-07  3.9215e-11     7481  635 7481     2     2      0 12350  6.1e-11        -
3161    1.56e-07   3.432e-11 out 7491  637 7491     2     2      0 12367  3.2e-11        -
3166  1.5617e-07   3.432e-11     7501  637 7501     2     2      0 12382  3.2e-11        -
3172  1.5638e-07   3.432e-11     7513  637 7513     2     2      0 12400    3e-11        -
3176  1.5655e-07  5.3845e-11     7521  638 7521     2     2      0 12412  2.7e-10        -
3181  1.5682e-07  5.3845e-11     7531  638 7531     2     2      0 12427  2.4e-10        -
3185    1.57e-07  3.4621e-11 out 7539  639 7539     2     2      0 12439  2.3e-11        -
3188  1.5717e-07  6.9243e-11     7545  640 7545     2     2      0 12448  9.1e-10        -
3192  1.5744e-07  5.9583e-11     7557  641 7557     2     2      0 12468  4.7e-10        -
3196  1.5768e-07  5.9583e-11     7565  642 7565     2     2      0 12480  4.5e-10        -
3201  1.5796e-07  4.1459e-11     7579  643 7579     2     2      0 12503  6.2e-11        -
3205  1.5812e-07  4.1459e-11     7587  644 7587     2     2      0 12515  6.1e-11        -
3210  1.5833e-07  4.1459e-11     7597  644 7597     2     2      0 12530  3.8e-11        -
3214  1.5848e-07  2.1975e-11     7605  645 7605     2     2      0 12542  1.4e-12        -
3218  1.5863e-07   4.395e-11     7613  646 7613     2     2      0 12554  3.9e-11        -
3222  1.5881e-07   4.395e-11     7621  646 7621     2     2      0 12566  3.4e-11        -
3226  1.5897e-07  3.0251e-11     7633  647 7633     2     2      0 12586  4.5e-12        -
3229  1.5912e-07  6.0502e-11     7639  649 7639     2     2      0 12595  1.8e-10        -
3234  1.5942e-07  6.0502e-11     7649  649 7649     2     2      0 12610  6.1e-11        -
3238  1.5961e-07  7.6488e-11     7657  651 7657     2     2      0 12622  2.3e-10        -
3243  1.5996e-07  3.9659e-11     7667  652 7667     2     2      0 12637    5e-12        -
3247  1.6019e-07  7.1386e-11     7679  654 7679     2     2      0 12657  1.1e-10        -
3251  1.6045e-07   4.774e-11     7691  656 7691     2     2      0 12677  1.6e-11        -
3255  1.6064e-07   4.774e-11     7699  657 7699     2     2      0 12689  2.1e-11        -
3261  1.6093e-07   4.774e-11     7711  657 7711     2     2      0 12707  2.8e-11        -
3263    1.61e-07  3.5172e-11 out 7719  659 7719     2     2      0 12721  1.5e-11        -
3268  1.6118e-07  3.5172e-11     7729  659 7729     2     2      0 12736  1.7e-11        -
3274  1.6139e-07  3.5172e-11     7741  659 7741     2     2      0 12754  1.8e-11        -
3277  1.6148e-07  2.1384e-11     7747  660 7747     2     2      0 12763  1.5e-12        -
3281  1.6163e-07  4.2768e-11     7755  661 7755     2     2      0 12775    5e-11        -
3287  1.6188e-07  4.2768e-11     7767  661 7767     2     2      0 12793  4.6e-11        -
3289  1.6196e-07   3.616e-11     7775  662 7775     2     2      0 12807  2.3e-11        -
3293  1.6211e-07   3.616e-11     7783  663 7783     2     2      0 12819    3e-11        -
---        当前进度:  37 % - 正在组装残差
3297  1.6233e-07   7.232e-11     7791  664 7791     2     2      0 12831  1.1e-09        -
3299  1.6245e-07  5.1121e-11     7799  665 7799     2     2      0 12845    2e-10        -
3303  1.6265e-07  5.1121e-11     7807  666 7807     2     2      0 12857  2.2e-10        -
3306  1.6281e-07  5.1121e-11     7813  666 7813     2     2      0 12866  2.2e-10        -
3309  1.6295e-07  4.5515e-11     7823  667 7823     2     2      0 12883  1.4e-10        -
3314  1.6318e-07  4.5515e-11     7833  668 7833     2     2      0 12898  1.2e-10        -
3320  1.6345e-07  4.5183e-11     7845  668 7845     2     2      0 12917  6.3e-11        -
3326  1.6373e-07  4.5183e-11     7857  668 7857     2     2      0 12941  6.3e-11        -
3332  1.6398e-07  2.4087e-11     7869  669 7869     2     2      0 12964  4.7e-12        -
3336  1.6414e-07  4.8174e-11     7877  670 7877     2     2      0 12976  1.4e-10        -
3341  1.6439e-07  4.8174e-11     7887  670 7887     2     2      0 12991  1.2e-10        -
3343  1.6447e-07  3.3218e-11     7895  671 7895     2     2      0 13005  1.8e-11        -
3346  1.6463e-07  6.6436e-11     7901  673 7901     2     2      0 13014  8.5e-10        -
3351  1.6495e-07  5.0691e-11     7915  674 7915     2     2      0 13037  2.1e-10        -
3355  1.6515e-07  5.0691e-11     7923  675 7923     2     2      0 13049  1.7e-10        -
3359  1.6535e-07  5.0691e-11     7931  675 7931     2     2      0 13061  1.7e-10        -
3363  1.6555e-07  4.7238e-11     7942  675 7942     2     2      0 13082  9.3e-11        -
3367  1.6574e-07  4.7238e-11     7954  675 7954     2     2      0 13106  8.3e-11        -
3371  1.6593e-07  4.7238e-11     7966  675 7966     2     2      0 13130  7.4e-11        -
3373    1.66e-07  3.7429e-11 out 7974  677 7974     2     2      0 13144  2.1e-11        -
3375  1.6614e-07  6.7372e-11     7982  679 7982     2     2      0 13158  3.5e-10        -
3380  1.6646e-07   4.414e-11     7992  681 7992     2     2      0 13173  3.9e-11        -
3385  1.6675e-07  7.4271e-11     8006  683 8006     2     2      0 13196  2.9e-10        -
3387  1.6689e-07  6.6844e-11     8014  685 8014     2     2      0 13210  1.2e-10        -
3392  1.6716e-07  5.4026e-11     8024  686 8024     2     2      0 13225  2.1e-11        -
3398  1.6747e-07  3.3895e-11     8036  687 8036     2     2      0 13243  2.4e-12        -
3403  1.6777e-07  6.7789e-11     8046  688 8046     2     2      0 13258  1.6e-10        -
3406  1.6795e-07  5.0022e-11     8056  690 8056     2     2      0 13275  2.2e-11        -
3412  1.6825e-07  5.0022e-11     8068  690 8068     2     2      0 13293  4.1e-11        -
3418  1.6855e-07  4.9914e-11     8080  690 8080     2     2      0 13314  8.8e-12        -
3424  1.6885e-07  4.9914e-11     8092  690 8092     2     2      0 13338  1.1e-11        -
3429  1.6905e-07  5.0777e-11     8102  692 8102     2     2      0 13355  1.2e-10        -
3433  1.6925e-07  5.0777e-11     8110  692 8110     2     2      0 13367  1.1e-10        -
3438   1.695e-07   4.689e-11 out 8124  692 8124     2     2      0 13392  2.5e-11        -
3441  1.6964e-07   4.689e-11     8136  692 8136     2     2      0 13416  2.7e-11        -
3444  1.6978e-07   4.689e-11     8148  692 8148     2     2      0 13440  2.8e-11        -
3447  1.6992e-07   4.689e-11     8160  692 8160     2     2      0 13464    3e-11        -
3449     1.7e-07  3.8994e-11 out 8168  694 8168     2     2      0 13478  5.6e-11        -
3455  1.7023e-07  3.8994e-11     8180  694 8180     2     2      0 13496  5.9e-11        -
3458  1.7039e-07  5.5214e-11     8192  697 8192     2     3      0 13516  3.6e-10        -
3462  1.7053e-07  2.7633e-11     8200  699 8200     2     3      0 13528  1.2e-11        -
3467   1.708e-07  5.5266e-11     8210  700 8210     2     3      0 13543  3.4e-10        -
3470  1.7096e-07  4.2752e-11     8220  701 8220     2     3      0 13560  9.6e-11        -
3473   1.711e-07  5.9292e-11     8228  704 8228     2     4      0 13572  4.8e-10        -
3475  1.7121e-07  5.3363e-11     8236  706 8236     2     4      0 13586  2.8e-10        -
---        当前进度:  39 % - 
3478  1.7137e-07  5.3363e-11     8242  706 8242     2     4      0 13595  2.6e-10        -
3480  1.7146e-07  3.8888e-11     8250  707 8250     2     4      0 13609  4.9e-11        -
3483  1.7162e-07  7.7776e-11     8256  709 8256     2     4      0 13618  1.5e-09        -
3485  1.7174e-07  6.2893e-11     8264  711 8264     2     4      0 13632  4.7e-10        -
3490    1.72e-07  3.4436e-11 out 8274  712 8274     2     4      0 13647  3.1e-11        -
3492  1.7213e-07  6.1984e-11     8282  714 8282     2     4      0 13661  5.8e-10        -
3497  1.7244e-07  6.0603e-11     8293  715 8293     2     4      0 13679  2.5e-11        -
3503   1.728e-07  6.0603e-11     8305  715 8305     2     4      0 13703  4.7e-10        -
3508  1.7304e-07  3.7888e-11     8315  716 8315     2     4      0 13720  3.7e-11        -
3513   1.733e-07  6.8199e-11     8329  718 8329     2     4      0 13743  4.6e-10        -
3518  1.7364e-07  6.8137e-11     8339  719 8339     2     4      0 13762  5.1e-13        -
3523  1.7395e-07  4.5589e-11     8353  720 8353     2     4      0 13789  3.3e-11        -
3527  1.7421e-07  7.3972e-11     8365  723 8365     2     4      0 13809  2.4e-10        -
3529  1.7435e-07  6.6574e-11     8373  725 8373     2     4      0 13823    9e-11        -
3531  1.7446e-07   4.107e-11     8377  727 8377     2     4      0 13829  7.9e-12        -
3535   1.747e-07  7.2749e-11     8389  729 8389     2     4      0 13849  9.9e-11        -
3537  1.7483e-07  6.5474e-11     8397  731 8397     2     4      0 13863  6.8e-11        -
3539  1.7495e-07  5.0171e-11     8405  733 8405     2     4      0 13877  3.2e-11        -
3544   1.752e-07  5.0171e-11     8415  734 8415     2     4      0 13892  1.7e-11        -
3550   1.755e-07  4.9317e-11 out 8427  734 8427     2     4      0 13912    7e-11        -
3556   1.758e-07  4.9317e-11     8439  734 8439     2     4      0 13936  8.6e-11        -
3561    1.76e-07  2.8074e-11 out 8449  735 8449     2     4      0 13954  5.8e-12        -
3566  1.7628e-07  5.6147e-11     8459  736 8459     2     4      0 13969  1.9e-10        -
3571  1.7655e-07  5.3485e-11     8472  736 8472     2     4      0 13993  6.5e-11        -
3575  1.7677e-07  5.3485e-11     8484  736 8484     2     4      0 14017  7.3e-11        -
3579  1.7696e-07  3.6059e-11     8495  737 8495     2     4      0 14038  3.1e-11        -
3585  1.7718e-07  3.6059e-11     8507  737 8507     2     4      0 14056  3.4e-11        -
3590  1.7736e-07  3.6059e-11     8517  737 8517     2     4      0 14071  3.7e-11        -
3595  1.7757e-07  6.7296e-11     8529  738 8529     2     4      0 14092  8.7e-10        -
3597  1.7769e-07  6.0566e-11     8537  740 8537     2     4      0 14106  5.5e-10        -
3599   1.778e-07   5.451e-11     8545  742 8545     2     4      0 14120  3.4e-10        -
3602  1.7795e-07  4.6766e-11     8555  743 8555     2     4      0 14137  1.7e-10        -
3607  1.7819e-07  4.6766e-11     8565  744 8565     2     4      0 14152  1.5e-10        -
3613  1.7846e-07  3.9553e-11     8581  745 8581     2     4      0 14178  6.4e-11        -
3615  1.7856e-07  5.8787e-11     8587  748 8587     2     5      0 14187  4.5e-10        -
3617  1.7866e-07  5.2908e-11     8595  750 8595     2     5      0 14201  2.6e-10        -
3623  1.7896e-07  3.5428e-11     8611  751 8611     2     5      0 14227  4.1e-11        -
3626  1.7913e-07  6.2695e-11     8621  754 8621     2     5      0 14244  6.6e-10        -
3631  1.7944e-07  5.7835e-11     8633  755 8633     2     5      0 14264    8e-11        -
3634  1.7962e-07  5.7835e-11     8645  755 8645     2     5      0 14288  7.5e-11        -
3637  1.7979e-07  5.7835e-11     8657  755 8657     2     5      0 14312  7.1e-11        -
3640  1.7995e-07  4.7578e-11     8671  756 8671     2     5      0 14339  1.4e-10        -
----       当前进度:  40 % - 
3643   1.801e-07  4.7578e-11     8677  757 8677     2     5      0 14348  1.2e-10        -
3648  1.8033e-07  4.7578e-11     8687  757 8687     2     5      0 14363  1.2e-10        -
3651  1.8046e-07  3.5897e-11     8697  758 8697     2     5      0 14380  2.8e-11        -
3654  1.8061e-07  7.1794e-11     8703  760 8703     2     5      0 14389  7.6e-10        -
3656  1.8074e-07  6.4615e-11     8711  762 8711     2     5      0 14403  3.3e-10        -
3661    1.81e-07  3.4617e-11 out 8721  763 8721     2     5      0 14418  1.1e-11        -
3665  1.8128e-07  6.9234e-11     8729  764 8729     2     5      0 14430  3.2e-10        -
3669   1.815e-07  4.2298e-11 out 8737  765 8737     2     5      0 14442  1.6e-11        -
3671  1.8166e-07  7.3793e-11     8745  767 8745     2     5      0 14456  2.4e-10        -
3673   1.818e-07  6.6414e-11     8753  769 8753     2     5      0 14470  8.5e-11        -
3676  1.8197e-07  3.4288e-11     8759  771 8759     2     5      0 14479  1.7e-12        -
3680  1.8221e-07  6.8576e-11     8767  772 8767     2     5      0 14491  5.6e-11        -
3684  1.8246e-07  4.4272e-11     8775  773 8775     2     5      0 14503  1.9e-11        -
3686  1.8257e-07  6.8795e-11     8781  775 8781     2     6      0 14512  1.8e-10        -
3688  1.8269e-07  6.1916e-11     8789  777 8789     2     6      0 14526  7.4e-11        -
3693    1.83e-07  6.0813e-11 out 8799  777 8799     2     6      0 14543  1.9e-10        -
3699  1.8336e-07  6.0813e-11     8811  777 8811     2     6      0 14567  2.4e-10        -
3703  1.8354e-07  3.7156e-11     8819  778 8819     2     6      0 14580  2.4e-11        -
3705  1.8367e-07  6.2068e-11     8827  780 8827     2     6      0 14594  3.1e-10        -
3707  1.8379e-07  5.5861e-11     8835  782 8835     2     6      0 14608  2.4e-10        -
3710  1.8395e-07  4.8407e-11     8845  784 8845     2     6      0 14625  1.2e-10        -
3714  1.8415e-07  4.8407e-11     8853  785 8853     2     6      0 14637  1.3e-10        -
3720  1.8444e-07  4.8407e-11     8865  785 8865     2     6      0 14655  1.4e-10        -
3724   1.846e-07  6.4337e-11     8873  787 8873     2     6      0 14667  6.2e-10        -
3728  1.8485e-07  6.4337e-11     8881  787 8881     2     6      0 14679  6.5e-10        -
3732  1.8504e-07  4.0904e-11     8889  788 8889     2     6      0 14691  7.6e-11        -
3737  1.8525e-07  4.0904e-11     8899  788 8899     2     6      0 14706  8.1e-11        -
3739  1.8535e-07  6.0763e-11     8905  790 8905     2     7      0 14715  6.5e-10        -
3741  1.8545e-07  4.9111e-11     8913  792 8913     2     7      0 14729  2.3e-10        -
3746   1.857e-07  4.9111e-11     8923  792 8923     2     7      0 14744  1.9e-10        -
3749  1.8584e-07  4.9111e-11     8929  792 8929     2     7      0 14753  1.9e-10        -
3752  1.8597e-07  2.9001e-11     8935  793 8935     2     7      0 14762  1.3e-11        -
3756  1.8615e-07  5.8003e-11     8943  794 8943     2     7      0 14774  3.8e-10        -
3762  1.8647e-07  3.2489e-11     8955  795 8955     2     7      0 14792  2.5e-11        -
3766  1.8666e-07  6.4978e-11     8963  796 8963     2     7      0 14804  7.4e-10        -
3771  1.8696e-07   3.882e-11     8973  797 8973     2     7      0 14819  5.5e-11        -
3776  1.8716e-07   3.882e-11     8983  797 8983     2     7      0 14834  5.3e-11        -
3781  1.8735e-07   3.882e-11     8993  797 8993     2     7      0 14849  4.9e-11        -
3785   1.875e-07  3.6489e-11 out 9003  797 9003     2     7      0 14867  2.9e-11        -
3789  1.8765e-07  3.6489e-11     9015  797 9015     2     7      0 14891  2.9e-11        -
3792  1.8776e-07  3.6489e-11     9024  797 9024     2     7      0 14909  2.7e-11        -
3795  1.8786e-07  3.6489e-11     9033  797 9033     2     7      0 14927  2.5e-11        -
3798    1.88e-07  6.2135e-11 out 9041  798 9041     2     7      0 14942  3.7e-10        -
3803  1.8831e-07  6.2135e-11     9051  798 9051     2     7      0 14957  3.2e-10        -
3806  1.8847e-07  3.2529e-11     9057  799 9057     2     7      0 14966  1.1e-11        -
3810   1.887e-07  6.5058e-11     9065  800 9065     2     7      0 14978    2e-10        -
----       当前进度:  42 % - 
3814  1.8895e-07  5.4825e-11     9077  801 9077     2     7      0 14998  4.9e-11        -
3818  1.8916e-07  5.4825e-11     9085  802 9085     2     7      0 15010  4.7e-11        -
3823  1.8944e-07  5.4825e-11     9095  802 9095     2     7      0 15025  3.2e-11        -
3826  1.8956e-07  6.1403e-11     9101  804 9101     2     7      0 15034  5.1e-11        -
3831  1.8987e-07  6.1403e-11     9111  804 9111     2     7      0 15049  9.9e-11        -
3835  1.9004e-07   3.509e-11     9119  805 9119     2     7      0 15061  3.8e-12        -
3837  1.9017e-07  6.3162e-11     9127  807 9127     2     7      0 15075  1.1e-10        -
3841  1.9042e-07  6.3162e-11     9135  808 9135     2     7      0 15087  2.4e-10        -
3844  1.9058e-07  7.8918e-11     9141  810 9141     2     7      0 15096  7.5e-10        -
3846  1.9071e-07  6.3705e-11     9149  812 9149     2     7      0 15110  2.9e-10        -
3848  1.9082e-07  5.7334e-11     9157  814 9157     2     7      0 15124  2.1e-10        -
3852    1.91e-07  3.2168e-11 out 9165  815 9165     2     7      0 15136  1.2e-11        -
3855  1.9115e-07  5.7902e-11     9175  817 9175     2     7      0 15153  2.9e-10        -
3859  1.9139e-07  5.7902e-11     9183  818 9183     2     7      0 15165    3e-10        -
3863  1.9161e-07  5.6993e-11     9191  818 9191     2     7      0 15181  2.9e-10        -
3868   1.919e-07  5.6993e-11     9201  818 9201     2     7      0 15201  3.3e-10        -
3870    1.92e-07  5.0526e-11 out 9209  820 9209     2     7      0 15215  1.8e-10        -
3875  1.9225e-07  5.0526e-11     9219  820 9219     2     7      0 15230    2e-10        -
3880   1.925e-07  4.7898e-11 out 9231  820 9231     2     7      0 15251  9.3e-11        -
3884  1.9269e-07  4.7898e-11     9243  820 9243     2     7      0 15275  9.7e-11        -
3888  1.9288e-07  4.7898e-11     9255  820 9255     2     7      0 15299    1e-10        -
3890  1.9297e-07  3.4461e-11     9264  821 9264     2     7      0 15316  3.2e-11        -
3893   1.931e-07  6.8922e-11     9270  823 9270     2     7      0 15325    1e-09        -
3895  1.9323e-07   6.105e-11     9278  825 9278     2     7      0 15339  5.5e-10        -
3897  1.9334e-07  5.4945e-11     9286  827 9286     2     7      0 15353  3.2e-10        -
3901  1.9355e-07   5.484e-11     9294  827 9294     2     7      0 15368  3.8e-11        -
3906  1.9383e-07   5.484e-11     9304  827 9304     2     7      0 15388  3.7e-11        -
3910    1.94e-07  3.0639e-11 out 9312  828 9312     2     7      0 15402  1.7e-11        -
3913  1.9418e-07  6.1278e-11     9318  829 9318     2     7      0 15411  5.4e-10        -
3918  1.9446e-07  3.5528e-11     9328  830 9328     2     7      0 15426  3.3e-11        -
3921  1.9464e-07  7.1056e-11     9334  831 9334     2     7      0 15435    1e-09        -
3923  1.9478e-07   6.395e-11     9342  832 9342     2     7      0 15449  7.9e-10        -
3926  1.9495e-07  4.7491e-11     9352  834 9352     2     7      0 15466  1.3e-10        -
3929  1.9509e-07  4.7491e-11     9358  835 9358     2     7      0 15475  1.3e-10        -
3933  1.9528e-07  4.7491e-11     9366  835 9366     2     7      0 15487  9.9e-11        -
3937  1.9546e-07   3.629e-11     9378  836 9378     2     7      0 15507  2.4e-11        -
3940  1.9561e-07   7.258e-11     9384  838 9384     2     7      0 15516  7.5e-10        -
3942  1.9574e-07  6.5322e-11     9392  840 9392     2     7      0 15530    4e-10        -
3947  1.9606e-07   6.492e-11     9402  840 9402     2     7      0 15548  8.1e-11        -
3951  1.9632e-07   6.492e-11     9410  840 9410     2     7      0 15564  6.7e-11        -
3953  1.9644e-07   5.524e-11     9418  841 9418     2     7      0 15579  7.3e-11        -
3955  1.9656e-07   5.524e-11     9422  842 9422     2     7      0 15585  6.7e-11        -
3959  1.9678e-07   5.524e-11     9430  842 9430     2     7      0 15597  3.7e-11        -
3963  1.9697e-07  2.9038e-11     9438  843 9438     2     7      0 15609  1.2e-12        -
3966  1.9712e-07  5.8077e-11     9444  844 9444     2     7      0 15618  2.5e-11        -
----       当前进度:  44 % - 正在组装残差
3970  1.9735e-07  5.8077e-11     9452  844 9452     2     7      0 15630  3.2e-11        -
3972  1.9745e-07  4.6732e-11     9460  845 9460     2     7      0 15644  2.1e-11        -
3975  1.9759e-07  4.6732e-11     9466  846 9466     2     7      0 15653  2.9e-11        -
3979  1.9778e-07  4.6732e-11     9474  846 9474     2     7      0 15665  4.1e-11        -
3980  1.9783e-07  4.6732e-11     9476  846 9476     2     7      0 15668  5.4e-11        -
3983  1.9796e-07  3.9708e-11     9486  847 9486     2     7      0 15685    2e-11        -
3985  1.9804e-07  3.9708e-11     9490  848 9490     2     7      0 15691  2.6e-11        -
3989   1.982e-07  3.9708e-11     9498  848 9498     2     7      0 15703  2.9e-11        -
3993  1.9836e-07  3.9708e-11     9506  848 9506     2     7      0 15715  4.3e-11        -
3996  1.9847e-07  3.1606e-11     9516  849 9516     2     7      0 15732  1.4e-11        -
3998  1.9856e-07  6.3212e-11     9520  851 9520     2     7      0 15738  4.4e-10        -
4002  1.9882e-07  6.3212e-11     9528  851 9528     2     7      0 15750  4.7e-10        -
4005    1.99e-07  6.0364e-11 out 9536  851 9536     2     7      0 15765  1.2e-10        -
4008  1.9918e-07  6.0364e-11     9545  851 9545     2     7      0 15783  1.3e-10        -
4010   1.993e-07  6.0364e-11     9551  851 9551     2     7      0 15795  1.4e-10        -
4012  1.9942e-07  6.0364e-11     9557  851 9557     2     7      0 15807  1.5e-10        -
4014   1.995e-07  3.8725e-11 out 9561  852 9561     2     7      0 15813  5.4e-11        -
4017  1.9962e-07  3.8725e-11     9567  852 9567     2     7      0 15822  5.4e-11        -
4019  1.9973e-07  7.7451e-11     9571  853 9571     2     7      0 15828  1.7e-09        -
4020   1.998e-07  6.6967e-11     9577  854 9577     2     7      0 15839  8.6e-10        -
4021  1.9987e-07  6.6967e-11     9579  855 9579     2     7      0 15842    9e-10        -
4022  1.9993e-07   6.027e-11     9585  856 9585     2     7      0 15853  5.5e-10        -
4024       2e-07  3.6722e-11 out 9589  857 9589     2     7      0 15859  4.8e-11        -
4026  2.0014e-07  6.2133e-11     9597  859 9597     2     7      0 15873  6.8e-10        -
4028  2.0025e-07   5.592e-11     9605  861 9605     2     7      0 15887  4.5e-10        -
4030  2.0037e-07   5.592e-11     9609  862 9609     2     7      0 15893  3.6e-10        -
4032  2.0046e-07  3.9306e-11     9617  863 9617     2     7      0 15907  6.1e-11        -
4035  2.0058e-07  3.9306e-11     9623  864 9623     2     7      0 15916  6.1e-11        -
4038   2.007e-07  3.9306e-11     9629  864 9629     2     7      0 15925  8.2e-11        -
4040  2.0078e-07  3.9306e-11     9633  864 9633     2     7      0 15931  8.2e-11        -
4041  2.0084e-07  6.2381e-11     9637  866 9637     2     8      0 15937    8e-10        -
4042  2.0089e-07  5.6143e-11     9643  867 9643     2     8      0 15948  4.8e-10        -
4044    2.01e-07  5.3165e-11 out 9647  868 9647     2     8      0 15954  3.6e-10        -
4048  2.0121e-07  5.3165e-11     9655  868 9655     2     8      0 15966    4e-10        -
4051  2.0137e-07  5.3165e-11     9661  868 9661     2     8      0 15975  3.2e-10        -
4053  2.0146e-07  3.7339e-11     9669  869 9669     2     8      0 15989  5.1e-11        -
4055  2.0157e-07  7.4677e-11     9673  871 9673     2     8      0 15995  1.5e-09        -
4056  2.0164e-07   6.721e-11     9679  872 9679     2     8      0 16006  8.4e-10        -
4058  2.0178e-07   6.721e-11     9683  873 9683     2     8      0 16012  8.2e-10        -
4060  2.0191e-07   6.721e-11     9687  873 9687     2     8      0 16018  7.9e-10        -
4062    2.02e-07  4.4637e-11 out 9691  874 9691     2     8      0 16024  1.4e-10        -
4065  2.0213e-07  4.4637e-11     9697  874 9697     2     8      0 16033  1.3e-10        -
4068  2.0227e-07  4.4637e-11     9703  874 9703     2     8      0 16042  1.2e-10        -
4071   2.024e-07  4.4637e-11     9709  874 9709     2     8      0 16051  1.3e-10        -
4073  2.0247e-07  2.6815e-11     9713  875 9713     2     8      0 16057    1e-11        -
4076  2.0261e-07  5.3631e-11     9719  876 9719     2     8      0 16066  2.5e-10        -
4079  2.0277e-07  5.3631e-11     9725  876 9725     2     8      0 16075  1.7e-10        -
4083  2.0296e-07  3.5476e-11     9733  877 9733     2     8      0 16087  2.1e-11        -
4086  2.0311e-07  7.0953e-11     9739  878 9739     2     8      0 16096  6.1e-10        -
4089  2.0332e-07  7.0953e-11     9745  878 9745     2     8      0 16105  3.9e-10        -
4091  2.0345e-07  5.4879e-11     9753  879 9753     2     8      0 16119    1e-10        -
4093  2.0355e-07  5.4879e-11     9757  880 9757     2     8      0 16125  6.9e-11        -
4096  2.0372e-07  5.4879e-11     9763  880 9763     2     8      0 16134  4.8e-11        -
4100  2.0394e-07  5.4879e-11     9771  880 9771     2     8      0 16146    7e-11        -
4102    2.04e-07  3.0482e-11 out 9775  881 9775     2     8      0 16152  3.9e-12        -
4104  2.0412e-07  6.0965e-11     9779  882 9779     2     8      0 16158  9.5e-11        -
4107   2.043e-07  6.0965e-11     9785  882 9785     2     8      0 16167  2.1e-11        -
4110  2.0446e-07  3.6623e-11     9791  883 9791     2     8      0 16176  4.2e-12        -
4112  2.0457e-07  7.3246e-11     9795  884 9795     2     8      0 16182  1.6e-10        -
4113  2.0464e-07  6.5921e-11     9801  885 9801     2     8      0 16193  1.6e-10        -
4116  2.0484e-07  6.5921e-11     9807  886 9807     2     8      0 16202  1.1e-10        -
4118  2.0495e-07  4.8574e-11     9815  887 9815     2     8      0 16216  3.2e-11        -
4120  2.0505e-07  4.8574e-11     9819  888 9819     2     8      0 16222  5.7e-11        -
4124  2.0524e-07  4.8574e-11     9827  888 9827     2     8      0 16234    7e-11        -
4128  2.0544e-07  4.8574e-11     9835  888 9835     2     8      0 16246  6.2e-11        -
4130   2.055e-07  3.1416e-11 out 9839  889 9839     2     8      0 16252  7.7e-12        -
4133  2.0566e-07  6.2832e-11     9845  890 9845     2     8      0 16261    4e-10        -
4137  2.0591e-07  6.2832e-11     9853  890 9853     2     8      0 16273  4.5e-10        -
4138  2.0595e-07  4.5796e-11     9859  891 9859     2     8      0 16284  9.3e-11        -
4140  2.0605e-07  4.5796e-11     9863  892 9863     2     8      0 16290  9.4e-11        -
4143  2.0618e-07  4.5796e-11     9869  892 9869     2     8      0 16299  9.7e-11        -
4146  2.0632e-07  4.5796e-11     9875  892 9875     2     8      0 16308  9.4e-11        -
4149  2.0646e-07  4.3917e-11     9882  892 9882     2     8      0 16320  3.1e-11        -
4151  2.0654e-07  4.3917e-11     9888  892 9888     2     8      0 16332  3.2e-11        -
4153  2.0663e-07  4.3917e-11     9894  892 9894     2     8      0 16344  3.4e-11        -
4156  2.0676e-07  4.3917e-11     9903  892 9903     2     8      0 16362  3.6e-11        -
4158  2.0685e-07  4.3917e-11     9909  892 9909     2     8      0 16374  3.7e-11        -
4161  2.0697e-07  3.0413e-11     9917  893 9917     2     8      0 16389  1.6e-11        -
4164  2.0712e-07  6.0826e-11     9923  894 9923     2     8      0 16398  5.2e-10        -
4168  2.0736e-07  6.0826e-11     9931  894 9931     2     8      0 16410  5.9e-10        -
4171   2.075e-07  3.7108e-11 out 9937  895 9937     2     8      0 16419  5.2e-11        -
4174  2.0767e-07  6.1377e-11     9947  897 9947     2     8      0 16436  7.2e-10        -
----       当前进度:  45 % - 正在组装残差
4176  2.0779e-07  5.5239e-11     9955  899 9955     2     8      0 16450  4.4e-10        -
4179  2.0795e-07  5.0102e-11     9965  901 9965     2     8      0 16467    2e-10        -
4181  2.0805e-07  5.0102e-11     9969  902 9969     2     8      0 16473  2.7e-10        -
4185  2.0825e-07  5.0102e-11     9977  902 9977     2     8      0 16485  2.7e-10        -
4189  2.0845e-07  4.9591e-11     9985  902 9985     2     8      0 16498  1.7e-10        -
4193  2.0865e-07  4.9591e-11     9993  902 9993     2     8      0 16514  1.6e-10        -
4197  2.0885e-07  4.9591e-11     10001  902 10001     2     8      0 16530  1.5e-10        -
4200  2.0897e-07  2.6839e-11     10007  903 10007     2     8      0 16541  8.9e-12        -
4203  2.0911e-07  5.3677e-11     10013  904 10013     2     8      0 16550  2.7e-10        -
4207  2.0932e-07  5.3677e-11     10021  904 10021     2     8      0 16562  3.5e-10        -
4210  2.0946e-07  3.5291e-11     10027  905 10027     2     8      0 16571  4.1e-11        -
4213  2.0964e-07  7.0582e-11     10033  906 10033     2     8      0 16580  1.2e-09        -
4216  2.0985e-07  7.0582e-11     10039  906 10039     2     8      0 16589  1.3e-09        -
4219     2.1e-07  3.8253e-11 out 10045  907 10045     2     8      0 16598  4.5e-11        -
4222  2.1011e-07  3.8253e-11     10051  907 10051     2     8      0 16607  4.2e-11        -
4226  2.1031e-07  7.6505e-11     10059  908 10059     2     8      0 16619  1.2e-09        -
4227  2.1037e-07  6.8855e-11     10065  909 10065     2     8      0 16630  6.7e-10        -
4230  2.1056e-07  6.2562e-11     10071  910 10071     2     8      0 16639    3e-10        -
4234  2.1081e-07  6.2562e-11     10079  910 10079     2     8      0 16651    2e-10        -
4238  2.1106e-07  6.2315e-11     10087  910 10087     2     8      0 16666  3.9e-11        -
4242  2.1131e-07  6.2315e-11     10095  910 10095     2     8      0 16682  3.4e-11        -
4245  2.1147e-07  3.1896e-11     10101  911 10101     2     8      0 16693  1.7e-12        -
4248  2.1163e-07  6.3792e-11     10107  912 10107     2     8      0 16702  3.5e-11        -
4252  2.1188e-07  6.3792e-11     10115  912 10115     2     8      0 16714  1.3e-10        -
4254    2.12e-07  5.8624e-11 out 10123  912 10123     2     8      0 16730  3.5e-11        -
4256  2.1212e-07  5.8624e-11     10131  912 10131     2     8      0 16746  3.7e-11        -
4258  2.1223e-07  5.8624e-11     10139  912 10139     2     8      0 16762  3.9e-11        -
4260  2.1235e-07  5.8624e-11     10147  912 10147     2     8      0 16778  4.2e-11        -
4262  2.1246e-07  4.4817e-11     10157  913 10157     2     8      0 16797  3.7e-11        -
4264  2.1254e-07  4.4817e-11     10161  914 10161     2     8      0 16803  4.4e-11        -
4267  2.1268e-07  4.4817e-11     10167  914 10167     2     8      0 16812  3.3e-11        -
4271  2.1286e-07  4.4817e-11     10175  914 10175     2     8      0 16824  3.2e-11        -
4274  2.1297e-07  2.5917e-11     10181  915 10181     2     8      0 16833  4.5e-12        -
4277   2.131e-07  5.1835e-11     10187  916 10187     2     8      0 16842    2e-10        -
4281  2.1331e-07  5.1835e-11     10195  916 10195     2     8      0 16854  2.4e-10        -
4284  2.1346e-07  4.2661e-11     10205  917 10205     2     8      0 16871  6.7e-11        -
4287  2.1359e-07  4.2661e-11     10211  918 10211     2     8      0 16880  6.8e-11        -
4291  2.1376e-07  4.2661e-11     10219  918 10219     2     8      0 16892  6.7e-11        -
4295  2.1393e-07  4.2661e-11     10227  918 10227     2     8      0 16904  7.4e-11        -
4296  2.1396e-07  3.6696e-11     10233  919 10233     2     8      0 16915  3.5e-11        -
4299  2.1407e-07  3.6696e-11     10239  920 10239     2     8      0 16924  3.6e-11        -
4303  2.1426e-07  7.3392e-11     10247  921 10247     2     8      0 16936  1.3e-09        -
4304  2.1432e-07  6.6053e-11     10253  922 10253     2     8      0 16947  7.7e-10        -
----       当前进度:  47 % - 
4306  2.1444e-07  5.5511e-11     10261  924 10261     2     8      0 16961  3.2e-10        -
4309  2.1461e-07  5.5511e-11     10267  925 10267     2     8      0 16970  3.3e-10        -
4313  2.1483e-07  5.5511e-11     10275  925 10275     2     8      0 16982  3.9e-10        -
4316  2.1497e-07  2.7957e-11     10281  926 10281     2     8      0 16991  1.3e-11        -
4319  2.1508e-07  5.5915e-11     10287  927 10287     2     8      0 17000  4.5e-10        -
4323  2.1531e-07  5.5915e-11     10295  927 10295     2     8      0 17012  6.2e-10        -
4326  2.1546e-07   4.032e-11     10305  928 10305     2     8      0 17029  1.2e-10        -
4327   2.155e-07   4.032e-11 out 10307  929 10307     2     8      0 17032  1.2e-10        -
4331  2.1566e-07   4.032e-11     10315  929 10315     2     8      0 17044  1.1e-10        -
4335  2.1582e-07   4.032e-11     10323  929 10323     2     8      0 17056  1.1e-10        -
4339  2.1597e-07  2.8242e-11     10335  930 10335     2     8      0 17076  1.6e-11        -
4341  2.1606e-07  5.6484e-11     10339  932 10339     2     8      0 17082  5.1e-10        -
4345  2.1628e-07  5.6484e-11     10347  932 10347     2     8      0 17094  4.5e-10        -
4348  2.1645e-07  5.2306e-11     10355  932 10355     2     8      0 17108  5.7e-11        -
4350  2.1655e-07  5.2306e-11     10363  932 10363     2     8      0 17124  5.6e-11        -
4352  2.1666e-07  5.2306e-11     10371  932 10371     2     8      0 17140  5.4e-11        -
4354  2.1676e-07  5.2306e-11     10379  932 10379     2     8      0 17156  5.3e-11        -
4356  2.1687e-07  5.2306e-11     10387  932 10387     2     8      0 17172  5.1e-11        -
4358  2.1696e-07  4.0777e-11     10397  933 10397     2     8      0 17191  8.8e-11        -
4361  2.1708e-07  4.0777e-11     10403  934 10403     2     8      0 17200  8.7e-11        -
4365  2.1724e-07  4.0777e-11     10411  934 10411     2     8      0 17212  8.2e-11        -
4368  2.1737e-07  4.0777e-11     10417  934 10417     2     8      0 17221  6.2e-11        -
4370  2.1745e-07  4.0777e-11     10421  934 10421     2     8      0 17227    6e-11        -
4372   2.175e-07  2.5725e-11 out 10425  935 10425     2     8      0 17233  5.8e-12        -
4375  2.1765e-07   5.145e-11     10431  936 10431     2     8      0 17242  1.7e-10        -
4379  2.1786e-07   5.145e-11     10439  936 10439     2     8      0 17254  1.4e-10        -
4381  2.1796e-07  4.4198e-11     10447  937 10447     2     8      0 17268  6.2e-11        -
4384  2.1809e-07  4.4198e-11     10453  938 10453     2     8      0 17277  3.8e-11        -
4388  2.1831e-07  8.8397e-11     10461  939 10461     2     8      0 17289  1.1e-09        -
4389  2.1838e-07  7.5093e-11     10467  940 10467     2     8      0 17300  5.1e-10        -
4391   2.185e-07  5.7759e-11 out 10471  941 10471     2     8      0 17306  1.1e-10        -
4395  2.1873e-07  5.7759e-11     10479  941 10479     2     8      0 17318  6.8e-11        -
4398   2.189e-07  5.7759e-11     10485  941 10485     2     8      0 17327  2.5e-11        -
4399  2.1895e-07  4.7842e-11     10491  942 10491     2     8      0 17338  1.7e-11        -
4402   2.191e-07  4.7842e-11     10497  943 10497     2     8      0 17347  1.6e-11        -
4405  2.1924e-07  4.7842e-11     10503  943 10503     2     8      0 17356    3e-11        -
4408  2.1938e-07  4.7842e-11     10509  943 10509     2     8      0 17365  3.2e-11        -
4410  2.1947e-07  3.4711e-11     10517  944 10517     2     8      0 17379    7e-12        -
4412  2.1957e-07  6.9422e-11     10521  946 10521     2     8      0 17385    2e-10        -
4415  2.1977e-07   6.248e-11     10531  947 10531     2     8      0 17402  1.6e-10        -
4418  2.1995e-07  5.2148e-11     10541  949 10541     2     8      0 17419  9.5e-11        -
4421   2.201e-07  5.2148e-11     10547  950 10547     2     8      0 17428  5.3e-11        -
4425  2.2031e-07  5.2148e-11     10555  950 10555     2     8      0 17440  1.4e-10        -
4428  2.2046e-07  4.1408e-11     10565  951 10565     2     8      0 17457  6.6e-11        -
4431  2.2058e-07  4.1408e-11     10571  952 10571     2     8      0 17466  6.5e-11        -
4435  2.2075e-07  4.1408e-11     10579  952 10579     2     8      0 17478  7.8e-11        -
----       当前进度:  48 % - 正在组装残差
4439  2.2091e-07  4.1408e-11     10587  952 10587     2     8      0 17490  5.8e-11        -
4442    2.21e-07  2.2255e-11 out 10593  953 10593     2     8      0 17499  2.5e-12        -
4445  2.2113e-07  4.4511e-11     10599  954 10599     2     8      0 17508  8.2e-11        -
4448  2.2127e-07  4.4511e-11     10605  954 10605     2     8      0 17517  8.8e-11        -
4452  2.2145e-07  4.4511e-11     10613  954 10613     2     8      0 17529  9.4e-11        -
4455  2.2155e-07  5.4892e-11     10619  956 10619     2     8      0 17538  3.1e-10        -
4459  2.2177e-07  5.4892e-11     10627  956 10627     2     8      0 17550    3e-10        -
4463  2.2197e-07   3.043e-11     10635  957 10635     2     8      0 17562  1.6e-11        -
4466  2.2212e-07   6.086e-11     10641  958 10641     2     8      0 17571  5.5e-10        -
4470  2.2237e-07   6.086e-11     10649  958 10649     2     8      0 17583  7.6e-10        -
4472  2.2246e-07   3.699e-11     10653  959 10653     2     8      0 17589  6.5e-11        -
4475  2.2261e-07   7.398e-11     10659  960 10659     2     8      0 17598  2.8e-09        -
4476  2.2267e-07  6.1048e-11     10665  961 10665     2     8      0 17609  1.1e-09        -
4478  2.2279e-07  5.4944e-11     10673  963 10673     2     8      0 17623  5.6e-10        -
4481  2.2295e-07  5.1052e-11     10681  964 10681     2     8      0 17637  5.4e-11        -
4483  2.2305e-07  5.1052e-11     10689  964 10689     2     8      0 17653  5.4e-11        -
4485  2.2315e-07  5.1052e-11     10697  964 10697     2     8      0 17669  5.4e-11        -
4487  2.2326e-07  5.1052e-11     10705  964 10705     2     8      0 17685  5.3e-11        -
4489  2.2336e-07  5.1052e-11     10713  964 10713     2     8      0 17701  5.3e-11        -
4491  2.2345e-07  4.5794e-11     10723  965 10723     2     8      0 17720  1.8e-10        -
4492   2.235e-07  4.5794e-11 out 10725  966 10725     2     8      0 17723  1.7e-10        -
4496  2.2368e-07  4.5794e-11     10733  966 10733     2     8      0 17735  1.6e-10        -
4500  2.2387e-07  4.5794e-11     10741  966 10741     2     8      0 17747  1.7e-10        -
4502  2.2396e-07  4.3929e-11     10746  966 10746     2     8      0 17756  4.2e-11        -
4505  2.2409e-07  4.3929e-11     10755  966 10755     2     8      0 17774  4.1e-11        -
4508  2.2422e-07  4.3929e-11     10764  966 10764     2     8      0 17792  3.9e-11        -
4511  2.2435e-07  4.3929e-11     10773  966 10773     2     8      0 17810  3.6e-11        -
4514  2.2447e-07  3.0356e-11     10781  967 10781     2     8      0 17825    2e-11        -
4516  2.2456e-07  6.0711e-11     10785  968 10785     2     8      0 17831  5.9e-10        -
4520   2.248e-07  6.0711e-11     10793  968 10793     2     8      0 17843  4.4e-10        -
4523  2.2496e-07   3.751e-11     10799  969 10799     2     8      0 17852  3.5e-11        -
4526  2.2511e-07   7.502e-11     10805  970 10805     2     8      0 17861  1.1e-09        -
4527  2.2518e-07  6.7518e-11     10811  971 10811     2     8      0 17872  5.9e-10        -
4530  2.2538e-07  6.7518e-11     10817  972 10817     2     8      0 17881  4.7e-10        -
4531  2.2544e-07    5.87e-11     10823  973 10823     2     8      0 17892  2.1e-10        -
4534  2.2562e-07    5.87e-11     10829  974 10829     2     8      0 17901  1.6e-10        -
4537  2.2579e-07    5.87e-11     10835  974 10835     2     8      0 17910  1.4e-10        -
4540  2.2596e-07  4.4551e-11     10845  975 10845     2     8      0 17927  2.8e-11        -
4542  2.2609e-07  8.9101e-11     10849  977 10849     2     8      0 17933  1.2e-09        -
4543  2.2617e-07  7.6299e-11     10855  978 10855     2     8      0 17944    3e-10        -
4545  2.2631e-07  6.8669e-11     10863  980 10863     2     8      0 17958  8.4e-11        -
4547  2.2644e-07  6.0481e-11     10871  982 10871     2     8      0 17972  6.4e-11        -
4550  2.2662e-07  6.0481e-11     10877  983 10877     2     8      0 17981  4.7e-11        -
4554  2.2686e-07  6.0481e-11     10885  983 10885     2     8      0 17993  1.1e-10        -
----       当前进度:  49 % - 正在组装残差
4556  2.2696e-07  3.8315e-11     10889  984 10889     2     8      0 17999  1.1e-11        -
4559  2.2715e-07  6.8968e-11     10899  986 10899     2     8      0 18016  2.6e-10        -
4561  2.2728e-07  6.2071e-11     10907  988 10907     2     8      0 18030    2e-10        -
4564  2.2745e-07  4.9611e-11     10917  990 10917     2     8      0 18047  3.8e-11        -
4567   2.276e-07  4.9611e-11     10923  991 10923     2     8      0 18056  9.7e-11        -
4571   2.278e-07  4.9611e-11     10931  991 10931     2     8      0 18068  1.6e-10        -
4575  2.2797e-07  2.6751e-11     10939  992 10939     2     8      0 18080  7.3e-12        -
4578  2.2811e-07  5.3501e-11     10945  993 10945     2     8      0 18089  2.4e-10        -
4582  2.2832e-07  5.3501e-11     10953  993 10953     2     8      0 18101  2.7e-10        -
4585  2.2846e-07  3.5996e-11     10963  994 10963     2     8      0 18118  2.8e-11        -
4588  2.2861e-07  7.1991e-11     10969  996 10969     2     8      0 18127  9.3e-10        -
4589  2.2867e-07  6.4792e-11     10975  997 10975     2     8      0 18138  5.7e-10        -
4592  2.2887e-07  6.4792e-11     10981  998 10981     2     8      0 18147  6.2e-10        -
4595    2.29e-07  3.4026e-11 out 10987  999 10987     2     8      0 18156  2.8e-11        -
4598  2.2917e-07  6.8052e-11     10993 1000 10993     2     8      0 18165  8.8e-10        -
4600   2.293e-07  6.1247e-11     11001 1001 11001     2     8      0 18179  5.3e-10        -
4603  2.2946e-07  3.9039e-11     11007 1003 11007     2     8      0 18188  8.1e-11        -
4606  2.2964e-07  6.3319e-11     11017 1005 11017     2     8      0 18205  9.3e-10        -
4608  2.2976e-07  5.6987e-11     11025 1007 11025     2     8      0 18219  7.8e-10        -
4611  2.2993e-07  5.6987e-11     11031 1008 11031     2     8      0 18228  8.6e-10        -
4614  2.3003e-07  3.3669e-11     11037 1009 11037     2     8      0 18237  5.5e-11        -
4616  2.3016e-07  6.0604e-11     11045 1011 11045     2     8      0 18251  1.1e-09        -
4619  2.3034e-07  6.0604e-11     11051 1012 11051     2     8      0 18260  8.8e-10        -
4621  2.3045e-07  4.7988e-11     11059 1013 11059     2     8      0 18274  2.6e-10        -
4624   2.306e-07  4.7988e-11     11065 1014 11065     2     8      0 18283  2.5e-10        -
4629  2.3084e-07  4.7988e-11     11075 1014 11075     2     8      0 18298  2.2e-10        -
4632  2.3097e-07  3.4056e-11     11085 1015 11085     2     8      0 18315  3.6e-11        -
4635   2.311e-07  6.8112e-11     11091 1017 11091     2     8      0 18324  1.1e-09        -
4639  2.3137e-07  6.8112e-11     11099 1017 11099     2     8      0 18336  1.2e-09        -
4641   2.315e-07  6.2692e-11 out 11107 1017 11107     2     8      0 18352  1.6e-10        -
4643  2.3163e-07  6.2692e-11     11115 1017 11115     2     8      0 18368  1.5e-10        -
4645  2.3175e-07  6.2692e-11     11123 1017 11123     2     8      0 18384  1.5e-10        -
4647  2.3188e-07  6.2692e-11     11131 1017 11131     2     8      0 18400  1.4e-10        -
4649    2.32e-07  6.1925e-11 out 11139 1017 11139     2     8      0 18416    2e-10        -
4651  2.3212e-07  6.1925e-11     11147 1017 11147     2     8      0 18432    2e-10        -
4654  2.3231e-07  6.1925e-11     11159 1017 11159     2     8      0 18456  1.7e-10        -
4657  2.3247e-07  3.3261e-11     11169 1018 11169     2     8      0 18475  1.9e-11        -
4661  2.3267e-07  6.6522e-11     11177 1019 11177     2     8      0 18487  5.3e-10        -
4666  2.3297e-07  3.3803e-11     11187 1020 11187     2     8      0 18502    1e-11        -
-----      当前进度:  50 % - 正在组装残差
4669  2.3314e-07  6.7607e-11     11193 1021 11193     2     8      0 18511  3.1e-10        -
4673  2.3341e-07  6.7607e-11     11201 1021 11201     2     8      0 18523  3.2e-10        -
4674  2.3345e-07  4.7179e-11     11207 1022 11207     2     8      0 18534    5e-11        -
4676  2.3357e-07  7.4751e-11     11213 1025 11213     2     9      0 18543  4.1e-10        -
4677  2.3364e-07  6.7275e-11     11219 1026 11219     2     9      0 18554    2e-10        -
4680  2.3384e-07  6.7275e-11     11225 1027 11225     2     9      0 18563  1.2e-10        -
4683    2.34e-07  4.4436e-11 out 11231 1028 11231     2     9      0 18572  1.2e-11        -
4685  2.3416e-07  7.1469e-11     11239 1030 11239     2     9      0 18586  7.2e-11        -
4687   2.343e-07  6.4322e-11     11247 1032 11247     2     9      0 18600  7.3e-11        -
4690  2.3446e-07  3.7611e-11     11253 1034 11253     2     9      0 18609  1.1e-11        -
4693  2.3464e-07  6.6601e-11     11263 1036 11263     2     9      0 18626  2.8e-10        -
4695  2.3477e-07  5.9941e-11     11271 1038 11271     2     9      0 18640  1.9e-10        -
4698  2.3494e-07  5.5875e-11     11278 1039 11278     2     9      0 18652  1.9e-10        -
4700  2.3506e-07  5.5875e-11     11286 1039 11286     2     9      0 18668  3.1e-11        -
4703  2.3522e-07  5.5875e-11     11298 1039 11298     2     9      0 18692  3.4e-11        -
4706  2.3539e-07  5.5875e-11     11310 1039 11310     2     9      0 18716  3.8e-11        -
4708   2.355e-07  5.4436e-11 out 11318 1041 11318     2     9      0 18730  2.7e-10        -
4713  2.3577e-07  5.4436e-11     11328 1041 11328     2     9      0 18745    3e-10        -
4717  2.3597e-07  3.2255e-11     11336 1042 11336     2     9      0 18757  1.7e-11        -
4721   2.361e-07  3.2255e-11     11344 1042 11344     2     9      0 18769  1.8e-11        -
4725  2.3623e-07  3.2255e-11     11352 1042 11352     2     9      0 18781  1.9e-11        -
4730  2.3639e-07  3.2255e-11     11362 1042 11362     2     9      0 18796  2.1e-11        -
4734  2.3655e-07  4.8428e-11     11370 1043 11370     2     9      0 18808  2.3e-10        -
4739  2.3679e-07  4.8428e-11     11380 1043 11380     2     9      0 18823  2.3e-10        -
4741   2.369e-07  5.9717e-11     11386 1045 11386     2    10      0 18832  8.7e-10        -
4742  2.3695e-07  5.0642e-11     11392 1046 11392     2    10      0 18843  3.9e-10        -
4745  2.3711e-07  5.9753e-11     11400 1049 11400     2    11      0 18855  9.8e-10        -
4746  2.3716e-07  5.3778e-11     11406 1050 11406     2    11      0 18866    6e-10        -
4748  2.3728e-07  5.3719e-11     11416 1053 11416     2    12      0 18883  6.3e-10        -
4751  2.3744e-07  5.3719e-11     11422 1054 11422     2    12      0 18892  6.5e-10        -
4754  2.3753e-07   3.063e-11     11428 1055 11428     2    12      0 18901    4e-11        -
4756  2.3765e-07  5.5135e-11     11436 1057 11436     2    12      0 18915  7.4e-10        -
4760  2.3787e-07  5.5135e-11     11444 1058 11444     2    12      0 18927  5.2e-10        -
4762  2.3796e-07   3.865e-11     11452 1059 11452     2    12      0 18941  8.4e-11        -
4766  2.3812e-07   3.865e-11     11460 1060 11460     2    12      0 18953  7.8e-11        -
4769  2.3823e-07   3.865e-11     11466 1060 11466     2    12      0 18962  7.4e-11        -
4773  2.3839e-07   3.865e-11     11474 1060 11474     2    12      0 18974  6.7e-11        -
4778  2.3857e-07  3.7423e-11     11484 1060 11484     2    12      0 18993  2.3e-10        -
4782  2.3872e-07  3.7423e-11     11492 1060 11492     2    12      0 19009  2.2e-10        -
4786  2.3887e-07  3.7423e-11     11500 1060 11500     2    12      0 19025  2.1e-10        -
4789  2.3897e-07  2.5463e-11     11506 1061 11506     2    12      0 19036  8.3e-12        -
4792   2.391e-07  5.0926e-11     11512 1062 11512     2    12      0 19045  2.6e-10        -
4797  2.3936e-07  5.0926e-11     11522 1062 11522     2    12      0 19060  2.5e-10        -
-----      当前进度:  51 % - 正在组装残差
4800   2.395e-07  4.6297e-11 out 11532 1062 11532     2    12      0 19079  6.7e-11        -
4803  2.3964e-07  4.6297e-11     11544 1062 11544     2    12      0 19103  6.3e-11        -
4806  2.3978e-07  4.6297e-11     11556 1062 11556     2    12      0 19127  5.8e-11        -
4809  2.3992e-07  4.6297e-11     11568 1062 11568     2    12      0 19151  5.4e-11        -
4811     2.4e-07  4.1666e-11 out 11576 1064 11576     2    12      0 19165  4.9e-11        -
4813  2.4015e-07  6.9442e-11     11584 1066 11584     2    12      0 19179  5.3e-10        -
4815  2.4028e-07  6.2498e-11     11592 1068 11592     2    12      0 19193  2.6e-10        -
4818  2.4045e-07  4.5145e-11     11602 1070 11602     2    12      0 19210  3.6e-11        -
4821  2.4066e-07  7.2489e-11     11612 1073 11612     2    12      0 19227  3.5e-10        -
4823   2.408e-07   6.524e-11     11620 1075 11620     2    12      0 19241  2.6e-10        -
4826  2.4097e-07  3.4506e-11     11626 1077 11626     2    12      0 19250  8.6e-12        -
4829  2.4114e-07  6.9013e-11     11632 1078 11632     2    12      0 19259  1.1e-10        -
4833  2.4141e-07  6.9013e-11     11640 1078 11640     2    12      0 19271  1.2e-10        -
4836  2.4159e-07  8.5924e-11     11646 1080 11646     2    12      0 19280  4.1e-10        -
4837  2.4166e-07  6.9924e-11     11652 1081 11652     2    12      0 19291  1.7e-10        -
4839  2.4179e-07  6.2931e-11     11660 1083 11660     2    12      0 19305  1.1e-10        -
4842  2.4196e-07  4.2717e-11     11670 1085 11670     2    12      0 19322  4.6e-11        -
4845  2.4209e-07  4.2717e-11     11676 1086 11676     2    12      0 19331  5.6e-11        -
4850   2.423e-07  4.2717e-11     11686 1086 11686     2    12      0 19346  6.8e-11        -
4854  2.4246e-07  3.6413e-11     11698 1087 11698     2    12      0 19366  3.2e-11        -
4857  2.4264e-07  6.3451e-11     11708 1090 11708     2    12      0 19383  5.6e-10        -
4859  2.4276e-07  5.7106e-11     11716 1092 11716     2    12      0 19397  3.4e-10        -
4863  2.4296e-07  3.5924e-11     11724 1094 11724     2    12      0 19409  3.4e-11        -
4868  2.4314e-07  3.5924e-11     11734 1094 11734     2    12      0 19424  3.7e-11        -
4873  2.4332e-07  3.5924e-11     11744 1094 11744     2    12      0 19439  3.7e-11        -
4877  2.4347e-07  3.4454e-11     11753 1094 11753     2    12      0 19454  1.8e-11        -
4880  2.4357e-07  3.4454e-11     11762 1094 11762     2    12      0 19472  1.8e-11        -
4883  2.4367e-07  3.4454e-11     11771 1094 11771     2    12      0 19490  1.9e-11        -
4886  2.4378e-07  3.4454e-11     11780 1094 11780     2    12      0 19508    2e-11        -
4888  2.4391e-07  6.2018e-11     11788 1096 11788     2    12      0 19522  7.7e-10        -
4892  2.4409e-07  4.6719e-11     11796 1097 11796     2    12      0 19534  2.2e-10        -
4895  2.4425e-07  6.2496e-11     11804 1099 11804     2    13      0 19546  1.1e-09        -
4896  2.4431e-07  5.6246e-11     11810 1100 11810     2    13      0 19557  6.3e-10        -
4899  2.4446e-07  4.0945e-11     11820 1102 11820     2    13      0 19574  1.4e-10        -
4901  2.4456e-07  5.9565e-11     11826 1105 11826     2    14      0 19583    1e-09        -
4902  2.4461e-07  5.3609e-11     11832 1106 11832     2    14      0 19594    6e-10        -
-----      当前进度:  52 % - 组装稀疏模式
4904  2.4472e-07  5.3609e-11     11836 1107 11836     2    14      0 19600  6.3e-10        -
4908  2.4493e-07  5.3609e-11     11844 1107 11844     2    14      0 19612  6.4e-10        -
4911  2.4507e-07  6.5174e-11     11850 1109 11850     2    14      0 19621  1.7e-09        -
4912  2.4512e-07  5.8536e-11     11856 1110 11856     2    14      0 19632  9.7e-10        -
4914  2.4523e-07  5.2683e-11     11864 1112 11864     2    14      0 19646  5.5e-10        -
4917  2.4539e-07  5.2683e-11     11870 1113 11870     2    14      0 19655  4.3e-10        -
4920   2.455e-07   2.717e-11 out 11876 1114 11876     2    14      0 19664  1.3e-11        -
4923  2.4566e-07  5.4341e-11     11882 1115 11882     2    14      0 19673  5.2e-10        -
4927  2.4588e-07  5.4341e-11     11890 1115 11890     2    14      0 19685    4e-10        -
4930    2.46e-07  3.2637e-11 out 11896 1116 11896     2    14      0 19694    3e-11        -
4934  2.4613e-07  3.2637e-11     11904 1116 11904     2    14      0 19706  2.9e-11        -
4938  2.4629e-07  6.5274e-11     11912 1117 11912     2    14      0 19718  9.3e-10        -
4941  2.4646e-07  3.7859e-11     11918 1118 11918     2    14      0 19727    6e-11        -
4945  2.4661e-07  3.7859e-11     11926 1118 11926     2    14      0 19739  5.9e-11        -
4949  2.4677e-07  3.7859e-11     11934 1118 11934     2    14      0 19751  5.7e-11        -
4951  2.4691e-07  6.7119e-11     11942 1120 11942     2    14      0 19765  9.7e-10        -
4954  2.4705e-07  4.6075e-11     11948 1121 11948     2    14      0 19774  1.6e-10        -
4958  2.4723e-07  4.6075e-11     11956 1121 11956     2    14      0 19786  9.9e-11        -
4963  2.4746e-07  4.2663e-11     11967 1121 11967     2    14      0 19804  1.1e-10        -
4966  2.4763e-07  8.5327e-11     11975 1122 11975     2    14      0 19819  1.3e-09        -
4968  2.4777e-07  6.9637e-11     11983 1124 11983     2    14      0 19833  3.7e-10        -
4969  2.4783e-07  6.2673e-11     11989 1125 11989     2    14      0 19844  1.9e-10        -
4971  2.4795e-07  5.3694e-11     11997 1127 11997     2    14      0 19858  9.3e-11        -
4974  2.4811e-07  5.3694e-11     12003 1128 12003     2    14      0 19867  1.2e-10        -
4976  2.4823e-07  7.2042e-11     12009 1130 12009     2    15      0 19876  3.9e-10        -
4977   2.483e-07  6.4838e-11     12015 1131 12015     2    15      0 19887  1.9e-10        -
4980  2.4846e-07   3.618e-11     12021 1133 12021     2    15      0 19896  3.5e-12        -
4983  2.4864e-07  6.5125e-11     12031 1135 12031     2    15      0 19913  5.1e-11        -
4984  2.4871e-07  7.0906e-11     12035 1137 12035     2    16      0 19919  6.4e-11        -
4985  2.4877e-07  6.3816e-11     12041 1138 12041     2    16      0 19930  1.3e-10        -
4986  2.4884e-07  6.9045e-11     12045 1140 12045     2    17      0 19936  2.2e-10        -
4987   2.489e-07   6.214e-11     12051 1141 12051     2    17      0 19947  1.1e-10        -
4990  2.4907e-07   6.619e-11     12059 1144 12059     2    18      0 19959  2.3e-10        -
4991  2.4913e-07  5.9571e-11     12065 1145 12065     2    18      0 19970  1.6e-10        -
4994   2.493e-07  5.9571e-11     12071 1146 12071     2    18      0 19979  2.1e-10        -
4997  2.4946e-07   3.819e-11     12077 1147 12077     2    18      0 19988  3.1e-11        -
5000  2.4961e-07  7.6381e-11     12083 1148 12083     2    18      0 19997  1.3e-09        -
5001  2.4968e-07  6.0908e-11     12089 1149 12089     2    18      0 20008  4.3e-10        -
5003  2.4979e-07  5.4817e-11     12097 1151 12097     2    18      0 20022  2.8e-10        -
5006  2.4995e-07  4.9581e-11     12105 1152 12105     2    18      0 20036  9.5e-11        -
5008  2.5005e-07  4.9581e-11     12113 1152 12113     2    18      0 20052    1e-10        -
5010  2.5015e-07  4.9581e-11     12121 1152 12121     2    18      0 20068  1.1e-10        -
-----      当前进度:  53 % - 组装稀疏模式
5012  2.5025e-07  4.9581e-11     12131 1153 12131     2    18      0 20087  1.7e-10        -
5015   2.504e-07  4.9581e-11     12137 1154 12137     2    18      0 20096    2e-10        -
5018   2.505e-07  2.6886e-11 out 12143 1155 12143     2    18      0 20105  8.8e-12        -
5021  2.5063e-07  5.3773e-11     12149 1156 12149     2    18      0 20114  2.8e-10        -
5025  2.5085e-07  5.3773e-11     12157 1156 12157     2    18      0 20126  4.2e-10        -
5027  2.5095e-07  4.8352e-11     12165 1157 12165     2    18      0 20140  2.4e-10        -
5030   2.511e-07  4.8352e-11     12171 1158 12171     2    18      0 20149  2.3e-10        -
5034  2.5129e-07  4.8352e-11     12179 1158 12179     2    18      0 20161  2.4e-10        -
5038  2.5147e-07  3.2417e-11     12191 1159 12191     2    18      0 20181  3.6e-11        -
5041  2.5156e-07  3.2417e-11     12197 1160 12197     2    18      0 20190  3.8e-11        -
5045  2.5169e-07  3.2417e-11     12205 1160 12205     2    18      0 20202  4.1e-11        -
5049  2.5186e-07  6.4834e-11     12213 1161 12213     2    18      0 20214  1.4e-09        -
5050  2.5191e-07  5.4975e-11     12219 1162 12219     2    18      0 20225  6.5e-10        -
5052    2.52e-07   4.422e-11 out 12223 1163 12223     2    18      0 20231  2.3e-10        -
5055  2.5215e-07  5.7043e-11     12231 1165 12231     2    19      0 20243  8.6e-10        -
5056   2.522e-07  5.1339e-11     12237 1166 12237     2    19      0 20254  5.2e-10        -
5057  2.5226e-07  5.8278e-11     12241 1168 12241     2    20      0 20260  9.6e-10        -
5058  2.5231e-07   5.245e-11     12247 1169 12247     2    20      0 20271  5.7e-10        -
5059  2.5237e-07  5.8185e-11     12251 1171 12251     2    21      0 20277  9.4e-10        -
5060  2.5242e-07  5.2366e-11     12257 1172 12257     2    21      0 20288  5.6e-10        -
5061  2.5246e-07  4.0949e-11     12261 1174 12261     2    22      0 20294  1.6e-10        -
5063  2.5256e-07  5.7987e-11     12267 1176 12267     2    23      0 20303  8.8e-10        -
5064  2.5261e-07  5.2188e-11     12273 1177 12273     2    23      0 20314  5.2e-10        -
5065  2.5267e-07  6.0693e-11     12277 1179 12277     2    24      0 20320    1e-09        -
5066  2.5273e-07  5.4624e-11     12283 1180 12283     2    24      0 20331  6.2e-10        -
5069  2.5289e-07  5.4624e-11     12289 1181 12289     2    24      0 20340  5.8e-10        -
5072    2.53e-07  2.8006e-11 out 12295 1182 12295     2    24      0 20349  1.9e-11        -
5075  2.5317e-07  5.6012e-11     12301 1183 12301     2    24      0 20358  5.9e-10        -
5079  2.5339e-07  5.6012e-11     12309 1183 12309     2    24      0 20370  4.4e-10        -
5082  2.5355e-07  5.3958e-11     12318 1183 12318     2    24      0 20388    1e-10        -
5085  2.5372e-07  5.3958e-11     12327 1183 12327     2    24      0 20406  9.8e-11        -
5087  2.5382e-07  5.3958e-11     12333 1183 12333     2    24      0 20418  9.5e-11        -
5090  2.5397e-07  3.4169e-11     12341 1184 12341     2    24      0 20433  3.5e-11        -
5094   2.541e-07  3.4169e-11     12349 1184 12349     2    24      0 20445  5.5e-11        -
5098  2.5424e-07  3.4169e-11     12357 1184 12357     2    24      0 20457  5.7e-11        -
5102  2.5438e-07  3.4169e-11     12365 1184 12365     2    24      0 20469  5.7e-11        -
5104  2.5446e-07  4.4986e-11     12373 1185 12373     2    24      0 20483  1.3e-10        -
5107  2.5459e-07  4.4986e-11     12379 1186 12379     2    24      0 20492  1.5e-10        -
5111  2.5477e-07  4.4986e-11     12387 1186 12387     2    24      0 20504  1.2e-10        -
5116  2.5497e-07  2.5072e-11     12397 1187 12397     2    24      0 20519  5.8e-12        -
5119   2.551e-07  5.0145e-11     12403 1188 12403     2    24      0 20528  1.8e-08        -
5123   2.553e-07  5.0145e-11     12411 1188 12411     2    24      0 20540  5.5e-11        -
-----      当前进度:  54 % - 正在组装残差
5127   2.555e-07  4.9421e-11 out 12419 1188 12419     2    24      0 20554  1.2e-10        -
5130  2.5567e-07  7.1291e-11     12427 1190 12427     2    25      0 20568  2.8e-10        -
5132   2.558e-07  6.4162e-11     12435 1192 12435     2    25      0 20582  8.7e-11        -
5135  2.5597e-07  3.4345e-11     12442 1193 12442     2    25      0 20594  2.2e-12        -
5138   2.561e-07  6.8691e-11     12448 1194 12448     2    25      0 20603  1.8e-10        -
5139  2.5616e-07  6.1822e-11     12454 1195 12454     2    25      0 20614  1.1e-10        -
5141   2.563e-07  6.2024e-11     12464 1198 12464     2    26      0 20631  1.9e-10        -
5142  2.5636e-07  6.6537e-11     12468 1200 12468     2    27      0 20637  3.3e-10        -
5144   2.565e-07  7.7782e-11 out 12476 1202 12476     2    27      0 20651    3e-10        -
5146  2.5663e-07   6.348e-11     12484 1204 12484     2    27      0 20665  2.2e-10        -
5149   2.568e-07  5.7132e-11     12496 1204 12496     2    27      0 20689  1.6e-10        -
5152  2.5696e-07  4.3692e-11     12510 1205 12510     2    27      0 20716    1e-10        -
5155  2.5709e-07  4.3692e-11     12516 1206 12516     2    27      0 20725  1.1e-10        -
5159  2.5726e-07  4.3692e-11     12524 1206 12524     2    27      0 20737  1.1e-10        -
5163  2.5744e-07  4.3692e-11     12532 1206 12532     2    27      0 20749  1.2e-10        -
5165   2.575e-07  3.1542e-11 out 12540 1208 12540     2    27      0 20763    2e-11        -
5170  2.5766e-07  3.1542e-11     12550 1208 12550     2    27      0 20778  3.5e-11        -
5175  2.5782e-07  3.1542e-11     12560 1208 12560     2    27      0 20793  3.8e-11        -
5179  2.5794e-07  3.1542e-11     12568 1208 12568     2    27      0 20805  3.8e-11        -
5182  2.5803e-07  2.9204e-11     12577 1208 12577     2    27      0 20823  4.3e-11        -
5185  2.5812e-07  2.9204e-11     12586 1208 12586     2    27      0 20841  4.4e-11        -
5188   2.582e-07  2.9204e-11     12595 1208 12595     2    27      0 20859  4.6e-11        -
5191  2.5829e-07  2.9204e-11     12604 1208 12604     2    27      0 20877  4.8e-11        -
5194  2.5838e-07  2.9204e-11     12613 1208 12613     2    27      0 20895  4.9e-11        -
5197  2.5847e-07  2.9204e-11     12622 1208 12622     2    27      0 20913  5.1e-11        -
5200  2.5853e-07  3.2732e-11     12628 1210 12628     2    27      0 20922  3.9e-11        -
5204  2.5866e-07  3.2732e-11     12636 1210 12636     2    27      0 20934  4.4e-11        -
5209  2.5883e-07  3.2732e-11     12646 1210 12646     2    27      0 20949  3.7e-11        -
5214  2.5898e-07  2.0878e-11     12656 1211 12656     2    27      0 20964  4.2e-12        -
5218   2.591e-07  4.1757e-11     12664 1212 12664     2    27      0 20976  1.4e-10        -
5223  2.5931e-07  4.1757e-11     12674 1212 12674     2    27      0 20991  1.6e-10        -
5227  2.5947e-07  3.0778e-11     12686 1213 12686     2    27      0 21011  3.9e-11        -
5229  2.5956e-07  6.1555e-11     12690 1215 12690     2    27      0 21017  1.3e-09        -
5231  2.5967e-07  5.7479e-11     12700 1218 12700     2    28      0 21034  9.2e-10        -
5233  2.5978e-07  5.7735e-11     12710 1221 12710     2    29      0 21051  9.3e-10        -
5235  2.5989e-07  5.6526e-11     12720 1224 12720     2    30      0 21068  8.2e-10        -
5237  2.5997e-07  2.9691e-11     12728 1226 12728     2    30      0 21082  3.2e-11        -
5240  2.6011e-07  5.3443e-11     12738 1228 12738     2    30      0 21099  5.8e-10        -
5244  2.6033e-07  5.3443e-11     12746 1229 12746     2    30      0 21111  5.2e-10        -
5247  2.6047e-07  3.3257e-11     12752 1230 12752     2    30      0 21120  6.7e-11        -
5252  2.6063e-07  3.3257e-11     12762 1230 12762     2    30      0 21135  5.7e-11        -
-----      当前进度:  55 % - 
5257   2.608e-07  3.3257e-11     12772 1230 12772     2    30      0 21150  5.6e-11        -
5262  2.6097e-07  3.3257e-11     12782 1230 12782     2    30      0 21165  4.3e-11        -
5265  2.6103e-07  3.4396e-11     12788 1232 12788     2    30      0 21174  5.1e-11        -
5270  2.6121e-07  3.4396e-11     12798 1232 12798     2    30      0 21189  5.1e-11        -
5275  2.6138e-07  3.4396e-11     12808 1232 12808     2    30      0 21204  5.4e-11        -
5278  2.6147e-07  2.6426e-11     12818 1233 12818     2    30      0 21221  1.5e-11        -
5281  2.6161e-07  5.2851e-11     12824 1235 12824     2    30      0 21230    5e-10        -
5286  2.6187e-07  5.2851e-11     12834 1235 12834     2    30      0 21245  3.6e-10        -
5288  2.6196e-07  3.8596e-11     12842 1236 12842     2    30      0 21259    7e-11        -
5292  2.6212e-07  3.8596e-11     12850 1237 12850     2    30      0 21271  6.4e-11        -
5297  2.6231e-07  3.8596e-11     12860 1237 12860     2    30      0 21286  5.1e-11        -
5300  2.6244e-07  5.7022e-11     12870 1238 12870     2    30      0 21303  5.2e-10        -
5304  2.6267e-07  5.7022e-11     12878 1239 12878     2    30      0 21315    2e-10        -
5309  2.6295e-07  5.0423e-11     12892 1240 12892     2    30      0 21338  9.2e-11        -
5312  2.6312e-07  6.9706e-11     12900 1243 12900     2    31      0 21350  3.3e-10        -
5313  2.6318e-07  6.2736e-11     12906 1244 12906     2    31      0 21361  1.6e-10        -
5315  2.6332e-07    6.39e-11     12916 1247 12916     2    32      0 21378  7.2e-11        -
5317  2.6344e-07  5.7277e-11     12926 1250 12926     2    33      0 21395  2.8e-11        -
5320  2.6363e-07   6.801e-11     12934 1253 12934     2    34      0 21407  2.6e-10        -
5322  2.6375e-07  6.7502e-11     12944 1256 12944     2    35      0 21424  3.1e-10        -
5324  2.6388e-07  6.0752e-11     12952 1258 12952     2    35      0 21438  1.3e-10        -
5328  2.6406e-07  6.3748e-11     12960 1260 12960     2    35      0 21450  2.2e-08        -
5331  2.6424e-07  5.7373e-11     12972 1260 12972     2    35      0 21474  1.9e-10        -
5334  2.6441e-07  5.7373e-11     12986 1261 12986     2    35      0 21501  6.1e-10        -
5338  2.6459e-07  4.6006e-11     12994 1262 12994     2    35      0 21513  2.1e-10        -
5343  2.6482e-07  4.6006e-11     13004 1262 13004     2    35      0 21528  2.3e-10        -
5347    2.65e-07  4.2972e-11 out 13014 1262 13014     2    35      0 21546  1.4e-10        -
5349  2.6509e-07  4.2972e-11     13020 1262 13020     2    35      0 21558  1.4e-10        -
5353  2.6526e-07  4.2972e-11     13032 1262 13032     2    35      0 21582  1.6e-10        -
5355  2.6534e-07  4.2972e-11     13040 1262 13040     2    35      0 21598  2.4e-11        -
5358  2.6546e-07  3.5141e-11     13054 1263 13054     2    35      0 21625  6.3e-11        -
5362  2.6561e-07  3.5141e-11     13062 1264 13062     2    35      0 21637  6.2e-11        -
5368  2.6582e-07  3.5141e-11     13074 1264 13074     2    35      0 21655  5.9e-11        -
5373  2.6598e-07  2.1584e-11     13084 1265 13084     2    35      0 21670  5.4e-12        -
5377  2.6613e-07  4.3169e-11     13092 1266 13092     2    35      0 21682  1.9e-10        -
5383  2.6639e-07  4.3169e-11     13104 1266 13104     2    35      0 21700  1.6e-10        -
5386   2.665e-07  3.4157e-11 out 13114 1268 13114     2    35      0 21717  5.3e-11        -
5392   2.667e-07  3.4157e-11     13126 1268 13126     2    35      0 21735  6.3e-11        -
5398  2.6691e-07  3.4157e-11     13138 1268 13138     2    35      0 21753  6.7e-11        -
5401    2.67e-07  2.7979e-11 out 13148 1270 13148     2    35      0 21770  2.5e-11        -
5404  2.6713e-07  5.0363e-11     13158 1272 13158     2    35      0 21787  4.7e-10        -
5409  2.6739e-07  5.0363e-11     13168 1273 13168     2    35      0 21802  4.4e-10        -
-----      当前进度:  57 % - 正在组装残差
5413  2.6753e-07  3.1762e-11     13176 1274 13176     2    35      0 21814  4.3e-11        -
5418  2.6769e-07  3.1762e-11     13186 1274 13186     2    35      0 21829  4.1e-11        -
5424  2.6788e-07  3.1762e-11     13198 1274 13198     2    35      0 21847  5.1e-11        -
5427  2.6797e-07  2.7669e-11     13208 1275 13208     2    35      0 21864  2.4e-11        -
5431  2.6808e-07  2.7669e-11     13216 1276 13216     2    35      0 21876  2.2e-11        -
5436  2.6822e-07  2.7669e-11     13226 1276 13226     2    35      0 21891  2.2e-11        -
5440  2.6833e-07  2.7669e-11     13234 1276 13234     2    35      0 21903  2.2e-11        -
5444  2.6844e-07  2.7669e-11     13242 1276 13242     2    35      0 21915  2.2e-11        -
5448  2.6853e-07  2.9632e-11     13250 1278 13250     2    35      0 21927  2.5e-11        -
5452  2.6865e-07  2.9632e-11     13258 1278 13258     2    35      0 21939  2.6e-11        -
5457   2.688e-07  2.9632e-11     13268 1278 13268     2    35      0 21954  2.6e-11        -
5462  2.6894e-07  2.9632e-11     13278 1278 13278     2    35      0 21969  2.6e-11        -
5465  2.6903e-07  2.7763e-11     13287 1278 13287     2    35      0 21987  2.5e-11        -
5469  2.6925e-07  5.5527e-11     13295 1279 13295     2    35      0 21999  5.7e-10        -
5473  2.6946e-07  4.1774e-11     13307 1280 13307     2    35      0 22019  9.8e-11        -
5477  2.6963e-07  4.1774e-11     13315 1281 13315     2    35      0 22031  1.2e-10        -
5482  2.6983e-07  4.1774e-11     13325 1281 13325     2    35      0 22046    1e-10        -
5487  2.7004e-07  4.1128e-11     13335 1281 13335     2    35      0 22064  9.5e-11        -
5492  2.7025e-07  4.1128e-11     13345 1281 13345     2    35      0 22084  8.5e-11        -
5496  2.7041e-07  4.1128e-11     13353 1281 13353     2    35      0 22100  8.1e-11        -
5500  2.7055e-07  4.7592e-11     13361 1283 13361     2    35      0 22113  8.3e-11        -
5504  2.7074e-07  4.7592e-11     13369 1283 13369     2    35      0 22125  4.5e-11        -
5509  2.7096e-07  3.5838e-11     13383 1284 13383     2    35      0 22148  8.7e-12        -
5512  2.7111e-07  7.1676e-11     13389 1286 13389     2    35      0 22157  3.8e-10        -
5513  2.7117e-07  6.1651e-11     13395 1287 13395     2    35      0 22168  1.7e-10        -
5516  2.7134e-07  5.5486e-11     13405 1288 13405     2    35      0 22187  1.6e-10        -
5518  2.7145e-07  5.1363e-11     13415 1289 13415     2    35      0 22206  1.1e-10        -
5522  2.7165e-07  5.1363e-11     13423 1290 13423     2    35      0 22218  1.7e-10        -
5527  2.7191e-07  5.1363e-11     13433 1290 13433     2    35      0 22233  3.6e-10        -
5529    2.72e-07  4.4549e-11 out 13441 1292 13441     2    35      0 22247  1.8e-10        -
5534  2.7222e-07  4.4549e-11     13451 1292 13451     2    35      0 22262  1.9e-10        -
5539  2.7245e-07  4.4549e-11     13461 1292 13461     2    35      0 22277  2.4e-10        -
5543  2.7255e-07  2.7256e-11     13469 1293 13469     2    35      0 22289  1.9e-11        -
5548  2.7269e-07  2.7256e-11     13479 1293 13479     2    35      0 22304  1.8e-11        -
5552   2.728e-07  2.7256e-11     13487 1293 13487     2    35      0 22316  1.8e-11        -
5557  2.7294e-07  2.7256e-11     13497 1293 13497     2    35      0 22331  1.7e-11        -
5559  2.7298e-07  1.8323e-11     13505 1294 13505     2    35      0 22345  2.4e-12        -
5561  2.7304e-07  3.6646e-11     13509 1296 13509     2    35      0 22351  7.5e-11        -
5566  2.7322e-07  3.6646e-11     13519 1296 13519     2    35      0 22366  7.3e-11        -
5571   2.734e-07  3.6646e-11     13529 1296 13529     2    35      0 22381  7.6e-11        -
5573  2.7347e-07  3.0121e-11     13537 1297 13537     2    35      0 22395    3e-11        -
5576  2.7356e-07  3.0121e-11     13543 1298 13543     2    35      0 22404  3.2e-11        -
5580  2.7368e-07  3.0121e-11     13551 1298 13551     2    35      0 22416  3.6e-11        -
5585  2.7383e-07  3.0121e-11     13561 1298 13561     2    35      0 22431    3e-11        -
5590  2.7398e-07  2.4091e-11     13575 1299 13575     2    35      0 22454    1e-11        -
5594  2.7407e-07  2.4091e-11     13583 1300 13583     2    35      0 22466  1.1e-11        -
-----      当前进度:  58 % - 正在组装残差
5599  2.7419e-07  2.4091e-11     13593 1300 13593     2    35      0 22481  1.1e-11        -
5604  2.7431e-07  2.4091e-11     13603 1300 13603     2    35      0 22496  1.2e-11        -
5608  2.7441e-07  2.4091e-11     13611 1300 13611     2    35      0 22508  1.2e-11        -
5612   2.745e-07  2.1137e-11 out 13623 1300 13623     2    35      0 22530  2.3e-11        -
5616  2.7467e-07  4.2275e-11     13631 1301 13631     2    35      0 22542  1.9e-10        -
5620  2.7484e-07  4.2275e-11     13639 1301 13639     2    35      0 22554  1.8e-10        -
5624    2.75e-07  3.8626e-11 out 13651 1301 13651     2    35      0 22576  6.2e-11        -
5627  2.7512e-07  3.8626e-11     13663 1301 13663     2    35      0 22600  6.2e-11        -
5630  2.7523e-07  3.8626e-11     13675 1301 13675     2    35      0 22624  6.3e-11        -
5633  2.7535e-07  3.8626e-11     13687 1301 13687     2    35      0 22648  6.2e-11        -
5636  2.7546e-07  3.7556e-11     13701 1302 13701     2    35      0 22675    1e-10        -
5640  2.7561e-07  3.7556e-11     13709 1303 13709     2    35      0 22687    1e-10        -
5645   2.758e-07  3.7556e-11     13719 1303 13719     2    35      0 22702    1e-10        -
5650  2.7598e-07  2.4666e-11     13729 1304 13729     2    35      0 22717  1.3e-11        -
5655   2.761e-07  2.4666e-11     13739 1304 13739     2    35      0 22732  1.1e-11        -
5659  2.7625e-07  4.9332e-11     13747 1305 13747     2    35      0 22744  3.2e-10        -
5664  2.7647e-07  2.8007e-11     13757 1306 13757     2    35      0 22759  1.8e-11        -
5669  2.7661e-07  2.8007e-11     13767 1306 13767     2    35      0 22774  1.8e-11        -
5673  2.7684e-07  5.6013e-11     13775 1307 13775     2    35      0 22786  4.3e-10        -
5677  2.7705e-07  5.3954e-11     13786 1307 13786     2    35      0 22807  8.2e-11        -
5681  2.7727e-07  5.3954e-11     13798 1307 13798     2    35      0 22831  7.2e-11        -
5685  2.7747e-07  3.4185e-11     13809 1308 13809     2    35      0 22852  2.8e-11        -
5689  2.7766e-07  6.1533e-11     13821 1310 13821     2    35      0 22872  4.6e-10        -
5691  2.7778e-07   5.538e-11     13829 1312 13829     2    35      0 22886  2.7e-10        -
5695    2.78e-07  5.4119e-11 out 13837 1313 13837     2    35      0 22900    4e-10        -
5700  2.7827e-07  5.4119e-11     13847 1313 13847     2    35      0 22920    4e-10        -
5704  2.7847e-07  3.3523e-11     13855 1314 13855     2    35      0 22935  1.3e-11        -
5707  2.7863e-07  6.0311e-11     13865 1316 13865     2    35      0 22952  1.8e-10        -
5710   2.788e-07   5.428e-11     13875 1317 13875     2    35      0 22971  1.9e-10        -
5713  2.7895e-07  4.7606e-11     13889 1318 13889     2    35      0 22998  1.1e-10        -
5717  2.7914e-07  4.7606e-11     13897 1319 13897     2    35      0 23010  3.2e-10        -
5722  2.7938e-07  4.7606e-11     13907 1319 13907     2    35      0 23025  3.2e-10        -
5725   2.795e-07  3.5773e-11 out 13917 1321 13917     2    35      0 23042  8.9e-11        -
5730  2.7968e-07  3.5773e-11     13927 1321 13927     2    35      0 23057  1.2e-10        -
5736  2.7989e-07  3.5773e-11     13939 1321 13939     2    35      0 23075  9.3e-11        -
5741  2.8007e-07  3.5363e-11     13949 1321 13949     2    35      0 23094  8.2e-11        -
5747  2.8028e-07  3.5363e-11     13961 1321 13961     2    35      0 23118  8.9e-11        -
5753  2.8048e-07  2.0138e-11     13973 1322 13973     2    35      0 23141  3.7e-12        -
5757  2.8062e-07  4.0275e-11     13981 1323 13981     2    35      0 23153  1.2e-10        -
5763  2.8086e-07  4.0275e-11     13993 1323 13993     2    35      0 23171  1.4e-10        -
5766  2.8097e-07  2.8487e-11     14003 1324 14003     2    35      0 23188  2.4e-11        -
5770  2.8109e-07  2.8487e-11     14011 1325 14011     2    35      0 23200  2.7e-11        -
5776  2.8126e-07  2.8487e-11     14023 1325 14023     2    35      0 23218    3e-11        -
5782  2.8143e-07  2.8487e-11     14035 1325 14035     2    35      0 23236  2.5e-11        -
5785   2.815e-07  2.2104e-11 out 14045 1327 14045     2    35      0 23253    1e-11        -
-----      当前进度:  59 % - 正在组装残差
5789  2.8165e-07  4.4207e-11     14053 1328 14053     2    35      0 23265  3.4e-10        -
5794  2.8188e-07  4.4207e-11     14063 1328 14063     2    35      0 23280  2.9e-10        -
5797    2.82e-07  4.0015e-11 out 14073 1328 14073     2    35      0 23299  1.1e-10        -
5800  2.8212e-07  4.0015e-11     14085 1328 14085     2    35      0 23323  1.1e-10        -
5803  2.8224e-07  4.0015e-11     14097 1328 14097     2    35      0 23347  1.1e-10        -
5806  2.8236e-07  4.0015e-11     14109 1328 14109     2    35      0 23371  1.1e-10        -
5809  2.8247e-07  2.9915e-11     14123 1329 14123     2    35      0 23398  2.9e-11        -
5813  2.8259e-07  2.9915e-11     14131 1330 14131     2    35      0 23410    3e-11        -
5818  2.8274e-07  2.9915e-11     14141 1330 14141     2    35      0 23425  3.5e-11        -
5824  2.8292e-07  2.9915e-11     14153 1330 14153     2    35      0 23443  3.2e-11        -
5826  2.8297e-07  2.5639e-11     14161 1331 14161     2    35      0 23457  1.5e-11        -
5830  2.8308e-07  2.5639e-11     14169 1332 14169     2    35      0 23469  1.5e-11        -
5835  2.8321e-07  2.5639e-11     14179 1332 14179     2    35      0 23484  1.5e-11        -
5841  2.8336e-07  2.5639e-11     14191 1332 14191     2    35      0 23502  1.6e-11        -
5846  2.8348e-07  1.9249e-11     14205 1333 14205     2    35      0 23525    4e-12        -
5849  2.8358e-07  3.8497e-11     14211 1335 14211     2    35      0 23534  1.3e-10        -
5854  2.8377e-07  3.8497e-11     14221 1335 14221     2    35      0 23549    9e-11        -
5860    2.84e-07  3.8266e-11 out 14233 1335 14233     2    35      0 23569  5.5e-11        -
5865  2.8419e-07  3.8266e-11     14243 1335 14243     2    35      0 23589  4.8e-11        -
5870  2.8438e-07  3.8266e-11     14253 1335 14253     2    35      0 23609  4.5e-11        -
5874   2.845e-07  2.0404e-11 out 14261 1336 14261     2    35      0 23623  3.3e-12        -
5878  2.8466e-07  4.0807e-11     14269 1337 14269     2    35      0 23635  8.1e-11        -
5883  2.8487e-07  4.0807e-11     14279 1337 14279     2    35      0 23650  6.5e-11        -
5887    2.85e-07   2.556e-11 out 14287 1338 14287     2    35      0 23662  2.8e-12        -
5891   2.852e-07   5.112e-11     14295 1339 14295     2    35      0 23674    1e-10        -
5896  2.8545e-07  4.5521e-11     14309 1340 14309     2    35      0 23697  2.1e-10        -
5900  2.8564e-07  4.5521e-11     14317 1341 14317     2    35      0 23709  1.7e-10        -
5905  2.8586e-07  4.5521e-11     14327 1341 14327     2    35      0 23724  1.1e-10        -
5909  2.8605e-07  4.5158e-11     14335 1341 14335     2    35      0 23739  8.3e-11        -
5914  2.8627e-07  4.5158e-11     14345 1341 14345     2    35      0 23759  9.1e-11        -
5919  2.8648e-07  2.4212e-11     14355 1342 14355     2    35      0 23778  1.5e-11        -
5923  2.8662e-07  4.8424e-11     14363 1343 14363     2    35      0 23790  3.4e-10        -
5928  2.8686e-07  4.8424e-11     14373 1343 14373     2    35      0 23805    5e-10        -
5931    2.87e-07  4.4199e-11 out 14383 1343 14383     2    35      0 23824  9.2e-11        -
5934  2.8713e-07  4.4199e-11     14395 1343 14395     2    35      0 23848  9.8e-11        -
5937  2.8727e-07  4.4199e-11     14407 1343 14407     2    35      0 23872    1e-10        -
5940   2.874e-07  4.4199e-11     14419 1343 14419     2    35      0 23896  1.1e-10        -
5943   2.875e-07  2.9006e-11 out 14427 1344 14427     2    35      0 23910  3.2e-11        -
5948  2.8765e-07  2.9006e-11     14437 1344 14437     2    35      0 23925  2.5e-11        -
5953  2.8779e-07  2.9006e-11     14447 1344 14447     2    35      0 23940  2.7e-11        -
5958  2.8794e-07  2.9006e-11     14457 1344 14457     2    35      0 23955  2.9e-11        -
5961    2.88e-07  1.7949e-11 out 14463 1345 14463     2    35      0 23964  2.8e-12        -
5965  2.8814e-07  3.5899e-11     14471 1346 14471     2    35      0 23976  7.8e-11        -
5970  2.8832e-07  3.5899e-11     14481 1346 14481     2    35      0 23991  8.8e-11        -
5975   2.885e-07  3.4608e-11 out 14493 1346 14493     2    35      0 24012  2.9e-11        -
5978   2.886e-07  3.4608e-11     14502 1346 14502     2    35      0 24030  2.9e-11        -
5982  2.8874e-07  3.4608e-11     14514 1346 14514     2    35      0 24054  2.9e-11        -
------     当前进度:  61 % - 正在组装残差
5986  2.8888e-07  3.4608e-11     14526 1346 14526     2    35      0 24078  2.8e-11        -
5989  2.8897e-07  2.5047e-11     14536 1347 14536     2    35      0 24097  1.4e-11        -
5991  2.8903e-07  2.5047e-11     14540 1348 14540     2    35      0 24103  1.5e-11        -
5995  2.8913e-07  2.5047e-11     14548 1348 14548     2    35      0 24115    2e-11        -
6000  2.8925e-07  2.5047e-11     14558 1348 14558     2    35      0 24130  1.6e-11        -
6004  2.8935e-07  2.5047e-11     14566 1348 14566     2    35      0 24142  1.5e-11        -
6008  2.8945e-07  2.5047e-11     14574 1348 14574     2    35      0 24154  1.5e-11        -
6013  2.8957e-07  2.4574e-11     14584 1348 14584     2    35      0 24174  4.6e-11        -
6018   2.897e-07  2.4574e-11     14594 1348 14594     2    35      0 24194  4.6e-11        -
6022  2.8979e-07  2.4574e-11     14602 1348 14602     2    35      0 24210  4.6e-11        -
6026  2.8989e-07  2.4574e-11     14610 1348 14610     2    35      0 24226  4.7e-11        -
6030  2.8998e-07  1.6549e-11     14618 1349 14618     2    35      0 24241  1.5e-12        -
6033  2.9007e-07  3.3097e-11     14624 1350 14624     2    35      0 24250  5.9e-11        -
6037   2.902e-07  3.3097e-11     14632 1350 14632     2    35      0 24262  5.4e-11        -
6040   2.903e-07  3.3097e-11     14638 1350 14638     2    35      0 24271  5.7e-11        -
6044  2.9043e-07  3.3097e-11     14646 1350 14646     2    35      0 24283    6e-11        -
6047   2.905e-07   1.832e-11 out 14652 1351 14652     2    35      0 24292  3.2e-12        -
6050  2.9061e-07  3.6639e-11     14658 1352 14658     2    35      0 24301  1.1e-10        -
6055  2.9079e-07  3.6639e-11     14668 1352 14668     2    35      0 24316    1e-10        -
6060  2.9097e-07  3.0166e-11     14682 1353 14682     2    35      0 24339    8e-11        -
6063  2.9106e-07  3.0166e-11     14688 1354 14688     2    35      0 24348  5.5e-11        -
6068  2.9121e-07  3.0166e-11     14698 1354 14698     2    35      0 24363  5.8e-11        -
6072  2.9133e-07  3.0166e-11     14706 1354 14706     2    35      0 24375  5.8e-11        -
6077  2.9148e-07  2.3758e-11     14720 1355 14720     2    35      0 24398  1.9e-11        -
6079  2.9152e-07  2.3758e-11     14724 1356 14724     2    35      0 24404  1.9e-11        -
6080  2.9157e-07  4.7516e-11     14726 1357 14726     2    35      0 24407    6e-10        -
6082  2.9167e-07  4.7516e-11     14730 1357 14730     2    35      0 24413  6.1e-10        -
6086  2.9186e-07  4.7516e-11     14738 1357 14738     2    35      0 24425  4.1e-10        -
6090    2.92e-07    2.43e-11 out 14746 1358 14746     2    35      0 24437    1e-11        -
6094  2.9217e-07  4.8601e-11     14754 1359 14754     2    35      0 24449  2.9e-10        -
6099  2.9241e-07  4.8601e-11     14764 1359 14764     2    35      0 24464  2.5e-10        -
6101   2.925e-07  4.3446e-11 out 14772 1359 14772     2    35      0 24480  1.4e-10        -
6104  2.9263e-07  4.3446e-11     14784 1359 14784     2    35      0 24504  1.2e-10        -
6106  2.9272e-07  4.3446e-11     14792 1359 14792     2    35      0 24520  1.2e-10        -
6109  2.9285e-07  4.3446e-11     14804 1359 14804     2    35      0 24544  1.2e-10        -
6111  2.9293e-07  4.3446e-11     14812 1359 14812     2    35      0 24560  1.2e-10        -
6113    2.93e-07  3.2771e-11 out 14820 1361 14820     2    35      0 24574  3.9e-11        -
6115  2.9312e-07  5.8987e-11     14828 1363 14828     2    35      0 24588    8e-10        -
6119  2.9336e-07  5.8987e-11     14836 1364 14836     2    35      0 24600  1.2e-09        -
6121  2.9346e-07  4.0267e-11     14844 1365 14844     2    35      0 24614  1.7e-10        -
6125  2.9362e-07  4.0267e-11     14852 1366 14852     2    35      0 24626  1.8e-10        -
6130  2.9382e-07  4.0267e-11     14862 1366 14862     2    35      0 24641  2.5e-10        -
------     当前进度:  62 % - 正在组装残差
6134  2.9397e-07  2.8529e-11     14874 1367 14874     2    35      0 24661    1e-10        -
6137  2.9411e-07  5.1353e-11     14882 1369 14882     2    35      0 24675  3.1e-10        -
6140  2.9426e-07  5.1353e-11     14894 1369 14894     2    35      0 24699  3.3e-10        -
6142  2.9437e-07  5.1353e-11     14902 1371 14902     2    35      0 24713  8.7e-10        -
6144  2.9446e-07  4.1735e-11     14910 1372 14910     2    35      0 24727    3e-10        -
6148  2.9463e-07  4.1735e-11     14918 1373 14918     2    35      0 24739    4e-10        -
6153  2.9483e-07  4.1735e-11     14928 1373 14928     2    35      0 24754  3.3e-10        -
6157    2.95e-07  4.1323e-11 out 14936 1373 14936     2    35      0 24768  1.9e-10        -
6161  2.9517e-07  4.1323e-11     14944 1373 14944     2    35      0 24784    2e-10        -
6165  2.9533e-07  4.1323e-11     14952 1373 14952     2    35      0 24800    2e-10        -
6169  2.9548e-07  2.2726e-11     14960 1374 14960     2    35      0 24815  7.7e-12        -
6174  2.9559e-07  2.2726e-11     14970 1374 14970     2    35      0 24830  8.6e-12        -
6179  2.9573e-07  4.5452e-11     14980 1375 14980     2    35      0 24845  3.4e-10        -
6184  2.9595e-07  4.5452e-11     14990 1375 14990     2    35      0 24860  5.1e-10        -
6186    2.96e-07  2.2742e-11 out 14994 1376 14994     2    35      0 24866  5.2e-12        -
6189  2.9614e-07  4.5485e-11     15000 1377 15000     2    35      0 24875  2.5e-10        -
6193  2.9632e-07  4.5485e-11     15008 1377 15008     2    35      0 24887  2.8e-10        -
6196  2.9645e-07  4.5318e-11     15014 1377 15014     2    35      0 24897  9.8e-11        -
6200  2.9664e-07  4.5318e-11     15022 1377 15022     2    35      0 24913  9.7e-11        -
6205  2.9686e-07  4.5318e-11     15032 1377 15032     2    35      0 24933    1e-10        -
6208  2.9698e-07  2.3412e-11     15038 1378 15038     2    35      0 24944  8.1e-12        -
6212  2.9707e-07  2.3412e-11     15046 1378 15046     2    35      0 24956  7.6e-12        -
6217  2.9719e-07  2.3412e-11     15056 1378 15056     2    35      0 24971  6.8e-12        -
6222   2.973e-07  2.3412e-11     15066 1378 15066     2    35      0 24986  7.8e-12        -
6226   2.974e-07  2.3412e-11     15074 1378 15074     2    35      0 24998    8e-12        -
6230  2.9748e-07  1.5878e-11     15086 1379 15086     2    35      0 25018  2.1e-12        -
6232  2.9753e-07  3.1756e-11     15090 1381 15090     2    35      0 25024  6.3e-11        -
6236  2.9766e-07  3.1756e-11     15098 1381 15098     2    35      0 25036  4.9e-11        -
6240  2.9779e-07  3.1756e-11     15106 1381 15106     2    35      0 25048  5.2e-11        -
6244  2.9791e-07  3.1756e-11     15114 1381 15114     2    35      0 25060  5.5e-11        -
6246  2.9797e-07   2.771e-11     15122 1382 15122     2    35      0 25074  2.8e-11        -
6249  2.9806e-07   2.771e-11     15128 1383 15128     2    35      0 25083    3e-11        -
6253  2.9817e-07   2.771e-11     15136 1383 15136     2    35      0 25095  3.1e-11        -
6257  2.9828e-07   2.771e-11     15144 1383 15144     2    35      0 25107  3.4e-11        -
6262  2.9842e-07   2.771e-11     15154 1383 15154     2    35      0 25122    5e-11        -
6266   2.985e-07  1.4466e-11 out 15162 1384 15162     2    35      0 25134  2.2e-12        -
6270  2.9862e-07  2.8932e-11     15170 1385 15170     2    35      0 25146  7.6e-11        -
6275  2.9876e-07  2.8932e-11     15180 1385 15180     2    35      0 25161  4.7e-11        -
6280  2.9891e-07  2.8932e-11     15190 1385 15190     2    35      0 25176  4.8e-11        -
6284    2.99e-07  1.8542e-11 out 15198 1386 15198     2    35      0 25188  5.3e-12        -
6287  2.9911e-07  3.7084e-11     15204 1387 15204     2    35      0 25197  1.7e-10        -
6289  2.9919e-07  3.7084e-11     15208 1387 15208     2    35      0 25203  1.2e-10        -
6292   2.993e-07  3.7084e-11     15214 1387 15214     2    35      0 25212  9.4e-11        -
6297  2.9947e-07  2.7494e-11     15228 1388 15228     2    35      0 25235  1.7e-11        -
6300  2.9958e-07  5.4988e-11     15234 1390 15234     2    35      0 25244  5.1e-10        -
6305  2.9986e-07  5.4988e-11     15244 1390 15244     2    35      0 25259  4.9e-10        -
------     当前进度:  63 % - 
6307  2.9996e-07  4.3793e-11     15252 1391 15252     2    35      0 25273    3e-10        -
6311  3.0013e-07  4.3793e-11     15260 1392 15260     2    35      0 25285  3.6e-10        -
6313  3.0022e-07  4.3793e-11     15264 1392 15264     2    35      0 25291  3.7e-10        -
6317  3.0039e-07  4.3793e-11     15272 1392 15272     2    35      0 25303  3.6e-10        -
6319  3.0047e-07  3.1034e-11     15280 1393 15280     2    35      0 25317  4.5e-11        -
6322  3.0059e-07  6.2067e-11     15286 1395 15286     2    35      0 25326  1.8e-09        -
6324   3.007e-07  5.5861e-11     15294 1395 15294     2    35      0 25342  3.6e-10        -
6326  3.0082e-07  5.5861e-11     15302 1395 15302     2    35      0 25358  3.8e-10        -
6328  3.0093e-07  5.5861e-11     15310 1395 15310     2    35      0 25374    4e-10        -
6332  3.0107e-07  3.5867e-11     15318 1396 15318     2    35      0 25386  1.4e-10        -
6337  3.0125e-07  3.5867e-11     15328 1396 15328     2    35      0 25401  3.1e-10        -
6341  3.0139e-07  3.5867e-11     15336 1396 15336     2    35      0 25413  3.1e-10        -
6346  3.0157e-07  3.4795e-11     15346 1396 15346     2    35      0 25432  3.1e-10        -
6351  3.0174e-07  3.4795e-11     15356 1396 15356     2    35      0 25452  3.4e-10        -
6356  3.0192e-07  3.4795e-11     15366 1396 15366     2    35      0 25472  3.6e-10        -
6360  3.0202e-07  2.3832e-11     15374 1397 15374     2    35      0 25485  2.5e-11        -
6365  3.0214e-07  2.3832e-11     15384 1397 15384     2    35      0 25500  2.2e-11        -
6370  3.0226e-07  2.3832e-11     15394 1397 15394     2    35      0 25515  2.2e-11        -
6374  3.0236e-07  2.3832e-11     15402 1397 15402     2    35      0 25527  1.8e-11        -
6379  3.0248e-07  2.3598e-11     15412 1397 15412     2    35      0 25543  2.5e-11        -
6384  3.0259e-07  2.3598e-11     15422 1397 15422     2    35      0 25563  2.5e-11        -
6388  3.0269e-07  2.3598e-11     15430 1397 15430     2    35      0 25579  2.5e-11        -
6393  3.0281e-07  2.3598e-11     15440 1397 15440     2    35      0 25599  2.5e-11        -
6398  3.0292e-07  2.3598e-11     15450 1397 15450     2    35      0 25619  2.4e-11        -
6402    3.03e-07  1.4021e-11 out 15458 1398 15458     2    35      0 25633  7.9e-13        -
6406  3.0311e-07  2.8041e-11     15466 1399 15466     2    35      0 25645    3e-11        -
6411  3.0325e-07  2.8041e-11     15476 1399 15476     2    35      0 25660  4.2e-11        -
6415  3.0336e-07  2.8041e-11     15484 1399 15484     2    35      0 25672  1.4e-11        -
6420   3.035e-07  2.5671e-11 out 15496 1399 15496     2    35      0 25693  8.5e-11        -
6424   3.036e-07  2.5671e-11     15508 1399 15508     2    35      0 25717  8.4e-11        -
6428  3.0371e-07  2.5671e-11     15520 1399 15520     2    35      0 25741  8.2e-11        -
6432  3.0381e-07  2.5671e-11     15532 1399 15532     2    35      0 25765  8.3e-11        -
6435  3.0389e-07  2.5671e-11     15541 1399 15541     2    35      0 25783  8.2e-11        -
6438  3.0396e-07  2.5671e-11     15550 1399 15550     2    35      0 25801  8.2e-11        -
6440    3.04e-07  1.8962e-11 out 15558 1401 15558     2    35      0 25815  5.2e-12        -
6443  3.0411e-07  3.7924e-11     15564 1402 15564     2    35      0 25824  1.6e-10        -
6447  3.0427e-07  3.7924e-11     15572 1402 15572     2    35      0 25836  1.6e-10        -
6451  3.0442e-07  3.7924e-11     15580 1402 15580     2    35      0 25848  1.4e-10        -
6453  3.0448e-07  2.2455e-11     15584 1403 15584     2    35      0 25854    1e-11        -
6457  3.0457e-07  2.2455e-11     15592 1403 15592     2    35      0 25866  1.1e-11        -
6462  3.0468e-07  2.2455e-11     15602 1403 15602     2    35      0 25881  6.3e-12        -
6467  3.0479e-07  2.2455e-11     15612 1403 15612     2    35      0 25896    6e-12        -
6471  3.0488e-07  2.2455e-11     15620 1403 15620     2    35      0 25908  8.8e-12        -
6474  3.0495e-07  2.2455e-11     15626 1403 15626     2    35      0 25917  8.2e-12        -
6477    3.05e-07  1.4221e-11 out 15632 1404 15632     2    35      0 25926  7.9e-13        -
------     当前进度:  64 % - 正在组装残差
6480  3.0509e-07  2.8442e-11     15638 1405 15638     2    35      0 25935  2.5e-11        -
6484   3.052e-07  2.8442e-11     15646 1405 15646     2    35      0 25947  2.7e-11        -
6489  3.0534e-07  2.8442e-11     15656 1405 15656     2    35      0 25962  3.6e-11        -
6493  3.0546e-07  2.8442e-11     15664 1405 15664     2    35      0 25974  4.2e-11        -
6494  3.0548e-07  2.2467e-11     15670 1406 15670     2    35      0 25985  1.1e-11        -
6496  3.0554e-07  4.4934e-11     15674 1408 15674     2    35      0 25991  3.4e-10        -
6500  3.0572e-07  4.4934e-11     15682 1408 15682     2    35      0 26003  3.9e-10        -
6504   3.059e-07  4.4934e-11     15690 1408 15690     2    35      0 26015    6e-10        -
6507    3.06e-07  2.5328e-11 out 15696 1409 15696     2    35      0 26024  3.6e-11        -
6510  3.0615e-07  5.0655e-11     15702 1410 15702     2    35      0 26033  1.3e-09        -
6513   3.063e-07  5.0655e-11     15708 1410 15708     2    35      0 26042  1.7e-09        -
6517   3.065e-07  4.7379e-11 out 15718 1410 15718     2    35      0 26060    5e-10        -
6520  3.0664e-07  4.7379e-11     15727 1410 15727     2    35      0 26078  4.8e-10        -
6523  3.0678e-07  4.7379e-11     15736 1410 15736     2    35      0 26096  4.5e-10        -
6526  3.0693e-07  4.7379e-11     15745 1410 15745     2    35      0 26114  4.2e-10        -
6527  3.0696e-07  3.6795e-11     15751 1411 15751     2    35      0 26125  2.1e-10        -
6529  3.0704e-07  3.6795e-11     15755 1412 15755     2    35      0 26131  2.1e-10        -
6533  3.0718e-07  3.6795e-11     15763 1412 15763     2    35      0 26143  3.5e-10        -
6537  3.0733e-07  3.6795e-11     15771 1412 15771     2    35      0 26155  2.5e-10        -
6541  3.0747e-07   2.923e-11     15783 1413 15783     2    35      0 26175  7.6e-11        -
6544  3.0759e-07   5.846e-11     15789 1415 15789     2    35      0 26184  1.7e-09        -
6547  3.0776e-07   5.846e-11     15795 1415 15795     2    35      0 26193  2.8e-09        -
6551  3.0797e-07  3.0776e-11     15803 1416 15803     2    35      0 26205    1e-10        -
6554  3.0809e-07  6.1551e-11     15809 1417 15809     2    35      0 26214    3e-09        -
6556   3.082e-07  5.5396e-11     15817 1417 15817     2    35      0 26230  5.2e-10        -
6558  3.0831e-07  5.5396e-11     15825 1417 15825     2    35      0 26246  5.3e-10        -
6560  3.0842e-07  5.5396e-11     15833 1417 15833     2    35      0 26262  5.8e-10        -
6562   3.085e-07  3.7648e-11 out 15837 1418 15837     2    35      0 26268  2.9e-10        -
6566  3.0865e-07  3.7648e-11     15845 1418 15845     2    35      0 26280  3.7e-10        -
6570   3.088e-07  3.7648e-11     15853 1418 15853     2    35      0 26292  3.8e-10        -
6573  3.0891e-07  3.7648e-11     15859 1418 15859     2    35      0 26301  3.6e-10        -
6576    3.09e-07   2.411e-11 out 15865 1419 15865     2    35      0 26310  4.1e-11        -
6578   3.091e-07  4.8219e-11     15869 1420 15869     2    35      0 26316  1.3e-09        -
6581  3.0924e-07  4.8219e-11     15875 1420 15875     2    35      0 26325  1.1e-09        -
6585  3.0943e-07  4.8219e-11     15883 1420 15883     2    35      0 26337  9.3e-10        -
6586  3.0947e-07  3.3014e-11     15889 1421 15889     2    35      0 26348  1.3e-10        -
6589  3.0957e-07  3.3014e-11     15895 1422 15895     2    35      0 26357  1.2e-10        -
6592  3.0967e-07  3.3014e-11     15901 1422 15901     2    35      0 26366  1.3e-10        -
6595  3.0976e-07  3.3014e-11     15907 1422 15907     2    35      0 26375  1.2e-10        -
6599   3.099e-07  3.3014e-11     15915 1422 15915     2    35      0 26387  7.5e-11        -
6602  3.0998e-07  1.8899e-11     15921 1423 15921     2    35      0 26396  3.6e-12        -
6605  3.1008e-07  3.7798e-11     15927 1424 15927     2    35      0 26405  9.8e-11        -
------     当前进度:  65 % - 正在组装残差
6608  3.1019e-07  3.7798e-11     15933 1424 15933     2    35      0 26414  5.2e-11        -
6610  3.1026e-07  3.7798e-11     15937 1424 15937     2    35      0 26420  5.2e-11        -
6612  3.1034e-07  3.7798e-11     15941 1424 15941     2    35      0 26426  7.4e-11        -
6616  3.1048e-07  2.3209e-11     15949 1425 15949     2    35      0 26438  9.8e-12        -
6618  3.1052e-07  2.3209e-11     15953 1425 15953     2    35      0 26444  1.1e-11        -
6620  3.1062e-07  4.6418e-11     15957 1426 15957     2    35      0 26450    4e-10        -
6623  3.1076e-07  4.6418e-11     15963 1426 15963     2    35      0 26459  2.3e-10        -
6626  3.1089e-07  4.6418e-11     15969 1426 15969     2    35      0 26468  4.5e-10        -
6628  3.1097e-07  2.9513e-11     15973 1427 15973     2    35      0 26474  4.9e-11        -
6630  3.1103e-07  2.9513e-11     15977 1427 15977     2    35      0 26480  5.1e-11        -
6633  3.1112e-07  2.9513e-11     15983 1427 15983     2    35      0 26489  5.3e-11        -
6636  3.1121e-07  2.9513e-11     15989 1427 15989     2    35      0 26498  7.1e-11        -
6638  3.1127e-07  2.9513e-11     15993 1427 15993     2    35      0 26504  6.4e-11        -
6641  3.1135e-07  2.9513e-11     15999 1427 15999     2    35      0 26513  4.8e-11        -
6644  3.1144e-07  2.9513e-11     16005 1427 16005     2    35      0 26522  4.7e-11        -
6646   3.115e-07  2.8656e-11 out 16009 1427 16009     2    35      0 26530  1.6e-10        -
6649  3.1159e-07  2.8656e-11     16015 1427 16015     2    35      0 26542  1.6e-10        -
6652  3.1167e-07  2.8656e-11     16021 1427 16021     2    35      0 26554  1.7e-10        -
6655  3.1176e-07  2.8656e-11     16027 1427 16027     2    35      0 26566  1.7e-10        -
6658  3.1184e-07  2.8656e-11     16033 1427 16033     2    35      0 26578  1.8e-10        -
6660   3.119e-07  2.8656e-11     16037 1427 16037     2    35      0 26586  1.8e-10        -
6663  3.1198e-07  2.0754e-11     16047 1428 16047     2    35      0 26605  4.3e-12        -
6665  3.1204e-07  4.1508e-11     16051 1430 16051     2    35      0 26611  2.1e-10        -
6668  3.1217e-07  4.1508e-11     16057 1430 16057     2    35      0 26620  2.1e-10        -
6670  3.1225e-07  4.1508e-11     16061 1430 16061     2    35      0 26626  1.9e-10        -
6672  3.1233e-07  4.1508e-11     16065 1430 16065     2    35      0 26632  1.7e-10        -
6674  3.1242e-07  4.1508e-11     16069 1430 16069     2    35      0 26638  1.6e-10        -
6676  3.1248e-07  2.1705e-11     16073 1431 16073     2    35      0 26644  6.2e-12        -
6679  3.1254e-07  2.1705e-11     16079 1431 16079     2    35      0 26653  7.5e-12        -
6682  3.1263e-07   4.341e-11     16085 1432 16085     2    35      0 26662  2.6e-10        -
6685  3.1276e-07   4.341e-11     16091 1432 16091     2    35      0 26671  3.1e-10        -
6688  3.1289e-07   4.341e-11     16097 1432 16097     2    35      0 26680  2.3e-10        -
6690  3.1297e-07  3.2948e-11     16105 1433 16105     2    35      0 26694  6.5e-11        -
6691    3.13e-07  3.2948e-11 out 16107 1434 16107     2    35      0 26697  6.8e-11        -
6694   3.131e-07  3.2948e-11     16113 1434 16113     2    35      0 26706  7.8e-11        -
6697   3.132e-07  3.2948e-11     16119 1434 16119     2    35      0 26715  8.7e-11        -
6701  3.1333e-07  3.2948e-11     16127 1434 16127     2    35      0 26727  8.2e-11        -
6705  3.1346e-07  3.2948e-11     16135 1434 16135     2    35      0 26739  5.7e-10        -
6707   3.135e-07  1.9361e-11 out 16139 1435 16139     2    35      0 26745  4.1e-11        -
6710  3.1362e-07  3.8722e-11     16145 1436 16145     2    35      0 26754  4.7e-10        -
6713  3.1373e-07  3.8722e-11     16151 1436 16151     2    35      0 26763  4.9e-10        -
6717  3.1389e-07  3.8722e-11     16159 1436 16159     2    35      0 26775  8.1e-10        -
------     当前进度:  65 % - 
6721  3.1404e-07  3.7031e-11     16167 1436 16167     2    35      0 26790  1.1e-09        -
6724  3.1415e-07  3.7031e-11     16173 1436 16173     2    35      0 26802  1.1e-09        -
6728   3.143e-07  3.7031e-11     16181 1436 16181     2    35      0 26818    1e-09        -
6731  3.1441e-07  3.7031e-11     16187 1436 16187     2    35      0 26830  9.5e-10        -
6733  3.1447e-07  2.7816e-11     16195 1437 16195     2    35      0 26845  7.5e-11        -
6736  3.1458e-07  5.5632e-11     16201 1439 16201     2    35      0 26854  4.6e-09        -
6740  3.1481e-07  5.5632e-11     16209 1439 16209     2    35      0 26866  2.4e-09        -
6743  3.1496e-07   4.138e-11     16219 1440 16219     2    35      0 26883  6.7e-10        -
6746  3.1508e-07   4.138e-11     16225 1441 16225     2    35      0 26892  6.1e-10        -
6750  3.1525e-07   4.138e-11     16233 1441 16233     2    35      0 26904  5.9e-10        -
6754  3.1541e-07   4.138e-11     16241 1441 16241     2    35      0 26916  1.5e-09        -
6757   3.155e-07  2.2412e-11 out 16247 1442 16247     2    35      0 26925  2.3e-11        -
6760  3.1563e-07  4.4824e-11     16253 1443 16253     2    35      0 26934  1.2e-09        -
6764  3.1581e-07  4.4824e-11     16261 1443 16261     2    35      0 26946  9.1e-10        -
6768  3.1597e-07  2.5878e-11     16269 1444 16269     2    35      0 26958  2.2e-11        -
6771   3.161e-07  5.1757e-11     16275 1445 16275     2    35      0 26967  9.4e-09        -
6774  3.1626e-07  5.1757e-11     16281 1445 16281     2    35      0 26976    1e-08        -
6778  3.1646e-07  4.2973e-11     16293 1446 16293     2    35      0 26996  3.4e-09        -
6781  3.1659e-07  4.2973e-11     16299 1447 16299     2    35      0 27005  1.5e-09        -
6785  3.1676e-07  4.2973e-11     16307 1447 16307     2    35      0 27017  1.3e-09        -
6789  3.1693e-07  4.2973e-11     16315 1447 16315     2    35      0 27029  8.7e-10        -
6790  3.1696e-07  3.5137e-11     16321 1448 16321     2    35      0 27040  3.1e-10        -
6793  3.1707e-07  3.5137e-11     16327 1449 16327     2    35      0 27049  2.8e-10        -
6796  3.1718e-07  3.5137e-11     16333 1449 16333     2    35      0 27058  1.5e-10        -
6800  3.1732e-07  3.5137e-11     16341 1449 16341     2    35      0 27070  6.5e-11        -
6803  3.1742e-07  3.5137e-11     16347 1449 16347     2    35      0 27079  5.4e-11        -
6806   3.175e-07   2.161e-11 out 16353 1450 16353     2    35      0 27088  3.7e-12        -
6809  3.1763e-07  4.3219e-11     16359 1451 16359     2    35      0 27097    1e-10        -
6813   3.178e-07  4.3219e-11     16367 1451 16367     2    35      0 27109  1.5e-10        -
6816  3.1793e-07  4.3219e-11     16373 1451 16373     2    35      0 27118    3e-10        -
6817  3.1797e-07  3.3903e-11     16379 1452 16379     2    35      0 27129    7e-11        -
6820  3.1807e-07  3.3903e-11     16385 1453 16385     2    35      0 27138  1.5e-10        -
6824   3.182e-07  3.3903e-11     16393 1453 16393     2    35      0 27150  1.5e-10        -
6826  3.1827e-07  3.3903e-11     16397 1453 16397     2    35      0 27156  1.6e-10        -
6828  3.1834e-07  3.3903e-11     16401 1453 16401     2    35      0 27162  2.7e-10        -
6831  3.1844e-07  3.3903e-11     16407 1453 16407     2    35      0 27171  2.7e-10        -
6832  3.1847e-07  2.9631e-11     16413 1454 16413     2    35      0 27182  1.6e-10        -
6834  3.1853e-07  2.9631e-11     16417 1455 16417     2    35      0 27188  1.7e-10        -
6837  3.1862e-07  2.9631e-11     16423 1455 16423     2    35      0 27197  1.7e-10        -
6840  3.1871e-07  2.9631e-11     16429 1455 16429     2    35      0 27206  5.9e-11        -
6843   3.188e-07  2.9631e-11     16435 1455 16435     2    35      0 27215    7e-11        -
6847  3.1891e-07  2.9631e-11     16443 1455 16443     2    35      0 27227  6.9e-11        -
6850    3.19e-07  2.7764e-11 out 16451 1455 16451     2    35      0 27242  5.3e-11        -
6853  3.1908e-07  2.7764e-11     16460 1455 16460     2    35      0 27260  4.8e-11        -
------     当前进度:  66 % - 正在组装残差
6856  3.1917e-07  2.7764e-11     16469 1455 16469     2    35      0 27278  5.1e-11        -
6859  3.1925e-07  2.7764e-11     16478 1455 16478     2    35      0 27296  5.6e-11        -
6862  3.1933e-07  2.7764e-11     16487 1455 16487     2    35      0 27314  6.1e-11        -
6865  3.1942e-07  2.7764e-11     16496 1455 16496     2    35      0 27332  6.6e-11        -
6868  3.1949e-07  1.4004e-11     16504 1456 16504     2    35      0 27347  1.7e-12        -
6871  3.1956e-07  2.8008e-11     16510 1457 16510     2    35      0 27356    5e-11        -
6875  3.1967e-07  2.8008e-11     16518 1457 16518     2    35      0 27368  2.1e-11        -
6879  3.1978e-07  2.8008e-11     16526 1457 16526     2    35      0 27380  1.2e-11        -
6884  3.1992e-07  2.8008e-11     16536 1457 16536     2    35      0 27395    2e-11        -
6887     3.2e-07  2.5934e-11 out 16544 1457 16544     2    35      0 27410    9e-11        -
6890  3.2008e-07  2.5934e-11     16553 1457 16553     2    35      0 27428  9.2e-11        -
6893  3.2016e-07  2.5934e-11     16562 1457 16562     2    35      0 27446  9.5e-11        -
6896  3.2023e-07  2.5934e-11     16571 1457 16571     2    35      0 27464  9.7e-11        -
6898  3.2029e-07  2.5934e-11     16577 1457 16577     2    35      0 27476  9.9e-11        -
6901  3.2036e-07  2.5934e-11     16586 1457 16586     2    35      0 27494    1e-10        -
6904  3.2044e-07  2.5934e-11     16595 1457 16595     2    35      0 27512    1e-10        -
6907  3.2053e-07  3.3184e-11     16606 1457 16606     2    35      0 27534  9.3e-11        -
6910  3.2063e-07  3.3184e-11     16618 1457 16618     2    35      0 27558  9.9e-11        -
6912   3.207e-07  3.3184e-11     16626 1457 16626     2    35      0 27574    1e-10        -
6915   3.208e-07  3.3184e-11     16638 1457 16638     2    35      0 27598  1.1e-10        -
6917  3.2087e-07  3.3184e-11     16646 1457 16646     2    35      0 27614  1.1e-10        -
6920  3.2096e-07  3.3184e-11     16658 1457 16658     2    35      0 27638  1.2e-10        -
6922    3.21e-07  1.7709e-11 out 16662 1458 16662     2    35      0 27644  9.7e-12        -
6924  3.2107e-07  3.5417e-11     16666 1459 16666     2    35      0 27650  8.9e-10        -
6926  3.2114e-07  3.5417e-11     16670 1459 16670     2    35      0 27656  8.9e-10        -
6929  3.2125e-07  3.5417e-11     16676 1459 16676     2    35      0 27665  1.3e-09        -
6933  3.2139e-07  3.5417e-11     16684 1459 16684     2    35      0 27677  3.3e-10        -
6936  3.2148e-07  1.9789e-11     16690 1460 16690     2    35      0 27686  3.1e-11        -
6938  3.2154e-07  3.9579e-11     16694 1461 16694     2    35      0 27692  1.5e-09        -
6941  3.2166e-07  3.9579e-11     16700 1461 16700     2    35      0 27701  1.7e-09        -
6944  3.2178e-07  3.9579e-11     16706 1461 16706     2    35      0 27710  1.7e-09        -
6946  3.2186e-07  3.9579e-11     16710 1461 16710     2    35      0 27716  1.7e-09        -
6949  3.2197e-07  3.2316e-11     16720 1462 16720     2    35      0 27733  4.7e-10        -
6951  3.2203e-07  3.2316e-11     16724 1463 16724     2    35      0 27739  4.7e-10        -
6954  3.2213e-07  3.2316e-11     16730 1463 16730     2    35      0 27748  1.8e-09        -
6957  3.2223e-07  3.2316e-11     16736 1463 16736     2    35      0 27757    2e-09        -
6960  3.2232e-07  3.2316e-11     16742 1463 16742     2    35      0 27766  3.4e-10        -
6963  3.2242e-07  3.2316e-11     16748 1463 16748     2    35      0 27775  3.5e-10        -
------     当前进度:  67 % - 组装稀疏模式
6965  3.2248e-07  2.3789e-11     16756 1464 16756     2    35      0 27789  4.5e-10        -
6967  3.2252e-07  2.3789e-11     16760 1465 16760     2    35      0 27795  4.4e-10        -
6968  3.2257e-07  4.7578e-11     16762 1466 16762     2    35      0 27798  1.4e-08        -
6970  3.2267e-07  4.7578e-11     16766 1466 16766     2    35      0 27804  5.9e-09        -
6973  3.2281e-07  4.7578e-11     16772 1466 16772     2    35      0 27813    5e-09        -
6977  3.2298e-07  2.4002e-11     16780 1467 16780     2    35      0 27825  7.2e-10        -
6980  3.2307e-07  4.8005e-11     16786 1468 16786     2    35      0 27834  2.4e-08        -
6984  3.2326e-07  4.8005e-11     16794 1468 16794     2    35      0 27846  1.5e-08        -
6988  3.2345e-07  4.5981e-11     16803 1468 16803     2    35      0 27861  7.2e-10        -
6991  3.2359e-07  4.5981e-11     16812 1468 16812     2    35      0 27879  5.7e-10        -
6993  3.2368e-07  4.5981e-11     16818 1468 16818     2    35      0 27891  5.3e-10        -
6996  3.2382e-07  4.5981e-11     16827 1468 16827     2    35      0 27909  4.8e-10        -
6998  3.2391e-07  4.5981e-11     16833 1468 16833     2    35      0 27921  4.3e-10        -
6999  3.2396e-07  4.3087e-11     16837 1468 16837     2    35      0 27929  7.4e-10        -
7001  3.2404e-07  4.3087e-11     16845 1468 16845     2    35      0 27945  6.8e-10        -
7003  3.2413e-07  4.3087e-11     16853 1468 16853     2    35      0 27961  6.4e-10        -
7005  3.2422e-07  4.3087e-11     16861 1468 16861     2    35      0 27977  5.9e-10        -
7006  3.2426e-07  4.3087e-11     16867 1469 16867     2    35      0 27988  2.6e-10        -
7008  3.2434e-07  4.3087e-11     16871 1470 16871     2    35      0 27994  6.9e-12        -
7011  3.2447e-07  3.4566e-11     16881 1471 16881     2    35      0 28011  9.7e-13        -
7014  3.2457e-07  3.4566e-11     16887 1472 16887     2    35      0 28020  9.4e-13        -
7018  3.2471e-07  3.4566e-11     16895 1472 16895     2    35      0 28032  7.9e-13        -
7021  3.2481e-07  3.4566e-11     16901 1472 16901     2    35      0 28041  7.5e-13        -
7025  3.2495e-07  3.4566e-11     16909 1472 16909     2    35      0 28053  2.2e-13        -
7026  3.2497e-07  2.5324e-11     16915 1473 16915     2    35      0 28064  4.5e-14        -
7028  3.2505e-07  5.0647e-11     16917 1475 16917     2    35      0 28064        0        -
7031   3.255e-07  1.7403e-10 out 16920 1477 16920     2    35      0 28064        0        -
7036   3.275e-07       5e-10 out 16925 1478 16925     2    35      0 28064        0        -
7041     3.3e-07       5e-10 out 16930 1478 16930     2    35      0 28064        0        -
7047    3.33e-07       5e-10 out 16936 1478 16936     2    35      0 28064        0        -
7051    3.35e-07       5e-10 out 16940 1478 16940     2    35      0 28064        0        -
7057    3.38e-07       5e-10 out 16946 1478 16946     2    35      0 28064        0        -
7064   3.415e-07       5e-10 out 16953 1478 16953     2    35      0 28064        0        -
7071    3.45e-07       5e-10 out 16960 1478 16960     2    35      0 28064        0        -
7076   3.475e-07       5e-10 out 16965 1478 16965     2    35      0 28064        0        -
7082   3.505e-07       5e-10 out 16971 1478 16971     2    35      0 28064        0        -
7089    3.54e-07       5e-10 out 16978 1478 16978     2    35      0 28064        0        -
7093    3.56e-07       5e-10 out 16982 1478 16982     2    35      0 28064        0        -
7098   3.585e-07       5e-10 out 16987 1478 16987     2    35      0 28064        0        -
7103    3.61e-07       5e-10 out 16992 1478 16992     2    35      0 28064        0        -
7106   3.625e-07       5e-10 out 16995 1478 16995     2    35      0 28064        0        -
7113    3.66e-07       5e-10 out 17002 1478 17002     2    35      0 28064        0        -
7120   3.695e-07       5e-10 out 17009 1478 17009     2    35      0 28064        0        -
7124   3.715e-07       5e-10 out 17013 1478 17013     2    35      0 28064        0        -
7131    3.75e-07       5e-10 out 17020 1478 17020     2    35      0 28064        0        -
-------    当前进度:  77 % - 
7137    3.78e-07       5e-10 out 17026 1478 17026     2    35      0 28064        0        -
7143    3.81e-07       5e-10 out 17032 1478 17032     2    35      0 28064        0        -
7150   3.845e-07       5e-10 out 17039 1478 17039     2    35      0 28064        0        -
7155    3.87e-07       5e-10 out 17044 1478 17044     2    35      0 28064        0        -
7162   3.905e-07       5e-10 out 17051 1478 17051     2    35      0 28064        0        -
7169    3.94e-07       5e-10 out 17058 1478 17058     2    35      0 28064        0        -
7174   3.965e-07       5e-10 out 17063 1478 17063     2    35      0 28064        0        -
7181       4e-07       5e-10 out 17070 1478 17070     2    35      0 28064        0        -
7187    4.03e-07       5e-10 out 17076 1478 17076     2    35      0 28064        0        -
7193    4.06e-07       5e-10 out 17082 1478 17082     2    35      0 28064        0        -
7197    4.08e-07       5e-10 out 17086 1478 17086     2    35      0 28064        0        -
7203    4.11e-07       5e-10 out 17092 1478 17092     2    35      0 28064        0        -
7210   4.145e-07       5e-10 out 17099 1478 17099     2    35      0 28064        0        -
7217    4.18e-07       5e-10 out 17106 1478 17106     2    35      0 28064        0        -
7224   4.215e-07       5e-10 out 17113 1478 17113     2    35      0 28064        0        -
7230   4.245e-07       5e-10 out 17119 1478 17119     2    35      0 28064        0        -
7236   4.275e-07       5e-10 out 17125 1478 17125     2    35      0 28064        0        -
7242   4.305e-07       5e-10 out 17131 1478 17131     2    35      0 28064        0        -
7248   4.335e-07       5e-10 out 17137 1478 17137     2    35      0 28064        0        -
7255    4.37e-07       5e-10 out 17144 1478 17144     2    35      0 28064        0        -
7261     4.4e-07       5e-10 out 17150 1478 17150     2    35      0 28064        0        -
7266   4.425e-07       5e-10 out 17155 1478 17155     2    35      0 28064        0        -
7272   4.455e-07       5e-10 out 17161 1478 17161     2    35      0 28064        0        -
7278   4.485e-07       5e-10 out 17167 1478 17167     2    35      0 28064        0        -
7284   4.515e-07       5e-10 out 17173 1478 17173     2    35      0 28064        0        -
7289    4.54e-07       5e-10 out 17178 1478 17178     2    35      0 28064        0        -
7296   4.575e-07       5e-10 out 17185 1478 17185     2    35      0 28064        0        -
7303    4.61e-07       5e-10 out 17192 1478 17192     2    35      0 28064        0        -
7309    4.64e-07       5e-10 out 17198 1478 17198     2    35      0 28064        0        -
7315    4.67e-07       5e-10 out 17204 1478 17204     2    35      0 28064        0        -
7321     4.7e-07       5e-10 out 17210 1478 17210     2    35      0 28064        0        -
7328   4.735e-07       5e-10 out 17217 1478 17217     2    35      0 28064        0        -
7335    4.77e-07       5e-10 out 17224 1478 17224     2    35      0 28064        0        -
7342   4.805e-07       5e-10 out 17231 1478 17231     2    35      0 28064        0        -
7349    4.84e-07       5e-10 out 17238 1478 17238     2    35      0 28064        0        -
7356   4.875e-07       5e-10 out 17245 1478 17245     2    35      0 28064        0        -
7362   4.905e-07       5e-10 out 17251 1478 17251     2    35      0 28064        0        -
7368   4.935e-07       5e-10 out 17257 1478 17257     2    35      0 28064        0        -
7372   4.955e-07       5e-10 out 17261 1478 17261     2    35      0 28064        0        -
7379    4.99e-07       5e-10 out 17268 1478 17268     2    35      0 28064        0        -
7381       5e-07       5e-10 out 17270 1478 17270     2    35      0 28064        0        -
---------- 当前进度: 100 % - 
求解时间：14 s。
物理内存: 1.03 GB
虚拟内存: 1.03 GB
结束时间：2026年9月4日 00:36:32。
----- Study 2 - Single_Muon_Diagnostic/解 2 (sol2) 中的“瞬态求解器 1” ----------------->
CHECKPOINT_SINGLE_MUON_SOLVED=E:\imp\imp\project\muon-ion_beam\stage1_3d_feasibility\comsol\stage1_3d_feasibility.mph
BUILD_STAGE1_3D_PHASE=RESULTS
           当前进度:   0 % - 
Memory: 1035/1055 1042/1070
---        当前进度:  34 % - 正在计算
Memory: 1037/1055 1043/1070
---------  当前进度:  95 % - 正在计算
Memory: 993/1055 996/1070
           当前进度:   0 % - 
Memory: 995/1055 998/1070
-          当前进度:  12 % - 正在计算
Memory: 998/1055 1001/1070
--         当前进度:  21 % - 正在计算
---        当前进度:  31 % - 正在计算
----       当前进度:  40 % - 正在计算
-----      当前进度:  50 % - 正在计算
-----      当前进度:  59 % - 正在计算
Memory: 999/1055 1001/1070
------     当前进度:  68 % - 正在计算
Memory: 999/1055 1002/1070
-------    当前进度:  77 % - 正在计算
--------   当前进度:  88 % - 正在计算
---------  当前进度:  97 % - 正在计算
---------- 当前进度: 100 % - 正在计算
           当前进度:   0 % - 正在绘制
           当前进度:   9 % - 正在计算
-          当前进度:  10 % - 正在绘制
Memory: 1000/1055 1002/1070
--------   当前进度:  81 % - 正在计算
--------   当前进度:  83 % - 正在计算
Memory: 1001/1055 1002/1070
---------  当前进度:  90 % - 正在计算
           当前进度:   0 % - 正在绘制
           当前进度:   9 % - 正在计算
-          当前进度:  10 % - 正在绘制
--------   当前进度:  80 % - 正在计算
Memory: 1072/1072 1081/1081
--------   当前进度:  81 % - 正在计算
Memory: 1088/1088 1100/1100
--------   当前进度:  84 % - 正在计算
Memory: 1071/1088 1085/1100
--------   当前进度:  87 % - 正在计算
Memory: 1067/1088 1078/1100
--------   当前进度:  88 % - 正在计算
---------  当前进度:  91 % - 正在计算
---------  当前进度:  92 % - 正在计算
---------  当前进度:  95 % - 正在计算
---------  当前进度:  98 % - 正在计算
           当前进度:   0 % - 正在绘制
           当前进度:   9 % - 正在计算
-          当前进度:  10 % - 正在绘制
--------   当前进度:  80 % - 正在计算
Memory: 1086/1090 1094/1102
--------   当前进度:  81 % - 正在计算
Memory: 1107/1107 1122/1122
--------   当前进度:  84 % - 正在计算
Memory: 1092/1108 1106/1122
--------   当前进度:  87 % - 正在计算
Memory: 1089/1108 1102/1122
--------   当前进度:  88 % - 正在计算
---------  当前进度:  91 % - 正在计算
---------  当前进度:  92 % - 正在计算
---------  当前进度:  95 % - 正在计算
---------  当前进度:  98 % - 正在计算
           当前进度:   0 % - 正在绘制
           当前进度:   9 % - 正在计算
Memory: 1092/1108 1106/1122
-          当前进度:  10 % - 正在绘制
---------- 当前进度: 100 % - 正在绘制
Memory: 1093/1108 1106/1122
-          当前进度:  10 % - 正在绘制
Memory: 1093/1108 1107/1122
-          当前进度:  14 % - 正在计算
---        当前进度:  35 % - 正在计算
Memory: 1104/1108 1120/1122
---        当前进度:  30 % - 正在计算
Memory: 1109/1109 1124/1124
---        当前进度:  34 % - 正在计算
Memory: 1106/1109 1120/1124
-----      当前进度:  52 % - 正在计算
-----      当前进度:  55 % - 正在绘制
-----      当前进度:  59 % - 正在计算
--------   当前进度:  80 % - 正在计算
Memory: 1107/1109 1121/1124
-------    当前进度:  75 % - 正在计算
Memory: 1112/1112 1129/1129
-------    当前进度:  79 % - 正在计算
---------  当前进度:  97 % - 正在计算
Memory: 1113/1113 1131/1131
-          当前进度:  10 % - 正在绘制
--------   当前进度:  80 % - 正在计算
Memory: 1112/1115 1130/1133
---------  当前进度:  99 % - 正在计算
Memory: 1115/1115 1133/1133
-          当前进度:  10 % - 正在绘制
---------  当前进度:  99 % - 正在计算
Memory: 1081/1115 1099/1133
---        当前进度:  30 % - 生成图像
Memory: 1172/1172 1181/1181
           当前进度:   0 % - 导出 STEP
Memory: 1137/1308 1129/1321
Bspline aprx. value in effect for this translation :0.000010 meters

      Summary of STEP Entities

Entity Type                                                   Count
-----------                                                   ------
advanced_brep_shape_representation .......................:   2
advanced_face ............................................:   56
application_context ......................................:   2
application_protocol_definition ..........................:   2
axis2_placement_3d .......................................:   146
brep_with_voids ..........................................:   1
cartesian_point ..........................................:   278
circle ...................................................:   88
closed_shell .............................................:   6
cylindrical_surface ......................................:   44
direction ................................................:   336
edge_curve ...............................................:   132
edge_loop ................................................:   66
face_bound ...............................................:   66
geometric_representation_context_and_global_uncertainty_a :   2
length_unit_and_si_unit ..................................:   2
line .....................................................:   44
manifold_solid_brep ......................................:   1
mechanical_design_geometric_presentation_representation ..:   2
oriented_closed_shell ....................................:   4
oriented_edge ............................................:   264
plane ....................................................:   12
plane_angle_unit_and_si_unit .............................:   2
product ..................................................:   2
product_category .........................................:   2
product_context ..........................................:   2
product_definition .......................................:   2
product_definition_context ...............................:   2
product_definition_formation_with_specified_source .......:   2
product_definition_shape .................................:   2
product_related_product_category .........................:   2
shape_definition_representation ..........................:   2
shape_representation .....................................:   2
shape_representation_relationship ........................:   2
si_unit_and_solid_angle_unit .............................:   2
uncertainty_measure_with_unit ............................:   2
vector ...................................................:   44
vertex_point .............................................:   88
                                                             -------
Total                                                         1716
.:   132
edge_loop ................................................:   66
face_bound ...............................................:   66
geometric_representation_context_and_global_uncertainty_a :   2
length_unit_and_si_unit ..................................:   2
line .....................................................:   44
manifold_solid_brep ......................................:   1
mechanical_design_geometric_presentation_representation ..:   2
oriented_closed_shell ....................................:   4
oriented_edge ............................................:   264
plane ....................................................:   12
plane_angle_unit_and_si_unit .............................:   2
product ..................................................:   2
product_category .........................................:   2
product_context ..........................................:   2
product_definition .......................................:   2
product_definition_context ...............................:   2
product_definition_formation_with_specified_source .......:   2
product_definition_shape .................................:   2
product_related_product_category .........................:   2
shape_definition_representation ..........................:   2
shape_representation .....................................:   2
shape_representation_relationship ........................:   2
si_unit_and_solid_angle_unit .............................:   2
uncertainty_measure_with_unit ............................:   2
vector ...................................................:   44
vertex_point .............................................:   88
                                                             -------
Total                                                         1716
GEOMETRY_EXPORT_STEP=SUCCESS
CHECKPOINT_BASELINE_RESULTS_SAVED=E:\imp\imp\project\muon-ion_beam\stage1_3d_feasibility\comsol\stage1_3d_feasibility.mph
BUILD_STAGE1_3D_COMPLETE
OUTPUT_MPH=E:\imp\imp\project\muon-ion_beam\stage1_3d_feasibility\comsol\stage1_3d_feasibility.mph
PHYSICS_WARNING=Geant4 mean electromagnetic stopping baseline; not complete muon-Ne survival prediction.
类运行时: 49 s.
总时间: 49 s.
