*******************************************
***COMSOL 6.4.0.293 progress output file***
*******************************************
Fri Sep 04 19:13:37 CST 2026
COMSOL Multiphysics 6.4 (开发版本: 293) 在批处理模式下启动
正在运行: E:\imp\imp\project\muon-ion_beam\stage1_3d_feasibility\scripts\BuildStage1_3D.class
BUILD_STAGE1_3D_ROOT=E:\imp\imp\project\muon-ion_beam\stage1_3d_feasibility
BUILD_STAGE1_3D_STOPPING_FILE=E:\imp\imp\project\muon-ion_beam\muon\ne\comsol_muNe_SN.txt
BUILD_STAGE1_3D_PHASE=CREATE_MODEL
---------- 当前进度: 100 % - 正在更新选择
Memory: 409/409 423/423
           当前进度:   0 % - Grounded outer shell / bore boundary
Memory: 419/419 432/432
           当前进度:   4 % - Uniform Ne gas volume before electrode subtraction
Memory: 430/430 438/439
           当前进度:   8 % - Gas cutter reserved for dielectric liner
-          当前进度:  12 % - Representative alumina dielectric liner
-          当前进度:  12 % - 执行布尔操作
Memory: 434/434 440/440
-----      当前进度:  52 % - V1 electrode outer blank
-----      当前进度:  56 % - V1 aperture cutter
------     当前进度:  60 % - V1 finite-thickness annular electrode
------     当前进度:  60 % - 执行布尔操作
           当前进度:   0 % - V1 electrode, 1 mm rounded edges
Memory: 436/436 442/442
GEOMETRY_ELECTRODE_ROUNDED=V1
           当前进度:   0 % - V2 electrode outer blank
Memory: 439/439 444/444
           当前进度:   8 % - V2 aperture cutter
-          当前进度:  17 % - V2 finite-thickness annular electrode
-          当前进度:  17 % - 执行布尔操作
           当前进度:   0 % - V2 electrode, 1 mm rounded edges
GEOMETRY_ELECTRODE_ROUNDED=V2
           当前进度:   0 % - V3 electrode outer blank
Memory: 440/440 445/445
           当前进度:   8 % - V3 aperture cutter
-          当前进度:  17 % - V3 finite-thickness annular electrode
-          当前进度:  17 % - 执行布尔操作
           当前进度:   0 % - V3 electrode, 1 mm rounded edges
GEOMETRY_ELECTRODE_ROUNDED=V3
           当前进度:   0 % - V4 electrode outer blank
Memory: 441/441 445/445
           当前进度:   8 % - V4 aperture cutter
-          当前进度:  17 % - V4 finite-thickness annular electrode
-          当前进度:  17 % - 执行布尔操作
           当前进度:   0 % - V4 electrode, 1 mm rounded edges
Memory: 441/441 446/446
GEOMETRY_ELECTRODE_ROUNDED=V4
           当前进度:   0 % - Ne gas domain excluding four electrode solids
           当前进度:   0 % - 执行布尔操作
-----      当前进度:  50 % - 形成联合体
-----      当前进度:  50 % - 执行布尔操作
Memory: 442/442 446/446
---------- 当前进度: 100 % - 正在更新选择
GEOMETRY_SELECTION_TAGS=[geom1_outer0_pnt, geom1_outer0_edg, geom1_outer0_bnd, geom1_outer0_dom, geom1_gas0_pnt, geom1_gas0_edg, geom1_gas0_bnd, geom1_gas0_dom, geom1_diel0_pnt, geom1_diel0_edg, geom1_diel0_bnd, geom1_diel0_dom, geom1_v1_ring_pnt, geom1_v1_ring_edg, geom1_v1_ring_bnd, geom1_v1_ring_dom, geom1_v1_rounded_pnt, geom1_v1_rounded_edg, geom1_v1_rounded_bnd, geom1_v1_rounded_dom, geom1_v2_ring_pnt, geom1_v2_ring_edg, geom1_v2_ring_bnd, geom1_v2_ring_dom, geom1_v2_rounded_pnt, geom1_v2_rounded_edg, geom1_v2_rounded_bnd, geom1_v2_rounded_dom, geom1_v3_ring_pnt, geom1_v3_ring_edg, geom1_v3_ring_bnd, geom1_v3_ring_dom, geom1_v3_rounded_pnt, geom1_v3_rounded_edg, geom1_v3_rounded_bnd, geom1_v3_rounded_dom, geom1_v4_ring_pnt, geom1_v4_ring_edg, geom1_v4_ring_bnd, geom1_v4_ring_dom, geom1_v4_rounded_pnt, geom1_v4_rounded_edg, geom1_v4_rounded_bnd, geom1_v4_rounded_dom, geom1_gaswork_pnt, geom1_gaswork_edg, geom1_gaswork_bnd, geom1_gaswork_dom]
GEOMETRY_DOMAINS_GAS=[2]
GEOMETRY_DOMAINS_DIELECTRIC=[1]
GEOMETRY_BND_V1=[9, 10, 11, 12, 25, 26, 35, 39, 43, 47]
GEOMETRY_BND_OUTER=[1, 2, 3, 4, 33, 52]
           当前进度:   0 % - 点 1
Memory: 504/504 503/503
---------- 当前进度: 100 % - 正在更新选择
BUILD_STAGE1_3D_PHASE=MESH
           当前进度:   0 % - 自由四面体网格
Memory: 507/510 505/509
顶点单元数：80
           当前进度:   9 % - 分析域
Memory: 520/520 514/514
--         当前进度:  21 % - 正在创建边界网格
Memory: 523/526 517/523
--         当前进度:  24 % - 正在创建边界网格
边单元数：1448
边界单元数：20562
----       当前进度:  43 % - 正在创建初始四面体网格
Memory: 539/539 534/534
----       当前进度:  47 % - 相关边界
Memory: 540/545 540/540
------     当前进度:  65 % - 相关边界
Memory: 544/545 541/551
--------   当前进度:  82 % - 正在提高单元质量
Memory: 552/553 555/557
单元数：82371
最小单元质量：0.1802
---------- 当前进度: 100 % - 正在定型网格
Memory: 552/554 551/557
CHECKPOINT_CADLIKE_GEOMETRY_AND_MODEL_SAVED=E:\imp\imp\project\muon-ion_beam\stage1_3d_feasibility\comsol\stage1_3d_feasibility.mph
BUILD_STAGE1_3D_PHASE=SOLVE_ELECTROSTATICS
           当前进度:   2 % - 生成方程
Memory: 576/580 571/575
           当前进度:   3 % - 生成方程
Memory: 696/696 691/697
<---- Study 1 - 3D Electrostatics stationary/解 1 (sol1) 中的“编译方程: 稳态” -----------
开始于 2026年9月4日 19:13:52。
几何形函数: 二次拉格朗日单元
几何形函数: 二次拉格朗日单元
在 Intel64 Family 6 Model 186 Stepping 2, GenuineIntel 上运行。
在以下位置使用 1 个插槽： 陈红星 上（共 1 个内核）。
可用内存：15.90 GB。
           当前进度:   3 % - 编译方程: 稳态
Memory: 764/764 775/775
           当前进度:   6 % - 编译方程: 稳态
Memory: 774/774 781/785
           当前进度:   7 % - 编译方程: 稳态
Memory: 835/849 839/855
时间：2。
物理内存: 849 MB
虚拟内存: 855 MB
Warning: 自由空间采用真空条件，这会导致某些材料属性被忽略。请考虑为忽略的材料添加合适的物理场特征。

  - 节点: 自由空间 1

  - 物理场: Electrostatics: four finite-thickness rounded ring electrodes (es)

  - Materials: Natural Neon gas, representative relative permittivity (mat_gas), Representative alumina ceramic; epsilon_r=9.4 assumption (mat_diel)

  - Quantities: 相对介电常数, 相对介电常数
结束时间：2026年9月4日 19:13:54。
----- Study 1 - 3D Electrostatics stationary/解 1 (sol1) 中的“编译方程: 稳态” ---------->
<---- Study 1 - 3D Electrostatics stationary/解 1 (sol1) 中的“因变量 1” --------------
开始于 2026年9月4日 19:13:54。
           当前进度:   7 % - 因变量 1
Memory: 849/850 853/855
求解时间：0 s。
物理内存: 850 MB
虚拟内存: 853 MB
结束时间：2026年9月4日 19:13:54。
----- Study 1 - 3D Electrostatics stationary/解 1 (sol1) 中的“因变量 1” ------------->
<---- Study 1 - 3D Electrostatics stationary/解 1 (sol1) 中的“稳态求解器 1” ------------
开始于 2026年9月4日 19:13:54。
线性求解器 
求解的自由度数：122163。
--         当前进度:  21 % - 正在组装残差
Memory: 858/859 855/861
--         当前进度:  24 % - 组装稀疏模式
Memory: 862/876 860/875
---        当前进度:  35 % - 组装矩阵
Memory: 883/883 885/885
找到对称矩阵。
缩放因变量：
电势 (comp1.V): 1
已使用正交零空间函数。
---        当前进度:  38 % - 
Memory: 895/911 903/911
---        当前进度:  38 % - 组装延展
Memory: 929/929 930/930
-----      当前进度:  56 % - 组装稀疏模式
Memory: 881/933 887/937
Iter      SolEst     Damping    Stepsize #Res #Jac #Sol LinIt   LinErr   LinRes
-------    当前进度:  74 % - 求解线性方程组
Memory: 907/933 932/937
---------- 当前进度: 100 % - 
Memory: 911/933 937/937
   1        0.76   1.0000000        0.76    1    1    1     4  2.8e-05  5.4e-08
求解时间：4 s。
物理内存: 933 MB
虚拟内存: 937 MB
结束时间：2026年9月4日 19:13:58。
----- Study 1 - 3D Electrostatics stationary/解 1 (sol1) 中的“稳态求解器 1” ----------->
CHECKPOINT_3D_ELECTROSTATICS_SOLVED=E:\imp\imp\project\muon-ion_beam\stage1_3d_feasibility\comsol\stage1_3d_feasibility.mph
BUILD_STAGE1_3D_PHASE=SOLVE_SINGLE_MUON
           当前进度:   2 % - 生成方程
Memory: 889/933 904/937
           当前进度:   3 % - 生成方程
Memory: 890/933 904/937
<---- Study 2 - Single_Muon_Diagnostic/解 2 (sol2) 中的“编译方程: 瞬态” -----------------
开始于 2026年9月4日 19:13:59。
几何形函数: 二次拉格朗日单元
几何形函数: 二次拉格朗日单元
在 Intel64 Family 6 Model 186 Stepping 2, GenuineIntel 上运行。
在以下位置使用 1 个插槽： 陈红星 上（共 1 个内核）。
可用内存：15.90 GB。
           当前进度:   4 % - 编译方程: 瞬态
Memory: 1007/1010 1019/1020
           当前进度:   5 % - 编译方程: 瞬态
Memory: 1022/1041 1033/1052
时间：1。
物理内存: 1.04 GB
虚拟内存: 1.05 GB
Warning: 自由空间采用真空条件，这会导致某些材料属性被忽略。请考虑为忽略的材料添加合适的物理场特征。

  - 节点: 自由空间 1

  - 物理场: Electrostatics: four finite-thickness rounded ring electrodes (es)

  - Materials: Natural Neon gas, representative relative permittivity (mat_gas), Representative alumina ceramic; epsilon_r=9.4 assumption (mat_diel)

  - Quantities: 相对介电常数, 相对介电常数
结束时间：2026年9月4日 19:14:00。
----- Study 2 - Single_Muon_Diagnostic/解 2 (sol2) 中的“编译方程: 瞬态” ---------------->
<---- Study 2 - Single_Muon_Diagnostic/解 2 (sol2) 中的“因变量 1” --------------------
开始于 2026年9月4日 19:14:00。
不求解变量的值: 解 1 (sol1).
           当前进度:   5 % - 因变量 1
Memory: 1023/1041 1031/1052
求解时间：0 s。
物理内存: 1.02 GB
虚拟内存: 1.03 GB
结束时间：2026年9月4日 19:14:01。
----- Study 2 - Single_Muon_Diagnostic/解 2 (sol2) 中的“因变量 1” ------------------->
<---- Study 2 - Single_Muon_Diagnostic/解 2 (sol2) 中的“瞬态求解器 1” ------------------
开始于 2026年9月4日 19:14:01。
瞬态求解器（广义 α）
求解的自由度数：3（加上 4 个内部自由度）。
找到非对称矩阵。
缩放因变量：
颗粒位置 (comp1.qcpt): 1
Step        Time    Stepsize      Res  Jac  Sol Order Tfail NLfail LinIt   LinErr   LinRes
   0           0           - out    2    3    2                  0     0        0        0
   1    1.25e-10    1.25e-10        8    6    8     2     2      0    13  4.9e-07        -
   3  3.2752e-10  9.5929e-11       16    8   16     2     2      0    27  1.5e-07        -
   5       5e-10  8.6241e-11 out   24   10   24     2     2      0    41  1.2e-07        -
   7  6.6386e-10  7.7617e-11       32   11   32     2     2      0    55  8.7e-08        -
   9  8.1133e-10  6.9856e-11       40   13   40     2     2      0    69  6.1e-08        -
  11  9.4059e-10  5.9407e-11       48   15   48     2     2      0    83  3.1e-08        -
  14  1.1188e-09  5.9407e-11       54   16   54     2     2      0    92  3.2e-07        -
  17   1.297e-09  5.9407e-11       60   16   60     2     2      0   101  8.2e-07        -
  20  1.4579e-09  4.2077e-11       70   17   70     2     2      0   119  7.4e-09        -
  23  1.5842e-09  4.2077e-11       76   18   76     2     2      0   128    7e-08        -
  26  1.7104e-09  4.2077e-11       82   18   82     2     2      0   137  1.7e-07        -
  29  1.8366e-09  4.2077e-11       88   18   88     2     2      0   146  2.6e-07        -
  32  1.9604e-09  3.9614e-11       95   18   95     2     2      0   158  3.1e-11        -
  34  2.0396e-09  3.9614e-11      101   18  101     2     2      0   170  3.1e-11        -
  37  2.1585e-09  3.9614e-11      110   18  110     2     2      0   188  2.9e-11        -
  39  2.2377e-09  3.9614e-11      116   18  116     2     2      0   200  2.9e-11        -
  41  2.3169e-09  3.9614e-11      122   18  122     2     2      0   212  2.8e-11        -
  43  2.3961e-09  3.9614e-11      128   18  128     2     2      0   224  2.7e-11        -
  45  2.4679e-09  3.2122e-11      137   19  137     2     2      0   241  1.8e-09        -
           当前进度:   7 % - 
Memory: 1020/1041 1029/1052
  47  2.5642e-09  6.4243e-11      141   21  141     2     2      0   247  5.6e-08        -
  50   2.757e-09  6.4243e-11      147   21  147     2     2      0   256  6.7e-07        -
  53  2.9427e-09  5.7271e-11      157   22  157     2     2      0   274  2.4e-08        -
  55  3.0573e-09  5.7271e-11      161   23  161     2     2      0   280  1.2e-07        -
  59  3.2864e-09  5.7271e-11      169   23  169     2     2      0   292  4.6e-07        -
  62  3.4504e-09  4.9552e-11      179   24  179     2     2      0   309  9.6e-09        -
  65  3.5991e-09  4.9552e-11      185   25  185     2     2      0   318  8.5e-08        -
  68  3.7478e-09  4.9552e-11      191   25  191     2     2      0   327    2e-07        -
  71  3.8964e-09  4.9552e-11      197   25  197     2     2      0   336    3e-07        -
  73   3.973e-09  2.7015e-11      201   26  201     2     2      0   342  4.5e-10        -
  75   4.054e-09  5.4029e-11      205   27  205     2     2      0   348  1.4e-08        -
  78  4.2161e-09  5.4029e-11      211   27  211     2     2      0   357  1.9e-07        -
  82  4.4322e-09  5.4029e-11      219   27  219     2     2      0   369  4.3e-07        -
  85  4.5678e-09  6.7766e-11      225   29  225     2     2      0   378  4.6e-08        -
  89  4.8388e-09  6.7766e-11      233   29  233     2     2      0   390  7.8e-07        -
  91  4.9533e-09  4.6703e-11      241   30  241     2     2      0   404  6.7e-09        -
  94  5.0934e-09  4.6703e-11      247   31  247     2     2      0   413  5.9e-08        -
  98  5.2802e-09  4.6703e-11      255   31  255     2     2      0   425  1.6e-07        -
 102  5.4602e-09  3.9838e-11      267   32  267     2     2      0   445  2.7e-09        -
 105  5.5797e-09  3.9838e-11      273   33  273     2     2      0   454  2.4e-08        -
 109   5.739e-09  3.9838e-11      281   33  281     2     2      0   466  6.7e-08        -
 114  5.9382e-09  3.9838e-11      291   33  291     2     2      0   481  1.2e-07        -
 115  5.9691e-09  3.0891e-11      297   34  297     2     2      0   492  8.3e-10        -
 117  6.0618e-09  6.1781e-11      301   36  301     2     2      0   498  2.7e-08        -
 121  6.3089e-09  6.1781e-11      309   36  309     2     2      0   510  4.7e-07        -
 124  6.4662e-09  3.3765e-11      315   37  315     2     2      0   519  1.7e-09        -
 128  6.6013e-09  3.3765e-11      323   37  323     2     2      0   531  2.9e-08        -
 130  6.7296e-09  6.0777e-11      331   39  331     2     2      0   545  3.8e-08        -
 133  6.9119e-09  6.0777e-11      337   40  337     2     2      0   554  3.8e-07        -
 134   6.956e-09  4.4034e-11      343   41  343     2     2      0   565    1e-08        -
 137  7.0881e-09  4.4034e-11      349   42  349     2     2      0   574  9.7e-08        -
 142  7.3082e-09  4.4034e-11      359   42  359     2     2      0   589  3.3e-07        -
 146  7.4702e-09   2.983e-11      371   43  371     2     2      0   609  2.3e-09        -
 149  7.6193e-09   5.966e-11      377   45  377     2     2      0   618  3.6e-07        -
 153   7.858e-09   5.966e-11      385   45  385     2     2      0   632    7e-12        -
 155  7.9588e-09  4.1191e-11      393   46  393     2     2      0   647  8.9e-09        -
 158  8.0824e-09  4.1191e-11      399   47  399     2     2      0   656  7.7e-08        -
 162  8.2471e-09  4.1191e-11      407   47  407     2     2      0   668  2.1e-07        -
 167  8.4531e-09  4.1191e-11      417   47  417     2     2      0   683  3.5e-07        -
 170  8.5469e-09  4.6896e-11      423   49  423     2     2      0   692  1.4e-08        -
 175  8.7814e-09  4.6896e-11      433   49  433     2     2      0   707  2.9e-07        -
 179   8.961e-09  3.8969e-11      445   50  445     2     2      0   727  5.6e-09        -
           当前进度:   8 % - 组装矩阵
 182  9.0779e-09  3.8969e-11      451   51  451     2     2      0   736  5.1e-08        -
 187  9.2728e-09  3.8969e-11      461   51  461     2     2      0   751  1.6e-07        -
 192  9.4643e-09   3.567e-11      473   51  473     2     2      0   771  9.1e-12        -
 195   9.607e-09  7.1339e-11      483   52  483     2     2      0   790  1.2e-07        -
 200  9.9462e-09  5.3818e-11      497   53  497     2     2      0   816  2.3e-08        -
 204  1.0161e-08  5.3818e-11      505   54  505     2     2      0   828  2.8e-07        -
 209  1.0431e-08  5.3818e-11      515   54  515     2     2      0   843  6.3e-07        -
 211    1.05e-08   3.473e-11 out  519   55  519     2     2      0   849  9.3e-09        -
 215  1.0778e-08   6.946e-11      527   56  527     2     2      0   861  7.3e-07        -
 218  1.0958e-08  4.1621e-11      533   57  533     2     2      0   871  3.8e-09        -
 223  1.1166e-08  4.1621e-11      543   57  543     2     2      0   886  8.4e-08        -
 228  1.1375e-08  4.1621e-11      553   57  553     2     2      0   901  1.6e-07        -
 232    1.15e-08  2.1087e-11 out  561   58  561     2     2      0   913  7.1e-10        -
 234  1.1584e-08  4.2174e-11      565   59  565     2     2      0   919  2.3e-08        -
 239  1.1795e-08  4.2174e-11      575   59  575     2     2      0   934  1.2e-07        -
 243  1.1961e-08   3.913e-11      584   59  584     2     2      0   949  9.1e-12        -
 246  1.2157e-08  7.8261e-11      591   60  591     2     2      0   961    5e-07        -
 248  1.2305e-08  7.0435e-11      599   61  599     2     2      0   975  5.7e-08        -
 250  1.2438e-08  6.2174e-11      607   63  607     2     2      0   989  2.9e-08        -
 254  1.2687e-08  6.2174e-11      615   64  615     2     2      0  1001  3.7e-07        -
 259  1.2968e-08   3.239e-11      625   65  625     2     2      0  1016    1e-09        -
 262   1.313e-08   6.478e-11      631   66  631     2     2      0  1025  1.7e-07        -
 267  1.3444e-08  5.5661e-11      645   67  645     2     2      0  1048  1.7e-08        -
 271  1.3667e-08  5.5661e-11      653   68  653     2     2      0  1060  2.2e-07        -
 276  1.3945e-08  5.5188e-11      663   68  663     2     2      0  1076  4.4e-11        -
 279   1.411e-08  5.5188e-11      669   68  669     2     2      0  1088  4.9e-11        -
 282  1.4276e-08  5.5188e-11      675   68  675     2     2      0  1100  5.5e-11        -
 285  1.4442e-08  5.5188e-11      681   68  681     2     2      0  1112  6.1e-11        -
 288  1.4558e-08  5.8495e-11      687   70  687     2     2      0  1121  5.2e-08        -
 293  1.4851e-08  5.8495e-11      697   70  697     2     2      0  1137  7.3e-12        -
 295  1.4955e-08  4.5267e-11      705   71  705     2     2      0  1152  1.8e-08        -
 299  1.5136e-08  4.5267e-11      713   72  713     2     2      0  1164  2.2e-07        -
 304  1.5362e-08  4.5267e-11      723   72  723     2     2      0  1179  5.3e-07        -
 308    1.55e-08  2.3666e-11 out  731   73  731     2     2      0  1191  2.6e-09        -
 312  1.5689e-08  4.7332e-11      739   74  739     2     2      0  1203  2.1e-07        -
 317  1.5926e-08  4.7332e-11      749   74  749     2     2      0  1218    5e-07        -
 319     1.6e-08  3.7006e-11 out  757   76  757     2     2      0  1232  4.3e-09        -
 324  1.6185e-08  3.7006e-11      767   76  767     2     2      0  1247    9e-08        -
 328  1.6333e-08  3.7006e-11      775   76  775     2     2      0  1259  1.6e-07        -
 332  1.6472e-08  2.7962e-11      787   77  787     2     2      0  1279  1.1e-09        -
 335  1.6612e-08  5.5924e-11      793   79  793     2     2      0  1288  1.7e-07        -
 340  1.6891e-08  5.5924e-11      803   79  803     2     2      0  1303  8.4e-07        -
 343  1.7054e-08  5.4267e-11      812   79  812     2     2      0  1321  1.7e-11        -
-          当前进度:  10 % - 正在组装残差
 346  1.7217e-08  5.4267e-11      821   79  821     2     2      0  1339  1.5e-11        -
 350  1.7434e-08  5.4267e-11      833   79  833     2     2      0  1363  1.4e-11        -
 353  1.7566e-08  6.5864e-11      839   81  839     2     2      0  1372  5.5e-08        -
 358  1.7895e-08  6.5864e-11      849   81  849     2     2      0  1388  1.7e-11        -
 360     1.8e-08  5.2408e-11 out  857   83  857     2     2      0  1402  1.4e-08        -
 365  1.8262e-08  5.2408e-11      867   83  867     2     2      0  1417  2.8e-07        -
 369   1.846e-08  4.0368e-11      879   84  879     2     2      0  1437  3.5e-09        -
 373  1.8621e-08  4.0368e-11      887   85  887     2     2      0  1449  4.5e-08        -
 377  1.8823e-08  8.0736e-11      895   86  895     2     2      0  1461  1.1e-07        -
 379  1.8948e-08  5.2197e-11      903   88  903     2     2      0  1475  1.3e-08        -
 383  1.9157e-08  5.2197e-11      911   88  911     2     2      0  1487  2.2e-07        -
 387  1.9365e-08  5.2197e-11      919   88  919     2     2      0  1499  4.3e-07        -
 389  1.9459e-08   4.121e-11      927   89  927     2     2      0  1513  3.9e-09        -
 393  1.9624e-08   4.121e-11      935   90  935     2     2      0  1525    5e-08        -
 398   1.983e-08   4.121e-11      945   90  945     2     2      0  1540  1.3e-07        -
 402  1.9977e-08  2.3343e-11      953   91  953     2     2      0  1552    2e-10        -
 405  2.0093e-08  4.6686e-11      959   92  959     2     2      0  1561  3.2e-08        -
 410  2.0327e-08  4.6686e-11      969   92  969     2     2      0  1576  1.6e-07        -
 413   2.046e-08  3.9911e-11      979   93  979     2     2      0  1593  2.8e-09        -
 417   2.062e-08  3.9911e-11      987   94  987     2     2      0  1605  3.7e-08        -
 422  2.0819e-08  3.9911e-11      997   94  997     2     2      0  1620  9.5e-08        -
 426   2.097e-08  3.0491e-11     1009   95 1009     2     2      0  1640  8.8e-10        -
 429  2.1122e-08  6.0981e-11     1015   97 1015     2     2      0  1649  1.5e-07        -
 434  2.1427e-08  6.0981e-11     1025   97 1025     2     2      0  1664  7.6e-07        -
 438  2.1573e-08  3.6565e-11     1033   98 1033     2     2      0  1676  4.1e-08        -
 443  2.1793e-08   7.313e-11     1043   99 1043     2     2      0  1691  1.3e-07        -
 445  2.1933e-08  6.7174e-11     1051  100 1051     2     2      0  1705  9.9e-08        -
 449  2.2202e-08  6.7174e-11     1059  101 1059     2     2      0  1718  1.6e-11        -
 453  2.2452e-08  4.8477e-11     1071  102 1071     2     2      0  1741  2.3e-08        -
 457  2.2645e-08  4.8477e-11     1079  103 1079     2     2      0  1753  2.9e-07        -
 462  2.2888e-08  4.8477e-11     1089  103 1089     2     2      0  1768  6.8e-07        -
 466  2.3064e-08   6.371e-11     1097  105 1097     2     2      0  1780  6.8e-08        -
 471  2.3382e-08   6.371e-11     1107  105 1107     2     2      0  1797  1.5e-11        -
 474  2.3559e-08   5.887e-11     1119  105 1119     2     2      0  1821  4.2e-11        -
 477  2.3735e-08   5.887e-11     1131  105 1131     2     2      0  1845    4e-11        -
 480  2.3912e-08   5.887e-11     1143  105 1143     2     2      0  1869  3.8e-11        -
 482     2.4e-08  4.3953e-11 out 1151  107 1151     2     2      0  1883    1e-08        -
 487   2.422e-08  4.3953e-11     1161  107 1161     2     2      0  1898  2.1e-07        -
 492   2.444e-08  4.3953e-11     1171  107 1171     2     2      0  1913    4e-07        -
 493   2.447e-08  3.0233e-11     1177  108 1177     2     2      0  1924  1.5e-09        -
 496  2.4621e-08  6.0465e-11     1183  110 1183     2     2      0  1933  2.3e-07        -
 501  2.4923e-08  6.0465e-11     1193  110 1193     2     2      0  1949  1.4e-11        -
-          当前进度:  11 % - 正在组装残差
 504  2.5038e-08  3.8372e-11     1199  111 1199     2     2      0  1958  3.2e-08        -
 508  2.5192e-08  3.8372e-11     1207  111 1207     2     2      0  1970  8.6e-08        -
 513  2.5384e-08  3.8372e-11     1217  111 1217     2     2      0  1985  1.5e-07        -
 517    2.55e-08   1.977e-11 out 1225  112 1225     2     2      0  1997  5.3e-10        -
 520  2.5619e-08   3.954e-11     1231  113 1231     2     2      0  2006    3e-08        -
 525  2.5816e-08   3.954e-11     1241  113 1241     2     2      0  2021  9.4e-08        -
 529  2.5967e-08  3.2528e-11     1253  114 1253     2     2      0  2041  1.3e-09        -
 532   2.613e-08  6.5056e-11     1259  116 1259     2     2      0  2050    2e-07        -
 536   2.639e-08  6.5056e-11     1267  116 1267     2     2      0  2062  8.6e-07        -
 538    2.65e-08  5.4831e-11 out 1275  118 1275     2     2      0  2076  1.8e-08        -
 541  2.6664e-08  5.4831e-11     1281  118 1281     2     2      0  2085  2.3e-07        -
 545  2.6884e-08  5.4831e-11     1289  118 1289     2     2      0  2097  5.3e-07        -
 549  2.7061e-08  6.1351e-11     1297  120 1297     2     2      0  2109    3e-08        -
 553  2.7307e-08  6.1351e-11     1305  120 1305     2     2      0  2121    5e-07        -
 556  2.7465e-08  3.5271e-11     1311  121 1311     2     2      0  2130  1.7e-09        -
 558  2.7571e-08  7.0542e-11     1315  122 1315     2     2      0  2136  5.4e-08        -
 561  2.7782e-08  7.0542e-11     1321  122 1321     2     2      0  2145  6.9e-07        -
 564  2.7962e-08  3.8375e-11     1327  123 1327     2     2      0  2155  2.5e-09        -
 567  2.8077e-08  3.8375e-11     1333  123 1333     2     2      0  2164  3.3e-08        -
 570  2.8192e-08  3.8375e-11     1339  123 1339     2     2      0  2173  6.4e-08        -
 574  2.8345e-08  3.8375e-11     1347  123 1347     2     2      0  2185  1.1e-07        -
 578   2.848e-08  1.9748e-11     1355  124 1355     2     2      0  2197  1.1e-10        -
 581  2.8579e-08  3.9496e-11     1361  125 1361     2     2      0  2206  1.8e-08        -
 586  2.8776e-08  3.9496e-11     1371  125 1371     2     2      0  2221  9.4e-08        -
 591  2.8967e-08  3.2774e-11     1385  126 1385     2     2      0  2244    2e-09        -
 593  2.9066e-08  6.5549e-11     1389  128 1389     2     2      0  2250  6.8e-08        -
 597  2.9328e-08  6.5549e-11     1397  128 1397     2     2      0  2263  1.9e-11        -
 599  2.9447e-08  5.3354e-11     1405  129 1405     2     2      0  2278  3.6e-08        -
 602  2.9607e-08  5.3354e-11     1411  130 1411     2     2      0  2287  3.4e-07        -
 606   2.982e-08  5.3354e-11     1419  130 1419     2     2      0  2299  9.3e-07        -
 609  2.9963e-08  3.6586e-11     1429  131 1429     2     2      0  2318  5.3e-09        -
 612  3.0073e-08  3.6586e-11     1435  132 1435     2     2      0  2327  4.6e-08        -
 617  3.0256e-08  3.6586e-11     1445  132 1445     2     2      0  2342  1.4e-07        -
 622  3.0439e-08  3.6586e-11     1455  132 1455     2     2      0  2357  2.3e-07        -
 623   3.047e-08  3.0485e-11     1461  133 1461     2     2      0  2368  1.7e-09        -
 626  3.0622e-08   6.097e-11     1467  135 1467     2     2      0  2377  2.7e-07        -
 631  3.0927e-08   6.097e-11     1477  135 1477     2     2      0  2394  1.7e-11        -
 633     3.1e-08  3.6603e-11 out 1481  136 1481     2     2      0  2400  2.1e-08        -
 638  3.1183e-08  3.6603e-11     1491  136 1491     2     2      0  2415    1e-07        -
 643  3.1366e-08  3.6603e-11     1501  136 1501     2     2      0  2430  1.8e-07        -
 646  3.1567e-08  6.6983e-11     1507  137 1507     2     2      0  2439  7.9e-07        -
 651  3.1902e-08  6.6983e-11     1517  137 1517     2     2      0  2459  3.6e-11        -
 653     3.2e-08   4.905e-11 out 1525  139 1525     2     2      0  2473  1.6e-08        -
 658  3.2245e-08   4.905e-11     1535  139 1535     2     2      0  2488  3.2e-07        -
 663  3.2471e-08  2.9273e-11     1545  140 1545     2     2      0  2503  9.4e-10        -
-          当前进度:  13 % - 组装稀疏模式
 665  3.2559e-08  5.8547e-11     1549  141 1549     2     2      0  2509  2.9e-08        -
 669  3.2793e-08  5.8547e-11     1557  141 1557     2     2      0  2521  4.7e-07        -
 672  3.2955e-08  4.5086e-11     1567  142 1567     2     2      0  2538  6.9e-09        -
 676  3.3135e-08  4.5086e-11     1575  143 1575     2     2      0  2550  8.8e-08        -
 681  3.3361e-08  4.5086e-11     1585  143 1585     2     2      0  2565  2.2e-07        -
 685    3.35e-08   2.457e-11 out 1593  144 1593     2     2      0  2577  1.6e-09        -
 689  3.3697e-08  4.9141e-11     1601  145 1601     2     2      0  2589  1.4e-07        -
 694  3.3942e-08  4.9141e-11     1611  145 1611     2     2      0  2604  3.5e-07        -
 697  3.4058e-08  5.7734e-11     1617  147 1617     2     2      0  2613  2.4e-08        -
 702  3.4346e-08  5.7734e-11     1627  147 1627     2     2      0  2628    5e-07        -
 704  3.4452e-08  4.7932e-11     1635  148 1635     2     2      0  2642  8.2e-09        -
 708  3.4644e-08  4.7932e-11     1643  149 1643     2     2      0  2654    1e-07        -
 713  3.4883e-08  4.7932e-11     1653  149 1653     2     2      0  2669  2.6e-07        -
 715  3.4966e-08  3.4305e-11     1661  150 1661     2     2      0  2683  1.4e-09        -
 718  3.5137e-08   6.861e-11     1667  152 1667     2     2      0  2692  2.2e-07        -
 723  3.5456e-08  4.4171e-11     1677  153 1677     2     2      0  2707    5e-09        -
 728  3.5677e-08  4.4171e-11     1687  153 1687     2     2      0  2722  1.1e-07        -
 733  3.5898e-08  4.4171e-11     1697  153 1697     2     2      0  2737  2.1e-07        -
 737  3.6058e-08  5.8291e-11     1705  155 1705     2     2      0  2749  2.6e-08        -
 742   3.635e-08  5.8291e-11     1715  155 1715     2     2      0  2764  5.7e-07        -
 744  3.6454e-08   4.598e-11     1723  156 1723     2     2      0  2778  1.1e-08        -
 748  3.6638e-08   4.598e-11     1731  157 1731     2     2      0  2790  1.6e-07        -
 753  3.6868e-08   4.598e-11     1741  157 1741     2     2      0  2805  4.2e-07        -
 756     3.7e-08   4.309e-11 out 1751  157 1751     2     2      0  2824    4e-12        -
 759  3.7129e-08   4.309e-11     1763  157 1763     2     2      0  2848  4.3e-12        -
 762  3.7259e-08   4.309e-11     1775  157 1775     2     2      0  2872  4.6e-12        -
 766  3.7431e-08   4.309e-11     1788  157 1788     2     2      0  2898  3.7e-11        -
 768    3.75e-08  3.4548e-11 out 1796  159 1796     2     2      0  2912  3.4e-09        -
 770  3.7631e-08  6.2186e-11     1804  161 1804     2     2      0  2926  6.2e-08        -
 774   3.788e-08  6.2186e-11     1812  162 1812     2     2      0  2938  7.6e-07        -
 778   3.812e-08  5.9986e-11     1824  162 1824     2     2      0  2962  3.6e-11        -
 782   3.836e-08  5.9986e-11     1836  162 1836     2     2      0  2986  3.2e-11        -
 784   3.846e-08  4.0048e-11     1841  163 1841     2     2      0  2995  5.5e-09        -
 788   3.862e-08  4.0048e-11     1849  163 1849     2     2      0  3007    1e-07        -
 793   3.886e-08  8.0097e-11     1859  164 1859     2     2      0  3022    2e-07        -
 795     3.9e-08  6.9783e-11 out 1867  166 1867     2     2      0  3036    1e-07        -
 800  3.9349e-08  6.9783e-11     1877  166 1877     2     2      0  3054  4.1e-11        -
 804  3.9541e-08  4.0651e-11     1885  167 1885     2     2      0  3067  5.1e-08        -
 806  3.9695e-08  7.3173e-11     1893  169 1893     2     2      0  3081  9.9e-08        -
 810  3.9957e-08  4.2678e-11     1901  171 1901     2     2      0  3093  5.7e-09        -
 814  4.0128e-08  4.2678e-11     1909  171 1909     2     2      0  3105  9.4e-08        -
 815  4.0171e-08  4.2678e-11     1911  171 1911     2     2      0  3108  1.1e-07        -
 816  4.0213e-08  4.2678e-11     1913  171 1913     2     2      0  3111  1.4e-07        -
 817  4.0256e-08  4.2678e-11     1915  171 1915     2     2      0  3114  1.6e-07        -
 819  4.0341e-08  4.2678e-11     1919  171 1919     2     2      0  3120  1.9e-07        -
 821  4.0427e-08  4.2678e-11     1923  171 1923     2     2      0  3126  2.3e-07        -
 822  4.0463e-08  3.6612e-11     1929  172 1929     2     2      0  3137  2.3e-09        -
 826   4.072e-08  7.3223e-11     1937  174 1937     2     2      0  3149  6.6e-07        -
-          当前进度:  14 % - 正在组装残差
 830     4.1e-08  6.6942e-11 out 1949  174 1949     2     2      0  3172  3.7e-12        -
 833  4.1201e-08  6.6942e-11     1961  174 1961     2     2      0  3196  7.9e-12        -
 835  4.1335e-08  6.6942e-11     1969  174 1969     2     2      0  3212  9.4e-12        -
 837  4.1451e-08  4.9174e-11     1979  175 1979     2     2      0  3231    1e-08        -
 841  4.1648e-08  4.9174e-11     1987  176 1987     2     2      0  3243  1.3e-07        -
 846  4.1893e-08  4.9174e-11     1997  176 1997     2     2      0  3258  3.3e-07        -
 850  4.2057e-08  5.7438e-11     2005  178 2005     2     2      0  3270    2e-08        -
 855  4.2345e-08  5.7438e-11     2015  178 2015     2     2      0  3285  4.1e-07        -
 857  4.2451e-08  4.8967e-11     2023  179 2023     2     2      0  3299  8.7e-09        -
 861  4.2647e-08  4.8967e-11     2031  180 2031     2     2      0  3311  1.1e-07        -
 866  4.2892e-08  4.8967e-11     2041  180 2041     2     2      0  3326  2.8e-07        -
 870  4.3059e-08  5.9293e-11     2049  182 2049     2     2      0  3338  2.4e-08        -
 875  4.3356e-08  5.9293e-11     2059  182 2059     2     2      0  3353  5.3e-07        -
 877  4.3458e-08  4.2475e-11     2067  183 2067     2     2      0  3367  5.7e-09        -
 880  4.3585e-08  4.2475e-11     2073  184 2073     2     2      0  3376  5.5e-08        -
 883  4.3712e-08  4.2475e-11     2079  184 2079     2     2      0  3385  1.3e-07        -
 887  4.3941e-08  5.8862e-11     2091  186 2091     2     2      0  3405  4.4e-08        -
 891  4.4177e-08  5.8862e-11     2099  187 2099     2     2      0  3417  6.3e-07        -
 896  4.4456e-08  4.3982e-11     2113  188 2113     2     2      0  3443  1.4e-08        -
 900  4.4632e-08  4.3982e-11     2121  189 2121     2     2      0  3455  1.8e-07        -
 905  4.4852e-08  4.3982e-11     2131  189 2131     2     2      0  3470  4.3e-07        -
 908   4.497e-08   3.009e-11     2141  190 2141     2     2      0  3487  1.7e-09        -
 911   4.512e-08   6.018e-11     2147  192 2147     2     2      0  3496  2.6e-07        -
 916  4.5421e-08   6.018e-11     2157  192 2157     2     2      0  3513  2.2e-11        -
 920  4.5579e-08   3.937e-11     2165  193 2165     2     2      0  3525  7.3e-08        -
 925  4.5776e-08   3.937e-11     2175  193 2175     2     2      0  3540  1.8e-07        -
 929  4.5933e-08   3.937e-11     2183  193 2183     2     2      0  3552  2.6e-07        -
 930  4.5967e-08  3.3467e-11     2189  194 2189     2     2      0  3563  2.5e-09        -
 933  4.6134e-08  6.6935e-11     2195  196 2195     2     2      0  3572    4e-07        -
 937  4.6402e-08  6.6935e-11     2203  196 2203     2     2      0  3587  3.7e-11        -
 938  4.6451e-08  4.9195e-11     2209  197 2209     2     2      0  3598  1.8e-08        -
 942  4.6648e-08  4.9195e-11     2217  198 2217     2     2      0  3610  2.2e-07        -
 945  4.6795e-08  4.9195e-11     2223  198 2223     2     2      0  3619  4.2e-07        -
 949  4.6971e-08  2.8622e-11     2231  199 2231     2     2      0  3631  9.7e-10        -
 953  4.7172e-08  5.7244e-11     2239  200 2239     2     2      0  3643  2.6e-07        -
 956  4.7343e-08  5.7244e-11     2245  200 2245     2     2      0  3652  5.9e-07        -
 958   4.745e-08  4.9647e-11     2253  201 2253     2     2      0  3666  1.2e-08        -
 960   4.755e-08  4.9647e-11     2257  202 2257     2     2      0  3672    6e-08        -
 964  4.7748e-08  4.9647e-11     2265  202 2265     2     2      0  3684  2.5e-07        -
 966  4.7848e-08  4.9647e-11     2269  202 2269     2     2      0  3690  3.3e-07        -
 969  4.7973e-08  2.6587e-11     2275  203 2275     2     2      0  3699  4.9e-10        -
 973   4.816e-08  5.3173e-11     2283  204 2283     2     2      0  3711  1.4e-07        -
 977  4.8372e-08  5.3173e-11     2291  204 2291     2     2      0  3723  3.9e-07        -
 979  4.8463e-08  3.7307e-11     2299  205 2299     2     2      0  3737  2.7e-09        -
-          当前进度:  16 % - 
 982  4.8649e-08  7.4613e-11     2305  207 2305     2     2      0  3746  4.4e-07        -
 986  4.8937e-08  6.3467e-11     2317  208 2317     2     2      0  3768  3.9e-08        -
 990   4.919e-08  6.3467e-11     2325  209 2325     2     2      0  3780    5e-07        -
 994   4.944e-08  5.9599e-11     2334  209 2334     2     2      0  3795  3.3e-11        -
 997  4.9619e-08  5.9599e-11     2343  209 2343     2     2      0  3813    3e-11        -
1000  4.9798e-08  5.9599e-11     2352  209 2352     2     2      0  3831  2.5e-11        -
1003  4.9959e-08  4.1405e-11     2360  210 2360     2     2      0  3846  3.9e-09        -
1007  5.0124e-08  4.1405e-11     2368  210 2368     2     2      0  3858  6.7e-08        -
1011   5.029e-08  4.1405e-11     2376  210 2376     2     2      0  3870  1.3e-07        -
1015  5.0455e-08  4.1405e-11     2384  210 2384     2     2      0  3882  1.9e-07        -
1018  5.0545e-08  4.4548e-11     2390  212 2390     2     2      0  3891  6.4e-09        -
1022  5.0723e-08  4.4548e-11     2398  212 2398     2     2      0  3903  1.1e-07        -
1026  5.0901e-08  4.4548e-11     2406  212 2406     2     2      0  3915  2.2e-07        -
1029     5.1e-08  2.7261e-11 out 2412  213 2412     2     2      0  3924  3.7e-09        -
1031  5.1109e-08  5.4523e-11     2416  214 2416     2     2      0  3930  1.2e-07        -
1035  5.1327e-08  5.4523e-11     2424  214 2424     2     2      0  3942  5.3e-07        -
1038  5.1468e-08   3.191e-11     2430  215 2430     2     2      0  3951  2.4e-09        -
1040  5.1564e-08  6.3819e-11     2434  216 2434     2     2      0  3957  8.1e-08        -
1043  5.1755e-08  6.3819e-11     2440  216 2440     2     2      0  3967    2e-11        -
1046  5.1941e-08  5.8542e-11     2448  216 2448     2     2      0  3983  2.5e-11        -
1049  5.2117e-08  5.8542e-11     2460  216 2460     2     2      0  4007  2.8e-11        -
1052  5.2293e-08  5.8542e-11     2472  216 2472     2     2      0  4031    3e-11        -
1055  5.2455e-08  4.5104e-11     2486  217 2486     2     2      0  4058  1.3e-08        -
1058   5.259e-08  4.5104e-11     2492  218 2492     2     2      0  4067  1.1e-07        -
1062  5.2771e-08  4.5104e-11     2500  218 2500     2     2      0  4079    3e-07        -
1065  5.2906e-08  4.5104e-11     2506  218 2506     2     2      0  4088  4.3e-07        -
1068     5.3e-08  2.4481e-11 out 2512  219 2512     2     2      0  4097  2.6e-09        -
1070  5.3098e-08  4.8962e-11     2516  220 2516     2     2      0  4103  8.4e-08        -
1074  5.3294e-08  4.8962e-11     2524  220 2524     2     2      0  4115  3.5e-07        -
1078   5.347e-08  2.9672e-11     2532  221 2532     2     2      0  4127  1.4e-09        -
1081  5.3619e-08  5.9344e-11     2538  222 2538     2     2      0  4136  2.2e-07        -
1085  5.3856e-08  5.9344e-11     2546  222 2546     2     2      0  4148  9.1e-07        -
1087  5.3958e-08  4.2295e-11     2554  223 2554     2     2      0  4163  7.9e-09        -
1089  5.4042e-08  4.2295e-11     2558  224 2558     2     2      0  4169  3.9e-08        -
1093  5.4211e-08  4.2295e-11     2566  224 2566     2     2      0  4181  1.6e-07        -
1097  5.4381e-08  4.2295e-11     2574  224 2574     2     2      0  4193  2.6e-07        -
1100    5.45e-08  3.8523e-11 out 2584  224 2584     2     2      0  4212    3e-12        -
1102  5.4616e-08  7.7046e-11     2590  225 2590     2     2      0  4223  1.2e-07        -
1106  5.4923e-08  7.6646e-11     2598  225 2598     2     2      0  4238  7.2e-11        -
1110   5.523e-08  7.6646e-11     2606  225 2606     2     2      0  4254  1.5e-10        -
1113  5.5442e-08  5.8384e-11     2616  226 2616     2     2      0  4273  2.5e-08        -
1114    5.55e-08  5.8384e-11 out 2618  227 2618     2     2      0  4276  2.5e-08        -
-          当前进度:  17 % - 正在组装残差
1118  5.5734e-08  5.8384e-11     2626  227 2626     2     2      0  4288  4.2e-07        -
1121  5.5909e-08  5.8384e-11     2632  227 2632     2     2      0  4297  7.2e-07        -
1122  5.5954e-08  4.5655e-11     2638  228 2638     2     2      0  4308  7.5e-09        -
1125  5.6091e-08  4.5655e-11     2644  229 2644     2     2      0  4317  6.7e-08        -
1129  5.6274e-08  4.5655e-11     2652  229 2652     2     2      0  4329  1.9e-07        -
1133  5.6455e-08  4.4552e-11     2660  229 2660     2     2      0  4342  3.5e-11        -
1137  5.6634e-08  4.4552e-11     2668  229 2668     2     2      0  4358  3.4e-11        -
1141  5.6812e-08  4.4552e-11     2676  229 2676     2     2      0  4374  3.1e-11        -
1144  5.6946e-08  4.4552e-11     2682  229 2682     2     2      0  4386  2.8e-11        -
1147  5.7054e-08  5.4476e-11     2688  231 2688     2     2      0  4395  1.6e-08        -
1151  5.7272e-08  5.4476e-11     2696  231 2696     2     2      0  4407  2.7e-07        -
1155  5.7468e-08  3.2098e-11     2704  232 2704     2     2      0  4419  1.1e-09        -
1157  5.7564e-08  6.4196e-11     2708  233 2708     2     2      0  4425  3.6e-08        -
1161  5.7821e-08  6.4196e-11     2716  233 2716     2     2      0  4437  6.1e-07        -
1163  5.7943e-08  5.7412e-11     2724  234 2724     2     2      0  4451  2.3e-08        -
1166  5.8115e-08  5.7412e-11     2730  235 2730     2     2      0  4460  2.1e-07        -
1169  5.8287e-08  5.7412e-11     2736  235 2736     2     2      0  4469  5.1e-07        -
1172  5.8451e-08  4.9057e-11     2746  236 2746     2     2      0  4486  1.4e-08        -
1174  5.8549e-08  4.9057e-11     2750  237 2750     2     2      0  4492  7.5e-08        -
1176  5.8647e-08  4.9057e-11     2754  237 2754     2     2      0  4498    2e-07        -
1178  5.8745e-08  4.9057e-11     2758  237 2758     2     2      0  4504  3.3e-07        -
1181  5.8892e-08  4.9057e-11     2764  237 2764     2     2      0  4513  5.2e-07        -
1184     5.9e-08  2.9241e-11 out 2770  238 2770     2     2      0  4522  8.4e-09        -
1186  5.9117e-08  5.8483e-11     2774  239 2774     2     2      0  4528  2.7e-07        -
1189  5.9292e-08  5.8483e-11     2780  239 2780     2     2      0  4537  9.2e-07        -
1192  5.9455e-08  4.5311e-11     2790  240 2790     2     2      0  4556  1.5e-08        -
1194  5.9545e-08  4.5311e-11     2794  241 2794     2     2      0  4562  7.2e-08        -
1198  5.9727e-08  4.5311e-11     2802  241 2802     2     2      0  4574  2.9e-07        -
1201  5.9862e-08  4.5311e-11     2808  241 2808     2     2      0  4583  4.5e-07        -
1204  5.9977e-08  2.3444e-11     2814  242 2814     2     2      0  4592  4.2e-10        -
1207  6.0094e-08  4.6888e-11     2820  243 2820     2     2      0  4601  6.7e-08        -
1211  6.0281e-08  4.6888e-11     2828  243 2828     2     2      0  4613  2.8e-07        -
1215  6.0461e-08  3.9004e-11     2840  244 2840     2     2      0  4633  5.1e-09        -
1217  6.0539e-08  3.9004e-11     2844  245 2844     2     2      0  4639  2.5e-08        -
1221  6.0695e-08  3.9004e-11     2852  245 2852     2     2      0  4651  1.1e-07        -
1224  6.0851e-08  7.8009e-11     2858  246 2858     2     2      0  4660  1.6e-07        -
1225  6.0921e-08  7.0208e-11     2864  247 2864     2     2      0  4671  9.8e-08        -
1228  6.1079e-08  7.8751e-11     2870  249 2870     2     2      0  4680  1.7e-07        -
1229   6.115e-08  7.0876e-11     2876  250 2876     2     2      0  4691    1e-07        -
1232  6.1362e-08  7.0876e-11     2882  251 2882     2     2      0  4700    9e-07        -
1235  6.1569e-08  6.8872e-11     2891  251 2891     2     2      0  4718  3.3e-12        -
-          当前进度:  18 % - 
1237  6.1707e-08  6.8872e-11     2897  251 2897     2     2      0  4730  3.1e-13        -
1240  6.1913e-08  6.8872e-11     2906  251 2906     2     2      0  4748  5.2e-12        -
1243  6.2043e-08  4.3385e-11     2912  252 2912     2     2      0  4757    6e-08        -
1246  6.2174e-08  4.3385e-11     2918  252 2918     2     2      0  4766  1.4e-07        -
1250  6.2347e-08  4.3385e-11     2926  252 2926     2     2      0  4778  2.3e-07        -
1253  6.2467e-08  3.3076e-11     2936  253 2936     2     2      0  4795  1.5e-09        -
1255  6.2566e-08  6.6152e-11     2940  255 2940     2     2      0  4801  4.7e-08        -
1259  6.2831e-08  6.6152e-11     2948  255 2948     2     2      0  4813  7.8e-07        -
1261  6.2948e-08  5.1544e-11     2956  256 2956     2     2      0  4827  1.3e-08        -
1264  6.3103e-08  5.1544e-11     2962  257 2962     2     2      0  4836  1.2e-07        -
1268  6.3309e-08  5.1544e-11     2970  257 2970     2     2      0  4848  3.4e-07        -
1271  6.3456e-08  4.3824e-11     2980  258 2980     2     2      0  4865  6.2e-09        -
1274  6.3588e-08  4.3824e-11     2986  259 2986     2     2      0  4874  5.6e-08        -
1276  6.3754e-08  7.8884e-11     2994  261 2994     2     2      0  4888  1.1e-07        -
1279  6.3956e-08  4.4025e-11     3000  263 3000     2     2      0  4897  5.9e-09        -
1283  6.4132e-08  4.4025e-11     3008  263 3008     2     2      0  4909    1e-07        -
1287  6.4308e-08  4.4025e-11     3016  263 3016     2     2      0  4921  1.9e-07        -
1291   6.447e-08  2.9873e-11     3028  264 3028     2     2      0  4941  7.7e-10        -
1293   6.456e-08  5.9746e-11     3032  266 3032     2     2      0  4947  2.5e-08        -
1297  6.4799e-08  5.9746e-11     3040  266 3040     2     2      0  4959  4.1e-07        -
1300  6.4959e-08  4.0888e-11     3050  267 3050     2     2      0  4976  3.7e-09        -
1303  6.5082e-08  4.0888e-11     3056  268 3056     2     2      0  4985  3.4e-08        -
1308  6.5286e-08  4.0888e-11     3066  268 3066     2     2      0  5000  1.1e-07        -
1312   6.545e-08  4.0888e-11     3074  268 3074     2     2      0  5012  1.7e-07        -
1315   6.555e-08   5.023e-11     3080  270 3080     2     2      0  5021  1.3e-08        -
1320  6.5801e-08   5.023e-11     3090  270 3090     2     2      0  5036  2.8e-07        -
1325  6.6049e-08  4.9079e-11     3100  270 3100     2     2      0  5054  7.7e-13        -
1330  6.6294e-08  4.9079e-11     3110  270 3110     2     2      0  5074  1.4e-11        -
1334  6.6471e-08  2.9146e-11     3118  271 3118     2     2      0  5089  1.6e-09        -
1338  6.6675e-08  5.8292e-11     3126  272 3126     2     2      0  5101  4.6e-07        -
1343  6.6954e-08  4.5978e-11     3140  273 3140     2     2      0  5126  1.4e-08        -
1347  6.7138e-08  4.5978e-11     3148  274 3148     2     2      0  5138  1.8e-07        -
1352  6.7368e-08  4.5978e-11     3158  274 3158     2     2      0  5153  4.3e-07        -
1356  6.7543e-08  4.3099e-11     3169  274 3169     2     2      0  5174  1.5e-11        -
1360  6.7715e-08  4.3099e-11     3181  274 3181     2     2      0  5198  1.6e-11        -
1363  6.7845e-08  4.3099e-11     3190  274 3190     2     2      0  5216  1.7e-11        -
1366  6.7965e-08  3.4503e-11     3202  275 3202     2     2      0  5239  2.7e-09        -
1369  6.8138e-08  6.9005e-11     3208  277 3208     2     2      0  5248  4.3e-07        -
1374  6.8457e-08  4.2984e-11     3218  278 3218     2     2      0  5266  8.2e-09        -
1379  6.8672e-08  4.2984e-11     3228  278 3228     2     2      0  5281  1.7e-07        -
1384  6.8887e-08  4.2984e-11     3238  278 3238     2     2      0  5296  3.2e-07        -
1386  6.8965e-08   3.508e-11     3246  279 3246     2     2      0  5310  2.6e-09        -
1389   6.914e-08  7.0159e-11     3252  281 3252     2     2      0  5319    4e-07        -
--         当前进度:  20 % - 正在组装残差
1393  6.9421e-08  7.0159e-11     3260  281 3260     2     2      0  5334  7.1e-11        -
1396  6.9579e-08  7.9043e-11     3266  283 3266     2     2      0  5343  1.2e-07        -
1401  6.9948e-08  5.2392e-11     3276  284 3276     2     2      0  5361  1.4e-08        -
1406   7.021e-08  5.2392e-11     3286  284 3286     2     2      0  5376    3e-07        -
1411   7.046e-08  4.0433e-11     3300  285 3300     2     2      0  5399  3.9e-09        -
1414  7.0662e-08  8.0865e-11     3306  287 3306     2     2      0  5408  6.3e-07        -
1418  7.0952e-08  4.7837e-11     3314  288 3314     2     2      0  5423  9.1e-09        -
1421  7.1181e-08  8.5191e-11     3324  290 3324     2     2      0  5440  1.6e-07        -
1423  7.1343e-08  7.6671e-11     3332  292 3332     2     2      0  5454  9.2e-08        -
1426    7.15e-08  4.0301e-11 out 3338  294 3338     2     2      0  5463  1.9e-08        -
1429  7.1702e-08  8.0602e-11     3344  295 3344     2     2      0  5472  5.9e-07        -
1431  7.1855e-08  7.2541e-11     3352  296 3352     2     2      0  5487  6.7e-08        -
1433  7.1964e-08  3.6406e-11     3356  298 3356     2     2      0  5493  2.1e-09        -
1435  7.2073e-08  7.2812e-11     3360  299 3360     2     2      0  5499  6.7e-08        -
1437  7.2218e-08  7.2812e-11     3364  299 3364     2     2      0  5505    6e-07        -
1440  7.2432e-08  6.7971e-11     3372  299 3372     2     2      0  5520  2.4e-11        -
1443  7.2636e-08  6.7971e-11     3384  299 3384     2     2      0  5544  2.2e-11        -
1445  7.2772e-08  6.7971e-11     3392  299 3392     2     2      0  5560    2e-11        -
1447  7.2908e-08  6.7971e-11     3400  299 3400     2     2      0  5576  1.8e-11        -
1450  7.3046e-08  4.6087e-11     3406  300 3406     2     2      0  5585  7.8e-08        -
1454   7.323e-08  4.6087e-11     3414  300 3414     2     2      0  5597  2.2e-07        -
1458  7.3415e-08  4.6087e-11     3422  300 3422     2     2      0  5609  3.7e-07        -
1460    7.35e-08  4.2609e-11 out 3430  300 3430     2     2      0  5625  1.3e-12        -
1462  7.3585e-08  4.2609e-11     3438  300 3438     2     2      0  5641  9.2e-13        -
1464   7.367e-08  4.2609e-11     3446  300 3446     2     2      0  5657  4.9e-13        -
1466  7.3756e-08  4.2609e-11     3454  300 3454     2     2      0  5673    1e-13        -
1468  7.3918e-08  7.6697e-11     3462  302 3462     2     2      0  5687    2e-07        -
1470     7.4e-08  4.1214e-11 out 3466  303 3466     2     2      0  5693  4.5e-08        -
1472  7.4157e-08  7.4185e-11     3474  305 3474     2     2      0  5707  1.6e-07        -
1475  7.4379e-08  7.4185e-11     3480  306 3480     2     2      0  5717  4.6e-11        -
1476   7.444e-08  6.0417e-11     3486  307 3486     2     2      0  5728  5.3e-08        -
1477    7.45e-08  6.0417e-11 out 3488  308 3488     2     2      0  5731  5.1e-08        -
1480  7.4681e-08  6.0417e-11     3494  308 3494     2     2      0  5740  6.5e-07        -
1484  7.4923e-08  6.0417e-11     3502  308 3502     2     2      0  5755  4.3e-11        -
1487  7.5077e-08   7.708e-11     3508  310 3508     2     2      0  5764  1.5e-07        -
1488  7.5146e-08  6.9372e-11     3514  311 3514     2     2      0  5775  8.7e-08        -
1490  7.5285e-08  6.9372e-11     3518  312 3518     2     2      0  5781  4.3e-07        -
1493  7.5462e-08  3.8031e-11     3524  313 3524     2     2      0  5791  4.3e-09        -
1496  7.5652e-08  7.6063e-11     3530  314 3530     2     2      0  5800  6.8e-07        -
1500   7.594e-08  5.9843e-11     3542  315 3542     2     2      0  5823  4.1e-08        -
1504   7.618e-08  5.9843e-11     3550  316 3550     2     2      0  5835  5.3e-07        -
--         当前进度:  21 % - 
1506  7.6299e-08  5.9843e-11     3554  316 3554     2     2      0  5841  8.3e-07        -
1509  7.6459e-08  4.0548e-11     3564  317 3564     2     2      0  5859  5.3e-09        -
1512  7.6662e-08  8.1096e-11     3570  319 3570     2     2      0  5868  8.2e-07        -
1516  7.6953e-08   4.726e-11     3578  320 3578     2     2      0  5883  9.3e-09        -
1520  7.7142e-08   4.726e-11     3586  320 3586     2     2      0  5895  1.5e-07        -
1525  7.7378e-08   4.726e-11     3596  320 3596     2     2      0  5910  3.2e-07        -
1527  7.7463e-08  3.7328e-11     3604  321 3604     2     2      0  5924  2.6e-09        -
1530  7.7649e-08  7.4656e-11     3610  323 3610     2     2      0  5933  4.1e-07        -
1534  7.7937e-08   6.336e-11     3622  324 3622     2     2      0  5955  3.7e-08        -
1537  7.8127e-08   6.336e-11     3628  325 3628     2     2      0  5964  3.3e-07        -
1542   7.844e-08  5.9919e-11     3639  325 3639     2     2      0  5982  7.4e-11        -
1545   7.862e-08  5.9919e-11     3648  325 3648     2     2      0  6000  7.5e-11        -
1548    7.88e-08  5.9919e-11     3657  325 3657     2     2      0  6018  7.3e-11        -
1551   7.896e-08  4.0283e-11     3665  326 3665     2     2      0  6033  3.4e-09        -
1554  7.9161e-08  8.0565e-11     3671  327 3671     2     2      0  6042  5.4e-07        -
1558  7.9451e-08  4.8587e-11     3679  328 3679     2     2      0  6056  8.5e-09        -
1562  7.9646e-08  4.8587e-11     3687  328 3687     2     2      0  6068  1.4e-07        -
1567  7.9889e-08  4.8587e-11     3697  328 3697     2     2      0  6083  3.1e-07        -
1571  8.0063e-08  6.2713e-11     3705  330 3705     2     2      0  6095  3.3e-08        -
1574  8.0251e-08  6.2713e-11     3711  330 3711     2     2      0  6104  4.4e-07        -
1578    8.05e-08  6.1861e-11 out 3719  330 3719     2     2      0  6118  1.1e-10        -
1582  8.0747e-08  6.1861e-11     3727  330 3727     2     2      0  6134  1.1e-10        -
1585  8.0933e-08  6.1861e-11     3733  330 3733     2     2      0  6146    1e-10        -
1588  8.1067e-08  6.6973e-11     3739  332 3739     2     2      0  6155  8.2e-08        -
1593  8.1402e-08  6.6973e-11     3749  332 3749     2     2      0  6173  6.2e-11        -
1595    8.15e-08  4.9082e-11 out 3757  334 3757     2     2      0  6187  1.9e-08        -
1598  8.1727e-08  7.9413e-11     3767  336 3767     2     2      0  6204  2.1e-07        -
1600  8.1878e-08  7.1472e-11     3775  338 3775     2     2      0  6218  1.1e-07        -
1603  8.2061e-08  6.1228e-11     3781  339 3781     2     2      0  6227  4.6e-07        -
1608  8.2367e-08  6.1228e-11     3791  339 3791     2     2      0  6245  5.1e-11        -
1611    8.25e-08  3.5701e-11 out 3797  340 3797     2     2      0  6255  1.5e-08        -
1614  8.2679e-08  7.1403e-11     3803  341 3803     2     2      0  6264  4.8e-07        -
1618  8.2946e-08  5.3642e-11     3815  342 3815     2     2      0  6286  2.3e-08        -
1621  8.3107e-08  5.3642e-11     3821  343 3821     2     2      0  6295    2e-07        -
1625  8.3322e-08  5.3642e-11     3829  343 3829     2     2      0  6307  5.6e-07        -
1628  8.3465e-08  3.5432e-11     3835  344 3835     2     2      0  6316  2.8e-09        -
1631  8.3642e-08  7.0863e-11     3841  345 3841     2     2      0  6325  4.4e-07        -
1636  8.3963e-08   3.741e-11     3851  346 3851     2     2      0  6343  2.9e-09        -
1640  8.4224e-08   7.482e-11     3859  347 3859     2     2      0  6355  7.9e-07        -
1643  8.4437e-08  6.2951e-11     3869  348 3869     2     2      0  6374  3.4e-08        -
1647  8.4689e-08  6.2951e-11     3877  349 3877     2     2      0  6386  4.3e-07        -
--         当前进度:  23 % - 
Memory: 987/1041 1034/1052
1651  8.4939e-08  6.1148e-11     3885  349 3885     2     2      0  6399  2.7e-10        -
1655  8.5183e-08  6.1148e-11     3893  349 3893     2     2      0  6415  2.9e-10        -
1659  8.5428e-08  6.1148e-11     3901  349 3901     2     2      0  6431  2.9e-10        -
1662  8.5572e-08  7.1963e-11     3907  351 3907     2     2      0  6440  6.4e-08        -
1666   8.586e-08  7.1963e-11     3915  351 3915     2     2      0  6453  7.3e-11        -
1670   8.614e-08  7.0092e-11     3923  351 3923     2     2      0  6469  5.6e-10        -
1675   8.646e-08  3.9724e-11     3933  352 3933     2     2      0  6488  2.9e-09        -
1679  8.6738e-08  7.9448e-11     3941  353 3941     2     2      0  6500  8.2e-07        -
1682  8.6949e-08   5.138e-11     3947  354 3947     2     2      0  6511    1e-08        -
1686  8.7154e-08   5.138e-11     3955  354 3955     2     2      0  6523  1.7e-07        -
1691  8.7411e-08   5.138e-11     3965  354 3965     2     2      0  6538  3.7e-07        -
1692  8.7456e-08   4.448e-11     3971  355 3971     2     2      0  6549  5.4e-09        -
1695  8.7633e-08  8.8959e-11     3977  357 3977     2     2      0  6558  1.8e-07        -
1697   8.779e-08  7.8189e-11     3985  359 3985     2     2      0  6572    1e-07        -
1699   8.793e-08  6.9907e-11     3993  361 3993     2     2      0  6586  6.3e-08        -
1704   8.828e-08  6.9907e-11     4003  361 4003     2     2      0  6603    8e-11        -
1708    8.85e-08   4.028e-11 out 4011  362 4011     2     2      0  6617    3e-08        -
1712  8.8822e-08   8.056e-11     4019  363 4019     2     2      0  6631  1.2e-10        -
1716  8.9049e-08  4.8599e-11     4027  364 4027     2     2      0  6644  1.4e-07        -
1720  8.9243e-08  4.8599e-11     4035  364 4035     2     2      0  6656  3.8e-07        -
1724  8.9437e-08  4.8599e-11     4043  364 4043     2     2      0  6668    6e-07        -
1727  8.9563e-08  6.2608e-11     4049  366 4049     2     2      0  6677  4.7e-08        -
1732  8.9876e-08  6.2608e-11     4059  366 4059     2     2      0  6692  9.5e-07        -
1737  9.0187e-08  6.2175e-11     4069  366 4069     2     2      0  6712    8e-11        -
1742  9.0468e-08  3.2387e-11     4079  367 4079     2     2      0  6731  1.6e-09        -
1745   9.063e-08  6.4773e-11     4085  368 4085     2     2      0  6740  2.6e-07        -
1750  9.0944e-08   5.568e-11     4099  369 4099     2     2      0  6764  2.4e-08        -
1754  9.1167e-08   5.568e-11     4107  370 4107     2     2      0  6776    3e-07        -
1758   9.139e-08   5.568e-11     4115  370 4115     2     2      0  6788  6.3e-07        -
1763  9.1665e-08   5.512e-11     4125  370 4125     2     2      0  6808  8.1e-11        -
1768  9.1941e-08   5.512e-11     4135  370 4135     2     2      0  6828  9.5e-11        -
1771  9.2059e-08   5.904e-11     4141  372 4141     2     2      0  6837  2.5e-08        -
1776  9.2354e-08   5.904e-11     4151  372 4151     2     2      0  6852    5e-07        -
1778  9.2457e-08   4.336e-11     4159  373 4159     2     2      0  6866  5.1e-09        -
1781  9.2673e-08   8.672e-11     4165  375 4165     2     2      0  6875  7.7e-07        -
1784  9.2923e-08  7.6561e-11     4175  376 4175     2     2      0  6894  8.3e-08        -
1788   9.323e-08  7.6561e-11     4183  377 4183     2     2      0  6907  8.4e-11        -
1791  9.3441e-08  5.8598e-11     4193  378 4193     2     2      0  6926  2.1e-08        -
1795  9.3676e-08  5.8598e-11     4201  379 4201     2     2      0  6938  2.6e-07        -
1800  9.3955e-08  4.4907e-11     4215  380 4215     2     2      0  6961  4.9e-09        -
1803  9.4135e-08  8.9814e-11     4221  382 4221     2     2      0  6970  1.6e-07        -
1805  9.4296e-08  8.0832e-11     4229  384 4229     2     2      0  6984  9.1e-08        -
1807  9.4439e-08  6.1391e-11     4237  385 4237     2     2      0  6998  2.3e-08        -
1811  9.4684e-08  6.1391e-11     4245  386 4245     2     2      0  7010    3e-07        -
1816  9.4965e-08  3.5132e-11     4255  387 4255     2     2      0  7025  1.6e-09        -
--         当前进度:  24 % - 正在组装残差
1819  9.5141e-08  7.0264e-11     4261  388 4261     2     2      0  7034  2.7e-07        -
1824  9.5461e-08  3.9208e-11     4271  389 4271     2     2      0  7050  3.7e-09        -
1828  9.5696e-08  7.8417e-11     4279  390 4279     2     2      0  7062  6.3e-07        -
1832     9.6e-08  7.3563e-11 out 4291  390 4291     2     2      0  7086  2.4e-11        -
1835  9.6221e-08  7.3563e-11     4303  390 4303     2     2      0  7110  2.4e-11        -
1838  9.6434e-08  6.6094e-11     4317  391 4317     2     2      0  7137  6.6e-08        -
1842  9.6698e-08  6.6094e-11     4325  392 4325     2     2      0  7149  8.2e-07        -
1846  9.6948e-08  5.1719e-11     4337  393 4337     2     2      0  7172  1.6e-08        -
1849  9.7103e-08  5.1719e-11     4343  394 4343     2     2      0  7181  1.4e-07        -
1853   9.731e-08  5.1719e-11     4351  394 4351     2     2      0  7193  3.8e-07        -
1856  9.7457e-08  4.3124e-11     4361  395 4361     2     2      0  7210  5.9e-09        -
1859  9.7586e-08  4.3124e-11     4367  396 4367     2     2      0  7219  5.3e-08        -
1861   9.775e-08  7.7624e-11     4375  398 4375     2     2      0  7233  1.1e-07        -
1864  9.7953e-08  4.7315e-11     4381  400 4381     2     2      0  7242  9.4e-09        -
1868  9.8189e-08  9.4631e-11     4389  401 4389     2     2      0  7254    3e-07        -
1869  9.8274e-08  8.4256e-11     4395  402 4395     2     2      0  7265  1.7e-07        -
1871  9.8429e-08  7.1114e-11     4403  404 4403     2     2      0  7279    7e-08        -
1874  9.8642e-08  7.1114e-11     4409  405 4409     2     2      0  7288  6.1e-07        -
1878  9.8927e-08  7.1114e-11     4417  405 4417     2     2      0  7303  1.1e-10        -
1880     9.9e-08  3.6659e-11 out 4421  406 4421     2     2      0  7309  1.1e-08        -
1882  9.9147e-08  7.3319e-11     4425  407 4425     2     2      0  7315  3.5e-07        -
1886  9.9433e-08  6.6703e-11     4435  407 4435     2     2      0  7333  9.8e-11        -
1888  9.9567e-08  6.6703e-11     4443  407 4443     2     2      0  7349    1e-10        -
1891  9.9767e-08  6.6703e-11     4455  407 4455     2     2      0  7373  1.1e-10        -
1893    9.99e-08  6.6703e-11     4463  407 4463     2     2      0  7389  1.1e-10        -
1894   9.995e-08   4.989e-11     4469  408 4469     2     2      0  7400  9.6e-09        -
1896   1.001e-07  9.9779e-11     4473  410 4473     2     2      0  7406  3.1e-07        -
1898  1.0028e-07  8.9801e-11     4481  412 4481     2     2      0  7420  1.9e-07        -
1900  1.0043e-07  6.5408e-11     4489  413 4489     2     2      0  7434  3.6e-08        -
1904   1.007e-07  6.5408e-11     4497  414 4497     2     2      0  7446  4.7e-07        -
1908  1.0095e-07  5.3775e-11     4509  415 4509     2     2      0  7466  1.3e-08        -
1911  1.0111e-07  5.3775e-11     4515  416 4515     2     2      0  7475  1.1e-07        -
1916  1.0138e-07  5.3775e-11     4525  416 4525     2     2      0  7490  3.5e-07        -
1920  1.0157e-07  6.9803e-11     4533  418 4533     2     2      0  7502  4.2e-08        -
1925  1.0192e-07  6.9803e-11     4543  418 4543     2     2      0  7517  8.7e-07        -
1929  1.0212e-07  8.1179e-11     4551  420 4551     2     2      0  7529  8.3e-08        -
1933  1.0243e-07  6.7346e-11     4563  421 4563     2     2      0  7550  3.6e-08        -
1937   1.027e-07  6.7346e-11     4571  422 4571     2     2      0  7562  4.9e-07        -
1941  1.0295e-07  4.7961e-11     4583  423 4583     2     2      0  7582  8.8e-09        -
1944  1.0318e-07   8.633e-11     4593  426 4593     2     2      0  7599  1.8e-07        -
--         当前进度:  26 % - 
1947  1.0343e-07  7.2544e-11     4603  428 4603     2     2      0  7616  8.5e-08        -
1951  1.0372e-07  7.2544e-11     4611  429 4611     2     2      0  7629    6e-11        -
1955    1.04e-07   6.864e-11 out 4621  429 4621     2     2      0  7649  6.9e-11        -
1958  1.0421e-07   6.864e-11     4630  429 4630     2     2      0  7667  6.5e-11        -
1962  1.0446e-07  4.4079e-11     4641  430 4641     2     2      0  7688  5.8e-09        -
1967  1.0468e-07  4.4079e-11     4651  430 4651     2     2      0  7703  1.2e-07        -
1972   1.049e-07  4.4079e-11     4661  430 4661     2     2      0  7718  2.3e-07        -
1974  1.0497e-07  2.9605e-11     4669  431 4669     2     2      0  7732  7.6e-10        -
1977  1.0512e-07   5.921e-11     4675  433 4675     2     2      0  7741  1.2e-07        -
1982  1.0541e-07   5.921e-11     4685  433 4685     2     2      0  7756    6e-07        -
1984   1.055e-07  4.2766e-11 out 4693  435 4693     2     2      0  7770  4.8e-09        -
1987  1.0571e-07  8.5531e-11     4699  436 4699     2     2      0  7779  7.5e-07        -
1990  1.0594e-07  5.7555e-11     4709  437 4709     2     2      0  7798    2e-08        -
1994  1.0617e-07  5.7555e-11     4717  438 4717     2     2      0  7810  2.5e-07        -
1998  1.0642e-07  7.7335e-11     4729  439 4729     2     2      0  7830  8.1e-08        -
2002  1.0673e-07  7.7335e-11     4737  440 4737     2     2      0  7843  9.2e-11        -
2005  1.0694e-07  5.6661e-11     4747  441 4747     2     2      0  7862  1.6e-08        -
2008  1.0717e-07  1.1332e-10     4753  443 4753     2     2      0  7871  5.1e-07        -
2010  1.0735e-07  9.1379e-11     4761  445 4761     2     2      0  7885  1.7e-07        -
2012   1.075e-07  7.3629e-11 out 4769  447 4769     2     2      0  7899  5.9e-08        -
2017  1.0787e-07  7.3629e-11     4779  447 4779     2     2      0  7916  1.2e-10        -
2019    1.08e-07  6.5928e-11 out 4787  449 4787     2     2      0  7930  3.4e-08        -
2024  1.0833e-07  6.5928e-11     4797  449 4797     2     2      0  7945    7e-07        -
2026  1.0845e-07  5.2217e-11     4805  450 4805     2     2      0  7959  9.6e-09        -
2030  1.0866e-07  5.2217e-11     4813  451 4813     2     2      0  7971  1.2e-07        -
2035  1.0892e-07  5.2217e-11     4823  451 4823     2     2      0  7986  3.1e-07        -
2036  1.0896e-07  4.1131e-11     4829  452 4829     2     2      0  7997  2.7e-09        -
2039  1.0916e-07  8.2262e-11     4835  454 4835     2     2      0  8006  4.4e-07        -
2043  1.0946e-07  4.4346e-11     4843  455 4843     2     2      0  8020  4.2e-09        -
2046  1.0967e-07  7.9823e-11     4853  457 4853     2     2      0  8037  8.1e-08        -
2050  1.0995e-07  4.6008e-11     4861  459 4861     2     2      0  8049  5.9e-09        -
2054  1.1022e-07  8.2814e-11     4873  461 4873     2     2      0  8069  1.2e-07        -
2057  1.1044e-07  5.6768e-11     4883  463 4883     2     2      0  8086  2.1e-08        -
2060  1.1071e-07  9.1716e-11     4893  466 4893     2     2      0  8103  2.6e-07        -
2062  1.1088e-07  8.2544e-11     4901  468 4901     2     2      0  8117  1.6e-07        -
2066  1.1112e-07  6.0244e-11     4909  469 4909     2     2      0  8129  4.4e-07        -
2071  1.1142e-07  6.0244e-11     4919  469 4919     2     2      0  8145  5.8e-11        -
2074  1.1158e-07  7.8291e-11     4925  471 4925     2     2      0  8154  1.1e-07        -
2078  1.1189e-07  7.8291e-11     4933  471 4933     2     2      0  8168  1.4e-10        -
2080    1.12e-07  5.4273e-11 out 4941  473 4941     2     2      0  8182  1.6e-08        -
2085  1.1227e-07  5.4273e-11     4951  473 4951     2     2      0  8197  3.4e-07        -
2089  1.1247e-07  3.2907e-11     4959  474 4959     2     2      0  8209    1e-09        -
2093   1.127e-07  6.5815e-11     4967  475 4967     2     2      0  8221  2.9e-07        -
--         当前进度:  28 % - 正在组装残差
2097  1.1295e-07  5.2556e-11     4979  476 4979     2     2      0  8241  1.1e-08        -
2100  1.1316e-07  1.0511e-10     4985  478 4985     2     2      0  8250  3.3e-07        -
2101  1.1325e-07  8.9433e-11     4991  479 4991     2     2      0  8261  1.5e-07        -
2103  1.1342e-07  8.0489e-11     4999  481 4999     2     2      0  8275  8.6e-08        -
2106  1.1358e-07  8.2976e-11     5005  483 5005     2     2      0  8284  9.7e-08        -
2111  1.1396e-07  4.2559e-11     5015  484 5015     2     2      0  8301  3.2e-09        -
2115  1.1421e-07  8.5119e-11     5023  485 5023     2     2      0  8313    5e-07        -
2118  1.1444e-07  5.8483e-11     5033  486 5033     2     2      0  8331  1.5e-08        -
2120  1.1462e-07  1.1697e-10     5037  488 5037     2     2      0  8337  4.9e-07        -
2121  1.1471e-07  9.4621e-11     5043  489 5043     2     2      0  8348  1.7e-07        -
2123  1.1489e-07  8.5158e-11     5051  491 5051     2     2      0  8362    1e-07        -
2126  1.1511e-07  1.0864e-10     5057  493 5057     2     2      0  8371  3.4e-07        -
2127  1.1521e-07  9.7659e-11     5063  494 5063     2     2      0  8382    2e-07        -
2130  1.1545e-07  4.9193e-11     5069  496 5069     2     2      0  8391  6.2e-09        -
2134  1.1565e-07  4.9193e-11     5077  496 5077     2     2      0  8403  1.1e-07        -
2138  1.1584e-07  4.9193e-11     5085  496 5085     2     2      0  8415    2e-07        -
2141    1.16e-07  5.7259e-11 out 5093  496 5093     2     2      0  8429    4e-11        -
2144  1.1617e-07  5.7259e-11     5105  496 5105     2     2      0  8453  3.5e-11        -
2147  1.1634e-07  5.7259e-11     5117  496 5117     2     2      0  8477  2.9e-11        -
2151   1.166e-07  9.9186e-11     5127  497 5127     2     2      0  8496  1.8e-07        -
2153  1.1678e-07   8.874e-11     5135  499 5135     2     2      0  8510    1e-07        -
2154  1.1686e-07  7.9866e-11     5141  500 5141     2     2      0  8521  6.2e-08        -
2157  1.1707e-07  7.1734e-11     5147  501 5147     2     2      0  8530  3.3e-07        -
2162  1.1743e-07  7.0666e-11     5157  501 5157     2     2      0  8546  3.8e-10        -
2167  1.1778e-07  7.0666e-11     5167  501 5167     2     2      0  8566  3.7e-10        -
2171    1.18e-07  3.8002e-11 out 5175  502 5175     2     2      0  8580  1.2e-08        -
2175   1.183e-07  7.6004e-11     5183  503 5183     2     2      0  8593  7.9e-11        -
2177  1.1844e-07  5.9991e-11     5191  504 5191     2     2      0  8608  2.3e-08        -
2180  1.1862e-07  5.9991e-11     5197  505 5197     2     2      0  8617    2e-07        -
2185  1.1892e-07  5.9991e-11     5207  505 5207     2     2      0  8632  6.3e-07        -
2186  1.1896e-07  4.0032e-11     5213  506 5213     2     2      0  8643  2.7e-09        -
2187    1.19e-07  4.0032e-11 out 5215  507 5215     2     2      0  8646  2.7e-09        -
2189  1.1916e-07  8.0064e-11     5219  508 5219     2     2      0  8652  4.2e-07        -
2193  1.1945e-07  4.9841e-11     5227  509 5227     2     2      0  8666  7.3e-09        -
2197  1.1965e-07  4.9841e-11     5235  509 5235     2     2      0  8678  1.2e-07        -
2202   1.199e-07  4.9841e-11     5245  509 5245     2     2      0  8693  2.6e-07        -
2207  1.2015e-07  5.1429e-11     5255  509 5255     2     2      0  8712  3.5e-11        -
2211  1.2043e-07  6.9997e-11     5267  511 5267     2     2      0  8734  3.9e-08        -
2215  1.2071e-07  6.9997e-11     5275  512 5275     2     2      0  8746  4.9e-07        -
2219  1.2096e-07  4.0009e-11     5283  513 5283     2     2      0  8758  2.2e-09        -
2223  1.2124e-07  8.0018e-11     5291  514 5291     2     2      0  8770  6.5e-07        -
2226  1.2145e-07  4.9955e-11     5297  515 5297     2     2      0  8780  5.5e-09        -
2228   1.216e-07  9.9911e-11     5301  516 5301     2     2      0  8786  1.7e-07        -
2230  1.2178e-07   8.992e-11     5309  518 5309     2     2      0  8800    1e-07        -
--         当前进度:  29 % - 
2232  1.2193e-07  6.5165e-11     5317  519 5317     2     2      0  8814    2e-08        -
2236   1.222e-07  6.5165e-11     5325  520 5325     2     2      0  8826  2.7e-07        -
2240  1.2245e-07  5.4505e-11     5337  521 5337     2     2      0  8846    9e-09        -
2243  1.2261e-07  5.4505e-11     5343  522 5343     2     2      0  8855  7.2e-08        -
2247  1.2283e-07  5.4505e-11     5351  522 5351     2     2      0  8867    2e-07        -
2250  1.2297e-07  3.1981e-11     5357  523 5357     2     2      0  8876  5.3e-10        -
2253  1.2313e-07  6.3961e-11     5363  524 5363     2     2      0  8885  8.3e-08        -
2258  1.2344e-07  5.8117e-11     5375  524 5375     2     2      0  8905  6.8e-11        -
2260  1.2356e-07  5.8117e-11     5383  524 5383     2     2      0  8921  6.8e-11        -
2262  1.2367e-07  5.8117e-11     5391  524 5391     2     2      0  8937  6.6e-11        -
2265  1.2385e-07  5.8117e-11     5403  524 5403     2     2      0  8961  6.3e-11        -
2267  1.2395e-07  4.6592e-11     5413  525 5413     2     2      0  8980  2.9e-09        -
2270  1.2418e-07  8.3866e-11     5423  528 5423     2     2      0  8997  5.6e-08        -
2273  1.2442e-07  7.7609e-11     5431  529 5431     2     2      0  9011  8.5e-11        -
2276  1.2466e-07  7.7609e-11     5443  529 5443     2     2      0  9035  8.6e-11        -
2278  1.2481e-07  7.7609e-11     5451  529 5451     2     2      0  9051  8.4e-11        -
2280  1.2494e-07  5.5977e-11     5461  530 5461     2     2      0  9070  9.5e-09        -
2283  1.2517e-07  1.1195e-10     5467  532 5467     2     2      0  9079  3.2e-07        -
2285  1.2536e-07  9.6872e-11     5475  534 5475     2     2      0  9093  1.3e-07        -
2287   1.255e-07  6.9162e-11 out 5483  536 5483     2     2      0  9107  2.7e-08        -
2291  1.2578e-07  6.9162e-11     5491  536 5491     2     2      0  9119  4.6e-07        -
2295    1.26e-07  4.2514e-11 out 5499  537 5499     2     2      0  9131  1.2e-08        -
2299  1.2634e-07  8.5027e-11     5507  538 5507     2     2      0  9143  9.8e-07        -
2303  1.2666e-07  7.9945e-11     5519  538 5519     2     2      0  9167  1.4e-10        -
2307  1.2695e-07  5.0137e-11     5530  539 5530     2     2      0  9188  4.2e-09        -
2311  1.2724e-07  9.0247e-11     5542  541 5542     2     2      0  9208  7.8e-08        -
2314   1.275e-07  8.4548e-11 out 5550  542 5550     2     2      0  9223    2e-10        -
2318  1.2784e-07  8.4548e-11     5562  542 5562     2     2      0  9247  2.4e-10        -
2320    1.28e-07  8.0904e-11 out 5570  544 5570     2     2      0  9261  3.7e-08        -
2325   1.284e-07  8.0904e-11     5580  544 5580     2     2      0  9276  7.4e-07        -
2328   1.286e-07  9.5479e-11     5586  546 5586     2     2      0  9285  8.2e-08        -
2332  1.2894e-07  5.9042e-11     5594  547 5594     2     2      0  9298  7.3e-09        -
2335  1.2922e-07   1.027e-10     5604  549 5604     2     2      0  9315  1.5e-07        -
2337  1.2941e-07   8.826e-11     5612  551 5612     2     2      0  9329  3.8e-08        -
2341  1.2976e-07   8.826e-11     5620  552 5620     2     2      0  9341  4.9e-07        -
2344     1.3e-07  7.3481e-11 out 5630  554 5630     2     2      0  9358  1.6e-08        -
2349  1.3037e-07  7.3481e-11     5640  554 5640     2     2      0  9373  3.2e-07        -
2352  1.3057e-07  6.6298e-11     5652  554 5652     2     2      0  9397  9.2e-11        -
2355  1.3077e-07  6.6298e-11     5664  554 5664     2     2      0  9421  8.9e-11        -
2358  1.3095e-07  5.1106e-11     5678  555 5678     2     2      0  9448    2e-09        -
2361  1.3115e-07  1.0221e-10     5684  557 5684     2     2      0  9457  6.2e-08        -
2363  1.3134e-07   9.199e-11     5692  559 5692     2     2      0  9471  3.7e-08        -
---        当前进度:  31 % - 正在组装残差
2365   1.315e-07  8.1352e-11 out 5700  561 5700     2     2      0  9485    2e-08        -
2370  1.3191e-07  8.1352e-11     5710  561 5710     2     2      0  9500  4.3e-07        -
2373  1.3209e-07  9.3242e-11     5716  563 5716     2     2      0  9509  3.7e-08        -
2376  1.3237e-07  9.3242e-11     5722  563 5722     2     2      0  9518  4.9e-07        -
2378   1.325e-07  6.3517e-11 out 5730  565 5730     2     2      0  9532  6.7e-09        -
2380  1.3273e-07  1.0411e-10     5738  567 5738     2     2      0  9546  8.5e-08        -
2382  1.3292e-07  8.2369e-11     5746  569 5746     2     2      0  9560  2.9e-08        -
2387  1.3333e-07  8.2369e-11     5756  570 5756     2     2      0  9575  4.8e-07        -
2391  1.3359e-07  8.8157e-11     5764  572 5764     2     2      0  9587    5e-08        -
2395  1.3393e-07  7.3685e-11     5776  573 5776     2     2      0  9607  1.9e-08        -
2399  1.3422e-07  7.3685e-11     5784  574 5784     2     2      0  9619  2.4e-07        -
2403   1.345e-07  6.5787e-11 out 5796  574 5796     2     2      0  9641  3.5e-11        -
2406   1.347e-07  6.5787e-11     5808  574 5808     2     2      0  9665  3.4e-11        -
2409  1.3489e-07  6.5787e-11     5820  574 5820     2     2      0  9689  3.7e-11        -
2411    1.35e-07  5.2638e-11 out 5828  576 5828     2     2      0  9703    3e-09        -
2413   1.352e-07  9.4748e-11     5836  578 5836     2     2      0  9717  5.7e-08        -
2417   1.355e-07  5.5239e-11 out 5844  580 5844     2     2      0  9729  1.9e-08        -
2419  1.3571e-07  9.9431e-11     5852  582 5852     2     2      0  9743  7.9e-08        -
2423   1.361e-07   9.533e-11     5863  583 5863     2     2      0  9764  1.4e-10        -
2427  1.3644e-07   5.934e-11     5874  584 5874     2     2      0  9785  4.8e-09        -
2431  1.3678e-07  1.0681e-10     5886  586 5886     2     2      0  9805  9.3e-08        -
2435  1.3705e-07  5.4177e-11     5894  588 5894     2     2      0  9817    3e-08        -
2439  1.3744e-07   6.038e-11     5902  590 5902     2     2      0  9829  4.8e-09        -
2445   1.378e-07   6.038e-11     5914  590 5914     2     2      0  9847  1.2e-07        -
2450  1.3808e-07   7.734e-11     5924  592 5924     2     2      0  9862  1.5e-08        -
2455  1.3844e-07  5.6651e-11     5938  593 5938     2     2      0  9885  2.1e-09        -
2458  1.3872e-07  1.0171e-10     5948  596 5948     2     2      0  9902  3.9e-08        -
2461  1.3895e-07  4.5863e-11     5956  598 5956     2     2      0  9916  7.5e-10        -
2464  1.3918e-07  9.1726e-11     5962  599 5962     2     2      0  9925  1.2e-07        -
2467  1.3943e-07  6.6549e-11     5972  600 5972     2     2      0  9942  5.5e-09        -
2469   1.396e-07  1.0489e-10     5978  603 5978     2     3      0  9951  4.4e-08        -
2471  1.3979e-07  9.4404e-11     5986  605 5986     2     3      0  9965  2.8e-08        -
2475  1.4011e-07  1.1189e-10     5994  607 5994     2     3      0  9977  7.6e-08        -
2477  1.4031e-07   1.007e-10     6002  609 6002     2     3      0  9991  4.9e-08        -
2480  1.4059e-07   9.335e-11     6014  609 6014     2     3      0 10015  2.3e-11        -
2483  1.4087e-07   9.335e-11     6026  609 6026     2     3      0 10039  2.1e-11        -
2488  1.4119e-07    6.33e-11     6036  610 6036     2     3      0 10054  6.5e-08        -
2493   1.415e-07  6.0099e-11 out 6048  610 6048     2     3      0 10075  2.5e-12        -
2495  1.4172e-07   1.031e-10     6056  612 6056     2     3      0 10089  4.2e-08        -
2497  1.4191e-07    8.68e-11     6064  614 6064     2     3      0 10103  1.8e-08        -
2501  1.4226e-07    8.68e-11     6072  615 6072     2     3      0 10115  2.4e-07        -
2503  1.4242e-07    7.64e-11     6080  616 6080     2     3      0 10129  7.2e-09        -
2507  1.4273e-07    7.64e-11     6088  617 6088     2     3      0 10141  9.3e-08        -
2510  1.4294e-07  5.9001e-11     6098  618 6098     2     3      0 10158  2.1e-09        -
---        当前进度:  33 % - 
2512  1.4312e-07    1.18e-10     6102  620 6102     2     3      0 10164  6.8e-08        -
2514  1.4333e-07   1.062e-10     6110  622 6110     2     3      0 10178  9.6e-08        -
2516   1.435e-07  8.4797e-11 out 6118  624 6118     2     3      0 10192  4.2e-09        -
2521  1.4392e-07  8.0407e-11     6129  624 6129     2     3      0 10210  4.2e-11        -
2525  1.4424e-07  8.0407e-11     6141  624 6141     2     3      0 10234  5.2e-11        -
2528  1.4445e-07  4.8984e-11     6149  625 6149     2     3      0 10249  3.8e-10        -
2530   1.446e-07  9.7967e-11     6153  626 6153     2     3      0 10255  4.6e-08        -
2534  1.4495e-07  5.4066e-11     6161  627 6161     2     3      0 10267  2.2e-09        -
2537  1.4522e-07  1.0813e-10     6167  628 6167     2     3      0 10276  3.4e-07        -
2539  1.4541e-07  8.7802e-11     6175  629 6175     2     3      0 10290  2.2e-08        -
2543  1.4576e-07  8.7802e-11     6183  630 6183     2     3      0 10302  2.6e-07        -
2545  1.4593e-07  7.4396e-11     6191  631 6191     2     3      0 10316  1.1e-08        -
2549  1.4622e-07  7.4396e-11     6199  632 6199     2     3      0 10328  1.4e-07        -
2552  1.4644e-07  6.4011e-11     6209  633 6209     2     3      0 10345  5.1e-09        -
2555  1.4669e-07  1.2802e-10     6215  635 6215     2     3      0 10354  1.6e-07        -
2557   1.469e-07  1.0006e-10     6223  637 6223     2     3      0 10368    5e-08        -
2562   1.474e-07  9.9909e-11     6233  637 6233     2     3      0 10384  2.8e-10        -
2567   1.479e-07  9.9909e-11     6243  637 6243     2     3      0 10404  4.8e-10        -
2570   1.481e-07  1.0036e-10     6249  639 6249     2     3      0 10413  7.5e-08        -
2576   1.487e-07  9.9457e-11     6261  639 6261     2     3      0 10435  7.6e-10        -
2580    1.49e-07  5.1087e-11 out 6269  640 6269     2     3      0 10449  1.3e-08        -
2584  1.4936e-07  1.0217e-10     6277  641 6277     2     3      0 10461  7.4e-07        -
2586   1.495e-07  7.1196e-11 out 6285  643 6285     2     3      0 10475  1.3e-08        -
2591  1.4986e-07  7.1196e-11     6295  643 6295     2     3      0 10490  2.6e-07        -
2595  1.5007e-07  7.2824e-11     6303  645 6303     2     3      0 10502  1.6e-08        -
2599  1.5036e-07  7.2824e-11     6311  645 6311     2     3      0 10514  2.7e-07        -
2602  1.5064e-07  1.3588e-10     6319  646 6319     2     3      0 10529  3.5e-07        -
2604  1.5086e-07  1.1429e-10     6327  648 6327     2     3      0 10543  1.2e-07        -
2606    1.51e-07  6.7772e-11 out 6331  649 6331     2     3      0 10549    6e-08        -
2608   1.512e-07  1.3554e-10     6335  650 6335     2     3      0 10555  3.8e-07        -
2610  1.5141e-07  8.8988e-11     6343  652 6343     2     3      0 10569  4.6e-08        -
2615  1.5186e-07  8.8988e-11     6353  652 6353     2     3      0 10584  9.4e-07        -
2617    1.52e-07  7.2024e-11 out 6361  654 6361     2     3      0 10598  1.5e-08        -
2623  1.5243e-07  6.9939e-11     6373  654 6373     2     3      0 10617  3.9e-10        -
2629  1.5285e-07  6.9939e-11     6385  654 6385     2     3      0 10641  3.8e-10        -
2633  1.5308e-07  8.0364e-11     6393  656 6393     2     3      0 10654  2.6e-08        -
2638  1.5345e-07  4.9089e-11     6403  657 6403     2     3      0 10669  2.2e-09        -
2642  1.5379e-07  9.8178e-11     6411  658 6411     2     3      0 10681  6.3e-07        -
2646  1.5405e-07  5.3643e-11     6419  659 6419     2     3      0 10693  3.1e-08        -
2650  1.5444e-07  6.2249e-11     6427  661 6427     2     3      0 10706  8.2e-09        -
2654   1.548e-07  1.1205e-10     6439  663 6439     2     3      0 10726  1.6e-07        -
2658   1.552e-07   1.006e-10     6447  664 6447     2     3      0 10739  2.8e-10        -
2660   1.554e-07  9.9098e-11     6451  664 6451     2     3      0 10747  1.6e-09        -
2661   1.555e-07  9.9098e-11 out 6453  664 6453     2     3      0 10751  1.7e-09        -
---        当前进度:  36 % - 
Memory: 963/1041 1011/1052
2664   1.558e-07  9.9098e-11     6459  664 6459     2     3      0 10763  1.8e-09        -
2666  1.5595e-07  5.1805e-11     6463  665 6463     2     3      0 10770  3.5e-09        -
2670  1.5631e-07  1.0361e-10     6471  666 6471     2     3      0 10782  9.4e-07        -
2672   1.565e-07  9.4586e-11 out 6479  666 6479     2     3      0 10798  4.1e-10        -
2674  1.5669e-07  9.4586e-11     6487  666 6487     2     3      0 10814  4.2e-10        -
2676  1.5688e-07  9.4586e-11     6495  666 6495     2     3      0 10830  4.2e-10        -
2679  1.5706e-07  6.0829e-11     6501  667 6501     2     3      0 10839  7.2e-08        -
2681  1.5729e-07  1.0949e-10     6509  669 6509     2     3      0 10853  1.5e-07        -
2685  1.5771e-07  1.0401e-10     6517  670 6517     2     3      0 10866  3.7e-10        -
2689  1.5809e-07  9.3983e-11     6531  670 6531     2     3      0 10894    6e-10        -
2692  1.5838e-07  9.3983e-11     6543  670 6543     2     3      0 10918  5.6e-10        -
2696  1.5869e-07  1.2407e-10     6551  672 6551     2     3      0 10930  3.1e-07        -
2698  1.5891e-07  9.4914e-11     6559  673 6559     2     3      0 10945  6.4e-08        -
2702  1.5928e-07  9.4914e-11     6567  674 6567     2     3      0 10957  8.2e-07        -
2706  1.5956e-07  6.0173e-11     6575  675 6575     2     3      0 10970  5.7e-08        -
2709   1.599e-07  9.9569e-11     6585  677 6585     2     3      0 10987  7.3e-08        -
2713   1.603e-07  9.9569e-11     6593  678 6593     2     3      0 10999    9e-07        -
2717   1.606e-07  1.0173e-10     6601  680 6601     2     3      0 11012  8.7e-08        -
2721    1.61e-07  9.7412e-11 out 6611  680 6611     2     3      0 11030    4e-10        -
2725  1.6139e-07  9.7412e-11     6623  680 6623     2     3      0 11054  4.5e-10        -
2729  1.6167e-07  1.1035e-10     6631  682 6631     2     3      0 11066  1.1e-07        -
2733    1.62e-07  5.6882e-11 out 6639  683 6639     2     3      0 11079  3.2e-08        -
2737  1.6239e-07  1.0779e-10     6648  684 6648     2     3      0 11095  1.2e-09        -
2741  1.6282e-07  1.0779e-10     6660  684 6660     2     3      0 11119  1.3e-09        -
2743    1.63e-07  8.8309e-11 out 6668  686 6668     2     3      0 11133  6.4e-08        -
2748  1.6343e-07  7.3382e-11     6682  687 6682     2     3      0 11157  2.3e-08        -
2751  1.6365e-07  7.3382e-11     6688  688 6688     2     3      0 11166    2e-07        -
2755  1.6393e-07  6.6546e-11     6698  688 6698     2     3      0 11183  1.7e-10        -
2758   1.642e-07  1.3309e-10     6708  689 6708     2     3      0 11202    4e-07        -
2760  1.6441e-07  9.2191e-11     6716  691 6716     2     3      0 11216  6.2e-08        -
2765  1.6487e-07  9.2191e-11     6726  691 6726     2     3      0 11233  3.8e-10        -
2767    1.65e-07  6.5617e-11 out 6734  693 6734     2     3      0 11247    4e-09        -
2769  1.6525e-07  1.1811e-10     6742  695 6742     2     3      0 11261  7.5e-08        -
2772   1.655e-07  6.6271e-11 out 6748  697 6748     2     3      0 11270  2.1e-08        -
2775  1.6582e-07  1.1929e-10     6758  699 6758     2     3      0 11287  7.8e-08        -
2779  1.6618e-07  9.0949e-11     6766  700 6766     2     3      0 11299  2.5e-07        -
2782  1.6643e-07  6.8102e-11     6776  701 6776     2     3      0 11316  5.4e-09        -
2785   1.667e-07   1.362e-10     6782  703 6782     2     3      0 11325  1.7e-07        -
2787  1.6691e-07  8.6554e-11     6790  705 6790     2     3      0 11339  1.7e-08        -
2792  1.6735e-07  8.6554e-11     6800  705 6800     2     3      0 11354  3.5e-07        -
2795  1.6762e-07  1.2164e-10     6812  707 6812     2     4      0 11377  3.7e-07        -
---        当前进度:  38 % - 
2798  1.6792e-07  7.9705e-11     6822  708 6822     2     4      0 11396  4.2e-08        -
2801   1.682e-07  1.1971e-10     6830  710 6830     2     5      0 11409  3.1e-07        -
2803   1.684e-07  9.6426e-11     6840  711 6840     2     5      0 11428    1e-07        -
2807  1.6879e-07  9.6426e-11     6848  712 6848     2     5      0 11441  4.6e-10        -
2811  1.6911e-07   1.143e-10     6856  714 6856     2     5      0 11454  3.4e-07        -
2814  1.6942e-07  7.8554e-11     6866  715 6866     2     5      0 11473  5.8e-08        -
2818  1.6974e-07  7.8554e-11     6874  716 6874     2     5      0 11485  7.8e-07        -
2821  1.6995e-07  5.3614e-11     6884  717 6884     2     5      0 11504  9.6e-09        -
2824  1.7021e-07  1.0723e-10     6890  719 6890     2     5      0 11514  2.7e-10        -
2826  1.7041e-07  8.9158e-11     6898  720 6898     2     5      0 11529  1.2e-07        -
2830  1.7077e-07  8.9158e-11     6906  721 6906     2     5      0 11543  3.7e-10        -
2832  1.7093e-07  7.1684e-11     6914  722 6914     2     5      0 11558  3.5e-08        -
2835  1.7126e-07  1.1947e-10     6924  725 6924     2     5      0 11576  4.3e-07        -
2838   1.715e-07   5.929e-11 out 6930  727 6930     2     5      0 11585  6.3e-08        -
2841  1.7178e-07  1.0672e-10     6938  728 6938     2     5      0 11599  2.5e-09        -
2843  1.7195e-07  5.4342e-11     6944  729 6944     2     5      0 11610  7.8e-09        -
2846  1.7222e-07  1.0868e-10     6950  730 6950     2     5      0 11620  2.9e-10        -
2848  1.7241e-07  8.6973e-11     6958  731 6958     2     5      0 11635  5.7e-08        -
2852  1.7276e-07  8.6973e-11     6966  732 6966     2     5      0 11647  7.3e-07        -
2854  1.7292e-07  7.6053e-11     6974  733 6974     2     5      0 11661    3e-08        -
2858  1.7323e-07  7.6053e-11     6982  734 6982     2     5      0 11673  3.8e-07        -
2861  1.7344e-07  5.9867e-11     6992  735 6992     2     5      0 11690  9.2e-09        -
2864  1.7374e-07  1.1973e-10     6998  737 6998     2     5      0 11700  3.2e-10        -
2868  1.7407e-07    7.04e-11     7006  738 7006     2     5      0 11713    2e-07        -
2870  1.7434e-07  1.2672e-10     7014  740 7014     2     5      0 11727  4.1e-07        -
2873  1.7463e-07  1.2758e-10     7022  743 7022     2     6      0 11740  4.1e-07        -
2875  1.7486e-07  1.1482e-10     7030  743 7030     2     6      0 11756  2.6e-09        -
2876  1.7493e-07  7.1385e-11     7032  744 7032     2     6      0 11759  2.1e-08        -
2878  1.7507e-07  7.1385e-11     7036  744 7036     2     6      0 11765  1.9e-07        -
2880  1.7534e-07  1.2295e-10     7044  746 7044     2     6      0 11779    3e-07        -
2883  1.7562e-07  1.2337e-10     7052  749 7052     2     7      0 11791  2.5e-07        -
2886  1.7592e-07   7.728e-11     7062  750 7062     2     7      0 11810  3.2e-08        -
2889  1.7623e-07  1.5456e-10     7068  751 7068     2     7      0 11820  1.3e-09        -
2891  1.7643e-07  7.1153e-11     7076  753 7076     2     7      0 11834  2.3e-08        -
2894  1.7677e-07  1.2807e-10     7086  755 7086     2     7      0 11851  4.7e-07        -
2898  1.7723e-07  1.1481e-10     7094  756 7094     2     7      0 11866  1.4e-09        -
2900  1.7742e-07  7.7785e-11     7102  757 7102     2     7      0 11881  4.8e-08        -
2903  1.7766e-07  7.7785e-11     7108  758 7108     2     7      0 11890  4.7e-07        -
2906  1.7791e-07   9.443e-11     7118  759 7118     2     7      0 11907  1.3e-07        -
2910  1.7828e-07   9.443e-11     7126  760 7126     2     7      0 11921    5e-10        -
----       当前进度:  40 % - 正在组装残差
Memory: 963/1041 1012/1052
2913   1.785e-07  6.1141e-11 out 7132  761 7132     2     7      0 11931  6.8e-08        -
2916  1.7884e-07  1.1005e-10     7142  762 7142     2     7      0 11950  3.1e-09        -
2920  1.7924e-07  1.5761e-10     7150  764 7150     2     7      0 11963  1.7e-09        -
2922  1.7943e-07   6.916e-11     7158  766 7158     2     7      0 11977  2.5e-08        -
2925  1.7976e-07  1.2449e-10     7166  767 7166     2     7      0 11991  5.4e-09        -
2927     1.8e-07   1.186e-10 out 7174  769 7174     2     7      0 12005  3.8e-07        -
2931  1.8043e-07  7.2107e-11     7182  770 7182     2     7      0 12020  3.2e-08        -
2936  1.8079e-07  7.2107e-11     7192  770 7192     2     7      0 12035  6.6e-07        -
2941  1.8121e-07  1.3947e-10     7202  771 7202     2     7      0 12053    8e-07        -
2943  1.8142e-07  8.2642e-11     7210  773 7210     2     7      0 12067    7e-08        -
2946   1.818e-07  1.3585e-10     7220  775 7220     2     7      0 12085  8.1e-07        -
2950   1.822e-07  9.9436e-11     7228  776 7228     2     7      0 12099  8.3e-10        -
2954   1.825e-07  5.1129e-11 out 7236  777 7236     2     7      0 12113  2.7e-08        -
2958   1.829e-07  9.6614e-11     7245  778 7245     2     7      0 12129    2e-09        -
2961  1.8319e-07  9.6614e-11     7254  778 7254     2     7      0 12147  2.1e-09        -
2964  1.8344e-07  5.6772e-11     7262  779 7262     2     7      0 12162  5.1e-09        -
2968  1.8384e-07  1.1354e-10     7270  780 7270     2     7      0 12175  6.2e-10        -
2970    1.84e-07  7.9685e-11 out 7278  782 7278     2     7      0 12189  3.1e-08        -
2975   1.844e-07  7.9685e-11     7288  782 7288     2     7      0 12204  6.5e-07        -
2978   1.846e-07  1.0157e-10     7294  784 7294     2     7      0 12213  1.2e-07        -
2982    1.85e-07   9.764e-11 out 7304  784 7304     2     7      0 12232  6.9e-10        -
2986  1.8539e-07   9.764e-11     7316  784 7316     2     7      0 12256  7.5e-10        -
2989  1.8561e-07  1.0944e-10     7322  786 7322     2     7      0 12265  1.7e-07        -
2992  1.8591e-07   8.584e-11     7332  787 7332     2     7      0 12283  4.8e-08        -
2994  1.8613e-07  1.3019e-10     7338  790 7338     2     8      0 12293  3.8e-07        -
2997  1.8643e-07  6.7736e-11     7348  791 7348     2     8      0 12312  1.4e-08        -
3001  1.8683e-07  1.2193e-10     7358  792 7358     2     8      0 12329  3.9e-09        -
3006  1.8726e-07  8.7433e-11     7368  793 7368     2     8      0 12344    8e-07        -
3009   1.875e-07  7.5134e-11 out 7378  795 7378     2     8      0 12361  2.2e-08        -
3015  1.8794e-07  6.2166e-11     7394  796 7394     2     8      0 12387  9.7e-09        -
3019  1.8837e-07  1.2433e-10     7402  798 7402     2     8      0 12401  1.2e-09        -
3023  1.8869e-07  1.2701e-10     7410  800 7410     2     8      0 12413  3.5e-07        -
3026    1.89e-07  9.1243e-11 out 7420  802 7420     2     8      0 12431  6.5e-08        -
3028  1.8926e-07  1.2275e-10     7428  804 7428     2     9      0 12446    4e-09        -
3030   1.895e-07  1.2043e-10 out 7436  806 7436     2     9      0 12460  2.5e-07        -
3035     1.9e-07  6.9351e-11 out 7446  807 7446     2     9      0 12478  7.8e-08        -
3038  1.9033e-07  1.2483e-10     7454  808 7454     2     9      0 12492  4.5e-09        -
3043  1.9075e-07  8.3557e-11     7464  809 7464     2     9      0 12507  6.4e-07        -
3049  1.9125e-07  8.2885e-11     7476  809 7476     2     9      0 12530  1.3e-09        -
3054  1.9159e-07  8.5575e-11     7486  811 7486     2     9      0 12547  5.1e-08        -
3059    1.92e-07   7.885e-11 out 7498  811 7498     2     9      0 12568  1.7e-09        -
3061  1.9229e-07  1.3537e-10     7506  813 7506     2     9      0 12582  8.3e-07        -
3064  1.9264e-07  1.3539e-10     7514  816 7514     2    10      0 12597  8.1e-07        -
----       当前进度:  43 % - 组装矩阵
3066  1.9288e-07  1.2138e-10     7524  817 7524     2    10      0 12616  4.5e-07        -
3069  1.9324e-07  1.2138e-10     7530  818 7530     2    10      0 12627  1.8e-09        -
3074   1.937e-07  1.3586e-10     7540  820 7540     2    10      0 12643    7e-07        -
3078  1.9409e-07  8.6966e-11     7550  821 7550     2    10      0 12660  6.5e-07        -
3082  1.9442e-07  7.6067e-11     7562  822 7562     2    10      0 12682  3.7e-08        -
3086  1.9473e-07  7.6067e-11     7570  823 7570     2    10      0 12694  4.6e-07        -
3089  1.9494e-07  5.9832e-11     7580  824 7580     2    10      0 12711  1.2e-08        -
3093  1.9536e-07  1.1966e-10     7588  826 7588     2    10      0 12725  1.8e-09        -
3097  1.9571e-07  1.4101e-10     7596  828 7596     2    10      0 12737  9.4e-07        -
3100    1.96e-07  8.0791e-11 out 7604  829 7604     2    10      0 12751  2.9e-07        -
3102   1.963e-07  1.3392e-10     7612  831 7612     2    10      0 12766  7.3e-07        -
3107  1.9681e-07  1.0225e-10     7622  832 7622     2    10      0 12784  1.6e-09        -
3111  1.9719e-07  9.6628e-11     7634  832 7634     2    10      0 12808  2.6e-09        -
3114  1.9744e-07  5.6745e-11     7642  833 7642     2    10      0 12823  6.4e-09        -
3119  1.9792e-07  7.9765e-11     7656  835 7656     2    10      0 12848  3.4e-08        -
3124  1.9832e-07  7.9765e-11     7666  836 7666     2    10      0 12863  5.7e-07        -
3128   1.986e-07  1.0117e-10     7674  838 7674     2    10      0 12875  1.2e-07        -
3134  1.9924e-07  1.3777e-10     7688  840 7688     2    11      0 12902  6.5e-07        -
3138  1.9964e-07     1.4e-10     7698  842 7698     2    11      0 12919  7.4e-07        -
3140  1.9988e-07    1.17e-10     7708  843 7708     2    11      0 12938    3e-07        -
3144  2.0035e-07    1.17e-10     7716  844 7716     2    11      0 12953    2e-09        -
3145  2.0043e-07  7.4494e-11     7718  845 7718     2    11      0 12956  2.8e-08        -
3150   2.008e-07  7.4494e-11     7728  845 7728     2    11      0 12971  5.7e-07        -
3152  2.0094e-07  6.3764e-11     7736  846 7736     2    11      0 12985  1.2e-08        -
3155  2.0119e-07  1.2753e-10     7742  848 7742     2    11      0 12994  3.7e-07        -
3158   2.015e-07  9.0589e-11 out 7752  850 7752     2    11      0 13012  6.6e-08        -
3163  2.0193e-07  6.8822e-11     7766  851 7766     2    11      0 13036  1.7e-08        -
3166  2.0226e-07  1.2388e-10     7774  853 7774     2    11      0 13050    6e-09        -
3168   2.025e-07  1.1924e-10 out 7782  855 7782     2    11      0 13064  2.7e-07        -
3169  2.0264e-07  1.3842e-10     7786  857 7786     2    12      0 13072  5.7e-07        -
3171  2.0288e-07   1.185e-10     7796  858 7796     2    12      0 13091  2.7e-07        -
3175  2.0336e-07   1.185e-10     7804  859 7804     2    12      0 13106  2.1e-09        -
3179  2.0364e-07  7.2245e-11     7812  860 7812     2    12      0 13118  3.1e-07        -
3185  2.0407e-07  6.9387e-11     7824  860 7824     2    12      0 13139  2.9e-09        -
3190  2.0442e-07  6.9387e-11     7834  860 7834     2    12      0 13159  2.7e-09        -
3193  2.0458e-07  8.3676e-11     7840  862 7840     2    12      0 13168  4.4e-08        -
3199  2.0508e-07  8.2648e-11     7852  862 7852     2    12      0 13189    2e-09        -
3203   2.055e-07  1.2603e-10 out 7860  863 7860     2    12      0 13204  6.9e-10        -
3206  2.0585e-07  1.1343e-10     7870  863 7870     2    12      0 13224  4.7e-09        -
3210  2.0622e-07  1.4712e-10     7878  865 7878     2    12      0 13236  7.6e-07        -
3212  2.0643e-07   7.466e-11     7886  867 7886     2    12      0 13250  2.8e-08        -
3215  2.0678e-07  1.3305e-10     7896  869 7896     2    12      0 13267  5.2e-07        -
3219  2.0722e-07  1.0882e-10     7904  870 7904     2    12      0 13281  1.3e-09        -
3222   2.075e-07  8.6774e-11 out 7914  872 7914     2    12      0 13299  6.1e-08        -
----       当前进度:  45 % - 
Memory: 964/1041 1012/1052
3225  2.0776e-07  8.6774e-11     7920  872 7920     2    12      0 13308  7.8e-07        -
3228    2.08e-07  7.6451e-11 out 7930  872 7930     2    12      0 13328  1.9e-09        -
3231  2.0823e-07  7.6451e-11     7942  872 7942     2    12      0 13352  1.9e-09        -
3234  2.0844e-07  5.8872e-11     7956  873 7956     2    12      0 13379  7.5e-09        -
3237  2.0868e-07  1.1774e-10     7962  875 7962     2    12      0 13388  2.4e-07        -
3239   2.089e-07  1.0282e-10     7970  876 7970     2    12      0 13403  1.2e-07        -
3243  2.0931e-07  1.0282e-10     7978  877 7978     2    12      0 13417  9.7e-10        -
3247  2.0973e-07  1.3037e-10     7991  879 7991     2    13      0 13443  3.9e-07        -
3249     2.1e-07  1.5652e-10 out 8001  880 8001     2    13      0 13462  9.5e-07        -
3251  2.1026e-07  1.3206e-10     8011  883 8011     2    14      0 13481  4.7e-07        -
3253  2.1044e-07  6.1051e-11     8017  884 8017     2    14      0 13492    1e-08        -
3256  2.1074e-07   1.221e-10     8023  885 8023     2    14      0 13502  6.2e-10        -
3260  2.1107e-07  6.6847e-11     8031  886 8031     2    14      0 13515  1.4e-07        -
3265   2.114e-07  6.6847e-11     8041  886 8041     2    14      0 13530  4.5e-07        -
3267   2.115e-07  4.9459e-11 out 8049  888 8049     2    14      0 13544  3.3e-09        -
3271   2.119e-07  9.8918e-11     8057  889 8057     2    14      0 13557  8.3e-10        -
3274   2.121e-07  1.0433e-10     8063  891 8063     2    14      0 13566  1.3e-07        -
3278   2.125e-07  9.3511e-11 out 8075  891 8075     2    14      0 13589  2.6e-09        -
3281  2.1278e-07  9.3511e-11     8087  891 8087     2    14      0 13613  2.7e-09        -
3285  2.1306e-07  6.2978e-11     8097  892 8097     2    14      0 13630  8.8e-08        -
3288   2.134e-07  9.8852e-11     8107  895 8107     2    15      0 13649    1e-07        -
3291  2.1375e-07   1.176e-10     8117  897 8117     2    16      0 13668  5.6e-09        -
3295  2.1407e-07  6.7071e-11     8127  898 8127     2    16      0 13685  1.2e-07        -
3298  2.1441e-07  8.9029e-11     8135  900 8135     2    16      0 13699  5.7e-08        -
3304  2.1493e-07  7.1942e-11     8151  901 8151     2    16      0 13726  1.9e-08        -
3309  2.1529e-07  7.1942e-11     8161  902 8161     2    16      0 13741  3.1e-07        -
3315  2.1571e-07  7.0145e-11     8173  902 8173     2    16      0 13764    2e-09        -
3320    2.16e-07  3.9565e-11 out 8183  903 8183     2    16      0 13782    4e-09        -
3325   2.164e-07  7.9129e-11     8193  904 8193     2    16      0 13797  4.3e-07        -
3329  2.1666e-07  1.0435e-10     8201  906 8201     2    16      0 13809    1e-07        -
3334  2.1707e-07  6.7381e-11     8211  907 8211     2    16      0 13824    1e-07        -
3337  2.1741e-07  8.8286e-11     8219  909 8219     2    16      0 13838  4.6e-08        -
3343  2.1793e-07  7.3428e-11     8235  910 8235     2    16      0 13864  7.8e-09        -
3347  2.1822e-07  7.3428e-11     8243  911 8243     2    16      0 13876    1e-07        -
3352  2.1857e-07   6.643e-11     8256  911 8256     2    16      0 13900  1.1e-09        -
3356  2.1883e-07   6.643e-11     8268  911 8268     2    16      0 13924  1.1e-09        -
3358  2.1895e-07  5.0711e-11     8277  912 8277     2    16      0 13941  1.1e-09        -
3361   2.192e-07  1.0142e-10     8283  914 8283     2    16      0 13950  1.8e-07        -
3364   2.195e-07  9.7867e-11 out 8289  914 8289     2    16      0 13961  6.3e-09        -
3369  2.1995e-07  5.4265e-11     8299  915 8299     2    16      0 13980  1.4e-09        -
3372  2.2016e-07  1.0853e-10     8305  916 8305     2    16      0 13989  4.5e-08        -
3376   2.205e-07  6.0071e-11 out 8313  917 8313     2    16      0 14001  1.2e-08        -
3380  2.2089e-07  1.0583e-10     8327  919 8327     2    16      0 14026  4.3e-08        -
----       当前进度:  48 % - 正在组装残差
3384  2.2132e-07  1.0583e-10     8335  920 8335     2    16      0 14038  5.8e-07        -
3386   2.215e-07  9.1257e-11 out 8343  922 8343     2    16      0 14052  2.4e-08        -
3391  2.2193e-07  6.7486e-11     8357  923 8357     2    16      0 14075  5.4e-09        -
3396  2.2227e-07  6.7486e-11     8367  924 8367     2    16      0 14090    9e-08        -
3399  2.2245e-07  4.7542e-11     8377  925 8377     2    16      0 14107  9.5e-10        -
3401   2.226e-07  9.5084e-11     8381  927 8381     2    16      0 14113  2.5e-08        -
3406    2.23e-07  5.9832e-11 out 8391  928 8391     2    16      0 14128  1.1e-08        -
3411  2.2336e-07  1.1966e-10     8401  929 8401     2    16      0 14143    7e-08        -
3414  2.2357e-07  7.0505e-11     8407  930 8407     2    16      0 14152  4.4e-08        -
3417  2.2378e-07  7.0505e-11     8413  930 8413     2    16      0 14161    1e-07        -
3422  2.2408e-07  7.6967e-11     8423  932 8423     2    16      0 14176  7.6e-09        -
3427  2.2444e-07  5.7581e-11     8437  933 8437     2    16      0 14199  1.8e-09        -
3431  2.2485e-07  1.1516e-10     8445  935 8445     2    16      0 14211  5.2e-07        -
3433    2.25e-07  7.7256e-11 out 8453  937 8453     2    16      0 14225  8.3e-09        -
3439  2.2544e-07  5.6861e-11     8469  938 8469     2    16      0 14251  1.8e-09        -
3443  2.2584e-07  1.1372e-10     8477  940 8477     2    16      0 14263  5.2e-07        -
3445    2.26e-07  7.9418e-11 out 8485  942 8485     2    16      0 14277  9.5e-09        -
3451  2.2645e-07  5.1454e-11     8497  943 8497     2    16      0 14295    1e-09        -
3456  2.2686e-07  1.0291e-10     8507  944 8507     2    16      0 14310  2.4e-07        -
3458    2.27e-07  6.9912e-11 out 8515  946 8515     2    16      0 14324  3.7e-09        -
3464  2.2742e-07  6.9912e-11     8527  946 8527     2    16      0 14342    9e-08        -
3468  2.2766e-07  8.0529e-11     8535  948 8535     2    16      0 14354  3.6e-08        -
3473    2.28e-07  4.8677e-11 out 8545  949 8545     2    16      0 14369  3.1e-09        -
3478  2.2844e-07  5.5291e-11     8555  951 8555     2    16      0 14384  1.3e-09        -
3483  2.2892e-07  8.4126e-11     8569  953 8569     2    16      0 14407  1.1e-08        -
3488  2.2934e-07  8.4126e-11     8579  954 8579     2    16      0 14422  1.9e-07        -
3494  2.2983e-07  8.1749e-11     8591  954 8591     2    16      0 14446  2.5e-09        -
3498  2.3009e-07  9.1255e-11     8599  956 8599     2    16      0 14459  1.6e-08        -
3502  2.3043e-07  6.7489e-11     8611  957 8611     2    16      0 14479  3.3e-09        -
3507  2.3077e-07  6.7489e-11     8621  958 8621     2    16      0 14494  5.4e-08        -
3510  2.3095e-07  4.7532e-11     8631  959 8631     2    16      0 14511  5.4e-10        -
3514  2.3124e-07  9.5065e-11     8639  961 8639     2    16      0 14523  8.6e-08        -
3518  2.3158e-07  8.3637e-11     8653  961 8653     2    16      0 14550  1.6e-09        -
3521  2.3183e-07  8.3637e-11     8665  961 8665     2    16      0 14574  1.6e-09        -
3523    2.32e-07  8.2727e-11 out 8673  963 8673     2    16      0 14588  2.7e-08        -
3529  2.3246e-07  4.3183e-11     8685  964 8685     2    16      0 14606  1.1e-09        -
3533  2.3276e-07  8.6366e-11     8693  965 8693     2    16      0 14618  3.2e-07        -
3536    2.33e-07  7.7269e-11 out 8703  965 8703     2    16      0 14637  1.2e-09        -
3539  2.3323e-07  7.7269e-11     8715  965 8715     2    16      0 14661  1.2e-09        -
3541  2.3339e-07  7.7269e-11     8723  965 8723     2    16      0 14677  1.2e-09        -
3545  2.3361e-07  5.6828e-11     8731  966 8731     2    16      0 14689  5.5e-08        -
3548  2.3392e-07  7.9516e-11     8741  968 8741     2    16      0 14706  2.1e-08        -
3551  2.3416e-07  7.9516e-11     8747  969 8747     2    16      0 14715  1.9e-07        -
3556   2.345e-07   5.121e-11 out 8757  970 8757     2    16      0 14730  1.1e-08        -
-----      当前进度:  51 % - 正在组装残差
3561  2.3493e-07  7.0765e-11     8771  972 8771     2    16      0 14753  1.1e-08        -
3565  2.3534e-07  1.2329e-10     8783  975 8783     2    16      0 14773  1.8e-07        -
3570  2.3575e-07  8.2206e-11     8793  976 8793     2    16      0 14788  4.1e-07        -
3574    2.36e-07  4.4486e-11 out 8801  977 8801     2    16      0 14800  6.4e-09        -
3579  2.3643e-07  7.2055e-11     8815  979 8815     2    16      0 14823  1.6e-08        -
3584  2.3679e-07  7.2055e-11     8825  980 8825     2    16      0 14838  2.7e-07        -
3590  2.3721e-07  6.9862e-11     8837  980 8837     2    16      0 14861  2.7e-09        -
3595   2.375e-07  4.0415e-11 out 8847  981 8847     2    16      0 14879    4e-09        -
3599  2.3782e-07   8.083e-11     8855  982 8855     2    16      0 14891  3.3e-07        -
3603   2.381e-07  9.5849e-11     8863  984 8863     2    16      0 14903  5.6e-08        -
3608   2.385e-07  5.8302e-11 out 8873  985 8873     2    16      0 14918  2.3e-08        -
3612  2.3892e-07  7.5093e-11     8881  987 8881     2    16      0 14931  1.6e-08        -
3616  2.3935e-07   1.266e-10     8893  989 8893     2    16      0 14951  2.3e-07        -
3620  2.3965e-07  7.4062e-11     8901  990 8901     2    16      0 14963    2e-07        -
3624  2.3994e-07  6.4845e-11     8911  990 8911     2    16      0 14980  1.3e-09        -
3627  2.4013e-07  6.4845e-11     8923  990 8923     2    16      0 15004  1.2e-09        -
3630  2.4032e-07  6.4845e-11     8935  990 8935     2    16      0 15028  1.2e-09        -
3632  2.4044e-07  5.5466e-11     8945  991 8945     2    16      0 15047  3.9e-09        -
3636  2.4078e-07  1.1093e-10     8953  993 8953     2    16      0 15059  6.2e-07        -
3640  2.4111e-07  1.1174e-10     8961  995 8961     2    16      0 15072  1.2e-07        -
3643  2.4142e-07  8.2388e-11     8971  996 8971     2    16      0 15090  2.7e-08        -
3648  2.4183e-07  8.2388e-11     8981  997 8981     2    16      0 15105  4.4e-07        -
3652  2.4209e-07  8.8058e-11     8989  999 8989     2    16      0 15117  3.5e-08        -
3656  2.4243e-07  7.3883e-11     9001 1000 9001     2    16      0 15137  1.4e-08        -
3659  2.4277e-07  1.2564e-10     9011 1003 9011     2    16      0 15154  2.1e-07        -
3664  2.4334e-07   1.133e-10     9021 1004 9021     2    16      0 15172  2.6e-09        -
3666   2.435e-07  8.0055e-11 out 9029 1006 9029     2    16      0 15186  2.6e-08        -
3671   2.439e-07  8.0055e-11     9039 1006 9039     2    16      0 15201  5.4e-07        -
3675   2.442e-07  9.9724e-11     9047 1008 9047     2    16      0 15213  4.1e-07        -
3680   2.446e-07  1.0111e-10     9057 1010 9057     2    16      0 15229  8.4e-08        -
3684    2.45e-07  9.8342e-11 out 9065 1010 9065     2    16      0 15243  1.1e-08        -
3689  2.4545e-07  5.3316e-11     9075 1011 9075     2    16      0 15262    3e-09        -
3694  2.4591e-07  9.0051e-11     9089 1013 9089     2    16      0 15285    4e-08        -
3699  2.4636e-07  9.0051e-11     9099 1014 9099     2    16      0 15300  6.7e-07        -
3701   2.465e-07  6.9898e-11 out 9107 1016 9107     2    16      0 15314  1.2e-08        -
3704  2.4684e-07  1.2582e-10     9115 1017 9115     2    16      0 15328  8.2e-09        -
3709  2.4725e-07  8.2245e-11     9125 1018 9125     2    16      0 15343  4.5e-07        -
3714  2.4759e-07  8.8773e-11     9135 1020 9135     2    16      0 15358  4.2e-08        -
3718  2.4793e-07  7.2455e-11     9147 1021 9147     2    16      0 15378  1.5e-08        -
3723  2.4829e-07  7.2455e-11     9157 1022 9157     2    16      0 15393  2.5e-07        -
3728  2.4864e-07  6.8863e-11     9167 1022 9167     2    16      0 15412  4.8e-09        -
3733  2.4896e-07  4.3411e-11     9177 1023 9177     2    16      0 15431    1e-09        -
3738  2.4935e-07  8.6822e-11     9187 1024 9187     2    16      0 15446  4.1e-07        -
3741  2.4958e-07  7.6357e-11     9199 1024 9199     2    16      0 15470  2.4e-09        -
3744  2.4986e-07  1.3546e-10     9209 1025 9209     2    16      0 15489  2.8e-07        -
-----      当前进度:  53 % - 组装稀疏模式
3748   2.502e-07  1.3546e-10     9217 1027 9217     2    16      0 15501  2.9e-07        -
3752  2.5059e-07  8.7442e-11     9227 1028 9227     2    16      0 15518  3.1e-07        -
3756  2.5092e-07  7.5116e-11     9239 1029 9239     2    16      0 15538  1.8e-08        -
3761   2.513e-07  7.5116e-11     9249 1030 9249     2    16      0 15553  3.1e-07        -
3764   2.515e-07  6.2211e-11 out 9259 1032 9259     2    16      0 15570  7.4e-09        -
3770  2.5187e-07  6.2211e-11     9271 1032 9271     2    16      0 15588  1.8e-07        -
3774  2.5206e-07  6.4523e-11     9279 1034 9279     2    16      0 15600  8.3e-09        -
3780  2.5244e-07  5.6431e-11     9293 1034 9293     2    16      0 15623    9e-10        -
3783  2.5267e-07  1.1286e-10     9303 1035 9303     2    16      0 15642  1.3e-07        -
3789  2.5336e-07  1.4108e-10     9319 1036 9319     2    16      0 15672  3.6e-07        -
3793  2.5371e-07  1.4108e-10     9327 1038 9327     2    16      0 15684  4.4e-07        -
3796    2.54e-07  8.0706e-11 out 9335 1039 9335     2    16      0 15698  1.4e-07        -
3802  2.5445e-07  4.8235e-11     9347 1040 9347     2    16      0 15716  8.9e-11        -
3806  2.5479e-07  9.6469e-11     9355 1041 9355     2    16      0 15728  2.6e-08        -
3810  2.5511e-07  1.1412e-10     9363 1043 9363     2    16      0 15740  7.1e-09        -
3813  2.5542e-07  7.8815e-11     9373 1044 9373     2    16      0 15757  1.1e-09        -
3818  2.5582e-07  7.8815e-11     9383 1045 9383     2    16      0 15772  1.9e-08        -
3820  2.5595e-07  5.2961e-11     9391 1046 9391     2    16      0 15786  1.5e-10        -
3821    2.56e-07  5.2961e-11 out 9393 1047 9393     2    16      0 15789  1.5e-10        -
3822  2.5611e-07  1.0592e-10     9395 1048 9395     2    16      0 15792  4.8e-09        -
3825  2.5641e-07  9.1116e-11     9405 1049 9405     2    16      0 15809  2.2e-09        -
3829  2.5677e-07  9.1116e-11     9413 1050 9413     2    16      0 15821  2.6e-08        -
3831    2.57e-07  1.1333e-10 out 9421 1052 9421     2    16      0 15835    6e-09        -
3833  2.5726e-07  1.2342e-10     9429 1054 9429     2    17      0 15850  2.4e-09        -
3835   2.575e-07  1.1972e-10 out 9437 1056 9437     2    17      0 15864  7.9e-09        -
3839  2.5793e-07  7.0416e-11     9445 1057 9445     2    17      0 15876    6e-10        -
3844  2.5828e-07  7.0416e-11     9455 1057 9455     2    17      0 15891  1.3e-08        -
3849  2.5858e-07  7.7504e-11     9465 1059 9465     2    17      0 15906  1.1e-09        -
3854  2.5894e-07  5.6241e-11     9479 1060 9479     2    17      0 15929  2.3e-10        -
3858  2.5928e-07  1.1248e-10     9487 1062 9487     2    17      0 15941  3.6e-08        -
3863  2.5983e-07   1.094e-10     9497 1062 9497     2    17      0 15961  5.4e-09        -
3865     2.6e-07  8.5905e-11 out 9505 1064 9505     2    17      0 15975  1.7e-09        -
3870  2.6042e-07  7.8191e-11     9516 1064 9516     2    17      0 15993  1.4e-09        -
3873  2.6066e-07  7.8191e-11     9525 1064 9525     2    17      0 16011  1.5e-09        -
3877  2.6095e-07  5.4523e-11     9536 1065 9536     2    17      0 16032  1.7e-10        -
3881  2.6133e-07  1.0905e-10     9544 1066 9544     2    17      0 16044  1.2e-07        -
3883   2.615e-07  8.6432e-11 out 9552 1068 9552     2    17      0 16058  4.2e-09        -
3888  2.6192e-07  7.7136e-11     9564 1068 9564     2    17      0 16078  4.4e-10        -
3891  2.6215e-07  7.7136e-11     9576 1068 9576     2    17      0 16102  4.3e-10        -
3894  2.6239e-07  7.7136e-11     9588 1068 9588     2    17      0 16126  4.3e-10        -
3898  2.6261e-07   5.716e-11     9596 1069 9596     2    17      0 16138  7.5e-09        -
-----      当前进度:  56 % - 
3904  2.6295e-07  4.9941e-11     9610 1069 9610     2    17      0 16161  1.4e-10        -
3906   2.631e-07  9.9883e-11     9616 1070 9616     2    17      0 16172  9.3e-09        -
3911   2.635e-07  5.0234e-11 out 9626 1071 9626     2    17      0 16187  1.4e-09        -
3916    2.64e-07  9.9297e-11 out 9636 1072 9636     2    17      0 16204  7.8e-10        -
3921  2.6445e-07  5.1407e-11     9646 1073 9646     2    17      0 16223  2.9e-10        -
3925  2.6476e-07  1.0281e-10     9654 1074 9654     2    17      0 16235  4.6e-08        -
3927  2.6493e-07  7.0076e-11     9662 1075 9662     2    17      0 16249  1.4e-09        -
3931  2.6521e-07  7.0076e-11     9670 1076 9670     2    17      0 16261  1.8e-08        -
3936   2.655e-07  3.9771e-11 out 9680 1077 9680     2    17      0 16276  4.6e-10        -
3940  2.6582e-07  7.9542e-11     9688 1078 9688     2    17      0 16288  3.9e-08        -
3944   2.661e-07  1.0229e-10     9696 1080 9696     2    17      0 16300  1.1e-08        -
3949   2.666e-07  9.6563e-11     9709 1080 9709     2    17      0 16324  7.7e-10        -
3953  2.6694e-07  5.6873e-11     9720 1081 9720     2    17      0 16345  5.6e-10        -
3958  2.6742e-07  7.9381e-11     9734 1083 9734     2    17      0 16368  2.8e-09        -
3963  2.6782e-07  7.9381e-11     9744 1084 9744     2    17      0 16383  4.6e-08        -
3967   2.681e-07   1.031e-10     9752 1086 9752     2    17      0 16395  2.6e-09        -
3972   2.686e-07  9.5357e-11     9765 1086 9765     2    17      0 16419  1.6e-09        -
3976  2.6894e-07  5.9286e-11     9776 1087 9776     2    17      0 16440  1.1e-09        -
3981   2.694e-07  1.0179e-10     9790 1089 9790     2    17      0 16463  1.7e-08        -
3984   2.697e-07  1.0179e-10     9796 1090 9796     2    17      0 16472  1.5e-07        -
3990  2.7029e-07  9.7321e-11     9808 1090 9808     2    17      0 16495  3.2e-09        -
3994  2.7061e-07  1.1072e-10     9816 1092 9816     2    17      0 16508  2.6e-08        -
3997  2.7092e-07  8.3925e-11     9826 1093 9826     2    17      0 16525  6.2e-09        -
4001  2.7125e-07  8.3925e-11     9834 1094 9834     2    17      0 16537  7.8e-08        -
4007  2.7175e-07  8.2151e-11     9846 1094 9846     2    17      0 16560  5.3e-10        -
4011    2.72e-07  4.4623e-11 out 9854 1095 9854     2    17      0 16574  1.2e-09        -
4016  2.7243e-07  7.1507e-11     9868 1097 9868     2    17      0 16597  2.7e-09        -
4021  2.7279e-07  7.1507e-11     9878 1098 9878     2    17      0 16612  4.6e-08        -
4027  2.7321e-07  7.1232e-11     9890 1098 9890     2    17      0 16635  5.7e-11        -
4032   2.735e-07  3.6304e-11 out 9900 1099 9900     2    17      0 16653  5.4e-10        -
4037  2.7386e-07  7.2609e-11     9910 1100 9910     2    17      0 16668  5.8e-08        -
4043  2.7427e-07  6.8478e-11     9922 1100 9922     2    17      0 16692  1.5e-09        -
4048  2.7459e-07   8.913e-11     9932 1102 9932     2    17      0 16709  8.7e-09        -
4052  2.7493e-07  7.1739e-11     9944 1103 9944     2    17      0 16729  2.3e-09        -
4057  2.7529e-07  7.1739e-11     9954 1104 9954     2    17      0 16744  4.5e-08        -
4062  2.7564e-07  7.0652e-11     9964 1104 9964     2    17      0 16763  2.4e-10        -
4067  2.7596e-07  3.8044e-11     9974 1105 9974     2    17      0 16782  1.7e-10        -
4071  2.7623e-07  7.6088e-11     9982 1106 9982     2    17      0 16794    5e-08        -
4074  2.7644e-07   5.978e-11     9992 1107 9992     2    17      0 16811  1.7e-09        -
4078   2.768e-07  1.1956e-10     10000 1109 10000     2    17      0 16823  2.8e-07        -
4080    2.77e-07  1.0055e-10 out 10008 1111 10008     2    17      0 16837  2.4e-08        -
4086   2.776e-07  9.9175e-11     10020 1111 10020     2    17      0 16858  4.2e-10        -
4091    2.78e-07   5.165e-11 out 10030 1112 10030     2    17      0 16876  4.2e-09        -
4095   2.784e-07  9.5051e-11     10039 1113 10039     2    17      0 16891    4e-10        -
4099  2.7879e-07  9.5051e-11     10051 1113 10051     2    17      0 16915  3.8e-10        -
4103  2.7906e-07  5.9899e-11     10060 1114 10060     2    17      0 16930  1.4e-08        -
-----      当前进度:  59 % - 
4106   2.794e-07  1.0025e-10     10070 1116 10070     2    17      0 16947    2e-08        -
4111   2.799e-07   9.962e-11     10080 1117 10080     2    17      0 16963  5.1e-10        -
4117  2.8045e-07   5.076e-11     10092 1118 10092     2    17      0 16986  8.1e-10        -
4121  2.8075e-07  1.0152e-10     10100 1119 10100     2    17      0 16998  1.3e-07        -
4124    2.81e-07   7.234e-11 out 10110 1121 10110     2    17      0 17015    5e-09        -
4129  2.8136e-07   7.234e-11     10120 1121 10120     2    17      0 17030    1e-07        -
4135  2.8178e-07   6.915e-11     10132 1121 10132     2    17      0 17054  6.6e-10        -
4140  2.8209e-07  8.5098e-11     10142 1123 10142     2    17      0 17071  8.1e-09        -
4144  2.8242e-07  7.9803e-11     10151 1123 10151     2    17      0 17086  2.8e-10        -
4148  2.8274e-07  7.9803e-11     10163 1123 10163     2    17      0 17110  2.7e-10        -
4152    2.83e-07  5.0491e-11 out 10173 1124 10173     2    17      0 17128  2.8e-09        -
4156   2.834e-07  9.8526e-11     10181 1125 10181     2    17      0 17141  1.1e-09        -
4162  2.8395e-07  5.2949e-11     10193 1126 10193     2    17      0 17164  7.6e-10        -
4167  2.8437e-07   1.059e-10     10203 1127 10203     2    17      0 17179  2.2e-07        -
4172  2.8469e-07  6.4679e-11     10213 1128 10213     2    17      0 17194  3.6e-08        -
4177    2.85e-07  5.5962e-11 out 10227 1128 10227     2    17      0 17219  1.6e-10        -
4180  2.8517e-07  5.5962e-11     10239 1128 10239     2    17      0 17243  1.7e-10        -
4183  2.8534e-07  5.5962e-11     10251 1128 10251     2    17      0 17267  1.9e-10        -
4185  2.8545e-07  5.4134e-11     10261 1129 10261     2    17      0 17286  8.4e-10        -
4189  2.8566e-07  5.4134e-11     10269 1130 10269     2    17      0 17298  1.1e-08        -
4195  2.8597e-07  3.3463e-11     10281 1131 10281     2    17      0 17316    7e-11        -
4200  2.8627e-07  6.6925e-11     10291 1132 10291     2    17      0 17331  2.9e-08        -
4203  2.8645e-07  4.9224e-11     10301 1133 10301     2    17      0 17348  4.7e-10        -
4207  2.8675e-07  9.8448e-11     10309 1135 10309     2    17      0 17360  7.4e-08        -
4210    2.87e-07  7.7716e-11 out 10319 1137 10319     2    17      0 17377  4.7e-09        -
4216  2.8744e-07   5.571e-11     10335 1138 10335     2    17      0 17403  9.6e-10        -
4221  2.8772e-07   5.571e-11     10345 1139 10345     2    17      0 17418  1.7e-08        -
4227  2.8806e-07  5.5014e-11     10357 1139 10357     2    17      0 17439    4e-11        -
4233  2.8839e-07  5.5014e-11     10369 1139 10369     2    17      0 17463  3.8e-11        -
4237  2.8856e-07  5.9889e-11     10377 1141 10377     2    17      0 17476  1.2e-09        -
4243  2.8892e-07  5.9889e-11     10389 1141 10389     2    17      0 17494    3e-08        -
4245    2.89e-07  4.0387e-11 out 10397 1143 10397     2    17      0 17508  1.6e-10        -
4247  2.8916e-07  8.0774e-11     10401 1144 10401     2    17      0 17514  2.5e-08        -
4252   2.895e-07  4.8066e-11 out 10411 1145 10411     2    17      0 17529  1.8e-09        -
4257  2.8994e-07  5.7736e-11     10421 1147 10421     2    17      0 17544  8.3e-10        -
4263  2.9029e-07  5.7736e-11     10433 1147 10433     2    17      0 17562  2.1e-08        -
4266  2.9045e-07  4.7924e-11     10443 1148 10443     2    17      0 17579  3.3e-10        -
4269  2.9064e-07  9.5848e-11     10449 1150 10449     2    17      0 17588  1.1e-08        -
4272  2.9092e-07  8.2266e-11     10459 1151 10459     2    17      0 17605    5e-09        -
4277  2.9133e-07  8.2266e-11     10469 1152 10469     2    17      0 17620  8.4e-08        -
4281  2.9159e-07  8.8668e-11     10477 1154 10477     2    17      0 17632  7.7e-09        -
4285  2.9193e-07  7.2663e-11     10489 1155 10489     2    17      0 17652  2.9e-09        -
4290  2.9229e-07  7.2663e-11     10499 1156 10499     2    17      0 17667  4.9e-08        -
4296  2.9271e-07  6.8342e-11     10511 1156 10511     2    17      0 17690  3.8e-09        -
4301    2.93e-07  4.4974e-11 out 10521 1157 10521     2    17      0 17708  1.2e-09        -
------     当前进度:  61 % - 正在组装残差
Memory: 965/1041 1013/1052
4306  2.9343e-07  7.0105e-11     10535 1159 10535     2    17      0 17731  2.1e-09        -
4311  2.9378e-07  7.0105e-11     10545 1160 10545     2    17      0 17746  3.6e-08        -
4316  2.9408e-07   7.937e-11     10555 1162 10555     2    17      0 17761  1.4e-10        -
4321  2.9445e-07  5.1574e-11     10565 1163 10565     2    17      0 17776    2e-11        -
4326  2.9486e-07  1.0315e-10     10575 1164 10575     2    17      0 17791  1.4e-09        -
4328    2.95e-07   6.949e-11 out 10583 1166 10583     2    17      0 17805  9.9e-11        -
4332  2.9528e-07   6.949e-11     10591 1166 10591     2    17      0 17817  3.6e-10        -
4337  2.9558e-07  8.3058e-11     10601 1168 10601     2    17      0 17832  2.2e-10        -
4342  2.9596e-07  4.2355e-11     10611 1169 10611     2    17      0 17847  6.7e-12        -
4347  2.9634e-07  8.4709e-11     10621 1170 10621     2    17      0 17862  5.4e-10        -
4353  2.9682e-07  8.0581e-11     10633 1170 10633     2    17      0 17886  4.4e-09        -
4357   2.971e-07  9.7093e-11     10641 1172 10641     2    17      0 17899  5.6e-10        -
4362   2.975e-07  5.5813e-11 out 10651 1173 10651     2    17      0 17914  3.8e-11        -
4366  2.9792e-07   8.256e-11     10663 1175 10663     2    17      0 17934  2.8e-10        -
4371  2.9833e-07   8.256e-11     10673 1176 10673     2    17      0 17949  2.6e-10        -
4375  2.9859e-07    8.72e-11     10681 1178 10681     2    17      0 17961  3.2e-10        -
4380    2.99e-07    7.56e-11 out 10695 1178 10695     2    17      0 17986  1.6e-09        -
4383  2.9923e-07    7.56e-11     10707 1178 10707     2    17      0 18010  1.6e-09        -
4386  2.9944e-07     6.1e-11     10721 1179 10721     2    17      0 18037  4.2e-11        -
4390  2.9968e-07     6.1e-11     10729 1180 10729     2    17      0 18049  1.1e-10        -
4395  2.9996e-07    3.65e-11     10739 1181 10739     2    17      0 18064  3.4e-12        -
4400  3.0029e-07     7.3e-11     10749 1182 10749     2    17      0 18079  3.8e-10        -
4404  3.0063e-07    1.35e-10     10759 1183 10759     2    17      0 18097  2.2e-09        -
4407  3.0094e-07  6.1001e-11     10769 1184 10769     2    17      0 18116  2.4e-11        -
4412   3.014e-07  9.7497e-11     10783 1186 10783     2    17      0 18139  3.4e-10        -
4417  3.0189e-07  9.7497e-11     10793 1187 10793     2    17      0 18154  1.5e-09        -
4421  3.0222e-07  1.1001e-10     10801 1189 10801     2    17      0 18166  1.4e-09        -
4424   3.025e-07  8.4983e-11 out 10811 1191 10811     2    17      0 18183  2.8e-10        -
4430    3.03e-07  8.0034e-11 out 10823 1191 10823     2    17      0 18203  5.6e-09        -
4436  3.0345e-07  4.9915e-11     10835 1192 10835     2    17      0 18226  1.5e-11        -
4441  3.0385e-07  9.9831e-11     10845 1193 10845     2    17      0 18241  6.9e-10        -
4443    3.04e-07  7.5296e-11 out 10853 1195 10853     2    17      0 18255  1.3e-10        -
4449  3.0444e-07  6.1761e-11     10869 1196 10869     2    17      0 18281  5.7e-11        -
4454  3.0475e-07  6.1761e-11     10879 1197 10879     2    17      0 18296  6.9e-11        -
4459    3.05e-07  3.3838e-11 out 10889 1198 10889     2    17      0 18311  3.1e-12        -
4464  3.0534e-07  6.7676e-11     10899 1199 10899     2    17      0 18326  9.9e-11        -
4467   3.055e-07  4.6971e-11 out 10909 1201 10909     2    17      0 18343  1.6e-11        -
4471  3.0583e-07  9.3942e-11     10917 1202 10917     2    17      0 18355  4.9e-10        -
4475  3.0617e-07  8.5602e-11     10929 1202 10929     2    17      0 18379  2.7e-09        -
4478  3.0642e-07  7.8795e-11     10941 1203 10941     2    17      0 18402  1.6e-10        -
4480  3.0658e-07  7.8795e-11     10945 1204 10945     2    17      0 18408  1.8e-10        -
4482  3.0674e-07  7.8795e-11     10949 1204 10949     2    17      0 18414  3.4e-10        -
4485  3.0695e-07  5.3012e-11     10959 1205 10959     2    17      0 18431    2e-11        -
4490  3.0721e-07  5.3012e-11     10969 1206 10969     2    17      0 18446  8.5e-11        -
4495  3.0746e-07  3.7953e-11     10983 1207 10983     2    17      0 18469  4.2e-12        -
4499  3.0773e-07  7.5906e-11     10991 1209 10991     2    17      0 18481  4.2e-10        -
------     当前进度:  64 % - 
4502  3.0794e-07  6.0235e-11     11001 1210 11001     2    17      0 18498  4.8e-11        -
4507  3.0824e-07  6.0235e-11     11011 1211 11011     2    17      0 18513  1.5e-10        -
4512   3.085e-07  3.9176e-11 out 11021 1212 11021     2    17      0 18528    7e-12        -
4517  3.0889e-07  7.8352e-11     11031 1213 11031     2    17      0 18543  4.7e-10        -
4519    3.09e-07  5.4121e-11 out 11039 1215 11039     2    17      0 18557  3.3e-11        -
4523  3.0941e-07  8.7638e-11     11051 1217 11051     2    17      0 18577  3.5e-10        -
4528  3.0985e-07  8.7638e-11     11061 1218 11061     2    17      0 18592  8.5e-10        -
4530     3.1e-07  7.4724e-11 out 11069 1220 11069     2    17      0 18606  1.4e-10        -
4536  3.1044e-07   6.319e-11     11085 1221 11085     2    17      0 18632    5e-11        -
4540  3.1069e-07   6.319e-11     11093 1222 11093     2    17      0 18644  1.2e-10        -
4546  3.1106e-07  6.0431e-11     11105 1222 11105     2    17      0 18665  1.4e-09        -
4551  3.1136e-07  6.0431e-11     11115 1222 11115     2    17      0 18685  1.4e-09        -
4555  3.1158e-07  7.6981e-11     11123 1224 11123     2    17      0 18698  1.5e-10        -
4559  3.1188e-07  7.6981e-11     11131 1224 11131     2    17      0 18710  2.2e-10        -
4561    3.12e-07  5.7548e-11 out 11139 1226 11139     2    17      0 18724    4e-11        -
4565  3.1239e-07  1.0613e-10     11148 1227 11148     2    17      0 18739  4.9e-09        -
4569  3.1282e-07  1.0613e-10     11160 1227 11160     2    17      0 18763  4.9e-09        -
4571    3.13e-07  9.0806e-11 out 11168 1229 11168     2    17      0 18777    4e-10        -
4576  3.1343e-07  6.8389e-11     11182 1230 11182     2    17      0 18800  8.7e-11        -
4580  3.1371e-07  6.8389e-11     11190 1231 11190     2    17      0 18812  1.2e-10        -
4584  3.1396e-07  4.4834e-11     11198 1232 11198     2    17      0 18824  8.8e-12        -
4587  3.1418e-07  8.9669e-11     11204 1233 11204     2    17      0 18833  3.6e-10        -
4590  3.1443e-07  7.0662e-11     11214 1234 11214     2    17      0 18850  8.2e-11        -
4593  3.1464e-07  7.0662e-11     11220 1235 11220     2    17      0 18859  2.1e-10        -
4598  3.1496e-07  3.8013e-11     11230 1236 11230     2    17      0 18874  3.7e-12        -
4601  3.1515e-07  7.6025e-11     11236 1237 11236     2    17      0 18883  1.6e-10        -
4604  3.1538e-07  7.6025e-11     11242 1237 11242     2    17      0 18892  4.7e-10        -
4605  3.1544e-07  5.9937e-11     11248 1238 11248     2    17      0 18903  4.2e-11        -
4607  3.1556e-07  5.9937e-11     11252 1239 11252     2    17      0 18909  4.9e-11        -
4611   3.159e-07  1.0016e-10     11264 1241 11264     2    17      0 18929  6.3e-10        -
4615   3.163e-07  1.0016e-10     11272 1242 11272     2    17      0 18941  1.1e-09        -
4621   3.169e-07  9.9764e-11     11284 1242 11284     2    17      0 18965  5.8e-10        -
4624   3.171e-07  1.0095e-10     11290 1244 11290     2    17      0 18974  6.5e-10        -
4629   3.176e-07  9.8582e-11     11300 1244 11300     2    17      0 18992  4.6e-09        -
4634    3.18e-07  5.2835e-11 out 11310 1245 11310     2    17      0 19010  2.5e-11        -
4639  3.1832e-07  1.0567e-10     11320 1246 11320     2    17      0 19025  5.8e-10        -
4641   3.185e-07  9.1495e-11 out 11328 1248 11328     2    17      0 19039  2.9e-10        -
4646  3.1893e-07  6.7011e-11     11342 1249 11342     2    17      0 19062  7.2e-11        -
4650   3.192e-07  6.7011e-11     11350 1250 11350     2    17      0 19074  8.8e-11        -
4654  3.1945e-07  4.8968e-11     11362 1251 11362     2    17      0 19094  1.8e-11        -
4657  3.1965e-07  9.7936e-11     11368 1253 11368     2    17      0 19103  5.8e-10        -
4660  3.1992e-07  7.8612e-11     11378 1254 11378     2    17      0 19120    2e-10        -
4664  3.2024e-07  7.8612e-11     11386 1255 11386     2    17      0 19132  1.8e-10        -
4667  3.2045e-07  5.3471e-11     11396 1256 11396     2    17      0 19149  2.7e-11        -
4670  3.2071e-07  1.0694e-10     11402 1258 11402     2    17      0 19158  8.7e-10        -
------     当前进度:  67 % - 正在组装残差
4672  3.2091e-07  8.9587e-11     11410 1259 11410     2    17      0 19172  3.4e-10        -
4676  3.2127e-07  8.9587e-11     11418 1260 11418     2    17      0 19184  5.2e-10        -
4679   3.215e-07  7.0826e-11 out 11428 1262 11428     2    17      0 19201  9.8e-11        -
4684  3.2185e-07  7.0826e-11     11438 1262 11438     2    17      0 19216  3.4e-10        -
4688  3.2208e-07  7.5044e-11     11446 1264 11446     2    17      0 19228  1.3e-10        -
4693  3.2244e-07   6.239e-11     11460 1265 11460     2    17      0 19251    6e-11        -
4698  3.2275e-07   6.239e-11     11470 1266 11470     2    17      0 19266  1.8e-10        -
4703    3.23e-07  3.1636e-11 out 11480 1267 11480     2    17      0 19281  2.1e-12        -
4706  3.2319e-07  6.3271e-11     11486 1268 11486     2    17      0 19290  9.2e-11        -
4712  3.2356e-07  6.0187e-11     11498 1268 11498     2    17      0 19311  1.7e-09        -
4718  3.2392e-07  6.0187e-11     11510 1268 11510     2    17      0 19335  1.7e-09        -
4721  3.2408e-07  7.8692e-11     11516 1270 11516     2    17      0 19344  1.9e-10        -
4726  3.2445e-07   5.327e-11     11530 1271 11530     2    17      0 19367  2.6e-11        -
4730  3.2482e-07  1.0654e-10     11538 1273 11538     2    17      0 19379  1.4e-09        -
4732    3.25e-07   9.019e-11 out 11546 1275 11546     2    17      0 19393  3.4e-10        -
4737  3.2543e-07   6.962e-11     11560 1276 11560     2    17      0 19416  8.7e-11        -
4742  3.2578e-07   6.962e-11     11570 1277 11570     2    17      0 19431  2.5e-10        -
4747  3.2608e-07  8.2278e-11     11580 1279 11580     2    17      0 19446    2e-10        -
4752  3.2646e-07  4.4306e-11     11590 1280 11590     2    17      0 19461  9.3e-12        -
4757  3.2685e-07  8.8612e-11     11600 1281 11600     2    17      0 19476  4.2e-10        -
4759    3.27e-07  7.2777e-11 out 11608 1283 11608     2    17      0 19490  1.2e-10        -
4764  3.2736e-07  7.2777e-11     11618 1283 11618     2    17      0 19505  1.8e-10        -
4769   3.277e-07  6.8059e-11     11628 1283 11628     2    17      0 19525  4.4e-09        -
4774    3.28e-07  4.5824e-11 out 11638 1284 11638     2    17      0 19543  1.2e-11        -
4779  3.2843e-07  6.6705e-11     11652 1286 11652     2    17      0 19566  7.5e-11        -
4784  3.2877e-07  6.6705e-11     11662 1287 11662     2    17      0 19581  1.1e-10        -
4787  3.2895e-07  4.9885e-11     11672 1288 11672     2    17      0 19598  1.6e-11        -
4791   3.293e-07   9.977e-11     11680 1290 11680     2    17      0 19610  8.2e-10        -
4795   3.296e-07  1.0092e-10     11688 1292 11688     2    17      0 19622  5.4e-10        -
4801   3.302e-07  9.8622e-11     11700 1292 11700     2    17      0 19644  4.9e-09        -
4806  3.3061e-07  1.0551e-10     11710 1294 11710     2    17      0 19661  8.1e-10        -
4810    3.31e-07  9.1735e-11 out 11722 1294 11722     2    17      0 19683  4.4e-09        -
4813  3.3128e-07  9.1735e-11     11734 1294 11734     2    17      0 19707  4.4e-09        -
4816   3.315e-07  6.6531e-11 out 11742 1295 11742     2    17      0 19721  1.2e-10        -
4822   3.319e-07  6.6531e-11     11754 1295 11754     2    17      0 19739  4.4e-10        -
4823  3.3195e-07  5.0407e-11     11760 1296 11760     2    17      0 19750  1.8e-11        -
4826  3.3215e-07  1.0081e-10     11766 1298 11766     2    17      0 19759  6.2e-10        -
4829  3.3243e-07  7.3574e-11     11776 1299 11776     2    17      0 19776  1.2e-10        -
4832  3.3265e-07  7.3574e-11     11782 1300 11782     2    17      0 19785  2.9e-10        -
4836  3.3293e-07  6.6065e-11     11791 1300 11791     2    17      0 19800    2e-09        -
4839  3.3313e-07  6.6065e-11     11800 1300 11800     2    17      0 19818    2e-09        -
4842  3.3333e-07  6.6065e-11     11809 1300 11809     2    17      0 19836    2e-09        -
------     当前进度:  69 % - 正在组装残差
4845   3.335e-07  5.1805e-11 out 11820 1302 11820     2    17      0 19856  1.9e-11        -
4850  3.3393e-07  6.8682e-11     11830 1304 11830     2    17      0 19871  8.1e-11        -
4856  3.3434e-07  6.8682e-11     11842 1304 11842     2    17      0 19889  3.3e-10        -
4860  3.3459e-07   8.791e-11     11850 1306 11850     2    17      0 19901    3e-10        -
4864  3.3493e-07  7.4179e-11     11862 1307 11862     2    17      0 19921  1.3e-10        -
4869   3.353e-07  7.4179e-11     11872 1308 11872     2    17      0 19936  2.2e-10        -
4873  3.3556e-07  6.4552e-11     11886 1308 11886     2    17      0 19963  1.2e-09        -
4876  3.3576e-07  6.4552e-11     11898 1308 11898     2    17      0 19987  1.2e-09        -
4879  3.3594e-07  5.6345e-11     11912 1309 11912     2    17      0 20014  3.1e-11        -
4884  3.3623e-07  5.6345e-11     11922 1310 11922     2    17      0 20029    3e-11        -
4890  3.3655e-07  5.2791e-11     11934 1310 11934     2    17      0 20050  1.6e-09        -
4896  3.3687e-07  5.2791e-11     11946 1310 11946     2    17      0 20074  1.6e-09        -
4899    3.37e-07  3.8836e-11 out 11956 1312 11956     2    17      0 20092  4.3e-12        -
4904  3.3739e-07  7.7671e-11     11966 1313 11966     2    17      0 20107  2.9e-10        -
4906   3.375e-07  5.5822e-11 out 11974 1315 11974     2    17      0 20121  3.1e-11        -
4911    3.38e-07  1.1044e-10 out 11984 1316 11984     2    17      0 20138  3.6e-09        -
4915  3.3842e-07  8.4333e-11     11996 1317 11996     2    17      0 20161  2.5e-10        -
4920  3.3884e-07  8.4333e-11     12006 1318 12006     2    17      0 20176  5.8e-10        -
4926  3.3933e-07  8.1333e-11     12018 1318 12018     2    17      0 20200  4.7e-09        -
4930  3.3959e-07  9.3333e-11     12026 1320 12026     2    17      0 20213    5e-10        -
4934  3.3994e-07  6.3333e-11     12038 1321 12038     2    17      0 20233  7.2e-11        -
4939  3.4025e-07  6.3333e-11     12048 1322 12048     2    17      0 20248  1.4e-10        -
4945  3.4062e-07       6e-11     12060 1322 12060     2    17      0 20270  2.4e-09        -
4951  3.4096e-07       4e-11     12072 1323 12072     2    17      0 20293  6.2e-12        -
4956  3.4132e-07  7.9999e-11     12082 1324 12082     2    17      0 20308  4.1e-10        -
4960   3.416e-07       1e-10     12090 1326 12090     2    17      0 20320  7.6e-10        -
4966   3.422e-07  9.9994e-11     12102 1326 12102     2    17      0 20338  5.2e-07        -
4971   3.426e-07  1.0002e-10     12112 1328 12112     2    17      0 20353    8e-10        -
4977   3.432e-07  9.9966e-11     12124 1328 12124     2    17      0 20375  7.8e-11        -
4982   3.436e-07  1.0014e-10     12134 1330 12134     2    17      0 20392  7.3e-10        -
4988   3.442e-07  9.9795e-11     12146 1330 12146     2    17      0 20414  6.7e-10        -
4993   3.446e-07  1.0082e-10     12156 1332 12156     2    17      0 20431  6.1e-10        -
4999   3.452e-07  9.8772e-11     12168 1332 12168     2    17      0 20453  5.5e-09        -
5004   3.456e-07  1.0491e-10     12178 1334 12178     2    17      0 20470  6.8e-10        -
5008    3.46e-07  9.2631e-11 out 12190 1334 12190     2    17      0 20492  3.6e-09        -
5011  3.4628e-07  9.2631e-11     12202 1334 12202     2    17      0 20516  3.6e-09        -
5015  3.4656e-07  6.4738e-11     12212 1335 12212     2    17      0 20533  8.9e-11        -
5021  3.4694e-07  5.5785e-11     12226 1335 12226     2    17      0 20556    1e-09        -
5024  3.4711e-07  5.5785e-11     12238 1335 12238     2    17      0 20580    1e-09        -
5027  3.4728e-07  5.5785e-11     12250 1335 12250     2    17      0 20604    1e-09        -
5030  3.4745e-07  5.4752e-11     12264 1336 12264     2    17      0 20631  3.4e-11        -
5035  3.4772e-07  5.4752e-11     12274 1337 12274     2    17      0 20646  3.5e-11        -
5040  3.4797e-07  3.0991e-11     12284 1338 12284     2    17      0 20661  1.9e-12        -
5045  3.4825e-07  6.1982e-11     12294 1339 12294     2    17      0 20676  5.9e-11        -
5050   3.485e-07  3.3063e-11 out 12304 1340 12304     2    17      0 20691  2.6e-12        -
5055  3.4883e-07  6.6125e-11     12314 1341 12314     2    17      0 20706  8.1e-11        -
-------    当前进度:  72 % - 正在组装残差
5058    3.49e-07  5.1624e-11 out 12324 1343 12324     2    17      0 20723  2.6e-11        -
5063   3.495e-07  9.5127e-11 out 12336 1344 12336     2    17      0 20744  5.2e-09        -
5067  3.4988e-07  9.5127e-11     12348 1344 12348     2    17      0 20768  5.2e-09        -
5072  3.5018e-07  5.9746e-11     12358 1345 12358     2    17      0 20783  6.8e-11        -
5077  3.5046e-07  4.0888e-11     12372 1346 12372     2    17      0 20806  8.5e-12        -
5081  3.5075e-07  8.1776e-11     12380 1348 12380     2    17      0 20818  3.2e-10        -
5086  3.5109e-07  9.1119e-11     12390 1350 12390     2    17      0 20833  4.3e-10        -
5090  3.5143e-07  6.7763e-11     12402 1351 12402     2    17      0 20853  9.3e-11        -
5095  3.5177e-07  6.7763e-11     12412 1352 12412     2    17      0 20868  3.1e-10        -
5098  3.5195e-07  4.6712e-11     12422 1353 12422     2    17      0 20885    2e-11        -
5102  3.5228e-07  9.3425e-11     12430 1355 12430     2    17      0 20897  7.1e-10        -
5105   3.525e-07   6.315e-11 out 12440 1357 12440     2    17      0 20914  1.1e-10        -
5111  3.5288e-07   6.315e-11     12452 1357 12452     2    17      0 20932  1.9e-10        -
5117  3.5324e-07  6.0549e-11     12464 1357 12464     2    17      0 20956    2e-09        -
5122   3.535e-07  3.8078e-11 out 12474 1358 12474     2    17      0 20974    9e-12        -
5127  3.5388e-07  7.6156e-11     12484 1359 12484     2    17      0 20989  4.2e-10        -
5129    3.54e-07  5.9609e-11 out 12492 1361 12492     2    17      0 21003  5.7e-11        -
5135  3.5436e-07  5.9609e-11     12504 1361 12504     2    17      0 21021  1.9e-10        -
5138   3.545e-07  4.1368e-11 out 12514 1363 12514     2    17      0 21038  8.3e-12        -
5142  3.5483e-07  8.2736e-11     12522 1364 12522     2    17      0 21050  6.1e-10        -
5146  3.5509e-07  8.6322e-11     12530 1366 12530     2    17      0 21062  3.8e-10        -
5151   3.555e-07  7.7355e-11 out 12542 1366 12542     2    17      0 21083  5.3e-09        -
5153  3.5565e-07  7.7355e-11     12548 1366 12548     2    17      0 21095  5.3e-09        -
5156  3.5589e-07  7.7355e-11     12557 1366 12557     2    17      0 21113  5.3e-09        -
5160  3.5611e-07  5.6612e-11     12565 1367 12565     2    17      0 21125  9.8e-11        -
5165   3.564e-07  5.6612e-11     12575 1367 12575     2    17      0 21140  1.8e-10        -
5171  3.5671e-07  5.1858e-11     12587 1367 12587     2    17      0 21164  3.2e-09        -
5176  3.5696e-07  4.2568e-11     12601 1368 12601     2    17      0 21191  1.4e-11        -
5179  3.5717e-07  8.5136e-11     12607 1370 12607     2    17      0 21200  4.8e-10        -
5185  3.5766e-07  7.9728e-11     12619 1370 12619     2    17      0 21222  1.2e-08        -
5190    3.58e-07  5.0681e-11 out 12629 1371 12629     2    17      0 21240  2.6e-11        -
5196   3.583e-07  5.0681e-11     12641 1371 12641     2    17      0 21258  5.1e-11        -
5201  3.5859e-07  9.4555e-11     12651 1372 12651     2    17      0 21275  5.2e-10        -
5206    3.59e-07  6.0889e-11 out 12661 1373 12661     2    17      0 21290  6.5e-11        -
5212  3.5937e-07  6.0889e-11     12673 1373 12673     2    17      0 21308  6.1e-11        -
5216  3.5957e-07  7.3776e-11     12681 1375 12681     2    17      0 21320  2.1e-10        -
5221  3.5993e-07   6.556e-11     12692 1375 12692     2    17      0 21338  3.5e-09        -
5225   3.602e-07   6.556e-11     12704 1375 12704     2    17      0 21362  3.5e-09        -
5229  3.6045e-07  5.3319e-11     12719 1376 12719     2    17      0 21391  4.4e-11        -
5233  3.6066e-07  5.3319e-11     12727 1377 12727     2    17      0 21403  4.3e-11        -
5236  3.6082e-07  5.3319e-11     12733 1377 12733     2    17      0 21412  4.1e-11        -
5239  3.6096e-07  3.6726e-11     12743 1378 12743     2    17      0 21429  6.1e-12        -
5242  3.6115e-07  7.3452e-11     12749 1380 12749     2    17      0 21438  1.9e-10        -
5246  3.6143e-07  6.6371e-11     12758 1380 12758     2    17      0 21453  2.6e-09        -
5250   3.617e-07  6.6371e-11     12770 1380 12770     2    17      0 21477  2.6e-09        -
5254  3.6195e-07  5.0887e-11     12785 1381 12785     2    17      0 21506  2.3e-11        -
5259   3.622e-07  5.0887e-11     12795 1382 12795     2    17      0 21521  2.8e-11        -
-------    当前进度:  74 % - 正在组装残差
5264  3.6245e-07  4.6453e-11     12805 1382 12805     2    17      0 21537  2.5e-09        -
5266  3.6259e-07  9.2906e-11     12809 1383 12809     2    17      0 21544  5.3e-10        -
5270  3.6294e-07  6.4189e-11     12821 1384 12821     2    17      0 21564  9.6e-11        -
5275  3.6326e-07  6.4189e-11     12831 1385 12831     2    17      0 21579  1.1e-10        -
5280  3.6356e-07  5.7434e-11     12844 1385 12844     2    17      0 21603    2e-09        -
5284  3.6379e-07  5.7434e-11     12856 1385 12856     2    17      0 21627    2e-09        -
5287  3.6395e-07  4.8981e-11     12868 1386 12868     2    17      0 21650  2.9e-11        -
5292   3.642e-07  4.8981e-11     12878 1387 12878     2    17      0 21665  3.2e-11        -
5298  3.6447e-07  2.9585e-11     12890 1388 12890     2    17      0 21683  2.1e-12        -
5302  3.6468e-07   5.917e-11     12898 1389 12898     2    17      0 21695  6.8e-11        -
5307  3.6496e-07  4.2905e-11     12912 1390 12912     2    17      0 21718  1.1e-11        -
5310  3.6517e-07  8.5811e-11     12918 1392 12918     2    17      0 21727  3.4e-10        -
5315  3.6558e-07  7.8379e-11     12931 1392 12931     2    17      0 21751    4e-09        -
5319  3.6589e-07  7.8379e-11     12943 1392 12943     2    17      0 21775  4.1e-09        -
5323  3.6611e-07  5.4054e-11     12951 1393 12951     2    17      0 21787  3.7e-11        -
5329  3.6643e-07  5.4054e-11     12963 1393 12963     2    17      0 21805  5.5e-11        -
5332  3.6657e-07   6.757e-11     12969 1395 12969     2    17      0 21814  1.2e-10        -
5337  3.6691e-07   6.757e-11     12979 1395 12979     2    17      0 21829  1.9e-10        -
5339    3.67e-07  4.7289e-11 out 12987 1397 12987     2    17      0 21843  2.3e-11        -
5344  3.6724e-07  4.7289e-11     12997 1397 12997     2    17      0 21858  3.2e-11        -
5349  3.6746e-07  3.7198e-11     13011 1398 13011     2    17      0 21881  7.2e-12        -
5352  3.6765e-07  7.4395e-11     13017 1400 13017     2    17      0 21890  2.3e-10        -
5356  3.6794e-07  6.4012e-11     13027 1400 13027     2    17      0 21907  2.6e-09        -
5359  3.6813e-07  6.4012e-11     13039 1400 13039     2    17      0 21931  2.6e-09        -
5362  3.6832e-07  6.4012e-11     13051 1400 13051     2    17      0 21955  2.6e-09        -
5364  3.6844e-07  5.7963e-11     13061 1401 13061     2    17      0 21974  5.5e-11        -
5368  3.6867e-07  5.7963e-11     13069 1402 13069     2    17      0 21986    5e-11        -
5373  3.6895e-07  4.7128e-11     13083 1403 13083     2    17      0 22009  1.6e-11        -
5377  3.6914e-07  4.7128e-11     13091 1404 13091     2    17      0 22021  1.6e-11        -
5383  3.6942e-07  4.7128e-11     13103 1404 13103     2    17      0 22039  1.8e-11        -
5384  3.6946e-07  3.7923e-11     13109 1405 13109     2    17      0 22050  7.6e-12        -
5387  3.6965e-07  7.5847e-11     13115 1407 13115     2    17      0 22059  2.7e-10        -
5391  3.6994e-07  6.0383e-11     13127 1408 13127     2    17      0 22079  1.1e-10        -
5395  3.7018e-07  6.0383e-11     13135 1409 13135     2    17      0 22091  1.1e-10        -
5400  3.7046e-07  3.8658e-11     13145 1410 13145     2    17      0 22106  1.4e-11        -
5404  3.7073e-07  7.7316e-11     13153 1411 13153     2    17      0 22118  4.4e-10        -
5407  3.7094e-07   5.671e-11     13163 1412 13163     2    17      0 22135  9.7e-11        -
5412  3.7123e-07   5.671e-11     13173 1413 13173     2    17      0 22150  9.6e-11        -
5418  3.7155e-07  5.1516e-11     13185 1413 13185     2    17      0 22171  4.9e-09        -
5424  3.7186e-07  5.1516e-11     13197 1413 13197     2    17      0 22195  4.9e-09        -
5427    3.72e-07  4.3935e-11 out 13207 1415 13207     2    17      0 22213  1.7e-11        -
5431  3.7231e-07   8.787e-11     13215 1416 13215     2    17      0 22225  4.6e-10        -
5435  3.7255e-07  5.2292e-11     13223 1417 13223     2    17      0 22237  2.8e-11        -
5441  3.7287e-07  5.2292e-11     13235 1417 13235     2    17      0 22255  2.6e-11        -
5444    3.73e-07  4.0832e-11 out 13245 1419 13245     2    17      0 22272  9.5e-12        -
5448  3.7333e-07  8.1665e-11     13253 1420 13253     2    17      0 22284  3.7e-10        -
-------    当前进度:  76 % - 正在组装残差
5452  3.7355e-07  4.5838e-11     13261 1421 13261     2    17      0 22296  2.5e-11        -
5457  3.7378e-07  4.5838e-11     13271 1421 13271     2    17      0 22311  2.9e-11        -
5463  3.7409e-07  8.7459e-11     13283 1422 13283     2    17      0 22331  7.8e-10        -
5468   3.745e-07  7.5082e-11 out 13297 1422 13297     2    17      0 22356  6.1e-09        -
5470  3.7465e-07  7.5082e-11     13305 1422 13305     2    17      0 22372  6.1e-09        -
5472   3.748e-07  7.5082e-11     13313 1422 13313     2    17      0 22388  6.1e-09        -
5474  3.7494e-07  6.2295e-11     13323 1423 13323     2    17      0 22407  1.4e-10        -
5478  3.7519e-07  6.2295e-11     13331 1424 13331     2    17      0 22419  1.3e-10        -
5483  3.7547e-07  3.1969e-11     13341 1425 13341     2    17      0 22434    4e-12        -
5487  3.7569e-07  6.3937e-11     13349 1426 13349     2    17      0 22446  1.1e-10        -
5492    3.76e-07  5.8188e-11 out 13359 1426 13359     2    17      0 22463  8.3e-09        -
5497  3.7629e-07  5.8188e-11     13372 1426 13372     2    17      0 22489  1.7e-09        -
5500  3.7645e-07  4.6343e-11     13384 1427 13384     2    17      0 22512  1.5e-11        -
5503  3.7669e-07  9.2687e-11     13390 1429 13390     2    17      0 22521    5e-10        -
5506  3.7694e-07  6.4626e-11     13400 1430 13400     2    17      0 22538  1.1e-10        -
5510  3.7719e-07  6.4626e-11     13408 1431 13408     2    17      0 22550  1.1e-10        -
5515   3.775e-07  5.6121e-11 out 13422 1431 13422     2    17      0 22575  1.5e-09        -
5518  3.7767e-07  5.6121e-11     13433 1431 13433     2    17      0 22597  4.6e-09        -
5522  3.7789e-07  5.6121e-11     13445 1431 13445     2    17      0 22621  4.6e-09        -
5524    3.78e-07  5.3576e-11 out 13453 1433 13453     2    17      0 22635  7.1e-11        -
5529  3.7827e-07  5.3576e-11     13463 1433 13463     2    17      0 22650    1e-10        -
5533  3.7846e-07  3.5696e-11     13471 1434 13471     2    17      0 22662  9.1e-12        -
5537  3.7871e-07  7.1391e-11     13479 1435 13479     2    17      0 22674  3.3e-10        -
5541  3.7896e-07  3.5827e-11     13487 1436 13487     2    17      0 22686  9.1e-12        -
5545  3.7921e-07  7.1653e-11     13495 1437 13495     2    17      0 22698  2.7e-10        -
5550  3.7957e-07  7.0867e-11     13505 1437 13505     2    17      0 22716  1.5e-09        -
5556  3.7996e-07  3.7398e-11     13517 1438 13517     2    17      0 22739    6e-12        -
5560  3.8022e-07  7.4796e-11     13525 1439 13525     2    17      0 22751  2.7e-10        -
5563  3.8044e-07   6.301e-11     13535 1440 13535     2    17      0 22768  7.7e-11        -
5567  3.8069e-07   6.301e-11     13543 1441 13543     2    17      0 22780  8.7e-11        -
5573  3.8106e-07   6.097e-11     13555 1441 13555     2    17      0 22801  2.8e-09        -
5579  3.8143e-07   6.097e-11     13567 1441 13567     2    17      0 22825  2.8e-09        -
5582  3.8157e-07  7.3207e-11     13573 1443 13573     2    17      0 22834  3.1e-10        -
5587  3.8193e-07  6.6983e-11     13584 1443 13584     2    17      0 22852  2.9e-09        -
5591   3.822e-07  6.6983e-11     13596 1443 13596     2    17      0 22876  2.9e-09        -
5595  3.8245e-07  4.9052e-11     13608 1444 13608     2    17      0 22899  4.5e-11        -
5600   3.827e-07  4.9052e-11     13618 1445 13618     2    17      0 22914  4.9e-11        -
5606  3.8297e-07  2.9265e-11     13630 1446 13630     2    17      0 22932  2.8e-12        -
5610  3.8318e-07   5.853e-11     13638 1447 13638     2    17      0 22944  7.7e-11        -
5615  3.8345e-07  4.5144e-11     13652 1448 13652     2    17      0 22967  1.8e-11        -
5619  3.8364e-07  4.5144e-11     13660 1449 13660     2    17      0 22979  1.6e-11        -
5625  3.8391e-07  4.5144e-11     13672 1449 13672     2    17      0 22997  2.5e-11        -
5629  3.8405e-07  4.8562e-11     13680 1451 13680     2    17      0 23009    2e-11        -
5632  3.8419e-07  4.8562e-11     13686 1451 13686     2    17      0 23018  2.2e-11        -
5638  3.8447e-07  3.1471e-11     13698 1452 13698     2    17      0 23036    3e-12        -
-------    当前进度:  78 % - 
5641  3.8463e-07  6.2942e-11     13704 1453 13704     2    17      0 23045    1e-10        -
5647    3.85e-07  6.1173e-11 out 13716 1453 13716     2    17      0 23065  2.7e-09        -
5653  3.8537e-07  6.1173e-11     13728 1453 13728     2    17      0 23089  2.7e-09        -
5657  3.8557e-07  7.1787e-11     13736 1455 13736     2    17      0 23102  3.1e-10        -
5663    3.86e-07  7.0532e-11 out 13748 1455 13748     2    17      0 23122  2.8e-09        -
5669  3.8642e-07  7.0532e-11     13760 1455 13760     2    17      0 23146  2.8e-09        -
5672  3.8658e-07  7.6805e-11     13766 1457 13766     2    17      0 23155  3.7e-10        -
5677  3.8694e-07  5.7986e-11     13780 1458 13780     2    17      0 23178  7.3e-11        -
5682  3.8723e-07  5.7986e-11     13790 1459 13790     2    17      0 23193  8.1e-11        -
5686  3.8745e-07  4.7048e-11     13802 1460 13802     2    17      0 23213  2.3e-11        -
5691  3.8769e-07  4.7048e-11     13812 1461 13812     2    17      0 23228  2.6e-11        -
5697  3.8796e-07  3.8284e-11     13828 1462 13828     2    17      0 23254  6.7e-12        -
5700  3.8815e-07  7.6567e-11     13834 1464 13834     2    17      0 23263  2.2e-10        -
5704  3.8844e-07  5.8581e-11     13846 1465 13846     2    17      0 23283    8e-11        -
5706  3.8856e-07  5.8581e-11     13850 1466 13850     2    17      0 23289  8.2e-11        -
5712  3.8891e-07  5.8581e-11     13862 1466 13862     2    17      0 23307  7.9e-11        -
5714    3.89e-07  4.4965e-11 out 13870 1468 13870     2    17      0 23321  3.1e-11        -
5720  3.8927e-07  4.4965e-11     13882 1468 13882     2    17      0 23339    3e-11        -
5725  3.8947e-07  2.5174e-11     13892 1469 13892     2    17      0 23354    2e-12        -
5728   3.896e-07  5.0348e-11     13898 1470 13898     2    17      0 23363  6.6e-11        -
5734   3.899e-07  5.0348e-11     13910 1470 13910     2    17      0 23381  8.8e-11        -
5740  3.9019e-07  4.8607e-11     13922 1470 13922     2    17      0 23405  1.6e-09        -
5745  3.9044e-07  4.8607e-11     13932 1470 13932     2    17      0 23425  1.6e-09        -
5749  3.9063e-07  6.2538e-11     13940 1472 13940     2    17      0 23437  1.4e-10        -
5755    3.91e-07  6.2386e-11 out 13952 1472 13952     2    17      0 23457  2.2e-10        -
5759  3.9125e-07  6.2386e-11     13960 1472 13960     2    17      0 23473  2.3e-10        -
5763  3.9147e-07  3.1651e-11     13968 1473 13968     2    17      0 23488  2.5e-12        -
5767  3.9169e-07  6.3301e-11     13976 1474 13976     2    17      0 23500    8e-11        -
5773  3.9206e-07  6.0096e-11     13988 1474 13988     2    17      0 23521  6.3e-09        -
5779  3.9242e-07  6.0096e-11     14000 1474 14000     2    17      0 23545  6.4e-09        -
5783  3.9258e-07  3.9665e-11     14008 1475 14008     2    17      0 23557    2e-11        -
5787  3.9274e-07  3.9665e-11     14016 1475 14016     2    17      0 23569  2.9e-11        -
5793  3.9297e-07  3.1844e-11     14032 1476 14032     2    17      0 23595  6.2e-12        -
5796  3.9313e-07  6.3688e-11     14038 1478 14038     2    17      0 23604  2.1e-10        -
5802   3.935e-07  5.8936e-11 out 14050 1478 14050     2    17      0 23624    1e-08        -
5808  3.9385e-07  5.8936e-11     14062 1478 14062     2    17      0 23648    1e-08        -
5811    3.94e-07  4.3723e-11 out 14072 1480 14072     2    17      0 23666  2.8e-11        -
5817  3.9426e-07  4.3723e-11     14084 1480 14084     2    17      0 23684  2.5e-11        -
5822  3.9447e-07  3.1383e-11     14098 1481 14098     2    17      0 23707  4.1e-12        -
5826  3.9469e-07  6.2765e-11     14106 1483 14106     2    17      0 23719  1.1e-10        -
5832  3.9506e-07  6.1704e-11     14118 1483 14118     2    17      0 23740  2.1e-09        -
5838  3.9543e-07  6.1704e-11     14130 1483 14130     2    17      0 23764  2.1e-09        -
5842  3.9564e-07  6.8069e-11     14138 1485 14138     2    17      0 23776  1.4e-10        -
5847  3.9595e-07  4.5794e-11     14152 1486 14152     2    17      0 23799  2.5e-11        -
--------   当前进度:  81 % - 正在组装残差
Memory: 965/1041 1014/1052
5851  3.9614e-07  4.5794e-11     14160 1487 14160     2    17      0 23811  2.8e-11        -
5857  3.9641e-07  4.5794e-11     14172 1487 14172     2    17      0 23829  4.2e-11        -
5863  3.9668e-07  4.3928e-11     14184 1487 14184     2    17      0 23853  1.5e-09        -
5868   3.969e-07  4.3928e-11     14194 1487 14194     2    17      0 23873  1.5e-09        -
5870  3.9697e-07  3.0358e-11     14198 1488 14198     2    17      0 23880  6.5e-12        -
5874  3.9718e-07  6.0716e-11     14206 1489 14206     2    17      0 23892  2.1e-10        -
5878  3.9743e-07  6.0716e-11     14214 1489 14214     2    17      0 23904    2e-10        -
5882  3.9761e-07  7.4986e-11     14222 1491 14222     2    17      0 23916  5.4e-10        -
5887  3.9796e-07  4.3788e-11     14232 1492 14232     2    17      0 23931    3e-11        -
5893  3.9822e-07  4.3788e-11     14244 1492 14244     2    17      0 23949  2.2e-11        -
5899  3.9847e-07  3.1061e-11     14260 1493 14260     2    17      0 23975  3.2e-12        -
5903  3.9869e-07  6.2123e-11     14268 1495 14268     2    17      0 23987  7.7e-11        -
5908  3.9897e-07  3.2571e-11     14278 1496 14278     2    17      0 24002  2.7e-12        -
5910  3.9907e-07  6.5142e-11     14282 1497 14282     2    17      0 24008  9.2e-11        -
5915  3.9939e-07  6.5142e-11     14292 1497 14292     2    17      0 24023  1.1e-10        -
5917   3.995e-07  5.4574e-11 out 14300 1499 14300     2    17      0 24037  6.6e-11        -
5923  3.9983e-07  5.4574e-11     14312 1499 14312     2    17      0 24055  6.6e-11        -
5928  4.0006e-07  6.3407e-11     14322 1501 14322     2    17      0 24070  2.2e-10        -
5934  4.0044e-07  5.9778e-11     14334 1501 14334     2    17      0 24089  8.6e-09        -
5940   4.008e-07  5.9778e-11     14346 1501 14346     2    17      0 24113  8.7e-09        -
5945  4.0104e-07  4.0776e-11     14356 1502 14356     2    17      0 24130  2.7e-11        -
5951  4.0129e-07  4.0776e-11     14368 1502 14368     2    17      0 24148  2.5e-11        -
5956  4.0147e-07  2.5734e-11     14378 1503 14378     2    17      0 24163  2.2e-12        -
5961  4.0171e-07  5.1468e-11     14388 1504 14388     2    17      0 24178  6.2e-11        -
5967    4.02e-07  4.4128e-11 out 14402 1504 14402     2    17      0 24202  4.1e-09        -
5971  4.0218e-07  4.4128e-11     14414 1504 14414     2    17      0 24226  4.1e-09        -
5975  4.0235e-07  4.4128e-11     14426 1504 14426     2    17      0 24250  4.2e-09        -
5978  4.0247e-07  2.9361e-11     14434 1505 14434     2    17      0 24265  1.6e-12        -
5983  4.0273e-07  5.8721e-11     14444 1506 14444     2    17      0 24280  5.2e-11        -
5987  4.0296e-07  4.4475e-11     14456 1507 14456     2    17      0 24300  1.9e-11        -
5992  4.0318e-07  4.4475e-11     14466 1508 14466     2    17      0 24315    2e-11        -
5998  4.0344e-07  4.4475e-11     14478 1508 14478     2    17      0 24333  1.9e-11        -
6002  4.0361e-07  5.5249e-11     14486 1510 14486     2    17      0 24345  1.1e-10        -
6008  4.0394e-07  5.5249e-11     14498 1510 14498     2    17      0 24363  1.5e-10        -
6012  4.0412e-07   5.801e-11     14506 1512 14506     2    17      0 24375  1.6e-10        -
6018  4.0445e-07  4.6966e-11     14522 1513 14522     2    17      0 24401  5.2e-11        -
6023  4.0469e-07  4.6966e-11     14532 1514 14532     2    17      0 24416  2.4e-11        -
6029  4.0496e-07  3.8653e-11     14546 1514 14546     2    17      0 24439  2.6e-09        -
6032  4.0512e-07  7.7307e-11     14556 1515 14556     2    17      0 24458  1.7e-10        -
6038  4.0558e-07   7.606e-11     14568 1515 14568     2    17      0 24479  5.6e-09        -
6043  4.0594e-07   5.985e-11     14582 1516 14582     2    17      0 24506  4.3e-11        -
6048  4.0624e-07   5.985e-11     14592 1517 14592     2    17      0 24521  9.7e-11        -
6052  4.0646e-07  4.0524e-11     14604 1518 14604     2    17      0 24541  1.2e-11        -
6057  4.0666e-07  4.0524e-11     14614 1519 14614     2    17      0 24556  1.5e-11        -
6062  4.0686e-07  4.0524e-11     14624 1519 14624     2    17      0 24571  1.7e-11        -
6065  4.0697e-07   2.712e-11     14634 1520 14634     2    17      0 24588  2.2e-12        -
6069  4.0716e-07  5.4241e-11     14642 1522 14642     2    17      0 24600  7.1e-11        -
--------   当前进度:  83 % - 求解线性方程组
6073  4.0738e-07  5.4241e-11     14650 1522 14650     2    17      0 24612    7e-11        -
6075  4.0747e-07  3.3038e-11     14654 1523 14654     2    17      0 24618  6.7e-12        -
6080  4.0776e-07  6.6076e-11     14664 1524 14664     2    17      0 24633  2.1e-10        -
6083  4.0795e-07  5.1772e-11     14674 1525 14674     2    17      0 24650  1.3e-10        -
6088  4.0821e-07  5.1772e-11     14684 1526 14684     2    17      0 24665  1.8e-09        -
6093  4.0846e-07  4.2912e-11     14696 1526 14696     2    17      0 24685  3.5e-09        -
6096  4.0859e-07  4.2912e-11     14708 1526 14708     2    17      0 24709  3.5e-09        -
6099  4.0871e-07  4.2912e-11     14720 1526 14720     2    17      0 24733  3.5e-09        -
6102  4.0884e-07  4.2912e-11     14732 1526 14732     2    17      0 24757  3.5e-09        -
6105  4.0896e-07   3.544e-11     14746 1527 14746     2    17      0 24784  1.6e-11        -
6109  4.0921e-07  7.0881e-11     14754 1529 14754     2    17      0 24796  4.6e-09        -
6114   4.095e-07  3.7357e-11 out 14764 1530 14764     2    17      0 24811  1.1e-10        -
6117  4.0972e-07  7.4715e-11     14770 1531 14770     2    17      0 24820  6.1e-09        -
6121     4.1e-07  6.3213e-11 out 14782 1531 14782     2    17      0 24842  1.1e-08        -
6124  4.1019e-07  6.3213e-11     14794 1531 14794     2    17      0 24866  1.1e-08        -
6127  4.1038e-07  6.3213e-11     14806 1531 14806     2    17      0 24890  1.1e-08        -
6129   4.105e-07   6.036e-11 out 14814 1533 14814     2    17      0 24904  3.1e-10        -
6135  4.1086e-07   6.036e-11     14826 1533 14826     2    17      0 24922  7.4e-09        -
6140  4.1112e-07  7.7479e-11     14836 1535 14836     2    17      0 24937    1e-09        -
6145   4.115e-07  7.5672e-11 out 14846 1535 14846     2    17      0 24954    8e-09        -
6149  4.1225e-07     2.5e-10     14850 1537 14850     2    17      0 24954        0        -
6157    4.16e-07       5e-10 out 14858 1538 14858     2    17      0 24954        0        -
6164   4.195e-07       5e-10 out 14865 1538 14865     2    17      0 24954        0        -
6172   4.235e-07       5e-10 out 14873 1538 14873     2    17      0 24954        0        -
6183    4.29e-07       5e-10 out 14884 1538 14884     2    17      0 24954        0        -
6193    4.34e-07       5e-10 out 14894 1538 14894     2    17      0 24954        0        -
6200   4.375e-07       5e-10 out 14901 1538 14901     2    17      0 24954        0        -
6210   4.425e-07       5e-10 out 14911 1538 14911     2    17      0 24954        0        -
6221    4.48e-07       5e-10 out 14922 1538 14922     2    17      0 24954        0        -
6231    4.53e-07       5e-10 out 14932 1538 14932     2    17      0 24954        0        -
6241    4.58e-07       5e-10 out 14942 1538 14942     2    17      0 24954        0        -
6251    4.63e-07       5e-10 out 14952 1538 14952     2    17      0 24954        0        -
6261    4.68e-07       5e-10 out 14962 1538 14962     2    17      0 24954        0        -
6271    4.73e-07       5e-10 out 14972 1538 14972     2    17      0 24954        0        -
6282   4.785e-07       5e-10 out 14983 1538 14983     2    17      0 24954        0        -
6293    4.84e-07       5e-10 out 14994 1538 14994     2    17      0 24954        0        -
6301    4.88e-07       5e-10 out 15002 1538 15002     2    17      0 24954        0        -
6310   4.925e-07       5e-10 out 15011 1538 15011     2    17      0 24954        0        -
6317    4.96e-07       5e-10 out 15018 1538 15018     2    17      0 24954        0        -
6325       5e-07       5e-10 out 15026 1538 15026     2    17      0 24954        0        -
---------- 当前进度: 100 % - 
Memory: 966/1041 1014/1052
求解时间：11 s。
物理内存: 1.02 GB
虚拟内存: 1.03 GB
结束时间：2026年9月4日 19:14:12。
----- Study 2 - Single_Muon_Diagnostic/解 2 (sol2) 中的“瞬态求解器 1” ----------------->
CHECKPOINT_SINGLE_MUON_SOLVED=E:\imp\imp\project\muon-ion_beam\stage1_3d_feasibility\comsol\stage1_3d_feasibility.mph
BUILD_STAGE1_3D_PHASE=RESULTS
           当前进度:   0 % - 
Memory: 1028/1041 1041/1052
---        当前进度:  34 % - 正在计算
Memory: 1023/1041 1035/1052
---------  当前进度:  95 % - 正在计算
Memory: 1041/1045 1054/1060
           当前进度:   0 % - 
Memory: 1042/1045 1054/1060
-          当前进度:  13 % - 正在计算
Memory: 1044/1045 1056/1060
--         当前进度:  23 % - 正在计算
---        当前进度:  33 % - 正在计算
----       当前进度:  42 % - 正在计算
-----      当前进度:  52 % - 正在计算
------     当前进度:  62 % - 正在计算
-------    当前进度:  72 % - 正在计算
--------   当前进度:  81 % - 正在计算
---------  当前进度:  91 % - 正在计算
---------- 当前进度: 100 % - 正在计算
Memory: 1021/1045 1040/1060
           当前进度:   0 % - 正在绘制
Memory: 1031/1045 1048/1060
           当前进度:   9 % - 正在计算
Memory: 1020/1045 1037/1060
-          当前进度:  10 % - 正在绘制
--------   当前进度:  81 % - 正在计算
Memory: 1022/1045 1037/1060
--------   当前进度:  83 % - 正在计算
Memory: 1041/1045 1055/1060
---------  当前进度:  90 % - 正在计算
Memory: 1045/1047 1058/1060
           当前进度:   0 % - 正在绘制
Memory: 1041/1047 1054/1060
           当前进度:   9 % - 正在计算
-          当前进度:  10 % - 正在绘制
--------   当前进度:  80 % - 正在计算
Memory: 1108/1111 1125/1129
--------   当前进度:  81 % - 正在计算
Memory: 1113/1119 1137/1137
--------   当前进度:  84 % - 正在计算
Memory: 1089/1119 1110/1137
--------   当前进度:  87 % - 正在计算
Memory: 1079/1119 1099/1137
--------   当前进度:  88 % - 正在计算
---------  当前进度:  91 % - 正在计算
Memory: 1081/1119 1100/1137
---------  当前进度:  92 % - 正在计算
Memory: 1078/1119 1098/1137
---------  当前进度:  95 % - 正在计算
---------  当前进度:  98 % - 正在计算
           当前进度:   0 % - 正在绘制
           当前进度:   9 % - 正在计算
-          当前进度:  10 % - 正在绘制
--------   当前进度:  80 % - 正在计算
Memory: 1097/1119 1113/1137
--------   当前进度:  81 % - 正在计算
Memory: 1118/1119 1141/1141
--------   当前进度:  84 % - 正在计算
Memory: 1105/1119 1127/1141
--------   当前进度:  87 % - 正在计算
--------   当前进度:  88 % - 正在计算
---------  当前进度:  91 % - 正在计算
---------  当前进度:  92 % - 正在计算
---------  当前进度:  95 % - 正在计算
---------  当前进度:  98 % - 正在计算
           当前进度:   0 % - 正在绘制
           当前进度:   9 % - 正在计算
-          当前进度:  10 % - 正在绘制
---------- 当前进度: 100 % - 正在绘制
Memory: 1106/1119 1127/1141
-          当前进度:  10 % - 正在绘制
-          当前进度:  14 % - 正在计算
---        当前进度:  35 % - 正在计算
Memory: 1113/1119 1139/1141
---        当前进度:  30 % - 正在计算
Memory: 1117/1119 1139/1141
---        当前进度:  34 % - 正在计算
-----      当前进度:  52 % - 正在计算
-----      当前进度:  55 % - 正在绘制
-----      当前进度:  59 % - 正在计算
--------   当前进度:  80 % - 正在计算
Memory: 1114/1119 1136/1141
-------    当前进度:  75 % - 正在计算
-------    当前进度:  79 % - 正在计算
---------  当前进度:  97 % - 正在计算
-          当前进度:  10 % - 正在绘制
--------   当前进度:  88 % - 正在计算
Memory: 1115/1119 1136/1141
---------  当前进度:  99 % - 正在计算
-          当前进度:  10 % - 正在绘制
---------  当前进度:  99 % - 正在计算
---        当前进度:  30 % - 生成图像
Memory: 1213/1213 1233/1233
           当前进度:   0 % - 导出 STEP
Memory: 1114/1327 1187/1350
Bspline aprx. value in effect for this translation :0.000010 meters

      Summary of STEP Entities

Entity Type                                                   Count
-----------                                                   ------
advanced_brep_shape_representation .......................:   2
advanced_face ............................................:   56
application_context ......................................:   2
application_protocol_definition ..........................:   2
axis2_placement_3d .......................................:   146
brep_with_voids ..........................................:   1
cartesian_point ..........................................:   278
circle ...................................................:   88
closed_shell .............................................:   6
cylindrical_surface ......................................:   44
direction ................................................:   336
edge_curve ...............................................:   132
edge_loop ................................................:   66
face_bound ...............................................:   66
geometric_representation_context_and_global_uncertainty_a :   2
length_unit_and_si_unit ..................................:   2
line .....................................................:   44
manifold_solid_brep ......................................:   1
mechanical_design_geometric_presentation_representation ..:   2
oriented_closed_shell ....................................:   4
oriented_edge ............................................:   264
plane ....................................................:   12
plane_angle_unit_and_si_unit .............................:   2
product ..................................................:   2
product_category .........................................:   2
product_context ..........................................:   2
product_definition .......................................:   2
product_definition_context ...............................:   2
product_definition_formation_with_specified_source .......:   2
product_definition_shape .................................:   2
product_related_product_category .........................:   2
shape_definition_representation ..........................:   2
shape_representation .....................................:   2
shape_representation_relationship ........................:   2
si_unit_and_solid_angle_unit .............................:   2
uncertainty_measure_with_unit ............................:   2
vector ...................................................:   44
vertex_point .............................................:   88
                                                             -------
Total                                                         1716
.:   132
edge_loop ................................................:   66
face_bound ...............................................:   66
geometric_representation_context_and_global_uncertainty_a :   2
length_unit_and_si_unit ..................................:   2
line .....................................................:   44
manifold_solid_brep ......................................:   1
mechanical_design_geometric_presentation_representation ..:   2
oriented_closed_shell ....................................:   4
oriented_edge ............................................:   264
plane ....................................................:   12
plane_angle_unit_and_si_unit .............................:   2
product ..................................................:   2
product_category .........................................:   2
product_context ..........................................:   2
product_definition .......................................:   2
product_definition_context ...............................:   2
product_definition_formation_with_specified_source .......:   2
product_definition_shape .................................:   2
product_related_product_category .........................:   2
shape_definition_representation ..........................:   2
shape_representation .....................................:   2
shape_representation_relationship ........................:   2
si_unit_and_solid_angle_unit .............................:   2
uncertainty_measure_with_unit ............................:   2
vector ...................................................:   44
vertex_point .............................................:   88
                                                             -------
Total                                                         1716
GEOMETRY_EXPORT_STEP=SUCCESS
CHECKPOINT_BASELINE_RESULTS_SAVED=E:\imp\imp\project\muon-ion_beam\stage1_3d_feasibility\comsol\stage1_3d_feasibility.mph
BUILD_STAGE1_3D_COMPLETE
OUTPUT_MPH=E:\imp\imp\project\muon-ion_beam\stage1_3d_feasibility\comsol\stage1_3d_feasibility.mph
PHYSICS_WARNING=Geant4 mean electromagnetic stopping baseline; not complete muon-Ne survival prediction.
类运行时: 48 s.
总时间: 48 s.
