*******************************************
***COMSOL 6.4.0.293 progress output file***
*******************************************
Fri Sep 04 10:19:32 CST 2026
COMSOL Multiphysics 6.4 (开发版本: 293) 在批处理模式下启动
正在运行: E:\imp\imp\project\muon-ion_beam\stage1_3d_feasibility\scripts\RunStage1ShortGapBridge.class
SHORT_GAP_CASE_START=shortgap_15mm_f0p05_V12_1kV
           当前进度:   0 % - Grounded outer shell / bore boundary
Memory: 577/577 947/947
           当前进度:   1 % - Uniform Ne gas volume before electrode subtraction
Memory: 583/583 963/963
           当前进度:   2 % - Gas cutter reserved for dielectric liner
Memory: 584/584 964/964
           当前进度:   2 % - Representative alumina dielectric liner
           当前进度:   2 % - 执行布尔操作
Memory: 587/587 965/965
-          当前进度:  11 % - V1 electrode outer blank
Memory: 588/588 965/965
-          当前进度:  12 % - V1 aperture cutter
-          当前进度:  12 % - V1 finite-thickness annular electrode
-          当前进度:  12 % - 执行布尔操作
--         当前进度:  21 % - V1 electrode, 1 mm rounded edges
Memory: 589/589 965/965
--         当前进度:  29 % - V2 electrode outer blank
Memory: 590/590 965/965
---        当前进度:  30 % - V2 aperture cutter
Memory: 591/591 965/965
---        当前进度:  31 % - V2 finite-thickness annular electrode
---        当前进度:  31 % - 执行布尔操作
---        当前进度:  39 % - V2 electrode, 1 mm rounded edges
----       当前进度:  47 % - V3 electrode outer blank
Memory: 592/592 965/965
----       当前进度:  48 % - V3 aperture cutter
----       当前进度:  49 % - V3 finite-thickness annular electrode
----       当前进度:  49 % - 执行布尔操作
-----      当前进度:  57 % - V3 electrode, 1 mm rounded edges
Memory: 593/593 981/981
------     当前进度:  65 % - V4 electrode outer blank
------     当前进度:  66 % - V4 aperture cutter
------     当前进度:  67 % - V4 finite-thickness annular electrode
------     当前进度:  67 % - 执行布尔操作
-------    当前进度:  75 % - V4 electrode, 1 mm rounded edges
Memory: 594/594 981/981
--------   当前进度:  83 % - Ne gas domain excluding four electrode solids
--------   当前进度:  83 % - 执行布尔操作
Memory: 596/596 983/983
---------  当前进度:  92 % - 形成联合体
---------  当前进度:  92 % - 执行布尔操作
Memory: 597/597 983/983
---------- 当前进度: 100 % - 正在更新选择
Memory: 598/598 983/983
           当前进度:   0 % - 自由四面体网格
Memory: 621/621 987/987
顶点单元数：80
-          当前进度:  13 % - 调整边界网格
Memory: 634/634 988/988
--         当前进度:  23 % - 正在创建边界网格
Memory: 641/644 997/1000
边单元数：1320
边界单元数：17348
----       当前进度:  43 % - 正在创建初始四面体网格
Memory: 656/656 1016/1016
-----      当前进度:  56 % - 正在创建初始四面体网格
Memory: 652/662 1007/1020
------     当前进度:  68 % - 相关边界
--------   当前进度:  83 % - 正在提高单元质量
Memory: 660/662 1022/1024
单元数：68194
最小单元质量：0.2419
---------- 当前进度: 100 % - 正在定型网格
Memory: 649/662 1012/1024
           当前进度:   2 % - 生成方程
Memory: 701/701 1019/1024
           当前进度:   3 % - 生成方程
Memory: 773/773 1024/1024
<---- Study 1 - 3D Electrostatics stationary/解 1 (sol1) 中的“编译方程: 稳态” -----------
开始于 2026年9月4日 10:19:51。
几何形函数: 二次拉格朗日单元
几何形函数: 二次拉格朗日单元
在 Intel64 Family 6 Model 186 Stepping 2, GenuineIntel 上运行。
在以下位置使用 1 个插槽： 陈红星 上（共 1 个内核）。
可用内存：15.90 GB。
           当前进度:   3 % - 编译方程: 稳态
Memory: 1087/1095 1108/1116
           当前进度:   6 % - 编译方程: 稳态
Memory: 1121/1133 1139/1152
           当前进度:   7 % - 编译方程: 稳态
Memory: 1161/1174 1181/1191
时间：2。
物理内存: 1.17 GB
虚拟内存: 1.19 GB
Warning: 自由空间采用真空条件，这会导致某些材料属性被忽略。请考虑为忽略的材料添加合适的物理场特征。

  - 节点: 自由空间 1

  - 物理场: Electrostatics: four finite-thickness rounded ring electrodes (es)

  - Materials: Natural Neon gas, representative relative permittivity (mat_gas), Representative alumina ceramic; epsilon_r=9.4 assumption (mat_diel)

  - Quantities: 相对介电常数, 相对介电常数
结束时间：2026年9月4日 10:19:54。
----- Study 1 - 3D Electrostatics stationary/解 1 (sol1) 中的“编译方程: 稳态” ---------->
<---- Study 1 - 3D Electrostatics stationary/解 1 (sol1) 中的“因变量 1” --------------
开始于 2026年9月4日 10:19:54。
           当前进度:   7 % - 因变量 1
Memory: 1151/1174 1181/1191
求解时间：0 s。
物理内存: 1.16 GB
虚拟内存: 1.18 GB
结束时间：2026年9月4日 10:19:54。
----- Study 1 - 3D Electrostatics stationary/解 1 (sol1) 中的“因变量 1” ------------->
<---- Study 1 - 3D Electrostatics stationary/解 1 (sol1) 中的“稳态求解器 1” ------------
开始于 2026年9月4日 10:19:55。
线性求解器 
求解的自由度数：101596。
--         当前进度:  23 % - 组装稀疏模式
Memory: 934/1174 939/1191
---        当前进度:  32 % - 组装矩阵
Memory: 947/1174 953/1191
找到对称矩阵。
缩放因变量：
电势 (comp1.V): 1
已使用正交零空间函数。
---        当前进度:  38 % - 
Memory: 972/1174 983/1191
---        当前进度:  38 % - 组装延展
Memory: 975/1174 989/1191
-----      当前进度:  56 % - 组装稀疏模式
Memory: 977/1174 988/1191
Iter      SolEst     Damping    Stepsize #Res #Jac #Sol LinIt   LinErr   LinRes
---------  当前进度:  91 % - 求解线性方程组
Memory: 977/1174 1006/1191
   1        0.79   1.0000000        0.79    1    1    1     4  1.4e-05  2.7e-08
---------- 当前进度: 100 % - 
Memory: 962/1174 986/1191
求解时间：3 s。
物理内存: 1.01 GB
虚拟内存: 1.04 GB
结束时间：2026年9月4日 10:19:58。
----- Study 1 - 3D Electrostatics stationary/解 1 (sol1) 中的“稳态求解器 1” ----------->
           当前进度:   2 % - 生成方程
Memory: 963/1174 987/1191
           当前进度:   3 % - 生成方程
Memory: 1011/1174 1621/1621
<---- Study 2 - Single_Muon_Diagnostic/解 2 (sol2) 中的“编译方程: 瞬态” -----------------
开始于 2026年9月4日 10:19:59。
几何形函数: 二次拉格朗日单元
几何形函数: 二次拉格朗日单元
在 Intel64 Family 6 Model 186 Stepping 2, GenuineIntel 上运行。
在以下位置使用 1 个插槽： 陈红星 上（共 1 个内核）。
可用内存：15.90 GB。
           当前进度:   5 % - 编译方程: 瞬态
Memory: 1354/1371 1670/1687
时间：1。
物理内存: 1.37 GB
虚拟内存: 1.69 GB
Warning: 自由空间采用真空条件，这会导致某些材料属性被忽略。请考虑为忽略的材料添加合适的物理场特征。

  - 节点: 自由空间 1

  - 物理场: Electrostatics: four finite-thickness rounded ring electrodes (es)

  - Materials: Natural Neon gas, representative relative permittivity (mat_gas), Representative alumina ceramic; epsilon_r=9.4 assumption (mat_diel)

  - Quantities: 相对介电常数, 相对介电常数
结束时间：2026年9月4日 10:20:01。
----- Study 2 - Single_Muon_Diagnostic/解 2 (sol2) 中的“编译方程: 瞬态” ---------------->
<---- Study 2 - Single_Muon_Diagnostic/解 2 (sol2) 中的“因变量 1” --------------------
开始于 2026年9月4日 10:20:01。
不求解变量的值: 解 1 (sol1).
           当前进度:   5 % - 因变量 1
Memory: 1360/1371 1689/1689
求解时间：0 s。
物理内存: 1.36 GB
虚拟内存: 1.69 GB
结束时间：2026年9月4日 10:20:01。
----- Study 2 - Single_Muon_Diagnostic/解 2 (sol2) 中的“因变量 1” ------------------->
<---- Study 2 - Single_Muon_Diagnostic/解 2 (sol2) 中的“瞬态求解器 1” ------------------
开始于 2026年9月4日 10:20:02。
瞬态求解器（广义 α）
求解的自由度数：3（加上 4 个内部自由度）。
找到非对称矩阵。
缩放因变量：
颗粒位置 (comp1.qcpt): 1
Step        Time    Stepsize      Res  Jac  Sol Order Tfail NLfail LinIt   LinErr   LinRes
   0           0           - out    2    3    2                  0     0        0        0
   1    6.25e-11    6.25e-11       10    7   10     2     3      0    19  4.8e-08        -
   6    3.75e-10    6.25e-11       20    7   20     2     3      0    37  1.7e-10        -
  12  7.4375e-10   5.625e-11       36    8   36     2     3      0    68  1.2e-07        -
  16  9.5625e-10   4.375e-11       48   10   48     2     3      0    89    4e-08        -
  21   1.175e-09   4.375e-11       58   11   58     2     3      0   104  7.3e-07        -
  27  1.4375e-09   4.375e-11       70   11   70     2     3      0   127    8e-11        -
  29     1.5e-09   3.125e-11 out   78   13   78     2     3      0   141  6.8e-09        -
  36  1.7188e-09   3.125e-11       92   13   92     2     3      0   162  1.9e-07        -
  43  1.9375e-09   3.125e-11      106   13  106     2     3      0   183  3.6e-07        -
  48    2.25e-09    6.25e-11      116   14  116     2     3      0   207  2.4e-10        -
  55  2.6875e-09    6.25e-11      130   14  130     2     3      0   242  6.5e-10        -
  57     2.8e-09   5.625e-11      138   16  138     2     3      0   257  1.1e-07        -
  61       3e-09   4.375e-11 out  150   18  150     2     3      0   277  2.8e-08        -
  68  3.3062e-09   4.375e-11      164   18  164     2     3      0   298  7.2e-07        -
  72  3.4687e-09   3.125e-11      176   19  176     2     3      0   318  3.9e-09        -
  78  3.6563e-09   3.125e-11      188   20  188     2     3      0   336  7.7e-08        -
  84  3.8438e-09   3.125e-11      200   20  200     2     3      0   354  1.6e-07        -
  91  4.0625e-09   3.125e-11      214   20  214     2     3      0   375  2.6e-07        -
  97    4.25e-09   3.125e-11      226   20  226     2     3      0   393  3.4e-07        -
 103  4.4375e-09   3.125e-11      238   20  238     2     3      0   411  4.3e-07        -
 108  4.5938e-09    6.25e-11      248   23  248     2     3      0   427  1.5e-07        -
 114  4.9531e-09  4.6875e-11      264   24  264     2     3      0   463  4.2e-08        -
 120  5.2344e-09  4.6875e-11      276   25  276     2     3      0   481  9.1e-07        -
 125  5.4609e-09  3.9063e-11      290   26  290     2     3      0   508  1.8e-08        -
           当前进度:   8 % - 正在组装残差
Memory: 1060/1371 1082/1693
 128  5.5781e-09  3.9063e-11      296   27  296     2     3      0   517  1.6e-07        -
 134  5.8125e-09  3.9063e-11      308   27  308     2     3      0   535  5.9e-07        -
 139       6e-09  3.5156e-11 out  322   27  322     2     3      0   560  1.9e-09        -
 141  6.0703e-09  3.5156e-11      330   27  330     2     3      0   576  1.9e-09        -
 144  6.1758e-09  3.5156e-11      340   29  340     2     3      0   593  5.9e-08        -
 151  6.4219e-09  3.5156e-11      354   29  354     2     3      0   614  4.3e-07        -
 155   6.543e-09  4.2969e-11      362   31  362     2     3      0   626  4.2e-08        -
 162  6.8438e-09  4.2969e-11      376   31  376     2     3      0   650  2.3e-10        -
 166       7e-09  3.5154e-11 out  388   33  388     2     3      0   672  2.6e-08        -
 171  7.1758e-09  3.5154e-11      398   33  398     2     3      0   687  5.8e-07        -
 178  7.4219e-09  3.5154e-11      412   33  412     2     3      0   712  1.2e-10        -
 183  7.5817e-09  3.8695e-11      426   36  426     2     3      0   736  5.2e-08        -
 189  7.8139e-09  3.8695e-11      438   37  438     2     3      0   755  1.1e-10        -
 193   7.965e-09  3.5028e-11      450   38  450     2     3      0   778  2.7e-08        -
 197  8.1051e-09  3.5028e-11      458   39  458     2     3      0   790  3.1e-07        -
 204  8.3503e-09  3.5028e-11      472   39  472     2     3      0   811  8.1e-07        -
 210  8.5446e-09  4.4636e-11      484   41  484     2     3      0   829  5.4e-08        -
 216  8.8125e-09  4.4636e-11      496   41  496     2     3      0   849  3.2e-10        -
 222  9.0536e-09  5.3639e-11      508   43  508     2     3      0   870  1.4e-07        -
 229  9.4291e-09  5.3639e-11      522   43  522     2     3      0   897  1.2e-09        -
 234  9.6063e-09  3.5444e-11      532   44  532     2     3      0   912  2.5e-07        -
 240   9.819e-09  3.5444e-11      544   44  544     2     3      0   930  6.3e-07        -
 245  9.9804e-09  1.9613e-11      554   45  554     2     3      0   945  6.7e-10        -
 250  1.0157e-08  3.9226e-11      564   46  564     2     3      0   960  2.7e-07        -
 257  1.0431e-08  3.9226e-11      578   46  578     2     3      0   981  8.3e-07        -
 260  1.0534e-08  3.4258e-11      588   48  588     2     3      0   998  3.9e-08        -
 266   1.074e-08  3.4258e-11      600   48  600     2     3      0  1016  2.2e-07        -
 273  1.0973e-08  2.7325e-11      618   49  618     2     3      0  1045  2.1e-09        -
 279  1.1137e-08  2.7325e-11      630   50  630     2     3      0  1063  4.3e-08        -
 284  1.1273e-08  2.7325e-11      640   50  640     2     3      0  1078  8.4e-08        -
 290  1.1469e-08  3.1398e-11      652   52  652     2     3      0  1096  4.3e-09        -
 297  1.1688e-08  3.1398e-11      666   52  666     2     3      0  1117  1.3e-07        -
 301  1.1845e-08  6.2795e-11      674   53  674     2     3      0  1129  1.4e-07        -
 303  1.1951e-08  4.9056e-11      682   55  682     2     3      0  1143  4.4e-08        -
 309  1.2245e-08  4.9056e-11      694   55  694     2     3      0  1162  7.9e-10        -
 314  1.2471e-08   2.925e-11      704   56  704     2     3      0  1181  4.2e-09        -
 319  1.2734e-08  5.8499e-11      714   57  714     2     3      0  1198  1.4e-09        -
 323  1.2955e-08  4.5252e-11      726   58  726     2     3      0  1221  3.5e-08        -
 328  1.3181e-08  4.5252e-11      736   59  736     2     3      0  1236  6.8e-07        -
 332  1.3362e-08  4.5252e-11      744   59  744     2     3      0  1251  6.9e-10        -
 337  1.3547e-08  4.7476e-11      754   61  754     2     3      0  1268  5.2e-08        -
 343  1.3832e-08  4.7476e-11      766   61  766     2     3      0  1289    7e-10        -
 347     1.4e-08  3.6358e-11 out  778   63  778     2     3      0  1311  2.1e-08        -
 353  1.4218e-08  3.6358e-11      790   63  790     2     3      0  1329  5.5e-07        -
 360  1.4468e-08   3.185e-11      808   64  808     2     3      0  1360  1.5e-08        -
 362  1.4532e-08   3.185e-11      812   65  812     2     3      0  1366  7.5e-08        -
 367  1.4691e-08   3.185e-11      822   65  822     2     3      0  1381  3.9e-07        -
 374  1.4914e-08   3.185e-11      836   65  836     2     3      0  1402  8.3e-07        -
-          当前进度:  10 % - 组装矩阵
Memory: 1057/1371 1080/1693
 377     1.5e-08   2.705e-11 out  846   67  846     2     3      0  1419    7e-09        -
 384  1.5189e-08   2.705e-11      860   67  860     2     3      0  1440  1.9e-07        -
 390  1.5379e-08    5.41e-11      872   68  872     2     3      0  1458    2e-07        -
 392  1.5464e-08  3.6304e-11      880   70  880     2     3      0  1472  2.5e-08        -
 399  1.5718e-08  3.6304e-11      894   70  894     2     3      0  1493  6.4e-07        -
 406  1.5968e-08  3.2176e-11      912   71  912     2     3      0  1523  1.2e-08        -
 411  1.6129e-08  3.2176e-11      922   72  922     2     3      0  1538  1.7e-07        -
 417  1.6354e-08  6.4353e-11      934   73  934     2     3      0  1556  3.2e-07        -
 420    1.65e-08   4.407e-11 out  944   75  944     2     3      0  1573  2.3e-07        -
 426  1.6764e-08   4.407e-11      956   75  956     2     3      0  1593  6.1e-10        -
 431   1.697e-08  2.9648e-11      970   76  970     2     3      0  1620  6.5e-09        -
 435  1.7178e-08  5.9295e-11      978   78  978     2     3      0  1634  1.3e-09        -
 440  1.7458e-08  4.2466e-11      992   79  992     2     3      0  1661  3.2e-08        -
 446  1.7712e-08  4.2466e-11     1004   80 1004     2     3      0  1679  6.4e-07        -
 452  1.7962e-08  3.7671e-11     1020   81 1020     2     3      0  1708  1.3e-08        -
 458  1.8188e-08  3.7671e-11     1032   82 1032     2     3      0  1726  2.5e-07        -
 464  1.8414e-08  3.7671e-11     1044   82 1044     2     3      0  1744  5.1e-07        -
 471    1.95e-08     2.5e-10 out 1051   84 1051     2     3      0  1744        0        -
 481    2.45e-08       5e-10 out 1061   85 1061     2     3      0  1744        0        -
 488     2.8e-08       5e-10 out 1068   85 1068     2     3      0  1744        0        -
 495    3.15e-08       5e-10 out 1075   85 1075     2     3      0  1744        0        -
 504     3.6e-08       5e-10 out 1084   85 1084     2     3      0  1744        0        -
 515    4.15e-08       5e-10 out 1095   85 1095     2     3      0  1744        0        -
 526     4.7e-08       5e-10 out 1106   85 1106     2     3      0  1744        0        -
 538     5.3e-08       5e-10 out 1118   85 1118     2     3      0  1744        0        -
 547    5.75e-08       5e-10 out 1127   85 1127     2     3      0  1744        0        -
 555    6.15e-08       5e-10 out 1135   85 1135     2     3      0  1744        0        -
 567    6.75e-08       5e-10 out 1147   85 1147     2     3      0  1744        0        -
 577    7.25e-08       5e-10 out 1157   85 1157     2     3      0  1744        0        -
 587    7.75e-08       5e-10 out 1167   85 1167     2     3      0  1744        0        -
 599    8.35e-08       5e-10 out 1179   85 1179     2     3      0  1744        0        -
 608     8.8e-08       5e-10 out 1188   85 1188     2     3      0  1744        0        -
 619    9.35e-08       5e-10 out 1199   85 1199     2     3      0  1744        0        -
 631    9.95e-08       5e-10 out 1211   85 1211     2     3      0  1744        0        -
 644    1.06e-07       5e-10 out 1224   85 1224     2     3      0  1744        0        -
 654    1.11e-07       5e-10 out 1234   85 1234     2     3      0  1744        0        -
 665   1.165e-07       5e-10 out 1245   85 1245     2     3      0  1744        0        -
 675   1.215e-07       5e-10 out 1255   85 1255     2     3      0  1744        0        -
 683   1.255e-07       5e-10 out 1263   85 1263     2     3      0  1744        0        -
 693   1.305e-07       5e-10 out 1273   85 1273     2     3      0  1744        0        -
 702    1.35e-07       5e-10 out 1282   85 1282     2     3      0  1744        0        -
 712     1.4e-07       5e-10 out 1292   85 1292     2     3      0  1744        0        -
 722    1.45e-07       5e-10 out 1302   85 1302     2     3      0  1744        0        -
 730    1.49e-07       5e-10 out 1310   85 1310     2     3      0  1744        0        -
 739   1.535e-07       5e-10 out 1319   85 1319     2     3      0  1744        0        -
 746    1.57e-07       5e-10 out 1326   85 1326     2     3      0  1744        0        -
 755   1.615e-07       5e-10 out 1335   85 1335     2     3      0  1744        0        -
 767   1.675e-07       5e-10 out 1347   85 1347     2     3      0  1744        0        -
 778    1.73e-07       5e-10 out 1358   85 1358     2     3      0  1744        0        -
----       当前进度:  40 % - 正在组装残差
Memory: 1060/1371 1082/1693
 789   1.785e-07       5e-10 out 1369   85 1369     2     3      0  1744        0        -
 801   1.845e-07       5e-10 out 1381   85 1381     2     3      0  1744        0        -
 812     1.9e-07       5e-10 out 1392   85 1392     2     3      0  1744        0        -
 823   1.955e-07       5e-10 out 1403   85 1403     2     3      0  1744        0        -
 834    2.01e-07       5e-10 out 1414   85 1414     2     3      0  1744        0        -
 845   2.065e-07       5e-10 out 1425   85 1425     2     3      0  1744        0        -
 852     2.1e-07       5e-10 out 1432   85 1432     2     3      0  1744        0        -
 863   2.155e-07       5e-10 out 1443   85 1443     2     3      0  1744        0        -
 874    2.21e-07       5e-10 out 1454   85 1454     2     3      0  1744        0        -
 886    2.27e-07       5e-10 out 1466   85 1466     2     3      0  1744        0        -
 897   2.325e-07       5e-10 out 1477   85 1477     2     3      0  1744        0        -
 909   2.385e-07       5e-10 out 1489   85 1489     2     3      0  1744        0        -
 920    2.44e-07       5e-10 out 1500   85 1500     2     3      0  1744        0        -
 932     2.5e-07       5e-10 out 1512   85 1512     2     3      0  1744        0        -
 944    2.56e-07       5e-10 out 1524   85 1524     2     3      0  1744        0        -
 952     2.6e-07       5e-10 out 1532   85 1532     2     3      0  1744        0        -
 962    2.65e-07       5e-10 out 1542   85 1542     2     3      0  1744        0        -
 974    2.71e-07       5e-10 out 1554   85 1554     2     3      0  1744        0        -
 985   2.765e-07       5e-10 out 1565   85 1565     2     3      0  1744        0        -
 997   2.825e-07       5e-10 out 1577   85 1577     2     3      0  1744        0        -
1009   2.885e-07       5e-10 out 1589   85 1589     2     3      0  1744        0        -
1021   2.945e-07       5e-10 out 1601   85 1601     2     3      0  1744        0        -
1033   3.005e-07       5e-10 out 1613   85 1613     2     3      0  1744        0        -
1045   3.065e-07       5e-10 out 1625   85 1625     2     3      0  1744        0        -
1056    3.12e-07       5e-10 out 1636   85 1636     2     3      0  1744        0        -
1068    3.18e-07       5e-10 out 1648   85 1648     2     3      0  1744        0        -
1080    3.24e-07       5e-10 out 1660   85 1660     2     3      0  1744        0        -
1087   3.275e-07       5e-10 out 1667   85 1667     2     3      0  1744        0        -
1097   3.325e-07       5e-10 out 1677   85 1677     2     3      0  1744        0        -
1109   3.385e-07       5e-10 out 1689   85 1689     2     3      0  1744        0        -
1118    3.43e-07       5e-10 out 1698   85 1698     2     3      0  1744        0        -
1129   3.485e-07       5e-10 out 1709   85 1709     2     3      0  1744        0        -
1141   3.545e-07       5e-10 out 1721   85 1721     2     3      0  1744        0        -
1151   3.595e-07       5e-10 out 1731   85 1731     2     3      0  1744        0        -
1162    3.65e-07       5e-10 out 1742   85 1742     2     3      0  1744        0        -
1174    3.71e-07       5e-10 out 1754   85 1754     2     3      0  1744        0        -
1185   3.765e-07       5e-10 out 1765   85 1765     2     3      0  1744        0        -
1195   3.815e-07       5e-10 out 1775   85 1775     2     3      0  1744        0        -
1206    3.87e-07       5e-10 out 1786   85 1786     2     3      0  1744        0        -
1214    3.91e-07       5e-10 out 1794   85 1794     2     3      0  1744        0        -
1224    3.96e-07       5e-10 out 1804   85 1804     2     3      0  1744        0        -
1236    4.02e-07       5e-10 out 1816   85 1816     2     3      0  1744        0        -
1248    4.08e-07       5e-10 out 1828   85 1828     2     3      0  1744        0        -
1259   4.135e-07       5e-10 out 1839   85 1839     2     3      0  1744        0        -
1271   4.195e-07       5e-10 out 1851   85 1851     2     3      0  1744        0        -
1283   4.255e-07       5e-10 out 1863   85 1863     2     3      0  1744        0        -
1294    4.31e-07       5e-10 out 1874   85 1874     2     3      0  1744        0        -
1306    4.37e-07       5e-10 out 1886   85 1886     2     3      0  1744        0        -
1318    4.43e-07       5e-10 out 1898   85 1898     2     3      0  1744        0        -
1330    4.49e-07       5e-10 out 1910   85 1910     2     3      0  1744        0        -
1342    4.55e-07       5e-10 out 1922   85 1922     2     3      0  1744        0        -
1352     4.6e-07       5e-10 out 1932   85 1932     2     3      0  1744        0        -
1364    4.66e-07       5e-10 out 1944   85 1944     2     3      0  1744        0        -
1376    4.72e-07       5e-10 out 1956   85 1956     2     3      0  1744        0        -
1387   4.775e-07       5e-10 out 1967   85 1967     2     3      0  1744        0        -
1398    4.83e-07       5e-10 out 1978   85 1978     2     3      0  1744        0        -
1409   4.885e-07       5e-10 out 1989   85 1989     2     3      0  1744        0        -
---------  当前进度:  98 % - 
Memory: 1057/1371 1080/1693
1418    4.93e-07       5e-10 out 1998   85 1998     2     3      0  1744        0        -
1430    4.99e-07       5e-10 out 2010   85 2010     2     3      0  1744        0        -
1432       5e-07       5e-10 out 2012   85 2012     2     3      0  1744        0        -
---------- 当前进度: 100 % - 
求解时间：1 s。
物理内存: 1.37 GB
虚拟内存: 1.69 GB
结束时间：2026年9月4日 10:20:03。
----- Study 2 - Single_Muon_Diagnostic/解 2 (sol2) 中的“瞬态求解器 1” ----------------->
           当前进度:   0 % - 
Memory: 1058/1371 1080/1693
-          当前进度:  15 % - 正在计算
Memory: 1061/1371 1082/1693
--         当前进度:  26 % - 正在计算
---        当前进度:  35 % - 正在计算
----       当前进度:  44 % - 正在计算
Memory: 1062/1371 1083/1693
-----      当前进度:  54 % - 正在计算
Memory: 1048/1371 1070/1693
------     当前进度:  62 % - 正在计算
Memory: 1057/1371 1080/1693
-------    当前进度:  72 % - 正在计算
Memory: 1056/1371 1078/1693
--------   当前进度:  83 % - 正在计算
Memory: 1058/1371 1079/1693
---------  当前进度:  93 % - 正在计算
Memory: 1057/1371 1078/1693
---------- 当前进度: 100 % - 正在计算
           当前进度:   0 % - 
Memory: 1058/1371 1078/1693
---        当前进度:  34 % - 正在计算
Memory: 1061/1371 1075/1693
---------  当前进度:  95 % - 正在计算
Memory: 1067/1371 1081/1693
SHORT_GAP_CASE_COMPLETE=shortgap_15mm_f0p05_V12_1kV
SHORT_GAP_CASE_START=shortgap_15mm_f0p05_V12_3kV
           当前进度:   2 % - 生成方程
Memory: 1052/1371 1065/1693
           当前进度:   3 % - 生成方程
Memory: 1055/1371 1068/1693
<---- Study 1 - 3D Electrostatics stationary/解 1 (sol1) 中的“编译方程: 稳态” -----------
开始于 2026年9月4日 10:20:08。
几何形函数: 二次拉格朗日单元
几何形函数: 二次拉格朗日单元
在 Intel64 Family 6 Model 186 Stepping 2, GenuineIntel 上运行。
在以下位置使用 1 个插槽： 陈红星 上（共 1 个内核）。
可用内存：15.90 GB。
           当前进度:   6 % - 编译方程: 稳态
Memory: 1090/1371 1102/1693
           当前进度:   7 % - 编译方程: 稳态
Memory: 1103/1371 1116/1693
时间：2。
物理内存: 1.11 GB
虚拟内存: 1.12 GB
Warning: 自由空间采用真空条件，这会导致某些材料属性被忽略。请考虑为忽略的材料添加合适的物理场特征。

  - 节点: 自由空间 1

  - 物理场: Electrostatics: four finite-thickness rounded ring electrodes (es)

  - Materials: Natural Neon gas, representative relative permittivity (mat_gas), Representative alumina ceramic; epsilon_r=9.4 assumption (mat_diel)

  - Quantities: 相对介电常数, 相对介电常数
结束时间：2026年9月4日 10:20:09。
----- Study 1 - 3D Electrostatics stationary/解 1 (sol1) 中的“编译方程: 稳态” ---------->
<---- Study 1 - 3D Electrostatics stationary/解 1 (sol1) 中的“因变量 1” --------------
开始于 2026年9月4日 10:20:09。
           当前进度:   7 % - 因变量 1
Memory: 1109/1371 1121/1693
求解时间：0 s。
物理内存: 1.11 GB
虚拟内存: 1.12 GB
结束时间：2026年9月4日 10:20:09。
----- Study 1 - 3D Electrostatics stationary/解 1 (sol1) 中的“因变量 1” ------------->
<---- Study 1 - 3D Electrostatics stationary/解 1 (sol1) 中的“稳态求解器 1” ------------
开始于 2026年9月4日 10:20:10。
线性求解器 
求解的自由度数：101596。
--         当前进度:  24 % - 组装稀疏模式
Memory: 1147/1371 1179/1693
---        当前进度:  32 % - 组装矩阵
Memory: 1158/1371 1182/1693
找到对称矩阵。
缩放因变量：
电势 (comp1.V): 1
已使用正交零空间函数。
---        当前进度:  38 % - 
Memory: 1195/1371 1223/1693
---        当前进度:  38 % - 组装延展
Memory: 1185/1371 1208/1693
Iter      SolEst     Damping    Stepsize #Res #Jac #Sol LinIt   LinErr   LinRes
-------    当前进度:  74 % - 求解线性方程组
Memory: 1194/1371 1223/1693
   1        0.79   1.0000000        0.79    1    1    1     4  1.4e-05  2.7e-08
---------- 当前进度: 100 % - 
Memory: 1173/1371 1195/1693
求解时间：3 s。
物理内存: 1.2 GB
虚拟内存: 1.22 GB
结束时间：2026年9月4日 10:20:14。
----- Study 1 - 3D Electrostatics stationary/解 1 (sol1) 中的“稳态求解器 1” ----------->
           当前进度:   2 % - 生成方程
Memory: 1140/1371 1163/1693
           当前进度:   3 % - 生成方程
Memory: 1145/1371 1168/1693
<---- Study 2 - Single_Muon_Diagnostic/解 2 (sol2) 中的“编译方程: 瞬态” -----------------
开始于 2026年9月4日 10:20:15。
几何形函数: 二次拉格朗日单元
几何形函数: 二次拉格朗日单元
在 Intel64 Family 6 Model 186 Stepping 2, GenuineIntel 上运行。
在以下位置使用 1 个插槽： 陈红星 上（共 1 个内核）。
可用内存：15.90 GB。
           当前进度:   4 % - 编译方程: 瞬态
Memory: 1142/1371 1161/1693
           当前进度:   5 % - 编译方程: 瞬态
时间：1。
物理内存: 1.15 GB
虚拟内存: 1.17 GB
Warning: 自由空间采用真空条件，这会导致某些材料属性被忽略。请考虑为忽略的材料添加合适的物理场特征。

  - 节点: 自由空间 1

  - 物理场: Electrostatics: four finite-thickness rounded ring electrodes (es)

  - Materials: Natural Neon gas, representative relative permittivity (mat_gas), Representative alumina ceramic; epsilon_r=9.4 assumption (mat_diel)

  - Quantities: 相对介电常数, 相对介电常数
结束时间：2026年9月4日 10:20:16。
----- Study 2 - Single_Muon_Diagnostic/解 2 (sol2) 中的“编译方程: 瞬态” ---------------->
<---- Study 2 - Single_Muon_Diagnostic/解 2 (sol2) 中的“因变量 1” --------------------
开始于 2026年9月4日 10:20:16。
不求解变量的值: 解 1 (sol1).
           当前进度:   5 % - 因变量 1
Memory: 1147/1371 1165/1693
求解时间：0 s。
物理内存: 1.15 GB
虚拟内存: 1.16 GB
结束时间：2026年9月4日 10:20:16。
----- Study 2 - Single_Muon_Diagnostic/解 2 (sol2) 中的“因变量 1” ------------------->
<---- Study 2 - Single_Muon_Diagnostic/解 2 (sol2) 中的“瞬态求解器 1” ------------------
开始于 2026年9月4日 10:20:17。
瞬态求解器（广义 α）
求解的自由度数：3（加上 4 个内部自由度）。
找到非对称矩阵。
缩放因变量：
颗粒位置 (comp1.qcpt): 1
Step        Time    Stepsize      Res  Jac  Sol Order Tfail NLfail LinIt   LinErr   LinRes
   0           0           - out    2    3    2                  0     0        0        0
   1    6.25e-11    6.25e-11       10    7   10     2     3      0    19  4.8e-08        -
   7   4.375e-10    6.25e-11       22    7   22     2     3      0    43  2.5e-10        -
  12  7.4375e-10   5.625e-11       36    8   36     2     3      0    76  1.2e-07        -
  15   9.125e-10   5.625e-11       42    9   42     2     3      0    89  2.2e-10        -
  17       1e-09   4.375e-11 out   50   11   50     2     3      0   104  3.9e-08        -
  23  1.2625e-09   4.375e-11       62   11   62     2     3      0   123  2.1e-10        -
  28  1.4687e-09   3.125e-11       76   12   76     2     3      0   150  6.6e-09        -
  34  1.6563e-09   3.125e-11       88   13   88     2     3      0   168  1.4e-07        -
  39  1.8125e-09   3.125e-11       98   13   98     2     3      0   183  2.7e-07        -
  43  1.9375e-09   3.125e-11      106   13  106     2     3      0   195  3.6e-07        -
  48    2.25e-09    6.25e-11      116   14  116     2     3      0   219  7.1e-10        -
  53  2.5625e-09    6.25e-11      126   14  126     2     3      0   244  1.6e-09        -
  57     2.8e-09   5.625e-11      138   16  138     2     3      0   271  1.1e-07        -
  61       3e-09   4.375e-11 out  150   18  150     2     3      0   295  3.4e-08        -
  67  3.2625e-09   4.375e-11      162   18  162     2     3      0   313  6.3e-07        -
  72  3.4687e-09   3.125e-11      176   19  176     2     3      0   336  4.4e-09        -
  77   3.625e-09   3.125e-11      186   20  186     2     3      0   351  6.3e-08        -
  83  3.8125e-09   3.125e-11      198   20  198     2     3      0   369  1.5e-07        -
  90  4.0312e-09   3.125e-11      212   20  212     2     3      0   390  2.5e-07        -
  96  4.2187e-09   3.125e-11      224   20  224     2     3      0   408  3.3e-07        -
 101   4.375e-09   3.125e-11      234   20  234     2     3      0   423    4e-07        -
 107  4.5938e-09    6.25e-11      246   21  246     2     3      0   442  1.4e-07        -
 113  4.9531e-09  4.6875e-11      262   22  262     2     3      0   481  4.1e-08        -
 119  5.2344e-09  4.6875e-11      274   23  274     2     3      0   499  9.1e-07        -
 124  5.4609e-09  3.9063e-11      288   24  288     2     3      0   526  1.7e-08        -
 129  5.6563e-09  3.9063e-11      298   25  298     2     3      0   541    3e-07        -
 133  5.8125e-09  3.9063e-11      306   25  306     2     3      0   553  5.9e-07        -
 138       6e-09  3.5156e-11 out  320   25  320     2     3      0   578  5.7e-09        -
 141  6.1055e-09  3.5156e-11      332   25  332     2     3      0   602  5.4e-09        -
 144  6.2109e-09  3.5156e-11      342   27  342     2     3      0   619  5.8e-08        -
 151   6.457e-09  3.5156e-11      356   27  356     2     3      0   640  4.3e-07        -
           当前进度:   8 % - 组装矩阵
 155  6.5859e-09  4.2969e-11      364   29  364     2     3      0   652  2.1e-07        -
 162  6.8867e-09  4.2969e-11      378   29  378     2     3      0   676  7.4e-10        -
 165       7e-09  3.5154e-11 out  388   31  388     2     3      0   694  2.5e-08        -
 172  7.2461e-09  3.5154e-11      402   31  402     2     3      0   715  7.9e-07        -
 179  7.4785e-09  2.1497e-11      416   32  416     2     3      0   741  2.5e-09        -
 182  7.5817e-09  3.8695e-11      426   34  426     2     3      0   758  4.8e-08        -
 187  7.7752e-09  3.8695e-11      436   35  436     2     3      0   773  7.8e-07        -
 192   7.965e-09  3.5028e-11      450   36  450     2     3      0   799  2.6e-08        -
 198  8.1751e-09  3.5028e-11      462   37  462     2     3      0   817  4.5e-07        -
 205  8.4203e-09  3.5028e-11      476   37  476     2     3      0   838  8.7e-07        -
 210  8.5893e-09  4.4636e-11      486   39  486     2     3      0   853  2.6e-07        -
 216  8.8571e-09  4.4636e-11      498   39  498     2     3      0   873  1.2e-09        -
 220       9e-09  2.6819e-11 out  506   40  506     2     3      0   887  1.7e-08        -
 221  9.0536e-09  5.3639e-11      508   41  508     2     3      0   891  1.6e-07        -
 222  9.1073e-09  5.3639e-11      510   41  510     2     3      0   895  5.8e-07        -
 226  9.3218e-09  5.3639e-11      518   41  518     2     3      0   914  1.9e-09        -
 231  9.5354e-09  3.5444e-11      528   42  528     2     3      0   933  1.3e-07        -
 235  9.6772e-09  3.5444e-11      536   42  536     2     3      0   945  3.6e-07        -
 241  9.8899e-09  3.5444e-11      548   42  548     2     3      0   963  7.2e-07        -
 246  1.0039e-08  3.9226e-11      558   44  558     2     3      0   978    2e-08        -
 250  1.0196e-08  3.9226e-11      566   44  566     2     3      0   990  3.3e-07        -
 256  1.0431e-08  3.9226e-11      578   44  578     2     3      0  1008  7.9e-07        -
 259  1.0569e-08  6.8515e-11      586   47  586     2     3      0  1019        0        -
 265     1.2e-08       5e-10 out  592   50  592     2     3      0  1019        0        -
 276    1.75e-08       5e-10 out  603   50  603     2     3      0  1019        0        -
 288    2.35e-08       5e-10 out  615   50  615     2     3      0  1019        0        -
 300    2.95e-08       5e-10 out  627   50  627     2     3      0  1019        0        -
 312    3.55e-08       5e-10 out  639   50  639     2     3      0  1019        0        -
 324    4.15e-08       5e-10 out  651   50  651     2     3      0  1019        0        -
 336    4.75e-08       5e-10 out  663   50  663     2     3      0  1019        0        -
 347     5.3e-08       5e-10 out  674   50  674     2     3      0  1019        0        -
 357     5.8e-08       5e-10 out  684   50  684     2     3      0  1019        0        -
 366    6.25e-08       5e-10 out  693   50  693     2     3      0  1019        0        -
 375     6.7e-08       5e-10 out  702   50  702     2     3      0  1019        0        -
 386    7.25e-08       5e-10 out  713   50  713     2     3      0  1019        0        -
 397     7.8e-08       5e-10 out  724   50  724     2     3      0  1019        0        -
 407     8.3e-08       5e-10 out  734   50  734     2     3      0  1019        0        -
 418    8.85e-08       5e-10 out  745   50  745     2     3      0  1019        0        -
 428    9.35e-08       5e-10 out  755   50  755     2     3      0  1019        0        -
 436    9.75e-08       5e-10 out  763   50  763     2     3      0  1019        0        -
 447    1.03e-07       5e-10 out  774   50  774     2     3      0  1019        0        -
 457    1.08e-07       5e-10 out  784   50  784     2     3      0  1019        0        -
 467    1.13e-07       5e-10 out  794   50  794     2     3      0  1019        0        -
 477    1.18e-07       5e-10 out  804   50  804     2     3      0  1019        0        -
 488   1.235e-07       5e-10 out  815   50  815     2     3      0  1019        0        -
 496   1.275e-07       5e-10 out  823   50  823     2     3      0  1019        0        -
 508   1.335e-07       5e-10 out  835   50  835     2     3      0  1019        0        -
 520   1.395e-07       5e-10 out  847   50  847     2     3      0  1019        0        -
 530   1.445e-07       5e-10 out  857   50  857     2     3      0  1019        0        -
 539    1.49e-07       5e-10 out  866   50  866     2     3      0  1019        0        -
 550   1.545e-07       5e-10 out  877   50  877     2     3      0  1019        0        -
 559    1.59e-07       5e-10 out  886   50  886     2     3      0  1019        0        -
---        当前进度:  37 % - 正在组装残差
Memory: 1147/1371 1166/1693
 567    1.63e-07       5e-10 out  894   50  894     2     3      0  1019        0        -
 577    1.68e-07       5e-10 out  904   50  904     2     3      0  1019        0        -
 586   1.725e-07       5e-10 out  913   50  913     2     3      0  1019        0        -
 593    1.76e-07       5e-10 out  920   50  920     2     3      0  1019        0        -
 601     1.8e-07       5e-10 out  928   50  928     2     3      0  1019        0        -
 610   1.845e-07       5e-10 out  937   50  937     2     3      0  1019        0        -
 617    1.88e-07       5e-10 out  944   50  944     2     3      0  1019        0        -
 626   1.925e-07       5e-10 out  953   50  953     2     3      0  1019        0        -
 635    1.97e-07       5e-10 out  962   50  962     2     3      0  1019        0        -
 644   2.015e-07       5e-10 out  971   50  971     2     3      0  1019        0        -
 654   2.065e-07       5e-10 out  981   50  981     2     3      0  1019        0        -
 664   2.115e-07       5e-10 out  991   50  991     2     3      0  1019        0        -
 674   2.165e-07       5e-10 out 1001   50 1001     2     3      0  1019        0        -
 684   2.215e-07       5e-10 out 1011   50 1011     2     3      0  1019        0        -
 694   2.265e-07       5e-10 out 1021   50 1021     2     3      0  1019        0        -
 701     2.3e-07       5e-10 out 1028   50 1028     2     3      0  1019        0        -
 710   2.345e-07       5e-10 out 1037   50 1037     2     3      0  1019        0        -
 720   2.395e-07       5e-10 out 1047   50 1047     2     3      0  1019        0        -
 729    2.44e-07       5e-10 out 1056   50 1056     2     3      0  1019        0        -
 738   2.485e-07       5e-10 out 1065   50 1065     2     3      0  1019        0        -
 748   2.535e-07       5e-10 out 1075   50 1075     2     3      0  1019        0        -
 758   2.585e-07       5e-10 out 1085   50 1085     2     3      0  1019        0        -
 768   2.635e-07       5e-10 out 1095   50 1095     2     3      0  1019        0        -
 778   2.685e-07       5e-10 out 1105   50 1105     2     3      0  1019        0        -
 788   2.735e-07       5e-10 out 1115   50 1115     2     3      0  1019        0        -
 798   2.785e-07       5e-10 out 1125   50 1125     2     3      0  1019        0        -
 808   2.835e-07       5e-10 out 1135   50 1135     2     3      0  1019        0        -
 816   2.875e-07       5e-10 out 1143   50 1143     2     3      0  1019        0        -
 825    2.92e-07       5e-10 out 1152   50 1152     2     3      0  1019        0        -
 835    2.97e-07       5e-10 out 1162   50 1162     2     3      0  1019        0        -
 843    3.01e-07       5e-10 out 1170   50 1170     2     3      0  1019        0        -
 852   3.055e-07       5e-10 out 1179   50 1179     2     3      0  1019        0        -
 863    3.11e-07       5e-10 out 1190   50 1190     2     3      0  1019        0        -
 874   3.165e-07       5e-10 out 1201   50 1201     2     3      0  1019        0        -
 884   3.215e-07       5e-10 out 1211   50 1211     2     3      0  1019        0        -
 894   3.265e-07       5e-10 out 1221   50 1221     2     3      0  1019        0        -
 904   3.315e-07       5e-10 out 1231   50 1231     2     3      0  1019        0        -
 915    3.37e-07       5e-10 out 1242   50 1242     2     3      0  1019        0        -
 926   3.425e-07       5e-10 out 1253   50 1253     2     3      0  1019        0        -
 937    3.48e-07       5e-10 out 1264   50 1264     2     3      0  1019        0        -
 948   3.535e-07       5e-10 out 1275   50 1275     2     3      0  1019        0        -
 958   3.585e-07       5e-10 out 1285   50 1285     2     3      0  1019        0        -
 969    3.64e-07       5e-10 out 1296   50 1296     2     3      0  1019        0        -
 980   3.695e-07       5e-10 out 1307   50 1307     2     3      0  1019        0        -
 991    3.75e-07       5e-10 out 1318   50 1318     2     3      0  1019        0        -
 999    3.79e-07       5e-10 out 1326   50 1326     2     3      0  1019        0        -
1008   3.835e-07       5e-10 out 1335   50 1335     2     3      0  1019        0        -
1017    3.88e-07       5e-10 out 1344   50 1344     2     3      0  1019        0        -
1023    3.91e-07       5e-10 out 1350   50 1350     2     3      0  1019        0        -
1033    3.96e-07       5e-10 out 1360   50 1360     2     3      0  1019        0        -
1041       4e-07       5e-10 out 1368   50 1368     2     3      0  1019        0        -
1050   4.045e-07       5e-10 out 1377   50 1377     2     3      0  1019        0        -
1059    4.09e-07       5e-10 out 1386   50 1386     2     3      0  1019        0        -
1068   4.135e-07       5e-10 out 1395   50 1395     2     3      0  1019        0        -
--------   当前进度:  84 % - 正在组装残差
1076   4.175e-07       5e-10 out 1403   50 1403     2     3      0  1019        0        -
1085    4.22e-07       5e-10 out 1412   50 1412     2     3      0  1019        0        -
1091    4.25e-07       5e-10 out 1418   50 1418     2     3      0  1019        0        -
1099    4.29e-07       5e-10 out 1426   50 1426     2     3      0  1019        0        -
1103    4.31e-07       5e-10 out 1430   50 1430     2     3      0  1019        0        -
1106   4.325e-07       5e-10 out 1433   50 1433     2     3      0  1019        0        -
1109    4.34e-07       5e-10 out 1436   50 1436     2     3      0  1019        0        -
1113    4.36e-07       5e-10 out 1440   50 1440     2     3      0  1019        0        -
1116   4.375e-07       5e-10 out 1443   50 1443     2     3      0  1019        0        -
1121     4.4e-07       5e-10 out 1448   50 1448     2     3      0  1019        0        -
1125    4.42e-07       5e-10 out 1452   50 1452     2     3      0  1019        0        -
1129    4.44e-07       5e-10 out 1456   50 1456     2     3      0  1019        0        -
1132   4.455e-07       5e-10 out 1459   50 1459     2     3      0  1019        0        -
1136   4.475e-07       5e-10 out 1463   50 1463     2     3      0  1019        0        -
1140   4.495e-07       5e-10 out 1467   50 1467     2     3      0  1019        0        -
1142   4.505e-07       5e-10 out 1469   50 1469     2     3      0  1019        0        -
1145    4.52e-07       5e-10 out 1472   50 1472     2     3      0  1019        0        -
1151    4.55e-07       5e-10 out 1478   50 1478     2     3      0  1019        0        -
1157    4.58e-07       5e-10 out 1484   50 1484     2     3      0  1019        0        -
1161     4.6e-07       5e-10 out 1488   50 1488     2     3      0  1019        0        -
1165    4.62e-07       5e-10 out 1492   50 1492     2     3      0  1019        0        -
1169    4.64e-07       5e-10 out 1496   50 1496     2     3      0  1019        0        -
1174   4.665e-07       5e-10 out 1501   50 1501     2     3      0  1019        0        -
1180   4.695e-07       5e-10 out 1507   50 1507     2     3      0  1019        0        -
1186   4.725e-07       5e-10 out 1513   50 1513     2     3      0  1019        0        -
1192   4.755e-07       5e-10 out 1519   50 1519     2     3      0  1019        0        -
1198   4.785e-07       5e-10 out 1525   50 1525     2     3      0  1019        0        -
1204   4.815e-07       5e-10 out 1531   50 1531     2     3      0  1019        0        -
1210   4.845e-07       5e-10 out 1537   50 1537     2     3      0  1019        0        -
1216   4.875e-07       5e-10 out 1543   50 1543     2     3      0  1019        0        -
1222   4.905e-07       5e-10 out 1549   50 1549     2     3      0  1019        0        -
1228   4.935e-07       5e-10 out 1555   50 1555     2     3      0  1019        0        -
1235    4.97e-07       5e-10 out 1562   50 1562     2     3      0  1019        0        -
1241       5e-07       5e-10 out 1568   50 1568     2     3      0  1019        0        -
---------- 当前进度: 100 % - 
Memory: 1153/1371 1172/1693
求解时间：1 s。
物理内存: 1.15 GB
虚拟内存: 1.17 GB
结束时间：2026年9月4日 10:20:18。
----- Study 2 - Single_Muon_Diagnostic/解 2 (sol2) 中的“瞬态求解器 1” ----------------->
           当前进度:   0 % - 
Memory: 1150/1371 1169/1693
-          当前进度:  11 % - 正在计算
Memory: 1150/1371 1168/1693
--         当前进度:  20 % - 正在计算
--         当前进度:  28 % - 正在计算
---        当前进度:  37 % - 正在计算
Memory: 1154/1371 1172/1693
----       当前进度:  47 % - 正在计算
Memory: 1142/1371 1162/1693
-----      当前进度:  57 % - 正在计算
Memory: 1143/1371 1163/1693
------     当前进度:  66 % - 正在计算
Memory: 1145/1371 1164/1693
-------    当前进度:  76 % - 正在计算
--------   当前进度:  84 % - 正在计算
---------  当前进度:  94 % - 正在计算
---------- 当前进度: 100 % - 正在计算
           当前进度:   0 % - 
---        当前进度:  34 % - 正在计算
Memory: 1121/1371 1134/1693
---------  当前进度:  95 % - 正在计算
SHORT_GAP_CASE_COMPLETE=shortgap_15mm_f0p05_V12_3kV
SHORT_GAP_CASE_START=shortgap_15mm_f0p05_V12_5kV
           当前进度:   2 % - 生成方程
Memory: 1139/1371 1820/1821
           当前进度:   3 % - 生成方程
Memory: 1328/1371 1821/1821
<---- Study 1 - 3D Electrostatics stationary/解 1 (sol1) 中的“编译方程: 稳态” -----------
开始于 2026年9月4日 10:20:23。
几何形函数: 二次拉格朗日单元
几何形函数: 二次拉格朗日单元
在 Intel64 Family 6 Model 186 Stepping 2, GenuineIntel 上运行。
在以下位置使用 1 个插槽： 陈红星 上（共 1 个内核）。
可用内存：15.90 GB。
           当前进度:   3 % - 编译方程: 稳态
Memory: 1149/1371 1162/1821
           当前进度:   6 % - 编译方程: 稳态
Memory: 1171/1371 1183/1821
           当前进度:   7 % - 编译方程: 稳态
Memory: 1171/1371 1182/1821
时间：1。
物理内存: 1.17 GB
虚拟内存: 1.3 GB
Warning: 自由空间采用真空条件，这会导致某些材料属性被忽略。请考虑为忽略的材料添加合适的物理场特征。

  - 节点: 自由空间 1

  - 物理场: Electrostatics: four finite-thickness rounded ring electrodes (es)

  - Materials: Natural Neon gas, representative relative permittivity (mat_gas), Representative alumina ceramic; epsilon_r=9.4 assumption (mat_diel)

  - Quantities: 相对介电常数, 相对介电常数
结束时间：2026年9月4日 10:20:24。
----- Study 1 - 3D Electrostatics stationary/解 1 (sol1) 中的“编译方程: 稳态” ---------->
<---- Study 1 - 3D Electrostatics stationary/解 1 (sol1) 中的“因变量 1” --------------
开始于 2026年9月4日 10:20:24。
           当前进度:   7 % - 因变量 1
Memory: 1171/1371 1183/1821
求解时间：0 s。
物理内存: 1.17 GB
虚拟内存: 1.18 GB
结束时间：2026年9月4日 10:20:24。
----- Study 1 - 3D Electrostatics stationary/解 1 (sol1) 中的“因变量 1” ------------->
<---- Study 1 - 3D Electrostatics stationary/解 1 (sol1) 中的“稳态求解器 1” ------------
开始于 2026年9月4日 10:20:25。
线性求解器 
求解的自由度数：101596。
--         当前进度:  24 % - 组装稀疏模式
Memory: 1159/1371 1174/1821
---        当前进度:  38 % - 组装矩阵
Memory: 1186/1371 1215/1821
找到对称矩阵。
缩放因变量：
电势 (comp1.V): 1
已使用正交零空间函数。
---        当前进度:  38 % - 组装延展
Memory: 1220/1371 1243/1821
-----      当前进度:  56 % - 组装延展
Memory: 1195/1371 1216/1821
Iter      SolEst     Damping    Stepsize #Res #Jac #Sol LinIt   LinErr   LinRes
--------   当前进度:  82 % - 求解线性方程组
Memory: 1204/1371 1231/1821
   1        0.79   1.0000000        0.79    1    1    1     4  1.4e-05  2.7e-08
---------- 当前进度: 100 % - 
Memory: 1192/1371 1215/1821
求解时间：3 s。
物理内存: 1.22 GB
虚拟内存: 1.24 GB
结束时间：2026年9月4日 10:20:28。
----- Study 1 - 3D Electrostatics stationary/解 1 (sol1) 中的“稳态求解器 1” ----------->
           当前进度:   0 % - Study 2 - Single_Muon_Diagnostic
Memory: 1148/1371 1170/1821
           当前进度:   3 % - Study 2 - Single_Muon_Diagnostic
Memory: 1151/1371 1172/1821
<---- Study 2 - Single_Muon_Diagnostic/解 2 (sol2) 中的“编译方程: 瞬态” -----------------
开始于 2026年9月4日 10:20:29。
几何形函数: 二次拉格朗日单元
几何形函数: 二次拉格朗日单元
在 Intel64 Family 6 Model 186 Stepping 2, GenuineIntel 上运行。
在以下位置使用 1 个插槽： 陈红星 上（共 1 个内核）。
可用内存：15.90 GB。
           当前进度:   3 % - 生成方程
Memory: 1143/1371 1164/1821
           当前进度:   5 % - 编译方程: 瞬态
Memory: 1113/1371 1126/1821
时间：1。
物理内存: 1.15 GB
虚拟内存: 1.17 GB
Warning: 自由空间采用真空条件，这会导致某些材料属性被忽略。请考虑为忽略的材料添加合适的物理场特征。

  - 节点: 自由空间 1

  - 物理场: Electrostatics: four finite-thickness rounded ring electrodes (es)

  - Materials: Natural Neon gas, representative relative permittivity (mat_gas), Representative alumina ceramic; epsilon_r=9.4 assumption (mat_diel)

  - Quantities: 相对介电常数, 相对介电常数
结束时间：2026年9月4日 10:20:30。
----- Study 2 - Single_Muon_Diagnostic/解 2 (sol2) 中的“编译方程: 瞬态” ---------------->
<---- Study 2 - Single_Muon_Diagnostic/解 2 (sol2) 中的“因变量 1” --------------------
开始于 2026年9月4日 10:20:30。
不求解变量的值: 解 1 (sol1).
           当前进度:   5 % - 因变量 1
Memory: 1105/1371 1118/1821
求解时间：0 s。
物理内存: 1.11 GB
虚拟内存: 1.13 GB
结束时间：2026年9月4日 10:20:30。
----- Study 2 - Single_Muon_Diagnostic/解 2 (sol2) 中的“因变量 1” ------------------->
<---- Study 2 - Single_Muon_Diagnostic/解 2 (sol2) 中的“瞬态求解器 1” ------------------
开始于 2026年9月4日 10:20:31。
瞬态求解器（广义 α）
求解的自由度数：3（加上 4 个内部自由度）。
找到非对称矩阵。
缩放因变量：
颗粒位置 (comp1.qcpt): 1
Step        Time    Stepsize      Res  Jac  Sol Order Tfail NLfail LinIt   LinErr   LinRes
   0           0           - out    2    3    2                  0     0        0        0
   1    6.25e-11    6.25e-11       10    7   10     2     3      0    20  4.8e-08        -
   8       5e-10    6.25e-11 out   24    7   24     2     3      0    53  9.3e-11        -
  12  7.4375e-10   5.625e-11       36    8   36     2     3      0    81  1.2e-07        -
  15   9.125e-10   5.625e-11       42    9   42     2     3      0    94  3.7e-10        -
  18  1.0437e-09   4.375e-11       52   11   52     2     3      0   115  2.1e-07        -
  25    1.35e-09   4.375e-11       66   11   66     2     3      0   146    8e-11        -
  28  1.4687e-09   3.125e-11       76   12   76     2     3      0   171  6.4e-09        -
  34  1.6563e-09   3.125e-11       88   13   88     2     3      0   189  1.4e-07        -
  41   1.875e-09   3.125e-11      102   13  102     2     3      0   210  3.2e-07        -
  47  2.1875e-09    6.25e-11      114   14  114     2     3      0   235  8.5e-10        -
  54   2.625e-09    6.25e-11      128   14  128     2     3      0   270  2.9e-09        -
  57     2.8e-09   5.625e-11      138   16  138     2     3      0   293  1.2e-07        -
  60  2.9563e-09   4.375e-11      148   17  148     2     3      0   317  3.8e-08        -
  66  3.2187e-09   4.375e-11      160   18  160     2     3      0   341  5.3e-07        -
  72  3.4687e-09   3.125e-11      176   19  176     2     3      0   376  5.4e-09        -
  77   3.625e-09   3.125e-11      186   20  186     2     3      0   391  6.3e-08        -
  83  3.8125e-09   3.125e-11      198   20  198     2     3      0   409  1.5e-07        -
  90  4.0312e-09   3.125e-11      212   20  212     2     3      0   430  2.5e-07        -
  97    4.25e-09   3.125e-11      226   20  226     2     3      0   451  3.4e-07        -
 103  4.4531e-09  4.6875e-11      238   21  238     2     3      0   470  2.9e-08        -
 110  4.7813e-09  4.6875e-11      252   21  252     2     3      0   499    1e-09        -
 114  4.9609e-09  3.9062e-11      264   22  264     2     3      0   526  1.6e-08        -
 120  5.1953e-09  3.9062e-11      276   23  276     2     3      0   544  3.6e-07        -
 127  5.4648e-09  3.5156e-11      292   23  292     2     3      0   570  9.7e-09        -
 131  5.6055e-09  3.5156e-11      308   23  308     2     3      0   602  9.7e-09        -
 134  5.7109e-09  3.5156e-11      320   23  320     2     3      0   626  9.7e-09        -
 138  5.8516e-09  3.5156e-11      336   23  336     2     3      0   658  9.7e-09        -
 142  5.9785e-09  2.1484e-11      350   24  350     2     3      0   685  9.1e-10        -
 148  6.2148e-09  4.2969e-11      362   25  362     2     3      0   708    5e-07        -
 154  6.4648e-09  3.5156e-11      378   26  378     2     3      0   740  1.5e-08        -
 160  6.6758e-09  3.5156e-11      390   27  390     2     3      0   758  3.2e-07        -
           当前进度:   8 % - 
Memory: 1106/1371 1118/1821
 165   6.866e-09  4.9607e-11      402   29  402     2     4      0   777  1.7e-07        -
 167  6.9553e-09  4.4646e-11      410   31  410     2     4      0   791  1.1e-07        -
 170  7.0223e-09  2.2347e-11      416   32  416     2     4      0   800  2.2e-08        -
 173  7.1564e-09  4.4694e-11      422   33  422     2     4      0   809  7.5e-07        -
 176   7.286e-09  4.0224e-11      432   34  432     2     4      0   828  5.1e-08        -
 181  7.4735e-09  2.6531e-11      442   36  442     2     4      0   843  6.9e-09        -
 183  7.5401e-09  4.0094e-11      448   38  448     2     5      0   852  6.9e-08        -
 185  7.6123e-09  3.6085e-11      456   40  456     2     5      0   866  4.2e-08        -
 191  7.8288e-09  3.6085e-11      468   40  468     2     5      0   884  7.4e-07        -
 195  7.9685e-09  3.1488e-11      480   41  480     2     5      0   905  1.4e-08        -
 200   8.126e-09  3.1488e-11      490   42  490     2     5      0   920  2.1e-07        -
 206  8.3149e-09  3.1488e-11      502   42  502     2     5      0   938  4.3e-07        -
 211  8.4704e-09  2.9583e-11      513   42  513     2     5      0   956  2.3e-11        -
 215  8.5887e-09  2.9583e-11      525   42  525     2     5      0   980  2.3e-10        -
 219  8.7071e-09  2.9583e-11      537   42  537     2     5      0  1004  8.3e-10        -
 223  8.8254e-09  2.9583e-11      549   42  549     2     5      0  1028  1.4e-09        -
 227  9.1717e-09  1.7167e-10      555   44  555     2     5      0  1034        0        -
 234    1.25e-08       5e-10 out  562   46  562     2     5      0  1034        0        -
 243     1.7e-08       5e-10 out  571   46  571     2     5      0  1034        0        -
 253     2.2e-08       5e-10 out  581   46  581     2     5      0  1034        0        -
 263     2.7e-08       5e-10 out  591   46  591     2     5      0  1034        0        -
 266    2.85e-08       5e-10 out  594   46  594     2     5      0  1034        0        -
 276    3.35e-08       5e-10 out  604   46  604     2     5      0  1034        0        -
 286    3.85e-08       5e-10 out  614   46  614     2     5      0  1034        0        -
 295     4.3e-08       5e-10 out  623   46  623     2     5      0  1034        0        -
 305     4.8e-08       5e-10 out  633   46  633     2     5      0  1034        0        -
 314    5.25e-08       5e-10 out  642   46  642     2     5      0  1034        0        -
 318    5.45e-08       5e-10 out  646   46  646     2     5      0  1034        0        -
 326    5.85e-08       5e-10 out  654   46  654     2     5      0  1034        0        -
 333     6.2e-08       5e-10 out  661   46  661     2     5      0  1034        0        -
 339     6.5e-08       5e-10 out  667   46  667     2     5      0  1034        0        -
 347     6.9e-08       5e-10 out  675   46  675     2     5      0  1034        0        -
 355     7.3e-08       5e-10 out  683   46  683     2     5      0  1034        0        -
 360    7.55e-08       5e-10 out  688   46  688     2     5      0  1034        0        -
 369       8e-08       5e-10 out  697   46  697     2     5      0  1034        0        -
 379     8.5e-08       5e-10 out  707   46  707     2     5      0  1034        0        -
 388    8.95e-08       5e-10 out  716   46  716     2     5      0  1034        0        -
 398    9.45e-08       5e-10 out  726   46  726     2     5      0  1034        0        -
 407     9.9e-08       5e-10 out  735   46  735     2     5      0  1034        0        -
 416   1.035e-07       5e-10 out  744   46  744     2     5      0  1034        0        -
 426   1.085e-07       5e-10 out  754   46  754     2     5      0  1034        0        -
 435    1.13e-07       5e-10 out  763   46  763     2     5      0  1034        0        -
 445    1.18e-07       5e-10 out  773   46  773     2     5      0  1034        0        -
 454   1.225e-07       5e-10 out  782   46  782     2     5      0  1034        0        -
 463    1.27e-07       5e-10 out  791   46  791     2     5      0  1034        0        -
 472   1.315e-07       5e-10 out  800   46  800     2     5      0  1034        0        -
 481    1.36e-07       5e-10 out  809   46  809     2     5      0  1034        0        -
 490   1.405e-07       5e-10 out  818   46  818     2     5      0  1034        0        -
 500   1.455e-07       5e-10 out  828   46  828     2     5      0  1034        0        -
---        当前进度:  35 % - 
Memory: 1109/1371 1121/1821
 510   1.505e-07       5e-10 out  838   46  838     2     5      0  1034        0        -
 519    1.55e-07       5e-10 out  847   46  847     2     5      0  1034        0        -
 528   1.595e-07       5e-10 out  856   46  856     2     5      0  1034        0        -
 537    1.64e-07       5e-10 out  865   46  865     2     5      0  1034        0        -
 544   1.675e-07       5e-10 out  872   46  872     2     5      0  1034        0        -
 550   1.705e-07       5e-10 out  878   46  878     2     5      0  1034        0        -
 556   1.735e-07       5e-10 out  884   46  884     2     5      0  1034        0        -
 564   1.775e-07       5e-10 out  892   46  892     2     5      0  1034        0        -
 571    1.81e-07       5e-10 out  899   46  899     2     5      0  1034        0        -
 578   1.845e-07       5e-10 out  906   46  906     2     5      0  1034        0        -
 586   1.885e-07       5e-10 out  914   46  914     2     5      0  1034        0        -
 595    1.93e-07       5e-10 out  923   46  923     2     5      0  1034        0        -
 602   1.965e-07       5e-10 out  930   46  930     2     5      0  1034        0        -
 610   2.005e-07       5e-10 out  938   46  938     2     5      0  1034        0        -
 619    2.05e-07       5e-10 out  947   46  947     2     5      0  1034        0        -
 627    2.09e-07       5e-10 out  955   46  955     2     5      0  1034        0        -
 636   2.135e-07       5e-10 out  964   46  964     2     5      0  1034        0        -
 644   2.175e-07       5e-10 out  972   46  972     2     5      0  1034        0        -
 653    2.22e-07       5e-10 out  981   46  981     2     5      0  1034        0        -
 662   2.265e-07       5e-10 out  990   46  990     2     5      0  1034        0        -
 671    2.31e-07       5e-10 out  999   46  999     2     5      0  1034        0        -
 679    2.35e-07       5e-10 out 1007   46 1007     2     5      0  1034        0        -
 688   2.395e-07       5e-10 out 1016   46 1016     2     5      0  1034        0        -
 697    2.44e-07       5e-10 out 1025   46 1025     2     5      0  1034        0        -
 704   2.475e-07       5e-10 out 1032   46 1032     2     5      0  1034        0        -
 713    2.52e-07       5e-10 out 1041   46 1041     2     5      0  1034        0        -
 722   2.565e-07       5e-10 out 1050   46 1050     2     5      0  1034        0        -
 729     2.6e-07       5e-10 out 1057   46 1057     2     5      0  1034        0        -
 738   2.645e-07       5e-10 out 1066   46 1066     2     5      0  1034        0        -
 747    2.69e-07       5e-10 out 1075   46 1075     2     5      0  1034        0        -
 753    2.72e-07       5e-10 out 1081   46 1081     2     5      0  1034        0        -
 761    2.76e-07       5e-10 out 1089   46 1089     2     5      0  1034        0        -
 770   2.805e-07       5e-10 out 1098   46 1098     2     5      0  1034        0        -
 779    2.85e-07       5e-10 out 1107   46 1107     2     5      0  1034        0        -
 788   2.895e-07       5e-10 out 1116   46 1116     2     5      0  1034        0        -
 797    2.94e-07       5e-10 out 1125   46 1125     2     5      0  1034        0        -
 805    2.98e-07       5e-10 out 1133   46 1133     2     5      0  1034        0        -
 810   3.005e-07       5e-10 out 1138   46 1138     2     5      0  1034        0        -
 819    3.05e-07       5e-10 out 1147   46 1147     2     5      0  1034        0        -
 828   3.095e-07       5e-10 out 1156   46 1156     2     5      0  1034        0        -
 837    3.14e-07       5e-10 out 1165   46 1165     2     5      0  1034        0        -
 846   3.185e-07       5e-10 out 1174   46 1174     2     5      0  1034        0        -
 855    3.23e-07       5e-10 out 1183   46 1183     2     5      0  1034        0        -
 864   3.275e-07       5e-10 out 1192   46 1192     2     5      0  1034        0        -
 873    3.32e-07       5e-10 out 1201   46 1201     2     5      0  1034        0        -
 882   3.365e-07       5e-10 out 1210   46 1210     2     5      0  1034        0        -
 887    3.39e-07       5e-10 out 1215   46 1215     2     5      0  1034        0        -
 896   3.435e-07       5e-10 out 1224   46 1224     2     5      0  1034        0        -
 903    3.47e-07       5e-10 out 1231   46 1231     2     5      0  1034        0        -
 910   3.505e-07       5e-10 out 1238   46 1238     2     5      0  1034        0        -
 917    3.54e-07       5e-10 out 1245   46 1245     2     5      0  1034        0        -
 923    3.57e-07       5e-10 out 1251   46 1251     2     5      0  1034        0        -
-------    当前进度:  74 % - 
Memory: 1113/1371 1124/1821
 930   3.605e-07       5e-10 out 1258   46 1258     2     5      0  1034        0        -
 939    3.65e-07       5e-10 out 1267   46 1267     2     5      0  1034        0        -
 948   3.695e-07       5e-10 out 1276   46 1276     2     5      0  1034        0        -
 955    3.73e-07       5e-10 out 1283   46 1283     2     5      0  1034        0        -
 964   3.775e-07       5e-10 out 1292   46 1292     2     5      0  1034        0        -
 973    3.82e-07       5e-10 out 1301   46 1301     2     5      0  1034        0        -
 980   3.855e-07       5e-10 out 1308   46 1308     2     5      0  1034        0        -
 988   3.895e-07       5e-10 out 1316   46 1316     2     5      0  1034        0        -
 997    3.94e-07       5e-10 out 1325   46 1325     2     5      0  1034        0        -
1005    3.98e-07       5e-10 out 1333   46 1333     2     5      0  1034        0        -
1014   4.025e-07       5e-10 out 1342   46 1342     2     5      0  1034        0        -
1023    4.07e-07       5e-10 out 1351   46 1351     2     5      0  1034        0        -
1033    4.12e-07       5e-10 out 1361   46 1361     2     5      0  1034        0        -
1043    4.17e-07       5e-10 out 1371   46 1371     2     5      0  1034        0        -
1053    4.22e-07       5e-10 out 1381   46 1381     2     5      0  1034        0        -
1060   4.255e-07       5e-10 out 1388   46 1388     2     5      0  1034        0        -
1069     4.3e-07       5e-10 out 1397   46 1397     2     5      0  1034        0        -
1078   4.345e-07       5e-10 out 1406   46 1406     2     5      0  1034        0        -
1087    4.39e-07       5e-10 out 1415   46 1415     2     5      0  1034        0        -
1095    4.43e-07       5e-10 out 1423   46 1423     2     5      0  1034        0        -
1105    4.48e-07       5e-10 out 1433   46 1433     2     5      0  1034        0        -
1115    4.53e-07       5e-10 out 1443   46 1443     2     5      0  1034        0        -
1124   4.575e-07       5e-10 out 1452   46 1452     2     5      0  1034        0        -
1133    4.62e-07       5e-10 out 1461   46 1461     2     5      0  1034        0        -
1143    4.67e-07       5e-10 out 1471   46 1471     2     5      0  1034        0        -
1150   4.705e-07       5e-10 out 1478   46 1478     2     5      0  1034        0        -
1159    4.75e-07       5e-10 out 1487   46 1487     2     5      0  1034        0        -
1169     4.8e-07       5e-10 out 1497   46 1497     2     5      0  1034        0        -
1177    4.84e-07       5e-10 out 1505   46 1505     2     5      0  1034        0        -
1186   4.885e-07       5e-10 out 1514   46 1514     2     5      0  1034        0        -
1196   4.935e-07       5e-10 out 1524   46 1524     2     5      0  1034        0        -
1204   4.975e-07       5e-10 out 1532   46 1532     2     5      0  1034        0        -
1209       5e-07       5e-10 out 1537   46 1537     2     5      0  1034        0        -
---------- 当前进度: 100 % - 
Memory: 1111/1371 1122/1821
求解时间：1 s。
物理内存: 1.11 GB
虚拟内存: 1.13 GB
结束时间：2026年9月4日 10:20:32。
----- Study 2 - Single_Muon_Diagnostic/解 2 (sol2) 中的“瞬态求解器 1” ----------------->
           当前进度:   0 % - 
-          当前进度:  13 % - 正在计算
Memory: 1112/1371 1124/1821
--         当前进度:  23 % - 正在计算
---        当前进度:  34 % - 正在计算
----       当前进度:  43 % - 正在计算
Memory: 1113/1371 1124/1821
-----      当前进度:  53 % - 正在计算
------     当前进度:  64 % - 正在计算
-------    当前进度:  73 % - 正在计算
--------   当前进度:  82 % - 正在计算
---------  当前进度:  91 % - 正在计算
---------- 当前进度: 100 % - 正在计算
Memory: 1084/1371 1095/1821
           当前进度:   0 % - 
Memory: 1093/1371 1105/1821
---        当前进度:  34 % - 正在计算
Memory: 1098/1371 1110/1821
---------  当前进度:  95 % - 正在计算
Memory: 1102/1371 1113/1821
SHORT_GAP_CASE_COMPLETE=shortgap_15mm_f0p05_V12_5kV
SHORT_GAP_CASE_START=shortgap_15mm_f0p10_V12_1kV
           当前进度:   2 % - 生成方程
Memory: 1104/1371 1116/1821
           当前进度:   3 % - Study 1 - 3D Electrostatics stationary
Memory: 1107/1371 1118/1821
<---- Study 1 - 3D Electrostatics stationary/解 1 (sol1) 中的“编译方程: 稳态” -----------
开始于 2026年9月4日 10:20:36。
几何形函数: 二次拉格朗日单元
几何形函数: 二次拉格朗日单元
在 Intel64 Family 6 Model 186 Stepping 2, GenuineIntel 上运行。
在以下位置使用 1 个插槽： 陈红星 上（共 1 个内核）。
可用内存：15.90 GB。
           当前进度:   3 % - 生成方程
Memory: 1113/1371 1125/1821
           当前进度:   6 % - 编译方程: 稳态
Memory: 1133/1371 1144/1821
           当前进度:   7 % - 编译方程: 稳态
Memory: 1135/1371 1145/1821
时间：1。
物理内存: 1.13 GB
虚拟内存: 1.14 GB
Warning: 自由空间采用真空条件，这会导致某些材料属性被忽略。请考虑为忽略的材料添加合适的物理场特征。

  - 节点: 自由空间 1

  - 物理场: Electrostatics: four finite-thickness rounded ring electrodes (es)

  - Materials: Natural Neon gas, representative relative permittivity (mat_gas), Representative alumina ceramic; epsilon_r=9.4 assumption (mat_diel)

  - Quantities: 相对介电常数, 相对介电常数
结束时间：2026年9月4日 10:20:38。
----- Study 1 - 3D Electrostatics stationary/解 1 (sol1) 中的“编译方程: 稳态” ---------->
<---- Study 1 - 3D Electrostatics stationary/解 1 (sol1) 中的“因变量 1” --------------
开始于 2026年9月4日 10:20:38。
           当前进度:   7 % - 因变量 1
求解时间：0 s。
物理内存: 1.13 GB
虚拟内存: 1.15 GB
结束时间：2026年9月4日 10:20:38。
----- Study 1 - 3D Electrostatics stationary/解 1 (sol1) 中的“因变量 1” ------------->
<---- Study 1 - 3D Electrostatics stationary/解 1 (sol1) 中的“稳态求解器 1” ------------
开始于 2026年9月4日 10:20:39。
线性求解器 
求解的自由度数：101596。
--         当前进度:  24 % - 组装稀疏模式
Memory: 1167/1371 1178/1821
--         当前进度:  29 % - 组装矩阵
Memory: 1172/1371 1183/1821
---        当前进度:  37 % - 组装矩阵
Memory: 1170/1371 1182/1821
找到对称矩阵。
缩放因变量：
电势 (comp1.V): 1
已使用正交零空间函数。
---        当前进度:  38 % - 正在创建多重网格层
Memory: 1224/1371 1245/1821
---        当前进度:  38 % - 组装延展
Memory: 1199/1371 1219/1821
Iter      SolEst     Damping    Stepsize #Res #Jac #Sol LinIt   LinErr   LinRes
-------    当前进度:  74 % - 求解线性方程组
Memory: 1209/1371 1233/1821
   1        0.79   1.0000000        0.79    1    1    1     4  1.4e-05  2.7e-08
---------- 当前进度: 100 % - 
Memory: 1197/1371 1216/1821
求解时间：3 s。
物理内存: 1.22 GB
虚拟内存: 1.25 GB
结束时间：2026年9月4日 10:20:42。
----- Study 1 - 3D Electrostatics stationary/解 1 (sol1) 中的“稳态求解器 1” ----------->
           当前进度:   0 % - Study 2 - Single_Muon_Diagnostic
Memory: 1159/1371 1178/1821
           当前进度:   3 % - Study 2 - Single_Muon_Diagnostic
Memory: 1183/1371 1861/1861
<---- Study 2 - Single_Muon_Diagnostic/解 2 (sol2) 中的“编译方程: 瞬态” -----------------
开始于 2026年9月4日 10:20:43。
几何形函数: 二次拉格朗日单元
几何形函数: 二次拉格朗日单元
在 Intel64 Family 6 Model 186 Stepping 2, GenuineIntel 上运行。
在以下位置使用 1 个插槽： 陈红星 上（共 1 个内核）。
可用内存：15.90 GB。
           当前进度:   3 % - 生成方程
Memory: 1223/1371 1334/1866
           当前进度:   5 % - 编译方程: 瞬态
Memory: 1191/1371 1204/1866
时间：1。
物理内存: 1.22 GB
虚拟内存: 1.87 GB
Warning: 自由空间采用真空条件，这会导致某些材料属性被忽略。请考虑为忽略的材料添加合适的物理场特征。

  - 节点: 自由空间 1

  - 物理场: Electrostatics: four finite-thickness rounded ring electrodes (es)

  - Materials: Natural Neon gas, representative relative permittivity (mat_gas), Representative alumina ceramic; epsilon_r=9.4 assumption (mat_diel)

  - Quantities: 相对介电常数, 相对介电常数
结束时间：2026年9月4日 10:20:44。
----- Study 2 - Single_Muon_Diagnostic/解 2 (sol2) 中的“编译方程: 瞬态” ---------------->
<---- Study 2 - Single_Muon_Diagnostic/解 2 (sol2) 中的“因变量 1” --------------------
开始于 2026年9月4日 10:20:44。
不求解变量的值: 解 1 (sol1).
           当前进度:   5 % - 因变量 1
Memory: 1163/1371 1175/1866
求解时间：0 s。
物理内存: 1.19 GB
虚拟内存: 1.2 GB
结束时间：2026年9月4日 10:20:44。
----- Study 2 - Single_Muon_Diagnostic/解 2 (sol2) 中的“因变量 1” ------------------->
<---- Study 2 - Single_Muon_Diagnostic/解 2 (sol2) 中的“瞬态求解器 1” ------------------
开始于 2026年9月4日 10:20:45。
瞬态求解器（广义 α）
求解的自由度数：3（加上 4 个内部自由度）。
找到非对称矩阵。
缩放因变量：
颗粒位置 (comp1.qcpt): 1
Step        Time    Stepsize      Res  Jac  Sol Order Tfail NLfail LinIt   LinErr   LinRes
   0           0           - out    2    3    2                  0     0        0        0
   1    6.25e-11    6.25e-11       10    7   10     2     3      0    19  4.8e-08        -
   7   4.375e-10    6.25e-11       22    7   22     2     3      0    40  2.4e-10        -
  11  6.8125e-10   5.625e-11       34    8   34     2     3      0    63  1.1e-07        -
  12   7.375e-10   5.625e-11       36    9   36     2     3      0    66  1.3e-07        -
  16  9.5313e-10  4.6875e-11       48   10   48     2     3      0    88  6.2e-08        -
  22  1.2344e-09  4.6875e-11       60   11   60     2     3      0   108  1.1e-10        -
  27  1.4609e-09  3.9063e-11       74   12   74     2     3      0   135  2.4e-08        -
  32  1.6563e-09  3.9063e-11       84   13   84     2     3      0   150  3.9e-07        -
  39  1.9297e-09  3.9063e-11       98   13   98     2     3      0   171  9.7e-07        -
  42  2.0352e-09  3.5156e-11      108   15  108     2     3      0   188  7.2e-08        -
  49  2.2812e-09  3.5156e-11      122   15  122     2     3      0   209  4.9e-07        -
  55  2.4785e-09  2.1484e-11      134   16  134     2     3      0   227  1.1e-09        -
  61  2.7148e-09  4.2969e-11      146   17  146     2     3      0   245  5.8e-07        -
  67  2.9648e-09  3.5156e-11      162   18  162     2     3      0   273  9.7e-09        -
  73  3.1758e-09  3.5156e-11      174   19  174     2     3      0   291  1.8e-07        -
  80  3.4219e-09  3.5156e-11      188   19  188     2     3      0   312    4e-07        -
  85  3.5859e-09  4.2969e-11      198   21  198     2     3      0   327  9.1e-08        -
  92  3.8867e-09  4.2969e-11      212   21  212     2     3      0   348  5.8e-07        -
  95       4e-09  3.5156e-11 out  222   23  222     2     3      0   365  6.9e-09        -
 102  4.2461e-09  3.5156e-11      236   23  236     2     3      0   386    2e-07        -
 109  4.4785e-09  2.1484e-11      250   24  250     2     3      0   407  7.1e-10        -
 115  4.7148e-09  4.2969e-11      262   25  262     2     3      0   425  3.9e-07        -
 121  4.9648e-09  3.5156e-11      278   26  278     2     3      0   451  9.5e-09        -
 126  5.1406e-09  3.5156e-11      288   27  288     2     3      0   466  1.6e-07        -
           当前进度:   8 % - 正在组装残差
Memory: 1136/1371 1149/1866
 132  5.3516e-09  3.5156e-11      300   27  300     2     3      0   484    4e-07        -
 138   5.543e-09  4.2969e-11      312   29  312     2     3      0   502  2.6e-08        -
 144  5.8008e-09  4.2969e-11      324   29  324     2     3      0   520  6.5e-07        -
 148  5.9648e-09  3.5156e-11      336   30  336     2     3      0   540    1e-08        -
 153  6.1406e-09  3.5156e-11      346   31  346     2     3      0   555  1.8e-07        -
 160  6.3867e-09  3.5156e-11      360   31  360     2     3      0   576    5e-07        -
 165   6.543e-09   4.297e-11      370   33  370     2     3      0   591  3.9e-08        -
 170  6.7578e-09   4.297e-11      380   33  380     2     3      0   606  9.1e-07        -
 175  6.9648e-09  3.5151e-11      394   34  394     2     3      0   633  2.3e-08        -
 181  7.1758e-09  3.5151e-11      406   35  406     2     3      0   651  5.5e-07        -
 188  7.4218e-09  3.5151e-11      420   35  420     2     3      0   676  1.2e-10        -
 193  7.5861e-09  4.3042e-11      430   37  430     2     3      0   692  4.5e-07        -
 198   7.797e-09  3.8737e-11      444   38  444     2     3      0   718  4.9e-08        -
 203   7.976e-09  2.4032e-11      454   40  454     2     3      0   733  4.1e-09        -
 206  8.0913e-09  4.3257e-11      464   42  464     2     3      0   750  7.3e-08        -
 212  8.3509e-09  4.3257e-11      476   43  476     2     3      0   770  2.1e-10        -
 216     8.5e-09   3.131e-11 out  488   45  488     2     3      0   792  1.1e-08        -
 223  8.7192e-09   3.131e-11      502   45  502     2     3      0   813  2.7e-07        -
 229   8.907e-09   3.131e-11      514   45  514     2     3      0   831  4.4e-07        -
 235  9.1541e-09  6.1655e-11      526   46  526     2     3      0   853    9e-10        -
 240  9.4504e-09  4.9621e-11      540   47  540     2     3      0   880  9.4e-08        -
 245  9.6985e-09  4.9621e-11      550   48  550     2     3      0   897  5.4e-10        -
 251  9.9733e-09  2.6706e-11      562   49  562     2     3      0   920  3.4e-09        -
 257  1.0267e-08  5.3413e-11      574   50  574     2     3      0   940  8.7e-10        -
 260  1.0422e-08  4.8071e-11      584   51  584     2     3      0   959  4.6e-08        -
 266  1.0656e-08   3.902e-11      596   52  596     2     3      0   977  3.2e-07        -
 272   1.089e-08   3.902e-11      608   52  608     2     3      0   995  6.5e-07        -
 276  1.1035e-08  3.5388e-11      622   52  622     2     3      0  1022  1.2e-09        -
 280  1.1177e-08  3.5388e-11      638   52  638     2     3      0  1054  1.2e-09        -
 284  1.1318e-08  3.5388e-11      654   52  654     2     3      0  1086  1.2e-09        -
 288   1.146e-08  3.5388e-11      670   52  670     2     3      0  1118  1.2e-09        -
 293   1.162e-08   3.995e-11      680   54  680     2     3      0  1133  1.3e-07        -
 299   1.186e-08   3.995e-11      692   54  692     2     3      0  1151    5e-07        -
 303     1.2e-08  3.0275e-11 out  704   56  704     2     3      0  1171  4.1e-09        -
 309  1.2363e-08  6.0551e-11      716   57  716     2     3      0  1193  2.4e-09        -
 314  1.2576e-08  3.8072e-11      726   58  726     2     3      0  1209  1.9e-07        -
 321  1.2843e-08  3.8072e-11      740   58  740     2     3      0  1230  5.9e-07        -
 327  1.3043e-08  4.3136e-11      752   60  752     2     3      0  1248  2.8e-08        -
 334  1.3345e-08  4.3136e-11      766   60  766     2     3      0  1269  8.4e-07        -
 338    1.35e-08   3.432e-11 out  778   62  778     2     3      0  1290  9.9e-09        -
 343  1.3672e-08   3.432e-11      788   62  788     2     3      0  1305  2.2e-07        -
 345   1.374e-08   3.432e-11      792   62  792     2     3      0  1311  3.1e-07        -
 348  1.3843e-08   3.432e-11      798   62  798     2     3      0  1320  4.5e-07        -
 350  1.3912e-08   3.432e-11      802   62  802     2     3      0  1326  5.5e-07        -
 353     1.4e-08  2.6917e-11 out  812   64  812     2     3      0  1343  4.1e-09        -
 356  1.4162e-08  5.3835e-11      818   65  818     2     3      0  1353  6.5e-10        -
 362  1.4465e-08  3.4661e-11      830   66  830     2     3      0  1376  2.2e-08        -
           当前进度:   9 % - 正在组装残差
Memory: 1138/1371 1150/1866
 367  1.4639e-08  3.4661e-11      840   66  840     2     3      0  1391  4.8e-07        -
 372  1.4812e-08  3.4661e-11      850   66  850     2     3      0  1406  9.6e-07        -
 377  1.4975e-08  2.4706e-11      864   67  864     2     3      0  1433  4.4e-09        -
 382  1.5099e-08  2.4706e-11      874   68  874     2     3      0  1448  7.3e-08        -
 389  1.5272e-08  2.4706e-11      888   68  888     2     3      0  1469  1.8e-07        -
 396  1.5445e-08  2.4706e-11      902   68  902     2     3      0  1490  2.7e-07        -
 400  1.5555e-08  2.7648e-11      918   68  918     2     3      0  1522  3.1e-11        -
 404  1.5666e-08  2.7648e-11      934   68  934     2     3      0  1554  2.3e-11        -
 408  1.5826e-08  4.9766e-11      950   70  950     2     3      0  1584  1.3e-07        -
 411  1.5963e-08  3.7114e-11      960   72  960     2     3      0  1601  2.7e-08        -
 417  1.6186e-08  3.7114e-11      972   73  972     2     3      0  1619  4.7e-07        -
 423  1.6408e-08  3.7114e-11      984   73  984     2     3      0  1637  9.1e-07        -
 426    1.65e-08  2.7315e-11 out  994   75  994     2     3      0  1654  4.9e-09        -
 432  1.6828e-08   5.463e-11     1006   76 1006     2     3      0  1676  1.7e-09        -
 437  1.7063e-08  6.2961e-11     1016   78 1016     2     3      0  1693  3.2e-07        -
 442  1.7371e-08  5.6665e-11     1030   79 1030     2     3      0  1720  1.6e-07        -
 446  1.7536e-08  3.5931e-11     1038   81 1038     2     3      0  1732  1.3e-07        -
 450   1.768e-08  3.5931e-11     1046   81 1046     2     3      0  1744  3.6e-07        -
 456  1.7895e-08  3.5931e-11     1058   81 1058     2     3      0  1762  6.8e-07        -
 461  1.8069e-08  3.4412e-11     1072   81 1072     2     3      0  1789    3e-10        -
 465  1.8206e-08  3.4412e-11     1084   81 1084     2     3      0  1813  3.1e-10        -
 470  1.8379e-08  3.4412e-11     1095   81 1095     2     3      0  1835  4.4e-09        -
 475  1.8803e-08  1.9736e-10     1102   83 1102     2     3      0  1843        0        -
 485     2.3e-08       5e-10 out 1112   84 1112     2     3      0  1843        0        -
 495     2.8e-08       5e-10 out 1122   84 1122     2     3      0  1843        0        -
 506    3.35e-08       5e-10 out 1133   84 1133     2     3      0  1843        0        -
 518    3.95e-08       5e-10 out 1145   84 1145     2     3      0  1843        0        -
 528    4.45e-08       5e-10 out 1155   84 1155     2     3      0  1843        0        -
 540    5.05e-08       5e-10 out 1167   84 1167     2     3      0  1843        0        -
 552    5.65e-08       5e-10 out 1179   84 1179     2     3      0  1843        0        -
 563     6.2e-08       5e-10 out 1190   84 1190     2     3      0  1843        0        -
 574    6.75e-08       5e-10 out 1201   84 1201     2     3      0  1843        0        -
 586    7.35e-08       5e-10 out 1213   84 1213     2     3      0  1843        0        -
 598    7.95e-08       5e-10 out 1225   84 1225     2     3      0  1843        0        -
 608    8.45e-08       5e-10 out 1235   84 1235     2     3      0  1843        0        -
 620    9.05e-08       5e-10 out 1247   84 1247     2     3      0  1843        0        -
 633     9.7e-08       5e-10 out 1260   84 1260     2     3      0  1843        0        -
 644   1.025e-07       5e-10 out 1271   84 1271     2     3      0  1843        0        -
 656   1.085e-07       5e-10 out 1283   84 1283     2     3      0  1843        0        -
 668   1.145e-07       5e-10 out 1295   84 1295     2     3      0  1843        0        -
 678   1.195e-07       5e-10 out 1305   84 1305     2     3      0  1843        0        -
 689    1.25e-07       5e-10 out 1316   84 1316     2     3      0  1843        0        -
 701    1.31e-07       5e-10 out 1328   84 1328     2     3      0  1843        0        -
 710   1.355e-07       5e-10 out 1337   84 1337     2     3      0  1843        0        -
 717    1.39e-07       5e-10 out 1344   84 1344     2     3      0  1843        0        -
 726   1.435e-07       5e-10 out 1353   84 1353     2     3      0  1843        0        -
 735    1.48e-07       5e-10 out 1362   84 1362     2     3      0  1843        0        -
 745    1.53e-07       5e-10 out 1372   84 1372     2     3      0  1843        0        -
 758   1.595e-07       5e-10 out 1385   84 1385     2     3      0  1843        0        -
 768   1.645e-07       5e-10 out 1395   84 1395     2     3      0  1843        0        -
 780   1.705e-07       5e-10 out 1407   84 1407     2     3      0  1843        0        -
---        当前进度:  39 % - 
Memory: 1142/1371 1155/1866
 790   1.755e-07       5e-10 out 1417   84 1417     2     3      0  1843        0        -
 802   1.815e-07       5e-10 out 1429   84 1429     2     3      0  1843        0        -
 812   1.865e-07       5e-10 out 1439   84 1439     2     3      0  1843        0        -
 824   1.925e-07       5e-10 out 1451   84 1451     2     3      0  1843        0        -
 836   1.985e-07       5e-10 out 1463   84 1463     2     3      0  1843        0        -
 848   2.045e-07       5e-10 out 1475   84 1475     2     3      0  1843        0        -
 860   2.105e-07       5e-10 out 1487   84 1487     2     3      0  1843        0        -
 872   2.165e-07       5e-10 out 1499   84 1499     2     3      0  1843        0        -
 882   2.215e-07       5e-10 out 1509   84 1509     2     3      0  1843        0        -
 894   2.275e-07       5e-10 out 1521   84 1521     2     3      0  1843        0        -
 906   2.335e-07       5e-10 out 1533   84 1533     2     3      0  1843        0        -
 918   2.395e-07       5e-10 out 1545   84 1545     2     3      0  1843        0        -
 930   2.455e-07       5e-10 out 1557   84 1557     2     3      0  1843        0        -
 942   2.515e-07       5e-10 out 1569   84 1569     2     3      0  1843        0        -
 954   2.575e-07       5e-10 out 1581   84 1581     2     3      0  1843        0        -
 966   2.635e-07       5e-10 out 1593   84 1593     2     3      0  1843        0        -
 978   2.695e-07       5e-10 out 1605   84 1605     2     3      0  1843        0        -
 990   2.755e-07       5e-10 out 1617   84 1617     2     3      0  1843        0        -
1002   2.815e-07       5e-10 out 1629   84 1629     2     3      0  1843        0        -
1014   2.875e-07       5e-10 out 1641   84 1641     2     3      0  1843        0        -
1026   2.935e-07       5e-10 out 1653   84 1653     2     3      0  1843        0        -
1038   2.995e-07       5e-10 out 1665   84 1665     2     3      0  1843        0        -
1050   3.055e-07       5e-10 out 1677   84 1677     2     3      0  1843        0        -
1062   3.115e-07       5e-10 out 1689   84 1689     2     3      0  1843        0        -
1074   3.175e-07       5e-10 out 1701   84 1701     2     3      0  1843        0        -
1086   3.235e-07       5e-10 out 1713   84 1713     2     3      0  1843        0        -
1099     3.3e-07       5e-10 out 1726   84 1726     2     3      0  1843        0        -
1111    3.36e-07       5e-10 out 1738   84 1738     2     3      0  1843        0        -
1121    3.41e-07       5e-10 out 1748   84 1748     2     3      0  1843        0        -
1133    3.47e-07       5e-10 out 1760   84 1760     2     3      0  1843        0        -
1145    3.53e-07       5e-10 out 1772   84 1772     2     3      0  1843        0        -
1155    3.58e-07       5e-10 out 1782   84 1782     2     3      0  1843        0        -
1167    3.64e-07       5e-10 out 1794   84 1794     2     3      0  1843        0        -
1179     3.7e-07       5e-10 out 1806   84 1806     2     3      0  1843        0        -
1191    3.76e-07       5e-10 out 1818   84 1818     2     3      0  1843        0        -
1203    3.82e-07       5e-10 out 1830   84 1830     2     3      0  1843        0        -
1215    3.88e-07       5e-10 out 1842   84 1842     2     3      0  1843        0        -
1226   3.935e-07       5e-10 out 1853   84 1853     2     3      0  1843        0        -
1237    3.99e-07       5e-10 out 1864   84 1864     2     3      0  1843        0        -
1249    4.05e-07       5e-10 out 1876   84 1876     2     3      0  1843        0        -
1261    4.11e-07       5e-10 out 1888   84 1888     2     3      0  1843        0        -
1273    4.17e-07       5e-10 out 1900   84 1900     2     3      0  1843        0        -
1285    4.23e-07       5e-10 out 1912   84 1912     2     3      0  1843        0        -
1295    4.28e-07       5e-10 out 1922   84 1922     2     3      0  1843        0        -
1307    4.34e-07       5e-10 out 1934   84 1934     2     3      0  1843        0        -
1319     4.4e-07       5e-10 out 1946   84 1946     2     3      0  1843        0        -
1329    4.45e-07       5e-10 out 1956   84 1956     2     3      0  1843        0        -
1341    4.51e-07       5e-10 out 1968   84 1968     2     3      0  1843        0        -
1354   4.575e-07       5e-10 out 1981   84 1981     2     3      0  1843        0        -
1364   4.625e-07       5e-10 out 1991   84 1991     2     3      0  1843        0        -
1376   4.685e-07       5e-10 out 2003   84 2003     2     3      0  1843        0        -
---------  当前进度:  95 % - 正在组装残差
Memory: 1144/1371 1157/1866
1387    4.74e-07       5e-10 out 2014   84 2014     2     3      0  1843        0        -
1398   4.795e-07       5e-10 out 2025   84 2025     2     3      0  1843        0        -
1410   4.855e-07       5e-10 out 2037   84 2037     2     3      0  1843        0        -
1422   4.915e-07       5e-10 out 2049   84 2049     2     3      0  1843        0        -
1433    4.97e-07       5e-10 out 2060   84 2060     2     3      0  1843        0        -
1439       5e-07       5e-10 out 2066   84 2066     2     3      0  1843        0        -
---------- 当前进度: 100 % - 
求解时间：1 s。
物理内存: 1.14 GB
虚拟内存: 1.16 GB
结束时间：2026年9月4日 10:20:46。
----- Study 2 - Single_Muon_Diagnostic/解 2 (sol2) 中的“瞬态求解器 1” ----------------->
           当前进度:   0 % - 
-          当前进度:  15 % - 正在计算
Memory: 1145/1371 1157/1866
--         当前进度:  25 % - 正在计算
---        当前进度:  35 % - 正在计算
----       当前进度:  46 % - 正在计算
Memory: 1148/1371 1160/1866
-----      当前进度:  56 % - 正在计算
Memory: 1147/1371 1158/1866
------     当前进度:  67 % - 正在计算
Memory: 1147/1371 1159/1866
-------    当前进度:  78 % - 正在计算
--------   当前进度:  89 % - 正在计算
---------- 当前进度: 100 % - 正在计算
           当前进度:   0 % - 
---        当前进度:  34 % - 正在计算
---------  当前进度:  95 % - 正在计算
SHORT_GAP_CASE_COMPLETE=shortgap_15mm_f0p10_V12_1kV
SHORT_GAP_CASE_START=shortgap_15mm_f0p10_V12_3kV
           当前进度:   2 % - 生成方程
Memory: 1148/1371 1160/1866
           当前进度:   3 % - Study 1 - 3D Electrostatics stationary
Memory: 1150/1371 1162/1866
<---- Study 1 - 3D Electrostatics stationary/解 1 (sol1) 中的“编译方程: 稳态” -----------
开始于 2026年9月4日 10:20:50。
几何形函数: 二次拉格朗日单元
几何形函数: 二次拉格朗日单元
在 Intel64 Family 6 Model 186 Stepping 2, GenuineIntel 上运行。
在以下位置使用 1 个插槽： 陈红星 上（共 1 个内核）。
可用内存：15.90 GB。
           当前进度:   3 % - 编译方程: 稳态
Memory: 1148/1371 1161/1866
           当前进度:   6 % - 编译方程: 稳态
Memory: 1168/1371 1179/1866
           当前进度:   7 % - 编译方程: 稳态
Memory: 1171/1371 1181/1866
时间：1。
物理内存: 1.17 GB
虚拟内存: 1.18 GB
Warning: 自由空间采用真空条件，这会导致某些材料属性被忽略。请考虑为忽略的材料添加合适的物理场特征。

  - 节点: 自由空间 1

  - 物理场: Electrostatics: four finite-thickness rounded ring electrodes (es)

  - Materials: Natural Neon gas, representative relative permittivity (mat_gas), Representative alumina ceramic; epsilon_r=9.4 assumption (mat_diel)

  - Quantities: 相对介电常数, 相对介电常数
结束时间：2026年9月4日 10:20:51。
----- Study 1 - 3D Electrostatics stationary/解 1 (sol1) 中的“编译方程: 稳态” ---------->
<---- Study 1 - 3D Electrostatics stationary/解 1 (sol1) 中的“因变量 1” --------------
开始于 2026年9月4日 10:20:51。
           当前进度:   7 % - 因变量 1
Memory: 1167/1371 1177/1866
求解时间：0 s。
物理内存: 1.17 GB
虚拟内存: 1.18 GB
结束时间：2026年9月4日 10:20:51。
----- Study 1 - 3D Electrostatics stationary/解 1 (sol1) 中的“因变量 1” ------------->
<---- Study 1 - 3D Electrostatics stationary/解 1 (sol1) 中的“稳态求解器 1” ------------
开始于 2026年9月4日 10:20:52。
线性求解器 
求解的自由度数：101596。
--         当前进度:  24 % - 组装稀疏模式
Memory: 1183/1371 1194/1866
---        当前进度:  37 % - 组装矩阵
Memory: 1199/1371 1211/1866
找到对称矩阵。
缩放因变量：
电势 (comp1.V): 1
已使用正交零空间函数。
---        当前进度:  38 % - 组装延展
Memory: 1223/1371 1243/1866
Iter      SolEst     Damping    Stepsize #Res #Jac #Sol LinIt   LinErr   LinRes
-------    当前进度:  74 % - 求解线性方程组
Memory: 1215/1371 1235/1866
   1        0.79   1.0000000        0.79    1    1    1     4  1.4e-05  2.7e-08
---------- 当前进度: 100 % - 
Memory: 1205/1371 1223/1866
求解时间：3 s。
物理内存: 1.22 GB
虚拟内存: 1.24 GB
结束时间：2026年9月4日 10:20:55。
----- Study 1 - 3D Electrostatics stationary/解 1 (sol1) 中的“稳态求解器 1” ----------->
           当前进度:   0 % - Study 2 - Single_Muon_Diagnostic
Memory: 1151/1371 1171/1866
           当前进度:   3 % - Study 2 - Single_Muon_Diagnostic
Memory: 1158/1371 1178/1866
<---- Study 2 - Single_Muon_Diagnostic/解 2 (sol2) 中的“编译方程: 瞬态” -----------------
开始于 2026年9月4日 10:20:55。
几何形函数: 二次拉格朗日单元
几何形函数: 二次拉格朗日单元
在 Intel64 Family 6 Model 186 Stepping 2, GenuineIntel 上运行。
在以下位置使用 1 个插槽： 陈红星 上（共 1 个内核）。
可用内存：15.90 GB。
           当前进度:   3 % - 生成方程
Memory: 1164/1371 1184/1866
           当前进度:   5 % - 编译方程: 瞬态
Memory: 1196/1371 1211/1866
时间：1。
物理内存: 1.2 GB
虚拟内存: 1.21 GB
Warning: 自由空间采用真空条件，这会导致某些材料属性被忽略。请考虑为忽略的材料添加合适的物理场特征。

  - 节点: 自由空间 1

  - 物理场: Electrostatics: four finite-thickness rounded ring electrodes (es)

  - Materials: Natural Neon gas, representative relative permittivity (mat_gas), Representative alumina ceramic; epsilon_r=9.4 assumption (mat_diel)

  - Quantities: 相对介电常数, 相对介电常数
结束时间：2026年9月4日 10:20:57。
----- Study 2 - Single_Muon_Diagnostic/解 2 (sol2) 中的“编译方程: 瞬态” ---------------->
<---- Study 2 - Single_Muon_Diagnostic/解 2 (sol2) 中的“因变量 1” --------------------
开始于 2026年9月4日 10:20:57。
不求解变量的值: 解 1 (sol1).
           当前进度:   5 % - 因变量 1
Memory: 1179/1371 1194/1866
求解时间：0 s。
物理内存: 1.2 GB
虚拟内存: 1.21 GB
结束时间：2026年9月4日 10:20:57。
----- Study 2 - Single_Muon_Diagnostic/解 2 (sol2) 中的“因变量 1” ------------------->
<---- Study 2 - Single_Muon_Diagnostic/解 2 (sol2) 中的“瞬态求解器 1” ------------------
开始于 2026年9月4日 10:20:58。
瞬态求解器（广义 α）
求解的自由度数：3（加上 4 个内部自由度）。
找到非对称矩阵。
缩放因变量：
颗粒位置 (comp1.qcpt): 1
Step        Time    Stepsize      Res  Jac  Sol Order Tfail NLfail LinIt   LinErr   LinRes
   0           0           - out    2    3    2                  0     0        0        0
   1    6.25e-11    6.25e-11       10    7   10     2     3      0    19  4.9e-08        -
   7   4.375e-10    6.25e-11       22    7   22     2     3      0    42  4.1e-11        -
  11  6.8125e-10   5.625e-11       34    8   34     2     3      0    70  1.1e-07        -
  15  9.0625e-10   5.625e-11       42    9   42     2     3      0    88  1.1e-11        -
  16  9.5313e-10  4.6875e-11       48   10   48     2     3      0   100  6.2e-08        -
  18  1.0469e-09  4.6875e-11       52   11   52     2     3      0   106  3.2e-07        -
  22  1.2344e-09  4.6875e-11       60   11   60     2     3      0   120  3.4e-10        -
  26  1.4219e-09  4.6875e-11       68   11   68     2     3      0   136  3.8e-10        -
  27  1.4609e-09  3.9063e-11       74   12   74     2     3      0   148  2.5e-08        -
  33  1.6953e-09  3.9063e-11       86   13   86     2     3      0   166  4.8e-07        -
  38  1.8906e-09  3.9063e-11       96   13   96     2     3      0   181  8.9e-07        -
  40  1.9648e-09  3.5156e-11      104   14  104     2     3      0   195  1.5e-08        -
  46  2.1758e-09  3.5156e-11      116   15  116     2     3      0   213  3.1e-07        -
  52  2.3867e-09  3.5156e-11      128   15  128     2     3      0   231  6.8e-07        -
  57   2.543e-09  4.2969e-11      138   17  138     2     3      0   246    4e-08        -
  64  2.8438e-09  4.2969e-11      152   17  152     2     3      0   267  9.9e-07        -
  67  2.9648e-09  3.5156e-11      162   18  162     2     3      0   286  9.6e-09        -
  73  3.1758e-09  3.5156e-11      174   19  174     2     3      0   304  1.8e-07        -
  80  3.4219e-09  3.5156e-11      188   19  188     2     3      0   325    4e-07        -
  83     3.5e-09  2.1484e-11 out  194   20  194     2     3      0   334  2.9e-09        -
  89  3.7578e-09  4.2969e-11      206   21  206     2     3      0   352  3.7e-07        -
  94  3.9648e-09  3.5156e-11      220   22  220     2     3      0   375  6.9e-09        -
 100  4.1758e-09  3.5156e-11      232   23  232     2     3      0   393  1.5e-07        -
 107  4.4219e-09  3.5156e-11      246   23  246     2     3      0   414  3.5e-07        -
 111   4.543e-09  4.2969e-11      254   25  254     2     3      0   426  2.4e-08        -
 118  4.8438e-09  4.2969e-11      268   25  268     2     3      0   447  6.8e-07        -
           当前进度:   8 % - 正在组装残差
Memory: 1174/1371 1188/1866
 121  4.9648e-09  3.5156e-11      278   26  278     2     3      0   464  9.2e-09        -
 126  5.1406e-09  3.5156e-11      288   27  288     2     3      0   479  1.6e-07        -
 132  5.3516e-09  3.5156e-11      300   27  300     2     3      0   497  3.9e-07        -
 138   5.543e-09  4.2969e-11      312   29  312     2     3      0   515  2.5e-08        -
 143  5.7578e-09  4.2969e-11      322   29  322     2     3      0   530  5.5e-07        -
 148  5.9648e-09  3.5156e-11      336   30  336     2     3      0   553  9.4e-09        -
 154  6.1758e-09  3.5156e-11      348   31  348     2     3      0   571  2.2e-07        -
 158  6.3164e-09  3.5156e-11      356   31  356     2     3      0   583    4e-07        -
 162   6.457e-09  3.5156e-11      364   31  364     2     3      0   595  5.9e-07        -
 165   6.543e-09   4.297e-11      370   33  370     2     3      0   604  4.3e-08        -
 169  6.7148e-09   4.297e-11      378   33  378     2     3      0   616  6.9e-07        -
 175  6.9648e-09  3.5151e-11      394   34  394     2     3      0   646  2.4e-08        -
 180  7.1406e-09  3.5151e-11      404   35  404     2     3      0   661  4.2e-07        -
 187  7.3867e-09  3.5151e-11      418   35  418     2     3      0   684    3e-10        -
 193  7.5646e-09  4.3042e-11      430   37  430     2     3      0   704  7.8e-08        -
 196  7.6808e-09  3.8737e-11      440   39  440     2     3      0   721  2.4e-07        -
 203  7.9519e-09  3.8737e-11      454   39  454     2     3      0   745  4.2e-10        -
 209  8.0961e-09  2.4032e-11      466   40  466     2     3      0   763  7.5e-08        -
 216  8.2644e-09  2.4032e-11      480   40  480     2     3      0   784  1.5e-07        -
 221  8.4663e-09  3.3714e-11      494   42  494     2     3      0   807    2e-08        -
 227  8.6686e-09  3.3714e-11      506   43  506     2     3      0   825  2.8e-07        -
 234  8.9046e-09  3.3714e-11      520   43  520     2     3      0   846  5.6e-07        -
 237   9.054e-09   5.402e-11      530   45  530     2     3      0   866  1.6e-07        -
 243  9.3781e-09   5.402e-11      542   46  542     2     3      0   894  2.1e-09        -
 248  9.6018e-09  6.7843e-11      552   48  552     2     3      0   912  4.1e-07        -
 250  9.7215e-09  5.9843e-11      560   50  560     2     3      0   929  2.1e-07        -
 253   9.883e-09  5.3859e-11      570   52  570     2     3      0   950    6e-07        -
 259  1.0095e-08  3.1557e-11      582   53  582     2     3      0   970  1.2e-07        -
 266  1.0316e-08  3.1557e-11      596   53  596     2     3      0   991  3.2e-07        -
 272    1.05e-08  2.9103e-11 out  612   53  612     2     3      0  1019  8.1e-10        -
 278   1.125e-08     2.5e-10      621   56  621     2     3      0  1027        0        -
 284     1.4e-08       5e-10 out  627   57  627     2     3      0  1027        0        -
 296       2e-08       5e-10 out  639   57  639     2     3      0  1027        0        -
 306     2.5e-08       5e-10 out  649   57  649     2     3      0  1027        0        -
 315    2.95e-08       5e-10 out  658   57  658     2     3      0  1027        0        -
 326     3.5e-08       5e-10 out  669   57  669     2     3      0  1027        0        -
 337    4.05e-08       5e-10 out  680   57  680     2     3      0  1027        0        -
 348     4.6e-08       5e-10 out  691   57  691     2     3      0  1027        0        -
 360     5.2e-08       5e-10 out  703   57  703     2     3      0  1027        0        -
 372     5.8e-08       5e-10 out  715   57  715     2     3      0  1027        0        -
 380     6.2e-08       5e-10 out  723   57  723     2     3      0  1027        0        -
 391    6.75e-08       5e-10 out  734   57  734     2     3      0  1027        0        -
 402     7.3e-08       5e-10 out  745   57  745     2     3      0  1027        0        -
 409    7.65e-08       5e-10 out  752   57  752     2     3      0  1027        0        -
 421    8.25e-08       5e-10 out  764   57  764     2     3      0  1027        0        -
 433    8.85e-08       5e-10 out  776   57  776     2     3      0  1027        0        -
 442     9.3e-08       5e-10 out  785   57  785     2     3      0  1027        0        -
 453    9.85e-08       5e-10 out  796   57  796     2     3      0  1027        0        -
 465   1.045e-07       5e-10 out  808   57  808     2     3      0  1027        0        -
--         当前进度:  27 % - 正在组装残差
 473   1.085e-07       5e-10 out  816   57  816     2     3      0  1027        0        -
 482    1.13e-07       5e-10 out  825   57  825     2     3      0  1027        0        -
 491   1.175e-07       5e-10 out  834   57  834     2     3      0  1027        0        -
 494    1.19e-07       5e-10 out  837   57  837     2     3      0  1027        0        -
 497   1.205e-07       5e-10 out  840   57  840     2     3      0  1027        0        -
 501   1.225e-07       5e-10 out  844   57  844     2     3      0  1027        0        -
 504    1.24e-07       5e-10 out  847   57  847     2     3      0  1027        0        -
 508    1.26e-07       5e-10 out  851   57  851     2     3      0  1027        0        -
 515   1.295e-07       5e-10 out  858   57  858     2     3      0  1027        0        -
 521   1.325e-07       5e-10 out  864   57  864     2     3      0  1027        0        -
 528    1.36e-07       5e-10 out  871   57  871     2     3      0  1027        0        -
 538    1.41e-07       5e-10 out  881   57  881     2     3      0  1027        0        -
 545   1.445e-07       5e-10 out  888   57  888     2     3      0  1027        0        -
 556     1.5e-07       5e-10 out  899   57  899     2     3      0  1027        0        -
 568    1.56e-07       5e-10 out  911   57  911     2     3      0  1027        0        -
 579   1.615e-07       5e-10 out  922   57  922     2     3      0  1027        0        -
 588    1.66e-07       5e-10 out  931   57  931     2     3      0  1027        0        -
 600    1.72e-07       5e-10 out  943   57  943     2     3      0  1027        0        -
 611   1.775e-07       5e-10 out  954   57  954     2     3      0  1027        0        -
 622    1.83e-07       5e-10 out  965   57  965     2     3      0  1027        0        -
 633   1.885e-07       5e-10 out  976   57  976     2     3      0  1027        0        -
 644    1.94e-07       5e-10 out  987   57  987     2     3      0  1027        0        -
 656       2e-07       5e-10 out  999   57  999     2     3      0  1027        0        -
 667   2.055e-07       5e-10 out 1010   57 1010     2     3      0  1027        0        -
 679   2.115e-07       5e-10 out 1022   57 1022     2     3      0  1027        0        -
 689   2.165e-07       5e-10 out 1032   57 1032     2     3      0  1027        0        -
 701   2.225e-07       5e-10 out 1044   57 1044     2     3      0  1027        0        -
 712    2.28e-07       5e-10 out 1055   57 1055     2     3      0  1027        0        -
 724    2.34e-07       5e-10 out 1067   57 1067     2     3      0  1027        0        -
 736     2.4e-07       5e-10 out 1079   57 1079     2     3      0  1027        0        -
 748    2.46e-07       5e-10 out 1091   57 1091     2     3      0  1027        0        -
 760    2.52e-07       5e-10 out 1103   57 1103     2     3      0  1027        0        -
 771   2.575e-07       5e-10 out 1114   57 1114     2     3      0  1027        0        -
 782    2.63e-07       5e-10 out 1125   57 1125     2     3      0  1027        0        -
 793   2.685e-07       5e-10 out 1136   57 1136     2     3      0  1027        0        -
 803   2.735e-07       5e-10 out 1146   57 1146     2     3      0  1027        0        -
 813   2.785e-07       5e-10 out 1156   57 1156     2     3      0  1027        0        -
 825   2.845e-07       5e-10 out 1168   57 1168     2     3      0  1027        0        -
 835   2.895e-07       5e-10 out 1178   57 1178     2     3      0  1027        0        -
 846    2.95e-07       5e-10 out 1189   57 1189     2     3      0  1027        0        -
 857   3.005e-07       5e-10 out 1200   57 1200     2     3      0  1027        0        -
 865   3.045e-07       5e-10 out 1208   57 1208     2     3      0  1027        0        -
 875   3.095e-07       5e-10 out 1218   57 1218     2     3      0  1027        0        -
 887   3.155e-07       5e-10 out 1230   57 1230     2     3      0  1027        0        -
 896     3.2e-07       5e-10 out 1239   57 1239     2     3      0  1027        0        -
 905   3.245e-07       5e-10 out 1248   57 1248     2     3      0  1027        0        -
 916     3.3e-07       5e-10 out 1259   57 1259     2     3      0  1027        0        -
 923   3.335e-07       5e-10 out 1266   57 1266     2     3      0  1027        0        -
 930    3.37e-07       5e-10 out 1273   57 1273     2     3      0  1027        0        -
 941   3.425e-07       5e-10 out 1284   57 1284     2     3      0  1027        0        -
 949   3.465e-07       5e-10 out 1292   57 1292     2     3      0  1027        0        -
 957   3.505e-07       5e-10 out 1300   57 1300     2     3      0  1027        0        -
 963   3.535e-07       5e-10 out 1306   57 1306     2     3      0  1027        0        -
 967   3.555e-07       5e-10 out 1310   57 1310     2     3      0  1027        0        -
-------    当前进度:  73 % - 正在组装残差
 970    3.57e-07       5e-10 out 1313   57 1313     2     3      0  1027        0        -
 978    3.61e-07       5e-10 out 1321   57 1321     2     3      0  1027        0        -
 984    3.64e-07       5e-10 out 1327   57 1327     2     3      0  1027        0        -
 994    3.69e-07       5e-10 out 1337   57 1337     2     3      0  1027        0        -
1005   3.745e-07       5e-10 out 1348   57 1348     2     3      0  1027        0        -
1014    3.79e-07       5e-10 out 1357   57 1357     2     3      0  1027        0        -
1024    3.84e-07       5e-10 out 1367   57 1367     2     3      0  1027        0        -
1034    3.89e-07       5e-10 out 1377   57 1377     2     3      0  1027        0        -
1044    3.94e-07       5e-10 out 1387   57 1387     2     3      0  1027        0        -
1054    3.99e-07       5e-10 out 1397   57 1397     2     3      0  1027        0        -
1064    4.04e-07       5e-10 out 1407   57 1407     2     3      0  1027        0        -
1072    4.08e-07       5e-10 out 1415   57 1415     2     3      0  1027        0        -
1079   4.115e-07       5e-10 out 1422   57 1422     2     3      0  1027        0        -
1089   4.165e-07       5e-10 out 1432   57 1432     2     3      0  1027        0        -
1098    4.21e-07       5e-10 out 1441   57 1441     2     3      0  1027        0        -
1107   4.255e-07       5e-10 out 1450   57 1450     2     3      0  1027        0        -
1117   4.305e-07       5e-10 out 1460   57 1460     2     3      0  1027        0        -
1127   4.355e-07       5e-10 out 1470   57 1470     2     3      0  1027        0        -
1136     4.4e-07       5e-10 out 1479   57 1479     2     3      0  1027        0        -
1146    4.45e-07       5e-10 out 1489   57 1489     2     3      0  1027        0        -
1155   4.495e-07       5e-10 out 1498   57 1498     2     3      0  1027        0        -
1161   4.525e-07       5e-10 out 1504   57 1504     2     3      0  1027        0        -
1171   4.575e-07       5e-10 out 1514   57 1514     2     3      0  1027        0        -
1180    4.62e-07       5e-10 out 1523   57 1523     2     3      0  1027        0        -
1188    4.66e-07       5e-10 out 1531   57 1531     2     3      0  1027        0        -
1198    4.71e-07       5e-10 out 1541   57 1541     2     3      0  1027        0        -
1207   4.755e-07       5e-10 out 1550   57 1550     2     3      0  1027        0        -
1212    4.78e-07       5e-10 out 1555   57 1555     2     3      0  1027        0        -
1221   4.825e-07       5e-10 out 1564   57 1564     2     3      0  1027        0        -
1228    4.86e-07       5e-10 out 1571   57 1571     2     3      0  1027        0        -
1233   4.885e-07       5e-10 out 1576   57 1576     2     3      0  1027        0        -
1241   4.925e-07       5e-10 out 1584   57 1584     2     3      0  1027        0        -
1248    4.96e-07       5e-10 out 1591   57 1591     2     3      0  1027        0        -
1256       5e-07       5e-10 out 1599   57 1599     2     3      0  1027        0        -
---------- 当前进度: 100 % - 
求解时间：1 s。
物理内存: 1.17 GB
虚拟内存: 1.19 GB
结束时间：2026年9月4日 10:20:59。
----- Study 2 - Single_Muon_Diagnostic/解 2 (sol2) 中的“瞬态求解器 1” ----------------->
           当前进度:   0 % - 
-          当前进度:  12 % - 正在计算
--         当前进度:  20 % - 正在计算
--         当前进度:  28 % - 正在计算
---        当前进度:  37 % - 正在计算
Memory: 1147/1371 1162/1866
----       当前进度:  43 % - 正在计算
Memory: 1155/1371 1170/1866
-----      当前进度:  52 % - 正在计算
Memory: 1156/1371 1171/1866
------     当前进度:  60 % - 正在计算
-------    当前进度:  70 % - 正在计算
--------   当前进度:  80 % - 正在计算
---------  当前进度:  90 % - 正在计算
---------  当前进度:  99 % - 正在计算
---------- 当前进度: 100 % - 正在计算
           当前进度:   0 % - 
Memory: 1157/1371 1172/1866
---        当前进度:  34 % - 正在计算
Memory: 1152/1371 1161/1866
---------  当前进度:  95 % - 正在计算
SHORT_GAP_CASE_COMPLETE=shortgap_15mm_f0p10_V12_3kV
SHORT_GAP_CASE_START=shortgap_15mm_f0p10_V12_5kV
           当前进度:   0 % - Study 1 - 3D Electrostatics stationary
Memory: 1164/1371 1173/1866
           当前进度:   3 % - Study 1 - 3D Electrostatics stationary
Memory: 1162/1371 1171/1866
<---- Study 1 - 3D Electrostatics stationary/解 1 (sol1) 中的“编译方程: 稳态” -----------
开始于 2026年9月4日 10:21:03。
几何形函数: 二次拉格朗日单元
几何形函数: 二次拉格朗日单元
在 Intel64 Family 6 Model 186 Stepping 2, GenuineIntel 上运行。
在以下位置使用 1 个插槽： 陈红星 上（共 1 个内核）。
可用内存：15.90 GB。
           当前进度:   3 % - 生成方程
           当前进度:   6 % - 编译方程: 稳态
Memory: 1186/1371 1197/1866
           当前进度:   7 % - 编译方程: 稳态
Memory: 1185/1371 1196/1866
时间：1。
物理内存: 1.18 GB
虚拟内存: 1.2 GB
Warning: 自由空间采用真空条件，这会导致某些材料属性被忽略。请考虑为忽略的材料添加合适的物理场特征。

  - 节点: 自由空间 1

  - 物理场: Electrostatics: four finite-thickness rounded ring electrodes (es)

  - Materials: Natural Neon gas, representative relative permittivity (mat_gas), Representative alumina ceramic; epsilon_r=9.4 assumption (mat_diel)

  - Quantities: 相对介电常数, 相对介电常数
结束时间：2026年9月4日 10:21:04。
----- Study 1 - 3D Electrostatics stationary/解 1 (sol1) 中的“编译方程: 稳态” ---------->
<---- Study 1 - 3D Electrostatics stationary/解 1 (sol1) 中的“因变量 1” --------------
开始于 2026年9月4日 10:21:04。
           当前进度:   7 % - 因变量 1
Memory: 1184/1371 1194/1866
求解时间：0 s。
物理内存: 1.18 GB
虚拟内存: 1.19 GB
结束时间：2026年9月4日 10:21:04。
----- Study 1 - 3D Electrostatics stationary/解 1 (sol1) 中的“因变量 1” ------------->
<---- Study 1 - 3D Electrostatics stationary/解 1 (sol1) 中的“稳态求解器 1” ------------
开始于 2026年9月4日 10:21:05。
线性求解器 
求解的自由度数：101596。
--         当前进度:  24 % - 组装稀疏模式
Memory: 1209/1371 1222/1866
---        当前进度:  37 % - 组装矩阵
Memory: 1218/1371 1230/1866
找到对称矩阵。
缩放因变量：
电势 (comp1.V): 1
已使用正交零空间函数。
---        当前进度:  38 % - 组装延展
Memory: 1243/1371 1260/1866
-----      当前进度:  56 % - 组装矩阵
Memory: 1217/1371 1237/1866
Iter      SolEst     Damping    Stepsize #Res #Jac #Sol LinIt   LinErr   LinRes
---------  当前进度:  99 % - 求解线性方程组
Memory: 1232/1371 1252/1866
   1        0.79   1.0000000        0.79    1    1    1     4  1.4e-05  2.7e-08
---------- 当前进度: 100 % - 
Memory: 1220/1371 1236/1866
求解时间：3 s。
物理内存: 1.24 GB
虚拟内存: 1.26 GB
结束时间：2026年9月4日 10:21:08。
----- Study 1 - 3D Electrostatics stationary/解 1 (sol1) 中的“稳态求解器 1” ----------->
           当前进度:   0 % - Study 2 - Single_Muon_Diagnostic
Memory: 1188/1371 1202/1866
           当前进度:   3 % - Study 2 - Single_Muon_Diagnostic
Memory: 1204/1371 1882/1887
<---- Study 2 - Single_Muon_Diagnostic/解 2 (sol2) 中的“编译方程: 瞬态” -----------------
开始于 2026年9月4日 10:21:09。
几何形函数: 二次拉格朗日单元
几何形函数: 二次拉格朗日单元
在 Intel64 Family 6 Model 186 Stepping 2, GenuineIntel 上运行。
在以下位置使用 1 个插槽： 陈红星 上（共 1 个内核）。
可用内存：15.90 GB。
           当前进度:   3 % - 生成方程
Memory: 1227/1371 1883/1887
           当前进度:   5 % - 编译方程: 瞬态
Memory: 1213/1371 1227/1887
时间：1。
物理内存: 1.23 GB
虚拟内存: 1.89 GB
Warning: 自由空间采用真空条件，这会导致某些材料属性被忽略。请考虑为忽略的材料添加合适的物理场特征。

  - 节点: 自由空间 1

  - 物理场: Electrostatics: four finite-thickness rounded ring electrodes (es)

  - Materials: Natural Neon gas, representative relative permittivity (mat_gas), Representative alumina ceramic; epsilon_r=9.4 assumption (mat_diel)

  - Quantities: 相对介电常数, 相对介电常数
结束时间：2026年9月4日 10:21:10。
----- Study 2 - Single_Muon_Diagnostic/解 2 (sol2) 中的“编译方程: 瞬态” ---------------->
<---- Study 2 - Single_Muon_Diagnostic/解 2 (sol2) 中的“因变量 1” --------------------
开始于 2026年9月4日 10:21:10。
不求解变量的值: 解 1 (sol1).
           当前进度:   5 % - 因变量 1
Memory: 1214/1371 1228/1887
求解时间：0 s。
物理内存: 1.21 GB
虚拟内存: 1.23 GB
结束时间：2026年9月4日 10:21:10。
----- Study 2 - Single_Muon_Diagnostic/解 2 (sol2) 中的“因变量 1” ------------------->
<---- Study 2 - Single_Muon_Diagnostic/解 2 (sol2) 中的“瞬态求解器 1” ------------------
开始于 2026年9月4日 10:21:11。
瞬态求解器（广义 α）
求解的自由度数：3（加上 4 个内部自由度）。
找到非对称矩阵。
缩放因变量：
颗粒位置 (comp1.qcpt): 1
Step        Time    Stepsize      Res  Jac  Sol Order Tfail NLfail LinIt   LinErr   LinRes
   0           0           - out    2    3    2                  0     0        0        0
   1    6.25e-11    6.25e-11       10    7   10     2     3      0    20    5e-08        -
   7   4.375e-10    6.25e-11       22    7   22     2     3      0    47  6.9e-11        -
  11  6.8125e-10   5.625e-11       34    8   34     2     3      0    75  1.1e-07        -
  16  9.5313e-10  4.6875e-11       48   10   48     2     3      0   107  6.3e-08        -
  22  1.2344e-09  4.6875e-11       60   11   60     2     3      0   133  3.2e-12        -
  27  1.4609e-09  3.9063e-11       74   12   74     2     3      0   165  2.6e-08        -
  32  1.6563e-09  3.9063e-11       84   13   84     2     3      0   180  3.9e-07        -
  39  1.9297e-09  3.9063e-11       98   13   98     2     3      0   201  9.7e-07        -
  42  2.0352e-09  3.5156e-11      108   15  108     2     3      0   218  7.2e-08        -
  49  2.2812e-09  3.5156e-11      122   15  122     2     3      0   239  4.9e-07        -
  55  2.4785e-09  2.1484e-11      134   16  134     2     3      0   257  1.4e-09        -
  60  2.6719e-09  4.2969e-11      144   17  144     2     3      0   276  4.5e-07        -
  67  2.9648e-09  3.5156e-11      162   18  162     2     3      0   314  1.1e-08        -
  73  3.1758e-09  3.5156e-11      174   19  174     2     3      0   332  1.8e-07        -
  79  3.3867e-09  3.5156e-11      186   19  186     2     3      0   350  3.7e-07        -
  84  3.5215e-09  2.1484e-11      196   20  196     2     3      0   365  5.2e-09        -
  90  3.7793e-09  4.2969e-11      208   21  208     2     3      0   389  3.7e-07        -
  95  3.9756e-09  2.4414e-11      218   22  218     2     3      0   408  1.2e-09        -
 100  4.1953e-09  4.8828e-11      228   23  228     2     3      0   427  4.7e-07        -
 106  4.4697e-09  3.0273e-11      240   24  240     2     3      0   452  4.5e-09        -
 111  4.7119e-09  6.0547e-11      250   25  250     2     3      0   471    1e-09        -
 115  4.9468e-09  5.3223e-11      262   26  262     2     3      0   500    7e-08        -
 121  5.2661e-09  5.3223e-11      274   27  274     2     3      0   526  1.8e-09        -
 125  5.4629e-09  3.7109e-11      286   28  286     2     3      0   556  1.2e-08        -
 130  5.6484e-09  3.7109e-11      296   29  296     2     3      0   571  2.1e-07        -
 137  5.9082e-09  3.7109e-11      310   29  310     2     3      0   592  5.6e-07        -
 139  5.9727e-09  2.7344e-11      318   30  318     2     3      0   606  2.6e-09        -
 143  6.1641e-09  5.4687e-11      326   32  326     2     3      0   621  8.1e-07        -
 148   6.432e-09  4.9219e-11      340   33  340     2     3      0   654  4.3e-08        -
 151   6.534e-09  3.3985e-11      346   34  346     2     3      0   663  9.3e-08        -
           当前进度:   8 % - 
Memory: 1189/1371 1199/1887
 156  6.7039e-09  3.3985e-11      356   34  356     2     3      0   678  3.4e-07        -
 157  6.7557e-09   5.179e-11      360   36  360     2     4      0   686  1.2e-07        -
 159  6.8489e-09  4.6611e-11      368   38  368     2     4      0   700  6.7e-08        -
 165  7.0868e-09  5.7858e-11      380   40  380     2     4      0   718  3.8e-07        -
 167  7.1902e-09  5.1711e-11      388   42  388     2     4      0   732  2.1e-07        -
 170  7.3298e-09   4.654e-11      398   44  398     2     4      0   749  5.6e-07        -
 173  7.4615e-09  3.8546e-11      408   45  408     2     4      0   768  4.1e-08        -
 178  7.6542e-09  3.8546e-11      418   46  418     2     4      0   783  7.5e-07        -
 185   7.924e-09  3.8546e-11      432   46  432     2     4      0   810    8e-10        -
 191   8.152e-09     3.8e-11      444   46  444     2     4      0   834  4.1e-10        -
 197    8.38e-09     3.8e-11      456   46  456     2     4      0   858  6.7e-10        -
 202   8.544e-09  4.4005e-11      466   48  466     2     4      0   875  8.6e-08        -
 207   8.764e-09  4.4005e-11      476   48  476     2     4      0   890  9.3e-07        -
 212    8.97e-09  2.9977e-11      490   49  490     2     4      0   917  9.2e-09        -
 216  9.3399e-09  1.6007e-10      495   52  495     2     4      0   920        0        -
 220    1.05e-08       5e-10 out  499   54  499     2     4      0   920        0        -
 231     1.6e-08       5e-10 out  510   54  510     2     4      0   920        0        -
 242    2.15e-08       5e-10 out  521   54  521     2     4      0   920        0        -
 250    2.55e-08       5e-10 out  529   54  529     2     4      0   920        0        -
 262    3.15e-08       5e-10 out  541   54  541     2     4      0   920        0        -
 274    3.75e-08       5e-10 out  553   54  553     2     4      0   920        0        -
 286    4.35e-08       5e-10 out  565   54  565     2     4      0   920        0        -
 298    4.95e-08       5e-10 out  577   54  577     2     4      0   920        0        -
 309     5.5e-08       5e-10 out  588   54  588     2     4      0   920        0        -
 317     5.9e-08       5e-10 out  596   54  596     2     4      0   920        0        -
 327     6.4e-08       5e-10 out  606   54  606     2     4      0   920        0        -
 336    6.85e-08       5e-10 out  615   54  615     2     4      0   920        0        -
 345     7.3e-08       5e-10 out  624   54  624     2     4      0   920        0        -
 353     7.7e-08       5e-10 out  632   54  632     2     4      0   920        0        -
 362    8.15e-08       5e-10 out  641   54  641     2     4      0   920        0        -
 372    8.65e-08       5e-10 out  651   54  651     2     4      0   920        0        -
 382    9.15e-08       5e-10 out  661   54  661     2     4      0   920        0        -
 391     9.6e-08       5e-10 out  670   54  670     2     4      0   920        0        -
 401    1.01e-07       5e-10 out  680   54  680     2     4      0   920        0        -
 411    1.06e-07       5e-10 out  690   54  690     2     4      0   920        0        -
 420   1.105e-07       5e-10 out  699   54  699     2     4      0   920        0        -
 430   1.155e-07       5e-10 out  709   54  709     2     4      0   920        0        -
 441    1.21e-07       5e-10 out  720   54  720     2     4      0   920        0        -
 450   1.255e-07       5e-10 out  729   54  729     2     4      0   920        0        -
 460   1.305e-07       5e-10 out  739   54  739     2     4      0   920        0        -
 470   1.355e-07       5e-10 out  749   54  749     2     4      0   920        0        -
 480   1.405e-07       5e-10 out  759   54  759     2     4      0   920        0        -
 491    1.46e-07       5e-10 out  770   54  770     2     4      0   920        0        -
 502   1.515e-07       5e-10 out  781   54  781     2     4      0   920        0        -
 511    1.56e-07       5e-10 out  790   54  790     2     4      0   920        0        -
 521    1.61e-07       5e-10 out  800   54  800     2     4      0   920        0        -
 531    1.66e-07       5e-10 out  810   54  810     2     4      0   920        0        -
 541    1.71e-07       5e-10 out  820   54  820     2     4      0   920        0        -
 551    1.76e-07       5e-10 out  830   54  830     2     4      0   920        0        -
 561    1.81e-07       5e-10 out  840   54  840     2     4      0   920        0        -
----       当前进度:  41 % - 
 569    1.85e-07       5e-10 out  848   54  848     2     4      0   920        0        -
 579     1.9e-07       5e-10 out  858   54  858     2     4      0   920        0        -
 589    1.95e-07       5e-10 out  868   54  868     2     4      0   920        0        -
 598   1.995e-07       5e-10 out  877   54  877     2     4      0   920        0        -
 608   2.045e-07       5e-10 out  887   54  887     2     4      0   920        0        -
 615    2.08e-07       5e-10 out  894   54  894     2     4      0   920        0        -
 620   2.105e-07       5e-10 out  899   54  899     2     4      0   920        0        -
 629    2.15e-07       5e-10 out  908   54  908     2     4      0   920        0        -
 637    2.19e-07       5e-10 out  916   54  916     2     4      0   920        0        -
 644   2.225e-07       5e-10 out  923   54  923     2     4      0   920        0        -
 652   2.265e-07       5e-10 out  931   54  931     2     4      0   920        0        -
 661    2.31e-07       5e-10 out  940   54  940     2     4      0   920        0        -
 669    2.35e-07       5e-10 out  948   54  948     2     4      0   920        0        -
 678   2.395e-07       5e-10 out  957   54  957     2     4      0   920        0        -
 687    2.44e-07       5e-10 out  966   54  966     2     4      0   920        0        -
 695    2.48e-07       5e-10 out  974   54  974     2     4      0   920        0        -
 703    2.52e-07       5e-10 out  982   54  982     2     4      0   920        0        -
 712   2.565e-07       5e-10 out  991   54  991     2     4      0   920        0        -
 721    2.61e-07       5e-10 out 1000   54 1000     2     4      0   920        0        -
 730   2.655e-07       5e-10 out 1009   54 1009     2     4      0   920        0        -
 739     2.7e-07       5e-10 out 1018   54 1018     2     4      0   920        0        -
 745    2.73e-07       5e-10 out 1024   54 1024     2     4      0   920        0        -
 752   2.765e-07       5e-10 out 1031   54 1031     2     4      0   920        0        -
 761    2.81e-07       5e-10 out 1040   54 1040     2     4      0   920        0        -
 769    2.85e-07       5e-10 out 1048   54 1048     2     4      0   920        0        -
 776   2.885e-07       5e-10 out 1055   54 1055     2     4      0   920        0        -
 785    2.93e-07       5e-10 out 1064   54 1064     2     4      0   920        0        -
 793    2.97e-07       5e-10 out 1072   54 1072     2     4      0   920        0        -
 802   3.015e-07       5e-10 out 1081   54 1081     2     4      0   920        0        -
 811    3.06e-07       5e-10 out 1090   54 1090     2     4      0   920        0        -
 819     3.1e-07       5e-10 out 1098   54 1098     2     4      0   920        0        -
 827    3.14e-07       5e-10 out 1106   54 1106     2     4      0   920        0        -
 836   3.185e-07       5e-10 out 1115   54 1115     2     4      0   920        0        -
 844   3.225e-07       5e-10 out 1123   54 1123     2     4      0   920        0        -
 853    3.27e-07       5e-10 out 1132   54 1132     2     4      0   920        0        -
 862   3.315e-07       5e-10 out 1141   54 1141     2     4      0   920        0        -
 872   3.365e-07       5e-10 out 1151   54 1151     2     4      0   920        0        -
 882   3.415e-07       5e-10 out 1161   54 1161     2     4      0   920        0        -
 891    3.46e-07       5e-10 out 1170   54 1170     2     4      0   920        0        -
 900   3.505e-07       5e-10 out 1179   54 1179     2     4      0   920        0        -
 909    3.55e-07       5e-10 out 1188   54 1188     2     4      0   920        0        -
 918   3.595e-07       5e-10 out 1197   54 1197     2     4      0   920        0        -
 927    3.64e-07       5e-10 out 1206   54 1206     2     4      0   920        0        -
 936   3.685e-07       5e-10 out 1215   54 1215     2     4      0   920        0        -
 943    3.72e-07       5e-10 out 1222   54 1222     2     4      0   920        0        -
 952   3.765e-07       5e-10 out 1231   54 1231     2     4      0   920        0        -
 961    3.81e-07       5e-10 out 1240   54 1240     2     4      0   920        0        -
 967    3.84e-07       5e-10 out 1246   54 1246     2     4      0   920        0        -
 973    3.87e-07       5e-10 out 1252   54 1252     2     4      0   920        0        -
 981    3.91e-07       5e-10 out 1260   54 1260     2     4      0   920        0        -
 986   3.935e-07       5e-10 out 1265   54 1265     2     4      0   920        0        -
 992   3.965e-07       5e-10 out 1271   54 1271     2     4      0   920        0        -
 997    3.99e-07       5e-10 out 1276   54 1276     2     4      0   920        0        -
--------   当前进度:  81 % - 正在组装残差
1002   4.015e-07       5e-10 out 1281   54 1281     2     4      0   920        0        -
1008   4.045e-07       5e-10 out 1287   54 1287     2     4      0   920        0        -
1016   4.085e-07       5e-10 out 1295   54 1295     2     4      0   920        0        -
1021    4.11e-07       5e-10 out 1300   54 1300     2     4      0   920        0        -
1028   4.145e-07       5e-10 out 1307   54 1307     2     4      0   920        0        -
1037    4.19e-07       5e-10 out 1316   54 1316     2     4      0   920        0        -
1045    4.23e-07       5e-10 out 1324   54 1324     2     4      0   920        0        -
1054   4.275e-07       5e-10 out 1333   54 1333     2     4      0   920        0        -
1063    4.32e-07       5e-10 out 1342   54 1342     2     4      0   920        0        -
1071    4.36e-07       5e-10 out 1350   54 1350     2     4      0   920        0        -
1079     4.4e-07       5e-10 out 1358   54 1358     2     4      0   920        0        -
1088   4.445e-07       5e-10 out 1367   54 1367     2     4      0   920        0        -
1095    4.48e-07       5e-10 out 1374   54 1374     2     4      0   920        0        -
1104   4.525e-07       5e-10 out 1383   54 1383     2     4      0   920        0        -
1113    4.57e-07       5e-10 out 1392   54 1392     2     4      0   920        0        -
1118   4.595e-07       5e-10 out 1397   54 1397     2     4      0   920        0        -
1126   4.635e-07       5e-10 out 1405   54 1405     2     4      0   920        0        -
1135    4.68e-07       5e-10 out 1414   54 1414     2     4      0   920        0        -
1140   4.705e-07       5e-10 out 1419   54 1419     2     4      0   920        0        -
1148   4.745e-07       5e-10 out 1427   54 1427     2     4      0   920        0        -
1156   4.785e-07       5e-10 out 1435   54 1435     2     4      0   920        0        -
1163    4.82e-07       5e-10 out 1442   54 1442     2     4      0   920        0        -
1171    4.86e-07       5e-10 out 1450   54 1450     2     4      0   920        0        -
1179     4.9e-07       5e-10 out 1458   54 1458     2     4      0   920        0        -
1184   4.925e-07       5e-10 out 1463   54 1463     2     4      0   920        0        -
1192   4.965e-07       5e-10 out 1471   54 1471     2     4      0   920        0        -
1199       5e-07       5e-10 out 1478   54 1478     2     4      0   920        0        -
---------- 当前进度: 100 % - 
求解时间：1 s。
物理内存: 1.21 GB
虚拟内存: 1.23 GB
结束时间：2026年9月4日 10:21:12。
----- Study 2 - Single_Muon_Diagnostic/解 2 (sol2) 中的“瞬态求解器 1” ----------------->
           当前进度:   0 % - 
-          当前进度:  12 % - 正在计算
Memory: 1187/1371 1197/1887
--         当前进度:  21 % - 正在计算
---        当前进度:  31 % - 正在计算
----       当前进度:  41 % - 正在计算
----       当前进度:  49 % - 正在计算
-----      当前进度:  59 % - 正在计算
------     当前进度:  69 % - 正在计算
-------    当前进度:  79 % - 正在计算
---------  当前进度:  90 % - 正在计算
---------- 当前进度: 100 % - 正在计算
           当前进度:   0 % - 
---        当前进度:  34 % - 正在计算
---------  当前进度:  95 % - 正在计算
Memory: 1183/1371 1193/1887
SHORT_GAP_CASE_COMPLETE=shortgap_15mm_f0p10_V12_5kV
SHORT_GAP_CASE_START=shortgap_20mm_f0p05_V12_1kV
           当前进度:   0 % - Grounded outer shell / bore boundary
Memory: 1184/1371 1193/1887
           当前进度:   1 % - Uniform Ne gas volume before electrode subtraction
           当前进度:   2 % - Gas cutter reserved for dielectric liner
           当前进度:   2 % - Representative alumina dielectric liner
           当前进度:   2 % - 执行布尔操作
-          当前进度:  11 % - V1 electrode outer blank
-          当前进度:  12 % - V1 aperture cutter
-          当前进度:  12 % - V1 finite-thickness annular electrode
-          当前进度:  12 % - 执行布尔操作
--         当前进度:  21 % - V1 electrode, 1 mm rounded edges
--         当前进度:  29 % - V2 electrode outer blank
---        当前进度:  30 % - V2 aperture cutter
---        当前进度:  31 % - V2 finite-thickness annular electrode
---        当前进度:  31 % - 执行布尔操作
---        当前进度:  39 % - V2 electrode, 1 mm rounded edges
----       当前进度:  47 % - V3 electrode outer blank
----       当前进度:  48 % - V3 aperture cutter
----       当前进度:  49 % - V3 finite-thickness annular electrode
----       当前进度:  49 % - 执行布尔操作
-----      当前进度:  57 % - V3 electrode, 1 mm rounded edges
------     当前进度:  65 % - V4 electrode outer blank
------     当前进度:  66 % - V4 aperture cutter
------     当前进度:  67 % - V4 finite-thickness annular electrode
------     当前进度:  67 % - 执行布尔操作
-------    当前进度:  75 % - V4 electrode, 1 mm rounded edges
--------   当前进度:  83 % - Ne gas domain excluding four electrode solids
--------   当前进度:  83 % - 执行布尔操作
---------  当前进度:  92 % - 形成联合体
---------  当前进度:  92 % - 执行布尔操作
---------- 当前进度: 100 % - 正在更新选择
           当前进度:   0 % - 自由四面体网格
顶点单元数：80
-          当前进度:  15 % - 调整边界网格
--         当前进度:  22 % - 正在创建边界网格
Memory: 1187/1371 1196/1887
边单元数：1324
边界单元数：17472
---        当前进度:  36 % - 正在创建初始四面体网格
Memory: 1184/1371 1193/1887
----       当前进度:  45 % - 相关边界
------     当前进度:  63 % - 正在创建初始四面体网格
Memory: 1184/1371 1194/1887
-------    当前进度:  75 % - 正在插入内部点
--------   当前进度:  84 % - 正在提高单元质量
单元数：69352
最小单元质量：0.2358
---------- 当前进度: 100 % - 正在定型网格
           当前进度:   2 % - 生成方程
Memory: 1170/1371 1180/1887
           当前进度:   3 % - Study 1 - 3D Electrostatics stationary
Memory: 1155/1371 1166/1887
<---- Study 1 - 3D Electrostatics stationary/解 1 (sol1) 中的“编译方程: 稳态” -----------
开始于 2026年9月4日 10:21:18。
几何形函数: 二次拉格朗日单元
几何形函数: 二次拉格朗日单元
在 Intel64 Family 6 Model 186 Stepping 2, GenuineIntel 上运行。
在以下位置使用 1 个插槽： 陈红星 上（共 1 个内核）。
可用内存：15.90 GB。
           当前进度:   3 % - 编译方程: 稳态
Memory: 1135/1371 1144/1887
           当前进度:   4 % - 编译方程: 稳态
Memory: 1160/1371 1170/1887
           当前进度:   6 % - 编译方程: 稳态
Memory: 1171/1371 1183/1887
           当前进度:   7 % - 编译方程: 稳态
Memory: 1168/1371 1180/1887
时间：2。
物理内存: 1.17 GB
虚拟内存: 1.18 GB
Warning: 自由空间采用真空条件，这会导致某些材料属性被忽略。请考虑为忽略的材料添加合适的物理场特征。

  - 节点: 自由空间 1

  - 物理场: Electrostatics: four finite-thickness rounded ring electrodes (es)

  - Materials: Natural Neon gas, representative relative permittivity (mat_gas), Representative alumina ceramic; epsilon_r=9.4 assumption (mat_diel)

  - Quantities: 相对介电常数, 相对介电常数
结束时间：2026年9月4日 10:21:20。
----- Study 1 - 3D Electrostatics stationary/解 1 (sol1) 中的“编译方程: 稳态” ---------->
<---- Study 1 - 3D Electrostatics stationary/解 1 (sol1) 中的“因变量 1” --------------
开始于 2026年9月4日 10:21:20。
           当前进度:   7 % - 因变量 1
Memory: 1169/1371 1181/1887
求解时间：0 s。
物理内存: 1.17 GB
虚拟内存: 1.18 GB
结束时间：2026年9月4日 10:21:20。
----- Study 1 - 3D Electrostatics stationary/解 1 (sol1) 中的“因变量 1” ------------->
<---- Study 1 - 3D Electrostatics stationary/解 1 (sol1) 中的“稳态求解器 1” ------------
开始于 2026年9月4日 10:21:21。
线性求解器 
求解的自由度数：103142。
--         当前进度:  24 % - 组装稀疏模式
Memory: 1188/1371 1200/1887
---        当前进度:  36 % - 组装矩阵
Memory: 1205/1371 1218/1887
找到对称矩阵。
缩放因变量：
电势 (comp1.V): 1
已使用正交零空间函数。
---        当前进度:  38 % - 组装延展
Memory: 1200/1371 1214/1887
-----      当前进度:  56 % - 组装矩阵
Memory: 1192/1371 1205/1887
Iter      SolEst     Damping    Stepsize #Res #Jac #Sol LinIt   LinErr   LinRes
---------  当前进度:  91 % - 求解线性方程组
Memory: 1195/1371 1212/1887
   1        0.79   1.0000000        0.79    1    1    1     3  0.00077  1.6e-06
---------- 当前进度: 100 % - 
Memory: 1184/1371 1196/1887
求解时间：3 s。
物理内存: 1.21 GB
虚拟内存: 1.22 GB
结束时间：2026年9月4日 10:21:24。
----- Study 1 - 3D Electrostatics stationary/解 1 (sol1) 中的“稳态求解器 1” ----------->
           当前进度:   0 % - Study 2 - Single_Muon_Diagnostic
Memory: 1175/1371 1187/1887
           当前进度:   3 % - 生成方程
<---- Study 2 - Single_Muon_Diagnostic/解 2 (sol2) 中的“编译方程: 瞬态” -----------------
开始于 2026年9月4日 10:21:25。
几何形函数: 二次拉格朗日单元
几何形函数: 二次拉格朗日单元
在 Intel64 Family 6 Model 186 Stepping 2, GenuineIntel 上运行。
在以下位置使用 1 个插槽： 陈红星 上（共 1 个内核）。
可用内存：15.90 GB。
           当前进度:   4 % - 编译方程: 瞬态
Memory: 1222/1371 1888/1888
           当前进度:   5 % - 编译方程: 瞬态
Memory: 1213/1371 1878/1888
时间：1。
物理内存: 1.22 GB
虚拟内存: 1.89 GB
Warning: 自由空间采用真空条件，这会导致某些材料属性被忽略。请考虑为忽略的材料添加合适的物理场特征。

  - 节点: 自由空间 1

  - 物理场: Electrostatics: four finite-thickness rounded ring electrodes (es)

  - Materials: Natural Neon gas, representative relative permittivity (mat_gas), Representative alumina ceramic; epsilon_r=9.4 assumption (mat_diel)

  - Quantities: 相对介电常数, 相对介电常数
结束时间：2026年9月4日 10:21:26。
----- Study 2 - Single_Muon_Diagnostic/解 2 (sol2) 中的“编译方程: 瞬态” ---------------->
<---- Study 2 - Single_Muon_Diagnostic/解 2 (sol2) 中的“因变量 1” --------------------
开始于 2026年9月4日 10:21:26。
不求解变量的值: 解 1 (sol1).
           当前进度:   5 % - 因变量 1
Memory: 1225/1371 1880/1888
求解时间：0 s。
物理内存: 1.23 GB
虚拟内存: 1.88 GB
结束时间：2026年9月4日 10:21:26。
----- Study 2 - Single_Muon_Diagnostic/解 2 (sol2) 中的“因变量 1” ------------------->
<---- Study 2 - Single_Muon_Diagnostic/解 2 (sol2) 中的“瞬态求解器 1” ------------------
开始于 2026年9月4日 10:21:27。
瞬态求解器（广义 α）
求解的自由度数：3（加上 4 个内部自由度）。
找到非对称矩阵。
缩放因变量：
颗粒位置 (comp1.qcpt): 1
Step        Time    Stepsize      Res  Jac  Sol Order Tfail NLfail LinIt   LinErr   LinRes
   0           0           - out    2    3    2                  0     0        0        0
   1    6.25e-11    6.25e-11       10    7   10     2     3      0    18  4.8e-08        -
   5   3.125e-10    6.25e-11       18    7   18     2     3      0    31    2e-10        -
  11   6.875e-10    6.25e-11       30    7   30     2     3      0    55    3e-10        -
  13       8e-10   5.625e-11       38    9   38     2     3      0    69  1.3e-07        -
  17       1e-09   4.375e-11 out   50   11   50     2     3      0    90  4.1e-08        -
  24  1.3062e-09   4.375e-11       64   11   64     2     3      0   113  5.8e-11        -
  28  1.4687e-09   3.125e-11       76   12   76     2     3      0   136  6.9e-09        -
  34  1.6563e-09   3.125e-11       88   13   88     2     3      0   154  1.4e-07        -
  41   1.875e-09   3.125e-11      102   13  102     2     3      0   175  3.1e-07        -
  47    2.25e-09    6.25e-11      114   14  114     2     3      0   198  8.6e-10        -
  54  2.6875e-09    6.25e-11      128   14  128     2     3      0   226  1.1e-09        -
  57  2.8563e-09   5.625e-11      138   16  138     2     3      0   243  5.3e-07        -
  60       3e-09   4.375e-11 out  148   18  148     2     3      0   260  2.7e-08        -
  67  3.3062e-09   4.375e-11      162   18  162     2     3      0   281  7.1e-07        -
  71  3.4687e-09   3.125e-11      174   19  174     2     3      0   301  3.9e-09        -
  77  3.6563e-09   3.125e-11      186   20  186     2     3      0   319  7.6e-08        -
  84   3.875e-09   3.125e-11      200   20  200     2     3      0   340  1.8e-07        -
  91  4.0937e-09   3.125e-11      214   20  214     2     3      0   361  2.7e-07        -
  98  4.3125e-09   3.125e-11      228   20  228     2     3      0   382  3.7e-07        -
 104  4.4844e-09  1.5625e-11      240   21  240     2     3      0   400  1.4e-10        -
 108  4.6563e-09    6.25e-11      248   23  248     2     3      0   412  7.6e-07        -
 113  4.9531e-09  4.6875e-11      262   24  262     2     3      0   439  4.1e-08        -
 119  5.2344e-09  4.6875e-11      274   25  274     2     3      0   457    9e-07        -
 124  5.4609e-09  3.9063e-11      288   26  288     2     3      0   484  1.7e-08        -
 130  5.6953e-09  3.9063e-11      300   27  300     2     3      0   502  3.7e-07        -
 137  5.9648e-09  3.5156e-11      316   27  316     2     3      0   528  1.3e-09        -
 141  6.1055e-09  3.5156e-11      332   27  332     2     3      0   560  1.3e-09        -
 144  6.2109e-09  3.5156e-11      342   29  342     2     3      0   577    6e-08        -
 151   6.457e-09  3.5156e-11      356   29  356     2     3      0   598  4.4e-07        -
           当前进度:   8 % - 正在组装残差
Memory: 1079/1371 1201/1888
 155  6.5859e-09  4.2969e-11      364   31  364     2     3      0   610  2.1e-07        -
 162  6.8867e-09  4.2969e-11      378   31  378     2     3      0   634    2e-10        -
 165       7e-09  3.5155e-11 out  388   33  388     2     3      0   652  2.4e-08        -
 171  7.2109e-09  3.5155e-11      400   33  400     2     3      0   670  6.8e-07        -
 178   7.457e-09  3.5155e-11      414   33  414     2     3      0   696  9.3e-11        -
 181   7.543e-09  4.2979e-11      420   35  420     2     3      0   705  8.8e-08        -
 184   7.659e-09  3.8681e-11      430   37  430     2     3      0   722  2.5e-07        -
 191  7.9298e-09  3.8681e-11      444   37  444     2     3      0   746  1.2e-10        -
 193       8e-09  3.5103e-11 out  452   39  452     2     3      0   760  2.5e-08        -
 200  8.2457e-09  3.5103e-11      466   39  466     2     3      0   781  6.1e-07        -
 207  8.4782e-09   2.183e-11      480   40  480     2     3      0   802  1.7e-09        -
 212  8.6746e-09   4.366e-11      490   41  490     2     3      0   817  5.8e-07        -
 219  8.9683e-09    3.17e-11      508   42  508     2     3      0   850  8.4e-09        -
 222  9.1205e-09  5.7061e-11      518   45  518     2     3      0   867  1.6e-07        -
 228  9.4529e-09  4.7117e-11      534   47  534     2     3      0   896  6.1e-08        -
 233  9.6885e-09  4.7117e-11      544   48  544     2     3      0   912  2.9e-10        -
 239   9.962e-09  3.7973e-11      560   49  560     2     3      0   943  1.9e-08        -
 245   1.019e-08  3.7973e-11      572   50  572     2     3      0   961  3.7e-07        -
 251  1.0418e-08  3.7973e-11      584   50  584     2     3      0   979  7.9e-07        -
 256  1.0589e-08  4.4328e-11      594   52  594     2     3      0   994  1.4e-07        -
 262  1.0846e-08  3.9895e-11      610   52  610     2     3      0  1022  1.7e-09        -
 265  1.0963e-08  3.7228e-11      624   53  624     2     3      0  1049    1e-08        -
 271  1.1186e-08  3.7228e-11      636   54  636     2     3      0  1067    2e-07        -
 277   1.141e-08  3.7228e-11      648   54  648     2     3      0  1085  4.3e-07        -
 280    1.15e-08  2.6633e-11 out  658   56  658     2     3      0  1102    2e-09        -
 286  1.1793e-08  5.3266e-11      670   57  670     2     3      0  1120    1e-06        -
 291   1.205e-08  5.0254e-11      683   57  683     2     3      0  1146    4e-09        -
 296  1.2302e-08  5.0254e-11      698   57  698     2     3      0  1176  3.9e-09        -
 300    1.25e-08  4.8984e-11 out  712   57  712     2     3      0  1204  1.6e-09        -
 303  1.2647e-08  4.8984e-11      724   57  724     2     3      0  1228  1.6e-09        -
 307  1.2843e-08  4.8984e-11      740   57  740     2     3      0  1260  1.6e-09        -
 311     1.3e-08  2.9573e-11 out  752   58  752     2     3      0  1282  2.4e-08        -
 316  1.3296e-08  5.9145e-11      762   59  762     2     3      0  1300  1.3e-09        -
 320    1.35e-08  4.2991e-11 out  774   61  774     2     3      0  1322  3.3e-08        -
 326  1.3758e-08  4.2991e-11      786   61  786     2     3      0  1340  9.1e-07        -
 331  1.3965e-08  3.5043e-11      800   62  800     2     3      0  1367  1.6e-08        -
 337  1.4175e-08  3.5043e-11      812   63  812     2     3      0  1385  3.7e-07        -
 343  1.4385e-08  3.5043e-11      824   63  824     2     3      0  1403  8.8e-07        -
 348  1.4522e-08   2.222e-11      834   64  834     2     3      0  1419  2.2e-08        -
 354  1.4784e-08  3.9996e-11      850   66  850     2     3      0  1447  4.9e-08        -
 359  1.4972e-08  2.7797e-11      864   68  864     2     3      0  1470    8e-09        -
 361  1.5042e-08   4.186e-11      870   71  870     2     4      0  1479  5.9e-08        -
 362   1.508e-08  3.7674e-11      876   72  876     2     4      0  1490  3.5e-08        -
 365  1.5193e-08  3.7674e-11      882   73  882     2     4      0  1499  3.1e-07        -
 370  1.5381e-08  3.7674e-11      892   73  892     2     4      0  1514  9.1e-07        -
-          当前进度:  10 % - 正在组装残差
 374    1.55e-08  2.1862e-11 out  900   74  900     2     4      0  1528    1e-08        -
 379  1.5719e-08  4.3723e-11      910   75  910     2     4      0  1543  9.9e-07        -
 385  1.5969e-08  3.1384e-11      926   76  926     2     4      0  1574  9.8e-09        -
 388  1.6119e-08  5.5982e-11      936   79  936     2     4      0  1591  1.7e-07        -
 394  1.6449e-08  5.0669e-11      952   81  952     2     4      0  1620  9.6e-08        -
 400  1.6753e-08  5.0669e-11      964   82  964     2     4      0  1641  7.8e-10        -
 405     1.7e-08  4.7322e-11 out  978   82  978     2     4      0  1669  3.3e-10        -
 408  1.7142e-08  4.7322e-11      990   82  990     2     4      0  1693  3.4e-10        -
 411  1.7284e-08  4.7322e-11     1002   82 1002     2     4      0  1717  3.5e-10        -
 415  1.7463e-08  3.7051e-11     1020   83 1020     2     4      0  1752  1.7e-08        -
 418  1.7593e-08  5.5542e-11     1028   86 1028     2     5      0  1764  1.2e-07        -
 421  1.7743e-08  4.9988e-11     1038   88 1038     2     5      0  1781  3.1e-07        -
 425  1.7938e-08  4.4989e-11     1050   89 1050     2     5      0  1802  3.1e-08        -
 428  1.8047e-08    4.68e-11     1058   92 1058     2     6      0  1814  3.5e-08        -
 432  1.8215e-08   4.212e-11     1074   92 1074     2     6      0  1846  8.8e-10        -
 435  1.8337e-08  3.7908e-11     1088   93 1088     2     6      0  1873  1.1e-08        -
 439  1.8476e-08  2.4424e-11     1096   95 1096     2     6      0  1885  1.2e-09        -
 444  1.8661e-08  4.3963e-11     1110   96 1110     2     6      0  1910    1e-09        -
 447  1.8793e-08  4.3963e-11     1122   96 1122     2     6      0  1934    1e-09        -
 450  1.8925e-08  4.3963e-11     1136   97 1136     2     6      0  1961  2.3e-08        -
 454  1.9094e-08  5.6713e-11     1146  100 1146     2     7      0  1976  9.1e-08        -
 456  1.9196e-08  5.1042e-11     1154  102 1154     2     7      0  1990  5.5e-08        -
 462    1.95e-08  4.9762e-11 out 1166  102 1166     2     7      0  2010  3.1e-09        -
 469  1.9848e-08  4.9762e-11     1180  102 1180     2     7      0  2038    3e-09        -
 472  1.9974e-08  2.6069e-11     1186  103 1186     2     7      0  2049  2.6e-09        -
 478  2.0261e-08  5.2138e-11     1198  104 1198     2     7      0  2069  9.3e-10        -
 482  2.0459e-08  4.1448e-11     1210  105 1210     2     7      0  2092  2.4e-08        -
 487  2.0666e-08  4.1448e-11     1220  106 1220     2     7      0  2107  4.7e-07        -
 494  2.0956e-08  4.1448e-11     1234  106 1234     2     7      0  2131  5.9e-10        -
 498  2.1088e-08  4.4074e-11     1242  108 1242     2     7      0  2143  2.1e-07        -
 504  2.1353e-08  4.4074e-11     1254  108 1254     2     7      0  2163  5.2e-10        -
 508  2.1552e-08  5.2124e-11     1266  110 1266     2     7      0  2185  1.2e-07        -
 511  2.1704e-08  5.2869e-11     1278  113 1278     2     8      0  2207  1.5e-07        -
 513  2.1803e-08  5.1857e-11     1288  116 1288     2     9      0  2226  1.4e-07        -
 515    2.19e-08  4.9673e-11     1298  119 1298     2    10      0  2243  1.1e-07        -
 517     2.2e-08  5.5482e-11 out 1306  121 1306     2    10      0  2257  1.9e-07        -
 520  2.2136e-08  4.2254e-11     1320  124 1320     2    10      0  2282  4.9e-08        -
 522  2.2225e-08  4.1883e-11     1330  127 1330     2    11      0  2301  4.7e-08        -
 525  2.2348e-08  4.3709e-11     1342  131 1342     2    12      0  2322  5.9e-08        -
 526  2.2387e-08  3.9338e-11     1348  132 1348     2    12      0  2333  3.5e-08        -
 528  2.2462e-08  3.5404e-11     1356  134 1356     2    12      0  2347  2.1e-08        -
 532  2.2576e-08  3.8062e-11     1364  136 1364     2    12      0  2359  1.5e-07        -
 539  2.2843e-08  3.8062e-11     1378  136 1378     2    12      0  2380  8.8e-07        -
 545  2.3043e-08  4.3256e-11     1390  138 1390     2    12      0  2400  5.5e-08        -
-          当前进度:  11 % - 正在组装残差
 551  2.3303e-08  4.3256e-11     1402  138 1402     2    12      0  2419  4.2e-10        -
 555  2.3466e-08  3.3722e-11     1414  139 1414     2    12      0  2442  1.2e-08        -
 560  2.3635e-08  3.3722e-11     1424  140 1424     2    12      0  2457  1.9e-07        -
 566  2.3837e-08  3.3722e-11     1436  140 1436     2    12      0  2475  4.4e-07        -
 571     2.4e-08  3.0805e-11 out 1450  140 1450     2    12      0  2500  9.3e-11        -
 576  2.4308e-08   6.161e-11     1460  141 1460     2    12      0  2519  2.6e-09        -
 580    2.45e-08  3.4364e-11 out 1468  142 1468     2    12      0  2533  6.9e-08        -
 584     2.5e-08  2.5945e-10 out 1474  145 1474     2    12      0  2539        0        -
 592     2.9e-08       5e-10 out 1482  146 1482     2    12      0  2539        0        -
 602     3.4e-08       5e-10 out 1492  146 1492     2    12      0  2539        0        -
 613    3.95e-08       5e-10 out 1503  146 1503     2    12      0  2539        0        -
 624     4.5e-08       5e-10 out 1514  146 1514     2    12      0  2539        0        -
 635    5.05e-08       5e-10 out 1525  146 1525     2    12      0  2539        0        -
 646     5.6e-08       5e-10 out 1536  146 1536     2    12      0  2539        0        -
 657    6.15e-08       5e-10 out 1547  146 1547     2    12      0  2539        0        -
 668     6.7e-08       5e-10 out 1558  146 1558     2    12      0  2539        0        -
 679    7.25e-08       5e-10 out 1569  146 1569     2    12      0  2539        0        -
 689    7.75e-08       5e-10 out 1579  146 1579     2    12      0  2539        0        -
 700     8.3e-08       5e-10 out 1590  146 1590     2    12      0  2539        0        -
 711    8.85e-08       5e-10 out 1601  146 1601     2    12      0  2539        0        -
 722     9.4e-08       5e-10 out 1612  146 1612     2    12      0  2539        0        -
 733    9.95e-08       5e-10 out 1623  146 1623     2    12      0  2539        0        -
 744    1.05e-07       5e-10 out 1634  146 1634     2    12      0  2539        0        -
 755   1.105e-07       5e-10 out 1645  146 1645     2    12      0  2539        0        -
 766    1.16e-07       5e-10 out 1656  146 1656     2    12      0  2539        0        -
 777   1.215e-07       5e-10 out 1667  146 1667     2    12      0  2539        0        -
 785   1.255e-07       5e-10 out 1675  146 1675     2    12      0  2539        0        -
 795   1.305e-07       5e-10 out 1685  146 1685     2    12      0  2539        0        -
 806    1.36e-07       5e-10 out 1696  146 1696     2    12      0  2539        0        -
 817   1.415e-07       5e-10 out 1707  146 1707     2    12      0  2539        0        -
 828    1.47e-07       5e-10 out 1718  146 1718     2    12      0  2539        0        -
 839   1.525e-07       5e-10 out 1729  146 1729     2    12      0  2539        0        -
 850    1.58e-07       5e-10 out 1740  146 1740     2    12      0  2539        0        -
 860    1.63e-07       5e-10 out 1750  146 1750     2    12      0  2539        0        -
 870    1.68e-07       5e-10 out 1760  146 1760     2    12      0  2539        0        -
 881   1.735e-07       5e-10 out 1771  146 1771     2    12      0  2539        0        -
 892    1.79e-07       5e-10 out 1782  146 1782     2    12      0  2539        0        -
 903   1.845e-07       5e-10 out 1793  146 1793     2    12      0  2539        0        -
 914     1.9e-07       5e-10 out 1804  146 1804     2    12      0  2539        0        -
 924    1.95e-07       5e-10 out 1814  146 1814     2    12      0  2539        0        -
 934       2e-07       5e-10 out 1824  146 1824     2    12      0  2539        0        -
 945   2.055e-07       5e-10 out 1835  146 1835     2    12      0  2539        0        -
 954     2.1e-07       5e-10 out 1844  146 1844     2    12      0  2539        0        -
 964    2.15e-07       5e-10 out 1854  146 1854     2    12      0  2539        0        -
 975   2.205e-07       5e-10 out 1865  146 1865     2    12      0  2539        0        -
 980    2.23e-07       5e-10 out 1870  146 1870     2    12      0  2539        0        -
 991   2.285e-07       5e-10 out 1881  146 1881     2    12      0  2539        0        -
1001   2.335e-07       5e-10 out 1891  146 1891     2    12      0  2539        0        -
1010    2.38e-07       5e-10 out 1900  146 1900     2    12      0  2539        0        -
1020    2.43e-07       5e-10 out 1910  146 1910     2    12      0  2539        0        -
1030    2.48e-07       5e-10 out 1920  146 1920     2    12      0  2539        0        -
1037   2.515e-07       5e-10 out 1927  146 1927     2    12      0  2539        0        -
1047   2.565e-07       5e-10 out 1937  146 1937     2    12      0  2539        0        -
-----      当前进度:  55 % - 
Memory: 1080/1371 1201/1888
1055   2.605e-07       5e-10 out 1945  146 1945     2    12      0  2539        0        -
1061   2.635e-07       5e-10 out 1951  146 1951     2    12      0  2539        0        -
1070    2.68e-07       5e-10 out 1960  146 1960     2    12      0  2539        0        -
1080    2.73e-07       5e-10 out 1970  146 1970     2    12      0  2539        0        -
1087   2.765e-07       5e-10 out 1977  146 1977     2    12      0  2539        0        -
1096    2.81e-07       5e-10 out 1986  146 1986     2    12      0  2539        0        -
1105   2.855e-07       5e-10 out 1995  146 1995     2    12      0  2539        0        -
1114     2.9e-07       5e-10 out 2004  146 2004     2    12      0  2539        0        -
1124    2.95e-07       5e-10 out 2014  146 2014     2    12      0  2539        0        -
1133   2.995e-07       5e-10 out 2023  146 2023     2    12      0  2539        0        -
1142    3.04e-07       5e-10 out 2032  146 2032     2    12      0  2539        0        -
1151   3.085e-07       5e-10 out 2041  146 2041     2    12      0  2539        0        -
1160    3.13e-07       5e-10 out 2050  146 2050     2    12      0  2539        0        -
1170    3.18e-07       5e-10 out 2060  146 2060     2    12      0  2539        0        -
1180    3.23e-07       5e-10 out 2070  146 2070     2    12      0  2539        0        -
1190    3.28e-07       5e-10 out 2080  146 2080     2    12      0  2539        0        -
1200    3.33e-07       5e-10 out 2090  146 2090     2    12      0  2539        0        -
1210    3.38e-07       5e-10 out 2100  146 2100     2    12      0  2539        0        -
1219   3.425e-07       5e-10 out 2109  146 2109     2    12      0  2539        0        -
1228    3.47e-07       5e-10 out 2118  146 2118     2    12      0  2539        0        -
1238    3.52e-07       5e-10 out 2128  146 2128     2    12      0  2539        0        -
1248    3.57e-07       5e-10 out 2138  146 2138     2    12      0  2539        0        -
1258    3.62e-07       5e-10 out 2148  146 2148     2    12      0  2539        0        -
1267   3.665e-07       5e-10 out 2157  146 2157     2    12      0  2539        0        -
1275   3.705e-07       5e-10 out 2165  146 2165     2    12      0  2539        0        -
1283   3.745e-07       5e-10 out 2173  146 2173     2    12      0  2539        0        -
1292    3.79e-07       5e-10 out 2182  146 2182     2    12      0  2539        0        -
1301   3.835e-07       5e-10 out 2191  146 2191     2    12      0  2539        0        -
1311   3.885e-07       5e-10 out 2201  146 2201     2    12      0  2539        0        -
1321   3.935e-07       5e-10 out 2211  146 2211     2    12      0  2539        0        -
1330    3.98e-07       5e-10 out 2220  146 2220     2    12      0  2539        0        -
1340    4.03e-07       5e-10 out 2230  146 2230     2    12      0  2539        0        -
1349   4.075e-07       5e-10 out 2239  146 2239     2    12      0  2539        0        -
1353   4.095e-07       5e-10 out 2243  146 2243     2    12      0  2539        0        -
1361   4.135e-07       5e-10 out 2251  146 2251     2    12      0  2539        0        -
1371   4.185e-07       5e-10 out 2261  146 2261     2    12      0  2539        0        -
1379   4.225e-07       5e-10 out 2269  146 2269     2    12      0  2539        0        -
1389   4.275e-07       5e-10 out 2279  146 2279     2    12      0  2539        0        -
1398    4.32e-07       5e-10 out 2288  146 2288     2    12      0  2539        0        -
1404    4.35e-07       5e-10 out 2294  146 2294     2    12      0  2539        0        -
1414     4.4e-07       5e-10 out 2304  146 2304     2    12      0  2539        0        -
1423   4.445e-07       5e-10 out 2313  146 2313     2    12      0  2539        0        -
1430    4.48e-07       5e-10 out 2320  146 2320     2    12      0  2539        0        -
1440    4.53e-07       5e-10 out 2330  146 2330     2    12      0  2539        0        -
1450    4.58e-07       5e-10 out 2340  146 2340     2    12      0  2539        0        -
1457   4.615e-07       5e-10 out 2347  146 2347     2    12      0  2539        0        -
1467   4.665e-07       5e-10 out 2357  146 2357     2    12      0  2539        0        -
1477   4.715e-07       5e-10 out 2367  146 2367     2    12      0  2539        0        -
1485   4.755e-07       5e-10 out 2375  146 2375     2    12      0  2539        0        -
1494     4.8e-07       5e-10 out 2384  146 2384     2    12      0  2539        0        -
1504    4.85e-07       5e-10 out 2394  146 2394     2    12      0  2539        0        -
1514     4.9e-07       5e-10 out 2404  146 2404     2    12      0  2539        0        -
1524    4.95e-07       5e-10 out 2414  146 2414     2    12      0  2539        0        -
1534       5e-07       5e-10 out 2424  146 2424     2    12      0  2539        0        -
---------- 当前进度: 100 % - 
求解时间：2 s。
物理内存: 1.23 GB
虚拟内存: 1.88 GB
结束时间：2026年9月4日 10:21:29。
----- Study 2 - Single_Muon_Diagnostic/解 2 (sol2) 中的“瞬态求解器 1” ----------------->
           当前进度:   0 % - 
Memory: 1118/1371 1201/1888
-          当前进度:  14 % - 正在计算
Memory: 1126/1371 1204/1888
--         当前进度:  24 % - 正在计算
Memory: 1123/1371 1201/1888
---        当前进度:  33 % - 正在计算
----       当前进度:  42 % - 正在计算
-----      当前进度:  52 % - 正在计算
------     当前进度:  61 % - 正在计算
-------    当前进度:  70 % - 正在计算
-------    当前进度:  78 % - 正在计算
--------   当前进度:  87 % - 正在计算
---------  当前进度:  97 % - 正在计算
---------- 当前进度: 100 % - 正在计算
           当前进度:   0 % - 
Memory: 1144/1371 1201/1888
---        当前进度:  34 % - 正在计算
Memory: 1147/1371 1202/1888
---------  当前进度:  95 % - 正在计算
SHORT_GAP_CASE_COMPLETE=shortgap_20mm_f0p05_V12_1kV
SHORT_GAP_CASE_START=shortgap_20mm_f0p05_V12_3kV
           当前进度:   0 % - Study 1 - 3D Electrostatics stationary
Memory: 1190/1371 1203/1888
           当前进度:   3 % - Study 1 - 3D Electrostatics stationary
<---- Study 1 - 3D Electrostatics stationary/解 1 (sol1) 中的“编译方程: 稳态” -----------
开始于 2026年9月4日 10:21:33。
几何形函数: 二次拉格朗日单元
几何形函数: 二次拉格朗日单元
在 Intel64 Family 6 Model 186 Stepping 2, GenuineIntel 上运行。
在以下位置使用 1 个插槽： 陈红星 上（共 1 个内核）。
可用内存：15.90 GB。
           当前进度:   3 % - 生成方程
           当前进度:   6 % - 编译方程: 稳态
Memory: 1203/1371 1218/1888
           当前进度:   7 % - 编译方程: 稳态
Memory: 1204/1371 1218/1888
时间：1。
物理内存: 1.2 GB
虚拟内存: 1.22 GB
Warning: 自由空间采用真空条件，这会导致某些材料属性被忽略。请考虑为忽略的材料添加合适的物理场特征。

  - 节点: 自由空间 1

  - 物理场: Electrostatics: four finite-thickness rounded ring electrodes (es)

  - Materials: Natural Neon gas, representative relative permittivity (mat_gas), Representative alumina ceramic; epsilon_r=9.4 assumption (mat_diel)

  - Quantities: 相对介电常数, 相对介电常数
结束时间：2026年9月4日 10:21:34。
----- Study 1 - 3D Electrostatics stationary/解 1 (sol1) 中的“编译方程: 稳态” ---------->
<---- Study 1 - 3D Electrostatics stationary/解 1 (sol1) 中的“因变量 1” --------------
开始于 2026年9月4日 10:21:34。
           当前进度:   7 % - 因变量 1
求解时间：0 s。
物理内存: 1.2 GB
虚拟内存: 1.22 GB
结束时间：2026年9月4日 10:21:34。
----- Study 1 - 3D Electrostatics stationary/解 1 (sol1) 中的“因变量 1” ------------->
<---- Study 1 - 3D Electrostatics stationary/解 1 (sol1) 中的“稳态求解器 1” ------------
开始于 2026年9月4日 10:21:35。
线性求解器 
求解的自由度数：103142。
--         当前进度:  24 % - 组装稀疏模式
Memory: 1219/1371 1233/1888
---        当前进度:  38 % - 组装矩阵
Memory: 1236/1371 1252/1888
找到对称矩阵。
缩放因变量：
电势 (comp1.V): 1
已使用正交零空间函数。
---        当前进度:  38 % - 组装延展
Memory: 1245/1371 1262/1888
-----      当前进度:  56 % - 组装矩阵
Memory: 1232/1371 1248/1888
Iter      SolEst     Damping    Stepsize #Res #Jac #Sol LinIt   LinErr   LinRes
--------   当前进度:  82 % - 求解线性方程组
Memory: 1241/1371 1263/1888
   1         0.8   1.0000000         0.8    1    1    1     3  0.00082  1.7e-06
---------- 当前进度: 100 % - 
Memory: 1221/1371 1238/1888
求解时间：3 s。
物理内存: 1.25 GB
虚拟内存: 1.26 GB
结束时间：2026年9月4日 10:21:38。
----- Study 1 - 3D Electrostatics stationary/解 1 (sol1) 中的“稳态求解器 1” ----------->
           当前进度:   0 % - Study 2 - Single_Muon_Diagnostic
Memory: 1205/1371 1222/1888
           当前进度:   3 % - 生成方程
Memory: 1207/1371 1224/1888
<---- Study 2 - Single_Muon_Diagnostic/解 2 (sol2) 中的“编译方程: 瞬态” -----------------
开始于 2026年9月4日 10:21:39。
几何形函数: 二次拉格朗日单元
几何形函数: 二次拉格朗日单元
在 Intel64 Family 6 Model 186 Stepping 2, GenuineIntel 上运行。
在以下位置使用 1 个插槽： 陈红星 上（共 1 个内核）。
可用内存：15.90 GB。
           当前进度:   5 % - 编译方程: 瞬态
Memory: 1197/1371 1212/1888
时间：1。
物理内存: 1.21 GB
虚拟内存: 1.22 GB
Warning: 自由空间采用真空条件，这会导致某些材料属性被忽略。请考虑为忽略的材料添加合适的物理场特征。

  - 节点: 自由空间 1

  - 物理场: Electrostatics: four finite-thickness rounded ring electrodes (es)

  - Materials: Natural Neon gas, representative relative permittivity (mat_gas), Representative alumina ceramic; epsilon_r=9.4 assumption (mat_diel)

  - Quantities: 相对介电常数, 相对介电常数
结束时间：2026年9月4日 10:21:40。
----- Study 2 - Single_Muon_Diagnostic/解 2 (sol2) 中的“编译方程: 瞬态” ---------------->
<---- Study 2 - Single_Muon_Diagnostic/解 2 (sol2) 中的“因变量 1” --------------------
开始于 2026年9月4日 10:21:40。
不求解变量的值: 解 1 (sol1).
           当前进度:   5 % - 因变量 1
Memory: 1197/1371 1210/1888
求解时间：0 s。
物理内存: 1.2 GB
虚拟内存: 1.21 GB
结束时间：2026年9月4日 10:21:40。
----- Study 2 - Single_Muon_Diagnostic/解 2 (sol2) 中的“因变量 1” ------------------->
<---- Study 2 - Single_Muon_Diagnostic/解 2 (sol2) 中的“瞬态求解器 1” ------------------
开始于 2026年9月4日 10:21:41。
瞬态求解器（广义 α）
求解的自由度数：3（加上 4 个内部自由度）。
找到非对称矩阵。
缩放因变量：
颗粒位置 (comp1.qcpt): 1
Step        Time    Stepsize      Res  Jac  Sol Order Tfail NLfail LinIt   LinErr   LinRes
   0           0           - out    2    3    2                  0     0        0        0
   1    6.25e-11    6.25e-11       10    7   10     2     3      0    18  4.7e-08        -
   6    3.75e-10    6.25e-11       20    7   20     2     3      0    35  6.5e-10        -
  12  7.4375e-10   5.625e-11       36    8   36     2     3      0    72  1.2e-07        -
  16  9.5625e-10   4.375e-11       48   10   48     2     3      0    97  4.2e-08        -
  21   1.175e-09   4.375e-11       58   11   58     2     3      0   112  7.1e-07        -
  26  1.3937e-09   4.375e-11       68   11   68     2     3      0   131  2.3e-10        -
  28  1.4687e-09   3.125e-11       76   12   76     2     3      0   146  7.1e-09        -
  33   1.625e-09   3.125e-11       86   13   86     2     3      0   161  1.1e-07        -
  40  1.8438e-09   3.125e-11      100   13  100     2     3      0   182  2.9e-07        -
  45   2.125e-09    6.25e-11      110   14  110     2     3      0   204  3.4e-10        -
  51     2.5e-09    6.25e-11 out  122   14  122     2     3      0   234  1.2e-09        -
  55  2.7438e-09   5.625e-11      134   15  134     2     3      0   262  1.3e-07        -
  59  2.9563e-09   4.375e-11      146   17  146     2     3      0   287  3.4e-08        -
  64   3.175e-09   4.375e-11      156   18  156     2     3      0   302  4.3e-07        -
  70  3.4375e-09   4.375e-11      168   18  168     2     3      0   320  9.9e-07        -
  73  3.5313e-09   3.125e-11      178   20  178     2     3      0   337  1.9e-08        -
  79  3.7188e-09   3.125e-11      190   20  190     2     3      0   355    1e-07        -
  85  3.9063e-09   3.125e-11      202   20  202     2     3      0   373  1.9e-07        -
  91  4.0937e-09   3.125e-11      214   20  214     2     3      0   391  2.7e-07        -
  96    4.25e-09   3.125e-11      224   20  224     2     3      0   406  3.4e-07        -
 102  4.4531e-09  4.6875e-11      236   21  236     2     3      0   424  3.1e-08        -
 108  4.7344e-09  4.6875e-11      248   21  248     2     3      0   442  8.8e-07        -
 113  4.9609e-09  3.9062e-11      262   22  262     2     3      0   469  1.6e-08        -
 118  5.1562e-09  3.9062e-11      272   23  272     2     3      0   484  2.9e-07        -
 125  5.4297e-09  3.9062e-11      286   23  286     2     3      0   505  7.7e-07        -
 129  5.5703e-09  3.5156e-11      302   23  302     2     3      0   537  4.2e-09        -
 133  5.7109e-09  3.5156e-11      318   23  318     2     3      0   569  4.2e-09        -
 137  5.8516e-09  3.5156e-11      334   23  334     2     3      0   601  4.2e-09        -
           当前进度:   8 % - 求解线性方程组
Memory: 1195/1371 1208/1888
 140   5.957e-09  3.5156e-11      346   23  346     2     3      0   625  4.2e-09        -
 144  6.0859e-09  4.2969e-11      354   25  354     2     3      0   637  1.5e-07        -
 149  6.3008e-09  4.2969e-11      364   25  364     2     3      0   652  8.1e-07        -
 153  6.4648e-09  3.5156e-11      376   26  376     2     3      0   674  1.3e-08        -
 158  6.6406e-09  3.5156e-11      386   27  386     2     3      0   689  2.7e-07        -
 164  6.8516e-09  3.5156e-11      398   27  398     2     3      0   707  7.2e-07        -
 170   7.043e-09  4.2968e-11      410   29  410     2     3      0   725  6.3e-08        -
 176  7.3008e-09  4.2968e-11      422   29  422     2     3      0   746  4.7e-10        -
 180  7.4648e-09   3.516e-11      434   30  434     2     3      0   769  3.3e-08        -
 185  7.6406e-09   3.516e-11      444   31  444     2     3      0   784    5e-07        -
 189  7.7813e-09   3.516e-11      452   31  452     2     3      0   796  9.1e-07        -
 194  7.9571e-09   3.516e-11      462   31  462     2     3      0   816  2.8e-10        -
 197  8.0429e-09  4.2923e-11      468   33  468     2     3      0   825  6.6e-08        -
 202  8.2575e-09  4.2923e-11      478   33  478     2     3      0   841  4.3e-10        -
 207  8.4646e-09  3.5387e-11      492   34  492     2     3      0   868  1.8e-08        -
 211  8.6062e-09  3.5387e-11      500   35  500     2     3      0   880    2e-07        -
 217  8.8185e-09  3.5387e-11      512   35  512     2     3      0   898  5.2e-07        -
 222    8.98e-09  1.9987e-11      522   36  522     2     3      0   913  9.1e-10        -
 227  9.1599e-09  3.9974e-11      532   37  532     2     3      0   928  3.3e-07        -
 233  9.3997e-09  3.9974e-11      544   37  544     2     3      0   946    9e-07        -
 236     9.5e-09  3.0145e-11 out  554   39  554     2     3      0   963  6.6e-09        -
 241  9.8014e-09  6.0289e-11      564   40  564     2     3      0   987  2.6e-09        -
 246  1.0039e-08  3.8987e-11      574   41  574     2     3      0  1006  1.8e-07        -
 251  1.0234e-08  3.8987e-11      584   41  584     2     3      0  1021  5.8e-07        -
 256  1.0429e-08  3.8987e-11      594   41  594     2     3      0  1036  9.7e-07        -
 259  1.0536e-08  3.5569e-11      606   41  606     2     3      0  1060  2.1e-09        -
 262  1.0642e-08  3.5569e-11      618   41  618     2     3      0  1084  2.1e-09        -
 264  1.0713e-08  3.5569e-11      626   41  626     2     3      0  1100  2.1e-09        -
 266  1.0785e-08  3.5569e-11      634   41  634     2     3      0  1116  2.2e-09        -
 269  1.0891e-08  3.5569e-11      646   41  646     2     3      0  1140  2.2e-09        -
 272  1.0981e-08  1.8802e-11      656   42  656     2     3      0  1159  3.2e-10        -
 276  1.1113e-08  3.7604e-11      664   43  664     2     3      0  1171  8.8e-08        -
 281  1.1301e-08  3.7604e-11      674   43  674     2     3      0  1186  2.8e-07        -
 285  1.1451e-08  3.7604e-11      682   43  682     2     3      0  1198  4.4e-07        -
 288  1.1549e-08  4.8754e-11      688   45  688     2     3      0  1207  3.9e-08        -
 293  1.1793e-08  4.8754e-11      698   45  698     2     3      0  1222  8.1e-07        -
 297  1.1969e-08  3.0606e-11      706   46  706     2     3      0  1236  3.7e-09        -
 301  1.2184e-08  6.1213e-11      714   47  714     2     3      0  1252  1.7e-09        -
 306  1.2464e-08  3.5756e-11      724   48  724     2     3      0  1275    1e-08        -
 309  1.2607e-08  7.1511e-11      730   49  730     2     3      0  1285  3.3e-07        -
 311  1.2736e-08   6.436e-11      738   51  738     2     3      0  1302  2.1e-07        -
 315  1.2965e-08  3.5467e-11      746   52  746     2     3      0  1320  1.1e-08        -
 320  1.3142e-08  3.5467e-11      756   52  756     2     3      0  1335  2.2e-07        -
 325  1.3319e-08  3.5467e-11      766   52  766     2     3      0  1350  4.4e-07        -
 329  1.3461e-08  3.5467e-11      774   52  774     2     3      0  1362  6.2e-07        -
 332  1.3539e-08  3.8932e-11      780   54  780     2     3      0  1371    2e-08        -
           当前进度:   9 % - 正在组装残差
 336  1.3695e-08  3.8932e-11      788   54  788     2     3      0  1383  3.5e-07        -
 340   1.385e-08  3.8932e-11      796   54  796     2     3      0  1395    7e-07        -
 342  1.3945e-08  5.5342e-11      804   55  804     2     3      0  1409  1.9e-07        -
 344     1.4e-08  2.7671e-11 out  808   56  808     2     3      0  1415  2.4e-08        -
 347  1.4132e-08  4.9072e-11      818   58  818     2     3      0  1432  7.9e-08        -
 349  1.4225e-08  4.4165e-11      826   60  826     2     3      0  1446    5e-08        -
 351  1.4321e-08  4.5434e-11      836   63  836     2     4      0  1465  5.6e-08        -
 353  1.4414e-08  4.4173e-11      846   66  846     2     5      0  1484  6.2e-08        -
 357  1.4581e-08  3.8479e-11      858   68  858     2     5      0  1504  3.4e-08        -
 361  1.4735e-08  3.8479e-11      866   69  866     2     5      0  1516  4.5e-07        -
 365  1.4885e-08  3.4631e-11      878   70  878     2     5      0  1536    2e-08        -
 368  1.4977e-08  2.2761e-11      884   72  884     2     5      0  1545  2.6e-09        -
 373  1.5091e-08  2.2761e-11      894   72  894     2     5      0  1560  5.1e-08        -
 378  1.5205e-08  2.2761e-11      904   72  904     2     5      0  1575  9.6e-08        -
 383  1.5319e-08  2.2761e-11      914   72  914     2     5      0  1590  1.4e-07        -
 387   1.541e-08  2.2761e-11      922   72  922     2     5      0  1602  1.6e-07        -
 391    1.55e-08  2.2385e-11 out  930   72  930     2     5      0  1616  6.9e-10        -
 395  1.5679e-08  4.4771e-11      938   73  938     2     5      0  1628  7.3e-07        -
 400  1.5903e-08  4.4771e-11      948   73  948     2     5      0  1647  1.1e-09        -
 402  1.5974e-08  2.6146e-11      952   74  952     2     5      0  1654  2.9e-09        -
 407  1.6105e-08  2.6146e-11      962   74  962     2     5      0  1669  6.7e-08        -
 411  1.6209e-08  2.6146e-11      970   74  970     2     5      0  1681  1.1e-07        -
 416   1.634e-08  2.6146e-11      980   74  980     2     5      0  1696  1.7e-07        -
 421  1.6471e-08  2.6146e-11      990   74  990     2     5      0  1711  2.2e-07        -
 424  1.6529e-08  2.9376e-11      996   76  996     2     5      0  1720  5.5e-09        -
 429  1.6676e-08  2.9376e-11     1006   76 1006     2     5      0  1735  1.1e-07        -
 434  1.6823e-08  2.9376e-11     1016   76 1016     2     5      0  1750  2.2e-07        -
 435  1.6853e-08  2.9376e-11     1018   76 1018     2     5      0  1753  2.4e-07        -
 437  1.6911e-08  2.9376e-11     1022   76 1022     2     5      0  1759  2.8e-07        -
 439   1.697e-08  2.9376e-11     1026   76 1026     2     5      0  1765  3.3e-07        -
 440  1.6985e-08  1.4988e-11     1028   77 1028     2     5      0  1768  1.9e-10        -
 442   1.703e-08  2.9977e-11     1032   78 1032     2     5      0  1774  6.2e-09        -
 443   1.709e-08  5.9954e-11     1034   79 1034     2     5      0  1778    2e-07        -
 444  1.7144e-08  5.3959e-11     1040   80 1040     2     5      0  1791  1.1e-07        -
 446  1.7246e-08  4.8563e-11     1048   82 1048     2     5      0  1807  6.6e-08        -
 450  1.7441e-08  4.8563e-11     1056   83 1056     2     5      0  1819  8.4e-07        -
 453  1.7559e-08  5.9339e-11     1062   85 1062     2     5      0  1829  1.7e-07        -
 455  1.7662e-08  5.1288e-11     1070   87 1070     2     5      0  1846  7.4e-08        -
 457   1.776e-08  5.1684e-11     1080   90 1080     2     6      0  1867  7.1e-08        -
 458  1.7806e-08  4.6516e-11     1086   91 1086     2     6      0  1879  3.8e-08        -
 460  1.7902e-08  4.5298e-11     1096   94 1096     2     7      0  1900  3.1e-08        -
-          当前进度:  10 % - 正在组装残差
 462  1.7975e-08  2.4524e-11     1100   96 1100     2     7      0  1906  1.4e-09        -
 466  1.8117e-08   4.358e-11     1112   98 1112     2     7      0  1926  2.3e-08        -
 468  1.8203e-08  4.0816e-11     1120  100 1120     2     8      0  1941    9e-09        -
 470  1.8281e-08  3.6734e-11     1130  101 1130     2     8      0  1960  8.9e-09        -
 474  1.8428e-08  3.6734e-11     1138  102 1138     2     8      0  1972  1.1e-07        -
 477  1.8547e-08  4.7338e-11     1146  104 1146     2     9      0  1987  3.1e-08        -
 480  1.8675e-08  4.2604e-11     1158  104 1158     2     9      0  2011    1e-08        -
 482   1.876e-08  4.2604e-11     1166  104 1166     2     9      0  2027    1e-08        -
 484  1.8846e-08  4.2604e-11     1174  104 1174     2     9      0  2043    1e-08        -
 486  1.8931e-08  4.2604e-11     1182  104 1182     2     9      0  2059    1e-08        -
 487  1.8965e-08  3.4612e-11     1188  105 1188     2     9      0  2070  6.4e-09        -
 489  1.9035e-08  3.4612e-11     1192  106 1192     2     9      0  2076  3.4e-08        -
 492  1.9138e-08  3.4612e-11     1198  106 1198     2     9      0  2085  1.2e-07        -
 495  1.9242e-08  3.4612e-11     1204  106 1204     2     9      0  2094    2e-07        -
 498  1.9346e-08  3.4612e-11     1210  106 1210     2     9      0  2103  2.9e-07        -
 501   1.945e-08  3.4612e-11     1216  106 1216     2     9      0  2112  3.8e-07        -
 502  1.9475e-08  2.5022e-11     1222  107 1222     2     9      0  2123  1.6e-09        -
 505  1.9575e-08  5.0043e-11     1228  109 1228     2     9      0  2132  5.6e-08        -
 510  1.9825e-08  5.0043e-11     1238  109 1238     2     9      0  2148  7.3e-10        -
 513  1.9963e-08  3.7317e-11     1248  110 1248     2     9      0  2167  1.4e-08        -
 517  2.0112e-08  3.7317e-11     1256  111 1256     2     9      0  2179  1.9e-07        -
 521  2.0261e-08  3.7317e-11     1264  111 1264     2     9      0  2191  4.2e-07        -
 523  2.0336e-08  3.7317e-11     1268  111 1268     2     9      0  2197  5.4e-07        -
 527  2.0474e-08  2.6099e-11     1280  112 1280     2     9      0  2217  2.2e-09        -
 530  2.0578e-08  5.2198e-11     1286  114 1286     2     9      0  2226  7.3e-08        -
 535  2.0834e-08  4.6978e-11     1300  115 1300     2     9      0  2251  4.6e-08        -
 538  2.0964e-08   3.599e-11     1310  117 1310     2     9      0  2268  6.3e-07        -
 541  2.1072e-08   3.599e-11     1316  118 1316     2     9      0  2277  1.2e-07        -
 545  2.1216e-08   3.599e-11     1324  118 1324     2     9      0  2289  3.6e-07        -
 550  2.1396e-08   3.599e-11     1334  118 1334     2     9      0  2304  6.7e-07        -
 554  2.1534e-08  3.4062e-11     1345  118 1345     2     9      0  2325  2.2e-09        -
 558   2.167e-08  3.4062e-11     1357  118 1357     2     9      0  2349  2.1e-09        -
 562  2.1807e-08  3.4062e-11     1369  118 1369     2     9      0  2373    2e-09        -
 565  2.1909e-08  3.4062e-11     1378  118 1378     2     9      0  2391  1.9e-09        -
 567  2.1971e-08    2.86e-11     1387  119 1387     2     9      0  2408  6.4e-09        -
 570  2.2057e-08    2.86e-11     1393  120 1393     2     9      0  2417  5.6e-08        -
 575    2.22e-08    2.86e-11     1403  120 1403     2     9      0  2432  1.8e-07        -
 580  2.2343e-08    2.86e-11     1413  120 1413     2     9      0  2447    3e-07        -
 585  2.2479e-08  2.1202e-11     1427  121 1427     2     9      0  2470  1.4e-09        -
 589  2.2564e-08  2.1202e-11     1435  122 1435     2     9      0  2482  1.8e-08        -
 593  2.2648e-08  2.1202e-11     1443  122 1443     2     9      0  2494  3.8e-08        -
 598  2.2754e-08  2.1202e-11     1453  122 1453     2     9      0  2509  6.3e-08        -
 603   2.286e-08  2.1202e-11     1463  122 1463     2     9      0  2524  8.5e-08        -
-          当前进度:  11 % - 正在组装残差
 607  2.2945e-08  2.1202e-11     1471  122 1471     2     9      0  2536    1e-07        -
 609  2.2983e-08  1.6777e-11     1479  123 1479     2     9      0  2550  3.7e-10        -
 611  2.3034e-08  3.3554e-11     1483  125 1483     2     9      0  2556  1.2e-08        -
 615  2.3168e-08  3.3554e-11     1491  125 1491     2     9      0  2568    2e-07        -
 619  2.3302e-08  3.3554e-11     1499  125 1499     2     9      0  2580  3.6e-07        -
 623  2.3436e-08  3.3554e-11     1507  125 1507     2     9      0  2592  5.1e-07        -
 625    2.35e-08  3.1901e-11 out 1513  125 1513     2     9      0  2604  1.4e-09        -
 628  2.3596e-08  3.1901e-11     1522  125 1522     2     9      0  2622  1.5e-09        -
 630   2.366e-08  3.1901e-11     1528  125 1528     2     9      0  2634  1.5e-09        -
 632  2.3723e-08  3.1901e-11     1534  125 1534     2     9      0  2646  1.5e-09        -
 635  2.3819e-08  3.1901e-11     1543  125 1543     2     9      0  2664  1.5e-09        -
 638  2.3915e-08  3.1901e-11     1552  125 1552     2     9      0  2682  1.5e-09        -
 640  2.3973e-08  2.6695e-11     1561  126 1561     2     9      0  2699  3.4e-09        -
 642  2.4027e-08  2.6695e-11     1565  127 1565     2     9      0  2705  1.7e-08        -
 646  2.4133e-08  2.6695e-11     1573  127 1573     2     9      0  2717  6.8e-08        -
 650   2.424e-08  2.6695e-11     1581  127 1581     2     9      0  2729  1.2e-07        -
 654  2.4347e-08  2.6695e-11     1589  127 1589     2     9      0  2741  1.7e-07        -
 658  2.4454e-08  2.6695e-11     1597  127 1597     2     9      0  2753  2.3e-07        -
 659  2.4477e-08  2.3092e-11     1603  128 1603     2     9      0  2764  1.9e-09        -
 661  2.4546e-08  4.6184e-11     1607  130 1607     2     9      0  2770  5.9e-08        -
 665  2.4731e-08  4.6184e-11     1615  130 1615     2     9      0  2782  9.3e-07        -
 669  2.4916e-08  4.6184e-11     1623  130 1623     2     9      0  2798  5.1e-10        -
 671     2.5e-08  4.2172e-11 out 1631  130 1631     2     9      0  2814  3.8e-09        -
 673  2.5084e-08  4.2172e-11     1639  130 1639     2     9      0  2830  3.8e-09        -
 675  2.5169e-08  4.2172e-11     1647  130 1647     2     9      0  2846  3.8e-09        -
 677  2.5253e-08  4.2172e-11     1655  130 1655     2     9      0  2862  3.8e-09        -
 679  2.5337e-08  4.2172e-11     1663  130 1663     2     9      0  2878  3.8e-09        -
 682  2.5461e-08  3.9141e-11     1677  131 1677     2     9      0  2905  1.5e-08        -
 685  2.5578e-08  3.9141e-11     1683  132 1683     2     9      0  2914  1.2e-07        -
 690  2.5774e-08  3.9141e-11     1693  132 1693     2     9      0  2929  3.7e-07        -
 694  2.5931e-08  3.9141e-11     1701  132 1701     2     9      0  2941  5.6e-07        -
 696     2.6e-08  3.4725e-11 out 1709  132 1709     2     9      0  2957  4.7e-09        -
 698  2.6069e-08  3.4725e-11     1717  132 1717     2     9      0  2973  4.7e-09        -
 700  2.6139e-08  3.4725e-11     1725  132 1725     2     9      0  2989  4.6e-09        -
 702  2.6208e-08  3.4725e-11     1733  132 1733     2     9      0  3005  4.6e-09        -
 705  2.6313e-08  3.4725e-11     1745  132 1745     2     9      0  3029  4.5e-09        -
 708  2.6417e-08  3.4725e-11     1757  132 1757     2     9      0  3053  4.4e-09        -
 710  2.6476e-08  2.4284e-11     1765  134 1765     2     9      0  3067  1.1e-09        -
 715  2.6597e-08  2.4284e-11     1775  134 1775     2     9      0  3082  2.5e-08        -
 720  2.6719e-08  2.4284e-11     1785  134 1785     2     9      0  3097  4.9e-08        -
 724  2.6816e-08  2.4284e-11     1793  134 1793     2     9      0  3109  6.9e-08        -
 728  2.6913e-08  2.4284e-11     1801  134 1801     2     9      0  3121  8.8e-08        -
 731  2.6981e-08  1.9298e-11     1811  135 1811     2     9      0  3138  4.4e-10        -
 733  2.7039e-08  3.8596e-11     1815  137 1815     2     9      0  3144  1.4e-08        -
 738  2.7232e-08  3.8596e-11     1825  137 1825     2     9      0  3159  3.2e-07        -
-          当前进度:  12 % - 正在组装残差
 742  2.7386e-08  3.8596e-11     1833  137 1833     2     9      0  3171  5.7e-07        -
 746  2.7538e-08  3.7724e-11     1841  137 1841     2     9      0  3186    9e-09        -
 750  2.7689e-08  3.7724e-11     1849  137 1849     2     9      0  3202  8.8e-09        -
 753  2.7802e-08  3.7724e-11     1855  137 1855     2     9      0  3214  8.7e-09        -
 757  2.7953e-08  3.7724e-11     1863  137 1863     2     9      0  3230  8.4e-09        -
 760  2.8047e-08  4.7306e-11     1869  139 1869     2     9      0  3239    5e-08        -
 763  2.8189e-08  4.7306e-11     1875  139 1875     2     9      0  3248  6.6e-07        -
 766  2.8331e-08  4.7306e-11     1881  139 1881     2     9      0  3259  1.8e-10        -
 769  2.8463e-08  3.7122e-11     1891  140 1891     2     9      0  3278  1.4e-08        -
 772  2.8574e-08  3.7122e-11     1897  141 1897     2     9      0  3287  1.3e-07        -
 775  2.8686e-08  3.7122e-11     1903  141 1903     2     9      0  3296  3.1e-07        -
 779  2.8834e-08  3.7122e-11     1911  141 1911     2     9      0  3308  5.7e-07        -
 783  2.8973e-08  2.7271e-11     1923  142 1923     2     9      0  3328  3.4e-09        -
 786  2.9055e-08  2.7271e-11     1929  143 1929     2     9      0  3337  3.1e-08        -
 790  2.9164e-08  2.7271e-11     1937  143 1937     2     9      0  3349  8.9e-08        -
 794  2.9273e-08  2.7271e-11     1945  143 1945     2     9      0  3361  1.5e-07        -
 798  2.9382e-08  2.7271e-11     1953  143 1953     2     9      0  3373  2.1e-07        -
 802  2.9482e-08  1.8198e-11     1965  144 1965     2     9      0  3393  4.7e-10        -
 804  2.9536e-08  3.6395e-11     1969  146 1969     2     9      0  3399  1.5e-08        -
 808  2.9682e-08  3.6395e-11     1977  146 1977     2     9      0  3411  2.5e-07        -
 812  2.9828e-08  3.6395e-11     1985  146 1985     2     9      0  3423  4.9e-07        -
 816  2.9968e-08  3.1629e-11     1997  147 1997     2     9      0  3443  7.5e-09        -
 818  3.0032e-08  3.1629e-11     2001  148 2001     2     9      0  3449  3.8e-08        -
 822  3.0158e-08  3.1629e-11     2009  148 2009     2     9      0  3461  1.5e-07        -
 826  3.0285e-08  3.1629e-11     2017  148 2017     2     9      0  3473  2.6e-07        -
 830  3.0411e-08  3.1629e-11     2025  148 2025     2     9      0  3485  3.6e-07        -
 833    3.05e-08    2.86e-11 out 2035  148 2035     2     9      0  3504  6.6e-10        -
 836  3.0586e-08    2.86e-11     2047  148 2047     2     9      0  3528  6.7e-10        -
 839  3.0672e-08    2.86e-11     2059  148 2059     2     9      0  3552  6.7e-10        -
 841  3.0729e-08    2.86e-11     2067  148 2067     2     9      0  3568  6.7e-10        -
 844  3.0815e-08    2.86e-11     2079  148 2079     2     9      0  3592  6.8e-10        -
 846  3.0872e-08    2.86e-11     2087  148 2087     2     9      0  3608  6.8e-10        -
 848  3.0929e-08    2.86e-11     2095  148 2095     2     9      0  3624  6.8e-10        -
 850  3.0979e-08  2.1202e-11     2105  149 2105     2     9      0  3643  9.7e-10        -
 853  3.1042e-08  2.1202e-11     2111  150 2111     2     9      0  3652  8.8e-09        -
 857  3.1148e-08  4.2403e-11     2119  151 2119     2     9      0  3664    3e-08        -
 862   3.136e-08  4.2403e-11     2129  151 2129     2     9      0  3679    6e-07        -
 866    3.15e-08  2.7382e-11 out 2137  152 2137     2     9      0  3691  1.8e-08        -
 871  3.1637e-08  2.7382e-11     2147  152 2147     2     9      0  3706  8.8e-08        -
 876  3.1774e-08  2.7382e-11     2157  152 2157     2     9      0  3721  1.6e-07        -
 881  3.1911e-08  2.7382e-11     2167  152 2167     2     9      0  3736  2.3e-07        -
 883  3.1966e-08  2.7382e-11     2171  152 2171     2     9      0  3742  2.6e-07        -
 885     3.2e-08  1.7249e-11 out 2175  153 2175     2     9      0  3748  1.6e-09        -
 888  3.2103e-08  3.4498e-11     2181  154 2181     2     9      0  3757  9.2e-08        -
-          当前进度:  13 % - 正在组装残差
 892  3.2241e-08  3.4498e-11     2189  154 2189     2     9      0  3769  2.6e-07        -
 895  3.2345e-08  3.4498e-11     2195  154 2195     2     9      0  3778  3.8e-07        -
 897  3.2414e-08  3.4498e-11     2199  154 2199     2     9      0  3784  4.6e-07        -
 899  3.2474e-08  2.5766e-11     2207  155 2207     2     9      0  3798  1.9e-09        -
 900    3.25e-08  2.5766e-11 out 2209  156 2209     2     9      0  3801  1.9e-09        -
 901  3.2526e-08  2.5766e-11     2211  156 2211     2     9      0  3804  8.4e-09        -
 906  3.2655e-08  2.5766e-11     2221  156 2221     2     9      0  3819  4.1e-08        -
 909  3.2732e-08  2.5766e-11     2227  156 2227     2     9      0  3828    6e-08        -
 912  3.2809e-08  2.5766e-11     2233  156 2233     2     9      0  3837  7.9e-08        -
 917  3.2938e-08  2.5766e-11     2243  156 2243     2     9      0  3852  1.1e-07        -
 919  3.2982e-08   1.811e-11     2251  157 2251     2     9      0  3866  2.4e-10        -
 921  3.3036e-08   3.622e-11     2255  159 2255     2     9      0  3872  7.7e-09        -
 926  3.3217e-08   3.622e-11     2265  159 2265     2     9      0  3887  1.5e-07        -
 931  3.3398e-08   3.622e-11     2275  159 2275     2     9      0  3902  2.8e-07        -
 934    3.35e-08   3.268e-11 out 2285  159 2285     2     9      0  3921  1.2e-09        -
 937  3.3598e-08   3.268e-11     2297  159 2297     2     9      0  3945  1.2e-09        -
 940  3.3696e-08   3.268e-11     2309  159 2309     2     9      0  3969  1.2e-09        -
 943  3.3794e-08   3.268e-11     2321  159 2321     2     9      0  3993  1.2e-09        -
 946  3.3892e-08   3.268e-11     2333  159 2333     2     9      0  4017  1.2e-09        -
 949  3.3979e-08  2.1237e-11     2343  160 2343     2     9      0  4036  5.1e-10        -
 953  3.4127e-08  4.2474e-11     2351  161 2351     2     9      0  4048  1.5e-07        -
 958   3.434e-08  4.2474e-11     2361  161 2361     2     9      0  4063  5.1e-07        -
 961  3.4462e-08  3.7632e-11     2371  162 2371     2     9      0  4080  9.3e-09        -
 965  3.4613e-08  3.7632e-11     2379  163 2379     2     9      0  4092  1.3e-07        -
 970  3.4801e-08  3.7632e-11     2389  163 2389     2     9      0  4107  3.4e-07        -
 975  3.4976e-08  2.4211e-11     2399  164 2399     2     9      0  4122  1.3e-09        -
 980  3.5097e-08  2.4211e-11     2409  164 2409     2     9      0  4137  2.7e-08        -
 985  3.5218e-08  2.4211e-11     2419  164 2419     2     9      0  4152  5.4e-08        -
 990  3.5339e-08  2.4211e-11     2429  164 2429     2     9      0  4167    8e-08        -
 995   3.546e-08  2.4211e-11     2439  164 2439     2     9      0  4182  1.1e-07        -
 997    3.55e-08  1.9996e-11 out 2447  166 2447     2     9      0  4196  5.2e-10        -
1001   3.566e-08  3.9992e-11     2455  167 2455     2     9      0  4208  2.2e-07        -
1006   3.586e-08  3.9992e-11     2465  167 2465     2     9      0  4223  5.8e-07        -
1009   3.597e-08  3.0044e-11     2475  168 2475     2     9      0  4240  4.1e-09        -
1013   3.609e-08  3.0044e-11     2483  169 2483     2     9      0  4252  5.4e-08        -
1018   3.624e-08  3.0044e-11     2493  169 2493     2     9      0  4267  1.4e-07        -
1023  3.6391e-08  3.0044e-11     2503  169 2503     2     9      0  4282  2.3e-07        -
1026  3.6475e-08  2.4673e-11     2513  170 2513     2     9      0  4299  1.5e-09        -
1030  3.6574e-08  2.4673e-11     2521  171 2521     2     9      0  4311    2e-08        -
1034  3.6673e-08  2.4673e-11     2529  171 2529     2     9      0  4323  4.5e-08        -
1039  3.6796e-08  2.4673e-11     2539  171 2539     2     9      0  4338  7.7e-08        -
1044  3.6919e-08  2.4673e-11     2549  171 2549     2     9      0  4353  1.1e-07        -
1048     3.7e-08  1.5605e-11 out 2557  172 2557     2     9      0  4365  7.8e-10        -
1052  3.7125e-08   3.121e-11     2565  173 2565     2     9      0  4377  6.5e-08        -
1057  3.7281e-08   3.121e-11     2575  173 2575     2     9      0  4392  1.6e-07        -
1062  3.7437e-08   3.121e-11     2585  173 2585     2     9      0  4407  2.5e-07        -
1066  3.7532e-08   3.185e-11     2593  175 2593     2     9      0  4419  5.6e-09        -
1070  3.7659e-08   3.185e-11     2601  175 2601     2     9      0  4431    1e-07        -
-          当前进度:  14 % - 正在组装残差
1073  3.7755e-08   3.185e-11     2607  175 2607     2     9      0  4440  1.7e-07        -
1077  3.7882e-08   3.185e-11     2615  175 2615     2     9      0  4452  2.4e-07        -
1080  3.7973e-08  2.7053e-11     2625  176 2625     2     9      0  4469  2.1e-09        -
1084  3.8081e-08  2.7053e-11     2633  177 2633     2     9      0  4481  2.6e-08        -
1088  3.8189e-08  2.7053e-11     2641  177 2641     2     9      0  4493  5.8e-08        -
1093  3.8325e-08  2.7053e-11     2651  177 2651     2     9      0  4508  9.4e-08        -
1097  3.8433e-08  2.7053e-11     2659  177 2659     2     9      0  4520  1.2e-07        -
1099   3.848e-08  2.0053e-11     2667  178 2667     2     9      0  4534  5.1e-10        -
1103   3.856e-08  2.0053e-11     2675  179 2675     2     9      0  4546  6.7e-09        -
1107   3.864e-08  2.0053e-11     2683  179 2683     2     9      0  4558  1.5e-08        -
1111  3.8741e-08  4.0105e-11     2691  180 2691     2     9      0  4570  1.8e-08        -
1115  3.8901e-08  4.0105e-11     2699  180 2699     2     9      0  4582    3e-07        -
1117  3.8971e-08  2.9422e-11     2707  181 2707     2     9      0  4596  4.2e-09        -
1121  3.9088e-08  2.9422e-11     2715  182 2715     2     9      0  4608  5.2e-08        -
1125  3.9206e-08  2.9422e-11     2723  182 2723     2     9      0  4620  1.2e-07        -
1130  3.9353e-08  2.9422e-11     2733  182 2733     2     9      0  4635    2e-07        -
1135    3.95e-08  2.9335e-11 out 2743  182 2743     2     9      0  4652  1.3e-10        -
1140  3.9647e-08  2.9335e-11     2753  182 2753     2     9      0  4672  1.3e-10        -
1145  3.9793e-08  2.9335e-11     2763  182 2763     2     9      0  4692  1.2e-10        -
1148  3.9881e-08  2.9335e-11     2769  182 2769     2     9      0  4704  1.2e-10        -
1152  3.9985e-08  1.5322e-11     2777  183 2777     2     9      0  4719  8.7e-11        -
1156  4.0092e-08  3.0644e-11     2785  184 2785     2     9      0  4731  2.2e-08        -
1161  4.0245e-08  3.0644e-11     2795  184 2795     2     9      0  4746    7e-08        -
1165  4.0368e-08  3.0644e-11     2803  184 2803     2     9      0  4758  1.1e-07        -
1169   4.048e-08  2.0169e-11     2811  185 2811     2     9      0  4770  2.7e-10        -
1174  4.0581e-08  2.0169e-11     2821  185 2821     2     9      0  4785  5.2e-09        -
1178  4.0661e-08  2.0169e-11     2829  185 2829     2     9      0  4797  9.6e-09        -
1182  4.0823e-08  4.0339e-11     2837  186 2837     2     9      0  4809  8.6e-08        -
1186  4.0972e-08  2.8137e-11     2849  187 2849     2     9      0  4829  1.1e-09        -
1189  4.1056e-08  2.8137e-11     2855  188 2855     2     9      0  4838    1e-08        -
1194  4.1197e-08  2.8137e-11     2865  188 2865     2     9      0  4853  3.4e-08        -
1198   4.131e-08  2.8137e-11     2873  188 2873     2     9      0  4865  5.2e-08        -
1203   4.145e-08  2.8137e-11     2883  188 2883     2     9      0  4880  7.5e-08        -
1206  4.1525e-08  2.4901e-11     2895  188 2895     2     9      0  4904  4.5e-10        -
1209    4.16e-08  2.4901e-11     2907  188 2907     2     9      0  4928  4.5e-10        -
1212  4.1674e-08  2.4901e-11     2919  188 2919     2     9      0  4952  4.5e-10        -
1215  4.1749e-08  2.4901e-11     2931  188 2931     2     9      0  4976  4.5e-10        -
1217  4.1799e-08  2.4901e-11     2939  188 2939     2     9      0  4992  4.5e-10        -
1220  4.1874e-08  2.4901e-11     2951  188 2951     2     9      0  5016  4.5e-10        -
1223  4.1948e-08  2.4901e-11     2963  188 2963     2     9      0  5040  4.6e-10        -
1226     4.2e-08  1.3438e-11 out 2971  189 2971     2     9      0  5054  1.9e-10        -
1230  4.2108e-08  2.6877e-11     2979  190 2979     2     9      0  5066  1.9e-08        -
1235  4.2242e-08  2.6877e-11     2989  190 2989     2     9      0  5081  4.4e-08        -
1240  4.2376e-08  2.6877e-11     2999  190 2999     2     9      0  5096  6.8e-08        -
1244  4.2478e-08   2.155e-11     3011  191 3011     2     9      0  5116  3.6e-10        -
1247  4.2543e-08   2.155e-11     3017  192 3017     2     9      0  5125  3.9e-09        -
1252  4.2651e-08   2.155e-11     3027  192 3027     2     9      0  5140  1.1e-08        -
1258   4.278e-08   2.155e-11     3039  192 3039     2     9      0  5158  2.1e-08        -
1262  4.2866e-08   2.155e-11     3047  192 3047     2     9      0  5170  2.7e-08        -
1267  4.2974e-08   2.155e-11     3057  192 3057     2     9      0  5185  3.4e-08        -
1270  4.3026e-08  2.5909e-11     3063  194 3063     2     9      0  5194  7.7e-10        -
-          当前进度:  15 % - 
1274   4.313e-08  2.5909e-11     3071  194 3071     2     9      0  5206  1.3e-08        -
1279  4.3259e-08  2.5909e-11     3081  194 3081     2     9      0  5221  2.8e-08        -
1284  4.3389e-08  2.5909e-11     3091  194 3091     2     9      0  5236  4.3e-08        -
1288  4.3483e-08  1.6822e-11     3099  195 3099     2     9      0  5248  6.8e-11        -
1292  4.3601e-08  3.3643e-11     3107  196 3107     2     9      0  5260  1.7e-08        -
1298  4.3803e-08  3.3643e-11     3119  196 3119     2     9      0  5278  6.1e-08        -
1303  4.3969e-08  3.1318e-11     3130  196 3130     2     9      0  5296  5.4e-10        -
1307  4.4094e-08  3.1318e-11     3142  196 3142     2     9      0  5320  5.3e-10        -
1310  4.4188e-08  3.1318e-11     3151  196 3151     2     9      0  5338  5.2e-10        -
1313  4.4282e-08  3.1318e-11     3160  196 3160     2     9      0  5356  5.2e-10        -
1316  4.4376e-08  3.1318e-11     3169  196 3169     2     9      0  5374  5.3e-10        -
1319  4.4469e-08  3.0777e-11     3178  196 3178     2     9      0  5392  8.6e-10        -
1322  4.4562e-08  3.0777e-11     3187  196 3187     2     9      0  5410  8.8e-10        -
1325  4.4654e-08  3.0777e-11     3196  196 3196     2     9      0  5428    9e-10        -
1329  4.4777e-08  3.0777e-11     3208  196 3208     2     9      0  5452  9.4e-10        -
1333    4.49e-08  3.0777e-11     3220  196 3220     2     9      0  5476  9.8e-10        -
1336  4.4981e-08  1.9169e-11     3228  197 3228     2     9      0  5491    1e-10        -
1341  4.5077e-08  1.9169e-11     3238  197 3238     2     9      0  5506  2.2e-09        -
1346  4.5173e-08  1.9169e-11     3248  197 3248     2     9      0  5521  4.2e-09        -
1351  4.5268e-08  1.9169e-11     3258  197 3258     2     9      0  5536  6.2e-09        -
1356  4.5364e-08  1.9169e-11     3268  197 3268     2     9      0  5551  8.1e-09        -
1361   4.546e-08  1.9169e-11     3278  197 3278     2     9      0  5566  9.8e-09        -
1365  4.5521e-08  2.0769e-11     3286  199 3286     2     9      0  5578  1.6e-10        -
1370  4.5625e-08  2.0769e-11     3296  199 3296     2     9      0  5593  3.6e-09        -
1375  4.5728e-08  2.0769e-11     3306  199 3306     2     9      0  5608  7.2e-09        -
1381  4.5853e-08  2.0769e-11     3318  199 3318     2     9      0  5626  1.1e-08        -
1386  4.5957e-08  2.0769e-11     3328  199 3328     2     9      0  5641  1.4e-08        -
1389     4.6e-08   1.116e-11 out 3334  200 3334     2     9      0  5650  4.8e-11        -
1393  4.6089e-08   2.232e-11     3342  201 3342     2     9      0  5662  3.9e-09        -
1399  4.6223e-08   2.232e-11     3354  201 3354     2     9      0  5680  1.2e-08        -
1404  4.6335e-08   2.232e-11     3364  201 3364     2     9      0  5695  1.7e-08        -
1410  4.6469e-08   2.232e-11     3376  201 3376     2     9      0  5713  2.4e-08        -
1412    4.65e-08  1.5638e-11 out 3384  203 3384     2     9      0  5727  6.1e-11        -
1416  4.6625e-08  3.1275e-11     3392  204 3392     2     9      0  5739  2.1e-08        -
1421  4.6781e-08  3.1275e-11     3402  204 3402     2     9      0  5754  5.7e-08        -
1426  4.6938e-08  3.1275e-11     3412  204 3412     2     9      0  5769  8.8e-08        -
1431  4.7093e-08  3.1073e-11     3422  204 3422     2     9      0  5789  3.5e-10        -
1437   4.728e-08  3.1073e-11     3434  204 3434     2     9      0  5813  3.6e-10        -
1441  4.7404e-08  3.1073e-11     3442  204 3442     2     9      0  5829  3.6e-10        -
1445    4.75e-08  1.6956e-11 out 3450  205 3450     2     9      0  5843  1.4e-10        -
1449  4.7619e-08  3.3912e-11     3458  206 3458     2     9      0  5855  8.7e-09        -
1453  4.7754e-08  3.3912e-11     3466  206 3466     2     9      0  5867    2e-08        -
1458  4.7924e-08  3.3912e-11     3476  206 3476     2     9      0  5882  3.3e-08        -
1462  4.8021e-08  2.1096e-11     3484  207 3484     2     9      0  5894  6.7e-10        -
1467  4.8127e-08  2.1096e-11     3494  207 3494     2     9      0  5909  1.7e-09        -
1472  4.8232e-08  2.1096e-11     3504  207 3504     2     9      0  5924  2.7e-09        -
1478  4.8359e-08  2.1096e-11     3516  207 3516     2     9      0  5942  3.8e-09        -
1483  4.8464e-08  2.1096e-11     3526  207 3526     2     9      0  5957  5.2e-09        -
1486  4.8518e-08  1.7942e-11     3538  207 3538     2     9      0  5981  3.9e-10        -
1489  4.8572e-08  1.7942e-11     3550  207 3550     2     9      0  6005  3.9e-10        -
1492  4.8626e-08  1.7942e-11     3562  207 3562     2     9      0  6029  3.9e-10        -
-          当前进度:  16 % - 
1495  4.8679e-08  1.7942e-11     3574  207 3574     2     9      0  6053  3.9e-10        -
1498  4.8733e-08  1.7942e-11     3586  207 3586     2     9      0  6077  3.9e-10        -
1500  4.8769e-08  1.7942e-11     3594  207 3594     2     9      0  6093  3.9e-10        -
1503  4.8823e-08  1.7942e-11     3606  207 3606     2     9      0  6117  3.9e-10        -
1506  4.8877e-08  1.7942e-11     3618  207 3618     2     9      0  6141  3.9e-10        -
1508  4.8913e-08  1.7942e-11     3626  207 3626     2     9      0  6157  3.9e-10        -
1510  4.8949e-08  1.7942e-11     3634  207 3634     2     9      0  6173  3.9e-10        -
1512  4.8983e-08  1.6748e-11     3644  208 3644     2     9      0  6192  5.3e-11        -
1514  4.9033e-08  3.3496e-11     3648  210 3648     2     9      0  6198  1.7e-09        -
1518  4.9167e-08  3.3496e-11     3656  210 3656     2     9      0  6210  1.6e-08        -
1523  4.9335e-08  3.3496e-11     3666  210 3666     2     9      0  6225  3.5e-08        -
1528    4.95e-08  3.2279e-11 out 3676  210 3676     2     9      0  6242  4.1e-09        -
1533  4.9661e-08  3.2279e-11     3686  210 3686     2     9      0  6262  4.1e-09        -
1539  4.9855e-08  3.2279e-11     3698  210 3698     2     9      0  6286  4.1e-09        -
1543  4.9976e-08  2.4048e-11     3710  211 3710     2     9      0  6309    4e-10        -
1547  5.0072e-08  2.4048e-11     3718  212 3718     2     9      0  6321  4.4e-09        -
1553  5.0216e-08  2.4048e-11     3730  212 3730     2     9      0  6339  1.2e-08        -
1558  5.0337e-08  2.4048e-11     3740  212 3740     2     9      0  6354  1.8e-08        -
1564  5.0478e-08  2.1541e-11     3753  212 3753     2     9      0  6375  9.6e-10        -
1568  5.0565e-08  2.1541e-11     3765  212 3765     2     9      0  6399  9.6e-10        -
1572  5.0651e-08  2.1541e-11     3777  212 3777     2     9      0  6423  9.5e-10        -
1576  5.0737e-08  2.1541e-11     3789  212 3789     2     9      0  6447  9.4e-10        -
1580  5.0823e-08  2.1541e-11     3801  212 3801     2     9      0  6471  8.1e-10        -
1584  5.0909e-08  2.1541e-11     3813  212 3813     2     9      0  6495  7.4e-10        -
1587  5.0974e-08  2.1541e-11     3822  212 3822     2     9      0  6513  6.8e-10        -
1590  5.1026e-08  2.6089e-11     3828  214 3828     2     9      0  6522  5.4e-10        -
1595  5.1157e-08  2.6089e-11     3838  214 3838     2     9      0  6537  9.9e-09        -
1600  5.1287e-08  2.6089e-11     3848  214 3848     2     9      0  6552    2e-08        -
1606  5.1444e-08  2.6089e-11     3860  214 3860     2     9      0  6570  3.2e-08        -
1609    5.15e-08  1.5195e-11 out 3866  215 3866     2     9      0  6579  1.7e-10        -
1612  5.1591e-08   3.039e-11     3872  216 3872     2     9      0  6588  7.5e-09        -
1617  5.1743e-08   3.039e-11     3882  216 3882     2     9      0  6603  2.7e-08        -
1623  5.1925e-08   3.039e-11     3894  216 3894     2     9      0  6621  4.9e-08        -
1625  5.1978e-08  2.2078e-11     3902  217 3902     2     9      0  6635  3.7e-10        -
1629  5.2066e-08  2.2078e-11     3910  218 3910     2     9      0  6647  2.8e-09        -
1635  5.2199e-08  2.2078e-11     3922  218 3922     2     9      0  6665  7.7e-09        -
1640  5.2309e-08  2.2078e-11     3932  218 3932     2     9      0  6680  1.2e-08        -
1643  5.2375e-08  2.2078e-11     3938  218 3938     2     9      0  6689  1.4e-08        -
1648  5.2482e-08  1.8183e-11     3952  219 3952     2     9      0  6712  5.8e-11        -
1652  5.2555e-08  1.8183e-11     3960  220 3960     2     9      0  6724    1e-09        -
1658  5.2664e-08  1.8183e-11     3972  220 3972     2     9      0  6742    3e-09        -
1663  5.2755e-08  1.8183e-11     3982  220 3982     2     9      0  6757  4.7e-09        -
1669  5.2864e-08  1.8183e-11     3994  220 3994     2     9      0  6775  6.6e-09        -
1675  5.2973e-08  1.8183e-11     4006  220 4006     2     9      0  6793  8.4e-09        -
1677     5.3e-08   1.362e-11 out 4014  222 4014     2     9      0  6807  1.9e-11        -
1682  5.3136e-08   2.724e-11     4024  223 4024     2     9      0  6822  1.4e-08        -
1688    5.33e-08   2.724e-11     4036  223 4036     2     9      0  6840  3.5e-08        -
-          当前进度:  17 % - 
1694  5.3463e-08   2.724e-11     4048  223 4048     2     9      0  6858  5.3e-08        -
1696    5.35e-08  1.8459e-11 out 4056  225 4056     2     9      0  6872    2e-10        -
1702  5.3611e-08  1.8459e-11     4068  225 4068     2     9      0  6890  5.1e-09        -
1708  5.3722e-08  1.8459e-11     4080  225 4080     2     9      0  6908  9.9e-09        -
1714  5.3832e-08  1.8459e-11     4092  225 4092     2     9      0  6926  1.5e-08        -
1719  5.3925e-08  1.8459e-11     4102  225 4102     2     9      0  6941  1.9e-08        -
1724     5.4e-08  1.0038e-11 out 4112  226 4112     2     9      0  6956  3.9e-11        -
1729    5.41e-08  2.0076e-11     4122  227 4122     2     9      0  6971  4.1e-09        -
1734  5.4201e-08  2.0076e-11     4132  227 4132     2     9      0  6986  8.9e-09        -
1740  5.4321e-08  2.0076e-11     4144  227 4144     2     9      0  7004  1.4e-08        -
1746  5.4442e-08  2.0076e-11     4156  227 4156     2     9      0  7022    2e-08        -
1750  5.4519e-08  1.9126e-11     4164  227 4164     2     9      0  7037  1.3e-09        -
1756  5.4634e-08  1.9126e-11     4176  227 4176     2     9      0  7061  1.3e-09        -
1762  5.4749e-08  1.9126e-11     4188  227 4188     2     9      0  7085  1.2e-09        -
1768  5.4863e-08  1.9126e-11     4200  227 4200     2     9      0  7109  1.2e-09        -
1774  5.4978e-08  1.9126e-11     4212  227 4212     2     9      0  7133  1.2e-09        -
1778  5.5044e-08  2.1841e-11     4220  229 4220     2     9      0  7145    7e-10        -
1784  5.5175e-08  2.1841e-11     4232  229 4232     2     9      0  7163    4e-09        -
1790  5.5306e-08  2.1841e-11     4244  229 4244     2     9      0  7181  7.2e-09        -
1795  5.5415e-08  2.1841e-11     4254  229 4254     2     9      0  7196  9.9e-09        -
1800  5.5521e-08  2.0672e-11     4264  229 4264     2     9      0  7214    2e-09        -
1806  5.5645e-08  2.0672e-11     4276  229 4276     2     9      0  7238    2e-09        -
1810   5.581e-08  8.2688e-11     4282  231 4282     2     9      0  7246        0        -
1815     5.7e-08       5e-10 out 4287  234 4287     2     9      0  7246        0        -
1824    6.15e-08       5e-10 out 4296  234 4296     2     9      0  7246        0        -
1834    6.65e-08       5e-10 out 4306  234 4306     2     9      0  7246        0        -
1844    7.15e-08       5e-10 out 4316  234 4316     2     9      0  7246        0        -
1853     7.6e-08       5e-10 out 4325  234 4325     2     9      0  7246        0        -
1863     8.1e-08       5e-10 out 4335  234 4335     2     9      0  7246        0        -
1873     8.6e-08       5e-10 out 4345  234 4345     2     9      0  7246        0        -
1882    9.05e-08       5e-10 out 4354  234 4354     2     9      0  7246        0        -
1886    9.25e-08       5e-10 out 4358  234 4358     2     9      0  7246        0        -
1896    9.75e-08       5e-10 out 4368  234 4368     2     9      0  7246        0        -
1904   1.015e-07       5e-10 out 4376  234 4376     2     9      0  7246        0        -
1912   1.055e-07       5e-10 out 4384  234 4384     2     9      0  7246        0        -
1920   1.095e-07       5e-10 out 4392  234 4392     2     9      0  7246        0        -
1926   1.125e-07       5e-10 out 4398  234 4398     2     9      0  7246        0        -
1936   1.175e-07       5e-10 out 4408  234 4408     2     9      0  7246        0        -
1945    1.22e-07       5e-10 out 4417  234 4417     2     9      0  7246        0        -
1955    1.27e-07       5e-10 out 4427  234 4427     2     9      0  7246        0        -
1965    1.32e-07       5e-10 out 4437  234 4437     2     9      0  7246        0        -
1975    1.37e-07       5e-10 out 4447  234 4447     2     9      0  7246        0        -
1985    1.42e-07       5e-10 out 4457  234 4457     2     9      0  7246        0        -
1995    1.47e-07       5e-10 out 4467  234 4467     2     9      0  7246        0        -
2004   1.515e-07       5e-10 out 4476  234 4476     2     9      0  7246        0        -
2014   1.565e-07       5e-10 out 4486  234 4486     2     9      0  7246        0        -
2024   1.615e-07       5e-10 out 4496  234 4496     2     9      0  7246        0        -
2033    1.66e-07       5e-10 out 4505  234 4505     2     9      0  7246        0        -
2042   1.705e-07       5e-10 out 4514  234 4514     2     9      0  7246        0        -
2051    1.75e-07       5e-10 out 4523  234 4523     2     9      0  7246        0        -
2057    1.78e-07       5e-10 out 4529  234 4529     2     9      0  7246        0        -
----       当前进度:  40 % - 
2061     1.8e-07       5e-10 out 4533  234 4533     2     9      0  7246        0        -
2068   1.835e-07       5e-10 out 4540  234 4540     2     9      0  7246        0        -
2075    1.87e-07       5e-10 out 4547  234 4547     2     9      0  7246        0        -
2085    1.92e-07       5e-10 out 4557  234 4557     2     9      0  7246        0        -
2094   1.965e-07       5e-10 out 4566  234 4566     2     9      0  7246        0        -
2102   2.005e-07       5e-10 out 4574  234 4574     2     9      0  7246        0        -
2111    2.05e-07       5e-10 out 4583  234 4583     2     9      0  7246        0        -
2120   2.095e-07       5e-10 out 4592  234 4592     2     9      0  7246        0        -
2129    2.14e-07       5e-10 out 4601  234 4601     2     9      0  7246        0        -
2139    2.19e-07       5e-10 out 4611  234 4611     2     9      0  7246        0        -
2149    2.24e-07       5e-10 out 4621  234 4621     2     9      0  7246        0        -
2157    2.28e-07       5e-10 out 4629  234 4629     2     9      0  7246        0        -
2163    2.31e-07       5e-10 out 4635  234 4635     2     9      0  7246        0        -
2172   2.355e-07       5e-10 out 4644  234 4644     2     9      0  7246        0        -
2178   2.385e-07       5e-10 out 4650  234 4650     2     9      0  7246        0        -
2187    2.43e-07       5e-10 out 4659  234 4659     2     9      0  7246        0        -
2197    2.48e-07       5e-10 out 4669  234 4669     2     9      0  7246        0        -
2206   2.525e-07       5e-10 out 4678  234 4678     2     9      0  7246        0        -
2215    2.57e-07       5e-10 out 4687  234 4687     2     9      0  7246        0        -
2224   2.615e-07       5e-10 out 4696  234 4696     2     9      0  7246        0        -
2232   2.655e-07       5e-10 out 4704  234 4704     2     9      0  7246        0        -
2241     2.7e-07       5e-10 out 4713  234 4713     2     9      0  7246        0        -
2250   2.745e-07       5e-10 out 4722  234 4722     2     9      0  7246        0        -
2258   2.785e-07       5e-10 out 4730  234 4730     2     9      0  7246        0        -
2268   2.835e-07       5e-10 out 4740  234 4740     2     9      0  7246        0        -
2278   2.885e-07       5e-10 out 4750  234 4750     2     9      0  7246        0        -
2288   2.935e-07       5e-10 out 4760  234 4760     2     9      0  7246        0        -
2298   2.985e-07       5e-10 out 4770  234 4770     2     9      0  7246        0        -
2307    3.03e-07       5e-10 out 4779  234 4779     2     9      0  7246        0        -
2317    3.08e-07       5e-10 out 4789  234 4789     2     9      0  7246        0        -
2327    3.13e-07       5e-10 out 4799  234 4799     2     9      0  7246        0        -
2337    3.18e-07       5e-10 out 4809  234 4809     2     9      0  7246        0        -
2347    3.23e-07       5e-10 out 4819  234 4819     2     9      0  7246        0        -
2357    3.28e-07       5e-10 out 4829  234 4829     2     9      0  7246        0        -
2366   3.325e-07       5e-10 out 4838  234 4838     2     9      0  7246        0        -
2375    3.37e-07       5e-10 out 4847  234 4847     2     9      0  7246        0        -
2385    3.42e-07       5e-10 out 4857  234 4857     2     9      0  7246        0        -
2394   3.465e-07       5e-10 out 4866  234 4866     2     9      0  7246        0        -
2404   3.515e-07       5e-10 out 4876  234 4876     2     9      0  7246        0        -
2414   3.565e-07       5e-10 out 4886  234 4886     2     9      0  7246        0        -
2423    3.61e-07       5e-10 out 4895  234 4895     2     9      0  7246        0        -
2433    3.66e-07       5e-10 out 4905  234 4905     2     9      0  7246        0        -
2443    3.71e-07       5e-10 out 4915  234 4915     2     9      0  7246        0        -
2453    3.76e-07       5e-10 out 4925  234 4925     2     9      0  7246        0        -
2463    3.81e-07       5e-10 out 4935  234 4935     2     9      0  7246        0        -
2473    3.86e-07       5e-10 out 4945  234 4945     2     9      0  7246        0        -
2482   3.905e-07       5e-10 out 4954  234 4954     2     9      0  7246        0        -
2492   3.955e-07       5e-10 out 4964  234 4964     2     9      0  7246        0        -
2502   4.005e-07       5e-10 out 4974  234 4974     2     9      0  7246        0        -
2512   4.055e-07       5e-10 out 4984  234 4984     2     9      0  7246        0        -
2522   4.105e-07       5e-10 out 4994  234 4994     2     9      0  7246        0        -
2532   4.155e-07       5e-10 out 5004  234 5004     2     9      0  7246        0        -
2539    4.19e-07       5e-10 out 5011  234 5011     2     9      0  7246        0        -
2549    4.24e-07       5e-10 out 5021  234 5021     2     9      0  7246        0        -
--------   当前进度:  86 % - 正在组装残差
2555    4.27e-07       5e-10 out 5027  234 5027     2     9      0  7246        0        -
2562   4.305e-07       5e-10 out 5034  234 5034     2     9      0  7246        0        -
2572   4.355e-07       5e-10 out 5044  234 5044     2     9      0  7246        0        -
2580   4.395e-07       5e-10 out 5052  234 5052     2     9      0  7246        0        -
2587    4.43e-07       5e-10 out 5059  234 5059     2     9      0  7246        0        -
2590   4.445e-07       5e-10 out 5062  234 5062     2     9      0  7246        0        -
2596   4.475e-07       5e-10 out 5068  234 5068     2     9      0  7246        0        -
2605    4.52e-07       5e-10 out 5077  234 5077     2     9      0  7246        0        -
2615    4.57e-07       5e-10 out 5087  234 5087     2     9      0  7246        0        -
2625    4.62e-07       5e-10 out 5097  234 5097     2     9      0  7246        0        -
2634   4.665e-07       5e-10 out 5106  234 5106     2     9      0  7246        0        -
2644   4.715e-07       5e-10 out 5116  234 5116     2     9      0  7246        0        -
2653    4.76e-07       5e-10 out 5125  234 5125     2     9      0  7246        0        -
2663    4.81e-07       5e-10 out 5135  234 5135     2     9      0  7246        0        -
2673    4.86e-07       5e-10 out 5145  234 5145     2     9      0  7246        0        -
2683    4.91e-07       5e-10 out 5155  234 5155     2     9      0  7246        0        -
2693    4.96e-07       5e-10 out 5165  234 5165     2     9      0  7246        0        -
2701       5e-07       5e-10 out 5173  234 5173     2     9      0  7246        0        -
---------- 当前进度: 100 % - 
求解时间：4 s。
物理内存: 1.2 GB
虚拟内存: 1.21 GB
结束时间：2026年9月4日 10:21:45。
----- Study 2 - Single_Muon_Diagnostic/解 2 (sol2) 中的“瞬态求解器 1” ----------------->
           当前进度:   0 % - 
-          当前进度:  14 % - 正在计算
Memory: 1195/1371 1209/1888
--         当前进度:  24 % - 正在计算
---        当前进度:  34 % - 正在计算
----       当前进度:  43 % - 正在计算
Memory: 1196/1371 1209/1888
-----      当前进度:  51 % - 正在计算
Memory: 1199/1371 1212/1888
-----      当前进度:  59 % - 正在计算
Memory: 1196/1371 1209/1888
------     当前进度:  67 % - 正在计算
-------    当前进度:  76 % - 正在计算
--------   当前进度:  86 % - 正在计算
---------  当前进度:  96 % - 正在计算
---------- 当前进度: 100 % - 正在计算
           当前进度:   0 % - 
---        当前进度:  34 % - 正在计算
Memory: 1193/1371 1205/1888
---------  当前进度:  95 % - 正在计算
SHORT_GAP_CASE_COMPLETE=shortgap_20mm_f0p05_V12_3kV
SHORT_GAP_CASE_START=shortgap_20mm_f0p05_V12_5kV
           当前进度:   2 % - 生成方程
Memory: 1239/1371 1888/1888
           当前进度:   3 % - 生成方程
Memory: 1397/1397 1886/1888
<---- Study 1 - 3D Electrostatics stationary/解 1 (sol1) 中的“编译方程: 稳态” -----------
开始于 2026年9月4日 10:21:49。
几何形函数: 二次拉格朗日单元
几何形函数: 二次拉格朗日单元
在 Intel64 Family 6 Model 186 Stepping 2, GenuineIntel 上运行。
在以下位置使用 1 个插槽： 陈红星 上（共 1 个内核）。
可用内存：15.90 GB。
           当前进度:   6 % - 编译方程: 稳态
Memory: 1238/1464 1252/1890
           当前进度:   7 % - 编译方程: 稳态
Memory: 1237/1464 1251/1890
时间：2。
物理内存: 1.46 GB
虚拟内存: 1.89 GB
Warning: 自由空间采用真空条件，这会导致某些材料属性被忽略。请考虑为忽略的材料添加合适的物理场特征。

  - 节点: 自由空间 1

  - 物理场: Electrostatics: four finite-thickness rounded ring electrodes (es)

  - Materials: Natural Neon gas, representative relative permittivity (mat_gas), Representative alumina ceramic; epsilon_r=9.4 assumption (mat_diel)

  - Quantities: 相对介电常数, 相对介电常数
结束时间：2026年9月4日 10:21:51。
----- Study 1 - 3D Electrostatics stationary/解 1 (sol1) 中的“编译方程: 稳态” ---------->
<---- Study 1 - 3D Electrostatics stationary/解 1 (sol1) 中的“因变量 1” --------------
开始于 2026年9月4日 10:21:51。
           当前进度:   7 % - 因变量 1
Memory: 1233/1464 1247/1890
求解时间：0 s。
物理内存: 1.23 GB
虚拟内存: 1.25 GB
结束时间：2026年9月4日 10:21:51。
----- Study 1 - 3D Electrostatics stationary/解 1 (sol1) 中的“因变量 1” ------------->
<---- Study 1 - 3D Electrostatics stationary/解 1 (sol1) 中的“稳态求解器 1” ------------
开始于 2026年9月4日 10:21:51。
线性求解器 
求解的自由度数：103142。
--         当前进度:  24 % - 组装稀疏模式
Memory: 1244/1464 1258/1890
---        当前进度:  33 % - 组装矩阵
Memory: 1265/1464 1280/1890
找到对称矩阵。
缩放因变量：
电势 (comp1.V): 1
已使用正交零空间函数。
---        当前进度:  38 % - 
Memory: 1266/1464 1282/1890
---        当前进度:  38 % - 组装延展
-----      当前进度:  56 % - 组装稀疏模式
Memory: 1257/1464 1272/1890
Iter      SolEst     Damping    Stepsize #Res #Jac #Sol LinIt   LinErr   LinRes
-------    当前进度:  74 % - 求解线性方程组
Memory: 1264/1464 1285/1890
   1        0.79   1.0000000        0.79    1    1    1     3  0.00085  1.7e-06
---------- 当前进度: 100 % - 
Memory: 1252/1464 1268/1890
求解时间：3 s。
物理内存: 1.27 GB
虚拟内存: 1.28 GB
结束时间：2026年9月4日 10:21:54。
----- Study 1 - 3D Electrostatics stationary/解 1 (sol1) 中的“稳态求解器 1” ----------->
           当前进度:   0 % - Study 2 - Single_Muon_Diagnostic
Memory: 1244/1464 1259/1890
           当前进度:   3 % - 生成方程
<---- Study 2 - Single_Muon_Diagnostic/解 2 (sol2) 中的“编译方程: 瞬态” -----------------
开始于 2026年9月4日 10:21:55。
几何形函数: 二次拉格朗日单元
几何形函数: 二次拉格朗日单元
在 Intel64 Family 6 Model 186 Stepping 2, GenuineIntel 上运行。
在以下位置使用 1 个插槽： 陈红星 上（共 1 个内核）。
可用内存：15.90 GB。
           当前进度:   3 % - 编译方程: 瞬态
Memory: 1240/1464 1254/1890
           当前进度:   5 % - 编译方程: 瞬态
Memory: 1255/1464 1269/1890
时间：1。
物理内存: 1.25 GB
虚拟内存: 1.27 GB
Warning: 自由空间采用真空条件，这会导致某些材料属性被忽略。请考虑为忽略的材料添加合适的物理场特征。

  - 节点: 自由空间 1

  - 物理场: Electrostatics: four finite-thickness rounded ring electrodes (es)

  - Materials: Natural Neon gas, representative relative permittivity (mat_gas), Representative alumina ceramic; epsilon_r=9.4 assumption (mat_diel)

  - Quantities: 相对介电常数, 相对介电常数
结束时间：2026年9月4日 10:21:56。
----- Study 2 - Single_Muon_Diagnostic/解 2 (sol2) 中的“编译方程: 瞬态” ---------------->
<---- Study 2 - Single_Muon_Diagnostic/解 2 (sol2) 中的“因变量 1” --------------------
开始于 2026年9月4日 10:21:56。
不求解变量的值: 解 1 (sol1).
           当前进度:   5 % - 因变量 1
Memory: 1250/1464 1262/1890
求解时间：1 s。
物理内存: 1.25 GB
虚拟内存: 1.27 GB
结束时间：2026年9月4日 10:21:57。
----- Study 2 - Single_Muon_Diagnostic/解 2 (sol2) 中的“因变量 1” ------------------->
<---- Study 2 - Single_Muon_Diagnostic/解 2 (sol2) 中的“瞬态求解器 1” ------------------
开始于 2026年9月4日 10:21:57。
瞬态求解器（广义 α）
求解的自由度数：3（加上 4 个内部自由度）。
找到非对称矩阵。
缩放因变量：
颗粒位置 (comp1.qcpt): 1
Step        Time    Stepsize      Res  Jac  Sol Order Tfail NLfail LinIt   LinErr   LinRes
   0           0           - out    2    3    2                  0     0        0        0
   1    6.25e-11    6.25e-11       10    7   10     2     3      0    18  4.6e-08        -
   7   4.375e-10    6.25e-11       22    7   22     2     3      0    44  5.6e-11        -
  11   6.875e-10    6.25e-11       30    7   30     2     3      0    64  2.1e-10        -
  13       8e-10   5.625e-11       38    9   38     2     3      0    81  1.2e-07        -
  16  9.5625e-10   4.375e-11       48   10   48     2     3      0   103  4.3e-08        -
  21   1.175e-09   4.375e-11       58   11   58     2     3      0   118  7.1e-07        -
  27  1.4375e-09   4.375e-11       70   11   70     2     3      0   141    4e-10        -
  30  1.5313e-09   3.125e-11       80   13   80     2     3      0   158  3.4e-08        -
  32  1.5938e-09   3.125e-11       84   13   84     2     3      0   164  8.7e-08        -
  35  1.6875e-09   3.125e-11       90   13   90     2     3      0   173  1.6e-07        -
  40   1.875e-09    6.25e-11      100   14  100     2     3      0   189  2.2e-07        -
  41  1.9313e-09   5.625e-11      106   15  106     2     3      0   202  1.3e-07        -
  47  2.1375e-09  3.4375e-11      118   16  118     2     3      0   220  2.3e-07        -
  52  2.3094e-09  3.4375e-11      128   16  128     2     3      0   235  4.7e-07        -
  57  2.4734e-09  2.6563e-11      142   17  142     2     3      0   258  3.4e-09        -
  61  2.6594e-09  5.3125e-11      150   19  150     2     3      0   273  8.5e-07        -
  67  2.9625e-09    3.75e-11      166   20  166     2     3      0   313  1.7e-08        -
  72    3.15e-09    3.75e-11      176   21  176     2     3      0   328  2.1e-07        -
  79  3.4125e-09    3.75e-11      190   21  190     2     3      0   349    5e-07        -
  82     3.5e-09     2.5e-11 out  200   23  200     2     3      0   367  1.8e-09        -
  88    3.65e-09     2.5e-11      212   23  212     2     3      0   385    3e-08        -
  94     3.8e-09     2.5e-11      224   23  224     2     3      0   403  5.8e-08        -
  99    3.95e-09       5e-11      234   24  234     2     3      0   419  4.3e-08        -
 105    4.25e-09       5e-11      246   24  246     2     3      0   444  9.9e-10        -
 110   4.475e-09     2.5e-11      256   25  256     2     3      0   467  1.4e-09        -
           当前进度:   8 % - 组装稀疏模式
Memory: 1213/1464 1222/1890
 115     4.7e-09       5e-11      266   26  266     2     3      0   486  6.3e-07        -
 121       5e-09       5e-11 out  278   26  278     2     3      0   515  1.5e-09        -
 128    5.35e-09       5e-11      292   26  292     2     3      0   550  2.5e-09        -
 133    5.55e-09       5e-11      302   28  302     2     3      0   570  5.7e-08        -
 139    5.85e-09       5e-11      314   28  314     2     3      0   597  1.2e-09        -
 145    6.15e-09       5e-11      326   28  326     2     3      0   627  2.3e-09        -
 152   6.475e-09     2.5e-11      340   29  340     2     3      0   660  2.1e-09        -
 157     6.7e-09       5e-11      350   30  350     2     3      0   677  1.2e-09        -
 164    7.05e-09  4.9999e-11      364   30  364     2     3      0   705  2.7e-09        -
 170   7.345e-09  4.4999e-11      380   31  380     2     3      0   736    1e-07        -
 173  7.4675e-09  3.2504e-11      390   33  390     2     3      0   753    2e-08        -
 178    7.63e-09  3.2504e-11      400   34  400     2     3      0   768  3.2e-07        -
 185  7.8575e-09  3.2504e-11      414   34  414     2     3      0   789  7.6e-07        -
 189  7.9775e-09  2.2473e-11      426   35  426     2     3      0   809  2.6e-09        -
 193  8.1348e-09  4.4945e-11      434   37  434     2     3      0   821  6.4e-07        -
 197  8.3146e-09  4.4945e-11      442   37  442     2     3      0   836  9.8e-10        -
 202     8.5e-09  2.5275e-11 out  452   38  452     2     3      0   854  1.5e-08        -
 207  8.7527e-09   5.055e-11      462   39  462     2     3      0   872  6.3e-10        -
 211  8.9522e-09  4.7802e-11      471   39  471     2     3      0   894  1.8e-08        -
 215  9.1434e-09  4.7802e-11      483   39  483     2     3      0   922  1.8e-08        -
 220  9.3824e-09  4.7802e-11      498   39  498     2     3      0   957  1.7e-08        -
 222  9.4651e-09  3.4891e-11      507   40  507     2     3      0   979  1.2e-08        -
 225  9.6326e-09  6.2804e-11      517   43  517     2     3      0  1000  2.4e-07        -
 230  9.9419e-09  5.8098e-11      529   44  529     2     3      0  1028  1.3e-08        -
 234  1.0174e-08  5.8098e-11      545   44  545     2     3      0  1064  1.3e-08        -
 237  1.0343e-08  5.2288e-11      559   45  559     2     3      0  1096  6.6e-08        -
 241    1.05e-08  2.6322e-11 out  567   47  567     2     3      0  1110  9.4e-09        -
 243    1.06e-08   4.738e-11      575   49  575     2     3      0  1126  3.5e-08        -
 249     1.2e-08       5e-10 out  581   53  581     2     3      0  1126        0        -
 257     1.6e-08       5e-10 out  589   53  589     2     3      0  1126        0        -
 268    2.15e-08       5e-10 out  600   53  600     2     3      0  1126        0        -
 279     2.7e-08       5e-10 out  611   53  611     2     3      0  1126        0        -
 287     3.1e-08       5e-10 out  619   53  619     2     3      0  1126        0        -
 298    3.65e-08       5e-10 out  630   53  630     2     3      0  1126        0        -
 309     4.2e-08       5e-10 out  641   53  641     2     3      0  1126        0        -
 318    4.65e-08       5e-10 out  650   53  650     2     3      0  1126        0        -
 329     5.2e-08       5e-10 out  661   53  661     2     3      0  1126        0        -
 340    5.75e-08       5e-10 out  672   53  672     2     3      0  1126        0        -
 345       6e-08       5e-10 out  677   53  677     2     3      0  1126        0        -
 355     6.5e-08       5e-10 out  687   53  687     2     3      0  1126        0        -
 368    7.15e-08       5e-10 out  700   53  700     2     3      0  1126        0        -
 377     7.6e-08       5e-10 out  709   53  709     2     3      0  1126        0        -
 388    8.15e-08       5e-10 out  720   53  720     2     3      0  1126        0        -
 400    8.75e-08       5e-10 out  732   53  732     2     3      0  1126        0        -
 406    9.05e-08       5e-10 out  738   53  738     2     3      0  1126        0        -
 414    9.45e-08       5e-10 out  746   53  746     2     3      0  1126        0        -
 426   1.005e-07       5e-10 out  758   53  758     2     3      0  1126        0        -
 436   1.055e-07       5e-10 out  768   53  768     2     3      0  1126        0        -
 447    1.11e-07       5e-10 out  779   53  779     2     3      0  1126        0        -
--         当前进度:  28 % - 正在组装残差
 458   1.165e-07       5e-10 out  790   53  790     2     3      0  1126        0        -
 470   1.225e-07       5e-10 out  802   53  802     2     3      0  1126        0        -
 478   1.265e-07       5e-10 out  810   53  810     2     3      0  1126        0        -
 490   1.325e-07       5e-10 out  822   53  822     2     3      0  1126        0        -
 500   1.375e-07       5e-10 out  832   53  832     2     3      0  1126        0        -
 509    1.42e-07       5e-10 out  841   53  841     2     3      0  1126        0        -
 521    1.48e-07       5e-10 out  853   53  853     2     3      0  1126        0        -
 533    1.54e-07       5e-10 out  865   53  865     2     3      0  1126        0        -
 545     1.6e-07       5e-10 out  877   53  877     2     3      0  1126        0        -
 557    1.66e-07       5e-10 out  889   53  889     2     3      0  1126        0        -
 569    1.72e-07       5e-10 out  901   53  901     2     3      0  1126        0        -
 581    1.78e-07       5e-10 out  913   53  913     2     3      0  1126        0        -
 593    1.84e-07       5e-10 out  925   53  925     2     3      0  1126        0        -
 605     1.9e-07       5e-10 out  937   53  937     2     3      0  1126        0        -
 617    1.96e-07       5e-10 out  949   53  949     2     3      0  1126        0        -
 629    2.02e-07       5e-10 out  961   53  961     2     3      0  1126        0        -
 640   2.075e-07       5e-10 out  972   53  972     2     3      0  1126        0        -
 652   2.135e-07       5e-10 out  984   53  984     2     3      0  1126        0        -
 664   2.195e-07       5e-10 out  996   53  996     2     3      0  1126        0        -
 675    2.25e-07       5e-10 out 1007   53 1007     2     3      0  1126        0        -
 687    2.31e-07       5e-10 out 1019   53 1019     2     3      0  1126        0        -
 699    2.37e-07       5e-10 out 1031   53 1031     2     3      0  1126        0        -
 711    2.43e-07       5e-10 out 1043   53 1043     2     3      0  1126        0        -
 723    2.49e-07       5e-10 out 1055   53 1055     2     3      0  1126        0        -
 733    2.54e-07       5e-10 out 1065   53 1065     2     3      0  1126        0        -
 745     2.6e-07       5e-10 out 1077   53 1077     2     3      0  1126        0        -
 757    2.66e-07       5e-10 out 1089   53 1089     2     3      0  1126        0        -
 768   2.715e-07       5e-10 out 1100   53 1100     2     3      0  1126        0        -
 779    2.77e-07       5e-10 out 1111   53 1111     2     3      0  1126        0        -
 791    2.83e-07       5e-10 out 1123   53 1123     2     3      0  1126        0        -
 802   2.885e-07       5e-10 out 1134   53 1134     2     3      0  1126        0        -
 810   2.925e-07       5e-10 out 1142   53 1142     2     3      0  1126        0        -
 822   2.985e-07       5e-10 out 1154   53 1154     2     3      0  1126        0        -
 831    3.03e-07       5e-10 out 1163   53 1163     2     3      0  1126        0        -
 839    3.07e-07       5e-10 out 1171   53 1171     2     3      0  1126        0        -
 851    3.13e-07       5e-10 out 1183   53 1183     2     3      0  1126        0        -
 861    3.18e-07       5e-10 out 1193   53 1193     2     3      0  1126        0        -
 870   3.225e-07       5e-10 out 1202   53 1202     2     3      0  1126        0        -
 882   3.285e-07       5e-10 out 1214   53 1214     2     3      0  1126        0        -
 893    3.34e-07       5e-10 out 1225   53 1225     2     3      0  1126        0        -
 905     3.4e-07       5e-10 out 1237   53 1237     2     3      0  1126        0        -
 916   3.455e-07       5e-10 out 1248   53 1248     2     3      0  1126        0        -
 926   3.505e-07       5e-10 out 1258   53 1258     2     3      0  1126        0        -
 936   3.555e-07       5e-10 out 1268   53 1268     2     3      0  1126        0        -
 946   3.605e-07       5e-10 out 1278   53 1278     2     3      0  1126        0        -
 953    3.64e-07       5e-10 out 1285   53 1285     2     3      0  1126        0        -
 960   3.675e-07       5e-10 out 1292   53 1292     2     3      0  1126        0        -
 970   3.725e-07       5e-10 out 1302   53 1302     2     3      0  1126        0        -
 978   3.765e-07       5e-10 out 1310   53 1310     2     3      0  1126        0        -
 989    3.82e-07       5e-10 out 1321   53 1321     2     3      0  1126        0        -
1000   3.875e-07       5e-10 out 1332   53 1332     2     3      0  1126        0        -
1011    3.93e-07       5e-10 out 1343   53 1343     2     3      0  1126        0        -
1022   3.985e-07       5e-10 out 1354   53 1354     2     3      0  1126        0        -
1033    4.04e-07       5e-10 out 1365   53 1365     2     3      0  1126        0        -
--------   当前进度:  82 % - 正在组装残差
Memory: 1214/1464 1223/1890
1043    4.09e-07       5e-10 out 1375   53 1375     2     3      0  1126        0        -
1054   4.145e-07       5e-10 out 1386   53 1386     2     3      0  1126        0        -
1065     4.2e-07       5e-10 out 1397   53 1397     2     3      0  1126        0        -
1076   4.255e-07       5e-10 out 1408   53 1408     2     3      0  1126        0        -
1087    4.31e-07       5e-10 out 1419   53 1419     2     3      0  1126        0        -
1098   4.365e-07       5e-10 out 1430   53 1430     2     3      0  1126        0        -
1108   4.415e-07       5e-10 out 1440   53 1440     2     3      0  1126        0        -
1118   4.465e-07       5e-10 out 1450   53 1450     2     3      0  1126        0        -
1128   4.515e-07       5e-10 out 1460   53 1460     2     3      0  1126        0        -
1138   4.565e-07       5e-10 out 1470   53 1470     2     3      0  1126        0        -
1149    4.62e-07       5e-10 out 1481   53 1481     2     3      0  1126        0        -
1158   4.665e-07       5e-10 out 1490   53 1490     2     3      0  1126        0        -
1167    4.71e-07       5e-10 out 1499   53 1499     2     3      0  1126        0        -
1177    4.76e-07       5e-10 out 1509   53 1509     2     3      0  1126        0        -
1184   4.795e-07       5e-10 out 1516   53 1516     2     3      0  1126        0        -
1193    4.84e-07       5e-10 out 1525   53 1525     2     3      0  1126        0        -
1203    4.89e-07       5e-10 out 1535   53 1535     2     3      0  1126        0        -
1212   4.935e-07       5e-10 out 1544   53 1544     2     3      0  1126        0        -
1222   4.985e-07       5e-10 out 1554   53 1554     2     3      0  1126        0        -
1225       5e-07       5e-10 out 1557   53 1557     2     3      0  1126        0        -
---------- 当前进度: 100 % - 
求解时间：1 s。
物理内存: 1.25 GB
虚拟内存: 1.26 GB
结束时间：2026年9月4日 10:21:58。
----- Study 2 - Single_Muon_Diagnostic/解 2 (sol2) 中的“瞬态求解器 1” ----------------->
           当前进度:   0 % - 
-          当前进度:  14 % - 正在计算
--         当前进度:  24 % - 正在计算
---        当前进度:  32 % - 正在计算
Memory: 1216/1464 1226/1890
----       当前进度:  40 % - 正在计算
Memory: 1214/1464 1223/1890
-----      当前进度:  50 % - 正在计算
------     当前进度:  60 % - 正在计算
-------    当前进度:  71 % - 正在计算
--------   当前进度:  82 % - 正在计算
---------  当前进度:  90 % - 正在计算
---------  当前进度:  97 % - 正在计算
Memory: 1210/1464 1219/1890
---------- 当前进度: 100 % - 正在计算
           当前进度:   0 % - 
---        当前进度:  34 % - 正在计算
Memory: 1211/1464 1220/1890
---------  当前进度:  95 % - 正在计算
Memory: 1214/1464 1224/1890
SHORT_GAP_CASE_COMPLETE=shortgap_20mm_f0p05_V12_5kV
SHORT_GAP_CASE_START=shortgap_20mm_f0p10_V12_1kV
           当前进度:   2 % - 生成方程
Memory: 1241/1464 1905/1908
           当前进度:   3 % - Study 1 - 3D Electrostatics stationary
Memory: 1108/1464 1227/1908
<---- Study 1 - 3D Electrostatics stationary/解 1 (sol1) 中的“编译方程: 稳态” -----------
开始于 2026年9月4日 10:22:03。
几何形函数: 二次拉格朗日单元
几何形函数: 二次拉格朗日单元
在 Intel64 Family 6 Model 186 Stepping 2, GenuineIntel 上运行。
在以下位置使用 1 个插槽： 陈红星 上（共 1 个内核）。
可用内存：15.90 GB。
           当前进度:   3 % - 编译方程: 稳态
Memory: 1209/1464 1227/1908
           当前进度:   6 % - 编译方程: 稳态
Memory: 1227/1464 1248/1908
           当前进度:   7 % - 编译方程: 稳态
Memory: 1226/1464 1246/1908
时间：1。
物理内存: 1.23 GB
虚拟内存: 1.25 GB
Warning: 自由空间采用真空条件，这会导致某些材料属性被忽略。请考虑为忽略的材料添加合适的物理场特征。

  - 节点: 自由空间 1

  - 物理场: Electrostatics: four finite-thickness rounded ring electrodes (es)

  - Materials: Natural Neon gas, representative relative permittivity (mat_gas), Representative alumina ceramic; epsilon_r=9.4 assumption (mat_diel)

  - Quantities: 相对介电常数, 相对介电常数
结束时间：2026年9月4日 10:22:04。
----- Study 1 - 3D Electrostatics stationary/解 1 (sol1) 中的“编译方程: 稳态” ---------->
<---- Study 1 - 3D Electrostatics stationary/解 1 (sol1) 中的“因变量 1” --------------
开始于 2026年9月4日 10:22:04。
           当前进度:   7 % - 因变量 1
求解时间：0 s。
物理内存: 1.23 GB
虚拟内存: 1.25 GB
结束时间：2026年9月4日 10:22:05。
----- Study 1 - 3D Electrostatics stationary/解 1 (sol1) 中的“因变量 1” ------------->
<---- Study 1 - 3D Electrostatics stationary/解 1 (sol1) 中的“稳态求解器 1” ------------
开始于 2026年9月4日 10:22:05。
线性求解器 
求解的自由度数：103142。
--         当前进度:  23 % - 组装稀疏模式
Memory: 1233/1464 1252/1908
---        当前进度:  30 % - 组装矩阵
Memory: 1259/1464 1280/1908
---        当前进度:  36 % - 组装矩阵
Memory: 1263/1464 1284/1908
找到对称矩阵。
缩放因变量：
电势 (comp1.V): 1
已使用正交零空间函数。
---        当前进度:  38 % - 
Memory: 1256/1464 1277/1908
---        当前进度:  38 % - 组装延展
Memory: 1280/1464 1302/1908
Iter      SolEst     Damping    Stepsize #Res #Jac #Sol LinIt   LinErr   LinRes
-------    当前进度:  74 % - 求解线性方程组
Memory: 1256/1464 1277/1908
   1        0.79   1.0000000        0.79    1    1    1     3  0.00077  1.6e-06
---------- 当前进度: 100 % - 
Memory: 1257/1464 1284/1908
求解时间：4 s。
物理内存: 1.28 GB
虚拟内存: 1.3 GB
结束时间：2026年9月4日 10:22:09。
----- Study 1 - 3D Electrostatics stationary/解 1 (sol1) 中的“稳态求解器 1” ----------->
           当前进度:   0 % - Study 2 - Single_Muon_Diagnostic
Memory: 1222/1464 1241/1908
           当前进度:   3 % - Study 2 - Single_Muon_Diagnostic
<---- Study 2 - Single_Muon_Diagnostic/解 2 (sol2) 中的“编译方程: 瞬态” -----------------
开始于 2026年9月4日 10:22:10。
几何形函数: 二次拉格朗日单元
几何形函数: 二次拉格朗日单元
在 Intel64 Family 6 Model 186 Stepping 2, GenuineIntel 上运行。
在以下位置使用 1 个插槽： 陈红星 上（共 1 个内核）。
可用内存：15.90 GB。
           当前进度:   3 % - 编译方程: 瞬态
           当前进度:   5 % - 编译方程: 瞬态
Memory: 1210/1464 1226/1908
时间：1。
物理内存: 1.22 GB
虚拟内存: 1.24 GB
Warning: 自由空间采用真空条件，这会导致某些材料属性被忽略。请考虑为忽略的材料添加合适的物理场特征。

  - 节点: 自由空间 1

  - 物理场: Electrostatics: four finite-thickness rounded ring electrodes (es)

  - Materials: Natural Neon gas, representative relative permittivity (mat_gas), Representative alumina ceramic; epsilon_r=9.4 assumption (mat_diel)

  - Quantities: 相对介电常数, 相对介电常数
结束时间：2026年9月4日 10:22:10。
----- Study 2 - Single_Muon_Diagnostic/解 2 (sol2) 中的“编译方程: 瞬态” ---------------->
<---- Study 2 - Single_Muon_Diagnostic/解 2 (sol2) 中的“因变量 1” --------------------
开始于 2026年9月4日 10:22:10。
不求解变量的值: 解 1 (sol1).
           当前进度:   5 % - 因变量 1
求解时间：0 s。
物理内存: 1.21 GB
虚拟内存: 1.23 GB
结束时间：2026年9月4日 10:22:11。
----- Study 2 - Single_Muon_Diagnostic/解 2 (sol2) 中的“因变量 1” ------------------->
<---- Study 2 - Single_Muon_Diagnostic/解 2 (sol2) 中的“瞬态求解器 1” ------------------
开始于 2026年9月4日 10:22:11。
瞬态求解器（广义 α）
求解的自由度数：3（加上 4 个内部自由度）。
找到非对称矩阵。
缩放因变量：
颗粒位置 (comp1.qcpt): 1
Step        Time    Stepsize      Res  Jac  Sol Order Tfail NLfail LinIt   LinErr   LinRes
   0           0           - out    2    3    2                  0     0        0        0
   1    6.25e-11    6.25e-11       10    7   10     2     3      0    19  4.9e-08        -
   5   3.125e-10    6.25e-11       18    7   18     2     3      0    32  2.4e-10        -
   8       5e-10    6.25e-11 out   24    7   24     2     3      0    44  2.4e-10        -
  11  6.8125e-10   5.625e-11       34    8   34     2     3      0    63  1.1e-07        -
  13  7.9375e-10   5.625e-11       38    9   38     2     3      0    69  6.7e-07        -
  16  9.5313e-10  4.6875e-11       48   10   48     2     3      0    88  6.1e-08        -
  20  1.1406e-09  4.6875e-11       56   11   56     2     3      0   100  8.3e-07        -
  23  1.2812e-09  4.6875e-11       62   11   62     2     3      0   112    1e-10        -
  27  1.4609e-09  3.9063e-11       74   12   74     2     3      0   135  2.4e-08        -
  29  1.5391e-09  3.9063e-11       78   13   78     2     3      0   141  1.2e-07        -
  36  1.8125e-09  3.9063e-11       92   13   92     2     3      0   162  7.1e-07        -
  40  1.9648e-09  3.5156e-11      104   14  104     2     3      0   182  1.4e-08        -
  45  2.1406e-09  3.5156e-11      114   15  114     2     3      0   197  2.4e-07        -
  52  2.3867e-09  3.5156e-11      128   15  128     2     3      0   218  6.6e-07        -
  57   2.543e-09  4.2969e-11      138   17  138     2     3      0   233  3.5e-08        -
  63  2.8008e-09  4.2969e-11      150   17  150     2     3      0   251  8.4e-07        -
  67  2.9648e-09  3.5156e-11      162   18  162     2     3      0   273  9.3e-09        -
  71  3.1055e-09  3.5156e-11      170   19  170     2     3      0   285  1.1e-07        -
  75  3.2461e-09  3.5156e-11      178   19  178     2     3      0   297  2.4e-07        -
  82  3.4785e-09  2.1484e-11      192   20  192     2     3      0   318  5.9e-10        -
  84   3.543e-09  4.2969e-11      196   21  196     2     3      0   324  1.9e-08        -
  88  3.7148e-09  4.2969e-11      204   21  204     2     3      0   336    3e-07        -
  94  3.9648e-09  3.5156e-11      220   22  220     2     3      0   362  6.8e-09        -
           当前进度:   7 % - 正在组装残差
Memory: 1181/1464 1198/1908
  97  4.0703e-09  3.5156e-11      226   23  226     2     3      0   371  6.2e-08        -
 102  4.2461e-09  3.5156e-11      236   23  236     2     3      0   386    2e-07        -
 106  4.3867e-09  3.5156e-11      244   23  244     2     3      0   398  3.2e-07        -
 109  4.4785e-09  2.1484e-11      250   24  250     2     3      0   407  6.7e-10        -
 114  4.6719e-09  4.2969e-11      260   25  260     2     3      0   422    3e-07        -
 121  4.9648e-09  3.5156e-11      278   26  278     2     3      0   451  9.1e-09        -
 125  5.1055e-09  3.5156e-11      286   27  286     2     3      0   463  1.2e-07        -
 131  5.3164e-09  3.5156e-11      298   27  298     2     3      0   481  3.5e-07        -
 136  5.4785e-09  2.1484e-11      308   28  308     2     3      0   496    8e-10        -
 140  5.6289e-09  4.2969e-11      316   29  316     2     3      0   508  2.3e-07        -
 147  5.9297e-09  4.2969e-11      330   29  330     2     3      0   529  9.6e-07        -
 150  6.0352e-09  3.5156e-11      340   31  340     2     3      0   546  5.1e-08        -
 157  6.2812e-09  3.5156e-11      354   31  354     2     3      0   567  3.5e-07        -
 163  6.4785e-09  2.1485e-11      366   32  366     2     3      0   585  1.1e-09        -
 168  6.6719e-09   4.297e-11      376   33  376     2     3      0   600  5.3e-07        -
 175  6.9648e-09  3.5151e-11      394   34  394     2     3      0   633  2.2e-08        -
 181  7.1758e-09  3.5151e-11      406   35  406     2     3      0   651  5.3e-07        -
 188  7.4218e-09  3.5151e-11      420   35  420     2     3      0   675  8.7e-11        -
 193  7.5861e-09  4.3042e-11      430   37  430     2     3      0   691  4.3e-07        -
 199    7.84e-09  3.8737e-11      446   38  446     2     3      0   721  4.8e-08        -
 203  7.9781e-09   2.188e-11      454   40  454     2     3      0   733  2.5e-09        -
 209  8.2188e-09   4.376e-11      466   41  466     2     3      0   752  1.4e-10        -
 213  8.3938e-09   4.376e-11      474   41  474     2     3      0   768  2.6e-10        -
 216     8.5e-09  3.1202e-11 out  484   43  484     2     3      0   786    1e-08        -
 223  8.7184e-09  3.1202e-11      498   43  498     2     3      0   807  2.6e-07        -
 227  8.8432e-09  3.1202e-11      506   43  506     2     3      0   819  3.7e-07        -
 232   8.984e-09  1.5981e-11      516   44  516     2     3      0   834  3.2e-10        -
 238  9.1598e-09  3.1963e-11      528   45  528     2     3      0   852  1.6e-07        -
 243  9.4155e-09  6.3926e-11      538   46  538     2     3      0   869  1.1e-09        -
 249   9.669e-09  4.2242e-11      550   47  550     2     3      0   887  8.5e-07        -
 255  9.9224e-09  4.2242e-11      562   47  562     2     3      0   911  3.3e-10        -
 259  1.0078e-08  3.8792e-11      578   47  578     2     3      0   943  7.7e-10        -
 263  1.0233e-08  3.8792e-11      594   47  594     2     3      0   975  7.8e-10        -
 267  1.0388e-08  3.8792e-11      610   47  610     2     3      0  1007    8e-10        -
 270    1.05e-08  3.6647e-11 out  622   49  622     2     3      0  1029  1.1e-08        -
 277  1.0757e-08  3.6647e-11      636   49  636     2     3      0  1050  3.1e-07        -
 283   1.097e-08   3.012e-11      652   50  652     2     3      0  1076  3.5e-09        -
 289  1.1151e-08   3.012e-11      664   51  664     2     3      0  1094    7e-08        -
 296  1.1361e-08   3.012e-11      678   51  678     2     3      0  1115  1.6e-07        -
 301  1.1548e-08  4.8202e-11      688   52  688     2     3      0  1130  1.9e-07        -
 307  1.1837e-08  4.8202e-11      700   52  700     2     3      0  1149  6.1e-10        -
 310  1.1967e-08  3.3092e-11      710   53  710     2     3      0  1168    6e-09        -
 314  1.2199e-08  6.6184e-11      718   55  718     2     3      0  1182  1.5e-09        -
 318  1.2449e-08  5.1449e-11      730   56  730     2     3      0  1205  6.4e-08        -
 324  1.2757e-08  5.1449e-11      742   57  742     2     3      0  1225  6.8e-10        -
 328  1.2956e-08  4.4204e-11      754   58  754     2     3      0  1248  3.2e-08        -
           当前进度:   9 % - 
Memory: 1183/1464 1200/1908
 333  1.3177e-08  4.4204e-11      764   59  764     2     3      0  1263  5.5e-07        -
 339  1.3442e-08  4.4204e-11      776   59  776     2     3      0  1284  5.2e-10        -
 343  1.3616e-08  5.7958e-11      784   61  784     2     3      0  1296    7e-07        -
 349  1.3953e-08  4.7146e-11      800   62  800     2     3      0  1327    6e-08        -
 354  1.4189e-08  4.7146e-11      810   63  810     2     3      0  1343  3.6e-10        -
 360  1.4462e-08  3.7844e-11      826   64  826     2     3      0  1374  3.3e-08        -
 365  1.4651e-08  3.7844e-11      836   65  836     2     3      0  1389  5.9e-07        -
 372  1.4916e-08  3.7844e-11      850   65  850     2     3      0  1415  2.5e-10        -
 376  1.5046e-08  4.5871e-11      858   67  858     2     3      0  1428  9.7e-08        -
 380  1.5225e-08  4.1284e-11      870   68  870     2     3      0  1449  5.6e-08        -
 385  1.5431e-08  4.1284e-11      880   69  880     2     3      0  1464  8.5e-07        -
 387    1.55e-08  3.4405e-11 out  888   71  888     2     3      0  1478  2.1e-08        -
 393  1.5706e-08  3.4405e-11      900   71  900     2     3      0  1496  4.6e-07        -
 399  1.5913e-08  3.4405e-11      912   71  912     2     3      0  1514  7.8e-07        -
 402     1.6e-08  2.6369e-11 out  922   73  922     2     3      0  1531  4.4e-09        -
 406  1.6211e-08  5.2737e-11      930   74  930     2     3      0  1545  6.1e-10        -
 411  1.6461e-08   3.905e-11      944   75  944     2     3      0  1572    3e-08        -
 415  1.6617e-08   3.905e-11      952   76  952     2     3      0  1584  3.7e-07        -
 420  1.6812e-08   3.905e-11      962   76  962     2     3      0  1599  9.2e-07        -
 424  1.6965e-08  3.5223e-11      972   76  972     2     3      0  1619    5e-10        -
 427   1.707e-08  3.5223e-11      984   76  984     2     3      0  1643  5.2e-10        -
 429  1.7141e-08  3.5223e-11      992   76  992     2     3      0  1659  5.3e-10        -
 431  1.7211e-08  3.5223e-11     1000   76 1000     2     3      0  1675  5.5e-10        -
 433  1.7282e-08  3.5223e-11     1008   76 1008     2     3      0  1691  5.6e-10        -
 436  1.7387e-08  3.5223e-11     1020   76 1020     2     3      0  1715  5.9e-10        -
 439  1.7479e-08  2.1049e-11     1030   77 1030     2     3      0  1734    1e-09        -
 443  1.7626e-08  4.2097e-11     1038   78 1038     2     3      0  1746  2.7e-07        -
 448  1.7837e-08  4.2097e-11     1048   78 1048     2     3      0  1761  8.4e-07        -
 452     1.8e-08  3.9513e-11 out 1058   78 1058     2     3      0  1780  8.9e-10        -
 456  1.8158e-08  3.9513e-11     1070   78 1070     2     3      0  1804  9.5e-10        -
 459  1.8277e-08  3.9513e-11     1079   78 1079     2     3      0  1822    1e-09        -
 462  1.8395e-08  3.9513e-11     1088   78 1088     2     3      0  1840  1.1e-09        -
 464  1.8467e-08  3.2678e-11     1097   79 1097     2     3      0  1857  5.2e-09        -
 466  1.8565e-08  6.5356e-11     1101   81 1101     2     3      0  1863  1.7e-07        -
 468  1.8671e-08  5.2674e-11     1109   83 1109     2     3      0  1877  5.6e-08        -
 472  1.8881e-08  5.2674e-11     1117   83 1117     2     3      0  1889  9.5e-07        -
 474  1.8967e-08  3.2963e-11     1121   84 1121     2     3      0  1896  5.6e-09        -
 477  1.9125e-08  5.9334e-11     1131   86 1131     2     3      0  1913  1.1e-07        -
 480  1.9303e-08  5.9334e-11     1137   87 1137     2     3      0  1923    1e-09        -
 483  1.9461e-08  3.9034e-11     1143   88 1143     2     3      0  1934  1.6e-08        -
 487  1.9683e-08   6.587e-11     1155   90 1155     2     3      0  1954  2.3e-07        -
 489  1.9808e-08  5.9283e-11     1163   92 1163     2     3      0  1968  1.4e-07        -
 492  1.9963e-08  3.6654e-11     1169   94 1169     2     3      0  1977  1.3e-08        -
 495  2.0139e-08  6.5478e-11     1179   96 1179     2     3      0  1994  2.4e-07        -
-          当前进度:  10 % - 
 497  2.0263e-08  5.8931e-11     1187   98 1187     2     3      0  2008  1.4e-07        -
 500   2.044e-08  5.8931e-11     1193   99 1193     2     3      0  2018    1e-09        -
 504   2.059e-08  6.0012e-11     1201  101 1201     2     3      0  2030  1.6e-07        -
 507   2.077e-08  6.0012e-11     1207  101 1207     2     3      0  2041  1.6e-09        -
 510  2.0945e-08  5.4959e-11     1215  101 1215     2     3      0  2057  4.2e-10        -
 513   2.111e-08  5.4959e-11     1227  101 1227     2     3      0  2081  5.4e-10        -
 515   2.122e-08  5.4959e-11     1235  101 1235     2     3      0  2097  8.8e-10        -
 517   2.133e-08  5.4959e-11     1243  101 1243     2     3      0  2113  4.9e-10        -
 519   2.144e-08  5.4959e-11     1251  101 1251     2     3      0  2129  8.9e-10        -
 522   2.153e-08  3.0162e-11     1257  102 1257     2     3      0  2138  6.6e-08        -
 526  2.1651e-08  3.0162e-11     1265  102 1265     2     3      0  2150  1.9e-07        -
 530  2.1771e-08  3.0162e-11     1273  102 1273     2     3      0  2162  3.3e-07        -
 534  2.1892e-08  3.0162e-11     1281  102 1281     2     3      0  2174  4.8e-07        -
 537  2.1976e-08  2.3782e-11     1291  103 1291     2     3      0  2191  2.8e-09        -
 539  2.2048e-08  4.7563e-11     1295  105 1295     2     3      0  2197  9.2e-08        -
 543  2.2238e-08  4.7563e-11     1303  105 1303     2     3      0  2211  5.1e-10        -
 547  2.2428e-08  4.7563e-11     1311  105 1311     2     3      0  2227  9.9e-10        -
 549    2.25e-08  3.5966e-11 out 1319  107 1319     2     3      0  2241  2.2e-08        -
 554   2.268e-08  3.5966e-11     1329  107 1329     2     3      0  2256  4.5e-07        -
 557    2.28e-08  4.8203e-11     1337  109 1337     2     4      0  2268  9.4e-08        -
 558  2.2843e-08  4.3383e-11     1343  110 1343     2     4      0  2279  5.7e-08        -
 560   2.293e-08  4.3383e-11     1347  111 1347     2     4      0  2285  2.7e-07        -
 561  2.2965e-08  3.4942e-11     1353  112 1353     2     4      0  2296  1.9e-08        -
 563  2.3052e-08  5.1691e-11     1359  115 1359     2     5      0  2305  1.2e-07        -
 564  2.3098e-08  4.6522e-11     1365  116 1365     2     5      0  2316  7.4e-08        -
 566  2.3191e-08  4.6522e-11     1369  117 1369     2     5      0  2322  3.5e-07        -
 569  2.3331e-08  4.6522e-11     1375  117 1375     2     5      0  2332  3.1e-10        -
 571  2.3424e-08  4.6522e-11     1379  117 1379     2     5      0  2340  5.2e-10        -
 572  2.3462e-08  3.8066e-11     1385  118 1385     2     5      0  2351  2.6e-08        -
 574  2.3538e-08  3.8066e-11     1389  119 1389     2     5      0  2357  1.2e-07        -
 575  2.3597e-08  5.9013e-11     1393  121 1393     2     6      0  2363    2e-07        -
 576   2.365e-08  5.3111e-11     1399  122 1399     2     6      0  2374  1.2e-07        -
 578  2.3756e-08  5.3111e-11     1403  123 1403     2     6      0  2380  6.3e-07        -
 581  2.3916e-08  5.3111e-11     1409  123 1409     2     6      0  2392  1.2e-09        -
 582  2.3958e-08  4.2126e-11     1415  124 1415     2     6      0  2403  4.2e-08        -
 583     2.4e-08  4.2126e-11 out 1417  125 1417     2     6      0  2406  4.4e-08        -
 587  2.4169e-08  4.2126e-11     1425  125 1425     2     6      0  2418    7e-07        -
 591  2.4337e-08  4.2126e-11     1433  125 1433     2     6      0  2433    5e-10        -
 594  2.4461e-08   3.937e-11     1441  125 1441     2     6      0  2449  5.4e-12        -
 596  2.4539e-08   3.937e-11     1448  125 1448     2     6      0  2463  1.5e-10        -
 598  2.4776e-08  1.5748e-10     1450  127 1450     2     6      0  2463        0        -
 602     2.6e-08       5e-10 out 1454  129 1454     2     6      0  2463        0        -
 608     2.9e-08       5e-10 out 1460  129 1460     2     6      0  2463        0        -
-          当前进度:  12 % - 
 613    3.15e-08       5e-10 out 1465  129 1465     2     6      0  2463        0        -
 619    3.45e-08       5e-10 out 1471  129 1471     2     6      0  2463        0        -
 626     3.8e-08       5e-10 out 1478  129 1478     2     6      0  2463        0        -
 630       4e-08       5e-10 out 1482  129 1482     2     6      0  2463        0        -
 636     4.3e-08       5e-10 out 1488  129 1488     2     6      0  2463        0        -
 643    4.65e-08       5e-10 out 1495  129 1495     2     6      0  2463        0        -
 648     4.9e-08       5e-10 out 1500  129 1500     2     6      0  2463        0        -
 655    5.25e-08       5e-10 out 1507  129 1507     2     6      0  2463        0        -
 660     5.5e-08       5e-10 out 1512  129 1512     2     6      0  2463        0        -
 665    5.75e-08       5e-10 out 1517  129 1517     2     6      0  2463        0        -
 672     6.1e-08       5e-10 out 1524  129 1524     2     6      0  2463        0        -
 678     6.4e-08       5e-10 out 1530  129 1530     2     6      0  2463        0        -
 684     6.7e-08       5e-10 out 1536  129 1536     2     6      0  2463        0        -
 691    7.05e-08       5e-10 out 1543  129 1543     2     6      0  2463        0        -
 698     7.4e-08       5e-10 out 1550  129 1550     2     6      0  2463        0        -
 704     7.7e-08       5e-10 out 1556  129 1556     2     6      0  2463        0        -
 711    8.05e-08       5e-10 out 1563  129 1563     2     6      0  2463        0        -
 718     8.4e-08       5e-10 out 1570  129 1570     2     6      0  2463        0        -
 724     8.7e-08       5e-10 out 1576  129 1576     2     6      0  2463        0        -
 731    9.05e-08       5e-10 out 1583  129 1583     2     6      0  2463        0        -
 738     9.4e-08       5e-10 out 1590  129 1590     2     6      0  2463        0        -
 745    9.75e-08       5e-10 out 1597  129 1597     2     6      0  2463        0        -
 752    1.01e-07       5e-10 out 1604  129 1604     2     6      0  2463        0        -
 759   1.045e-07       5e-10 out 1611  129 1611     2     6      0  2463        0        -
 766    1.08e-07       5e-10 out 1618  129 1618     2     6      0  2463        0        -
 773   1.115e-07       5e-10 out 1625  129 1625     2     6      0  2463        0        -
 780    1.15e-07       5e-10 out 1632  129 1632     2     6      0  2463        0        -
 787   1.185e-07       5e-10 out 1639  129 1639     2     6      0  2463        0        -
 793   1.215e-07       5e-10 out 1645  129 1645     2     6      0  2463        0        -
 800    1.25e-07       5e-10 out 1652  129 1652     2     6      0  2463        0        -
 807   1.285e-07       5e-10 out 1659  129 1659     2     6      0  2463        0        -
 813   1.315e-07       5e-10 out 1665  129 1665     2     6      0  2463        0        -
 820    1.35e-07       5e-10 out 1672  129 1672     2     6      0  2463        0        -
 825   1.375e-07       5e-10 out 1677  129 1677     2     6      0  2463        0        -
 829   1.395e-07       5e-10 out 1681  129 1681     2     6      0  2463        0        -
 833   1.415e-07       5e-10 out 1685  129 1685     2     6      0  2463        0        -
 838    1.44e-07       5e-10 out 1690  129 1690     2     6      0  2463        0        -
 844    1.47e-07       5e-10 out 1696  129 1696     2     6      0  2463        0        -
 851   1.505e-07       5e-10 out 1703  129 1703     2     6      0  2463        0        -
 858    1.54e-07       5e-10 out 1710  129 1710     2     6      0  2463        0        -
 865   1.575e-07       5e-10 out 1717  129 1717     2     6      0  2463        0        -
 872    1.61e-07       5e-10 out 1724  129 1724     2     6      0  2463        0        -
 879   1.645e-07       5e-10 out 1731  129 1731     2     6      0  2463        0        -
 886    1.68e-07       5e-10 out 1738  129 1738     2     6      0  2463        0        -
 893   1.715e-07       5e-10 out 1745  129 1745     2     6      0  2463        0        -
 899   1.745e-07       5e-10 out 1751  129 1751     2     6      0  2463        0        -
 905   1.775e-07       5e-10 out 1757  129 1757     2     6      0  2463        0        -
 912    1.81e-07       5e-10 out 1764  129 1764     2     6      0  2463        0        -
 919   1.845e-07       5e-10 out 1771  129 1771     2     6      0  2463        0        -
 925   1.875e-07       5e-10 out 1777  129 1777     2     6      0  2463        0        -
 932    1.91e-07       5e-10 out 1784  129 1784     2     6      0  2463        0        -
 940    1.95e-07       5e-10 out 1792  129 1792     2     6      0  2463        0        -
----       当前进度:  44 % - 
 946    1.98e-07       5e-10 out 1798  129 1798     2     6      0  2463        0        -
 954    2.02e-07       5e-10 out 1806  129 1806     2     6      0  2463        0        -
 961   2.055e-07       5e-10 out 1813  129 1813     2     6      0  2463        0        -
 968    2.09e-07       5e-10 out 1820  129 1820     2     6      0  2463        0        -
 976    2.13e-07       5e-10 out 1828  129 1828     2     6      0  2463        0        -
 982    2.16e-07       5e-10 out 1834  129 1834     2     6      0  2463        0        -
 986    2.18e-07       5e-10 out 1838  129 1838     2     6      0  2463        0        -
 990     2.2e-07       5e-10 out 1842  129 1842     2     6      0  2463        0        -
 997   2.235e-07       5e-10 out 1849  129 1849     2     6      0  2463        0        -
1005   2.275e-07       5e-10 out 1857  129 1857     2     6      0  2463        0        -
1013   2.315e-07       5e-10 out 1865  129 1865     2     6      0  2463        0        -
1020    2.35e-07       5e-10 out 1872  129 1872     2     6      0  2463        0        -
1027   2.385e-07       5e-10 out 1879  129 1879     2     6      0  2463        0        -
1035   2.425e-07       5e-10 out 1887  129 1887     2     6      0  2463        0        -
1043   2.465e-07       5e-10 out 1895  129 1895     2     6      0  2463        0        -
1050     2.5e-07       5e-10 out 1902  129 1902     2     6      0  2463        0        -
1057   2.535e-07       5e-10 out 1909  129 1909     2     6      0  2463        0        -
1065   2.575e-07       5e-10 out 1917  129 1917     2     6      0  2463        0        -
1073   2.615e-07       5e-10 out 1925  129 1925     2     6      0  2463        0        -
1081   2.655e-07       5e-10 out 1933  129 1933     2     6      0  2463        0        -
1089   2.695e-07       5e-10 out 1941  129 1941     2     6      0  2463        0        -
1097   2.735e-07       5e-10 out 1949  129 1949     2     6      0  2463        0        -
1105   2.775e-07       5e-10 out 1957  129 1957     2     6      0  2463        0        -
1113   2.815e-07       5e-10 out 1965  129 1965     2     6      0  2463        0        -
1120    2.85e-07       5e-10 out 1972  129 1972     2     6      0  2463        0        -
1126    2.88e-07       5e-10 out 1978  129 1978     2     6      0  2463        0        -
1133   2.915e-07       5e-10 out 1985  129 1985     2     6      0  2463        0        -
1139   2.945e-07       5e-10 out 1991  129 1991     2     6      0  2463        0        -
1146    2.98e-07       5e-10 out 1998  129 1998     2     6      0  2463        0        -
1154    3.02e-07       5e-10 out 2006  129 2006     2     6      0  2463        0        -
1162    3.06e-07       5e-10 out 2014  129 2014     2     6      0  2463        0        -
1170     3.1e-07       5e-10 out 2022  129 2022     2     6      0  2463        0        -
1177   3.135e-07       5e-10 out 2029  129 2029     2     6      0  2463        0        -
1184    3.17e-07       5e-10 out 2036  129 2036     2     6      0  2463        0        -
1192    3.21e-07       5e-10 out 2044  129 2044     2     6      0  2463        0        -
1200    3.25e-07       5e-10 out 2052  129 2052     2     6      0  2463        0        -
1207   3.285e-07       5e-10 out 2059  129 2059     2     6      0  2463        0        -
1215   3.325e-07       5e-10 out 2067  129 2067     2     6      0  2463        0        -
1223   3.365e-07       5e-10 out 2075  129 2075     2     6      0  2463        0        -
1230     3.4e-07       5e-10 out 2082  129 2082     2     6      0  2463        0        -
1238    3.44e-07       5e-10 out 2090  129 2090     2     6      0  2463        0        -
1245   3.475e-07       5e-10 out 2097  129 2097     2     6      0  2463        0        -
1252    3.51e-07       5e-10 out 2104  129 2104     2     6      0  2463        0        -
1259   3.545e-07       5e-10 out 2111  129 2111     2     6      0  2463        0        -
1267   3.585e-07       5e-10 out 2119  129 2119     2     6      0  2463        0        -
1274    3.62e-07       5e-10 out 2126  129 2126     2     6      0  2463        0        -
1281   3.655e-07       5e-10 out 2133  129 2133     2     6      0  2463        0        -
1288    3.69e-07       5e-10 out 2140  129 2140     2     6      0  2463        0        -
1293   3.715e-07       5e-10 out 2145  129 2145     2     6      0  2463        0        -
1299   3.745e-07       5e-10 out 2151  129 2151     2     6      0  2463        0        -
1305   3.775e-07       5e-10 out 2157  129 2157     2     6      0  2463        0        -
1311   3.805e-07       5e-10 out 2163  129 2163     2     6      0  2463        0        -
1318    3.84e-07       5e-10 out 2170  129 2170     2     6      0  2463        0        -
-------    当前进度:  79 % - 正在组装残差
Memory: 1184/1464 1200/1908
1325   3.875e-07       5e-10 out 2177  129 2177     2     6      0  2463        0        -
1331   3.905e-07       5e-10 out 2183  129 2183     2     6      0  2463        0        -
1338    3.94e-07       5e-10 out 2190  129 2190     2     6      0  2463        0        -
1345   3.975e-07       5e-10 out 2197  129 2197     2     6      0  2463        0        -
1350       4e-07       5e-10 out 2202  129 2202     2     6      0  2463        0        -
1357   4.035e-07       5e-10 out 2209  129 2209     2     6      0  2463        0        -
1364    4.07e-07       5e-10 out 2216  129 2216     2     6      0  2463        0        -
1371   4.105e-07       5e-10 out 2223  129 2223     2     6      0  2463        0        -
1377   4.135e-07       5e-10 out 2229  129 2229     2     6      0  2463        0        -
1383   4.165e-07       5e-10 out 2235  129 2235     2     6      0  2463        0        -
1389   4.195e-07       5e-10 out 2241  129 2241     2     6      0  2463        0        -
1396    4.23e-07       5e-10 out 2248  129 2248     2     6      0  2463        0        -
1403   4.265e-07       5e-10 out 2255  129 2255     2     6      0  2463        0        -
1409   4.295e-07       5e-10 out 2261  129 2261     2     6      0  2463        0        -
1415   4.325e-07       5e-10 out 2267  129 2267     2     6      0  2463        0        -
1422    4.36e-07       5e-10 out 2274  129 2274     2     6      0  2463        0        -
1428    4.39e-07       5e-10 out 2280  129 2280     2     6      0  2463        0        -
1435   4.425e-07       5e-10 out 2287  129 2287     2     6      0  2463        0        -
1442    4.46e-07       5e-10 out 2294  129 2294     2     6      0  2463        0        -
1449   4.495e-07       5e-10 out 2301  129 2301     2     6      0  2463        0        -
1456    4.53e-07       5e-10 out 2308  129 2308     2     6      0  2463        0        -
1463   4.565e-07       5e-10 out 2315  129 2315     2     6      0  2463        0        -
1469   4.595e-07       5e-10 out 2321  129 2321     2     6      0  2463        0        -
1476    4.63e-07       5e-10 out 2328  129 2328     2     6      0  2463        0        -
1483   4.665e-07       5e-10 out 2335  129 2335     2     6      0  2463        0        -
1490     4.7e-07       5e-10 out 2342  129 2342     2     6      0  2463        0        -
1497   4.735e-07       5e-10 out 2349  129 2349     2     6      0  2463        0        -
1504    4.77e-07       5e-10 out 2356  129 2356     2     6      0  2463        0        -
1511   4.805e-07       5e-10 out 2363  129 2363     2     6      0  2463        0        -
1518    4.84e-07       5e-10 out 2370  129 2370     2     6      0  2463        0        -
1525   4.875e-07       5e-10 out 2377  129 2377     2     6      0  2463        0        -
1533   4.915e-07       5e-10 out 2385  129 2385     2     6      0  2463        0        -
1540    4.95e-07       5e-10 out 2392  129 2392     2     6      0  2463        0        -
1547   4.985e-07       5e-10 out 2399  129 2399     2     6      0  2463        0        -
1550       5e-07       5e-10 out 2402  129 2402     2     6      0  2463        0        -
---------- 当前进度: 100 % - 
求解时间：2 s。
物理内存: 1.21 GB
虚拟内存: 1.23 GB
结束时间：2026年9月4日 10:22:13。
----- Study 2 - Single_Muon_Diagnostic/解 2 (sol2) 中的“瞬态求解器 1” ----------------->
           当前进度:   0 % - 
Memory: 1184/1464 1201/1908
-          当前进度:  11 % - 正在计算
Memory: 1187/1464 1203/1908
-          当前进度:  18 % - 正在计算
Memory: 1190/1464 1206/1908
--         当前进度:  25 % - 正在计算
---        当前进度:  33 % - 正在计算
----       当前进度:  41 % - 正在计算
----       当前进度:  47 % - 正在计算
-----      当前进度:  55 % - 正在计算
------     当前进度:  64 % - 正在计算
-------    当前进度:  72 % - 正在计算
--------   当前进度:  82 % - 正在计算
---------- 当前进度: 100 % - 正在计算
Memory: 1190/1464 1207/1908
           当前进度:   0 % - 
Memory: 1190/1464 1208/1908
---        当前进度:  34 % - 正在计算
Memory: 1197/1464 1215/1908
---------  当前进度:  95 % - 正在计算
Memory: 1195/1464 1212/1908
SHORT_GAP_CASE_COMPLETE=shortgap_20mm_f0p10_V12_1kV
SHORT_GAP_CASE_START=shortgap_20mm_f0p10_V12_3kV
           当前进度:   0 % - Study 1 - 3D Electrostatics stationary
Memory: 1197/1464 1214/1908
           当前进度:   3 % - Study 1 - 3D Electrostatics stationary
Memory: 1324/1464 1900/1908
<---- Study 1 - 3D Electrostatics stationary/解 1 (sol1) 中的“编译方程: 稳态” -----------
开始于 2026年9月4日 10:22:17。
几何形函数: 二次拉格朗日单元
几何形函数: 二次拉格朗日单元
在 Intel64 Family 6 Model 186 Stepping 2, GenuineIntel 上运行。
在以下位置使用 1 个插槽： 陈红星 上（共 1 个内核）。
可用内存：15.90 GB。
           当前进度:   3 % - 生成方程
Memory: 1501/1504 1900/1908
           当前进度:   6 % - 编译方程: 稳态
Memory: 1264/1504 1276/1908
           当前进度:   7 % - 编译方程: 稳态
Memory: 1266/1504 1278/1908
时间：1。
物理内存: 1.5 GB
虚拟内存: 1.9 GB
Warning: 自由空间采用真空条件，这会导致某些材料属性被忽略。请考虑为忽略的材料添加合适的物理场特征。

  - 节点: 自由空间 1

  - 物理场: Electrostatics: four finite-thickness rounded ring electrodes (es)

  - Materials: Natural Neon gas, representative relative permittivity (mat_gas), Representative alumina ceramic; epsilon_r=9.4 assumption (mat_diel)

  - Quantities: 相对介电常数, 相对介电常数
结束时间：2026年9月4日 10:22:19。
----- Study 1 - 3D Electrostatics stationary/解 1 (sol1) 中的“编译方程: 稳态” ---------->
<---- Study 1 - 3D Electrostatics stationary/解 1 (sol1) 中的“因变量 1” --------------
开始于 2026年9月4日 10:22:19。
           当前进度:   7 % - 因变量 1
Memory: 1265/1504 1276/1908
求解时间：0 s。
物理内存: 1.27 GB
虚拟内存: 1.28 GB
结束时间：2026年9月4日 10:22:19。
----- Study 1 - 3D Electrostatics stationary/解 1 (sol1) 中的“因变量 1” ------------->
<---- Study 1 - 3D Electrostatics stationary/解 1 (sol1) 中的“稳态求解器 1” ------------
开始于 2026年9月4日 10:22:19。
线性求解器 
求解的自由度数：103142。
--         当前进度:  23 % - 组装稀疏模式
Memory: 1271/1504 1283/1908
---        当前进度:  31 % - 组装矩阵
Memory: 1301/1504 1313/1908
---        当前进度:  38 % - 
Memory: 1309/1504 1322/1908
找到对称矩阵。
缩放因变量：
电势 (comp1.V): 1
已使用正交零空间函数。
---        当前进度:  38 % - 组装延展
Memory: 1301/1504 1314/1908
-------    当前进度:  74 % - 正在创建多重网格层次结构
Memory: 1288/1504 1301/1908
Iter      SolEst     Damping    Stepsize #Res #Jac #Sol LinIt   LinErr   LinRes
   1         0.8   1.0000000         0.8    1    1    1     3  0.00082  1.7e-06
---------- 当前进度: 100 % - 
Memory: 1279/1504 1292/1908
求解时间：4 s。
物理内存: 1.31 GB
虚拟内存: 1.32 GB
结束时间：2026年9月4日 10:22:23。
----- Study 1 - 3D Electrostatics stationary/解 1 (sol1) 中的“稳态求解器 1” ----------->
           当前进度:   0 % - Study 2 - Single_Muon_Diagnostic
Memory: 1211/1504 1220/1908
           当前进度:   3 % - Study 2 - Single_Muon_Diagnostic
<---- Study 2 - Single_Muon_Diagnostic/解 2 (sol2) 中的“编译方程: 瞬态” -----------------
开始于 2026年9月4日 10:22:24。
几何形函数: 二次拉格朗日单元
几何形函数: 二次拉格朗日单元
在 Intel64 Family 6 Model 186 Stepping 2, GenuineIntel 上运行。
在以下位置使用 1 个插槽： 陈红星 上（共 1 个内核）。
可用内存：15.90 GB。
           当前进度:   3 % - 生成方程
           当前进度:   4 % - 编译方程: 瞬态
Memory: 1218/1504 1228/1908
           当前进度:   5 % - 编译方程: 瞬态
时间：1。
物理内存: 1.22 GB
虚拟内存: 1.23 GB
Warning: 自由空间采用真空条件，这会导致某些材料属性被忽略。请考虑为忽略的材料添加合适的物理场特征。

  - 节点: 自由空间 1

  - 物理场: Electrostatics: four finite-thickness rounded ring electrodes (es)

  - Materials: Natural Neon gas, representative relative permittivity (mat_gas), Representative alumina ceramic; epsilon_r=9.4 assumption (mat_diel)

  - Quantities: 相对介电常数, 相对介电常数
结束时间：2026年9月4日 10:22:25。
----- Study 2 - Single_Muon_Diagnostic/解 2 (sol2) 中的“编译方程: 瞬态” ---------------->
<---- Study 2 - Single_Muon_Diagnostic/解 2 (sol2) 中的“因变量 1” --------------------
开始于 2026年9月4日 10:22:25。
不求解变量的值: 解 1 (sol1).
           当前进度:   5 % - 因变量 1
Memory: 1215/1504 1224/1908
求解时间：0 s。
物理内存: 1.22 GB
虚拟内存: 1.23 GB
结束时间：2026年9月4日 10:22:25。
----- Study 2 - Single_Muon_Diagnostic/解 2 (sol2) 中的“因变量 1” ------------------->
<---- Study 2 - Single_Muon_Diagnostic/解 2 (sol2) 中的“瞬态求解器 1” ------------------
开始于 2026年9月4日 10:22:25。
瞬态求解器（广义 α）
求解的自由度数：3（加上 4 个内部自由度）。
找到非对称矩阵。
缩放因变量：
颗粒位置 (comp1.qcpt): 1
Step        Time    Stepsize      Res  Jac  Sol Order Tfail NLfail LinIt   LinErr   LinRes
   0           0           - out    2    3    2                  0     0        0        0
   1    6.25e-11    6.25e-11       10    7   10     2     3      0    19  4.9e-08        -
   5   3.125e-10    6.25e-11       18    7   18     2     3      0    32  7.2e-10        -
   9   5.625e-10    6.25e-11       26    7   26     2     3      0    51  6.8e-11        -
  11  6.8125e-10   5.625e-11       34    8   34     2     3      0    68  1.1e-07        -
  15  9.0625e-10   5.625e-11       42    9   42     2     3      0    84  4.4e-11        -
  17       1e-09  4.6875e-11 out   50   11   50     2     3      0    99  6.2e-08        -
  21  1.1875e-09  4.6875e-11       58   11   58     2     3      0   112  2.9e-10        -
  25   1.375e-09  4.6875e-11       66   11   66     2     3      0   128  3.3e-10        -
  27  1.4609e-09  3.9063e-11       74   12   74     2     3      0   143  2.4e-08        -
  31  1.6172e-09  3.9063e-11       82   13   82     2     3      0   155  2.9e-07        -
  36  1.8125e-09  3.9063e-11       92   13   92     2     3      0   170  7.1e-07        -
  40  1.9648e-09  3.5156e-11      104   14  104     2     3      0   190  1.5e-08        -
  44  2.1055e-09  3.5156e-11      112   15  112     2     3      0   202  1.8e-07        -
  48  2.2461e-09  3.5156e-11      120   15  120     2     3      0   214  4.2e-07        -
  52  2.3867e-09  3.5156e-11      128   15  128     2     3      0   226  6.6e-07        -
  55  2.4785e-09  2.1484e-11      134   16  134     2     3      0   235  1.2e-09        -
  58  2.5859e-09  4.2969e-11      140   17  140     2     3      0   244  1.7e-07        -
  63  2.8008e-09  4.2969e-11      150   17  150     2     3      0   259  8.5e-07        -
  67  2.9648e-09  3.5156e-11      162   18  162     2     3      0   281  1.1e-08        -
  70  3.0703e-09  3.5156e-11      168   19  168     2     3      0   290  7.8e-08        -
  75  3.2461e-09  3.5156e-11      178   19  178     2     3      0   305  2.4e-07        -
  78  3.3516e-09  3.5156e-11      184   19  184     2     3      0   314  3.4e-07        -
  82  3.4785e-09  2.1484e-11      192   20  192     2     3      0   326  6.7e-10        -
           当前进度:   7 % - 求解线性方程组
  84   3.543e-09  4.2969e-11      196   21  196     2     3      0   332  2.1e-08        -
  88  3.7148e-09  4.2969e-11      204   21  204     2     3      0   344    3e-07        -
  93  3.9297e-09  4.2969e-11      214   21  214     2     3      0   359  6.5e-07        -
  94  3.9648e-09  3.5156e-11      220   22  220     2     3      0   370  7.1e-09        -
  96  4.0352e-09  3.5156e-11      224   23  224     2     3      0   376  3.4e-08        -
 100  4.1758e-09  3.5156e-11      232   23  232     2     3      0   388  1.5e-07        -
 103  4.2812e-09  3.5156e-11      238   23  238     2     3      0   397  2.3e-07        -
 107  4.4219e-09  3.5156e-11      246   23  246     2     3      0   409  3.5e-07        -
 110     4.5e-09  2.1484e-11 out  252   24  252     2     3      0   418  3.4e-09        -
 112  4.5859e-09  4.2969e-11      256   25  256     2     3      0   424  1.1e-07        -
 116  4.7578e-09  4.2969e-11      264   25  264     2     3      0   436  4.8e-07        -
 120  4.9297e-09  4.2969e-11      272   25  272     2     3      0   448  8.7e-07        -
 121  4.9648e-09  3.5156e-11      278   26  278     2     3      0   459  8.6e-09        -
 124  5.0703e-09  3.5156e-11      284   27  284     2     3      0   468  8.5e-08        -
 128  5.2109e-09  3.5156e-11      292   27  292     2     3      0   480  2.4e-07        -
 131  5.3164e-09  3.5156e-11      298   27  298     2     3      0   489  3.5e-07        -
 135   5.457e-09  3.5156e-11      306   27  306     2     3      0   501    5e-07        -
 138   5.543e-09  4.2969e-11      312   29  312     2     3      0   510  2.5e-08        -
 142  5.7148e-09  4.2969e-11      320   29  320     2     3      0   522  4.3e-07        -
 146  5.8867e-09  4.2969e-11      328   29  328     2     3      0   534  8.4e-07        -
 148  5.9648e-09  3.5156e-11      336   30  336     2     3      0   548  9.5e-09        -
 151  6.0703e-09  3.5156e-11      342   31  342     2     3      0   557  9.1e-08        -
 156  6.2461e-09  3.5156e-11      352   31  352     2     3      0   572    3e-07        -
 160  6.3867e-09  3.5156e-11      360   31  360     2     3      0   584  4.9e-07        -
 163  6.4785e-09  2.1485e-11      366   32  366     2     3      0   593    1e-09        -
 165   6.543e-09   4.297e-11      370   33  370     2     3      0   599  3.4e-08        -
 169  6.7148e-09   4.297e-11      378   33  378     2     3      0   611  6.9e-07        -
 173  6.8867e-09   4.297e-11      386   33  386     2     3      0   626  5.6e-10        -
 175  6.9648e-09  3.5151e-11      394   34  394     2     3      0   641  2.2e-08        -
 178  7.0703e-09  3.5151e-11      400   35  400     2     3      0   650  2.1e-07        -
 183  7.2461e-09  3.5151e-11      410   35  410     2     3      0   665  7.2e-07        -
 187  7.3867e-09  3.5151e-11      418   35  418     2     3      0   679  2.3e-10        -
 190  7.4785e-09  2.1521e-11      424   36  424     2     3      0   690  2.5e-09        -
 194  7.6291e-09  4.3042e-11      432   37  432     2     3      0   702  7.3e-07        -
 196  7.7152e-09  4.3042e-11      436   37  436     2     3      0   710  3.9e-10        -
 198   7.797e-09  3.8737e-11      444   38  444     2     3      0   725  4.8e-08        -
 199  7.8357e-09  3.8737e-11      446   39  446     2     3      0   728  4.7e-08        -
 201  7.9132e-09  3.8737e-11      450   39  450     2     3      0   734  3.9e-07        -
 203   7.976e-09  2.4032e-11      454   40  454     2     3      0   740  3.9e-09        -
 205  8.0481e-09  4.8064e-11      458   41  458     2     3      0   746  1.2e-07        -
 208  8.1923e-09  4.8064e-11      464   41  464     2     3      0   756  5.6e-10        -
 210  8.2884e-09  4.8064e-11      468   41  468     2     3      0   764  8.3e-10        -
 213  8.4326e-09  4.8064e-11      474   41  474     2     3      0   776  1.2e-09        -
           当前进度:   8 % - 正在组装残差
 214  8.4663e-09  3.3714e-11      480   42  480     2     3      0   787  1.6e-08        -
 216  8.5337e-09  3.3714e-11      484   43  484     2     3      0   793  7.2e-08        -
 220  8.6686e-09  3.3714e-11      492   43  492     2     3      0   805  2.7e-07        -
 225  8.8371e-09  3.3714e-11      502   43  502     2     3      0   820  4.8e-07        -
 229  8.9691e-09  3.0862e-11      512   43  512     2     3      0   837  9.4e-10        -
 232  9.1234e-09  6.1724e-11      520   44  520     2     3      0   854  7.2e-10        -
 237  9.4321e-09  6.1724e-11      530   44  530     2     3      0   879  4.1e-09        -
 240  9.5679e-09  6.7931e-11      536   46  536     2     3      0   889  4.4e-07        -
 242  9.6902e-09  6.1138e-11      544   48  544     2     3      0   906  2.6e-07        -
 247  9.9674e-09   3.262e-11      554   49  554     2     3      0   929    1e-08        -
 252   1.013e-08   3.262e-11      564   49  564     2     3      0   944  1.8e-07        -
 257  1.0294e-08   3.262e-11      574   49  574     2     3      0   959  3.5e-07        -
 261  1.0424e-08   3.262e-11      582   49  582     2     3      0   971  4.8e-07        -
 265  1.0543e-08  4.3322e-11      590   51  590     2     3      0   983  2.5e-08        -
 270   1.076e-08  4.3322e-11      600   51  600     2     3      0   998  4.9e-07        -
 275  1.0967e-08  3.3389e-11      614   52  614     2     3      0  1021  5.5e-09        -
 279    1.11e-08  3.3389e-11      622   53  622     2     3      0  1033    7e-08        -
 284  1.1267e-08  3.3389e-11      632   53  632     2     3      0  1048  1.8e-07        -
 287  1.1367e-08  3.3389e-11      638   53  638     2     3      0  1057  2.4e-07        -
 292  1.1533e-08  3.2972e-11      648   53  648     2     3      0  1075  3.1e-09        -
 296  1.1698e-08  6.5944e-11      656   54  656     2     3      0  1091  1.7e-07        -
 298  1.1817e-08  5.9349e-11      664   56  664     2     3      0  1108  1.1e-07        -
 301  1.1968e-08  3.2385e-11      670   57  670     2     3      0  1120  5.4e-09        -
 305  1.2194e-08   6.477e-11      678   58  678     2     3      0  1136  2.4e-09        -
 309  1.2444e-08  5.5689e-11      690   59  690     2     3      0  1163  8.5e-08        -
 313  1.2667e-08  5.5689e-11      698   60  698     2     3      0  1176    2e-09        -
 318  1.2945e-08  5.5089e-11      708   60  708     2     3      0  1196  1.5e-08        -
 322  1.3165e-08  5.5089e-11      716   60  716     2     3      0  1212  1.4e-08        -
 327  1.3441e-08  5.5089e-11      726   60  726     2     3      0  1232  1.4e-08        -
 330  1.3559e-08  5.9287e-11      732   62  732     2     3      0  1242  1.5e-07        -
 333  1.3796e-08  1.1857e-10      737   63  737     2     3      0  1251        0        -
 337     1.5e-08       5e-10 out  741   65  741     2     3      0  1251        0        -
 345     1.9e-08       5e-10 out  749   65  749     2     3      0  1251        0        -
 353     2.3e-08       5e-10 out  757   65  757     2     3      0  1251        0        -
 361     2.7e-08       5e-10 out  765   65  765     2     3      0  1251        0        -
 369     3.1e-08       5e-10 out  773   65  773     2     3      0  1251        0        -
 377     3.5e-08       5e-10 out  781   65  781     2     3      0  1251        0        -
 384    3.85e-08       5e-10 out  788   65  788     2     3      0  1251        0        -
 392    4.25e-08       5e-10 out  796   65  796     2     3      0  1251        0        -
 400    4.65e-08       5e-10 out  804   65  804     2     3      0  1251        0        -
 407       5e-08       5e-10 out  811   65  811     2     3      0  1251        0        -
 415     5.4e-08       5e-10 out  819   65  819     2     3      0  1251        0        -
 423     5.8e-08       5e-10 out  827   65  827     2     3      0  1251        0        -
 430    6.15e-08       5e-10 out  834   65  834     2     3      0  1251        0        -
 438    6.55e-08       5e-10 out  842   65  842     2     3      0  1251        0        -
 446    6.95e-08       5e-10 out  850   65  850     2     3      0  1251        0        -
 453     7.3e-08       5e-10 out  857   65  857     2     3      0  1251        0        -
--         当前进度:  21 % - 
 460    7.65e-08       5e-10 out  864   65  864     2     3      0  1251        0        -
 466    7.95e-08       5e-10 out  870   65  870     2     3      0  1251        0        -
 473     8.3e-08       5e-10 out  877   65  877     2     3      0  1251        0        -
 478    8.55e-08       5e-10 out  882   65  882     2     3      0  1251        0        -
 485     8.9e-08       5e-10 out  889   65  889     2     3      0  1251        0        -
 492    9.25e-08       5e-10 out  896   65  896     2     3      0  1251        0        -
 499     9.6e-08       5e-10 out  903   65  903     2     3      0  1251        0        -
 504    9.85e-08       5e-10 out  908   65  908     2     3      0  1251        0        -
 511    1.02e-07       5e-10 out  915   65  915     2     3      0  1251        0        -
 517    1.05e-07       5e-10 out  921   65  921     2     3      0  1251        0        -
 524   1.085e-07       5e-10 out  928   65  928     2     3      0  1251        0        -
 532   1.125e-07       5e-10 out  936   65  936     2     3      0  1251        0        -
 540   1.165e-07       5e-10 out  944   65  944     2     3      0  1251        0        -
 548   1.205e-07       5e-10 out  952   65  952     2     3      0  1251        0        -
 556   1.245e-07       5e-10 out  960   65  960     2     3      0  1251        0        -
 564   1.285e-07       5e-10 out  968   65  968     2     3      0  1251        0        -
 571    1.32e-07       5e-10 out  975   65  975     2     3      0  1251        0        -
 579    1.36e-07       5e-10 out  983   65  983     2     3      0  1251        0        -
 587     1.4e-07       5e-10 out  991   65  991     2     3      0  1251        0        -
 595    1.44e-07       5e-10 out  999   65  999     2     3      0  1251        0        -
 604   1.485e-07       5e-10 out 1008   65 1008     2     3      0  1251        0        -
 613    1.53e-07       5e-10 out 1017   65 1017     2     3      0  1251        0        -
 622   1.575e-07       5e-10 out 1026   65 1026     2     3      0  1251        0        -
 631    1.62e-07       5e-10 out 1035   65 1035     2     3      0  1251        0        -
 639    1.66e-07       5e-10 out 1043   65 1043     2     3      0  1251        0        -
 647     1.7e-07       5e-10 out 1051   65 1051     2     3      0  1251        0        -
 656   1.745e-07       5e-10 out 1060   65 1060     2     3      0  1251        0        -
 664   1.785e-07       5e-10 out 1068   65 1068     2     3      0  1251        0        -
 672   1.825e-07       5e-10 out 1076   65 1076     2     3      0  1251        0        -
 680   1.865e-07       5e-10 out 1084   65 1084     2     3      0  1251        0        -
 688   1.905e-07       5e-10 out 1092   65 1092     2     3      0  1251        0        -
 695    1.94e-07       5e-10 out 1099   65 1099     2     3      0  1251        0        -
 703    1.98e-07       5e-10 out 1107   65 1107     2     3      0  1251        0        -
 711    2.02e-07       5e-10 out 1115   65 1115     2     3      0  1251        0        -
 718   2.055e-07       5e-10 out 1122   65 1122     2     3      0  1251        0        -
 726   2.095e-07       5e-10 out 1130   65 1130     2     3      0  1251        0        -
 734   2.135e-07       5e-10 out 1138   65 1138     2     3      0  1251        0        -
 741    2.17e-07       5e-10 out 1145   65 1145     2     3      0  1251        0        -
 749    2.21e-07       5e-10 out 1153   65 1153     2     3      0  1251        0        -
 757    2.25e-07       5e-10 out 1161   65 1161     2     3      0  1251        0        -
 763    2.28e-07       5e-10 out 1167   65 1167     2     3      0  1251        0        -
 770   2.315e-07       5e-10 out 1174   65 1174     2     3      0  1251        0        -
 778   2.355e-07       5e-10 out 1182   65 1182     2     3      0  1251        0        -
 783    2.38e-07       5e-10 out 1187   65 1187     2     3      0  1251        0        -
 791    2.42e-07       5e-10 out 1195   65 1195     2     3      0  1251        0        -
 798   2.455e-07       5e-10 out 1202   65 1202     2     3      0  1251        0        -
 804   2.485e-07       5e-10 out 1208   65 1208     2     3      0  1251        0        -
 812   2.525e-07       5e-10 out 1216   65 1216     2     3      0  1251        0        -
 819    2.56e-07       5e-10 out 1223   65 1223     2     3      0  1251        0        -
 826   2.595e-07       5e-10 out 1230   65 1230     2     3      0  1251        0        -
 834   2.635e-07       5e-10 out 1238   65 1238     2     3      0  1251        0        -
 842   2.675e-07       5e-10 out 1246   65 1246     2     3      0  1251        0        -
 848   2.705e-07       5e-10 out 1252   65 1252     2     3      0  1251        0        -
-----      当前进度:  57 % - 
Memory: 1217/1504 1226/1908
 855    2.74e-07       5e-10 out 1259   65 1259     2     3      0  1251        0        -
 863    2.78e-07       5e-10 out 1267   65 1267     2     3      0  1251        0        -
 868   2.805e-07       5e-10 out 1272   65 1272     2     3      0  1251        0        -
 875    2.84e-07       5e-10 out 1279   65 1279     2     3      0  1251        0        -
 883    2.88e-07       5e-10 out 1287   65 1287     2     3      0  1251        0        -
 888   2.905e-07       5e-10 out 1292   65 1292     2     3      0  1251        0        -
 896   2.945e-07       5e-10 out 1300   65 1300     2     3      0  1251        0        -
 904   2.985e-07       5e-10 out 1308   65 1308     2     3      0  1251        0        -
 909    3.01e-07       5e-10 out 1313   65 1313     2     3      0  1251        0        -
 917    3.05e-07       5e-10 out 1321   65 1321     2     3      0  1251        0        -
 925    3.09e-07       5e-10 out 1329   65 1329     2     3      0  1251        0        -
 932   3.125e-07       5e-10 out 1336   65 1336     2     3      0  1251        0        -
 940   3.165e-07       5e-10 out 1344   65 1344     2     3      0  1251        0        -
 948   3.205e-07       5e-10 out 1352   65 1352     2     3      0  1251        0        -
 954   3.235e-07       5e-10 out 1358   65 1358     2     3      0  1251        0        -
 960   3.265e-07       5e-10 out 1364   65 1364     2     3      0  1251        0        -
 967     3.3e-07       5e-10 out 1371   65 1371     2     3      0  1251        0        -
 973    3.33e-07       5e-10 out 1377   65 1377     2     3      0  1251        0        -
 979    3.36e-07       5e-10 out 1383   65 1383     2     3      0  1251        0        -
 987     3.4e-07       5e-10 out 1391   65 1391     2     3      0  1251        0        -
 995    3.44e-07       5e-10 out 1399   65 1399     2     3      0  1251        0        -
1003    3.48e-07       5e-10 out 1407   65 1407     2     3      0  1251        0        -
1011    3.52e-07       5e-10 out 1415   65 1415     2     3      0  1251        0        -
1019    3.56e-07       5e-10 out 1423   65 1423     2     3      0  1251        0        -
1024   3.585e-07       5e-10 out 1428   65 1428     2     3      0  1251        0        -
1032   3.625e-07       5e-10 out 1436   65 1436     2     3      0  1251        0        -
1040   3.665e-07       5e-10 out 1444   65 1444     2     3      0  1251        0        -
1048   3.705e-07       5e-10 out 1452   65 1452     2     3      0  1251        0        -
1056   3.745e-07       5e-10 out 1460   65 1460     2     3      0  1251        0        -
1064   3.785e-07       5e-10 out 1468   65 1468     2     3      0  1251        0        -
1071    3.82e-07       5e-10 out 1475   65 1475     2     3      0  1251        0        -
1079    3.86e-07       5e-10 out 1483   65 1483     2     3      0  1251        0        -
1087     3.9e-07       5e-10 out 1491   65 1491     2     3      0  1251        0        -
1092   3.925e-07       5e-10 out 1496   65 1496     2     3      0  1251        0        -
1098   3.955e-07       5e-10 out 1502   65 1502     2     3      0  1251        0        -
1106   3.995e-07       5e-10 out 1510   65 1510     2     3      0  1251        0        -
1113    4.03e-07       5e-10 out 1517   65 1517     2     3      0  1251        0        -
1119    4.06e-07       5e-10 out 1523   65 1523     2     3      0  1251        0        -
1127     4.1e-07       5e-10 out 1531   65 1531     2     3      0  1251        0        -
1133    4.13e-07       5e-10 out 1537   65 1537     2     3      0  1251        0        -
1138   4.155e-07       5e-10 out 1542   65 1542     2     3      0  1251        0        -
1146   4.195e-07       5e-10 out 1550   65 1550     2     3      0  1251        0        -
1154   4.235e-07       5e-10 out 1558   65 1558     2     3      0  1251        0        -
1161    4.27e-07       5e-10 out 1565   65 1565     2     3      0  1251        0        -
1169    4.31e-07       5e-10 out 1573   65 1573     2     3      0  1251        0        -
1177    4.35e-07       5e-10 out 1581   65 1581     2     3      0  1251        0        -
1184   4.385e-07       5e-10 out 1588   65 1588     2     3      0  1251        0        -
1192   4.425e-07       5e-10 out 1596   65 1596     2     3      0  1251        0        -
1199    4.46e-07       5e-10 out 1603   65 1603     2     3      0  1251        0        -
1206   4.495e-07       5e-10 out 1610   65 1610     2     3      0  1251        0        -
1214   4.535e-07       5e-10 out 1618   65 1618     2     3      0  1251        0        -
1222   4.575e-07       5e-10 out 1626   65 1626     2     3      0  1251        0        -
1228   4.605e-07       5e-10 out 1632   65 1632     2     3      0  1251        0        -
1236   4.645e-07       5e-10 out 1640   65 1640     2     3      0  1251        0        -
1244   4.685e-07       5e-10 out 1648   65 1648     2     3      0  1251        0        -
---------  当前进度:  94 % - 正在组装残差
Memory: 1216/1504 1225/1908
1250   4.715e-07       5e-10 out 1654   65 1654     2     3      0  1251        0        -
1258   4.755e-07       5e-10 out 1662   65 1662     2     3      0  1251        0        -
1267     4.8e-07       5e-10 out 1671   65 1671     2     3      0  1251        0        -
1274   4.835e-07       5e-10 out 1678   65 1678     2     3      0  1251        0        -
1282   4.875e-07       5e-10 out 1686   65 1686     2     3      0  1251        0        -
1290   4.915e-07       5e-10 out 1694   65 1694     2     3      0  1251        0        -
1295    4.94e-07       5e-10 out 1699   65 1699     2     3      0  1251        0        -
1303    4.98e-07       5e-10 out 1707   65 1707     2     3      0  1251        0        -
1307       5e-07       5e-10 out 1711   65 1711     2     3      0  1251        0        -
---------- 当前进度: 100 % - 
求解时间：2 s。
物理内存: 1.22 GB
虚拟内存: 1.23 GB
结束时间：2026年9月4日 10:22:27。
----- Study 2 - Single_Muon_Diagnostic/解 2 (sol2) 中的“瞬态求解器 1” ----------------->
           当前进度:   0 % - 
-          当前进度:  11 % - 正在计算
-          当前进度:  18 % - 正在计算
--         当前进度:  26 % - 正在计算
---        当前进度:  34 % - 正在计算
----       当前进度:  41 % - 正在计算
-----      当前进度:  50 % - 正在计算
-----      当前进度:  58 % - 正在计算
------     当前进度:  66 % - 正在计算
-------    当前进度:  76 % - 正在计算
--------   当前进度:  85 % - 正在计算
---------  当前进度:  93 % - 正在计算
---------- 当前进度: 100 % - 正在计算
           当前进度:   0 % - 
---        当前进度:  34 % - 正在计算
---------  当前进度:  95 % - 正在计算
SHORT_GAP_CASE_COMPLETE=shortgap_20mm_f0p10_V12_3kV
SHORT_GAP_CASE_START=shortgap_20mm_f0p10_V12_5kV
           当前进度:   0 % - Study 1 - 3D Electrostatics stationary
Memory: 1217/1504 1225/1908
           当前进度:   3 % - 生成方程
Memory: 1217/1504 1605/1908
<---- Study 1 - 3D Electrostatics stationary/解 1 (sol1) 中的“编译方程: 稳态” -----------
开始于 2026年9月4日 10:22:32。
几何形函数: 二次拉格朗日单元
几何形函数: 二次拉格朗日单元
在 Intel64 Family 6 Model 186 Stepping 2, GenuineIntel 上运行。
在以下位置使用 1 个插槽： 陈红星 上（共 1 个内核）。
可用内存：15.90 GB。
           当前进度:   3 % - 编译方程: 稳态
Memory: 1239/1504 1605/1908
           当前进度:   6 % - 编译方程: 稳态
Memory: 1259/1504 1270/1908
           当前进度:   7 % - 编译方程: 稳态
时间：1。
物理内存: 1.26 GB
虚拟内存: 1.61 GB
Warning: 自由空间采用真空条件，这会导致某些材料属性被忽略。请考虑为忽略的材料添加合适的物理场特征。

  - 节点: 自由空间 1

  - 物理场: Electrostatics: four finite-thickness rounded ring electrodes (es)

  - Materials: Natural Neon gas, representative relative permittivity (mat_gas), Representative alumina ceramic; epsilon_r=9.4 assumption (mat_diel)

  - Quantities: 相对介电常数, 相对介电常数
结束时间：2026年9月4日 10:22:33。
----- Study 1 - 3D Electrostatics stationary/解 1 (sol1) 中的“编译方程: 稳态” ---------->
<---- Study 1 - 3D Electrostatics stationary/解 1 (sol1) 中的“因变量 1” --------------
开始于 2026年9月4日 10:22:33。
           当前进度:   7 % - 因变量 1
Memory: 1260/1504 1270/1908
求解时间：0 s。
物理内存: 1.26 GB
虚拟内存: 1.27 GB
结束时间：2026年9月4日 10:22:33。
----- Study 1 - 3D Electrostatics stationary/解 1 (sol1) 中的“因变量 1” ------------->
<---- Study 1 - 3D Electrostatics stationary/解 1 (sol1) 中的“稳态求解器 1” ------------
开始于 2026年9月4日 10:22:33。
线性求解器 
求解的自由度数：103142。
--         当前进度:  23 % - 组装稀疏模式
Memory: 1266/1504 1277/1908
---        当前进度:  30 % - 组装矩阵
Memory: 1292/1504 1304/1908
---        当前进度:  38 % - 
Memory: 1302/1504 1315/1908
找到对称矩阵。
缩放因变量：
电势 (comp1.V): 1
已使用正交零空间函数。
---        当前进度:  38 % - 组装延展
Memory: 1288/1504 1301/1908
-----      当前进度:  56 % - 组装矩阵
Memory: 1285/1504 1297/1908
Iter      SolEst     Damping    Stepsize #Res #Jac #Sol LinIt   LinErr   LinRes
---------  当前进度:  91 % - 求解线性方程组
Memory: 1292/1504 1308/1908
   1        0.79   1.0000000        0.79    1    1    1     3  0.00085  1.7e-06
---------- 当前进度: 100 % - 
Memory: 1280/1504 1292/1908
求解时间：4 s。
物理内存: 1.3 GB
虚拟内存: 1.32 GB
结束时间：2026年9月4日 10:22:38。
----- Study 1 - 3D Electrostatics stationary/解 1 (sol1) 中的“稳态求解器 1” ----------->
           当前进度:   0 % - Study 2 - Single_Muon_Diagnostic
Memory: 1244/1504 1255/1908
           当前进度:   3 % - Study 2 - Single_Muon_Diagnostic
<---- Study 2 - Single_Muon_Diagnostic/解 2 (sol2) 中的“编译方程: 瞬态” -----------------
开始于 2026年9月4日 10:22:38。
几何形函数: 二次拉格朗日单元
几何形函数: 二次拉格朗日单元
在 Intel64 Family 6 Model 186 Stepping 2, GenuineIntel 上运行。
在以下位置使用 1 个插槽： 陈红星 上（共 1 个内核）。
可用内存：15.90 GB。
           当前进度:   3 % - 编译方程: 瞬态
Memory: 1220/1504 1228/1908
           当前进度:   5 % - 编译方程: 瞬态
Memory: 1221/1504 1230/1908
时间：1。
物理内存: 1.24 GB
虚拟内存: 1.25 GB
Warning: 自由空间采用真空条件，这会导致某些材料属性被忽略。请考虑为忽略的材料添加合适的物理场特征。

  - 节点: 自由空间 1

  - 物理场: Electrostatics: four finite-thickness rounded ring electrodes (es)

  - Materials: Natural Neon gas, representative relative permittivity (mat_gas), Representative alumina ceramic; epsilon_r=9.4 assumption (mat_diel)

  - Quantities: 相对介电常数, 相对介电常数
结束时间：2026年9月4日 10:22:39。
----- Study 2 - Single_Muon_Diagnostic/解 2 (sol2) 中的“编译方程: 瞬态” ---------------->
<---- Study 2 - Single_Muon_Diagnostic/解 2 (sol2) 中的“因变量 1” --------------------
开始于 2026年9月4日 10:22:39。
不求解变量的值: 解 1 (sol1).
           当前进度:   5 % - 因变量 1
Memory: 1218/1504 1226/1908
求解时间：0 s。
物理内存: 1.22 GB
虚拟内存: 1.23 GB
结束时间：2026年9月4日 10:22:40。
----- Study 2 - Single_Muon_Diagnostic/解 2 (sol2) 中的“因变量 1” ------------------->
<---- Study 2 - Single_Muon_Diagnostic/解 2 (sol2) 中的“瞬态求解器 1” ------------------
开始于 2026年9月4日 10:22:40。
瞬态求解器（广义 α）
求解的自由度数：3（加上 4 个内部自由度）。
找到非对称矩阵。
缩放因变量：
颗粒位置 (comp1.qcpt): 1
Step        Time    Stepsize      Res  Jac  Sol Order Tfail NLfail LinIt   LinErr   LinRes
   0           0           - out    2    3    2                  0     0        0        0
   1    6.25e-11    6.25e-11       10    7   10     2     3      0    20    5e-08        -
   5   3.125e-10    6.25e-11       18    7   18     2     3      0    37  2.2e-10        -
   9   5.625e-10    6.25e-11       26    7   26     2     3      0    57  1.1e-10        -
  11  6.8125e-10   5.625e-11       34    8   34     2     3      0    75  1.1e-07        -
  14     8.5e-10   5.625e-11       40    9   40     2     3      0    88  8.4e-11        -
  16  9.5313e-10  4.6875e-11       48   10   48     2     3      0   105  6.1e-08        -
  19  1.0937e-09  4.6875e-11       54   11   54     2     3      0   114  5.7e-07        -
  22  1.2344e-09  4.6875e-11       60   11   60     2     3      0   128    7e-11        -
  26  1.4219e-09  4.6875e-11       68   11   68     2     3      0   148  9.3e-11        -
  27  1.4609e-09  3.9063e-11       74   12   74     2     3      0   160  2.5e-08        -
  30  1.5781e-09  3.9063e-11       80   13   80     2     3      0   169  2.1e-07        -
  34  1.7344e-09  3.9063e-11       88   13   88     2     3      0   181  5.5e-07        -
  38  1.8906e-09  3.9063e-11       96   13   96     2     3      0   193  8.7e-07        -
  40  1.9648e-09  3.5156e-11      104   14  104     2     3      0   207  1.5e-08        -
  43  2.0703e-09  3.5156e-11      110   15  110     2     3      0   216  1.3e-07        -
  46  2.1758e-09  3.5156e-11      116   15  116     2     3      0   225    3e-07        -
  50  2.3164e-09  3.5156e-11      124   15  124     2     3      0   237  5.4e-07        -
  55  2.4785e-09  2.1484e-11      134   16  134     2     3      0   252  1.3e-09        -
  58  2.5859e-09  4.2969e-11      140   17  140     2     3      0   261  1.8e-07        -
  62  2.7578e-09  4.2969e-11      148   17  148     2     3      0   273  7.1e-07        -
  66  2.9297e-09  4.2969e-11      156   17  156     2     3      0   287    6e-10        -
  67  2.9648e-09  3.5156e-11      162   18  162     2     3      0   298  1.2e-08        -
  70  3.0703e-09  3.5156e-11      168   19  168     2     3      0   307    8e-08        -
           当前进度:   7 % - 正在组装残差
  74  3.2109e-09  3.5156e-11      176   19  176     2     3      0   319  2.1e-07        -
  76  3.2812e-09  3.5156e-11      180   19  180     2     3      0   325  2.7e-07        -
  80  3.4219e-09  3.5156e-11      188   19  188     2     3      0   337    4e-07        -
  83     3.5e-09  2.1484e-11 out  194   20  194     2     3      0   346  2.9e-09        -
  86  3.6289e-09  4.2969e-11      200   21  200     2     3      0   355  1.6e-07        -
  90  3.8008e-09  4.2969e-11      208   21  208     2     3      0   367  4.4e-07        -
  94  3.9648e-09  3.5156e-11      220   22  220     2     3      0   387  7.7e-09        -
  97  4.0703e-09  3.5156e-11      226   23  226     2     3      0   396  6.2e-08        -
 101  4.2109e-09  3.5156e-11      234   23  234     2     3      0   408  1.7e-07        -
 105  4.3516e-09  3.5156e-11      242   23  242     2     3      0   420  2.9e-07        -
 109  4.4785e-09  2.1484e-11      250   24  250     2     3      0   432  6.4e-10        -
 112  4.5859e-09  4.2969e-11      256   25  256     2     3      0   441  1.1e-07        -
 116  4.7578e-09  4.2969e-11      264   25  264     2     3      0   453  4.8e-07        -
 120  4.9297e-09  4.2969e-11      272   25  272     2     3      0   465  8.7e-07        -
 121  4.9648e-09  3.5156e-11      278   26  278     2     3      0   476  8.7e-09        -
 123  5.0352e-09  3.5156e-11      282   27  282     2     3      0   482  4.6e-08        -
 125  5.1687e-09  6.3281e-11      290   29  290     2     3      0   500  1.6e-07        -
 127  5.2953e-09  6.3281e-11      294   30  294     2     3      0   509    9e-07        -
 130  5.4609e-09  3.9063e-11      300   31  300     2     3      0   522  1.5e-08        -
 134  5.6172e-09  3.9063e-11      308   31  308     2     3      0   534  2.7e-07        -
 137  5.7344e-09  3.9063e-11      314   31  314     2     3      0   543  4.6e-07        -
 141  5.8906e-09  3.9063e-11      322   31  322     2     3      0   555  7.2e-07        -
 144       6e-09  3.5156e-11 out  332   31  332     2     3      0   574  6.7e-09        -
 146  6.0703e-09  3.5156e-11      340   31  340     2     3      0   590  6.6e-09        -
 148  6.1406e-09  3.5156e-11      348   31  348     2     3      0   606  6.6e-09        -
 151  6.2461e-09  3.5156e-11      362   32  362     2     3      0   633  8.7e-09        -
 154  6.3516e-09  3.5156e-11      368   33  368     2     3      0   642    1e-07        -
 158  6.4785e-09  2.1485e-11      376   34  376     2     3      0   654    1e-09        -
 161  6.5859e-09  4.2969e-11      382   35  382     2     3      0   663  1.8e-07        -
 165  6.7578e-09  4.2969e-11      390   35  390     2     3      0   675  8.5e-07        -
 168  6.8867e-09  4.2969e-11      396   35  396     2     3      0   687  8.9e-10        -
 170  6.9648e-09  3.5153e-11      404   36  404     2     3      0   702  2.5e-08        -
 173  7.0703e-09  3.5153e-11      410   37  410     2     3      0   711    2e-07        -
 176  7.1758e-09  3.5153e-11      416   37  416     2     3      0   720  4.9e-07        -
 180  7.3164e-09  3.5153e-11      424   37  424     2     3      0   732  9.1e-07        -
 183  7.4218e-09  3.5153e-11      430   37  430     2     3      0   744    4e-10        -
 185  7.4785e-09  2.1503e-11      434   38  434     2     3      0   751  2.5e-09        -
 188   7.586e-09  4.3006e-11      440   39  440     2     3      0   760  3.9e-07        -
 191   7.715e-09  4.3006e-11      446   39  446     2     3      0   770  5.8e-10        -
 192  7.7537e-09  3.8705e-11      452   40  452     2     3      0   781  4.8e-08        -
 194  7.8311e-09  3.8705e-11      456   41  456     2     3      0   787  2.1e-07        -
 198  7.9736e-09   2.637e-11      468   42  468     2     3      0   807  6.3e-09        -
 200  8.0264e-09   2.637e-11      472   43  472     2     3      0   813  2.8e-08        -
           当前进度:   8 % - 正在组装残差
 202  8.1266e-09  4.7467e-11      480   45  480     2     3      0   827  1.1e-07        -
 204  8.2215e-09  4.7467e-11      484   46  484     2     3      0   833  4.7e-07        -
 208  8.4114e-09  4.7467e-11      492   46  492     2     3      0   848  1.2e-09        -
 210     8.5e-09  4.4312e-11 out  500   46  500     2     3      0   864  1.4e-09        -
 211  8.5443e-09  4.4312e-11      504   46  504     2     3      0   872  1.5e-09        -
 213  8.6329e-09  4.4312e-11      512   46  512     2     3      0   888  7.1e-10        -
 215  8.7216e-09  4.4312e-11      520   46  520     2     3      0   904  1.5e-09        -
 217  8.8102e-09  4.4312e-11      528   46  528     2     3      0   920  2.1e-09        -
 219  8.8988e-09  4.4312e-11      536   46  536     2     3      0   936  2.7e-09        -
 221  8.9716e-09  2.8441e-11      542   47  542     2     3      0   947  4.1e-09        -
 224  9.1138e-09  5.6883e-11      548   48  548     2     3      0   958  8.3e-07        -
 228  9.3413e-09  5.6883e-11      556   48  556     2     3      0   978  3.2e-09        -
 230  9.4491e-09   5.091e-11      564   49  564     2     3      0   996    1e-07        -
 232  9.5509e-09   5.091e-11      568   50  568     2     3      0  1004  4.7e-07        -
 235  9.7036e-09   5.091e-11      574   50  574     2     3      0  1018  1.4e-09        -
 239  9.9073e-09   5.091e-11      582   50  582     2     3      0  1038  2.7e-09        -
 241       1e-08  4.6358e-11 out  590   50  590     2     3      0  1056  1.1e-08        -
 243  1.0093e-08  4.6358e-11      598   50  598     2     3      0  1074  1.1e-08        -
 245  1.0185e-08  4.6358e-11      606   50  606     2     3      0  1092  1.1e-08        -
 247  1.0278e-08  4.6358e-11      614   50  614     2     3      0  1110  1.1e-08        -
 249  1.0371e-08  4.6358e-11      622   50  622     2     3      0  1128  1.1e-08        -
 251  1.0459e-08  4.1387e-11      632   51  632     2     3      0  1149    2e-08        -
 253  1.0541e-08  4.1387e-11      636   52  636     2     3      0  1155  9.1e-08        -
 256  1.0707e-08  8.2774e-11      641   53  641     2     3      0  1161        0        -
 259   1.125e-08     2.5e-10      644   55  644     2     3      0  1161        0        -
 262    1.25e-08       5e-10 out  647   56  647     2     3      0  1161        0        -
 268    1.55e-08       5e-10 out  653   56  653     2     3      0  1161        0        -
 275     1.9e-08       5e-10 out  660   56  660     2     3      0  1161        0        -
 280    2.15e-08       5e-10 out  665   56  665     2     3      0  1161        0        -
 286    2.45e-08       5e-10 out  671   56  671     2     3      0  1161        0        -
 293     2.8e-08       5e-10 out  678   56  678     2     3      0  1161        0        -
 300    3.15e-08       5e-10 out  685   56  685     2     3      0  1161        0        -
 308    3.55e-08       5e-10 out  693   56  693     2     3      0  1161        0        -
 316    3.95e-08       5e-10 out  701   56  701     2     3      0  1161        0        -
 321     4.2e-08       5e-10 out  706   56  706     2     3      0  1161        0        -
 328    4.55e-08       5e-10 out  713   56  713     2     3      0  1161        0        -
 336    4.95e-08       5e-10 out  721   56  721     2     3      0  1161        0        -
 342    5.25e-08       5e-10 out  727   56  727     2     3      0  1161        0        -
 349     5.6e-08       5e-10 out  734   56  734     2     3      0  1161        0        -
 356    5.95e-08       5e-10 out  741   56  741     2     3      0  1161        0        -
 361     6.2e-08       5e-10 out  746   56  746     2     3      0  1161        0        -
 368    6.55e-08       5e-10 out  753   56  753     2     3      0  1161        0        -
 376    6.95e-08       5e-10 out  761   56  761     2     3      0  1161        0        -
 382    7.25e-08       5e-10 out  767   56  767     2     3      0  1161        0        -
 389     7.6e-08       5e-10 out  774   56  774     2     3      0  1161        0        -
 396    7.95e-08       5e-10 out  781   56  781     2     3      0  1161        0        -
 402    8.25e-08       5e-10 out  787   56  787     2     3      0  1161        0        -
--         当前进度:  22 % - 正在组装残差
 409     8.6e-08       5e-10 out  794   56  794     2     3      0  1161        0        -
 417       9e-08       5e-10 out  802   56  802     2     3      0  1161        0        -
 421     9.2e-08       5e-10 out  806   56  806     2     3      0  1161        0        -
 428    9.55e-08       5e-10 out  813   56  813     2     3      0  1161        0        -
 436    9.95e-08       5e-10 out  821   56  821     2     3      0  1161        0        -
 440   1.015e-07       5e-10 out  825   56  825     2     3      0  1161        0        -
 447    1.05e-07       5e-10 out  832   56  832     2     3      0  1161        0        -
 454   1.085e-07       5e-10 out  839   56  839     2     3      0  1161        0        -
 461    1.12e-07       5e-10 out  846   56  846     2     3      0  1161        0        -
 468   1.155e-07       5e-10 out  853   56  853     2     3      0  1161        0        -
 476   1.195e-07       5e-10 out  861   56  861     2     3      0  1161        0        -
 481    1.22e-07       5e-10 out  866   56  866     2     3      0  1161        0        -
 487    1.25e-07       5e-10 out  872   56  872     2     3      0  1161        0        -
 495    1.29e-07       5e-10 out  880   56  880     2     3      0  1161        0        -
 503    1.33e-07       5e-10 out  888   56  888     2     3      0  1161        0        -
 511    1.37e-07       5e-10 out  896   56  896     2     3      0  1161        0        -
 519    1.41e-07       5e-10 out  904   56  904     2     3      0  1161        0        -
 525    1.44e-07       5e-10 out  910   56  910     2     3      0  1161        0        -
 532   1.475e-07       5e-10 out  917   56  917     2     3      0  1161        0        -
 539    1.51e-07       5e-10 out  924   56  924     2     3      0  1161        0        -
 545    1.54e-07       5e-10 out  930   56  930     2     3      0  1161        0        -
 552   1.575e-07       5e-10 out  937   56  937     2     3      0  1161        0        -
 557     1.6e-07       5e-10 out  942   56  942     2     3      0  1161        0        -
 563    1.63e-07       5e-10 out  948   56  948     2     3      0  1161        0        -
 570   1.665e-07       5e-10 out  955   56  955     2     3      0  1161        0        -
 576   1.695e-07       5e-10 out  961   56  961     2     3      0  1161        0        -
 583    1.73e-07       5e-10 out  968   56  968     2     3      0  1161        0        -
 591    1.77e-07       5e-10 out  976   56  976     2     3      0  1161        0        -
 598   1.805e-07       5e-10 out  983   56  983     2     3      0  1161        0        -
 603    1.83e-07       5e-10 out  988   56  988     2     3      0  1161        0        -
 609    1.86e-07       5e-10 out  994   56  994     2     3      0  1161        0        -
 617     1.9e-07       5e-10 out 1002   56 1002     2     3      0  1161        0        -
 625    1.94e-07       5e-10 out 1010   56 1010     2     3      0  1161        0        -
 632   1.975e-07       5e-10 out 1017   56 1017     2     3      0  1161        0        -
 639    2.01e-07       5e-10 out 1024   56 1024     2     3      0  1161        0        -
 647    2.05e-07       5e-10 out 1032   56 1032     2     3      0  1161        0        -
 655    2.09e-07       5e-10 out 1040   56 1040     2     3      0  1161        0        -
 659    2.11e-07       5e-10 out 1044   56 1044     2     3      0  1161        0        -
 664   2.135e-07       5e-10 out 1049   56 1049     2     3      0  1161        0        -
 672   2.175e-07       5e-10 out 1057   56 1057     2     3      0  1161        0        -
 680   2.215e-07       5e-10 out 1065   56 1065     2     3      0  1161        0        -
 688   2.255e-07       5e-10 out 1073   56 1073     2     3      0  1161        0        -
 696   2.295e-07       5e-10 out 1081   56 1081     2     3      0  1161        0        -
 704   2.335e-07       5e-10 out 1089   56 1089     2     3      0  1161        0        -
 712   2.375e-07       5e-10 out 1097   56 1097     2     3      0  1161        0        -
 719    2.41e-07       5e-10 out 1104   56 1104     2     3      0  1161        0        -
 727    2.45e-07       5e-10 out 1112   56 1112     2     3      0  1161        0        -
 735    2.49e-07       5e-10 out 1120   56 1120     2     3      0  1161        0        -
 743    2.53e-07       5e-10 out 1128   56 1128     2     3      0  1161        0        -
 750   2.565e-07       5e-10 out 1135   56 1135     2     3      0  1161        0        -
 758   2.605e-07       5e-10 out 1143   56 1143     2     3      0  1161        0        -
 765    2.64e-07       5e-10 out 1150   56 1150     2     3      0  1161        0        -
 772   2.675e-07       5e-10 out 1157   56 1157     2     3      0  1161        0        -
-----      当前进度:  57 % - 
 779    2.71e-07       5e-10 out 1164   56 1164     2     3      0  1161        0        -
 786   2.745e-07       5e-10 out 1171   56 1171     2     3      0  1161        0        -
 793    2.78e-07       5e-10 out 1178   56 1178     2     3      0  1161        0        -
 801    2.82e-07       5e-10 out 1186   56 1186     2     3      0  1161        0        -
 807    2.85e-07       5e-10 out 1192   56 1192     2     3      0  1161        0        -
 814   2.885e-07       5e-10 out 1199   56 1199     2     3      0  1161        0        -
 822   2.925e-07       5e-10 out 1207   56 1207     2     3      0  1161        0        -
 829    2.96e-07       5e-10 out 1214   56 1214     2     3      0  1161        0        -
 836   2.995e-07       5e-10 out 1221   56 1221     2     3      0  1161        0        -
 843    3.03e-07       5e-10 out 1228   56 1228     2     3      0  1161        0        -
 849    3.06e-07       5e-10 out 1234   56 1234     2     3      0  1161        0        -
 857     3.1e-07       5e-10 out 1242   56 1242     2     3      0  1161        0        -
 865    3.14e-07       5e-10 out 1250   56 1250     2     3      0  1161        0        -
 873    3.18e-07       5e-10 out 1258   56 1258     2     3      0  1161        0        -
 881    3.22e-07       5e-10 out 1266   56 1266     2     3      0  1161        0        -
 889    3.26e-07       5e-10 out 1274   56 1274     2     3      0  1161        0        -
 890   3.265e-07       5e-10 out 1275   56 1275     2     3      0  1161        0        -
 896   3.295e-07       5e-10 out 1281   56 1281     2     3      0  1161        0        -
 901    3.32e-07       5e-10 out 1286   56 1286     2     3      0  1161        0        -
 907    3.35e-07       5e-10 out 1292   56 1292     2     3      0  1161        0        -
 912   3.375e-07       5e-10 out 1297   56 1297     2     3      0  1161        0        -
 918   3.405e-07       5e-10 out 1303   56 1303     2     3      0  1161        0        -
 925    3.44e-07       5e-10 out 1310   56 1310     2     3      0  1161        0        -
 929    3.46e-07       5e-10 out 1314   56 1314     2     3      0  1161        0        -
 932   3.475e-07       5e-10 out 1317   56 1317     2     3      0  1161        0        -
 935    3.49e-07       5e-10 out 1320   56 1320     2     3      0  1161        0        -
 937     3.5e-07       5e-10 out 1322   56 1322     2     3      0  1161        0        -
 943    3.53e-07       5e-10 out 1328   56 1328     2     3      0  1161        0        -
 948   3.555e-07       5e-10 out 1333   56 1333     2     3      0  1161        0        -
 954   3.585e-07       5e-10 out 1339   56 1339     2     3      0  1161        0        -
 960   3.615e-07       5e-10 out 1345   56 1345     2     3      0  1161        0        -
 967    3.65e-07       5e-10 out 1352   56 1352     2     3      0  1161        0        -
 971    3.67e-07       5e-10 out 1356   56 1356     2     3      0  1161        0        -
 976   3.695e-07       5e-10 out 1361   56 1361     2     3      0  1161        0        -
 981    3.72e-07       5e-10 out 1366   56 1366     2     3      0  1161        0        -
 987    3.75e-07       5e-10 out 1372   56 1372     2     3      0  1161        0        -
 993    3.78e-07       5e-10 out 1378   56 1378     2     3      0  1161        0        -
 998   3.805e-07       5e-10 out 1383   56 1383     2     3      0  1161        0        -
1003    3.83e-07       5e-10 out 1388   56 1388     2     3      0  1161        0        -
1009    3.86e-07       5e-10 out 1394   56 1394     2     3      0  1161        0        -
1016   3.895e-07       5e-10 out 1401   56 1401     2     3      0  1161        0        -
1022   3.925e-07       5e-10 out 1407   56 1407     2     3      0  1161        0        -
1028   3.955e-07       5e-10 out 1413   56 1413     2     3      0  1161        0        -
1035    3.99e-07       5e-10 out 1420   56 1420     2     3      0  1161        0        -
1041    4.02e-07       5e-10 out 1426   56 1426     2     3      0  1161        0        -
1047    4.05e-07       5e-10 out 1432   56 1432     2     3      0  1161        0        -
1054   4.085e-07       5e-10 out 1439   56 1439     2     3      0  1161        0        -
1060   4.115e-07       5e-10 out 1445   56 1445     2     3      0  1161        0        -
1067    4.15e-07       5e-10 out 1452   56 1452     2     3      0  1161        0        -
--------   当前进度:  85 % - 
1074   4.185e-07       5e-10 out 1459   56 1459     2     3      0  1161        0        -
1080   4.215e-07       5e-10 out 1465   56 1465     2     3      0  1161        0        -
1087    4.25e-07       5e-10 out 1472   56 1472     2     3      0  1161        0        -
1094   4.285e-07       5e-10 out 1479   56 1479     2     3      0  1161        0        -
1100   4.315e-07       5e-10 out 1485   56 1485     2     3      0  1161        0        -
1107    4.35e-07       5e-10 out 1492   56 1492     2     3      0  1161        0        -
1114   4.385e-07       5e-10 out 1499   56 1499     2     3      0  1161        0        -
1120   4.415e-07       5e-10 out 1505   56 1505     2     3      0  1161        0        -
1127    4.45e-07       5e-10 out 1512   56 1512     2     3      0  1161        0        -
1133    4.48e-07       5e-10 out 1518   56 1518     2     3      0  1161        0        -
1139    4.51e-07       5e-10 out 1524   56 1524     2     3      0  1161        0        -
1146   4.545e-07       5e-10 out 1531   56 1531     2     3      0  1161        0        -
1154   4.585e-07       5e-10 out 1539   56 1539     2     3      0  1161        0        -
1162   4.625e-07       5e-10 out 1547   56 1547     2     3      0  1161        0        -
1170   4.665e-07       5e-10 out 1555   56 1555     2     3      0  1161        0        -
1177     4.7e-07       5e-10 out 1562   56 1562     2     3      0  1161        0        -
1183    4.73e-07       5e-10 out 1568   56 1568     2     3      0  1161        0        -
1190   4.765e-07       5e-10 out 1575   56 1575     2     3      0  1161        0        -
1197     4.8e-07       5e-10 out 1582   56 1582     2     3      0  1161        0        -
1204   4.835e-07       5e-10 out 1589   56 1589     2     3      0  1161        0        -
1211    4.87e-07       5e-10 out 1596   56 1596     2     3      0  1161        0        -
1217     4.9e-07       5e-10 out 1602   56 1602     2     3      0  1161        0        -
1224   4.935e-07       5e-10 out 1609   56 1609     2     3      0  1161        0        -
1232   4.975e-07       5e-10 out 1617   56 1617     2     3      0  1161        0        -
1237       5e-07       5e-10 out 1622   56 1622     2     3      0  1161        0        -
---------- 当前进度: 100 % - 
求解时间：2 s。
物理内存: 1.22 GB
虚拟内存: 1.23 GB
结束时间：2026年9月4日 10:22:42。
----- Study 2 - Single_Muon_Diagnostic/解 2 (sol2) 中的“瞬态求解器 1” ----------------->
           当前进度:   0 % - 
-          当前进度:  11 % - 正在计算
-          当前进度:  18 % - 正在计算
Memory: 1219/1504 1228/1908
--         当前进度:  25 % - 正在计算
Memory: 1218/1504 1227/1908
---        当前进度:  32 % - 正在计算
---        当前进度:  39 % - 正在计算
----       当前进度:  46 % - 正在计算
-----      当前进度:  54 % - 正在计算
------     当前进度:  61 % - 正在计算
------     当前进度:  66 % - 正在计算
-------    当前进度:  74 % - 正在计算
--------   当前进度:  82 % - 正在计算
---------- 当前进度: 100 % - 正在计算
Memory: 1214/1504 1222/1908
           当前进度:   0 % - 
---        当前进度:  34 % - 正在计算
---------  当前进度:  95 % - 正在计算
SHORT_GAP_CASE_COMPLETE=shortgap_20mm_f0p10_V12_5kV
SHORT_GAP_CASE_START=shortgap_25mm_f0p05_V12_1kV
           当前进度:   0 % - Grounded outer shell / bore boundary
           当前进度:   1 % - Uniform Ne gas volume before electrode subtraction
           当前进度:   2 % - Gas cutter reserved for dielectric liner
           当前进度:   2 % - Representative alumina dielectric liner
           当前进度:   2 % - 执行布尔操作
-          当前进度:  11 % - V1 electrode outer blank
Memory: 1214/1504 1223/1908
-          当前进度:  12 % - V1 aperture cutter
-          当前进度:  12 % - V1 finite-thickness annular electrode
-          当前进度:  12 % - 执行布尔操作
--         当前进度:  21 % - V1 electrode, 1 mm rounded edges
--         当前进度:  29 % - V2 electrode outer blank
---        当前进度:  30 % - V2 aperture cutter
---        当前进度:  31 % - V2 finite-thickness annular electrode
---        当前进度:  31 % - 执行布尔操作
---        当前进度:  39 % - V2 electrode, 1 mm rounded edges
----       当前进度:  47 % - V3 electrode outer blank
----       当前进度:  48 % - V3 aperture cutter
----       当前进度:  49 % - V3 finite-thickness annular electrode
----       当前进度:  49 % - 执行布尔操作
-----      当前进度:  57 % - V3 electrode, 1 mm rounded edges
------     当前进度:  65 % - V4 electrode outer blank
------     当前进度:  66 % - V4 aperture cutter
------     当前进度:  67 % - V4 finite-thickness annular electrode
------     当前进度:  67 % - 执行布尔操作
-------    当前进度:  75 % - V4 electrode, 1 mm rounded edges
--------   当前进度:  83 % - Ne gas domain excluding four electrode solids
--------   当前进度:  83 % - 执行布尔操作
---------  当前进度:  92 % - 形成联合体
---------  当前进度:  92 % - 执行布尔操作
---------- 当前进度: 100 % - 正在更新选择
           当前进度:   0 % - 自由四面体网格
Memory: 1217/1504 1225/1908
顶点单元数：80
-          当前进度:  10 % - 调整边界网格
Memory: 1211/1504 1218/1908
--         当前进度:  21 % - 正在创建边界网格
--         当前进度:  23 % - 正在创建边界网格
边单元数：1329
边界单元数：17596
---        当前进度:  37 % - 正在创建初始四面体网格
----       当前进度:  45 % - 相关边界
Memory: 1210/1504 1218/1908
------     当前进度:  63 % - 正在创建初始四面体网格
-------    当前进度:  72 % - 正在插入内部点
--------   当前进度:  83 % - 正在提高单元质量
单元数：69600
最小单元质量：0.2225
---------- 当前进度: 100 % - 正在定型网格
           当前进度:   0 % - Study 1 - 3D Electrostatics stationary
           当前进度:   3 % - Study 1 - 3D Electrostatics stationary
Memory: 1211/1504 1566/1908
<---- Study 1 - 3D Electrostatics stationary/解 1 (sol1) 中的“编译方程: 稳态” -----------
开始于 2026年9月4日 10:22:50。
几何形函数: 二次拉格朗日单元
几何形函数: 二次拉格朗日单元
在 Intel64 Family 6 Model 186 Stepping 2, GenuineIntel 上运行。
在以下位置使用 1 个插槽： 陈红星 上（共 1 个内核）。
可用内存：15.90 GB。
           当前进度:   3 % - 生成方程
Memory: 1183/1504 1225/1908
           当前进度:   3 % - 编译方程: 稳态
Memory: 1195/1504 1239/1908
           当前进度:   6 % - 编译方程: 稳态
Memory: 1176/1504 1219/1908
           当前进度:   7 % - 编译方程: 稳态
Memory: 1180/1504 1224/1908
时间：2。
物理内存: 1.21 GB
虚拟内存: 1.57 GB
Warning: 自由空间采用真空条件，这会导致某些材料属性被忽略。请考虑为忽略的材料添加合适的物理场特征。

  - 节点: 自由空间 1

  - 物理场: Electrostatics: four finite-thickness rounded ring electrodes (es)

  - Materials: Natural Neon gas, representative relative permittivity (mat_gas), Representative alumina ceramic; epsilon_r=9.4 assumption (mat_diel)

  - Quantities: 相对介电常数, 相对介电常数
结束时间：2026年9月4日 10:22:52。
----- Study 1 - 3D Electrostatics stationary/解 1 (sol1) 中的“编译方程: 稳态” ---------->
<---- Study 1 - 3D Electrostatics stationary/解 1 (sol1) 中的“因变量 1” --------------
开始于 2026年9月4日 10:22:52。
           当前进度:   7 % - 因变量 1
求解时间：0 s。
物理内存: 1.18 GB
虚拟内存: 1.22 GB
结束时间：2026年9月4日 10:22:52。
----- Study 1 - 3D Electrostatics stationary/解 1 (sol1) 中的“因变量 1” ------------->
<---- Study 1 - 3D Electrostatics stationary/解 1 (sol1) 中的“稳态求解器 1” ------------
开始于 2026年9月4日 10:22:53。
线性求解器 
求解的自由度数：103560。
--         当前进度:  23 % - 组装稀疏模式
Memory: 1181/1504 1225/1908
--         当前进度:  28 % - 组装矩阵
Memory: 1186/1504 1231/1908
---        当前进度:  38 % - 组装矩阵
找到对称矩阵。
缩放因变量：
电势 (comp1.V): 1
已使用正交零空间函数。
---        当前进度:  38 % - 组装延展
Memory: 1180/1504 1226/1908
-----      当前进度:  56 % - 组装矩阵
Memory: 1170/1504 1216/1908
Iter      SolEst     Damping    Stepsize #Res #Jac #Sol LinIt   LinErr   LinRes
--------   当前进度:  82 % - 求解线性方程组
Memory: 1174/1504 1223/1908
   1        0.79   1.0000000        0.79    1    1    1     4  2.9e-05  5.4e-08
---------- 当前进度: 100 % - 
Memory: 1154/1504 1198/1908
求解时间：4 s。
物理内存: 1.19 GB
虚拟内存: 1.25 GB
结束时间：2026年9月4日 10:22:57。
----- Study 1 - 3D Electrostatics stationary/解 1 (sol1) 中的“稳态求解器 1” ----------->
           当前进度:   0 % - Study 2 - Single_Muon_Diagnostic
           当前进度:   3 % - Study 2 - Single_Muon_Diagnostic
Memory: 1162/1504 1198/1908
<---- Study 2 - Single_Muon_Diagnostic/解 2 (sol2) 中的“编译方程: 瞬态” -----------------
开始于 2026年9月4日 10:22:58。
几何形函数: 二次拉格朗日单元
几何形函数: 二次拉格朗日单元
在 Intel64 Family 6 Model 186 Stepping 2, GenuineIntel 上运行。
在以下位置使用 1 个插槽： 陈红星 上（共 1 个内核）。
可用内存：15.90 GB。
           当前进度:   3 % - 编译方程: 瞬态
Memory: 1163/1504 1198/1908
           当前进度:   4 % - 编译方程: 瞬态
Memory: 1172/1504 1207/1908
           当前进度:   5 % - 编译方程: 瞬态
时间：1。
物理内存: 1.17 GB
虚拟内存: 1.21 GB
Warning: 自由空间采用真空条件，这会导致某些材料属性被忽略。请考虑为忽略的材料添加合适的物理场特征。

  - 节点: 自由空间 1

  - 物理场: Electrostatics: four finite-thickness rounded ring electrodes (es)

  - Materials: Natural Neon gas, representative relative permittivity (mat_gas), Representative alumina ceramic; epsilon_r=9.4 assumption (mat_diel)

  - Quantities: 相对介电常数, 相对介电常数
结束时间：2026年9月4日 10:22:59。
----- Study 2 - Single_Muon_Diagnostic/解 2 (sol2) 中的“编译方程: 瞬态” ---------------->
<---- Study 2 - Single_Muon_Diagnostic/解 2 (sol2) 中的“因变量 1” --------------------
开始于 2026年9月4日 10:22:59。
不求解变量的值: 解 1 (sol1).
           当前进度:   5 % - 因变量 1
求解时间：0 s。
物理内存: 1.17 GB
虚拟内存: 1.21 GB
结束时间：2026年9月4日 10:22:59。
----- Study 2 - Single_Muon_Diagnostic/解 2 (sol2) 中的“因变量 1” ------------------->
<---- Study 2 - Single_Muon_Diagnostic/解 2 (sol2) 中的“瞬态求解器 1” ------------------
开始于 2026年9月4日 10:23:00。
瞬态求解器（广义 α）
求解的自由度数：3（加上 4 个内部自由度）。
找到非对称矩阵。
缩放因变量：
颗粒位置 (comp1.qcpt): 1
Step        Time    Stepsize      Res  Jac  Sol Order Tfail NLfail LinIt   LinErr   LinRes
   0           0           - out    2    3    2                  0     0        0        0
   1    6.25e-11    6.25e-11       10    7   10     2     3      0    19  4.8e-08        -
   5   3.125e-10    6.25e-11       18    7   18     2     3      0    32  1.8e-10        -
   9   5.625e-10    6.25e-11       26    7   26     2     3      0    48  2.4e-10        -
  12  7.4375e-10   5.625e-11       36    8   36     2     3      0    67  1.2e-07        -
  15   9.125e-10   5.625e-11       42    9   42     2     3      0    77  1.7e-10        -
  16  9.5625e-10   4.375e-11       48   10   48     2     3      0    88  3.9e-08        -
  19  1.0875e-09   4.375e-11       54   11   54     2     3      0    97  3.7e-07        -
  24  1.3062e-09   4.375e-11       64   11   64     2     3      0   114    6e-11        -
  28  1.4687e-09   3.125e-11       76   12   76     2     3      0   137  6.8e-09        -
  31  1.5625e-09   3.125e-11       82   13   82     2     3      0   146  5.9e-08        -
  36  1.7188e-09   3.125e-11       92   13   92     2     3      0   161  1.9e-07        -
  41  1.9063e-09    6.25e-11      102   14  102     2     3      0   176    2e-07        -
  43       2e-09  4.6875e-11 out  110   16  110     2     3      0   190  5.2e-08        -
  47  2.1875e-09  4.6875e-11      118   16  118     2     3      0   202  8.8e-07        -
  52  2.4219e-09  4.6875e-11      128   16  128     2     3      0   222  1.3e-10        -
  53  2.4609e-09  3.9063e-11      134   17  134     2     3      0   233    2e-08        -
  56  2.5781e-09  3.9063e-11      140   18  140     2     3      0   242  1.8e-07        -
  61  2.7734e-09  3.9063e-11      150   18  150     2     3      0   257  5.7e-07        -
  66  2.9648e-09  3.5156e-11      162   18  162     2     3      0   277  1.2e-09        -
  69  3.0703e-09  3.5156e-11      174   18  174     2     3      0   301  1.1e-09        -
  72  3.1758e-09  3.5156e-11      186   18  186     2     3      0   325  1.1e-09        -
  75  3.2812e-09  3.5156e-11      198   18  198     2     3      0   349  1.1e-09        -
  78  3.3867e-09  3.5156e-11      210   18  210     2     3      0   373  1.1e-09        -
           当前进度:   7 % - 正在组装残差
  80   3.457e-09  3.5156e-11      218   18  218     2     3      0   389  1.1e-09        -
  84  3.5645e-09  4.2969e-11      226   20  226     2     3      0   401  1.8e-08        -
  86  3.6418e-09  3.8672e-11      234   20  234     2     3      0   417  1.6e-09        -
  88  3.7191e-09  3.8672e-11      242   20  242     2     3      0   433  1.6e-09        -
  91  3.8352e-09  3.8672e-11      254   20  254     2     3      0   457  1.6e-09        -
  93  3.9125e-09  3.8672e-11      262   20  262     2     3      0   473  1.7e-09        -
  96       4e-09  2.4414e-11 out  270   21  270     2     3      0   487  5.5e-09        -
  99  4.1465e-09  4.8828e-11      276   22  276     2     3      0   496  3.2e-07        -
 103  4.3418e-09  4.8828e-11      284   22  284     2     3      0   508  9.1e-07        -
 107     4.5e-09  3.0273e-11 out  292   23  292     2     3      0   522  1.9e-08        -
 109  4.6211e-09  6.0547e-11      296   24  296     2     3      0   528  6.3e-07        -
 113  4.8633e-09  6.0547e-11      304   24  304     2     3      0   544  7.8e-10        -
 116       5e-09  3.8086e-11 out  310   25  310     2     3      0   554  7.4e-08        -
 119  5.1787e-09  6.4473e-11      320   27  320     2     3      0   573  2.1e-07        -
 121  5.3012e-09  5.8026e-11      328   29  328     2     3      0   587  1.3e-07        -
 123  5.4173e-09  5.8026e-11      332   30  332     2     3      0   593  6.4e-07        -
 125     5.5e-09  4.1358e-11 out  340   32  340     2     3      0   607  2.3e-08        -
 129  5.6654e-09  4.1358e-11      348   32  348     2     3      0   619  3.9e-07        -
 133  5.8309e-09  4.1358e-11      356   32  356     2     3      0   631  7.6e-07        -
 137  5.9775e-09  2.2528e-11      364   33  364     2     3      0   644  1.2e-09        -
 140  6.0901e-09  4.5057e-11      370   34  370     2     3      0   653  1.9e-07        -
 144  6.2703e-09  4.5057e-11      378   34  378     2     3      0   665  8.5e-07        -
 149  6.4753e-09  2.4716e-11      388   35  388     2     3      0   684  2.4e-09        -
 153  6.6236e-09  4.9432e-11      396   36  396     2     3      0   696  4.3e-07        -
 158  6.8707e-09  4.9432e-11      406   36  406     2     3      0   715  2.9e-10        -
 160  6.9601e-09  3.9915e-11      414   37  414     2     3      0   730  4.2e-08        -
 164  7.1197e-09  3.9915e-11      422   38  422     2     3      0   742    6e-07        -
 169  7.3193e-09  3.9915e-11      432   38  432     2     3      0   761    1e-10        -
 173  7.4695e-09  3.0469e-11      444   39  444     2     3      0   784  1.5e-08        -
 177  7.5914e-09  3.0469e-11      452   40  452     2     3      0   796  1.9e-07        -
 182  7.7437e-09  3.0469e-11      462   40  462     2     3      0   811  4.5e-07        -
 187  7.8961e-09  3.0469e-11      472   40  472     2     3      0   826  6.7e-07        -
 190  7.9785e-09  2.1485e-11      482   41  482     2     3      0   843  2.1e-09        -
 193  8.0859e-09   4.297e-11      488   43  488     2     3      0   852  3.2e-07        -
 198  8.3008e-09   4.297e-11      498   43  498     2     3      0   869  1.4e-10        -
 202  8.4649e-09   3.515e-11      510   44  510     2     3      0   892  1.7e-08        -
 205  8.5703e-09   3.515e-11      516   45  516     2     3      0   901  1.4e-07        -
 209  8.7109e-09   3.515e-11      524   45  524     2     3      0   913  3.6e-07        -
 213  8.8866e-09    7.03e-11      532   46  532     2     3      0   925  4.6e-07        -
 215       9e-09  5.6675e-11 out  540   48  540     2     3      0   939  1.5e-07        -
 219  9.2267e-09  5.6675e-11      548   48  548     2     3      0   954  6.3e-10        -
 223  9.4484e-09  5.1637e-11      560   49  560     2     3      0   977  9.4e-08        -
 227  9.6549e-09  5.1637e-11      568   50  568     2     3      0   990  3.1e-10        -
 232  9.9131e-09  5.1637e-11      578   50  578     2     3      0  1010  6.4e-10        -
           当前进度:   9 % - 正在组装残差
Memory: 1174/1504 1210/1908
 234       1e-08  4.3452e-11 out  586   52  586     2     3      0  1024  3.6e-08        -
 239  1.0217e-08  4.3452e-11      596   52  596     2     3      0  1039  7.2e-07        -
 243  1.0391e-08  4.3452e-11      604   52  604     2     3      0  1053  2.6e-10        -
 245  1.0467e-08  3.2741e-11      612   53  612     2     3      0  1068  6.5e-09        -
 248  1.0565e-08  3.2741e-11      618   54  618     2     3      0  1077  2.2e-07        -
 252  1.0696e-08  3.2741e-11      626   54  626     2     3      0  1089  1.5e-07        -
 256  1.0827e-08  3.2741e-11      634   54  634     2     3      0  1101  2.4e-07        -
 261  1.0979e-08  2.0811e-11      644   55  644     2     3      0  1116  5.3e-10        -
 264  1.1083e-08  4.1621e-11      650   56  650     2     3      0  1125  8.3e-08        -
 269  1.1291e-08  4.1621e-11      660   56  660     2     3      0  1140  4.1e-07        -
 273  1.1458e-08  4.1621e-11      668   56  668     2     3      0  1152  6.7e-07        -
 276  1.1542e-08  4.2165e-11      674   58  674     2     3      0  1161  1.7e-08        -
 281  1.1753e-08  4.2165e-11      684   58  684     2     3      0  1176  3.8e-07        -
 285  1.1922e-08  4.2165e-11      692   58  692     2     3      0  1188  6.8e-07        -
 288  1.2039e-08  3.9175e-11      704   58  704     2     3      0  1212    3e-10        -
 290  1.2118e-08  3.9175e-11      712   58  712     2     3      0  1228    3e-10        -
 292  1.2196e-08  3.9175e-11      720   58  720     2     3      0  1244    3e-10        -
 295  1.2313e-08  3.9175e-11      732   58  732     2     3      0  1268  3.1e-10        -
 297  1.2446e-08  5.4127e-11      740   60  740     2     3      0  1284  8.7e-08        -
 300  1.2608e-08  5.4127e-11      746   61  746     2     3      0  1293    8e-07        -
 304  1.2825e-08  5.4127e-11      754   61  754     2     3      0  1309  8.3e-10        -
 307  1.2967e-08  3.3491e-11      760   62  760     2     3      0  1320  8.6e-09        -
 310    1.31e-08  6.6982e-11      766   63  766     2     3      0  1329  2.8e-07        -
 311  1.3161e-08  6.0284e-11      772   64  772     2     3      0  1340  1.6e-07        -
 313  1.3275e-08  5.4256e-11      780   66  780     2     3      0  1354  9.8e-08        -
 316  1.3438e-08  5.4256e-11      786   67  786     2     3      0  1363  9.2e-07        -
 319  1.3531e-08  3.0968e-11      792   68  792     2     3      0  1372  5.8e-08        -
 321  1.3649e-08  5.5742e-11      800   70  800     2     3      0  1386  1.3e-07        -
 324  1.3816e-08  5.5742e-11      806   71  806     2     3      0  1396  5.3e-09        -
 326  1.3916e-08  5.0167e-11      814   73  814     2     3      0  1410  8.8e-08        -
 327  1.3958e-08  4.1898e-11      820   74  820     2     3      0  1421  3.7e-08        -
 329  1.4042e-08  4.1898e-11      824   75  824     2     3      0  1427    2e-07        -
 334  1.4251e-08  4.1898e-11      834   75  834     2     3      0  1443    2e-10        -
 338  1.4419e-08  4.1898e-11      842   75  842     2     3      0  1459  3.1e-10        -
 341  1.4541e-08  4.0508e-11      851   75  851     2     3      0  1477  5.9e-11        -
 344  1.4662e-08  4.0508e-11      860   75  860     2     3      0  1495  4.4e-11        -
 347  1.4784e-08  4.0508e-11      869   75  869     2     3      0  1513  3.4e-11        -
 350  1.4905e-08  4.0508e-11      878   75  878     2     3      0  1531    4e-11        -
 353     1.5e-08  2.7205e-11 out  885   76  885     2     3      0  1543  3.4e-08        -
 357  1.5109e-08  2.7205e-11      893   76  893     2     3      0  1555  1.4e-07        -
 362  1.5245e-08  2.7205e-11      903   76  903     2     3      0  1570  2.6e-07        -
 364  1.5348e-08  4.8969e-11      911   78  911     2     3      0  1584  1.2e-07        -
 367  1.5473e-08   2.692e-11      917   80  917     2     3      0  1593  5.7e-09        -
 370  1.5602e-08  4.8456e-11      927   82  927     2     3      0  1610    1e-07        -
 373  1.5748e-08  4.8456e-11      933   83  933     2     3      0  1619  8.4e-07        -
-          当前进度:  10 % - 正在组装残差
Memory: 1172/1504 1207/1908
 378  1.5971e-08  2.9254e-11      943   84  943     2     3      0  1638  6.7e-09        -
 381  1.6088e-08  5.8509e-11      949   85  949     2     3      0  1647  2.1e-07        -
 382   1.614e-08  5.2658e-11      955   86  955     2     3      0  1658  1.2e-07        -
 386  1.6351e-08  5.2658e-11      963   87  963     2     3      0  1672  4.7e-10        -
 388  1.6452e-08  4.8144e-11      969   87  969     2     3      0  1684  6.1e-10        -
 390  1.6548e-08  4.8144e-11      977   87  977     2     3      0  1700  6.4e-10        -
 393  1.6693e-08  4.8144e-11      989   87  989     2     3      0  1724  6.6e-10        -
 395  1.6789e-08  4.8144e-11      997   87  997     2     3      0  1740  7.1e-10        -
 397  1.6885e-08  4.8144e-11     1005   87 1005     2     3      0  1756  7.5e-10        -
 400     1.7e-08   3.335e-11 out 1013   88 1013     2     3      0  1770  5.8e-08        -
 403    1.72e-08    6.67e-11     1019   89 1019     2     3      0  1781  1.5e-09        -
 405  1.7327e-08   6.003e-11     1027   90 1027     2     3      0  1796  2.1e-07        -
 408    1.75e-08  5.6569e-11 out 1037   91 1037     2     3      0  1815  2.8e-10        -
 411   1.767e-08  5.6569e-11     1049   91 1049     2     3      0  1839  2.6e-10        -
 413  1.7777e-08  5.0912e-11     1059   92 1059     2     3      0  1858  6.6e-08        -
 416   1.793e-08  5.0912e-11     1065   93 1065     2     3      0  1867  5.4e-07        -
 418     1.8e-08  3.5039e-11 out 1073   95 1073     2     3      0  1881  8.5e-09        -
 422   1.814e-08  3.5039e-11     1081   95 1081     2     3      0  1893  1.4e-07        -
 426   1.828e-08  3.5039e-11     1089   95 1089     2     3      0  1905  2.6e-07        -
 430   1.842e-08  3.5039e-11     1097   95 1097     2     3      0  1917  3.8e-07        -
 433    1.85e-08  2.2248e-11 out 1103   96 1103     2     3      0  1926  3.7e-09        -
 436  1.8633e-08  4.4497e-11     1109   97 1109     2     3      0  1935  2.1e-07        -
 440  1.8811e-08  4.4497e-11     1117   97 1117     2     3      0  1947  5.9e-07        -
 444  1.8972e-08  2.7516e-11     1125   98 1125     2     3      0  1959  2.4e-09        -
 447   1.911e-08  5.5032e-11     1131   99 1131     2     3      0  1968  3.9e-07        -
 451   1.933e-08  5.5032e-11     1139   99 1139     2     3      0  1983  1.2e-09        -
 454   1.947e-08  2.9874e-11     1145  100 1145     2     3      0  1994  4.3e-09        -
 457  1.9619e-08  5.9747e-11     1151  101 1151     2     3      0  2003  7.2e-07        -
 461  1.9858e-08  5.9747e-11     1159  101 1159     2     3      0  2019    2e-09        -
 463  1.9959e-08  4.0884e-11     1167  102 1167     2     3      0  2034  2.5e-08        -
 466  2.0123e-08  8.1768e-11     1173  104 1173     2     3      0  2043  7.7e-07        -
 468  2.0257e-08  6.7381e-11     1181  106 1181     2     3      0  2057    3e-07        -
 469  2.0318e-08  6.0642e-11     1187  107 1187     2     3      0  2068  1.8e-07        -
 472   2.047e-08   3.033e-11     1193  109 1193     2     3      0  2077  5.6e-09        -
 475  2.0621e-08   6.066e-11     1199  110 1199     2     3      0  2086  9.2e-07        -
 479  2.0864e-08   6.066e-11     1207  110 1207     2     3      0  2102  2.1e-09        -
 482     2.1e-08   3.769e-11 out 1213  111 1213     2     3      0  2112  9.3e-08        -
 486  2.1151e-08   3.769e-11     1221  111 1221     2     3      0  2124  4.1e-07        -
 490  2.1302e-08   3.769e-11     1229  111 1229     2     3      0  2136  7.5e-07        -
 494  2.1452e-08   3.769e-11     1237  111 1237     2     3      0  2150    3e-10        -
 496    2.15e-08  2.3862e-11 out 1241  112 1241     2     3      0  2156  1.2e-08        -
 498  2.1595e-08  4.7723e-11     1245  113 1245     2     3      0  2162    4e-07        -
 499  2.1643e-08  4.7723e-11     1247  113 1247     2     3      0  2165  7.3e-07        -
 501  2.1739e-08  4.7723e-11     1251  113 1251     2     3      0  2173  4.3e-10        -
-          当前进度:  11 % - 
 503  2.1834e-08  4.7723e-11     1255  113 1255     2     3      0  2181  6.3e-10        -
 505   2.193e-08  4.7723e-11     1259  113 1259     2     3      0  2189  8.2e-10        -
 506  2.1965e-08  3.5245e-11     1265  114 1265     2     3      0  2200    2e-08        -
 507     2.2e-08  3.5245e-11 out 1267  115 1267     2     3      0  2203    2e-08        -
 510  2.2106e-08  3.5245e-11     1273  115 1273     2     3      0  2212  2.6e-07        -
 513  2.2211e-08  3.5245e-11     1279  115 1279     2     3      0  2221  5.1e-07        -
 517  2.2352e-08  3.5245e-11     1287  115 1287     2     3      0  2233  8.2e-07        -
 520  2.2458e-08  3.5245e-11     1293  115 1293     2     3      0  2243  2.2e-10        -
 522    2.25e-08  2.0904e-11 out 1297  116 1297     2     3      0  2249  7.3e-09        -
 524  2.2584e-08  4.1809e-11     1301  117 1301     2     3      0  2255  2.3e-07        -
 526  2.2667e-08  4.1809e-11     1305  117 1305     2     3      0  2261  5.9e-07        -
 529  2.2793e-08  4.1809e-11     1311  117 1311     2     3      0  2271  2.9e-10        -
 532  2.2918e-08  4.1809e-11     1317  117 1317     2     3      0  2283  4.2e-10        -
 534     2.3e-08  4.0956e-11 out 1321  117 1321     2     3      0  2291  2.1e-09        -
 537  2.3123e-08  4.0956e-11     1327  117 1327     2     3      0  2303  2.1e-09        -
 540  2.3246e-08  4.0956e-11     1333  117 1333     2     3      0  2315  1.5e-09        -
 543  2.3388e-08   5.994e-11     1341  119 1341     2     4      0  2330  2.2e-07        -
 544  2.3442e-08  5.3946e-11     1347  120 1347     2     4      0  2341  1.3e-07        -
 547  2.3558e-08  5.8466e-11     1353  122 1353     2     4      0  2350  1.9e-07        -
 550  2.3734e-08  5.8466e-11     1359  122 1359     2     4      0  2361  1.1e-09        -
 553  2.3909e-08  5.8466e-11     1365  122 1365     2     4      0  2373  2.1e-09        -
 554  2.3955e-08  4.5368e-11     1371  123 1371     2     4      0  2384  5.2e-08        -
 556  2.4045e-08  4.5368e-11     1375  124 1375     2     4      0  2390  2.8e-07        -
 560  2.4227e-08  4.5368e-11     1383  124 1383     2     4      0  2403  4.3e-10        -
 564  2.4408e-08  4.5368e-11     1391  124 1391     2     4      0  2419  7.5e-10        -
 567    2.45e-08  2.3161e-11 out 1397  125 1397     2     4      0  2429  9.5e-09        -
 570  2.4639e-08  4.6321e-11     1403  126 1403     2     4      0  2438  5.4e-07        -
 574  2.4824e-08  4.6321e-11     1411  126 1411     2     4      0  2453  5.9e-10        -
 577  2.4958e-08  4.1554e-11     1421  127 1421     2     4      0  2472  2.7e-08        -
 580  2.5083e-08  4.1554e-11     1427  128 1427     2     4      0  2481  2.3e-07        -
 583  2.5208e-08  4.1554e-11     1433  128 1433     2     4      0  2490  5.2e-07        -
 587  2.5374e-08  4.1554e-11     1441  128 1441     2     4      0  2502    9e-07        -
 590  2.5479e-08  2.1454e-11     1447  129 1447     2     4      0  2512  6.9e-10        -
 592  2.5543e-08  4.2908e-11     1451  130 1451     2     4      0  2518  2.2e-08        -
 596  2.5715e-08  4.2908e-11     1459  130 1459     2     4      0  2530  3.6e-07        -
 600  2.5886e-08  4.2908e-11     1467  130 1467     2     4      0  2542  6.8e-07        -
 602  2.5965e-08   3.546e-11     1475  131 1475     2     4      0  2556  7.3e-09        -
 605  2.6071e-08   3.546e-11     1481  132 1481     2     4      0  2565  6.6e-08        -
 608  2.6177e-08   3.546e-11     1487  132 1487     2     4      0  2574  1.5e-07        -
-          当前进度:  12 % - 正在组装残差
Memory: 1172/1504 1208/1908
 611  2.6343e-08  5.9362e-11     1497  134 1497     2     4      0  2591    1e-07        -
 612  2.6402e-08  5.9362e-11     1499  135 1499     2     4      0  2594    1e-07        -
 613  2.6451e-08  4.8798e-11     1505  136 1505     2     4      0  2605  3.9e-08        -
 616  2.6598e-08  4.8798e-11     1511  137 1511     2     4      0  2614  3.6e-07        -
 620  2.6793e-08  4.8798e-11     1519  137 1519     2     4      0  2627    8e-10        -
 624   2.697e-08  3.0408e-11     1527  138 1527     2     4      0  2642  4.8e-09        -
 627  2.7122e-08  6.0816e-11     1533  139 1533     2     4      0  2651  7.8e-07        -
 631  2.7365e-08  6.0816e-11     1541  139 1541     2     4      0  2667  2.6e-09        -
 634    2.75e-08  3.7145e-11 out 1547  140 1547     2     4      0  2677  7.7e-08        -
 636  2.7611e-08  7.4291e-11     1551  141 1551     2     4      0  2683  4.8e-07        -
 637  2.7678e-08  6.6862e-11     1557  142 1557     2     4      0  2694  2.9e-07        -
 640  2.7879e-08  6.6862e-11     1563  143 1563     2     4      0  2705    2e-09        -
 641  2.7939e-08  6.0558e-11     1569  144 1569     2     4      0  2716  1.8e-07        -
 644  2.8121e-08  6.0558e-11     1575  145 1575     2     4      0  2726  1.2e-09        -
 648  2.8363e-08  6.0558e-11     1583  145 1583     2     4      0  2742  3.3e-09        -
 650  2.8462e-08  3.8047e-11     1587  146 1587     2     4      0  2749  1.7e-08        -
 654  2.8614e-08  3.8047e-11     1595  146 1595     2     4      0  2761    3e-07        -
 658  2.8766e-08  3.8047e-11     1603  146 1603     2     4      0  2773  6.1e-07        -
 661   2.888e-08  3.8047e-11     1609  146 1609     2     4      0  2782  8.6e-07        -
 664  2.8978e-08  2.1719e-11     1615  147 1615     2     4      0  2792  1.2e-09        -
 667  2.9087e-08  4.3439e-11     1621  148 1621     2     4      0  2801  1.9e-07        -
 670  2.9217e-08  4.3439e-11     1627  148 1627     2     4      0  2810  6.8e-07        -
 674  2.9391e-08  4.3439e-11     1635  148 1635     2     4      0  2825  5.1e-10        -
 676  2.9467e-08  3.2807e-11     1643  149 1643     2     4      0  2840  9.7e-09        -
 678  2.9533e-08  3.2807e-11     1647  150 1647     2     4      0  2846  4.9e-08        -
 680  2.9652e-08  5.3441e-11     1655  152 1655     2     4      0  2860  1.1e-07        -
 682  2.9753e-08  4.8097e-11     1663  154 1663     2     4      0  2874  6.7e-08        -
 685  2.9898e-08  4.8097e-11     1669  155 1669     2     4      0  2883    6e-07        -
 688       3e-08  2.7106e-11 out 1675  156 1675     2     4      0  2892  1.9e-08        -
 690  3.0103e-08   4.879e-11     1683  158 1683     2     4      0  2906  7.3e-08        -
 693  3.0249e-08   4.879e-11     1689  159 1689     2     4      0  2915  6.3e-07        -
 697  3.0445e-08   4.879e-11     1697  159 1697     2     4      0  2930  7.8e-10        -
 700  3.0528e-08  2.7733e-11     1703  160 1703     2     4      0  2939  3.6e-08        -
 703  3.0694e-08  5.5467e-11     1709  161 1709     2     4      0  2949  4.9e-10        -
 707  3.0916e-08  5.5467e-11     1717  161 1717     2     4      0  2965  1.6e-09        -
 708  3.0958e-08     4.2e-11     1723  162 1723     2     4      0  2976  3.3e-08        -
 711  3.1126e-08     8.4e-11     1729  164 1729     2     4      0  2987  7.6e-10        -
 712  3.1194e-08  6.8137e-11     1735  165 1735     2     4      0  2999  3.4e-07        -
 715    3.15e-08  1.1886e-10 out 1739  167 1739     2     4      0  3003        0        -
 718    3.25e-08       5e-10 out 1742  169 1742     2     4      0  3003        0        -
 724    3.55e-08       5e-10 out 1748  169 1748     2     4      0  3003        0        -
 730    3.85e-08       5e-10 out 1754  169 1754     2     4      0  3003        0        -
 737     4.2e-08       5e-10 out 1761  169 1761     2     4      0  3003        0        -
 743     4.5e-08       5e-10 out 1767  169 1767     2     4      0  3003        0        -
 750    4.85e-08       5e-10 out 1774  169 1774     2     4      0  3003        0        -
 757     5.2e-08       5e-10 out 1781  169 1781     2     4      0  3003        0        -
 762    5.45e-08       5e-10 out 1786  169 1786     2     4      0  3003        0        -
 769     5.8e-08       5e-10 out 1793  169 1793     2     4      0  3003        0        -
 776    6.15e-08       5e-10 out 1800  169 1800     2     4      0  3003        0        -
-          当前进度:  19 % - 正在组装残差
 782    6.45e-08       5e-10 out 1806  169 1806     2     4      0  3003        0        -
 789     6.8e-08       5e-10 out 1813  169 1813     2     4      0  3003        0        -
 796    7.15e-08       5e-10 out 1820  169 1820     2     4      0  3003        0        -
 803     7.5e-08       5e-10 out 1827  169 1827     2     4      0  3003        0        -
 810    7.85e-08       5e-10 out 1834  169 1834     2     4      0  3003        0        -
 817     8.2e-08       5e-10 out 1841  169 1841     2     4      0  3003        0        -
 823     8.5e-08       5e-10 out 1847  169 1847     2     4      0  3003        0        -
 829     8.8e-08       5e-10 out 1853  169 1853     2     4      0  3003        0        -
 836    9.15e-08       5e-10 out 1860  169 1860     2     4      0  3003        0        -
 843     9.5e-08       5e-10 out 1867  169 1867     2     4      0  3003        0        -
 849     9.8e-08       5e-10 out 1873  169 1873     2     4      0  3003        0        -
 856   1.015e-07       5e-10 out 1880  169 1880     2     4      0  3003        0        -
 864   1.055e-07       5e-10 out 1888  169 1888     2     4      0  3003        0        -
 871    1.09e-07       5e-10 out 1895  169 1895     2     4      0  3003        0        -
 878   1.125e-07       5e-10 out 1902  169 1902     2     4      0  3003        0        -
 884   1.155e-07       5e-10 out 1908  169 1908     2     4      0  3003        0        -
 890   1.185e-07       5e-10 out 1914  169 1914     2     4      0  3003        0        -
 897    1.22e-07       5e-10 out 1921  169 1921     2     4      0  3003        0        -
 902   1.245e-07       5e-10 out 1926  169 1926     2     4      0  3003        0        -
 908   1.275e-07       5e-10 out 1932  169 1932     2     4      0  3003        0        -
 915    1.31e-07       5e-10 out 1939  169 1939     2     4      0  3003        0        -
 920   1.335e-07       5e-10 out 1944  169 1944     2     4      0  3003        0        -
 927    1.37e-07       5e-10 out 1951  169 1951     2     4      0  3003        0        -
 935    1.41e-07       5e-10 out 1959  169 1959     2     4      0  3003        0        -
 940   1.435e-07       5e-10 out 1964  169 1964     2     4      0  3003        0        -
 947    1.47e-07       5e-10 out 1971  169 1971     2     4      0  3003        0        -
 954   1.505e-07       5e-10 out 1978  169 1978     2     4      0  3003        0        -
 960   1.535e-07       5e-10 out 1984  169 1984     2     4      0  3003        0        -
 967    1.57e-07       5e-10 out 1991  169 1991     2     4      0  3003        0        -
 974   1.605e-07       5e-10 out 1998  169 1998     2     4      0  3003        0        -
 979    1.63e-07       5e-10 out 2003  169 2003     2     4      0  3003        0        -
 986   1.665e-07       5e-10 out 2010  169 2010     2     4      0  3003        0        -
 993     1.7e-07       5e-10 out 2017  169 2017     2     4      0  3003        0        -
 999    1.73e-07       5e-10 out 2023  169 2023     2     4      0  3003        0        -
1006   1.765e-07       5e-10 out 2030  169 2030     2     4      0  3003        0        -
1011    1.79e-07       5e-10 out 2035  169 2035     2     4      0  3003        0        -
1018   1.825e-07       5e-10 out 2042  169 2042     2     4      0  3003        0        -
1025    1.86e-07       5e-10 out 2049  169 2049     2     4      0  3003        0        -
1028   1.875e-07       5e-10 out 2052  169 2052     2     4      0  3003        0        -
1035    1.91e-07       5e-10 out 2059  169 2059     2     4      0  3003        0        -
1040   1.935e-07       5e-10 out 2064  169 2064     2     4      0  3003        0        -
1047    1.97e-07       5e-10 out 2071  169 2071     2     4      0  3003        0        -
1054   2.005e-07       5e-10 out 2078  169 2078     2     4      0  3003        0        -
1061    2.04e-07       5e-10 out 2085  169 2085     2     4      0  3003        0        -
1068   2.075e-07       5e-10 out 2092  169 2092     2     4      0  3003        0        -
1075    2.11e-07       5e-10 out 2099  169 2099     2     4      0  3003        0        -
1083    2.15e-07       5e-10 out 2107  169 2107     2     4      0  3003        0        -
1091    2.19e-07       5e-10 out 2115  169 2115     2     4      0  3003        0        -
1099    2.23e-07       5e-10 out 2123  169 2123     2     4      0  3003        0        -
1107    2.27e-07       5e-10 out 2131  169 2131     2     4      0  3003        0        -
1115    2.31e-07       5e-10 out 2139  169 2139     2     4      0  3003        0        -
1123    2.35e-07       5e-10 out 2147  169 2147     2     4      0  3003        0        -
1131    2.39e-07       5e-10 out 2155  169 2155     2     4      0  3003        0        -
-----      当前进度:  52 % - 正在组装残差
1139    2.43e-07       5e-10 out 2163  169 2163     2     4      0  3003        0        -
1147    2.47e-07       5e-10 out 2171  169 2171     2     4      0  3003        0        -
1155    2.51e-07       5e-10 out 2179  169 2179     2     4      0  3003        0        -
1162   2.545e-07       5e-10 out 2186  169 2186     2     4      0  3003        0        -
1170   2.585e-07       5e-10 out 2194  169 2194     2     4      0  3003        0        -
1178   2.625e-07       5e-10 out 2202  169 2202     2     4      0  3003        0        -
1186   2.665e-07       5e-10 out 2210  169 2210     2     4      0  3003        0        -
1194   2.705e-07       5e-10 out 2218  169 2218     2     4      0  3003        0        -
1200   2.735e-07       5e-10 out 2224  169 2224     2     4      0  3003        0        -
1207    2.77e-07       5e-10 out 2231  169 2231     2     4      0  3003        0        -
1215    2.81e-07       5e-10 out 2239  169 2239     2     4      0  3003        0        -
1222   2.845e-07       5e-10 out 2246  169 2246     2     4      0  3003        0        -
1229    2.88e-07       5e-10 out 2253  169 2253     2     4      0  3003        0        -
1237    2.92e-07       5e-10 out 2261  169 2261     2     4      0  3003        0        -
1244   2.955e-07       5e-10 out 2268  169 2268     2     4      0  3003        0        -
1252   2.995e-07       5e-10 out 2276  169 2276     2     4      0  3003        0        -
1259    3.03e-07       5e-10 out 2283  169 2283     2     4      0  3003        0        -
1265    3.06e-07       5e-10 out 2289  169 2289     2     4      0  3003        0        -
1273     3.1e-07       5e-10 out 2297  169 2297     2     4      0  3003        0        -
1281    3.14e-07       5e-10 out 2305  169 2305     2     4      0  3003        0        -
1287    3.17e-07       5e-10 out 2311  169 2311     2     4      0  3003        0        -
1294   3.205e-07       5e-10 out 2318  169 2318     2     4      0  3003        0        -
1301    3.24e-07       5e-10 out 2325  169 2325     2     4      0  3003        0        -
1309    3.28e-07       5e-10 out 2333  169 2333     2     4      0  3003        0        -
1317    3.32e-07       5e-10 out 2341  169 2341     2     4      0  3003        0        -
1324   3.355e-07       5e-10 out 2348  169 2348     2     4      0  3003        0        -
1331    3.39e-07       5e-10 out 2355  169 2355     2     4      0  3003        0        -
1339    3.43e-07       5e-10 out 2363  169 2363     2     4      0  3003        0        -
1347    3.47e-07       5e-10 out 2371  169 2371     2     4      0  3003        0        -
1355    3.51e-07       5e-10 out 2379  169 2379     2     4      0  3003        0        -
1363    3.55e-07       5e-10 out 2387  169 2387     2     4      0  3003        0        -
1370   3.585e-07       5e-10 out 2394  169 2394     2     4      0  3003        0        -
1378   3.625e-07       5e-10 out 2402  169 2402     2     4      0  3003        0        -
1386   3.665e-07       5e-10 out 2410  169 2410     2     4      0  3003        0        -
1394   3.705e-07       5e-10 out 2418  169 2418     2     4      0  3003        0        -
1402   3.745e-07       5e-10 out 2426  169 2426     2     4      0  3003        0        -
1410   3.785e-07       5e-10 out 2434  169 2434     2     4      0  3003        0        -
1418   3.825e-07       5e-10 out 2442  169 2442     2     4      0  3003        0        -
1426   3.865e-07       5e-10 out 2450  169 2450     2     4      0  3003        0        -
1434   3.905e-07       5e-10 out 2458  169 2458     2     4      0  3003        0        -
1442   3.945e-07       5e-10 out 2466  169 2466     2     4      0  3003        0        -
1450   3.985e-07       5e-10 out 2474  169 2474     2     4      0  3003        0        -
1458   4.025e-07       5e-10 out 2482  169 2482     2     4      0  3003        0        -
1466   4.065e-07       5e-10 out 2490  169 2490     2     4      0  3003        0        -
1472   4.095e-07       5e-10 out 2496  169 2496     2     4      0  3003        0        -
1480   4.135e-07       5e-10 out 2504  169 2504     2     4      0  3003        0        -
1488   4.175e-07       5e-10 out 2512  169 2512     2     4      0  3003        0        -
1496   4.215e-07       5e-10 out 2520  169 2520     2     4      0  3003        0        -
1504   4.255e-07       5e-10 out 2528  169 2528     2     4      0  3003        0        -
1512   4.295e-07       5e-10 out 2536  169 2536     2     4      0  3003        0        -
1520   4.335e-07       5e-10 out 2544  169 2544     2     4      0  3003        0        -
1527    4.37e-07       5e-10 out 2551  169 2551     2     4      0  3003        0        -
1535    4.41e-07       5e-10 out 2559  169 2559     2     4      0  3003        0        -
1543    4.45e-07       5e-10 out 2567  169 2567     2     4      0  3003        0        -
1551    4.49e-07       5e-10 out 2575  169 2575     2     4      0  3003        0        -
---------  当前进度:  91 % - 
1558   4.525e-07       5e-10 out 2582  169 2582     2     4      0  3003        0        -
1566   4.565e-07       5e-10 out 2590  169 2590     2     4      0  3003        0        -
1575    4.61e-07       5e-10 out 2599  169 2599     2     4      0  3003        0        -
1583    4.65e-07       5e-10 out 2607  169 2607     2     4      0  3003        0        -
1591    4.69e-07       5e-10 out 2615  169 2615     2     4      0  3003        0        -
1599    4.73e-07       5e-10 out 2623  169 2623     2     4      0  3003        0        -
1606   4.765e-07       5e-10 out 2630  169 2630     2     4      0  3003        0        -
1614   4.805e-07       5e-10 out 2638  169 2638     2     4      0  3003        0        -
1621    4.84e-07       5e-10 out 2645  169 2645     2     4      0  3003        0        -
1628   4.875e-07       5e-10 out 2652  169 2652     2     4      0  3003        0        -
1637    4.92e-07       5e-10 out 2661  169 2661     2     4      0  3003        0        -
1644   4.955e-07       5e-10 out 2668  169 2668     2     4      0  3003        0        -
1652   4.995e-07       5e-10 out 2676  169 2676     2     4      0  3003        0        -
1653       5e-07       5e-10 out 2677  169 2677     2     4      0  3003        0        -
---------- 当前进度: 100 % - 
求解时间：3 s。
物理内存: 1.17 GB
虚拟内存: 1.21 GB
结束时间：2026年9月4日 10:23:02。
----- Study 2 - Single_Muon_Diagnostic/解 2 (sol2) 中的“瞬态求解器 1” ----------------->
           当前进度:   0 % - 
-          当前进度:  11 % - 正在计算
-          当前进度:  17 % - 正在计算
--         当前进度:  24 % - 正在计算
---        当前进度:  33 % - 正在计算
----       当前进度:  41 % - 正在计算
----       当前进度:  49 % - 正在计算
-----      当前进度:  57 % - 正在计算
------     当前进度:  66 % - 正在计算
-------    当前进度:  74 % - 正在计算
-------    当前进度:  79 % - 正在计算
--------   当前进度:  85 % - 正在计算
---------  当前进度:  93 % - 正在计算
---------- 当前进度: 100 % - 正在计算
           当前进度:   0 % - 
---        当前进度:  34 % - 正在计算
---------  当前进度:  95 % - 正在计算
SHORT_GAP_CASE_COMPLETE=shortgap_25mm_f0p05_V12_1kV
SHORT_GAP_CASE_START=shortgap_25mm_f0p05_V12_3kV
           当前进度:   0 % - Study 1 - 3D Electrostatics stationary
Memory: 1176/1504 1211/1908
           当前进度:   3 % - Study 1 - 3D Electrostatics stationary
Memory: 1173/1504 1208/1908
<---- Study 1 - 3D Electrostatics stationary/解 1 (sol1) 中的“编译方程: 稳态” -----------
开始于 2026年9月4日 10:23:07。
几何形函数: 二次拉格朗日单元
几何形函数: 二次拉格朗日单元
在 Intel64 Family 6 Model 186 Stepping 2, GenuineIntel 上运行。
在以下位置使用 1 个插槽： 陈红星 上（共 1 个内核）。
可用内存：15.90 GB。
           当前进度:   3 % - 编译方程: 稳态
           当前进度:   7 % - 编译方程: 稳态
Memory: 1198/1504 1235/1908
时间：2。
物理内存: 1.2 GB
虚拟内存: 1.24 GB
Warning: 自由空间采用真空条件，这会导致某些材料属性被忽略。请考虑为忽略的材料添加合适的物理场特征。

  - 节点: 自由空间 1

  - 物理场: Electrostatics: four finite-thickness rounded ring electrodes (es)

  - Materials: Natural Neon gas, representative relative permittivity (mat_gas), Representative alumina ceramic; epsilon_r=9.4 assumption (mat_diel)

  - Quantities: 相对介电常数, 相对介电常数
结束时间：2026年9月4日 10:23:09。
----- Study 1 - 3D Electrostatics stationary/解 1 (sol1) 中的“编译方程: 稳态” ---------->
<---- Study 1 - 3D Electrostatics stationary/解 1 (sol1) 中的“因变量 1” --------------
开始于 2026年9月4日 10:23:09。
           当前进度:   7 % - 因变量 1
Memory: 1199/1504 1235/1908
求解时间：0 s。
物理内存: 1.2 GB
虚拟内存: 1.24 GB
结束时间：2026年9月4日 10:23:09。
----- Study 1 - 3D Electrostatics stationary/解 1 (sol1) 中的“因变量 1” ------------->
<---- Study 1 - 3D Electrostatics stationary/解 1 (sol1) 中的“稳态求解器 1” ------------
开始于 2026年9月4日 10:23:09。
线性求解器 
求解的自由度数：103560。
--         当前进度:  23 % - 组装稀疏模式
Memory: 1210/1504 1246/1908
--         当前进度:  28 % - 组装矩阵
Memory: 1237/1504 1274/1908
---        当前进度:  36 % - 组装矩阵
找到对称矩阵。
缩放因变量：
电势 (comp1.V): 1
已使用正交零空间函数。
---        当前进度:  38 % - 
Memory: 1252/1504 1297/1908
---        当前进度:  38 % - 组装延展
Memory: 1268/1504 1307/1908
-----      当前进度:  56 % - 组装稀疏模式
Memory: 1251/1504 1289/1908
Iter      SolEst     Damping    Stepsize #Res #Jac #Sol LinIt   LinErr   LinRes
-------    当前进度:  74 % - 求解线性方程组
Memory: 1255/1504 1299/1908
---------  当前进度:  98 % - 求解线性方程组
   1        0.79   1.0000000        0.79    1    1    1     4  2.9e-05  5.3e-08
---------- 当前进度: 100 % - 
Memory: 1235/1504 1273/1908
求解时间：5 s。
物理内存: 1.27 GB
虚拟内存: 1.31 GB
结束时间：2026年9月4日 10:23:14。
----- Study 1 - 3D Electrostatics stationary/解 1 (sol1) 中的“稳态求解器 1” ----------->
           当前进度:   0 % - Study 2 - Single_Muon_Diagnostic
           当前进度:   3 % - 生成方程
Memory: 1296/1504 1951/1951
<---- Study 2 - Single_Muon_Diagnostic/解 2 (sol2) 中的“编译方程: 瞬态” -----------------
开始于 2026年9月4日 10:23:14。
几何形函数: 二次拉格朗日单元
几何形函数: 二次拉格朗日单元
在 Intel64 Family 6 Model 186 Stepping 2, GenuineIntel 上运行。
在以下位置使用 1 个插槽： 陈红星 上（共 1 个内核）。
可用内存：15.90 GB。
           当前进度:   3 % - 编译方程: 瞬态
Memory: 1298/1504 1922/1951
           当前进度:   4 % - 编译方程: 瞬态
Memory: 1343/1504 1929/1951
           当前进度:   5 % - 编译方程: 瞬态
Memory: 1337/1504 1924/1951
时间：1。
物理内存: 1.35 GB
虚拟内存: 1.95 GB
Warning: 自由空间采用真空条件，这会导致某些材料属性被忽略。请考虑为忽略的材料添加合适的物理场特征。

  - 节点: 自由空间 1

  - 物理场: Electrostatics: four finite-thickness rounded ring electrodes (es)

  - Materials: Natural Neon gas, representative relative permittivity (mat_gas), Representative alumina ceramic; epsilon_r=9.4 assumption (mat_diel)

  - Quantities: 相对介电常数, 相对介电常数
结束时间：2026年9月4日 10:23:16。
----- Study 2 - Single_Muon_Diagnostic/解 2 (sol2) 中的“编译方程: 瞬态” ---------------->
<---- Study 2 - Single_Muon_Diagnostic/解 2 (sol2) 中的“因变量 1” --------------------
开始于 2026年9月4日 10:23:16。
不求解变量的值: 解 1 (sol1).
           当前进度:   5 % - 因变量 1
Memory: 1333/1504 1909/1951
求解时间：0 s。
物理内存: 1.35 GB
虚拟内存: 1.92 GB
结束时间：2026年9月4日 10:23:16。
----- Study 2 - Single_Muon_Diagnostic/解 2 (sol2) 中的“因变量 1” ------------------->
<---- Study 2 - Single_Muon_Diagnostic/解 2 (sol2) 中的“瞬态求解器 1” ------------------
开始于 2026年9月4日 10:23:16。
瞬态求解器（广义 α）
求解的自由度数：3（加上 4 个内部自由度）。
找到非对称矩阵。
缩放因变量：
颗粒位置 (comp1.qcpt): 1
Step        Time    Stepsize      Res  Jac  Sol Order Tfail NLfail LinIt   LinErr   LinRes
   0           0           - out    2    3    2                  0     0        0        0
   1    6.25e-11    6.25e-11       10    7   10     2     3      0    19  4.8e-08        -
   4     2.5e-10    6.25e-11       16    7   16     2     3      0    28  8.9e-07        -
   8       5e-10    6.25e-11 out   24    7   24     2     3      0    45  7.3e-11        -
  12  7.4375e-10   5.625e-11       36    8   36     2     3      0    72  1.2e-07        -
  15   9.125e-10   5.625e-11       42    9   42     2     3      0    82  5.2e-10        -
  16  9.5625e-10   4.375e-11       48   10   48     2     3      0    93  3.9e-08        -
  19  1.0875e-09   4.375e-11       54   11   54     2     3      0   102  3.7e-07        -
  23  1.2625e-09   4.375e-11       62   11   62     2     3      0   115  1.7e-10        -
  27  1.4375e-09   4.375e-11       70   11   70     2     3      0   131    2e-10        -
  28  1.4687e-09   3.125e-11       76   12   76     2     3      0   142  7.1e-09        -
  31  1.5625e-09   3.125e-11       82   13   82     2     3      0   151    6e-08        -
  35  1.6875e-09   3.125e-11       90   13   90     2     3      0   163  1.6e-07        -
  39  1.8125e-09   3.125e-11       98   13   98     2     3      0   175  2.6e-07        -
  42  1.9531e-09  4.6875e-11      108   15  108     2     3      0   196  5.3e-08        -
  45  2.0937e-09  4.6875e-11      114   16  114     2     3      0   205  4.6e-07        -
  49  2.2812e-09  4.6875e-11      122   16  122     2     3      0   219  3.4e-10        -
  52  2.4219e-09  4.6875e-11      128   16  128     2     3      0   231    4e-10        -
  54     2.5e-09  3.9063e-11 out  136   18  136     2     3      0   245  2.2e-08        -
  58  2.6563e-09  3.9063e-11      144   18  144     2     3      0   257  3.4e-07        -
  62  2.8125e-09  3.9063e-11      152   18  152     2     3      0   269  6.6e-07        -
  66  2.9648e-09  3.5156e-11      162   18  162     2     3      0   286  3.5e-09        -
  68  3.0352e-09  3.5156e-11      170   18  170     2     3      0   302  3.5e-09        -
  70  3.1055e-09  3.5156e-11      178   18  178     2     3      0   318  3.4e-09        -
           当前进度:   7 % - 正在组装残差
Memory: 1328/1504 1905/1951
  72  3.1758e-09  3.5156e-11      186   18  186     2     3      0   334  3.4e-09        -
  74  3.2461e-09  3.5156e-11      194   18  194     2     3      0   350  3.4e-09        -
  76  3.3164e-09  3.5156e-11      202   18  202     2     3      0   366  3.4e-09        -
  78  3.3867e-09  3.5156e-11      210   18  210     2     3      0   382  3.4e-09        -
  80   3.457e-09  3.5156e-11      218   18  218     2     3      0   398  3.4e-09        -
  83  3.5215e-09  2.1484e-11      224   19  224     2     3      0   407  5.1e-09        -
  85  3.6031e-09  3.8672e-11      230   20  230     2     3      0   418  4.8e-09        -
  86  3.6418e-09  3.8672e-11      234   20  234     2     3      0   426  4.8e-09        -
  87  3.6805e-09  3.8672e-11      238   20  238     2     3      0   434  4.8e-09        -
  88  3.7191e-09  3.8672e-11      242   20  242     2     3      0   442  4.8e-09        -
  89  3.7578e-09  3.8672e-11      246   20  246     2     3      0   450  4.8e-09        -
  90  3.7965e-09  3.8672e-11      250   20  250     2     3      0   458  4.8e-09        -
  92  3.8738e-09  3.8672e-11      258   20  258     2     3      0   474  4.7e-09        -
  94  3.9512e-09  3.8672e-11      266   20  266     2     3      0   490  4.7e-09        -
  96       4e-09  2.4414e-11 out  270   21  270     2     3      0   496  5.4e-09        -
  98  4.0977e-09  4.8828e-11      274   22  274     2     3      0   502  1.8e-07        -
 101  4.2441e-09  4.8828e-11      280   22  280     2     3      0   511  6.1e-07        -
 104  4.3906e-09  4.8828e-11      286   22  286     2     3      0   521  7.2e-10        -
 106  4.4697e-09  3.0273e-11      290   23  290     2     3      0   528  3.5e-09        -
 108  4.5605e-09  6.0547e-11      294   24  294     2     3      0   535  1.1e-07        -
 111  4.7422e-09  6.0547e-11      300   24  300     2     3      0   549  9.3e-10        -
 115  4.9619e-09  3.8086e-11      308   25  308     2     3      0   567  1.4e-08        -
 118  5.1143e-09  7.6172e-11      314   26  314     2     3      0   577  4.7e-07        -
 119  5.1783e-09  6.4047e-11      320   27  320     2     3      0   591    2e-07        -
 121     5.3e-09  5.7642e-11      328   29  328     2     3      0   608  1.2e-07        -
 124  5.4576e-09  4.2361e-11      338   31  338     2     3      0   628  2.5e-08        -
 127  5.5847e-09  4.2361e-11      344   32  344     2     3      0   637  2.3e-07        -
 131  5.7542e-09  4.2361e-11      352   32  352     2     3      0   649  6.4e-07        -
 134  5.8813e-09  4.2361e-11      358   32  358     2     3      0   658  9.5e-07        -
 137       6e-09  3.8193e-11 out  368   32  368     2     3      0   678  3.9e-09        -
 139  6.0764e-09  3.8193e-11      378   33  378     2     3      0   697  1.6e-08        -
 142   6.191e-09  3.8193e-11      384   34  384     2     3      0   706  1.6e-07        -
 146  6.3437e-09  3.8193e-11      392   34  392     2     3      0   718  4.6e-07        -
 150  6.4792e-09  2.0843e-11      400   35  400     2     3      0   730    1e-09        -
 153  6.5834e-09  4.1686e-11      406   36  406     2     3      0   739  1.7e-07        -
 157  6.7501e-09  4.1686e-11      414   36  414     2     3      0   751  8.1e-07        -
 161  6.9169e-09  4.1686e-11      422   36  422     2     3      0   766  4.1e-10        -
 165  7.0831e-09  4.1571e-11      430   36  430     2     3      0   782  5.5e-10        -
 168  7.2079e-09  4.1571e-11      436   36  436     2     3      0   794  4.1e-10        -
           当前进度:   8 % - 正在组装残差
 171  7.3326e-09  4.1571e-11      442   36  442     2     3      0   806  3.1e-10        -
 175  7.4786e-09  2.1361e-11      450   37  450     2     3      0   821  2.4e-09        -
 178  7.5641e-09  4.2723e-11      456   38  456     2     3      0   830  7.1e-08        -
 179  7.6025e-09   3.845e-11      462   39  462     2     3      0   841  4.2e-08        -
 182  7.7179e-09   3.845e-11      468   40  468     2     3      0   850  3.9e-07        -
 186  7.8717e-09   3.845e-11      476   40  476     2     3      0   863  2.1e-10        -
 189  7.9743e-09  2.5706e-11      486   41  486     2     3      0   882  5.4e-09        -
 192  8.0514e-09  2.5706e-11      492   42  492     2     3      0   891  4.3e-08        -
 195  8.1285e-09  2.5706e-11      498   42  498     2     3      0   900  9.5e-08        -
 197  8.1799e-09  2.5706e-11      502   42  502     2     3      0   906  1.3e-07        -
 199  8.2828e-09  5.1413e-11      506   43  506     2     3      0   912  6.5e-07        -
 201  8.3856e-09  5.1413e-11      510   43  510     2     3      0   920  7.2e-10        -
 204     8.5e-09  3.1496e-11 out  516   44  516     2     3      0   930  4.6e-08        -
 207  8.5945e-09  3.1496e-11      522   44  522     2     3      0   939  1.5e-07        -
 211  8.7205e-09  3.1496e-11      530   44  530     2     3      0   951  2.7e-07        -
 215  8.8465e-09  3.1496e-11      538   44  538     2     3      0   963  3.7e-07        -
 218  8.9409e-09  3.1496e-11      544   44  544     2     3      0   972  4.4e-07        -
 221  9.0591e-09  5.9051e-11      552   45  552     2     3      0   987  1.8e-07        -
 223  9.1772e-09  5.9051e-11      556   45  556     2     3      0   996  8.8e-10        -
 227  9.4134e-09  5.9051e-11      564   45  564     2     3      0  1016  2.5e-09        -
 228  9.4567e-09  4.3322e-11      570   46  570     2     3      0  1028  3.9e-08        -
 231  9.5866e-09  4.3322e-11      576   47  576     2     3      0  1037  3.4e-07        -
 235  9.7599e-09  4.3322e-11      584   47  584     2     3      0  1049  9.7e-07        -
 239  9.9332e-09  4.3322e-11      592   47  592     2     3      0  1065  7.7e-10        -
 240  9.9666e-09  3.3388e-11      598   48  598     2     3      0  1076    1e-08        -
 243    1.01e-08  6.6776e-11      604   50  604     2     3      0  1086  3.2e-07        -
 244  1.0159e-08  5.9282e-11      610   51  610     2     3      0  1099  1.7e-07        -
 246  1.0272e-08  5.3354e-11      618   53  618     2     3      0  1115  8.8e-08        -
 249  1.0432e-08  5.3354e-11      624   54  624     2     3      0  1124  7.1e-07        -
 252  1.0534e-08  3.3928e-11      630   55  630     2     3      0  1133  6.6e-08        -
 256   1.067e-08  3.3928e-11      638   55  638     2     3      0  1145  1.8e-07        -
 260  1.0805e-08  3.3928e-11      646   55  646     2     3      0  1157  2.9e-07        -
 264  1.0941e-08  3.3928e-11      654   55  654     2     3      0  1169  3.9e-07        -
 265  1.0971e-08  2.9469e-11      660   56  660     2     3      0  1180  3.4e-09        -
 268  1.1059e-08  2.9469e-11      666   57  666     2     3      0  1189  2.6e-08        -
 271  1.1147e-08  2.9469e-11      672   57  672     2     3      0  1198  6.1e-08        -
 274  1.1285e-08   4.961e-11      682   59  682     2     3      0  1215  4.1e-08        -
 277  1.1434e-08   4.961e-11      688   60  688     2     3      0  1224  3.6e-07        -
 280  1.1533e-08  3.2905e-11      694   61  694     2     3      0  1233  4.7e-08        -
 282  1.1655e-08  5.6554e-11      702   63  702     2     3      0  1249  7.9e-08        -
 285  1.1825e-08  5.6554e-11      708   64  708     2     3      0  1258  7.7e-07        -
 288  1.1969e-08  3.0981e-11      714   65  714     2     3      0  1269  4.2e-09        -
           当前进度:   9 % - 求解线性方程组
 291  1.2093e-08  6.1962e-11      720   66  720     2     3      0  1279  1.4e-07        -
 295  1.2341e-08  6.1962e-11      728   66  728     2     3      0  1298  2.8e-09        -
 297  1.2451e-08  4.8622e-11      736   67  736     2     3      0  1315  4.5e-08        -
 300  1.2597e-08  4.8622e-11      742   68  742     2     3      0  1324  4.5e-07        -
 304  1.2792e-08  4.8622e-11      750   68  750     2     3      0  1338  1.2e-09        -
 308  1.2969e-08    3.12e-11      758   69  758     2     3      0  1353  5.1e-09        -
 311  1.3125e-08    6.24e-11      764   70  764     2     3      0  1364  8.9e-07        -
 313  1.3243e-08   5.616e-11      772   71  772     2     3      0  1381  9.1e-08        -
 316  1.3412e-08   5.616e-11      778   72  778     2     3      0  1391  1.5e-09        -
 317  1.3456e-08  4.4079e-11      784   73  784     2     3      0  1402  3.2e-08        -
 320  1.3588e-08  4.4079e-11      790   74  790     2     3      0  1411  3.2e-07        -
 324  1.3764e-08  4.4079e-11      798   74  798     2     3      0  1423  9.5e-07        -
 327  1.3897e-08  4.4079e-11      804   74  804     2     3      0  1435    1e-09        -
 329   1.397e-08  2.9603e-11      812   75  812     2     3      0  1450  6.5e-09        -
 332  1.4089e-08  5.9206e-11      818   77  818     2     3      0  1459  2.4e-07        -
 333  1.4142e-08  5.3285e-11      824   78  824     2     3      0  1470  1.5e-07        -
 336  1.4302e-08  5.3285e-11      830   79  830     2     3      0  1480  7.9e-10        -
 339  1.4454e-08  4.5741e-11      840   80  840     2     3      0  1499  7.1e-08        -
 342  1.4591e-08  4.5741e-11      846   81  846     2     3      0  1508  7.1e-07        -
 346  1.4774e-08  4.5741e-11      854   81  854     2     3      0  1524  8.7e-10        -
 350  1.4956e-08  4.4167e-11      863   81  863     2     3      0  1542  6.4e-10        -
 353  1.5088e-08  4.4167e-11      872   81  872     2     3      0  1560  6.6e-10        -
 356  1.5221e-08  4.4167e-11      881   81  881     2     3      0  1578  6.6e-10        -
 359  1.5353e-08  4.4167e-11      890   81  890     2     3      0  1596  6.2e-10        -
 362  1.5471e-08  2.9166e-11      898   82  898     2     3      0  1611  7.5e-09        -
 365  1.5611e-08  5.2499e-11      908   84  908     2     3      0  1628  1.2e-07        -
 368  1.5768e-08  5.2499e-11      914   85  914     2     3      0  1638  4.7e-10        -
 372  1.5963e-08  3.7089e-11      926   86  926     2     3      0  1661  1.8e-08        -
 375  1.6074e-08  3.7089e-11      932   87  932     2     3      0  1670  1.7e-07        -
 379  1.6223e-08  3.7089e-11      940   87  940     2     3      0  1682  4.4e-07        -
 383  1.6408e-08  7.4179e-11      948   88  948     2     3      0  1695  5.6e-07        -
 386  1.6546e-08  4.6008e-11      954   89  954     2     3      0  1704  4.6e-07        -
 390   1.673e-08  4.6008e-11      962   89  962     2     3      0  1718  1.1e-09        -
 392  1.6822e-08  4.6008e-11      966   89  966     2     3      0  1726  1.3e-09        -
 395  1.6957e-08  4.2962e-11      974   89  974     2     3      0  1742  6.5e-10        -
 397  1.7043e-08  4.2962e-11      982   89  982     2     3      0  1758  6.6e-10        -
 401   1.775e-08     2.5e-10      986   91  986     2     3      0  1758        0        -
 407    2.05e-08       5e-10 out  992   92  992     2     3      0  1758        0        -
 414     2.4e-08       5e-10 out  999   92  999     2     3      0  1758        0        -
 421    2.75e-08       5e-10 out 1006   92 1006     2     3      0  1758        0        -
 428     3.1e-08       5e-10 out 1013   92 1013     2     3      0  1758        0        -
 434     3.4e-08       5e-10 out 1019   92 1019     2     3      0  1758        0        -
 441    3.75e-08       5e-10 out 1026   92 1026     2     3      0  1758        0        -
 448     4.1e-08       5e-10 out 1033   92 1033     2     3      0  1758        0        -
 455    4.45e-08       5e-10 out 1040   92 1040     2     3      0  1758        0        -
-          当前进度:  16 % - 
 461    4.75e-08       5e-10 out 1046   92 1046     2     3      0  1758        0        -
 467    5.05e-08       5e-10 out 1052   92 1052     2     3      0  1758        0        -
 474     5.4e-08       5e-10 out 1059   92 1059     2     3      0  1758        0        -
 481    5.75e-08       5e-10 out 1066   92 1066     2     3      0  1758        0        -
 487    6.05e-08       5e-10 out 1072   92 1072     2     3      0  1758        0        -
 495    6.45e-08       5e-10 out 1080   92 1080     2     3      0  1758        0        -
 503    6.85e-08       5e-10 out 1088   92 1088     2     3      0  1758        0        -
 510     7.2e-08       5e-10 out 1095   92 1095     2     3      0  1758        0        -
 518     7.6e-08       5e-10 out 1103   92 1103     2     3      0  1758        0        -
 526       8e-08       5e-10 out 1111   92 1111     2     3      0  1758        0        -
 533    8.35e-08       5e-10 out 1118   92 1118     2     3      0  1758        0        -
 540     8.7e-08       5e-10 out 1125   92 1125     2     3      0  1758        0        -
 547    9.05e-08       5e-10 out 1132   92 1132     2     3      0  1758        0        -
 554     9.4e-08       5e-10 out 1139   92 1139     2     3      0  1758        0        -
 561    9.75e-08       5e-10 out 1146   92 1146     2     3      0  1758        0        -
 568    1.01e-07       5e-10 out 1153   92 1153     2     3      0  1758        0        -
 575   1.045e-07       5e-10 out 1160   92 1160     2     3      0  1758        0        -
 582    1.08e-07       5e-10 out 1167   92 1167     2     3      0  1758        0        -
 590    1.12e-07       5e-10 out 1175   92 1175     2     3      0  1758        0        -
 597   1.155e-07       5e-10 out 1182   92 1182     2     3      0  1758        0        -
 605   1.195e-07       5e-10 out 1190   92 1190     2     3      0  1758        0        -
 613   1.235e-07       5e-10 out 1198   92 1198     2     3      0  1758        0        -
 619   1.265e-07       5e-10 out 1204   92 1204     2     3      0  1758        0        -
 626     1.3e-07       5e-10 out 1211   92 1211     2     3      0  1758        0        -
 633   1.335e-07       5e-10 out 1218   92 1218     2     3      0  1758        0        -
 640    1.37e-07       5e-10 out 1225   92 1225     2     3      0  1758        0        -
 647   1.405e-07       5e-10 out 1232   92 1232     2     3      0  1758        0        -
 654    1.44e-07       5e-10 out 1239   92 1239     2     3      0  1758        0        -
 660    1.47e-07       5e-10 out 1245   92 1245     2     3      0  1758        0        -
 666     1.5e-07       5e-10 out 1251   92 1251     2     3      0  1758        0        -
 673   1.535e-07       5e-10 out 1258   92 1258     2     3      0  1758        0        -
 680    1.57e-07       5e-10 out 1265   92 1265     2     3      0  1758        0        -
 688    1.61e-07       5e-10 out 1273   92 1273     2     3      0  1758        0        -
 694    1.64e-07       5e-10 out 1279   92 1279     2     3      0  1758        0        -
 701   1.675e-07       5e-10 out 1286   92 1286     2     3      0  1758        0        -
 709   1.715e-07       5e-10 out 1294   92 1294     2     3      0  1758        0        -
 715   1.745e-07       5e-10 out 1300   92 1300     2     3      0  1758        0        -
 722    1.78e-07       5e-10 out 1307   92 1307     2     3      0  1758        0        -
 730    1.82e-07       5e-10 out 1315   92 1315     2     3      0  1758        0        -
 736    1.85e-07       5e-10 out 1321   92 1321     2     3      0  1758        0        -
 743   1.885e-07       5e-10 out 1328   92 1328     2     3      0  1758        0        -
 750    1.92e-07       5e-10 out 1335   92 1335     2     3      0  1758        0        -
 757   1.955e-07       5e-10 out 1342   92 1342     2     3      0  1758        0        -
 762    1.98e-07       5e-10 out 1347   92 1347     2     3      0  1758        0        -
 769   2.015e-07       5e-10 out 1354   92 1354     2     3      0  1758        0        -
 775   2.045e-07       5e-10 out 1360   92 1360     2     3      0  1758        0        -
 780    2.07e-07       5e-10 out 1365   92 1365     2     3      0  1758        0        -
 787   2.105e-07       5e-10 out 1372   92 1372     2     3      0  1758        0        -
 793   2.135e-07       5e-10 out 1378   92 1378     2     3      0  1758        0        -
 799   2.165e-07       5e-10 out 1384   92 1384     2     3      0  1758        0        -
 806     2.2e-07       5e-10 out 1391   92 1391     2     3      0  1758        0        -
 812    2.23e-07       5e-10 out 1397   92 1397     2     3      0  1758        0        -
 819   2.265e-07       5e-10 out 1404   92 1404     2     3      0  1758        0        -
 826     2.3e-07       5e-10 out 1411   92 1411     2     3      0  1758        0        -
-----      当前进度:  50 % - 正在组装残差
 833   2.335e-07       5e-10 out 1418   92 1418     2     3      0  1758        0        -
 840    2.37e-07       5e-10 out 1425   92 1425     2     3      0  1758        0        -
 847   2.405e-07       5e-10 out 1432   92 1432     2     3      0  1758        0        -
 853   2.435e-07       5e-10 out 1438   92 1438     2     3      0  1758        0        -
 860    2.47e-07       5e-10 out 1445   92 1445     2     3      0  1758        0        -
 867   2.505e-07       5e-10 out 1452   92 1452     2     3      0  1758        0        -
 874    2.54e-07       5e-10 out 1459   92 1459     2     3      0  1758        0        -
 882    2.58e-07       5e-10 out 1467   92 1467     2     3      0  1758        0        -
 889   2.615e-07       5e-10 out 1474   92 1474     2     3      0  1758        0        -
 896    2.65e-07       5e-10 out 1481   92 1481     2     3      0  1758        0        -
 903   2.685e-07       5e-10 out 1488   92 1488     2     3      0  1758        0        -
 909   2.715e-07       5e-10 out 1494   92 1494     2     3      0  1758        0        -
 916    2.75e-07       5e-10 out 1501   92 1501     2     3      0  1758        0        -
 924    2.79e-07       5e-10 out 1509   92 1509     2     3      0  1758        0        -
 932    2.83e-07       5e-10 out 1517   92 1517     2     3      0  1758        0        -
 939   2.865e-07       5e-10 out 1524   92 1524     2     3      0  1758        0        -
 947   2.905e-07       5e-10 out 1532   92 1532     2     3      0  1758        0        -
 954    2.94e-07       5e-10 out 1539   92 1539     2     3      0  1758        0        -
 961   2.975e-07       5e-10 out 1546   92 1546     2     3      0  1758        0        -
 967   3.005e-07       5e-10 out 1552   92 1552     2     3      0  1758        0        -
 972    3.03e-07       5e-10 out 1557   92 1557     2     3      0  1758        0        -
 978    3.06e-07       5e-10 out 1563   92 1563     2     3      0  1758        0        -
 986     3.1e-07       5e-10 out 1571   92 1571     2     3      0  1758        0        -
 994    3.14e-07       5e-10 out 1579   92 1579     2     3      0  1758        0        -
1002    3.18e-07       5e-10 out 1587   92 1587     2     3      0  1758        0        -
1010    3.22e-07       5e-10 out 1595   92 1595     2     3      0  1758        0        -
1017   3.255e-07       5e-10 out 1602   92 1602     2     3      0  1758        0        -
1024    3.29e-07       5e-10 out 1609   92 1609     2     3      0  1758        0        -
1032    3.33e-07       5e-10 out 1617   92 1617     2     3      0  1758        0        -
1037   3.355e-07       5e-10 out 1622   92 1622     2     3      0  1758        0        -
1043   3.385e-07       5e-10 out 1628   92 1628     2     3      0  1758        0        -
1049   3.415e-07       5e-10 out 1634   92 1634     2     3      0  1758        0        -
1056    3.45e-07       5e-10 out 1641   92 1641     2     3      0  1758        0        -
1063   3.485e-07       5e-10 out 1648   92 1648     2     3      0  1758        0        -
1071   3.525e-07       5e-10 out 1656   92 1656     2     3      0  1758        0        -
1078    3.56e-07       5e-10 out 1663   92 1663     2     3      0  1758        0        -
1084    3.59e-07       5e-10 out 1669   92 1669     2     3      0  1758        0        -
1091   3.625e-07       5e-10 out 1676   92 1676     2     3      0  1758        0        -
1099   3.665e-07       5e-10 out 1684   92 1684     2     3      0  1758        0        -
1105   3.695e-07       5e-10 out 1690   92 1690     2     3      0  1758        0        -
1112    3.73e-07       5e-10 out 1697   92 1697     2     3      0  1758        0        -
1119   3.765e-07       5e-10 out 1704   92 1704     2     3      0  1758        0        -
1126     3.8e-07       5e-10 out 1711   92 1711     2     3      0  1758        0        -
1134    3.84e-07       5e-10 out 1719   92 1719     2     3      0  1758        0        -
1139   3.865e-07       5e-10 out 1724   92 1724     2     3      0  1758        0        -
1146     3.9e-07       5e-10 out 1731   92 1731     2     3      0  1758        0        -
1152    3.93e-07       5e-10 out 1737   92 1737     2     3      0  1758        0        -
1156    3.95e-07       5e-10 out 1741   92 1741     2     3      0  1758        0        -
1163   3.985e-07       5e-10 out 1748   92 1748     2     3      0  1758        0        -
1171   4.025e-07       5e-10 out 1756   92 1756     2     3      0  1758        0        -
1178    4.06e-07       5e-10 out 1763   92 1763     2     3      0  1758        0        -
1186     4.1e-07       5e-10 out 1771   92 1771     2     3      0  1758        0        -
1194    4.14e-07       5e-10 out 1779   92 1779     2     3      0  1758        0        -
1201   4.175e-07       5e-10 out 1786   92 1786     2     3      0  1758        0        -
--------   当前进度:  85 % - 正在组装残差
1208    4.21e-07       5e-10 out 1793   92 1793     2     3      0  1758        0        -
1216    4.25e-07       5e-10 out 1801   92 1801     2     3      0  1758        0        -
1222    4.28e-07       5e-10 out 1807   92 1807     2     3      0  1758        0        -
1229   4.315e-07       5e-10 out 1814   92 1814     2     3      0  1758        0        -
1237   4.355e-07       5e-10 out 1822   92 1822     2     3      0  1758        0        -
1243   4.385e-07       5e-10 out 1828   92 1828     2     3      0  1758        0        -
1248    4.41e-07       5e-10 out 1833   92 1833     2     3      0  1758        0        -
1255   4.445e-07       5e-10 out 1840   92 1840     2     3      0  1758        0        -
1261   4.475e-07       5e-10 out 1846   92 1846     2     3      0  1758        0        -
1268    4.51e-07       5e-10 out 1853   92 1853     2     3      0  1758        0        -
1274    4.54e-07       5e-10 out 1859   92 1859     2     3      0  1758        0        -
1281   4.575e-07       5e-10 out 1866   92 1866     2     3      0  1758        0        -
1288    4.61e-07       5e-10 out 1873   92 1873     2     3      0  1758        0        -
1295   4.645e-07       5e-10 out 1880   92 1880     2     3      0  1758        0        -
1303   4.685e-07       5e-10 out 1888   92 1888     2     3      0  1758        0        -
1311   4.725e-07       5e-10 out 1896   92 1896     2     3      0  1758        0        -
1319   4.765e-07       5e-10 out 1904   92 1904     2     3      0  1758        0        -
1327   4.805e-07       5e-10 out 1912   92 1912     2     3      0  1758        0        -
1335   4.845e-07       5e-10 out 1920   92 1920     2     3      0  1758        0        -
1343   4.885e-07       5e-10 out 1928   92 1928     2     3      0  1758        0        -
1351   4.925e-07       5e-10 out 1936   92 1936     2     3      0  1758        0        -
1359   4.965e-07       5e-10 out 1944   92 1944     2     3      0  1758        0        -
1366       5e-07       5e-10 out 1951   92 1951     2     3      0  1758        0        -
---------- 当前进度: 100 % - 
求解时间：3 s。
物理内存: 1.34 GB
虚拟内存: 1.91 GB
结束时间：2026年9月4日 10:23:19。
----- Study 2 - Single_Muon_Diagnostic/解 2 (sol2) 中的“瞬态求解器 1” ----------------->
           当前进度:   0 % - 
Memory: 1221/1504 1382/1951
-          当前进度:  11 % - 正在计算
Memory: 1081/1504 1235/1951
-          当前进度:  19 % - 正在计算
--         当前进度:  26 % - 正在计算
---        当前进度:  33 % - 正在计算
----       当前进度:  40 % - 正在计算
----       当前进度:  47 % - 正在计算
-----      当前进度:  54 % - 正在计算
------     当前进度:  61 % - 正在计算
------     当前进度:  69 % - 正在计算
-------    当前进度:  76 % - 正在计算
--------   当前进度:  82 % - 正在计算
---------  当前进度:  90 % - 正在计算
---------  当前进度:  98 % - 正在计算
---------- 当前进度: 100 % - 正在计算
           当前进度:   0 % - 
Memory: 1101/1504 1235/1951
---        当前进度:  34 % - 正在计算
Memory: 1103/1504 1235/1951
---------  当前进度:  95 % - 正在计算
Memory: 1099/1504 1230/1951
SHORT_GAP_CASE_COMPLETE=shortgap_25mm_f0p05_V12_3kV
SHORT_GAP_CASE_START=shortgap_25mm_f0p05_V12_5kV
           当前进度:   0 % - Study 1 - 3D Electrostatics stationary
Memory: 1196/1504 1230/1951
           当前进度:   3 % - Study 1 - 3D Electrostatics stationary
Memory: 1197/1504 1230/1951
<---- Study 1 - 3D Electrostatics stationary/解 1 (sol1) 中的“编译方程: 稳态” -----------
开始于 2026年9月4日 10:23:24。
几何形函数: 二次拉格朗日单元
几何形函数: 二次拉格朗日单元
在 Intel64 Family 6 Model 186 Stepping 2, GenuineIntel 上运行。
在以下位置使用 1 个插槽： 陈红星 上（共 1 个内核）。
可用内存：15.90 GB。
           当前进度:   3 % - 编译方程: 稳态
Memory: 1198/1504 1231/1951
           当前进度:   6 % - 编译方程: 稳态
Memory: 1224/1504 1260/1951
           当前进度:   7 % - 编译方程: 稳态
Memory: 1218/1504 1254/1951
时间：1。
物理内存: 1.22 GB
虚拟内存: 1.26 GB
Warning: 自由空间采用真空条件，这会导致某些材料属性被忽略。请考虑为忽略的材料添加合适的物理场特征。

  - 节点: 自由空间 1

  - 物理场: Electrostatics: four finite-thickness rounded ring electrodes (es)

  - Materials: Natural Neon gas, representative relative permittivity (mat_gas), Representative alumina ceramic; epsilon_r=9.4 assumption (mat_diel)

  - Quantities: 相对介电常数, 相对介电常数
结束时间：2026年9月4日 10:23:25。
----- Study 1 - 3D Electrostatics stationary/解 1 (sol1) 中的“编译方程: 稳态” ---------->
<---- Study 1 - 3D Electrostatics stationary/解 1 (sol1) 中的“因变量 1” --------------
开始于 2026年9月4日 10:23:25。
           当前进度:   7 % - 因变量 1
Memory: 1219/1504 1254/1951
求解时间：0 s。
物理内存: 1.22 GB
虚拟内存: 1.25 GB
结束时间：2026年9月4日 10:23:25。
----- Study 1 - 3D Electrostatics stationary/解 1 (sol1) 中的“因变量 1” ------------->
<---- Study 1 - 3D Electrostatics stationary/解 1 (sol1) 中的“稳态求解器 1” ------------
开始于 2026年9月4日 10:23:26。
线性求解器 
求解的自由度数：103560。
--         当前进度:  24 % - 组装稀疏模式
Memory: 1231/1504 1266/1951
---        当前进度:  38 % - 组装矩阵
Memory: 1256/1504 1305/1951
找到对称矩阵。
缩放因变量：
电势 (comp1.V): 1
已使用正交零空间函数。
---        当前进度:  38 % - 组装延展
Memory: 1264/1504 1301/1951
-----      当前进度:  56 % - 组装矩阵
Memory: 1250/1504 1287/1951
Iter      SolEst     Damping    Stepsize #Res #Jac #Sol LinIt   LinErr   LinRes
---------- 当前进度: 100 % - 求解线性方程组
Memory: 1259/1504 1300/1951
   1        0.79   1.0000000        0.79    1    1    1     4  2.9e-05  5.3e-08
---------- 当前进度: 100 % - 
Memory: 1247/1504 1283/1951
求解时间：3 s。
物理内存: 1.26 GB
虚拟内存: 1.3 GB
结束时间：2026年9月4日 10:23:29。
----- Study 1 - 3D Electrostatics stationary/解 1 (sol1) 中的“稳态求解器 1” ----------->
           当前进度:   0 % - Study 2 - Single_Muon_Diagnostic
Memory: 1215/1504 1247/1951
           当前进度:   3 % - Study 2 - Single_Muon_Diagnostic
<---- Study 2 - Single_Muon_Diagnostic/解 2 (sol2) 中的“编译方程: 瞬态” -----------------
开始于 2026年9月4日 10:23:29。
几何形函数: 二次拉格朗日单元
几何形函数: 二次拉格朗日单元
在 Intel64 Family 6 Model 186 Stepping 2, GenuineIntel 上运行。
在以下位置使用 1 个插槽： 陈红星 上（共 1 个内核）。
可用内存：15.90 GB。
           当前进度:   3 % - 编译方程: 瞬态
Memory: 1216/1504 1247/1951
           当前进度:   4 % - 编译方程: 瞬态
Memory: 1206/1504 1238/1951
           当前进度:   5 % - 编译方程: 瞬态
Memory: 1203/1504 1235/1951
时间：1。
物理内存: 1.22 GB
虚拟内存: 1.25 GB
Warning: 自由空间采用真空条件，这会导致某些材料属性被忽略。请考虑为忽略的材料添加合适的物理场特征。

  - 节点: 自由空间 1

  - 物理场: Electrostatics: four finite-thickness rounded ring electrodes (es)

  - Materials: Natural Neon gas, representative relative permittivity (mat_gas), Representative alumina ceramic; epsilon_r=9.4 assumption (mat_diel)

  - Quantities: 相对介电常数, 相对介电常数
结束时间：2026年9月4日 10:23:30。
----- Study 2 - Single_Muon_Diagnostic/解 2 (sol2) 中的“编译方程: 瞬态” ---------------->
<---- Study 2 - Single_Muon_Diagnostic/解 2 (sol2) 中的“因变量 1” --------------------
开始于 2026年9月4日 10:23:30。
不求解变量的值: 解 1 (sol1).
           当前进度:   5 % - 因变量 1
求解时间：0 s。
物理内存: 1.2 GB
虚拟内存: 1.24 GB
结束时间：2026年9月4日 10:23:30。
----- Study 2 - Single_Muon_Diagnostic/解 2 (sol2) 中的“因变量 1” ------------------->
<---- Study 2 - Single_Muon_Diagnostic/解 2 (sol2) 中的“瞬态求解器 1” ------------------
开始于 2026年9月4日 10:23:31。
瞬态求解器（广义 α）
求解的自由度数：3（加上 4 个内部自由度）。
找到非对称矩阵。
缩放因变量：
颗粒位置 (comp1.qcpt): 1
Step        Time    Stepsize      Res  Jac  Sol Order Tfail NLfail LinIt   LinErr   LinRes
   0           0           - out    2    3    2                  0     0        0        0
   1    6.25e-11    6.25e-11       10    7   10     2     3      0    19  4.9e-08        -
   8       5e-10    6.25e-11 out   24    7   24     2     3      0    50  1.2e-10        -
  13  8.0625e-10   5.625e-11       38    8   38     2     3      0    83  1.3e-07        -
  16  9.5938e-10  4.0625e-11       48   10   48     2     3      0   106  2.7e-08        -
  21  1.1625e-09  4.0625e-11       58   11   58     2     3      0   121  4.8e-07        -
  27  1.4062e-09  4.0625e-11       70   11   70     2     3      0   140  2.1e-10        -
  31  1.5531e-09  5.3125e-11       78   13   78     2     3      0   154    1e-07        -
  38   1.925e-09  5.3125e-11       92   13   92     2     3      0   187  3.2e-10        -
  41  2.0375e-09    3.75e-11      102   15  102     2     3      0   208  8.5e-08        -
  47  2.2625e-09    3.75e-11      114   15  114     2     3      0   226    5e-07        -
  53   2.475e-09     2.5e-11      130   16  130     2     3      0   252  2.6e-09        -
  58     2.7e-09       5e-11      140   18  140     2     3      0   271  8.8e-07        -
  64       3e-09       5e-11 out  152   18  152     2     3      0   301  5.5e-10        -
  71   3.345e-09     4.5e-11      170   19  170     2     3      0   343  3.8e-08        -
  74  3.4675e-09    3.25e-11      180   21  180     2     3      0   360  6.7e-09        -
  80  3.6625e-09    3.25e-11      192   22  192     2     3      0   378  9.2e-08        -
  87    3.89e-09    3.25e-11      206   22  206     2     3      0   399  2.1e-07        -
  90  3.9775e-09    2.25e-11      216   23  216     2     3      0   416  9.1e-10        -
  95    4.18e-09     4.5e-11      226   25  226     2     3      0   431  3.1e-07        -
 102   4.475e-09     2.5e-11      240   26  240     2     3      0   452  1.4e-09        -
 107     4.7e-09       5e-11      250   27  250     2     3      0   471  6.3e-07        -
 114    5.05e-09       5e-11      264   27  264     2     3      0   505  1.2e-09        -
 119     5.3e-09       5e-11      274   27  274     2     3      0   530  1.8e-09        -
 124     5.5e-09     2.5e-11 out  284   28  284     2     3      0   551  9.3e-09        -
 129    5.75e-09       5e-11      294   29  294     2     3      0   572  6.6e-10        -
 135    6.05e-09       5e-11      306   29  306     2     3      0   602  1.5e-09        -
 142     6.4e-09       5e-11      320   29  320     2     3      0   633  2.9e-09        -
 147     6.6e-09       5e-11      330   31  330     2     3      0   649  4.2e-07        -
           当前进度:   8 % - 
 153     6.9e-09       5e-11      342   31  342     2     3      0   672  1.6e-09        -
 160    7.25e-09       5e-11      356   31  356     2     3      0   700  2.7e-09        -
 163    7.39e-09     4.5e-11      366   33  366     2     3      0   718  9.4e-08        -
 166     7.5e-09  3.2502e-11 out  376   35  376     2     3      0   735  1.9e-08        -
 172   7.695e-09  3.2502e-11      388   35  388     2     3      0   753  4.5e-07        -
 179  7.9225e-09  3.2502e-11      402   35  402     2     3      0   774  8.4e-07        -
 181  7.9775e-09  2.2488e-11      410   36  410     2     3      0   788  2.7e-09        -
 185  8.1349e-09  4.4977e-11      418   38  418     2     3      0   800  6.5e-07        -
 190  8.3598e-09  4.4977e-11      428   38  428     2     3      0   819  9.3e-10        -
 194     8.5e-09  2.5116e-11 out  436   39  436     2     3      0   833  1.4e-08        -
 200  8.8014e-09  5.0232e-11      448   40  448     2     3      0   854  1.5e-09        -
 206  9.0981e-09  4.9072e-11      460   40  460     2     3      0   878  4.2e-08        -
 211  9.3435e-09  4.9072e-11      470   40  470     2     3      0   899  4.5e-08        -
 216  9.5584e-09  5.8356e-11      480   42  480     2     3      0   919  1.9e-07        -
 222  9.9085e-09  5.8356e-11      492   42  492     2     3      0   948  3.7e-09        -
 225  1.0046e-08  4.5753e-11      502   44  502     2     3      0   967  2.2e-07        -
 232  1.0366e-08  4.5753e-11      516   44  516     2     3      0   991  1.5e-09        -
 237  1.0588e-08  4.4111e-11      530   44  530     2     3      0  1019  3.6e-09        -
 242  1.0809e-08  4.4111e-11      545   44  545     2     3      0  1049  3.7e-09        -
 246  1.0971e-08  2.9445e-11      556   45  556     2     3      0  1070  2.8e-09        -
 250  1.1135e-08  4.6998e-11      568   47  568     2     3      0  1093  2.9e-08        -
 256  1.1417e-08  4.6998e-11      580   48  580     2     3      0  1111  6.1e-07        -
 259  1.1541e-08   4.134e-11      590   50  590     2     3      0  1128  8.1e-08        -
 266  1.1831e-08   4.134e-11      604   50  604     2     3      0  1149  5.4e-07        -
 272  1.2045e-08  4.5261e-11      616   52  616     2     3      0  1167  3.1e-08        -
 279  1.2362e-08  4.5261e-11      630   52  630     2     3      0  1188  9.1e-07        -
 284  1.2547e-08  4.7391e-11      640   54  640     2     3      0  1205  4.2e-08        -
 291  1.2879e-08  4.7391e-11      654   54  654     2     3      0  1228  1.8e-09        -
 294     1.3e-08  3.6743e-11 out  664   56  664     2     3      0  1246  1.2e-08        -
 299    1.45e-08       5e-10 out  669   60  669     2     3      0  1246        0        -
 310       2e-08       5e-10 out  680   60  680     2     3      0  1246        0        -
 322     2.6e-08       5e-10 out  692   60  692     2     3      0  1246        0        -
 334     3.2e-08       5e-10 out  704   60  704     2     3      0  1246        0        -
 346     3.8e-08       5e-10 out  716   60  716     2     3      0  1246        0        -
 358     4.4e-08       5e-10 out  728   60  728     2     3      0  1246        0        -
 370       5e-08       5e-10 out  740   60  740     2     3      0  1246        0        -
 381    5.55e-08       5e-10 out  751   60  751     2     3      0  1246        0        -
 387    5.85e-08       5e-10 out  757   60  757     2     3      0  1246        0        -
 395    6.25e-08       5e-10 out  765   60  765     2     3      0  1246        0        -
 404     6.7e-08       5e-10 out  774   60  774     2     3      0  1246        0        -
 416     7.3e-08       5e-10 out  786   60  786     2     3      0  1246        0        -
 428     7.9e-08       5e-10 out  798   60  798     2     3      0  1246        0        -
 439    8.45e-08       5e-10 out  809   60  809     2     3      0  1246        0        -
 451    9.05e-08       5e-10 out  821   60  821     2     3      0  1246        0        -
 463    9.65e-08       5e-10 out  833   60  833     2     3      0  1246        0        -
 474    1.02e-07       5e-10 out  844   60  844     2     3      0  1246        0        -
 485   1.075e-07       5e-10 out  855   60  855     2     3      0  1246        0        -
 497   1.135e-07       5e-10 out  867   60  867     2     3      0  1246        0        -
 508    1.19e-07       5e-10 out  878   60  878     2     3      0  1246        0        -
 519   1.245e-07       5e-10 out  889   60  889     2     3      0  1246        0        -
---        当前进度:  31 % - 正在组装残差
 531   1.305e-07       5e-10 out  901   60  901     2     3      0  1246        0        -
 543   1.365e-07       5e-10 out  913   60  913     2     3      0  1246        0        -
 555   1.425e-07       5e-10 out  925   60  925     2     3      0  1246        0        -
 567   1.485e-07       5e-10 out  937   60  937     2     3      0  1246        0        -
 579   1.545e-07       5e-10 out  949   60  949     2     3      0  1246        0        -
 587   1.585e-07       5e-10 out  957   60  957     2     3      0  1246        0        -
 598    1.64e-07       5e-10 out  968   60  968     2     3      0  1246        0        -
 609   1.695e-07       5e-10 out  979   60  979     2     3      0  1246        0        -
 614    1.72e-07       5e-10 out  984   60  984     2     3      0  1246        0        -
 626    1.78e-07       5e-10 out  996   60  996     2     3      0  1246        0        -
 637   1.835e-07       5e-10 out 1007   60 1007     2     3      0  1246        0        -
 646    1.88e-07       5e-10 out 1016   60 1016     2     3      0  1246        0        -
 657   1.935e-07       5e-10 out 1027   60 1027     2     3      0  1246        0        -
 668    1.99e-07       5e-10 out 1038   60 1038     2     3      0  1246        0        -
 676    2.03e-07       5e-10 out 1046   60 1046     2     3      0  1246        0        -
 685   2.075e-07       5e-10 out 1055   60 1055     2     3      0  1246        0        -
 697   2.135e-07       5e-10 out 1067   60 1067     2     3      0  1246        0        -
 709   2.195e-07       5e-10 out 1079   60 1079     2     3      0  1246        0        -
 721   2.255e-07       5e-10 out 1091   60 1091     2     3      0  1246        0        -
 733   2.315e-07       5e-10 out 1103   60 1103     2     3      0  1246        0        -
 745   2.375e-07       5e-10 out 1115   60 1115     2     3      0  1246        0        -
 757   2.435e-07       5e-10 out 1127   60 1127     2     3      0  1246        0        -
 769   2.495e-07       5e-10 out 1139   60 1139     2     3      0  1246        0        -
 779   2.545e-07       5e-10 out 1149   60 1149     2     3      0  1246        0        -
 791   2.605e-07       5e-10 out 1161   60 1161     2     3      0  1246        0        -
 803   2.665e-07       5e-10 out 1173   60 1173     2     3      0  1246        0        -
 815   2.725e-07       5e-10 out 1185   60 1185     2     3      0  1246        0        -
 827   2.785e-07       5e-10 out 1197   60 1197     2     3      0  1246        0        -
 837   2.835e-07       5e-10 out 1207   60 1207     2     3      0  1246        0        -
 848    2.89e-07       5e-10 out 1218   60 1218     2     3      0  1246        0        -
 859   2.945e-07       5e-10 out 1229   60 1229     2     3      0  1246        0        -
 871   3.005e-07       5e-10 out 1241   60 1241     2     3      0  1246        0        -
 883   3.065e-07       5e-10 out 1253   60 1253     2     3      0  1246        0        -
 895   3.125e-07       5e-10 out 1265   60 1265     2     3      0  1246        0        -
 907   3.185e-07       5e-10 out 1277   60 1277     2     3      0  1246        0        -
 919   3.245e-07       5e-10 out 1289   60 1289     2     3      0  1246        0        -
 931   3.305e-07       5e-10 out 1301   60 1301     2     3      0  1246        0        -
 943   3.365e-07       5e-10 out 1313   60 1313     2     3      0  1246        0        -
 955   3.425e-07       5e-10 out 1325   60 1325     2     3      0  1246        0        -
 967   3.485e-07       5e-10 out 1337   60 1337     2     3      0  1246        0        -
 978    3.54e-07       5e-10 out 1348   60 1348     2     3      0  1246        0        -
 990     3.6e-07       5e-10 out 1360   60 1360     2     3      0  1246        0        -
1002    3.66e-07       5e-10 out 1372   60 1372     2     3      0  1246        0        -
1013   3.715e-07       5e-10 out 1383   60 1383     2     3      0  1246        0        -
1018    3.74e-07       5e-10 out 1388   60 1388     2     3      0  1246        0        -
1028    3.79e-07       5e-10 out 1398   60 1398     2     3      0  1246        0        -
1039   3.845e-07       5e-10 out 1409   60 1409     2     3      0  1246        0        -
1051   3.905e-07       5e-10 out 1421   60 1421     2     3      0  1246        0        -
1063   3.965e-07       5e-10 out 1433   60 1433     2     3      0  1246        0        -
1074    4.02e-07       5e-10 out 1444   60 1444     2     3      0  1246        0        -
1086    4.08e-07       5e-10 out 1456   60 1456     2     3      0  1246        0        -
1098    4.14e-07       5e-10 out 1468   60 1468     2     3      0  1246        0        -
1109   4.195e-07       5e-10 out 1479   60 1479     2     3      0  1246        0        -
1120    4.25e-07       5e-10 out 1490   60 1490     2     3      0  1246        0        -
--------   当前进度:  87 % - 正在组装残差
1130     4.3e-07       5e-10 out 1500   60 1500     2     3      0  1246        0        -
1137   4.335e-07       5e-10 out 1507   60 1507     2     3      0  1246        0        -
1148    4.39e-07       5e-10 out 1518   60 1518     2     3      0  1246        0        -
1158    4.44e-07       5e-10 out 1528   60 1528     2     3      0  1246        0        -
1164    4.47e-07       5e-10 out 1534   60 1534     2     3      0  1246        0        -
1174    4.52e-07       5e-10 out 1544   60 1544     2     3      0  1246        0        -
1186    4.58e-07       5e-10 out 1556   60 1556     2     3      0  1246        0        -
1197   4.635e-07       5e-10 out 1567   60 1567     2     3      0  1246        0        -
1209   4.695e-07       5e-10 out 1579   60 1579     2     3      0  1246        0        -
1220    4.75e-07       5e-10 out 1590   60 1590     2     3      0  1246        0        -
1230     4.8e-07       5e-10 out 1600   60 1600     2     3      0  1246        0        -
1233   4.815e-07       5e-10 out 1603   60 1603     2     3      0  1246        0        -
1237   4.835e-07       5e-10 out 1607   60 1607     2     3      0  1246        0        -
1245   4.875e-07       5e-10 out 1615   60 1615     2     3      0  1246        0        -
1256    4.93e-07       5e-10 out 1626   60 1626     2     3      0  1246        0        -
1264    4.97e-07       5e-10 out 1634   60 1634     2     3      0  1246        0        -
1270       5e-07       5e-10 out 1640   60 1640     2     3      0  1246        0        -
---------- 当前进度: 100 % - 
求解时间：1 s。
物理内存: 1.2 GB
虚拟内存: 1.24 GB
结束时间：2026年9月4日 10:23:33。
----- Study 2 - Single_Muon_Diagnostic/解 2 (sol2) 中的“瞬态求解器 1” ----------------->
           当前进度:   0 % - 
-          当前进度:  12 % - 正在计算
--         当前进度:  23 % - 正在计算
---        当前进度:  33 % - 正在计算
---        当前进度:  39 % - 正在计算
----       当前进度:  46 % - 正在计算
-----      当前进度:  55 % - 正在计算
------     当前进度:  65 % - 正在计算
-------    当前进度:  75 % - 正在计算
--------   当前进度:  84 % - 正在计算
---------  当前进度:  95 % - 正在计算
---------- 当前进度: 100 % - 正在计算
           当前进度:   0 % - 
---        当前进度:  34 % - 正在计算
---------  当前进度:  95 % - 正在计算
Memory: 1206/1504 1238/1951
SHORT_GAP_CASE_COMPLETE=shortgap_25mm_f0p05_V12_5kV
SHORT_GAP_CASE_START=shortgap_25mm_f0p10_V12_1kV
           当前进度:   0 % - Study 1 - 3D Electrostatics stationary
Memory: 1264/1504 1911/1951
           当前进度:   3 % - Study 1 - 3D Electrostatics stationary
Memory: 1398/1504 1911/1951
<---- Study 1 - 3D Electrostatics stationary/解 1 (sol1) 中的“编译方程: 稳态” -----------
开始于 2026年9月4日 10:23:36。
几何形函数: 二次拉格朗日单元
几何形函数: 二次拉格朗日单元
在 Intel64 Family 6 Model 186 Stepping 2, GenuineIntel 上运行。
在以下位置使用 1 个插槽： 陈红星 上（共 1 个内核）。
可用内存：15.90 GB。
           当前进度:   3 % - 编译方程: 稳态
Memory: 1580/1580 1911/1951
           当前进度:   6 % - 编译方程: 稳态
Memory: 1645/1650 1932/1951
           当前进度:   7 % - 编译方程: 稳态
Memory: 1641/1650 1928/1951
时间：1。
物理内存: 1.73 GB
虚拟内存: 1.93 GB
Warning: 自由空间采用真空条件，这会导致某些材料属性被忽略。请考虑为忽略的材料添加合适的物理场特征。

  - 节点: 自由空间 1

  - 物理场: Electrostatics: four finite-thickness rounded ring electrodes (es)

  - Materials: Natural Neon gas, representative relative permittivity (mat_gas), Representative alumina ceramic; epsilon_r=9.4 assumption (mat_diel)

  - Quantities: 相对介电常数, 相对介电常数
结束时间：2026年9月4日 10:23:37。
----- Study 1 - 3D Electrostatics stationary/解 1 (sol1) 中的“编译方程: 稳态” ---------->
<---- Study 1 - 3D Electrostatics stationary/解 1 (sol1) 中的“因变量 1” --------------
开始于 2026年9月4日 10:23:37。
           当前进度:   7 % - 因变量 1
Memory: 1733/1735 1929/1951
求解时间：0 s。
物理内存: 1.74 GB
虚拟内存: 1.93 GB
结束时间：2026年9月4日 10:23:38。
----- Study 1 - 3D Electrostatics stationary/解 1 (sol1) 中的“因变量 1” ------------->
<---- Study 1 - 3D Electrostatics stationary/解 1 (sol1) 中的“稳态求解器 1” ------------
开始于 2026年9月4日 10:23:39。
线性求解器 
求解的自由度数：103560。
--         当前进度:  24 % - 组装稀疏模式
Memory: 1245/1744 1279/1951
---        当前进度:  31 % - 组装矩阵
Memory: 1251/1744 1286/1951
---        当前进度:  38 % - 
Memory: 1263/1744 1299/1951
找到对称矩阵。
缩放因变量：
电势 (comp1.V): 1
已使用正交零空间函数。
---        当前进度:  38 % - 组装延展
Memory: 1255/1744 1291/1951
-----      当前进度:  56 % - 组装矩阵
Memory: 1251/1744 1287/1951
Iter      SolEst     Damping    Stepsize #Res #Jac #Sol LinIt   LinErr   LinRes
---------  当前进度:  90 % - 求解线性方程组
Memory: 1262/1744 1304/1951
   1        0.79   1.0000000        0.79    1    1    1     4  2.9e-05  5.4e-08
---------- 当前进度: 100 % - 
Memory: 1247/1744 1283/1951
求解时间：3 s。
物理内存: 1.74 GB
虚拟内存: 1.93 GB
结束时间：2026年9月4日 10:23:42。
----- Study 1 - 3D Electrostatics stationary/解 1 (sol1) 中的“稳态求解器 1” ----------->
           当前进度:   0 % - Study 2 - Single_Muon_Diagnostic
Memory: 1207/1744 1239/1951
           当前进度:   3 % - Study 2 - Single_Muon_Diagnostic
<---- Study 2 - Single_Muon_Diagnostic/解 2 (sol2) 中的“编译方程: 瞬态” -----------------
开始于 2026年9月4日 10:23:42。
几何形函数: 二次拉格朗日单元
几何形函数: 二次拉格朗日单元
在 Intel64 Family 6 Model 186 Stepping 2, GenuineIntel 上运行。
在以下位置使用 1 个插槽： 陈红星 上（共 1 个内核）。
可用内存：15.90 GB。
           当前进度:   3 % - 生成方程
           当前进度:   5 % - 编译方程: 瞬态
Memory: 1212/1744 1245/1951
时间：1。
物理内存: 1.21 GB
虚拟内存: 1.25 GB
Warning: 自由空间采用真空条件，这会导致某些材料属性被忽略。请考虑为忽略的材料添加合适的物理场特征。

  - 节点: 自由空间 1

  - 物理场: Electrostatics: four finite-thickness rounded ring electrodes (es)

  - Materials: Natural Neon gas, representative relative permittivity (mat_gas), Representative alumina ceramic; epsilon_r=9.4 assumption (mat_diel)

  - Quantities: 相对介电常数, 相对介电常数
结束时间：2026年9月4日 10:23:43。
----- Study 2 - Single_Muon_Diagnostic/解 2 (sol2) 中的“编译方程: 瞬态” ---------------->
<---- Study 2 - Single_Muon_Diagnostic/解 2 (sol2) 中的“因变量 1” --------------------
开始于 2026年9月4日 10:23:43。
不求解变量的值: 解 1 (sol1).
           当前进度:   5 % - 因变量 1
Memory: 1208/1744 1240/1951
求解时间：0 s。
物理内存: 1.21 GB
虚拟内存: 1.25 GB
结束时间：2026年9月4日 10:23:44。
----- Study 2 - Single_Muon_Diagnostic/解 2 (sol2) 中的“因变量 1” ------------------->
<---- Study 2 - Single_Muon_Diagnostic/解 2 (sol2) 中的“瞬态求解器 1” ------------------
开始于 2026年9月4日 10:23:45。
瞬态求解器（广义 α）
求解的自由度数：3（加上 4 个内部自由度）。
找到非对称矩阵。
缩放因变量：
颗粒位置 (comp1.qcpt): 1
Step        Time    Stepsize      Res  Jac  Sol Order Tfail NLfail LinIt   LinErr   LinRes
   0           0           - out    2    3    2                  0     0        0        0
   1    6.25e-11    6.25e-11       10    7   10     2     3      0    19  4.8e-08        -
   8       5e-10    6.25e-11 out   24    7   24     2     3      0    44  2.2e-10        -
  12  7.4375e-10   5.625e-11       36    8   36     2     3      0    67  1.2e-07        -
  16  9.5625e-10   4.375e-11       48   10   48     2     3      0    88  4.2e-08        -
  22  1.2187e-09   4.375e-11       60   11   60     2     3      0   106  9.2e-07        -
  28  1.4687e-09   3.125e-11       76   12   76     2     3      0   137  7.5e-09        -
  33   1.625e-09   3.125e-11       86   13   86     2     3      0   152  1.2e-07        -
  39  1.8438e-09    6.25e-11       98   14   98     2     3      0   170  2.3e-07        -
  42       2e-09       5e-11 out  108   16  108     2     3      0   187    4e-07        -
  49    2.35e-09       5e-11      122   16  122     2     3      0   214  1.8e-10        -
  56     2.7e-09       5e-11      136   16  136     2     3      0   242  2.4e-10        -
  63    3.05e-09       5e-11      150   16  150     2     3      0   270  3.1e-10        -
  67    3.24e-09     4.5e-11      162   18  162     2     3      0   292  2.7e-08        -
  71   3.411e-09    4.05e-11      174   20  174     2     3      0   312  1.5e-08        -
  77  3.5728e-09   2.425e-11      186   21  186     2     3      0   330  1.7e-08        -
  83  3.8153e-09    4.85e-11      198   22  198     2     3      0   348  4.1e-07        -
  88  4.0439e-09  4.3875e-11      214   22  214     2     3      0   378  2.1e-09        -
  92  4.2194e-09  4.3875e-11      230   22  230     2     3      0   410  2.1e-09        -
  96  4.3949e-09  4.3875e-11      246   22  246     2     3      0   442  2.2e-09        -
 100  4.5613e-09   6.125e-11      256   24  256     2     3      0   459  1.3e-07        -
 102  4.6838e-09   6.125e-11      260   24  260     2     3      0   466  5.7e-10        -
 107  4.9644e-09  3.5625e-11      270   25  270     2     3      0   485  9.7e-09        -
 113  5.1781e-09  3.5625e-11      282   25  282     2     3      0   503  2.5e-07        -
 117  5.3206e-09  3.5625e-11      290   25  290     2     3      0   515  4.1e-07        -
 123     5.5e-09  1.8438e-11 out  302   26  302     2     3      0   533  1.8e-09        -
 127  5.6475e-09  3.6875e-11      310   27  310     2     3      0   545  1.5e-07        -
 133  5.8688e-09  3.6875e-11      322   27  322     2     3      0   563  4.4e-07        -
 137       6e-09   2.875e-11 out  334   29  334     2     3      0   583  3.6e-09        -
 142  6.2875e-09    5.75e-11      344   30  344     2     3      0   601  5.3e-10        -
 144   6.391e-09   5.175e-11      352   32  352     2     3      0   615  8.2e-08        -
           当前进度:   8 % - 正在组装残差
Memory: 1209/1744 1241/1951
 149  6.5573e-09  2.8625e-11      362   33  362     2     3      0   630  6.3e-08        -
 154  6.7004e-09  2.8625e-11      372   33  372     2     3      0   645  1.7e-07        -
 161  6.9008e-09  2.8625e-11      386   33  386     2     3      0   666  3.5e-07        -
 165       7e-09  2.0998e-11 out  398   35  398     2     3      0   686  1.7e-09        -
 169   7.168e-09  4.1997e-11      406   36  406     2     3      0   698    8e-07        -
 176    7.46e-09  4.0017e-11      421   36  421     2     3      0   728  6.3e-10        -
 181  7.6601e-09  4.0017e-11      436   36  436     2     3      0   758  6.1e-10        -
 186  7.8602e-09  4.0017e-11      451   36  451     2     3      0   788  6.2e-10        -
 189  7.9701e-09  2.9905e-11      463   37  463     2     3      0   811  1.2e-08        -
 195  8.1495e-09  2.9905e-11      475   38  475     2     3      0   829  2.1e-07        -
 201   8.329e-09  2.9905e-11      487   38  487     2     3      0   847    4e-07        -
 206  8.4743e-09  2.5709e-11      501   39  501     2     3      0   870  3.8e-09        -
 210  8.6285e-09  5.1418e-11      509   41  509     2     3      0   882  5.5e-07        -
 216  8.9371e-09  5.1418e-11      521   41  521     2     3      0   905  4.9e-10        -
 220  9.1196e-09  5.6652e-11      533   44  533     2     3      0   925  1.7e-07        -
 226  9.4514e-09  4.8572e-11      549   46  549     2     3      0   954  7.9e-08        -
 232  9.7429e-09  4.8572e-11      561   47  561     2     3      0   975  3.1e-10        -
 238       1e-08  3.1426e-11 out  573   48  573     2     3      0   997  3.7e-08        -
 245   1.022e-08  3.1426e-11      587   48  587     2     3      0  1018  2.4e-07        -
 252   1.044e-08  3.1426e-11      601   48  601     2     3      0  1039  4.3e-07        -
 257   1.059e-08   3.002e-11      616   48  616     2     3      0  1069  2.4e-10        -
 262   1.074e-08   3.002e-11      631   48  631     2     3      0  1099  2.5e-10        -
 268   1.092e-08   3.002e-11      646   48  646     2     3      0  1129  2.7e-09        -
 271     1.1e-08  2.4852e-11 out  656   50  656     2     3      0  1147  1.3e-09        -
 277  1.1298e-08  4.9705e-11      668   51  668     2     3      0  1165  8.4e-07        -
 283  1.1553e-08  5.2658e-11      680   53  680     2     3      0  1186  5.3e-08        -
 290  1.1921e-08  5.2658e-11      694   53  694     2     3      0  1210  7.6e-10        -
 293  1.2039e-08  3.9367e-11      704   55  704     2     3      0  1227  7.4e-08        -
 300  1.2354e-08  7.8734e-11      718   56  718     2     3      0  1248  5.1e-07        -
 303    1.25e-08  3.9045e-11 out  728   58  728     2     3      0  1265  8.1e-08        -
 306  1.2712e-08  6.6982e-11      738   61  738     2     3      0  1282  2.4e-07        -
 309  1.2893e-08  6.0284e-11      748   63  748     2     3      0  1299    7e-07        -
 312  1.3054e-08  5.3548e-11      758   65  758     2     3      0  1316  4.1e-07        -
 319  1.3428e-08  5.3548e-11      772   65  772     2     3      0  1343    1e-09        -
 322  1.3536e-08  3.5807e-11      782   67  782     2     3      0  1360  6.1e-08        -
 329  1.3786e-08  3.5807e-11      796   67  796     2     3      0  1381  4.3e-07        -
 336  1.4035e-08  3.5159e-11      810   67  810     2     3      0  1405  8.1e-10        -
 343  1.4281e-08  3.5159e-11      824   67  824     2     3      0  1433  6.6e-10        -
 349  1.4479e-08  2.1467e-11      836   68  836     2     3      0  1456  1.9e-09        -
 354  1.4672e-08  4.2934e-11      846   69  846     2     3      0  1471  8.4e-07        -
 361  1.4965e-08  3.5331e-11      864   70  864     2     3      0  1506  2.5e-08        -
 367  1.5177e-08  3.5331e-11      876   71  876     2     3      0  1524  5.1e-07        -
 374  1.5424e-08  3.5331e-11      890   71  890     2     3      0  1546  1.4e-10        -
 379  1.5581e-08  4.0691e-11      900   73  900     2     3      0  1562  2.2e-07        -
 386  1.5866e-08  4.0691e-11      914   73  914     2     3      0  1585  2.4e-10        -
 391  1.6052e-08  5.2403e-11      924   75  924     2     3      0  1602  1.3e-07        -
 398  1.6419e-08  5.2403e-11      938   75  938     2     3      0  1629  9.6e-10        -
 401   1.654e-08  4.0389e-11      948   77  948     2     3      0  1646  1.7e-07        -
-          当前进度:  10 % - 正在组装残差
 407  1.6783e-08  4.0389e-11      960   77  960     2     3      0  1664  9.4e-07        -
 412  1.6972e-08  2.7859e-11      974   78  974     2     3      0  1691  5.4e-09        -
 417  1.7223e-08  5.5717e-11      984   80  984     2     3      0  1708  7.3e-10        -
 424   1.761e-08  5.4989e-11      998   80  998     2     3      0  1736  1.8e-09        -
 429  1.7879e-08   4.949e-11     1012   81 1012     2     3      0  1763  5.3e-08        -
 431  1.7964e-08  3.5544e-11     1020   83 1020     2     3      0  1777  9.4e-09        -
 437  1.8178e-08  3.5544e-11     1032   84 1032     2     3      0  1795  1.8e-07        -
 444  1.8427e-08  3.5544e-11     1046   84 1046     2     3      0  1816  4.1e-07        -
 448  1.8538e-08   3.793e-11     1054   86 1054     2     3      0  1828  1.1e-08        -
 455  1.8803e-08   3.793e-11     1068   86 1068     2     3      0  1849  3.1e-07        -
 461     1.9e-08  2.2422e-11 out 1080   87 1080     2     3      0  1867  4.3e-09        -
 467  1.9269e-08  4.4844e-11     1092   88 1092     2     3      0  1885  5.9e-07        -
 473    1.95e-08   2.578e-11 out 1104   89 1104     2     3      0  1904    1e-08        -
 479  1.9809e-08   5.156e-11     1116   90 1116     2     3      0  1924  8.2e-10        -
 483       2e-08  4.3759e-11 out 1128   92 1128     2     3      0  1946  3.2e-08        -
 490  2.0306e-08  4.3759e-11     1142   92 1142     2     3      0  1967  9.4e-07        -
 494  2.0469e-08  3.1206e-11     1154   93 1154     2     3      0  1990  5.8e-09        -
 498  2.0687e-08  6.2412e-11     1162   95 1162     2     3      0  2003  1.1e-09        -
 504     2.1e-08  3.1557e-11 out 1174   96 1174     2     3      0  2025  3.5e-08        -
 510  2.1379e-08  6.3114e-11     1186   97 1186     2     3      0  2048  2.7e-09        -
 515  2.1682e-08  6.0658e-11     1201   97 1201     2     3      0  2078  1.3e-09        -
 520  2.1962e-08  3.7696e-11     1215   98 1215     2     3      0  2105  2.8e-08        -
 527  2.2226e-08  3.7696e-11     1229   98 1229     2     3      0  2126  8.2e-07        -
 534  2.2476e-08  2.3826e-11     1243   99 1243     2     3      0  2152  2.9e-09        -
 540  2.2738e-08  4.7653e-11     1255  100 1255     2     3      0  2172  4.3e-10        -
 545  2.2964e-08  3.5563e-11     1269  101 1269     2     3      0  2199    2e-08        -
 551  2.3178e-08  3.5563e-11     1281  102 1281     2     3      0  2217  3.8e-07        -
 558  2.3427e-08  3.5563e-11     1295  102 1295     2     3      0  2238  7.8e-07        -
 563  2.3575e-08  3.7684e-11     1305  104 1305     2     3      0  2253  1.2e-07        -
 570  2.3839e-08  3.7684e-11     1319  104 1319     2     3      0  2274  6.9e-07        -
 576  2.4048e-08  4.7788e-11     1331  106 1331     2     3      0  2292  8.7e-08        -
 583  2.4382e-08  4.7788e-11     1345  106 1345     2     3      0  2318  8.1e-10        -
 586    2.45e-08  3.4953e-11 out 1355  108 1355     2     3      0  2336  1.7e-08        -
 589  2.4668e-08  6.2915e-11     1365  110 1365     2     3      0  2353    3e-07        -
 593  2.4913e-08  5.6624e-11     1377  112 1377     2     3      0  2375  1.4e-07        -
 599  2.5174e-08  4.3428e-11     1389  113 1389     2     3      0  2393  6.9e-07        -
 606  2.5467e-08  3.2861e-11     1407  114 1407     2     3      0  2426  5.9e-09        -
 612  2.5664e-08  3.2861e-11     1419  115 1419     2     3      0  2444  1.2e-07        -
 618  2.5861e-08  3.2861e-11     1431  115 1431     2     3      0  2462  2.5e-07        -
 623     2.6e-08   1.997e-11 out 1441  116 1441     2     3      0  2477  2.1e-09        -
 628    2.62e-08   3.994e-11     1451  117 1451     2     3      0  2492  2.3e-07        -
 632  2.6359e-08   3.994e-11     1459  117 1459     2     3      0  2504  4.4e-07        -
 635   2.647e-08   3.033e-11     1469  118 1469     2     3      0  2521  3.6e-09        -
 640  2.6743e-08  6.0659e-11     1479  120 1479     2     3      0  2538  1.5e-09        -
 644  2.6962e-08  3.7692e-11     1487  121 1487     2     3      0  2553  1.3e-08        -
 648  2.7226e-08  7.5384e-11     1495  122 1495     2     3      0  2567    4e-09        -
 652    2.75e-08   6.154e-11 out 1507  124 1507     2     3      0  2589  1.7e-07        -
 659  2.7931e-08   6.154e-11     1521  124 1521     2     3      0  2616    4e-09        -
-          当前进度:  12 % - 正在组装残差
 663  2.8138e-08  6.9219e-11     1529  126 1529     2     3      0  2629  1.4e-09        -
 669    2.85e-08  4.2342e-11 out 1541  127 1541     2     3      0  2651  1.3e-07        -
 676  2.8796e-08  4.2342e-11     1555  127 1555     2     3      0  2672  9.6e-07        -
 681     2.9e-08  3.8292e-11 out 1569  127 1569     2     3      0  2700  1.1e-09        -
 684  2.9179e-08  6.4292e-11     1581  129 1581     2     3      0  2724  2.8e-07        -
 687  2.9359e-08  5.7862e-11     1591  132 1591     2     3      0  2741  1.7e-07        -
 690    2.95e-08  4.1477e-11 out 1601  134 1601     2     3      0  2758  3.3e-08        -
 697   2.979e-08  4.1477e-11     1615  134 1615     2     3      0  2779    9e-07        -
 703       3e-08  2.1877e-11 out 1627  135 1627     2     3      0  2801  6.5e-09        -
 709  3.0263e-08  4.3754e-11     1639  136 1639     2     3      0  2819  8.4e-07        -
 714  3.0469e-08  3.1228e-11     1653  137 1653     2     3      0  2845    8e-09        -
 719  3.0719e-08  6.2456e-11     1663  139 1663     2     3      0  2862  1.1e-09        -
 723  3.0953e-08  4.7018e-11     1675  140 1675     2     3      0  2885  7.2e-08        -
 728  3.1188e-08  4.7018e-11     1685  141 1685     2     3      0  2901  4.2e-10        -
 734  3.1671e-08  1.7088e-10     1694  143 1694     2     3      0  2913        0        -
 742    3.55e-08       5e-10 out 1702  145 1702     2     3      0  2913        0        -
 754    4.15e-08       5e-10 out 1714  145 1714     2     3      0  2913        0        -
 766    4.75e-08       5e-10 out 1726  145 1726     2     3      0  2913        0        -
 776    5.25e-08       5e-10 out 1736  145 1736     2     3      0  2913        0        -
 787     5.8e-08       5e-10 out 1747  145 1747     2     3      0  2913        0        -
 799     6.4e-08       5e-10 out 1759  145 1759     2     3      0  2913        0        -
 810    6.95e-08       5e-10 out 1770  145 1770     2     3      0  2913        0        -
 822    7.55e-08       5e-10 out 1782  145 1782     2     3      0  2913        0        -
 834    8.15e-08       5e-10 out 1794  145 1794     2     3      0  2913        0        -
 846    8.75e-08       5e-10 out 1806  145 1806     2     3      0  2913        0        -
 858    9.35e-08       5e-10 out 1818  145 1818     2     3      0  2913        0        -
 870    9.95e-08       5e-10 out 1830  145 1830     2     3      0  2913        0        -
 881    1.05e-07       5e-10 out 1841  145 1841     2     3      0  2913        0        -
 892   1.105e-07       5e-10 out 1852  145 1852     2     3      0  2913        0        -
 904   1.165e-07       5e-10 out 1864  145 1864     2     3      0  2913        0        -
 915    1.22e-07       5e-10 out 1875  145 1875     2     3      0  2913        0        -
 925    1.27e-07       5e-10 out 1885  145 1885     2     3      0  2913        0        -
 936   1.325e-07       5e-10 out 1896  145 1896     2     3      0  2913        0        -
 947    1.38e-07       5e-10 out 1907  145 1907     2     3      0  2913        0        -
 958   1.435e-07       5e-10 out 1918  145 1918     2     3      0  2913        0        -
 969    1.49e-07       5e-10 out 1929  145 1929     2     3      0  2913        0        -
 981    1.55e-07       5e-10 out 1941  145 1941     2     3      0  2913        0        -
 993    1.61e-07       5e-10 out 1953  145 1953     2     3      0  2913        0        -
1005    1.67e-07       5e-10 out 1965  145 1965     2     3      0  2913        0        -
1016   1.725e-07       5e-10 out 1976  145 1976     2     3      0  2913        0        -
1028   1.785e-07       5e-10 out 1988  145 1988     2     3      0  2913        0        -
1040   1.845e-07       5e-10 out 2000  145 2000     2     3      0  2913        0        -
1048   1.885e-07       5e-10 out 2008  145 2008     2     3      0  2913        0        -
1055    1.92e-07       5e-10 out 2015  145 2015     2     3      0  2913        0        -
1066   1.975e-07       5e-10 out 2026  145 2026     2     3      0  2913        0        -
1077    2.03e-07       5e-10 out 2037  145 2037     2     3      0  2913        0        -
1088   2.085e-07       5e-10 out 2048  145 2048     2     3      0  2913        0        -
1100   2.145e-07       5e-10 out 2060  145 2060     2     3      0  2913        0        -
1112   2.205e-07       5e-10 out 2072  145 2072     2     3      0  2913        0        -
1124   2.265e-07       5e-10 out 2084  145 2084     2     3      0  2913        0        -
1136   2.325e-07       5e-10 out 2096  145 2096     2     3      0  2913        0        -
1148   2.385e-07       5e-10 out 2108  145 2108     2     3      0  2913        0        -
-----      当前进度:  51 % - 
1158   2.435e-07       5e-10 out 2118  145 2118     2     3      0  2913        0        -
1168   2.485e-07       5e-10 out 2128  145 2128     2     3      0  2913        0        -
1180   2.545e-07       5e-10 out 2140  145 2140     2     3      0  2913        0        -
1192   2.605e-07       5e-10 out 2152  145 2152     2     3      0  2913        0        -
1204   2.665e-07       5e-10 out 2164  145 2164     2     3      0  2913        0        -
1216   2.725e-07       5e-10 out 2176  145 2176     2     3      0  2913        0        -
1228   2.785e-07       5e-10 out 2188  145 2188     2     3      0  2913        0        -
1240   2.845e-07       5e-10 out 2200  145 2200     2     3      0  2913        0        -
1251     2.9e-07       5e-10 out 2211  145 2211     2     3      0  2913        0        -
1263    2.96e-07       5e-10 out 2223  145 2223     2     3      0  2913        0        -
1275    3.02e-07       5e-10 out 2235  145 2235     2     3      0  2913        0        -
1287    3.08e-07       5e-10 out 2247  145 2247     2     3      0  2913        0        -
1299    3.14e-07       5e-10 out 2259  145 2259     2     3      0  2913        0        -
1311     3.2e-07       5e-10 out 2271  145 2271     2     3      0  2913        0        -
1323    3.26e-07       5e-10 out 2283  145 2283     2     3      0  2913        0        -
1335    3.32e-07       5e-10 out 2295  145 2295     2     3      0  2913        0        -
1346   3.375e-07       5e-10 out 2306  145 2306     2     3      0  2913        0        -
1356   3.425e-07       5e-10 out 2316  145 2316     2     3      0  2913        0        -
1367    3.48e-07       5e-10 out 2327  145 2327     2     3      0  2913        0        -
1379    3.54e-07       5e-10 out 2339  145 2339     2     3      0  2913        0        -
1390   3.595e-07       5e-10 out 2350  145 2350     2     3      0  2913        0        -
1402   3.655e-07       5e-10 out 2362  145 2362     2     3      0  2913        0        -
1413    3.71e-07       5e-10 out 2373  145 2373     2     3      0  2913        0        -
1424   3.765e-07       5e-10 out 2384  145 2384     2     3      0  2913        0        -
1436   3.825e-07       5e-10 out 2396  145 2396     2     3      0  2913        0        -
1447    3.88e-07       5e-10 out 2407  145 2407     2     3      0  2913        0        -
1458   3.935e-07       5e-10 out 2418  145 2418     2     3      0  2913        0        -
1469    3.99e-07       5e-10 out 2429  145 2429     2     3      0  2913        0        -
1480   4.045e-07       5e-10 out 2440  145 2440     2     3      0  2913        0        -
1491     4.1e-07       5e-10 out 2451  145 2451     2     3      0  2913        0        -
1502   4.155e-07       5e-10 out 2462  145 2462     2     3      0  2913        0        -
1512   4.205e-07       5e-10 out 2472  145 2472     2     3      0  2913        0        -
1522   4.255e-07       5e-10 out 2482  145 2482     2     3      0  2913        0        -
1533    4.31e-07       5e-10 out 2493  145 2493     2     3      0  2913        0        -
1543    4.36e-07       5e-10 out 2503  145 2503     2     3      0  2913        0        -
1553    4.41e-07       5e-10 out 2513  145 2513     2     3      0  2913        0        -
1564   4.465e-07       5e-10 out 2524  145 2524     2     3      0  2913        0        -
1574   4.515e-07       5e-10 out 2534  145 2534     2     3      0  2913        0        -
1585    4.57e-07       5e-10 out 2545  145 2545     2     3      0  2913        0        -
1596   4.625e-07       5e-10 out 2556  145 2556     2     3      0  2913        0        -
1607    4.68e-07       5e-10 out 2567  145 2567     2     3      0  2913        0        -
1618   4.735e-07       5e-10 out 2578  145 2578     2     3      0  2913        0        -
1629    4.79e-07       5e-10 out 2589  145 2589     2     3      0  2913        0        -
1640   4.845e-07       5e-10 out 2600  145 2600     2     3      0  2913        0        -
1651     4.9e-07       5e-10 out 2611  145 2611     2     3      0  2913        0        -
1661    4.95e-07       5e-10 out 2621  145 2621     2     3      0  2913        0        -
1671       5e-07       5e-10 out 2631  145 2631     2     3      0  2913        0        -
---------- 当前进度: 100 % - 
求解时间：2 s。
物理内存: 1.21 GB
虚拟内存: 1.24 GB
结束时间：2026年9月4日 10:23:46。
----- Study 2 - Single_Muon_Diagnostic/解 2 (sol2) 中的“瞬态求解器 1” ----------------->
           当前进度:   0 % - 
-          当前进度:  13 % - 正在计算
--         当前进度:  23 % - 正在计算
Memory: 1211/1744 1243/1951
---        当前进度:  33 % - 正在计算
Memory: 1209/1744 1241/1951
----       当前进度:  42 % - 正在计算
-----      当前进度:  52 % - 正在计算
------     当前进度:  63 % - 正在计算
-------    当前进度:  73 % - 正在计算
--------   当前进度:  84 % - 正在计算
---------  当前进度:  94 % - 正在计算
---------- 当前进度: 100 % - 正在计算
           当前进度:   0 % - 
---        当前进度:  34 % - 正在计算
---------  当前进度:  95 % - 正在计算
SHORT_GAP_CASE_COMPLETE=shortgap_25mm_f0p10_V12_1kV
SHORT_GAP_CASE_START=shortgap_25mm_f0p10_V12_3kV
           当前进度:   0 % - Study 1 - 3D Electrostatics stationary
           当前进度:   3 % - Study 1 - 3D Electrostatics stationary
<---- Study 1 - 3D Electrostatics stationary/解 1 (sol1) 中的“编译方程: 稳态” -----------
开始于 2026年9月4日 10:23:50。
几何形函数: 二次拉格朗日单元
几何形函数: 二次拉格朗日单元
在 Intel64 Family 6 Model 186 Stepping 2, GenuineIntel 上运行。
在以下位置使用 1 个插槽： 陈红星 上（共 1 个内核）。
可用内存：15.90 GB。
           当前进度:   3 % - 编译方程: 稳态
           当前进度:   6 % - 编译方程: 稳态
Memory: 1226/1744 1260/1951
           当前进度:   7 % - 编译方程: 稳态
Memory: 1225/1744 1259/1951
时间：1。
物理内存: 1.28 GB
虚拟内存: 1.93 GB
Warning: 自由空间采用真空条件，这会导致某些材料属性被忽略。请考虑为忽略的材料添加合适的物理场特征。

  - 节点: 自由空间 1

  - 物理场: Electrostatics: four finite-thickness rounded ring electrodes (es)

  - Materials: Natural Neon gas, representative relative permittivity (mat_gas), Representative alumina ceramic; epsilon_r=9.4 assumption (mat_diel)

  - Quantities: 相对介电常数, 相对介电常数
结束时间：2026年9月4日 10:23:51。
----- Study 1 - 3D Electrostatics stationary/解 1 (sol1) 中的“编译方程: 稳态” ---------->
<---- Study 1 - 3D Electrostatics stationary/解 1 (sol1) 中的“因变量 1” --------------
开始于 2026年9月4日 10:23:51。
           当前进度:   7 % - 因变量 1
Memory: 1285/1744 1934/1951
求解时间：0 s。
物理内存: 1.28 GB
虚拟内存: 1.93 GB
结束时间：2026年9月4日 10:23:51。
----- Study 1 - 3D Electrostatics stationary/解 1 (sol1) 中的“因变量 1” ------------->
<---- Study 1 - 3D Electrostatics stationary/解 1 (sol1) 中的“稳态求解器 1” ------------
开始于 2026年9月4日 10:23:52。
线性求解器 
求解的自由度数：103560。
--         当前进度:  24 % - 组装稀疏模式
Memory: 1233/1744 1273/1951
---        当前进度:  38 % - 组装矩阵
Memory: 1252/1744 1290/1951
找到对称矩阵。
缩放因变量：
电势 (comp1.V): 1
已使用正交零空间函数。
---        当前进度:  38 % - 组装延展
Memory: 1244/1744 1283/1951
-----      当前进度:  56 % - 组装稀疏模式
Memory: 1236/1744 1275/1951
Iter      SolEst     Damping    Stepsize #Res #Jac #Sol LinIt   LinErr   LinRes
--------   当前进度:  82 % - 求解线性方程组
Memory: 1250/1744 1294/1951
   1        0.79   1.0000000        0.79    1    1    1     4  2.9e-05  5.3e-08
---------- 当前进度: 100 % - 
Memory: 1238/1744 1277/1951
求解时间：3 s。
物理内存: 1.3 GB
虚拟内存: 1.94 GB
结束时间：2026年9月4日 10:23:54。
----- Study 1 - 3D Electrostatics stationary/解 1 (sol1) 中的“稳态求解器 1” ----------->
           当前进度:   0 % - Study 2 - Single_Muon_Diagnostic
Memory: 1209/1744 1244/1951
           当前进度:   3 % - Study 2 - Single_Muon_Diagnostic
Memory: 1210/1744 1246/1951
<---- Study 2 - Single_Muon_Diagnostic/解 2 (sol2) 中的“编译方程: 瞬态” -----------------
开始于 2026年9月4日 10:23:55。
几何形函数: 二次拉格朗日单元
几何形函数: 二次拉格朗日单元
在 Intel64 Family 6 Model 186 Stepping 2, GenuineIntel 上运行。
在以下位置使用 1 个插槽： 陈红星 上（共 1 个内核）。
可用内存：15.90 GB。
           当前进度:   3 % - 编译方程: 瞬态
Memory: 1214/1744 1248/1951
           当前进度:   4 % - 编译方程: 瞬态
Memory: 1217/1744 1251/1951
           当前进度:   5 % - 编译方程: 瞬态
Memory: 1213/1744 1247/1951
时间：1。
物理内存: 1.22 GB
虚拟内存: 1.25 GB
Warning: 自由空间采用真空条件，这会导致某些材料属性被忽略。请考虑为忽略的材料添加合适的物理场特征。

  - 节点: 自由空间 1

  - 物理场: Electrostatics: four finite-thickness rounded ring electrodes (es)

  - Materials: Natural Neon gas, representative relative permittivity (mat_gas), Representative alumina ceramic; epsilon_r=9.4 assumption (mat_diel)

  - Quantities: 相对介电常数, 相对介电常数
结束时间：2026年9月4日 10:23:56。
----- Study 2 - Single_Muon_Diagnostic/解 2 (sol2) 中的“编译方程: 瞬态” ---------------->
<---- Study 2 - Single_Muon_Diagnostic/解 2 (sol2) 中的“因变量 1” --------------------
开始于 2026年9月4日 10:23:56。
不求解变量的值: 解 1 (sol1).
           当前进度:   5 % - 因变量 1
Memory: 1216/1744 1250/1951
求解时间：0 s。
物理内存: 1.22 GB
虚拟内存: 1.25 GB
结束时间：2026年9月4日 10:23:56。
----- Study 2 - Single_Muon_Diagnostic/解 2 (sol2) 中的“因变量 1” ------------------->
<---- Study 2 - Single_Muon_Diagnostic/解 2 (sol2) 中的“瞬态求解器 1” ------------------
开始于 2026年9月4日 10:23:57。
瞬态求解器（广义 α）
求解的自由度数：3（加上 4 个内部自由度）。
找到非对称矩阵。
缩放因变量：
颗粒位置 (comp1.qcpt): 1
Step        Time    Stepsize      Res  Jac  Sol Order Tfail NLfail LinIt   LinErr   LinRes
   0           0           - out    2    3    2                  0     0        0        0
   1    6.25e-11    6.25e-11       10    7   10     2     3      0    19  4.8e-08        -
   8       5e-10    6.25e-11 out   24    7   24     2     3      0    44  6.6e-10        -
  12  7.4375e-10   5.625e-11       36    8   36     2     3      0    71  1.2e-07        -
  16  9.5625e-10   4.375e-11       48   10   48     2     3      0    92  4.2e-08        -
  21   1.175e-09   4.375e-11       58   11   58     2     3      0   107  7.5e-07        -
  27  1.4375e-09   4.375e-11       70   11   70     2     3      0   130  1.9e-10        -
  30  1.5313e-09   3.125e-11       80   13   80     2     3      0   147  3.7e-08        -
  35  1.7188e-09    6.25e-11       90   14   90     2     3      0   163  2.4e-07        -
  37  1.8313e-09   5.625e-11       98   16   98     2     3      0   180  1.4e-07        -
  39  1.9438e-09   5.625e-11      102   16  102     2     3      0   189  1.2e-10        -
  45  2.2812e-09   5.625e-11      114   16  114     2     3      0   219  3.5e-10        -
  49     2.5e-09  5.3125e-11 out  126   16  126     2     3      0   247  2.2e-09        -
  53  2.7125e-09  5.3125e-11      142   16  142     2     3      0   283  2.2e-09        -
  57   2.925e-09  5.3125e-11      158   16  158     2     3      0   319  2.1e-09        -
  63    3.15e-09    3.75e-11      170   17  170     2     3      0   337  2.5e-07        -
  70  3.4125e-09    3.75e-11      184   17  184     2     3      0   358  5.6e-07        -
  73     3.5e-09     2.5e-11 out  194   19  194     2     3      0   375  1.4e-09        -
  79   3.695e-09     4.5e-11      208   20  208     2     3      0   398  8.6e-09        -
  83   3.875e-09     4.5e-11      224   20  224     2     3      0   430  8.8e-09        -
  85    3.96e-09       4e-11      232   22  232     2     3      0   444  1.4e-08        -
  92    4.24e-09       4e-11      246   22  246     2     3      0   465  3.8e-07        -
  98    4.47e-09       3e-11      262   23  262     2     3      0   491  3.4e-09        -
 103    4.74e-09       6e-11      272   25  272     2     3      0   512  8.8e-10        -
 109    5.04e-09       4e-11      284   26  284     2     3      0   536  1.6e-07        -
 116    5.32e-09       4e-11      298   26  298     2     3      0   557  6.6e-07        -
 120    5.47e-09       3e-11      310   27  310     2     3      0   577    4e-09        -
 125    5.71e-09       6e-11      320   29  320     2     3      0   596  5.8e-10        -
 127   5.818e-09     5.4e-11      328   31  328     2     3      0   611  7.8e-08        -
 131       6e-09     3.7e-11 out  340   33  340     2     3      0   633  1.2e-08        -
           当前进度:   8 % - 正在组装残差
Memory: 1217/1744 1250/1951
 137   6.222e-09     3.7e-11      352   33  352     2     3      0   651  3.3e-07        -
 144   6.472e-09     2.8e-11      370   34  370     2     3      0   680    4e-09        -
 148  6.6344e-09    5.04e-11      382   37  382     2     3      0   700  8.5e-08        -
 153  6.8864e-09    5.04e-11      392   38  392     2     3      0   717  7.3e-10        -
 158  7.0632e-09    3.16e-11      402   39  402     2     3      0   733  1.7e-07        -
 165  7.2844e-09    3.16e-11      416   39  416     2     3      0   754  5.9e-07        -
 169  7.4108e-09    3.16e-11      424   39  424     2     3      0   766  8.5e-07        -
 173  7.5288e-09  2.8802e-11      438   39  438     2     3      0   793  4.7e-10        -
 177   7.644e-09  2.8802e-11      454   39  454     2     3      0   825  4.6e-10        -
 181  7.7592e-09  2.8802e-11      470   39  470     2     3      0   857  4.7e-10        -
 185  7.8744e-09  2.8802e-11      486   39  486     2     3      0   889  4.7e-10        -
 189  7.9804e-09  1.9581e-11      500   40  500     2     3      0   916  1.4e-09        -
 194  8.1566e-09  3.9162e-11      510   41  510     2     3      0   931    5e-07        -
 201  8.4308e-09  3.9162e-11      524   41  524     2     3      0   955  3.5e-10        -
 204  8.5346e-09  3.4612e-11      534   43  534     2     3      0   972  7.9e-08        -
 211  8.7769e-09  3.4612e-11      548   43  548     2     3      0   993  4.5e-07        -
 217   8.975e-09  2.5025e-11      564   44  564     2     3      0  1019    3e-09        -
 222  9.2002e-09  5.0049e-11      574   46  574     2     3      0  1035  7.1e-10        -
 229  9.5498e-09  4.9803e-11      588   46  588     2     3      0  1063  3.7e-09        -
 235  9.8486e-09  4.9803e-11      600   46  600     2     3      0  1087  3.2e-09        -
 240  1.0052e-08  5.1769e-11      610   48  610     2     3      0  1104  9.8e-08        -
 247  1.0414e-08  5.1769e-11      624   48  624     2     3      0  1130  1.7e-09        -
 250  1.0543e-08  4.2923e-11      634   50  634     2     3      0  1147  1.2e-07        -
 257  1.0843e-08  4.2923e-11      648   50  648     2     3      0  1168  7.4e-07        -
 261     1.1e-08  3.5387e-11 out  660   52  660     2     3      0  1188  8.5e-09        -
 268  1.1248e-08  3.5387e-11      674   52  674     2     3      0  1209  2.1e-07        -
 275   1.148e-08  1.9982e-11      688   53  688     2     3      0  1230  4.3e-10        -
 281    1.17e-08  3.9964e-11      700   54  700     2     3      0  1248  2.4e-07        -
 288   1.197e-08    3.02e-11      718   55  718     2     3      0  1277  3.6e-09        -
 293  1.2242e-08    6.04e-11      728   57  728     2     3      0  1298  1.8e-09        -
 299  1.2539e-08  3.8601e-11      740   58  740     2     3      0  1322  1.3e-07        -
 306  1.2809e-08  3.8601e-11      754   58  754     2     3      0  1343  5.4e-07        -
 313  1.3075e-08  3.7692e-11      768   58  768     2     3      0  1368  7.3e-09        -
 320  1.3339e-08  3.7692e-11      782   58  782     2     3      0  1396  7.4e-09        -
 326  1.3548e-08  4.7698e-11      794   60  794     2     3      0  1417  4.4e-08        -
 333  1.3882e-08  4.7698e-11      808   60  808     2     3      0  1441  1.3e-09        -
 336     1.4e-08   3.536e-11 out  818   62  818     2     3      0  1459  1.5e-08        -
 343  1.4248e-08   3.536e-11      832   62  832     2     3      0  1480  4.6e-07        -
 350   1.448e-08  2.0158e-11      846   63  846     2     3      0  1501  1.3e-09        -
 356  1.4702e-08  4.0316e-11      858   64  858     2     3      0  1519  7.2e-07        -
 362  1.4943e-08  4.0316e-11      870   64  870     2     3      0  1542  6.7e-10        -
 365  1.5028e-08  2.8262e-11      880   66  880     2     3      0  1559  3.7e-08        -
 371  1.5198e-08  2.8262e-11      892   66  892     2     3      0  1577    2e-07        -
 378  1.5396e-08  2.8262e-11      906   66  906     2     3      0  1598  3.6e-07        -
 382    1.55e-08  2.3906e-11 out  918   68  918     2     3      0  1618  2.9e-09        -
 388  1.5787e-08  4.7812e-11      930   69  930     2     3      0  1639  9.5e-10        -
 392  1.5965e-08  3.4844e-11      942   70  942     2     3      0  1662  1.7e-08        -
-          当前进度:  10 % - 正在组装残差
 398  1.6174e-08  3.4844e-11      954   71  954     2     3      0  1680    3e-07        -
 405  1.6418e-08  3.4844e-11      968   71  968     2     3      0  1701  6.4e-07        -
 408    1.65e-08  2.3512e-11 out  978   73  978     2     3      0  1718  2.1e-09        -
 413  1.6735e-08  4.7024e-11      988   74  988     2     3      0  1734  9.8e-10        -
 418  1.6962e-08  3.8391e-11     1002   75 1002     2     3      0  1761  2.4e-08        -
 422    1.75e-08  2.6966e-10 out 1008   79 1008     2     3      0  1768        0        -
 430    2.15e-08       5e-10 out 1016   80 1016     2     3      0  1768        0        -
 441     2.7e-08       5e-10 out 1027   80 1027     2     3      0  1768        0        -
 451     3.2e-08       5e-10 out 1037   80 1037     2     3      0  1768        0        -
 461     3.7e-08       5e-10 out 1047   80 1047     2     3      0  1768        0        -
 472    4.25e-08       5e-10 out 1058   80 1058     2     3      0  1768        0        -
 482    4.75e-08       5e-10 out 1068   80 1068     2     3      0  1768        0        -
 492    5.25e-08       5e-10 out 1078   80 1078     2     3      0  1768        0        -
 503     5.8e-08       5e-10 out 1089   80 1089     2     3      0  1768        0        -
 512    6.25e-08       5e-10 out 1098   80 1098     2     3      0  1768        0        -
 523     6.8e-08       5e-10 out 1109   80 1109     2     3      0  1768        0        -
 534    7.35e-08       5e-10 out 1120   80 1120     2     3      0  1768        0        -
 543     7.8e-08       5e-10 out 1129   80 1129     2     3      0  1768        0        -
 553     8.3e-08       5e-10 out 1139   80 1139     2     3      0  1768        0        -
 563     8.8e-08       5e-10 out 1149   80 1149     2     3      0  1768        0        -
 571     9.2e-08       5e-10 out 1157   80 1157     2     3      0  1768        0        -
 580    9.65e-08       5e-10 out 1166   80 1166     2     3      0  1768        0        -
 591    1.02e-07       5e-10 out 1177   80 1177     2     3      0  1768        0        -
 599    1.06e-07       5e-10 out 1185   80 1185     2     3      0  1768        0        -
 608   1.105e-07       5e-10 out 1194   80 1194     2     3      0  1768        0        -
 618   1.155e-07       5e-10 out 1204   80 1204     2     3      0  1768        0        -
 628   1.205e-07       5e-10 out 1214   80 1214     2     3      0  1768        0        -
 638   1.255e-07       5e-10 out 1224   80 1224     2     3      0  1768        0        -
 647     1.3e-07       5e-10 out 1233   80 1233     2     3      0  1768        0        -
 657    1.35e-07       5e-10 out 1243   80 1243     2     3      0  1768        0        -
 667     1.4e-07       5e-10 out 1253   80 1253     2     3      0  1768        0        -
 677    1.45e-07       5e-10 out 1263   80 1263     2     3      0  1768        0        -
 687     1.5e-07       5e-10 out 1273   80 1273     2     3      0  1768        0        -
 697    1.55e-07       5e-10 out 1283   80 1283     2     3      0  1768        0        -
 707     1.6e-07       5e-10 out 1293   80 1293     2     3      0  1768        0        -
 716   1.645e-07       5e-10 out 1302   80 1302     2     3      0  1768        0        -
 726   1.695e-07       5e-10 out 1312   80 1312     2     3      0  1768        0        -
 736   1.745e-07       5e-10 out 1322   80 1322     2     3      0  1768        0        -
 746   1.795e-07       5e-10 out 1332   80 1332     2     3      0  1768        0        -
 756   1.845e-07       5e-10 out 1342   80 1342     2     3      0  1768        0        -
 766   1.895e-07       5e-10 out 1352   80 1352     2     3      0  1768        0        -
 775    1.94e-07       5e-10 out 1361   80 1361     2     3      0  1768        0        -
 785    1.99e-07       5e-10 out 1371   80 1371     2     3      0  1768        0        -
 796   2.045e-07       5e-10 out 1382   80 1382     2     3      0  1768        0        -
 807     2.1e-07       5e-10 out 1393   80 1393     2     3      0  1768        0        -
 817    2.15e-07       5e-10 out 1403   80 1403     2     3      0  1768        0        -
 827     2.2e-07       5e-10 out 1413   80 1413     2     3      0  1768        0        -
 837    2.25e-07       5e-10 out 1423   80 1423     2     3      0  1768        0        -
 847     2.3e-07       5e-10 out 1433   80 1433     2     3      0  1768        0        -
 857    2.35e-07       5e-10 out 1443   80 1443     2     3      0  1768        0        -
 866   2.395e-07       5e-10 out 1452   80 1452     2     3      0  1768        0        -
 876   2.445e-07       5e-10 out 1462   80 1462     2     3      0  1768        0        -
 886   2.495e-07       5e-10 out 1472   80 1472     2     3      0  1768        0        -
-----      当前进度:  54 % - 正在组装残差
 895    2.54e-07       5e-10 out 1481   80 1481     2     3      0  1768        0        -
 905    2.59e-07       5e-10 out 1491   80 1491     2     3      0  1768        0        -
 915    2.64e-07       5e-10 out 1501   80 1501     2     3      0  1768        0        -
 925    2.69e-07       5e-10 out 1511   80 1511     2     3      0  1768        0        -
 935    2.74e-07       5e-10 out 1521   80 1521     2     3      0  1768        0        -
 946   2.795e-07       5e-10 out 1532   80 1532     2     3      0  1768        0        -
 956   2.845e-07       5e-10 out 1542   80 1542     2     3      0  1768        0        -
 966   2.895e-07       5e-10 out 1552   80 1552     2     3      0  1768        0        -
 976   2.945e-07       5e-10 out 1562   80 1562     2     3      0  1768        0        -
 986   2.995e-07       5e-10 out 1572   80 1572     2     3      0  1768        0        -
 996   3.045e-07       5e-10 out 1582   80 1582     2     3      0  1768        0        -
1006   3.095e-07       5e-10 out 1592   80 1592     2     3      0  1768        0        -
1015    3.14e-07       5e-10 out 1601   80 1601     2     3      0  1768        0        -
1025    3.19e-07       5e-10 out 1611   80 1611     2     3      0  1768        0        -
1035    3.24e-07       5e-10 out 1621   80 1621     2     3      0  1768        0        -
1045    3.29e-07       5e-10 out 1631   80 1631     2     3      0  1768        0        -
1055    3.34e-07       5e-10 out 1641   80 1641     2     3      0  1768        0        -
1065    3.39e-07       5e-10 out 1651   80 1651     2     3      0  1768        0        -
1075    3.44e-07       5e-10 out 1661   80 1661     2     3      0  1768        0        -
1085    3.49e-07       5e-10 out 1671   80 1671     2     3      0  1768        0        -
1095    3.54e-07       5e-10 out 1681   80 1681     2     3      0  1768        0        -
1105    3.59e-07       5e-10 out 1691   80 1691     2     3      0  1768        0        -
1115    3.64e-07       5e-10 out 1701   80 1701     2     3      0  1768        0        -
1125    3.69e-07       5e-10 out 1711   80 1711     2     3      0  1768        0        -
1134   3.735e-07       5e-10 out 1720   80 1720     2     3      0  1768        0        -
1144   3.785e-07       5e-10 out 1730   80 1730     2     3      0  1768        0        -
1154   3.835e-07       5e-10 out 1740   80 1740     2     3      0  1768        0        -
1164   3.885e-07       5e-10 out 1750   80 1750     2     3      0  1768        0        -
1174   3.935e-07       5e-10 out 1760   80 1760     2     3      0  1768        0        -
1184   3.985e-07       5e-10 out 1770   80 1770     2     3      0  1768        0        -
1194   4.035e-07       5e-10 out 1780   80 1780     2     3      0  1768        0        -
1204   4.085e-07       5e-10 out 1790   80 1790     2     3      0  1768        0        -
1214   4.135e-07       5e-10 out 1800   80 1800     2     3      0  1768        0        -
1224   4.185e-07       5e-10 out 1810   80 1810     2     3      0  1768        0        -
1234   4.235e-07       5e-10 out 1820   80 1820     2     3      0  1768        0        -
1244   4.285e-07       5e-10 out 1830   80 1830     2     3      0  1768        0        -
1254   4.335e-07       5e-10 out 1840   80 1840     2     3      0  1768        0        -
1264   4.385e-07       5e-10 out 1850   80 1850     2     3      0  1768        0        -
1275    4.44e-07       5e-10 out 1861   80 1861     2     3      0  1768        0        -
1285    4.49e-07       5e-10 out 1871   80 1871     2     3      0  1768        0        -
1295    4.54e-07       5e-10 out 1881   80 1881     2     3      0  1768        0        -
1305    4.59e-07       5e-10 out 1891   80 1891     2     3      0  1768        0        -
1315    4.64e-07       5e-10 out 1901   80 1901     2     3      0  1768        0        -
1326   4.695e-07       5e-10 out 1912   80 1912     2     3      0  1768        0        -
1336   4.745e-07       5e-10 out 1922   80 1922     2     3      0  1768        0        -
1345    4.79e-07       5e-10 out 1931   80 1931     2     3      0  1768        0        -
1355    4.84e-07       5e-10 out 1941   80 1941     2     3      0  1768        0        -
1365    4.89e-07       5e-10 out 1951   80 1951     2     3      0  1768        0        -
1375    4.94e-07       5e-10 out 1961   80 1961     2     3      0  1768        0        -
1385    4.99e-07       5e-10 out 1971   80 1971     2     3      0  1768        0        -
1387       5e-07       5e-10 out 1973   80 1973     2     3      0  1768        0        -
---------- 当前进度: 100 % - 
求解时间：1 s。
物理内存: 1.22 GB
虚拟内存: 1.25 GB
结束时间：2026年9月4日 10:23:58。
----- Study 2 - Single_Muon_Diagnostic/解 2 (sol2) 中的“瞬态求解器 1” ----------------->
           当前进度:   0 % - 
-          当前进度:  14 % - 正在计算
--         当前进度:  24 % - 正在计算
---        当前进度:  35 % - 正在计算
----       当前进度:  46 % - 正在计算
-----      当前进度:  56 % - 正在计算
------     当前进度:  66 % - 正在计算
-------    当前进度:  77 % - 正在计算
--------   当前进度:  88 % - 正在计算
---------  当前进度:  99 % - 正在计算
---------- 当前进度: 100 % - 正在计算
           当前进度:   0 % - 
---        当前进度:  34 % - 正在计算
---------  当前进度:  95 % - 正在计算
SHORT_GAP_CASE_COMPLETE=shortgap_25mm_f0p10_V12_3kV
SHORT_GAP_CASE_START=shortgap_25mm_f0p10_V12_5kV
           当前进度:   0 % - Study 1 - 3D Electrostatics stationary
Memory: 1217/1744 1251/1951
           当前进度:   3 % - Study 1 - 3D Electrostatics stationary
<---- Study 1 - 3D Electrostatics stationary/解 1 (sol1) 中的“编译方程: 稳态” -----------
开始于 2026年9月4日 10:24:02。
几何形函数: 二次拉格朗日单元
几何形函数: 二次拉格朗日单元
在 Intel64 Family 6 Model 186 Stepping 2, GenuineIntel 上运行。
在以下位置使用 1 个插槽： 陈红星 上（共 1 个内核）。
可用内存：15.90 GB。
           当前进度:   3 % - 编译方程: 稳态
           当前进度:   6 % - 编译方程: 稳态
Memory: 1233/1744 1268/1951
           当前进度:   7 % - 编译方程: 稳态
Memory: 1237/1744 1271/1951
时间：1。
物理内存: 1.24 GB
虚拟内存: 1.27 GB
Warning: 自由空间采用真空条件，这会导致某些材料属性被忽略。请考虑为忽略的材料添加合适的物理场特征。

  - 节点: 自由空间 1

  - 物理场: Electrostatics: four finite-thickness rounded ring electrodes (es)

  - Materials: Natural Neon gas, representative relative permittivity (mat_gas), Representative alumina ceramic; epsilon_r=9.4 assumption (mat_diel)

  - Quantities: 相对介电常数, 相对介电常数
结束时间：2026年9月4日 10:24:02。
----- Study 1 - 3D Electrostatics stationary/解 1 (sol1) 中的“编译方程: 稳态” ---------->
<---- Study 1 - 3D Electrostatics stationary/解 1 (sol1) 中的“因变量 1” --------------
开始于 2026年9月4日 10:24:02。
           当前进度:   7 % - 因变量 1
Memory: 1234/1744 1268/1951
求解时间：0 s。
物理内存: 1.23 GB
虚拟内存: 1.27 GB
结束时间：2026年9月4日 10:24:03。
----- Study 1 - 3D Electrostatics stationary/解 1 (sol1) 中的“因变量 1” ------------->
<---- Study 1 - 3D Electrostatics stationary/解 1 (sol1) 中的“稳态求解器 1” ------------
开始于 2026年9月4日 10:24:03。
线性求解器 
求解的自由度数：103560。
--         当前进度:  24 % - 组装稀疏模式
Memory: 1249/1744 1284/1951
---        当前进度:  38 % - 组装矩阵
Memory: 1277/1744 1313/1951
找到对称矩阵。
缩放因变量：
电势 (comp1.V): 1
已使用正交零空间函数。
---        当前进度:  38 % - 组装延展
Memory: 1263/1744 1300/1951
-----      当前进度:  56 % - 组装矩阵
Memory: 1258/1744 1294/1951
Iter      SolEst     Damping    Stepsize #Res #Jac #Sol LinIt   LinErr   LinRes
---------  当前进度:  98 % - 求解线性方程组
Memory: 1265/1744 1305/1951
   1        0.79   1.0000000        0.79    1    1    1     4  2.9e-05  5.3e-08
---------- 当前进度: 100 % - 
Memory: 1250/1744 1285/1951
求解时间：3 s。
物理内存: 1.28 GB
虚拟内存: 1.31 GB
结束时间：2026年9月4日 10:24:06。
----- Study 1 - 3D Electrostatics stationary/解 1 (sol1) 中的“稳态求解器 1” ----------->
           当前进度:   0 % - Study 2 - Single_Muon_Diagnostic
Memory: 1222/1744 1255/1951
           当前进度:   3 % - Study 2 - Single_Muon_Diagnostic
Memory: 1294/1744 1929/1951
<---- Study 2 - Single_Muon_Diagnostic/解 2 (sol2) 中的“编译方程: 瞬态” -----------------
开始于 2026年9月4日 10:24:07。
几何形函数: 二次拉格朗日单元
几何形函数: 二次拉格朗日单元
在 Intel64 Family 6 Model 186 Stepping 2, GenuineIntel 上运行。
在以下位置使用 1 个插槽： 陈红星 上（共 1 个内核）。
可用内存：15.90 GB。
           当前进度:   3 % - 编译方程: 瞬态
Memory: 1461/1744 1929/1951
           当前进度:   5 % - 编译方程: 瞬态
Memory: 1507/1744 1929/1951
时间：1。
物理内存: 1.6 GB
虚拟内存: 1.93 GB
Warning: 自由空间采用真空条件，这会导致某些材料属性被忽略。请考虑为忽略的材料添加合适的物理场特征。

  - 节点: 自由空间 1

  - 物理场: Electrostatics: four finite-thickness rounded ring electrodes (es)

  - Materials: Natural Neon gas, representative relative permittivity (mat_gas), Representative alumina ceramic; epsilon_r=9.4 assumption (mat_diel)

  - Quantities: 相对介电常数, 相对介电常数
结束时间：2026年9月4日 10:24:07。
----- Study 2 - Single_Muon_Diagnostic/解 2 (sol2) 中的“编译方程: 瞬态” ---------------->
<---- Study 2 - Single_Muon_Diagnostic/解 2 (sol2) 中的“因变量 1” --------------------
开始于 2026年9月4日 10:24:07。
不求解变量的值: 解 1 (sol1).
           当前进度:   5 % - 因变量 1
Memory: 1607/1744 1929/1951
求解时间：0 s。
物理内存: 1.61 GB
虚拟内存: 1.93 GB
结束时间：2026年9月4日 10:24:08。
----- Study 2 - Single_Muon_Diagnostic/解 2 (sol2) 中的“因变量 1” ------------------->
<---- Study 2 - Single_Muon_Diagnostic/解 2 (sol2) 中的“瞬态求解器 1” ------------------
开始于 2026年9月4日 10:24:09。
瞬态求解器（广义 α）
求解的自由度数：3（加上 4 个内部自由度）。
找到非对称矩阵。
缩放因变量：
颗粒位置 (comp1.qcpt): 1
Step        Time    Stepsize      Res  Jac  Sol Order Tfail NLfail LinIt   LinErr   LinRes
   0           0           - out    2    3    2                  0     0        0        0
   1    6.25e-11    6.25e-11       10    7   10     2     3      0    19  4.7e-08        -
   4     2.5e-10    6.25e-11       16    7   16     2     3      0    30  8.9e-07        -
   8       5e-10    6.25e-11 out   24    7   24     2     3      0    50  8.2e-11        -
  12  7.4375e-10   5.625e-11       36    8   36     2     3      0    78  1.2e-07        -
  15   9.125e-10   5.625e-11       42    9   42     2     3      0    91  1.5e-10        -
  17       1e-09   4.375e-11 out   50   11   50     2     3      0   107  4.3e-08        -
  20  1.1312e-09   4.375e-11       56   11   56     2     3      0   116  5.7e-07        -
  25    1.35e-09   4.375e-11       66   11   66     2     3      0   134  2.9e-10        -
  28  1.4687e-09   3.125e-11       76   12   76     2     3      0   153  7.5e-09        -
  32  1.5938e-09   3.125e-11       84   13   84     2     3      0   165  9.5e-08        -
  34  1.7125e-09   5.625e-11       92   15   92     2     3      0   182  1.5e-07        -
  39  1.9688e-09   3.125e-11      102   17  102     2     3      0   203  8.2e-09        -
  41  2.0625e-09    6.25e-11      106   18  106     2     3      0   210  2.6e-07        -
  47  2.4375e-09    6.25e-11      118   18  118     2     3      0   240  9.8e-10        -
  50  2.6188e-09   5.625e-11      128   19  128     2     3      0   263  1.5e-07        -
  54  2.8438e-09   5.625e-11      136   20  136     2     3      0   281  4.2e-10        -
  56   2.945e-09  5.0625e-11      144   22  144     2     3      0   298  7.3e-08        -
  58       3e-09    2.75e-11 out  148   23  148     2     3      0   304  1.4e-08        -
  60   3.055e-09    2.75e-11      152   23  152     2     3      0   310  3.4e-08        -
  63  3.1375e-09    2.75e-11      158   23  158     2     3      0   319  6.3e-08        -
  66    3.22e-09    2.75e-11      164   23  164     2     3      0   328  9.1e-08        -
  69  3.3025e-09    2.75e-11      170   23  170     2     3      0   337  1.2e-07        -
           当前进度:   7 % - 
Memory: 1230/1744 1262/1951
  73  3.4125e-09    2.75e-11      178   23  178     2     3      0   349  1.5e-07        -
  76  3.4837e-09   1.625e-11      184   24  184     2     3      0   358    2e-10        -
  79   3.565e-09    3.25e-11      190   25  190     2     3      0   367  2.3e-08        -
  81    3.63e-09    3.25e-11      194   25  194     2     3      0   373  5.7e-08        -
  84  3.7275e-09    3.25e-11      200   25  200     2     3      0   382  1.1e-07        -
  87   3.825e-09    3.25e-11      206   25  206     2     3      0   391  1.6e-07        -
  92  3.9775e-09    2.25e-11      220   26  220     2     3      0   414  8.6e-10        -
  96   4.135e-09     4.5e-11      228   28  228     2     3      0   426  2.1e-07        -
 102   4.405e-09     4.5e-11      240   28  240     2     3      0   444    8e-07        -
 106    4.55e-09       5e-11      248   30  248     2     3      0   457  4.4e-08        -
 112    4.85e-09       5e-11      260   30  260     2     3      0   483  8.5e-10        -
 118    5.15e-09       5e-11      272   30  272     2     3      0   513  1.5e-09        -
 124    5.45e-09       5e-11      284   30  284     2     3      0   543  2.1e-09        -
 128     5.6e-09       5e-11      292   32  292     2     3      0   557  2.6e-07        -
 134     5.9e-09       5e-11      304   32  304     2     3      0   584  1.1e-09        -
 139    6.15e-09       5e-11      314   32  314     2     3      0   609  1.7e-09        -
 145    6.45e-09       5e-11      326   32  326     2     3      0   639  2.4e-09        -
 149     6.6e-09  5.0001e-11      334   34  334     2     3      0   651  3.9e-07        -
 155     6.9e-09  5.0001e-11      346   34  346     2     3      0   674  1.6e-09        -
 161     7.2e-09  4.9995e-11      358   34  358     2     3      0   698  2.4e-09        -
 167   7.475e-09  2.5022e-11      370   35  370     2     3      0   721    5e-09        -
 170  7.5951e-09   4.504e-11      380   37  380     2     3      0   738  9.3e-08        -
 174  7.7707e-09  4.0536e-11      392   39  392     2     3      0   758  5.6e-08        -
 178  7.9329e-09  4.0536e-11      400   40  400     2     3      0   770  6.5e-07        -
 180       8e-09  3.3559e-11 out  408   42  408     2     3      0   784    2e-08        -
 186  8.2014e-09  3.3559e-11      420   42  420     2     3      0   802  4.1e-07        -
 190  8.3356e-09  3.3559e-11      428   42  428     2     3      0   814    6e-07        -
 193  8.4363e-09  3.3559e-11      434   42  434     2     3      0   823  7.2e-07        -
 197  8.5637e-09  3.1867e-11      446   42  446     2     3      0   847  1.5e-09        -
 200  8.6593e-09  3.1867e-11      455   42  455     2     3      0   865  1.6e-09        -
 203  8.7549e-09  3.1867e-11      464   42  464     2     3      0   883  1.7e-09        -
 206  8.9079e-09   5.736e-11      475   44  475     2     3      0   906  1.8e-07        -
 211  9.1382e-09  4.6054e-11      485   45  485     2     3      0   921  8.8e-07        -
 217  9.4145e-09  4.6054e-11      497   45  497     2     3      0   945  1.6e-09        -
 220  9.5428e-09  4.2755e-11      509   45  509     2     3      0   969  2.6e-09        -
 224  9.7138e-09  4.2755e-11      525   45  525     2     3      0  1001  2.7e-09        -
 228  9.8848e-09  4.2755e-11      541   45  541     2     3      0  1033  2.8e-09        -
 231       1e-08  3.6223e-11 out  553   47  553     2     3      0  1055  1.8e-08        -
 237  1.0217e-08  3.6223e-11      565   47  565     2     3      0  1073  3.4e-07        -
 244  1.0467e-08  3.2662e-11      581   47  581     2     3      0  1099  3.1e-09        -
 248  1.0598e-08  3.2662e-11      597   47  597     2     3      0  1131  3.2e-09        -
 252  1.0729e-08  3.2662e-11      613   47  613     2     3      0  1163  3.3e-09        -
 256  1.0859e-08  3.2662e-11      629   47  629     2     3      0  1195  3.4e-09        -
 260  1.0979e-08  2.1369e-11      643   48  643     2     3      0  1222    6e-10        -
 265  1.1171e-08  4.2738e-11      653   49  653     2     3      0  1237  2.3e-07        -
 271  1.1427e-08  4.2738e-11      665   49  665     2     3      0  1255  6.6e-07        -
 273    1.15e-08  3.6308e-11 out  673   51  673     2     3      0  1269  8.3e-09        -
 279  1.1718e-08  3.6308e-11      685   51  685     2     3      0  1287  2.1e-07        -
           当前进度:   9 % - 正在组装残差
 286  1.1968e-08  3.2151e-11      703   52  703     2     3      0  1316  5.6e-09        -
 290  1.2193e-08  6.4301e-11      711   54  711     2     3      0  1332  2.4e-09        -
 294  1.2443e-08  5.7096e-11      723   55  723     2     3      0  1360  9.9e-08        -
 299  1.2728e-08  5.7096e-11      733   56  733     2     3      0  1382  2.8e-09        -
 303   1.295e-08  5.0165e-11      745   57  745     2     3      0  1409  5.2e-08        -
 307  1.3325e-08  1.7475e-10      751   60  751     2     3      0  1415        0        -
 316     1.7e-08       5e-10 out  760   61  760     2     3      0  1415        0        -
 327    2.25e-08       5e-10 out  771   61  771     2     3      0  1415        0        -
 338     2.8e-08       5e-10 out  782   61  782     2     3      0  1415        0        -
 350     3.4e-08       5e-10 out  794   61  794     2     3      0  1415        0        -
 361    3.95e-08       5e-10 out  805   61  805     2     3      0  1415        0        -
 372     4.5e-08       5e-10 out  816   61  816     2     3      0  1415        0        -
 382       5e-08       5e-10 out  826   61  826     2     3      0  1415        0        -
 393    5.55e-08       5e-10 out  837   61  837     2     3      0  1415        0        -
 404     6.1e-08       5e-10 out  848   61  848     2     3      0  1415        0        -
 414     6.6e-08       5e-10 out  858   61  858     2     3      0  1415        0        -
 425    7.15e-08       5e-10 out  869   61  869     2     3      0  1415        0        -
 437    7.75e-08       5e-10 out  881   61  881     2     3      0  1415        0        -
 449    8.35e-08       5e-10 out  893   61  893     2     3      0  1415        0        -
 460     8.9e-08       5e-10 out  904   61  904     2     3      0  1415        0        -
 469    9.35e-08       5e-10 out  913   61  913     2     3      0  1415        0        -
 481    9.95e-08       5e-10 out  925   61  925     2     3      0  1415        0        -
 491   1.045e-07       5e-10 out  935   61  935     2     3      0  1415        0        -
 499   1.085e-07       5e-10 out  943   61  943     2     3      0  1415        0        -
 510    1.14e-07       5e-10 out  954   61  954     2     3      0  1415        0        -
 521   1.195e-07       5e-10 out  965   61  965     2     3      0  1415        0        -
 530    1.24e-07       5e-10 out  974   61  974     2     3      0  1415        0        -
 541   1.295e-07       5e-10 out  985   61  985     2     3      0  1415        0        -
 551   1.345e-07       5e-10 out  995   61  995     2     3      0  1415        0        -
 561   1.395e-07       5e-10 out 1005   61 1005     2     3      0  1415        0        -
 571   1.445e-07       5e-10 out 1015   61 1015     2     3      0  1415        0        -
 581   1.495e-07       5e-10 out 1025   61 1025     2     3      0  1415        0        -
 592    1.55e-07       5e-10 out 1036   61 1036     2     3      0  1415        0        -
 602     1.6e-07       5e-10 out 1046   61 1046     2     3      0  1415        0        -
 612    1.65e-07       5e-10 out 1056   61 1056     2     3      0  1415        0        -
 622     1.7e-07       5e-10 out 1066   61 1066     2     3      0  1415        0        -
 630    1.74e-07       5e-10 out 1074   61 1074     2     3      0  1415        0        -
 639   1.785e-07       5e-10 out 1083   61 1083     2     3      0  1415        0        -
 650    1.84e-07       5e-10 out 1094   61 1094     2     3      0  1415        0        -
 659   1.885e-07       5e-10 out 1103   61 1103     2     3      0  1415        0        -
 670    1.94e-07       5e-10 out 1114   61 1114     2     3      0  1415        0        -
 681   1.995e-07       5e-10 out 1125   61 1125     2     3      0  1415        0        -
 692    2.05e-07       5e-10 out 1136   61 1136     2     3      0  1415        0        -
 704    2.11e-07       5e-10 out 1148   61 1148     2     3      0  1415        0        -
 715   2.165e-07       5e-10 out 1159   61 1159     2     3      0  1415        0        -
 726    2.22e-07       5e-10 out 1170   61 1170     2     3      0  1415        0        -
 737   2.275e-07       5e-10 out 1181   61 1181     2     3      0  1415        0        -
 748    2.33e-07       5e-10 out 1192   61 1192     2     3      0  1415        0        -
 760    2.39e-07       5e-10 out 1204   61 1204     2     3      0  1415        0        -
 772    2.45e-07       5e-10 out 1216   61 1216     2     3      0  1415        0        -
 783   2.505e-07       5e-10 out 1227   61 1227     2     3      0  1415        0        -
 794    2.56e-07       5e-10 out 1238   61 1238     2     3      0  1415        0        -
 806    2.62e-07       5e-10 out 1250   61 1250     2     3      0  1415        0        -
-----      当前进度:  56 % - 求解线性方程组
 817   2.675e-07       5e-10 out 1261   61 1261     2     3      0  1415        0        -
 829   2.735e-07       5e-10 out 1273   61 1273     2     3      0  1415        0        -
 839   2.785e-07       5e-10 out 1283   61 1283     2     3      0  1415        0        -
 850    2.84e-07       5e-10 out 1294   61 1294     2     3      0  1415        0        -
 860    2.89e-07       5e-10 out 1304   61 1304     2     3      0  1415        0        -
 865   2.915e-07       5e-10 out 1309   61 1309     2     3      0  1415        0        -
 875   2.965e-07       5e-10 out 1319   61 1319     2     3      0  1415        0        -
 886    3.02e-07       5e-10 out 1330   61 1330     2     3      0  1415        0        -
 892    3.05e-07       5e-10 out 1336   61 1336     2     3      0  1415        0        -
 900    3.09e-07       5e-10 out 1344   61 1344     2     3      0  1415        0        -
 911   3.145e-07       5e-10 out 1355   61 1355     2     3      0  1415        0        -
 918    3.18e-07       5e-10 out 1362   61 1362     2     3      0  1415        0        -
 926    3.22e-07       5e-10 out 1370   61 1370     2     3      0  1415        0        -
 937   3.275e-07       5e-10 out 1381   61 1381     2     3      0  1415        0        -
 948    3.33e-07       5e-10 out 1392   61 1392     2     3      0  1415        0        -
 959   3.385e-07       5e-10 out 1403   61 1403     2     3      0  1415        0        -
 970    3.44e-07       5e-10 out 1414   61 1414     2     3      0  1415        0        -
 981   3.495e-07       5e-10 out 1425   61 1425     2     3      0  1415        0        -
 992    3.55e-07       5e-10 out 1436   61 1436     2     3      0  1415        0        -
1003   3.605e-07       5e-10 out 1447   61 1447     2     3      0  1415        0        -
1015   3.665e-07       5e-10 out 1459   61 1459     2     3      0  1415        0        -
1026    3.72e-07       5e-10 out 1470   61 1470     2     3      0  1415        0        -
1037   3.775e-07       5e-10 out 1481   61 1481     2     3      0  1415        0        -
1048    3.83e-07       5e-10 out 1492   61 1492     2     3      0  1415        0        -
1060    3.89e-07       5e-10 out 1504   61 1504     2     3      0  1415        0        -
1071   3.945e-07       5e-10 out 1515   61 1515     2     3      0  1415        0        -
1083   4.005e-07       5e-10 out 1527   61 1527     2     3      0  1415        0        -
1095   4.065e-07       5e-10 out 1539   61 1539     2     3      0  1415        0        -
1106    4.12e-07       5e-10 out 1550   61 1550     2     3      0  1415        0        -
1117   4.175e-07       5e-10 out 1561   61 1561     2     3      0  1415        0        -
1128    4.23e-07       5e-10 out 1572   61 1572     2     3      0  1415        0        -
1139   4.285e-07       5e-10 out 1583   61 1583     2     3      0  1415        0        -
1151   4.345e-07       5e-10 out 1595   61 1595     2     3      0  1415        0        -
1162     4.4e-07       5e-10 out 1606   61 1606     2     3      0  1415        0        -
1173   4.455e-07       5e-10 out 1617   61 1617     2     3      0  1415        0        -
1184    4.51e-07       5e-10 out 1628   61 1628     2     3      0  1415        0        -
1195   4.565e-07       5e-10 out 1639   61 1639     2     3      0  1415        0        -
1206    4.62e-07       5e-10 out 1650   61 1650     2     3      0  1415        0        -
1218    4.68e-07       5e-10 out 1662   61 1662     2     3      0  1415        0        -
1229   4.735e-07       5e-10 out 1673   61 1673     2     3      0  1415        0        -
1240    4.79e-07       5e-10 out 1684   61 1684     2     3      0  1415        0        -
1251   4.845e-07       5e-10 out 1695   61 1695     2     3      0  1415        0        -
1261   4.895e-07       5e-10 out 1705   61 1705     2     3      0  1415        0        -
1272    4.95e-07       5e-10 out 1716   61 1716     2     3      0  1415        0        -
1282       5e-07       5e-10 out 1726   61 1726     2     3      0  1415        0        -
---------- 当前进度: 100 % - 
求解时间：1 s。
物理内存: 1.62 GB
虚拟内存: 1.93 GB
结束时间：2026年9月4日 10:24:10。
----- Study 2 - Single_Muon_Diagnostic/解 2 (sol2) 中的“瞬态求解器 1” ----------------->
           当前进度:   0 % - 
-          当前进度:  15 % - 正在计算
Memory: 1226/1744 1258/1951
--         当前进度:  28 % - 正在计算
Memory: 1228/1744 1260/1951
---        当前进度:  38 % - 正在计算
----       当前进度:  48 % - 正在计算
Memory: 1231/1744 1262/1951
-----      当前进度:  58 % - 正在计算
Memory: 1228/1744 1260/1951
------     当前进度:  68 % - 正在计算
-------    当前进度:  79 % - 正在计算
Memory: 1229/1744 1260/1951
---------  当前进度:  90 % - 正在计算
---------- 当前进度: 100 % - 正在计算
           当前进度:   0 % - 
---        当前进度:  34 % - 正在计算
---------  当前进度:  95 % - 正在计算
SHORT_GAP_CASE_COMPLETE=shortgap_25mm_f0p10_V12_5kV
SHORT_GAP_CASE_START=shortgap_40mm_f0p05_V12_1kV
           当前进度:   0 % - Grounded outer shell / bore boundary
           当前进度:   1 % - Uniform Ne gas volume before electrode subtraction
           当前进度:   2 % - Gas cutter reserved for dielectric liner
           当前进度:   2 % - Representative alumina dielectric liner
           当前进度:   2 % - 执行布尔操作
-          当前进度:  11 % - V1 electrode outer blank
-          当前进度:  12 % - V1 aperture cutter
-          当前进度:  12 % - V1 finite-thickness annular electrode
-          当前进度:  12 % - 执行布尔操作
--         当前进度:  21 % - V1 electrode, 1 mm rounded edges
--         当前进度:  29 % - V2 electrode outer blank
---        当前进度:  30 % - V2 aperture cutter
---        当前进度:  31 % - V2 finite-thickness annular electrode
---        当前进度:  31 % - 执行布尔操作
---        当前进度:  39 % - V2 electrode, 1 mm rounded edges
----       当前进度:  47 % - V3 electrode outer blank
----       当前进度:  48 % - V3 aperture cutter
----       当前进度:  49 % - V3 finite-thickness annular electrode
----       当前进度:  49 % - 执行布尔操作
-----      当前进度:  57 % - V3 electrode, 1 mm rounded edges
------     当前进度:  65 % - V4 electrode outer blank
------     当前进度:  66 % - V4 aperture cutter
------     当前进度:  67 % - V4 finite-thickness annular electrode
------     当前进度:  67 % - 执行布尔操作
-------    当前进度:  75 % - V4 electrode, 1 mm rounded edges
--------   当前进度:  83 % - Ne gas domain excluding four electrode solids
--------   当前进度:  83 % - 执行布尔操作
---------  当前进度:  92 % - 形成联合体
---------  当前进度:  92 % - 执行布尔操作
---------- 当前进度: 100 % - 正在更新选择
           当前进度:   0 % - 自由四面体网格
顶点单元数：80
-          当前进度:  14 % - 调整边界网格
Memory: 1225/1744 1256/1951
--         当前进度:  22 % - 正在创建边界网格
边单元数：1348
边界单元数：18058
---        当前进度:  36 % - 正在创建初始四面体网格
----       当前进度:  45 % - 相关边界
------     当前进度:  62 % - 正在创建初始四面体网格
-------    当前进度:  75 % - 正在插入内部点
--------   当前进度:  83 % - 正在提高单元质量
单元数：71669
最小单元质量：0.217
---------- 当前进度: 100 % - 正在定型网格
           当前进度:   2 % - 生成方程
Memory: 1216/1744 1247/1951
           当前进度:   3 % - Study 1 - 3D Electrostatics stationary
Memory: 1217/1744 1248/1951
<---- Study 1 - 3D Electrostatics stationary/解 1 (sol1) 中的“编译方程: 稳态” -----------
开始于 2026年9月4日 10:24:16。
几何形函数: 二次拉格朗日单元
几何形函数: 二次拉格朗日单元
在 Intel64 Family 6 Model 186 Stepping 2, GenuineIntel 上运行。
在以下位置使用 1 个插槽： 陈红星 上（共 1 个内核）。
可用内存：15.90 GB。
           当前进度:   3 % - 编译方程: 稳态
Memory: 1203/1744 1232/1951
           当前进度:   6 % - 编译方程: 稳态
Memory: 1222/1744 1253/1951
           当前进度:   7 % - 编译方程: 稳态
Memory: 1223/1744 1256/1951
时间：2。
物理内存: 1.23 GB
虚拟内存: 1.26 GB
Warning: 自由空间采用真空条件，这会导致某些材料属性被忽略。请考虑为忽略的材料添加合适的物理场特征。

  - 节点: 自由空间 1

  - 物理场: Electrostatics: four finite-thickness rounded ring electrodes (es)

  - Materials: Natural Neon gas, representative relative permittivity (mat_gas), Representative alumina ceramic; epsilon_r=9.4 assumption (mat_diel)

  - Quantities: 相对介电常数, 相对介电常数
结束时间：2026年9月4日 10:24:17。
----- Study 1 - 3D Electrostatics stationary/解 1 (sol1) 中的“编译方程: 稳态” ---------->
<---- Study 1 - 3D Electrostatics stationary/解 1 (sol1) 中的“因变量 1” --------------
开始于 2026年9月4日 10:24:17。
           当前进度:   7 % - 因变量 1
Memory: 1224/1744 1255/1951
求解时间：0 s。
物理内存: 1.23 GB
虚拟内存: 1.26 GB
结束时间：2026年9月4日 10:24:18。
----- Study 1 - 3D Electrostatics stationary/解 1 (sol1) 中的“因变量 1” ------------->
<---- Study 1 - 3D Electrostatics stationary/解 1 (sol1) 中的“稳态求解器 1” ------------
开始于 2026年9月4日 10:24:18。
线性求解器 
求解的自由度数：106552。
--         当前进度:  24 % - 组装稀疏模式
Memory: 1242/1744 1280/1951
---        当前进度:  38 % - 组装矩阵
Memory: 1266/1744 1307/1951
找到对称矩阵。
缩放因变量：
电势 (comp1.V): 1
已使用正交零空间函数。
---        当前进度:  38 % - 组装延展
Memory: 1246/1744 1278/1951
-----      当前进度:  56 % - 组装矩阵
Memory: 1242/1744 1274/1951
Iter      SolEst     Damping    Stepsize #Res #Jac #Sol LinIt   LinErr   LinRes
---------  当前进度:  90 % - 求解线性方程组
Memory: 1246/1744 1281/1951
   1        0.79   1.0000000        0.79    1    1    1     4  1.9e-05  3.6e-08
---------- 当前进度: 100 % - 
Memory: 1238/1744 1270/1951
求解时间：3 s。
物理内存: 1.27 GB
虚拟内存: 1.31 GB
结束时间：2026年9月4日 10:24:21。
----- Study 1 - 3D Electrostatics stationary/解 1 (sol1) 中的“稳态求解器 1” ----------->
           当前进度:   0 % - Study 2 - Single_Muon_Diagnostic
Memory: 1237/1744 1269/1951
           当前进度:   3 % - Study 2 - Single_Muon_Diagnostic
Memory: 1238/1744 1269/1951
<---- Study 2 - Single_Muon_Diagnostic/解 2 (sol2) 中的“编译方程: 瞬态” -----------------
开始于 2026年9月4日 10:24:22。
几何形函数: 二次拉格朗日单元
几何形函数: 二次拉格朗日单元
在 Intel64 Family 6 Model 186 Stepping 2, GenuineIntel 上运行。
在以下位置使用 1 个插槽： 陈红星 上（共 1 个内核）。
可用内存：15.90 GB。
           当前进度:   3 % - 编译方程: 瞬态
Memory: 1239/1744 1270/1951
           当前进度:   5 % - 编译方程: 瞬态
Memory: 1240/1744 1271/1951
时间：1。
物理内存: 1.24 GB
虚拟内存: 1.27 GB
Warning: 自由空间采用真空条件，这会导致某些材料属性被忽略。请考虑为忽略的材料添加合适的物理场特征。

  - 节点: 自由空间 1

  - 物理场: Electrostatics: four finite-thickness rounded ring electrodes (es)

  - Materials: Natural Neon gas, representative relative permittivity (mat_gas), Representative alumina ceramic; epsilon_r=9.4 assumption (mat_diel)

  - Quantities: 相对介电常数, 相对介电常数
结束时间：2026年9月4日 10:24:22。
----- Study 2 - Single_Muon_Diagnostic/解 2 (sol2) 中的“编译方程: 瞬态” ---------------->
<---- Study 2 - Single_Muon_Diagnostic/解 2 (sol2) 中的“因变量 1” --------------------
开始于 2026年9月4日 10:24:22。
不求解变量的值: 解 1 (sol1).
           当前进度:   5 % - 因变量 1
Memory: 1243/1744 1274/1951
求解时间：0 s。
物理内存: 1.24 GB
虚拟内存: 1.27 GB
结束时间：2026年9月4日 10:24:23。
----- Study 2 - Single_Muon_Diagnostic/解 2 (sol2) 中的“因变量 1” ------------------->
<---- Study 2 - Single_Muon_Diagnostic/解 2 (sol2) 中的“瞬态求解器 1” ------------------
开始于 2026年9月4日 10:24:24。
瞬态求解器（广义 α）
求解的自由度数：3（加上 4 个内部自由度）。
找到非对称矩阵。
缩放因变量：
颗粒位置 (comp1.qcpt): 1
Step        Time    Stepsize      Res  Jac  Sol Order Tfail NLfail LinIt   LinErr   LinRes
   0           0           - out    2    3    2                  0     0        0        0
   1    6.25e-11    6.25e-11       10    7   10     2     3      0    18  4.8e-08        -
   7   4.375e-10    6.25e-11       22    7   22     2     3      0    39  1.4e-10        -
  13  8.0625e-10   5.625e-11       38    8   38     2     3      0    70  1.2e-07        -
  16  9.5938e-10  4.0625e-11       48   10   48     2     3      0    87  2.5e-08        -
  20  1.1219e-09  4.0625e-11       56   11   56     2     3      0    99  3.5e-07        -
  27  1.4062e-09  4.0625e-11       70   11   70     2     3      0   121  2.4e-11        -
  32  1.6063e-09  5.3125e-11       80   13   80     2     3      0   137  4.4e-07        -
  37  1.8719e-09  5.3125e-11       90   13   90     2     3      0   156  1.2e-10        -
  40       2e-09    3.75e-11 out  100   15  100     2     3      0   174  1.6e-08        -
  47  2.2625e-09    3.75e-11      114   15  114     2     3      0   195  4.7e-07        -
  53   2.475e-09     2.5e-11      130   16  130     2     3      0   221    2e-09        -
  58     2.7e-09       5e-11      140   18  140     2     3      0   236  8.2e-07        -
  65    3.05e-09       5e-11      154   18  154     2     3      0   264  1.4e-10        -
  72   3.395e-09     4.5e-11      172   19  172     2     3      0   299  2.3e-08        -
  74    3.47e-09       3e-11      180   21  180     2     3      0   313  2.9e-09        -
  78    3.59e-09       3e-11      188   22  188     2     3      0   325  3.7e-08        -
  85     3.8e-09       3e-11      202   22  202     2     3      0   346  1.2e-07        -
  91   3.975e-09     2.5e-11      218   23  218     2     3      0   372  1.2e-09        -
  92       4e-09     2.5e-11 out  220   24  220     2     3      0   375  1.2e-09        -
  96     4.2e-09       5e-11      228   25  228     2     3      0   387  5.1e-07        -
 102   4.475e-09     2.5e-11      240   26  240     2     3      0   407  1.4e-09        -
 106    4.65e-09       5e-11      248   27  248     2     3      0   419  4.3e-07        -
 113       5e-09       5e-11 out  262   27  262     2     3      0   445  1.9e-10        -
 120    5.35e-09       5e-11      276   27  276     2     3      0   473  2.6e-10        -
 125    5.55e-09       5e-11      286   29  286     2     3      0   490  5.6e-08        -
 132     5.9e-09       5e-11      300   29  300     2     3      0   514  1.6e-10        -
 139    6.25e-09       5e-11      314   29  314     2     3      0   542  2.7e-10        -
 145     6.5e-09     2.5e-11 out  326   30  326     2     3      0   564  1.2e-08        -
 150    6.75e-09       5e-11      336   31  336     2     3      0   581  1.3e-10        -
           当前进度:   8 % - 正在组装残差
Memory: 1241/1744 1271/1951
 156    7.05e-09       5e-11      348   31  348     2     3      0   605  2.4e-10        -
 163   7.395e-09     4.5e-11      366   32  366     2     3      0   640  9.1e-08        -
 165    7.47e-09  3.0002e-11      374   34  374     2     3      0   654  1.2e-08        -
 170    7.62e-09  3.0002e-11      384   35  384     2     3      0   669    2e-07        -
 177    7.83e-09  3.0002e-11      398   35  398     2     3      0   690  4.9e-07        -
 182   7.975e-09  2.4988e-11      412   36  412     2     3      0   713    4e-09        -
 187  8.1999e-09  4.9975e-11      422   38  422     2     3      0   730  1.2e-10        -
 193  8.4749e-09   2.511e-11      434   39  434     2     3      0   753  2.9e-09        -
 199  8.7511e-09  5.0221e-11      446   40  446     2     3      0   773  1.6e-10        -
 206  9.0982e-09  4.9117e-11      460   40  460     2     3      0   801    4e-09        -
 212  9.3929e-09  4.9117e-11      472   40  472     2     3      0   825  4.1e-09        -
 216  9.5579e-09  5.7949e-11      480   42  480     2     3      0   838  1.6e-07        -
 223  9.9528e-09   4.718e-11      498   43  498     2     3      0   872  5.3e-08        -
 228  1.0189e-08   4.718e-11      508   44  508     2     3      0   887  8.4e-07        -
 234  1.0462e-08  3.7692e-11      524   45  524     2     3      0   918  1.3e-08        -
 240  1.0688e-08  3.7692e-11      536   46  536     2     3      0   936  2.5e-07        -
 247  1.0952e-08  3.7692e-11      550   46  550     2     3      0   957  5.5e-07        -
 251  1.1072e-08  4.7695e-11      558   48  558     2     3      0   969  3.2e-08        -
 255  1.1243e-08  4.2925e-11      574   48  574     2     3      0  1001  6.9e-10        -
 259  1.1415e-08  4.2925e-11      590   48  590     2     3      0  1033  6.8e-10        -
 262  1.1543e-08  4.2527e-11      600   50  600     2     3      0  1050  8.8e-08        -
 269   1.184e-08  4.2527e-11      614   50  614     2     3      0  1071    6e-07        -
 272  1.1963e-08  3.7364e-11      624   51  624     2     3      0  1088  1.1e-08        -
 277  1.2187e-08  7.4728e-11      634   53  634     2     3      0  1103  3.8e-07        -
 280  1.2388e-08  6.7174e-11      644   55  644     2     3      0  1121  5.1e-10        -
 282    1.25e-08  5.5829e-11 out  652   57  652     2     3      0  1135  9.8e-08        -
 286  1.2723e-08  5.5829e-11      660   57  660     2     3      0  1149  3.7e-10        -
 293  1.3109e-08  5.4598e-11      674   57  674     2     3      0  1177  4.4e-09        -
 300  1.3468e-08  3.1607e-11      688   58  688     2     3      0  1204  6.8e-09        -
 303   1.362e-08  5.6893e-11      698   60  698     2     3      0  1221  1.3e-07        -
 308  1.3905e-08  5.6893e-11      708   61  708     2     3      0  1239  4.6e-10        -
 310     1.4e-08  4.7713e-11 out  716   63  716     2     3      0  1253  6.8e-08        -
 316  1.4286e-08  4.7713e-11      728   63  728     2     3      0  1274  2.3e-10        -
 320  1.4465e-08   3.529e-11      740   64  740     2     3      0  1297  2.1e-08        -
 323  1.4571e-08   3.529e-11      746   65  746     2     3      0  1306    2e-07        -
 330  1.4818e-08   3.529e-11      760   65  760     2     3      0  1327  8.5e-07        -
 336     1.5e-08  2.0615e-11 out  772   66  772     2     3      0  1348  7.8e-09        -
 342  1.5247e-08  4.1229e-11      784   67  784     2     3      0  1366  9.8e-07        -
 348  1.5477e-08   2.324e-11      796   68  796     2     3      0  1389  2.5e-09        -
 353  1.5686e-08  4.6479e-11      806   69  806     2     3      0  1404  9.6e-07        -
 359  1.5959e-08  4.0844e-11      822   70  822     2     3      0  1435  3.4e-08        -
 364  1.6163e-08  4.0844e-11      832   71  832     2     3      0  1450  5.2e-07        -
 369  1.6368e-08  4.0844e-11      842   71  842     2     3      0  1466  1.6e-10        -
 374  1.6551e-08  5.0714e-11      852   73  852     2     3      0  1483  8.7e-08        -
 381  1.6906e-08  5.0714e-11      866   73  866     2     3      0  1509  4.6e-10        -
 384  1.7047e-08  4.7142e-11      878   73  878     2     3      0  1533  1.4e-10        -
-          当前进度:  10 % - 正在组装残差
Memory: 1241/1744 1272/1951
 387  1.7189e-08  4.7142e-11      890   73  890     2     3      0  1557  1.5e-10        -
 391  1.7377e-08  4.7142e-11      906   73  906     2     3      0  1589  1.6e-10        -
 393  1.7462e-08   3.786e-11      916   74  916     2     3      0  1608  1.8e-08        -
 398  1.7651e-08   3.786e-11      926   75  926     2     3      0  1623  2.8e-07        -
 405  1.7916e-08   3.786e-11      940   75  940     2     3      0  1644  7.3e-07        -
 409  1.8046e-08  4.5685e-11      948   77  948     2     3      0  1656  3.1e-08        -
 416  1.8365e-08  4.5685e-11      962   77  962     2     3      0  1677  8.4e-07        -
 423  1.8678e-08  4.4416e-11      976   77  976     2     3      0  1704    1e-09        -
 430  1.8972e-08  2.7922e-11      990   78  990     2     3      0  1731  2.5e-09        -
 436  1.9279e-08  5.5843e-11     1002   79 1002     2     3      0  1751  5.7e-10        -
 443  1.9664e-08  5.4549e-11     1016   79 1016     2     3      0  1779  8.7e-10        -
 449  1.9968e-08  3.1802e-11     1028   80 1028     2     3      0  1802  6.7e-09        -
 455  2.0318e-08  6.3605e-11     1040   81 1040     2     3      0  1824  1.3e-09        -
 458    2.05e-08  5.9186e-11 out 1050   81 1050     2     3      0  1844    4e-11        -
 461  2.0678e-08  5.9186e-11     1062   81 1062     2     3      0  1868  2.5e-11        -
 465  2.0914e-08  5.9186e-11     1078   81 1078     2     3      0  1900  2.5e-11        -
 466  2.0957e-08   4.285e-11     1084   82 1084     2     3      0  1911  3.4e-08        -
 472  2.1214e-08   4.285e-11     1096   83 1096     2     3      0  1929  7.6e-07        -
 478  2.1464e-08  3.5748e-11     1112   84 1112     2     3      0  1959  1.7e-08        -
 483  2.1643e-08  3.5748e-11     1122   85 1122     2     3      0  1974  3.1e-07        -
 490  2.1893e-08  3.5748e-11     1136   85 1136     2     3      0  1995  8.9e-07        -
 497  2.2142e-08  3.5512e-11     1150   85 1150     2     3      0  2022  1.9e-10        -
 502   2.232e-08  3.5512e-11     1160   85 1160     2     3      0  2042  2.1e-10        -
 508    2.25e-08  1.9175e-11 out 1172   86 1172     2     3      0  2064  4.5e-09        -
 513  2.2692e-08   3.835e-11     1182   87 1182     2     3      0  2079  4.7e-07        -
 519  2.2922e-08   3.835e-11     1194   87 1194     2     3      0  2098  1.6e-10        -
 524   2.308e-08  3.9797e-11     1204   89 1204     2     3      0  2114  1.5e-07        -
 531  2.3358e-08  3.9797e-11     1218   89 1218     2     3      0  2135  8.6e-07        -
 535    2.35e-08  3.1115e-11 out 1230   91 1230     2     3      0  2156  7.7e-09        -
 541  2.3873e-08  6.2229e-11     1242   92 1242     2     3      0  2179  1.5e-09        -
 545  2.4064e-08  6.4395e-11     1250   94 1250     2     3      0  2192  3.1e-07        -
 551  2.4443e-08  5.6814e-11     1266   95 1266     2     3      0  2223  1.7e-07        -
 556  2.4727e-08  5.6814e-11     1276   96 1276     2     3      0  2241  7.9e-10        -
 560  2.4949e-08   5.115e-11     1288   97 1288     2     3      0  2264  7.7e-08        -
 566  2.5256e-08   5.115e-11     1300   98 1300     2     3      0  2284  5.2e-10        -
 570  2.5455e-08  4.5402e-11     1312   99 1312     2     3      0  2307    3e-08        -
 576  2.5727e-08  4.5402e-11     1324  100 1324     2     3      0  2325  5.9e-07        -
 582  2.5977e-08  2.2992e-11     1336  101 1336     2     3      0  2345  8.3e-10        -
 588   2.623e-08  4.5985e-11     1348  102 1348     2     3      0  2363  4.5e-07        -
 594    2.65e-08  4.3069e-11 out 1362  102 1362     2     3      0  2387  3.7e-10        -
 599  2.6715e-08  4.3069e-11     1377  102 1377     2     3      0  2417  2.9e-10        -
 603  2.6888e-08  4.3069e-11     1389  102 1389     2     3      0  2441    2e-10        -
 606     2.7e-08  3.4656e-11 out 1400  104 1400     2     3      0  2461    9e-09        -
 612  2.7416e-08  6.9313e-11     1412  105 1412     2     3      0  2484  3.4e-09        -
 616  2.7584e-08  4.2062e-11     1420  106 1420     2     3      0  2496  3.6e-07        -
 623  2.7879e-08  4.2062e-11     1434  106 1434     2     3      0  2519  3.4e-10        -
 628  2.8079e-08  3.9691e-11     1448  106 1448     2     3      0  2547  3.6e-10        -
 633  2.8278e-08  3.9691e-11     1463  106 1463     2     3      0  2577  3.3e-10        -
-          当前进度:  12 % - 正在组装残差
 638  2.8468e-08  3.1699e-11     1481  107 1481     2     3      0  2612  6.8e-09        -
 642   2.869e-08  6.3398e-11     1489  109 1489     2     3      0  2626  7.4e-10        -
 647     2.9e-08  5.9805e-11 out 1503  109 1503     2     3      0  2654  3.6e-10        -
 651  2.9239e-08  5.9805e-11     1519  109 1519     2     3      0  2686  3.9e-10        -
 655  2.9459e-08  4.0683e-11     1533  110 1533     2     3      0  2713  2.8e-08        -
 662  2.9744e-08  4.0683e-11     1547  110 1547     2     3      0  2734    8e-07        -
 668  2.9974e-08  2.6243e-11     1559  111 1559     2     3      0  2756  3.2e-09        -
 674  3.0262e-08  5.2485e-11     1571  112 1571     2     3      0  2776  5.2e-10        -
 678   3.046e-08  4.0058e-11     1583  113 1583     2     3      0  2799  2.5e-08        -
 683   3.066e-08  4.0058e-11     1593  114 1593     2     3      0  2814  4.1e-07        -
 690  3.0941e-08  4.0058e-11     1607  114 1607     2     3      0  2835  9.8e-07        -
 693  3.1059e-08  5.9358e-11     1617  117 1617     2     3      0  2852  1.6e-07        -
 700  3.1458e-08  4.2246e-11     1635  118 1635     2     3      0  2886  3.2e-08        -
 706  3.1711e-08  4.2246e-11     1647  119 1647     2     3      0  2904  6.8e-07        -
 708  3.1871e-08  7.5289e-11     1655  121 1655     2     3      0  2919  5.9e-07        -
 714  3.2258e-08  6.4493e-11     1667  122 1667     2     3      0  2942  2.2e-09        -
 718    3.25e-08   5.652e-11 out 1679  124 1679     2     3      0  2964  9.2e-08        -
 725  3.2896e-08   5.652e-11     1693  124 1693     2     3      0  2990  1.4e-09        -
 729  3.3104e-08   5.218e-11     1709  124 1709     2     3      0  3022  5.4e-10        -
 733  3.3313e-08   5.218e-11     1725  124 1725     2     3      0  3054  5.1e-10        -
 736  3.3459e-08  4.1279e-11     1739  125 1739     2     3      0  3081  1.3e-08        -
 742  3.3706e-08  4.1279e-11     1751  126 1751     2     3      0  3099  2.9e-07        -
 749  3.3977e-08  2.2967e-11     1765  127 1765     2     3      0  3120  7.8e-10        -
 754  3.4184e-08  4.5935e-11     1775  128 1775     2     3      0  3135  3.5e-07        -
 760  3.4457e-08  4.3294e-11     1788  128 1788     2     3      0  3156    8e-10        -
 763   3.463e-08  8.6587e-11     1796  129 1796     2     3      0  3171  6.7e-07        -
 766  3.4864e-08  7.7928e-11     1806  131 1806     2     3      0  3189  1.2e-09        -
 769  3.5068e-08  6.8167e-11     1816  133 1816     2     3      0  3207  5.3e-10        -
 774  3.5409e-08  6.8167e-11     1826  133 1826     2     3      0  3227  3.4e-09        -
 776    3.55e-08  4.5498e-11 out 1834  135 1834     2     3      0  3241  3.3e-08        -
 783  3.5818e-08  4.5498e-11     1848  135 1848     2     3      0  3262    1e-06        -
 789  3.6091e-08  4.5258e-11     1860  135 1860     2     3      0  3286  1.2e-09        -
 796  3.6407e-08  4.5258e-11     1874  135 1874     2     3      0  3314  1.4e-09        -
 800  3.6547e-08   4.742e-11     1882  137 1882     2     3      0  3327  4.2e-08        -
 807  3.6879e-08   4.742e-11     1896  137 1896     2     3      0  3350    5e-10        -
 810     3.7e-08  3.6608e-11 out 1906  139 1906     2     3      0  3368  1.1e-08        -
 817  3.7256e-08  3.6608e-11     1920  139 1920     2     3      0  3389  3.2e-07        -
 823   3.747e-08  3.0352e-11     1936  140 1936     2     3      0  3415  4.5e-09        -
 828  3.7743e-08  6.0705e-11     1946  142 1946     2     3      0  3431  7.8e-10        -
 834  3.8075e-08  7.5067e-11     1958  144 1958     2     3      0  3452  3.4e-07        -
 839  3.8438e-08  6.2334e-11     1972  145 1972     2     3      0  3479  1.5e-07        -
 845  3.8812e-08  6.2334e-11     1984  146 1984     2     3      0  3501  1.5e-09        -
 850  3.9064e-08  6.3665e-11     1994  148 1994     2     3      0  3518    2e-07        -
 856  3.9441e-08  5.9005e-11     2008  148 2008     2     3      0  3545  9.8e-10        -
 860  3.9677e-08  5.9005e-11     2024  148 2024     2     3      0  3577  9.6e-10        -
 863  3.9854e-08  5.9005e-11     2036  148 2036     2     3      0  3601  9.1e-10        -
 865  3.9957e-08  4.3481e-11     2046  149 2046     2     3      0  3620  1.6e-08        -
 870  4.0174e-08  4.3481e-11     2056  150 2056     2     3      0  3635  2.4e-07        -
-          当前进度:  14 % - 正在组装残差
 875  4.0391e-08  4.3481e-11     2066  150 2066     2     3      0  3650  5.2e-07        -
 878    4.05e-08  3.2595e-11 out 2076  152 2076     2     3      0  3667  2.8e-09        -
 883  4.0826e-08  6.5191e-11     2086  153 2086     2     3      0  3684  1.7e-09        -
 885  4.0946e-08  5.4428e-11     2094  154 2094     2     3      0  3699    3e-08        -
 890  4.1218e-08  5.4428e-11     2104  155 2104     2     3      0  3714  5.2e-07        -
 895  4.1468e-08  3.2288e-11     2114  156 2114     2     3      0  3730    3e-09        -
 900  4.1758e-08  6.4576e-11     2124  157 2124     2     3      0  3745  9.7e-07        -
 904     4.2e-08  5.6273e-11 out 2136  159 2136     2     3      0  3767  3.5e-08        -
 910  4.2338e-08  5.6273e-11     2148  159 2148     2     3      0  3785  9.1e-07        -
 915  4.2606e-08  5.3043e-11     2162  159 2162     2     3      0  3813  1.4e-09        -
 919  4.2818e-08  5.3043e-11     2174  159 2174     2     3      0  3837  1.4e-09        -
 922  4.2962e-08  3.7827e-11     2186  160 2186     2     3      0  3860  4.7e-09        -
 926  4.3227e-08  7.5654e-11     2194  162 2194     2     3      0  3873  9.6e-10        -
 929  4.3439e-08  6.0866e-11     2204  163 2204     2     3      0  3892    4e-08        -
 934  4.3743e-08  6.0866e-11     2214  164 2214     2     3      0  3907  6.5e-07        -
 939     4.4e-08  3.6969e-11 out 2224  165 2224     2     3      0  3923  1.3e-08        -
 944   4.437e-08  7.3938e-11     2234  166 2234     2     3      0  3940  1.3e-09        -
 946    4.45e-08  6.5156e-11 out 2242  168 2242     2     3      0  3954  3.5e-08        -
 952  4.4891e-08  6.5156e-11     2254  168 2254     2     3      0  3972    8e-07        -
 954     4.5e-08  5.4533e-11 out 2262  170 2262     2     3      0  3986  1.7e-08        -
 960  4.5327e-08  5.4533e-11     2274  170 2274     2     3      0  4004  4.6e-07        -
 965  4.5564e-08  6.3736e-11     2284  172 2284     2     3      0  4019  7.7e-08        -
 971  4.5941e-08  5.8792e-11     2298  172 2298     2     3      0  4042  5.2e-10        -
 974  4.6118e-08  5.8792e-11     2310  172 2310     2     3      0  4066  4.5e-10        -
 977  4.6294e-08  5.8792e-11     2322  172 2322     2     3      0  4090  4.7e-10        -
 980  4.6456e-08  4.4228e-11     2336  173 2336     2     3      0  4117  5.5e-09        -
 984  4.6765e-08  8.8455e-11     2344  175 2344     2     3      0  4130  1.2e-09        -
 987     4.7e-08   7.309e-11 out 2354  177 2354     2     3      0  4148  5.9e-08        -
 992  4.7365e-08   7.309e-11     2364  177 2364     2     3      0  4164    1e-09        -
 995  4.7567e-08  6.7276e-11     2376  177 2376     2     3      0  4188  2.1e-10        -
 998  4.7769e-08  6.7276e-11     2388  177 2388     2     3      0  4212  9.9e-11        -
1001  4.7952e-08  4.8173e-11     2398  178 2398     2     3      0  4231  3.3e-09        -
1007  4.8241e-08  4.8173e-11     2410  178 2410     2     3      0  4249  7.8e-08        -
1012  4.8467e-08  3.3221e-11     2424  179 2424     2     3      0  4272  4.5e-10        -
1016  4.8699e-08  6.6443e-11     2432  181 2432     2     3      0  4284  2.1e-07        -
1020  4.8949e-08  5.0672e-11     2444  182 2444     2     3      0  4304  8.8e-09        -
1025  4.9253e-08  1.0134e-10     2454  184 2454     2     3      0  4319  2.9e-07        -
1027  4.9427e-08  7.2649e-11     2462  185 2462     2     3      0  4334  7.1e-08        -
1032  4.9791e-08  7.2649e-11     2472  186 2472     2     3      0  4350  1.2e-09        -
1036  5.0068e-08  6.8378e-11     2483  186 2483     2     3      0  4372  4.6e-09        -
1040  5.0342e-08  6.8378e-11     2495  186 2495     2     3      0  4396    5e-09        -
1044   5.059e-08  8.9735e-11     2504  188 2504     2     3      0  4411  3.1e-07        -
1048  5.0929e-08  7.0531e-11     2516  189 2516     2     3      0  4434  8.6e-08        -
1053  5.1282e-08  7.0531e-11     2526  190 2526     2     3      0  4450  1.2e-09        -
1058  5.1577e-08  7.6814e-11     2536  192 2536     2     3      0  4467  1.1e-07        -
1063  5.1942e-08  5.7964e-11     2550  193 2550     2     3      0  4492  2.2e-08        -
-          当前进度:  16 % - 正在组装残差
1067  5.2174e-08  5.7964e-11     2558  194 2558     2     3      0  4504  3.3e-07        -
1072  5.2453e-08  4.7126e-11     2572  195 2572     2     3      0  4527  1.2e-08        -
1076  5.2641e-08  4.7126e-11     2580  196 2580     2     3      0  4539  1.4e-07        -
1079  5.2915e-08  8.5059e-11     2590  198 2590     2     3      0  4559  1.8e-07        -
1084   5.334e-08  8.5059e-11     2600  199 2600     2     3      0  4578  5.9e-09        -
1087   5.358e-08  7.9881e-11     2612  199 2612     2     3      0  4604  3.1e-09        -
1090   5.382e-08  7.9881e-11     2624  199 2624     2     3      0  4629    3e-09        -
1094  5.4101e-08  1.0059e-10     2633  201 2633     2     3      0  4645  7.8e-07        -
1096  5.4282e-08  9.0534e-11     2641  203 2641     2     3      0  4662  3.8e-07        -
1099    5.45e-08  6.3902e-11 out 2651  205 2651     2     3      0  4685  5.1e-08        -
1105  5.4883e-08  6.3902e-11     2663  205 2663     2     3      0  4704  1.4e-09        -
1109  5.5117e-08  5.8293e-11     2676  205 2676     2     3      0  4730  1.2e-08        -
1113   5.535e-08  5.8293e-11     2688  205 2688     2     3      0  4754  1.1e-08        -
1115  5.5454e-08  4.5976e-11     2697  206 2697     2     3      0  4771  6.6e-09        -
1119   5.573e-08  9.1952e-11     2705  208 2705     2     3      0  4783  3.9e-07        -
1124     5.7e-08       5e-10 out 2711  210 2711     2     3      0  4786        0        -
1131    6.05e-08       5e-10 out 2718  210 2718     2     3      0  4786        0        -
1141    6.55e-08       5e-10 out 2728  210 2728     2     3      0  4786        0        -
1151    7.05e-08       5e-10 out 2738  210 2738     2     3      0  4786        0        -
1160     7.5e-08       5e-10 out 2747  210 2747     2     3      0  4786        0        -
1170       8e-08       5e-10 out 2757  210 2757     2     3      0  4786        0        -
1181    8.55e-08       5e-10 out 2768  210 2768     2     3      0  4786        0        -
1191    9.05e-08       5e-10 out 2778  210 2778     2     3      0  4786        0        -
1200     9.5e-08       5e-10 out 2787  210 2787     2     3      0  4786        0        -
1210       1e-07       5e-10 out 2797  210 2797     2     3      0  4786        0        -
1220    1.05e-07       5e-10 out 2807  210 2807     2     3      0  4786        0        -
1230     1.1e-07       5e-10 out 2817  210 2817     2     3      0  4786        0        -
1240    1.15e-07       5e-10 out 2827  210 2827     2     3      0  4786        0        -
1250     1.2e-07       5e-10 out 2837  210 2837     2     3      0  4786        0        -
1260    1.25e-07       5e-10 out 2847  210 2847     2     3      0  4786        0        -
1270     1.3e-07       5e-10 out 2857  210 2857     2     3      0  4786        0        -
1279   1.345e-07       5e-10 out 2866  210 2866     2     3      0  4786        0        -
1289   1.395e-07       5e-10 out 2876  210 2876     2     3      0  4786        0        -
1299   1.445e-07       5e-10 out 2886  210 2886     2     3      0  4786        0        -
1308    1.49e-07       5e-10 out 2895  210 2895     2     3      0  4786        0        -
1318    1.54e-07       5e-10 out 2905  210 2905     2     3      0  4786        0        -
1328    1.59e-07       5e-10 out 2915  210 2915     2     3      0  4786        0        -
1337   1.635e-07       5e-10 out 2924  210 2924     2     3      0  4786        0        -
1347   1.685e-07       5e-10 out 2934  210 2934     2     3      0  4786        0        -
1357   1.735e-07       5e-10 out 2944  210 2944     2     3      0  4786        0        -
1366    1.78e-07       5e-10 out 2953  210 2953     2     3      0  4786        0        -
1376    1.83e-07       5e-10 out 2963  210 2963     2     3      0  4786        0        -
1386    1.88e-07       5e-10 out 2973  210 2973     2     3      0  4786        0        -
1396    1.93e-07       5e-10 out 2983  210 2983     2     3      0  4786        0        -
1406    1.98e-07       5e-10 out 2993  210 2993     2     3      0  4786        0        -
1416    2.03e-07       5e-10 out 3003  210 3003     2     3      0  4786        0        -
1425   2.075e-07       5e-10 out 3012  210 3012     2     3      0  4786        0        -
1431   2.105e-07       5e-10 out 3018  210 3018     2     3      0  4786        0        -
1441   2.155e-07       5e-10 out 3028  210 3028     2     3      0  4786        0        -
1449   2.195e-07       5e-10 out 3036  210 3036     2     3      0  4786        0        -
1458    2.24e-07       5e-10 out 3045  210 3045     2     3      0  4786        0        -
----       当前进度:  49 % - 
1467   2.285e-07       5e-10 out 3054  210 3054     2     3      0  4786        0        -
1476    2.33e-07       5e-10 out 3063  210 3063     2     3      0  4786        0        -
1485   2.375e-07       5e-10 out 3072  210 3072     2     3      0  4786        0        -
1495   2.425e-07       5e-10 out 3082  210 3082     2     3      0  4786        0        -
1505   2.475e-07       5e-10 out 3092  210 3092     2     3      0  4786        0        -
1515   2.525e-07       5e-10 out 3102  210 3102     2     3      0  4786        0        -
1525   2.575e-07       5e-10 out 3112  210 3112     2     3      0  4786        0        -
1534    2.62e-07       5e-10 out 3121  210 3121     2     3      0  4786        0        -
1543   2.665e-07       5e-10 out 3130  210 3130     2     3      0  4786        0        -
1552    2.71e-07       5e-10 out 3139  210 3139     2     3      0  4786        0        -
1562    2.76e-07       5e-10 out 3149  210 3149     2     3      0  4786        0        -
1570     2.8e-07       5e-10 out 3157  210 3157     2     3      0  4786        0        -
1579   2.845e-07       5e-10 out 3166  210 3166     2     3      0  4786        0        -
1588    2.89e-07       5e-10 out 3175  210 3175     2     3      0  4786        0        -
1598    2.94e-07       5e-10 out 3185  210 3185     2     3      0  4786        0        -
1608    2.99e-07       5e-10 out 3195  210 3195     2     3      0  4786        0        -
1616    3.03e-07       5e-10 out 3203  210 3203     2     3      0  4786        0        -
1623   3.065e-07       5e-10 out 3210  210 3210     2     3      0  4786        0        -
1632    3.11e-07       5e-10 out 3219  210 3219     2     3      0  4786        0        -
1640    3.15e-07       5e-10 out 3227  210 3227     2     3      0  4786        0        -
1650     3.2e-07       5e-10 out 3237  210 3237     2     3      0  4786        0        -
1660    3.25e-07       5e-10 out 3247  210 3247     2     3      0  4786        0        -
1670     3.3e-07       5e-10 out 3257  210 3257     2     3      0  4786        0        -
1680    3.35e-07       5e-10 out 3267  210 3267     2     3      0  4786        0        -
1690     3.4e-07       5e-10 out 3277  210 3277     2     3      0  4786        0        -
1699   3.445e-07       5e-10 out 3286  210 3286     2     3      0  4786        0        -
1709   3.495e-07       5e-10 out 3296  210 3296     2     3      0  4786        0        -
1719   3.545e-07       5e-10 out 3306  210 3306     2     3      0  4786        0        -
1728    3.59e-07       5e-10 out 3315  210 3315     2     3      0  4786        0        -
1738    3.64e-07       5e-10 out 3325  210 3325     2     3      0  4786        0        -
1747   3.685e-07       5e-10 out 3334  210 3334     2     3      0  4786        0        -
1756    3.73e-07       5e-10 out 3343  210 3343     2     3      0  4786        0        -
1766    3.78e-07       5e-10 out 3353  210 3353     2     3      0  4786        0        -
1776    3.83e-07       5e-10 out 3363  210 3363     2     3      0  4786        0        -
1783   3.865e-07       5e-10 out 3370  210 3370     2     3      0  4786        0        -
1793   3.915e-07       5e-10 out 3380  210 3380     2     3      0  4786        0        -
1803   3.965e-07       5e-10 out 3390  210 3390     2     3      0  4786        0        -
1811   4.005e-07       5e-10 out 3398  210 3398     2     3      0  4786        0        -
1821   4.055e-07       5e-10 out 3408  210 3408     2     3      0  4786        0        -
1831   4.105e-07       5e-10 out 3418  210 3418     2     3      0  4786        0        -
1838    4.14e-07       5e-10 out 3425  210 3425     2     3      0  4786        0        -
1848    4.19e-07       5e-10 out 3435  210 3435     2     3      0  4786        0        -
1858    4.24e-07       5e-10 out 3445  210 3445     2     3      0  4786        0        -
1866    4.28e-07       5e-10 out 3453  210 3453     2     3      0  4786        0        -
1876    4.33e-07       5e-10 out 3463  210 3463     2     3      0  4786        0        -
1886    4.38e-07       5e-10 out 3473  210 3473     2     3      0  4786        0        -
1896    4.43e-07       5e-10 out 3483  210 3483     2     3      0  4786        0        -
1906    4.48e-07       5e-10 out 3493  210 3493     2     3      0  4786        0        -
1916    4.53e-07       5e-10 out 3503  210 3503     2     3      0  4786        0        -
1926    4.58e-07       5e-10 out 3513  210 3513     2     3      0  4786        0        -
1936    4.63e-07       5e-10 out 3523  210 3523     2     3      0  4786        0        -
---------  当前进度:  93 % - 
1945   4.675e-07       5e-10 out 3532  210 3532     2     3      0  4786        0        -
1955   4.725e-07       5e-10 out 3542  210 3542     2     3      0  4786        0        -
1965   4.775e-07       5e-10 out 3552  210 3552     2     3      0  4786        0        -
1975   4.825e-07       5e-10 out 3562  210 3562     2     3      0  4786        0        -
1983   4.865e-07       5e-10 out 3570  210 3570     2     3      0  4786        0        -
1993   4.915e-07       5e-10 out 3580  210 3580     2     3      0  4786        0        -
2003   4.965e-07       5e-10 out 3590  210 3590     2     3      0  4786        0        -
2010       5e-07       5e-10 out 3597  210 3597     2     3      0  4786        0        -
---------- 当前进度: 100 % - 
求解时间：2 s。
物理内存: 1.24 GB
虚拟内存: 1.27 GB
结束时间：2026年9月4日 10:24:26。
----- Study 2 - Single_Muon_Diagnostic/解 2 (sol2) 中的“瞬态求解器 1” ----------------->
           当前进度:   0 % - 
-          当前进度:  12 % - 正在计算
--         当前进度:  22 % - 正在计算
Memory: 1243/1744 1274/1951
---        当前进度:  32 % - 正在计算
Memory: 1242/1744 1273/1951
----       当前进度:  41 % - 正在计算
-----      当前进度:  50 % - 正在计算
------     当前进度:  60 % - 正在计算
-------    当前进度:  70 % - 正在计算
--------   当前进度:  80 % - 正在计算
---------  当前进度:  90 % - 正在计算
---------- 当前进度: 100 % - 正在计算
           当前进度:   0 % - 
---        当前进度:  34 % - 正在计算
---------  当前进度:  95 % - 正在计算
SHORT_GAP_CASE_COMPLETE=shortgap_40mm_f0p05_V12_1kV
SHORT_GAP_CASE_START=shortgap_40mm_f0p05_V12_3kV
           当前进度:   0 % - Study 1 - 3D Electrostatics stationary
           当前进度:   3 % - Study 1 - 3D Electrostatics stationary
<---- Study 1 - 3D Electrostatics stationary/解 1 (sol1) 中的“编译方程: 稳态” -----------
开始于 2026年9月4日 10:24:29。
几何形函数: 二次拉格朗日单元
几何形函数: 二次拉格朗日单元
在 Intel64 Family 6 Model 186 Stepping 2, GenuineIntel 上运行。
在以下位置使用 1 个插槽： 陈红星 上（共 1 个内核）。
可用内存：15.90 GB。
           当前进度:   3 % - 编译方程: 稳态
           当前进度:   6 % - 编译方程: 稳态
Memory: 1255/1744 1286/1951
           当前进度:   7 % - 编译方程: 稳态
Memory: 1259/1744 1290/1951
时间：1。
物理内存: 1.31 GB
虚拟内存: 1.96 GB
Warning: 自由空间采用真空条件，这会导致某些材料属性被忽略。请考虑为忽略的材料添加合适的物理场特征。

  - 节点: 自由空间 1

  - 物理场: Electrostatics: four finite-thickness rounded ring electrodes (es)

  - Materials: Natural Neon gas, representative relative permittivity (mat_gas), Representative alumina ceramic; epsilon_r=9.4 assumption (mat_diel)

  - Quantities: 相对介电常数, 相对介电常数
结束时间：2026年9月4日 10:24:30。
----- Study 1 - 3D Electrostatics stationary/解 1 (sol1) 中的“编译方程: 稳态” ---------->
<---- Study 1 - 3D Electrostatics stationary/解 1 (sol1) 中的“因变量 1” --------------
开始于 2026年9月4日 10:24:30。
           当前进度:   7 % - 因变量 1
Memory: 1307/1744 1963/1963
求解时间：0 s。
物理内存: 1.31 GB
虚拟内存: 1.96 GB
结束时间：2026年9月4日 10:24:30。
----- Study 1 - 3D Electrostatics stationary/解 1 (sol1) 中的“因变量 1” ------------->
<---- Study 1 - 3D Electrostatics stationary/解 1 (sol1) 中的“稳态求解器 1” ------------
开始于 2026年9月4日 10:24:31。
线性求解器 
求解的自由度数：106552。
--         当前进度:  24 % - 组装稀疏模式
Memory: 1282/1744 1315/1966
---        当前进度:  36 % - 组装矩阵
Memory: 1299/1744 1330/1966
找到对称矩阵。
缩放因变量：
电势 (comp1.V): 1
已使用正交零空间函数。
---        当前进度:  38 % - 组装延展
Memory: 1325/1744 1364/1966
Iter      SolEst     Damping    Stepsize #Res #Jac #Sol LinIt   LinErr   LinRes
-------    当前进度:  74 % - 求解线性方程组
Memory: 1321/1744 1364/1966
   1         0.8   1.0000000         0.8    1    1    1     4    2e-05  3.6e-08
---------- 当前进度: 100 % - 
Memory: 1318/1744 1354/1966
求解时间：3 s。
物理内存: 1.33 GB
虚拟内存: 1.96 GB
结束时间：2026年9月4日 10:24:34。
----- Study 1 - 3D Electrostatics stationary/解 1 (sol1) 中的“稳态求解器 1” ----------->
           当前进度:   0 % - Study 2 - Single_Muon_Diagnostic
Memory: 1316/1744 1351/1966
           当前进度:   3 % - Study 2 - Single_Muon_Diagnostic
Memory: 1316/1744 1353/1966
<---- Study 2 - Single_Muon_Diagnostic/解 2 (sol2) 中的“编译方程: 瞬态” -----------------
开始于 2026年9月4日 10:24:35。
几何形函数: 二次拉格朗日单元
几何形函数: 二次拉格朗日单元
在 Intel64 Family 6 Model 186 Stepping 2, GenuineIntel 上运行。
在以下位置使用 1 个插槽： 陈红星 上（共 1 个内核）。
可用内存：15.90 GB。
           当前进度:   3 % - 编译方程: 瞬态
Memory: 1319/1744 1355/1966
           当前进度:   5 % - 编译方程: 瞬态
Memory: 1271/1744 1304/1966
时间：1。
物理内存: 1.32 GB
虚拟内存: 1.36 GB
Warning: 自由空间采用真空条件，这会导致某些材料属性被忽略。请考虑为忽略的材料添加合适的物理场特征。

  - 节点: 自由空间 1

  - 物理场: Electrostatics: four finite-thickness rounded ring electrodes (es)

  - Materials: Natural Neon gas, representative relative permittivity (mat_gas), Representative alumina ceramic; epsilon_r=9.4 assumption (mat_diel)

  - Quantities: 相对介电常数, 相对介电常数
结束时间：2026年9月4日 10:24:35。
----- Study 2 - Single_Muon_Diagnostic/解 2 (sol2) 中的“编译方程: 瞬态” ---------------->
<---- Study 2 - Single_Muon_Diagnostic/解 2 (sol2) 中的“因变量 1” --------------------
开始于 2026年9月4日 10:24:35。
不求解变量的值: 解 1 (sol1).
           当前进度:   5 % - 因变量 1
Memory: 1250/1744 1281/1966
求解时间：0 s。
物理内存: 1.27 GB
虚拟内存: 1.3 GB
结束时间：2026年9月4日 10:24:36。
----- Study 2 - Single_Muon_Diagnostic/解 2 (sol2) 中的“因变量 1” ------------------->
<---- Study 2 - Single_Muon_Diagnostic/解 2 (sol2) 中的“瞬态求解器 1” ------------------
开始于 2026年9月4日 10:24:37。
瞬态求解器（广义 α）
求解的自由度数：3（加上 4 个内部自由度）。
找到非对称矩阵。
缩放因变量：
颗粒位置 (comp1.qcpt): 1
Step        Time    Stepsize      Res  Jac  Sol Order Tfail NLfail LinIt   LinErr   LinRes
   0           0           - out    2    3    2                  0     0        0        0
   1    6.25e-11    6.25e-11       10    7   10     2     3      0    19  4.8e-08        -
   7   4.375e-10    6.25e-11       22    7   22     2     3      0    40  4.2e-10        -
  13  8.0625e-10   5.625e-11       38    8   38     2     3      0    71  1.2e-07        -
  16  9.5938e-10  4.0625e-11       48   10   48     2     3      0    88  2.6e-08        -
  19  1.0812e-09  4.0625e-11       54   11   54     2     3      0    97  2.4e-07        -
  22  1.2031e-09  4.0625e-11       60   11   60     2     3      0   106  5.6e-07        -
  27  1.4062e-09  4.0625e-11       70   11   70     2     3      0   122  7.2e-11        -
  31  1.5531e-09  5.3125e-11       78   13   78     2     3      0   135    9e-08        -
  37  1.8719e-09  5.3125e-11       90   13   90     2     3      0   157  3.6e-10        -
  39  1.9625e-09    3.75e-11       98   14   98     2     3      0   172  1.6e-08        -
  42   2.075e-09    3.75e-11      104   15  104     2     3      0   181  1.4e-07        -
  45  2.1875e-09    3.75e-11      110   15  110     2     3      0   190  3.4e-07        -
  52    2.45e-09    3.75e-11      124   15  124     2     3      0   211  8.2e-07        -
  54     2.5e-09     2.5e-11 out  132   17  132     2     3      0   225  2.1e-09        -
  58     2.7e-09       5e-11      140   18  140     2     3      0   237  8.3e-07        -
  65    3.05e-09       5e-11      154   18  154     2     3      0   265  4.2e-10        -
  71    3.35e-09       5e-11      166   18  166     2     3      0   289  5.5e-10        -
  73    3.44e-09     4.5e-11      174   20  174     2     3      0   303  2.4e-08        -
  76    3.53e-09       3e-11      184   22  184     2     3      0   320  1.4e-08        -
  83    3.74e-09       3e-11      198   22  198     2     3      0   341  9.3e-08        -
  90    3.95e-09       3e-11      212   22  212     2     3      0   362  1.7e-07        -
  93    4.05e-09       5e-11      222   25  222     2     3      0   379  3.8e-08        -
  99    4.35e-09       5e-11      234   25  234     2     3      0   397  9.9e-07        -
 104    4.55e-09       5e-11      244   27  244     2     3      0   414  4.5e-08        -
 111     4.9e-09       5e-11      258   27  258     2     3      0   438  4.9e-10        -
 117     5.2e-09       5e-11      270   27  270     2     3      0   462  6.9e-10        -
           当前进度:   8 % - 正在组装残差
Memory: 1251/1744 1282/1966
 120    5.35e-09       5e-11      276   27  276     2     3      0   474  7.9e-10        -
 124     5.5e-09     2.5e-11 out  284   28  284     2     3      0   488  8.7e-09        -
 127    5.65e-09       5e-11      290   29  290     2     3      0   497  5.1e-07        -
 132     5.9e-09       5e-11      300   29  300     2     3      0   515  4.9e-10        -
 138     6.2e-09       5e-11      312   29  312     2     3      0   539  7.6e-10        -
 144   6.475e-09     2.5e-11      324   30  324     2     3      0   562  2.4e-09        -
 149     6.7e-09       5e-11      334   31  334     2     3      0   578  3.3e-10        -
 155       7e-09       5e-11 out  346   31  346     2     3      0   602  6.6e-10        -
 161     7.3e-09       5e-11      358   31  358     2     3      0   626  9.5e-10        -
 164    7.44e-09     4.5e-11      368   33  368     2     3      0   644    9e-08        -
 166     7.5e-09  3.0002e-11 out  376   35  376     2     3      0   658  1.1e-08        -
 172    7.68e-09  3.0002e-11      388   35  388     2     3      0   676  2.8e-07        -
 179    7.89e-09  3.0002e-11      402   35  402     2     3      0   697  5.4e-07        -
 182   7.975e-09  2.4988e-11      412   36  412     2     3      0   714  4.1e-09        -
 186  8.1499e-09  4.9975e-11      420   38  420     2     3      0   727  3.1e-10        -
 193  8.4749e-09   2.511e-11      434   39  434     2     3      0   754  2.8e-09        -
 197  8.6507e-09  5.0221e-11      442   40  442     2     3      0   766  7.3e-07        -
 204       9e-09  4.9117e-11 out  456   40  456     2     3      0   794  1.2e-08        -
 211  9.3438e-09  4.9117e-11      470   40  470     2     3      0   822  1.3e-08        -
 216  9.5579e-09  5.7949e-11      480   42  480     2     3      0   839  1.7e-07        -
 223  9.9528e-09   4.718e-11      498   43  498     2     3      0   873  5.5e-08        -
 229  1.0236e-08   4.718e-11      510   44  510     2     3      0   892  4.5e-10        -
 234  1.0462e-08  3.7692e-11      524   45  524     2     3      0   919  1.3e-08        -
 239  1.0651e-08  3.7692e-11      534   46  534     2     3      0   934    2e-07        -
 245  1.0877e-08  3.7692e-11      546   46  546     2     3      0   952  4.6e-07        -
 251  1.1072e-08  4.7695e-11      558   48  558     2     3      0   970  3.3e-08        -
 254    1.12e-08  4.2925e-11      570   48  570     2     3      0   994  2.4e-09        -
 258  1.1372e-08  4.2925e-11      586   48  586     2     3      0  1026  2.5e-09        -
 261    1.15e-08  4.2527e-11 out  598   50  598     2     3      0  1048  1.7e-08        -
 267  1.1755e-08  4.2527e-11      610   50  610     2     3      0  1066  4.5e-07        -
 272  1.1963e-08  3.7364e-11      624   51  624     2     3      0  1089    1e-08        -
 276  1.2178e-08  6.6156e-11      636   54  636     2     3      0  1111  1.9e-07        -
 281    1.25e-08  6.1643e-11 out  650   55  650     2     3      0  1138  2.3e-09        -
 284  1.2685e-08  6.1643e-11      662   55  662     2     3      0  1162  2.3e-09        -
 288  1.2931e-08  6.1643e-11      678   55  678     2     3      0  1194  2.2e-09        -
 292  1.3069e-08  3.4251e-11      686   56  686     2     3      0  1206  1.2e-07        -
 298  1.3274e-08  3.4251e-11      698   56  698     2     3      0  1224  3.4e-07        -
 304  1.3473e-08  2.7367e-11      714   57  714     2     3      0  1250  3.2e-09        -
 309  1.3719e-08  5.4735e-11      724   59  724     2     3      0  1266  8.6e-10        -
 314  1.3969e-08  3.1061e-11      734   60  734     2     3      0  1285  7.9e-09        -
 319   1.418e-08  5.5909e-11      748   62  748     2     3      0  1308  1.6e-07        -
 323  1.4398e-08  5.0318e-11      760   64  760     2     3      0  1329  1.2e-07        -
 328  1.4577e-08  5.1485e-11      770   67  770     2     3      0  1344  1.4e-07        -
 331  1.4727e-08  4.6337e-11      780   68  780     2     3      0  1362  8.5e-08        -
 336  1.4956e-08   4.406e-11      791   69  791     2     3      0  1381  7.2e-10        -
 341  1.5176e-08   4.406e-11      806   69  806     2     3      0  1411  6.9e-10        -
-          当前进度:  10 % - 求解线性方程组
 344  1.5308e-08   4.406e-11      815   69  815     2     3      0  1429  7.4e-10        -
 348   1.547e-08  2.9701e-11      826   70  826     2     3      0  1450  7.9e-09        -
 351  1.5613e-08  5.3462e-11      836   72  836     2     3      0  1467  1.2e-07        -
 355  1.5827e-08  5.3462e-11      844   73  844     2     3      0  1481  8.2e-10        -
 360  1.6066e-08  6.6361e-11      854   75  854     2     3      0  1498  3.5e-07        -
 363  1.6246e-08  5.9725e-11      864   77  864     2     3      0  1515  9.6e-07        -
 367  1.6462e-08  3.7644e-11      872   78  872     2     3      0  1530  1.9e-08        -
 374  1.6726e-08  3.7644e-11      886   78  886     2     3      0  1551  5.2e-07        -
 381  1.6976e-08  2.4139e-11      900   79  900     2     3      0  1572  2.2e-09        -
 386  1.7193e-08  4.8278e-11      910   80  910     2     3      0  1587  8.7e-07        -
 392  1.7467e-08  3.2751e-11      926   81  926     2     3      0  1618  8.9e-09        -
 396  1.7657e-08  5.8952e-11      938   84  938     2     3      0  1638  1.5e-07        -
 399  1.7822e-08  5.3056e-11      948   87  948     2     3      0  1655    8e-08        -
 403     1.8e-08  3.5809e-11 out  960   89  960     2     3      0  1675  9.6e-09        -
 409  1.8215e-08  3.5809e-11      972   89  972     2     3      0  1693  3.5e-07        -
 416  1.8465e-08  3.5145e-11      986   89  986     2     3      0  1715  1.4e-09        -
 421  1.8641e-08  3.5145e-11      996   89  996     2     3      0  1735  1.6e-09        -
 426  1.8816e-08  3.5145e-11     1006   89 1006     2     3      0  1755  1.7e-09        -
 432  1.9113e-08  5.6702e-11     1018   90 1018     2     3      0  1776  1.4e-09        -
 438  1.9448e-08  5.1543e-11     1032   90 1032     2     3      0  1804  2.2e-09        -
 442  1.9655e-08  5.1543e-11     1048   90 1048     2     3      0  1836  2.2e-09        -
 446  1.9861e-08  5.1543e-11     1064   90 1064     2     3      0  1868  2.3e-09        -
 449       2e-08  4.3828e-11 out 1076   92 1076     2     3      0  1890  3.1e-08        -
 456  2.0307e-08  4.3828e-11     1090   92 1090     2     3      0  1911  9.4e-07        -
 460  2.0469e-08  3.0861e-11     1102   93 1102     2     3      0  1934  5.4e-09        -
 464  2.0685e-08  6.1722e-11     1110   95 1110     2     3      0  1947  1.7e-09        -
 469  2.0966e-08  3.3974e-11     1120   96 1120     2     3      0  1966  9.9e-09        -
 473  2.1163e-08  6.1154e-11     1132   98 1132     2     3      0  1986    2e-07        -
 478  2.1454e-08  4.6153e-11     1146  100 1146     2     3      0  2012  5.5e-08        -
 484  2.1731e-08  4.6153e-11     1158  101 1158     2     3      0  2032  6.8e-10        -
 490     2.2e-08   4.231e-11 out 1174  101 1174     2     3      0  2064    6e-10        -
 494  2.2169e-08   4.231e-11     1190  101 1190     2     3      0  2096  6.3e-10        -
 498  2.2338e-08   4.231e-11     1206  101 1206     2     3      0  2128    6e-10        -
 501  2.2462e-08  3.8449e-11     1220  102 1220     2     3      0  2155  2.5e-08        -
 507  2.2692e-08  3.8449e-11     1232  103 1232     2     3      0  2173  5.1e-07        -
 514  2.2961e-08  3.8449e-11     1246  103 1246     2     3      0  2196  5.3e-10        -
 518  2.3077e-08   3.861e-11     1254  105 1254     2     3      0  2208  1.1e-07        -
 525  2.3347e-08   3.861e-11     1268  105 1268     2     3      0  2229  6.8e-07        -
 531  2.3575e-08  3.7644e-11     1280  105 1280     2     3      0  2251  1.2e-09        -
 537  2.3839e-08  7.5289e-11     1292  106 1292     2     3      0  2274  5.9e-07        -
 539  2.3953e-08   4.672e-11     1300  108 1300     2     3      0  2288  5.6e-08        -
 546   2.428e-08   4.672e-11     1314  108 1314     2     3      0  2312    1e-09        -
 550   2.446e-08  3.9761e-11     1326  109 1326     2     3      0  2335  2.6e-08        -
 556  2.4699e-08  3.9761e-11     1338  110 1338     2     3      0  2353  5.1e-07        -
 562  2.4937e-08  3.9761e-11     1350  110 1350     2     3      0  2373  6.5e-10        -
 565  2.5063e-08  6.2634e-11     1360  113 1360     2     3      0  2390  1.9e-07        -
-          当前进度:  11 % - 正在组装残差
Memory: 1250/1744 1281/1966
 569  2.5307e-08   5.637e-11     1372  114 1372     2     3      0  2412  9.7e-08        -
 572   2.546e-08  4.0177e-11     1382  116 1382     2     3      0  2429  1.6e-08        -
 578  2.5701e-08  4.0177e-11     1394  117 1394     2     3      0  2447  2.9e-07        -
 585  2.5971e-08  2.9026e-11     1412  118 1412     2     3      0  2476  2.6e-09        -
 588  2.6087e-08  5.8052e-11     1418  120 1418     2     3      0  2485  8.2e-08        -
 595  2.6468e-08  3.2305e-11     1432  121 1432     2     3      0  2510  4.4e-09        -
 599  2.6662e-08   6.461e-11     1440  122 1440     2     3      0  2522  7.6e-07        -
 604   2.696e-08  4.0018e-11     1450  123 1450     2     3      0  2541  1.6e-08        -
 607  2.7152e-08  7.2033e-11     1460  125 1460     2     3      0  2558  3.1e-07        -
 611  2.7434e-08  6.5917e-11     1470  126 1470     2     3      0  2577  5.2e-10        -
 618     2.9e-08       5e-10 out 1477  129 1477     2     3      0  2577        0        -
 630     3.5e-08       5e-10 out 1489  129 1489     2     3      0  2577        0        -
 638     3.9e-08       5e-10 out 1497  129 1497     2     3      0  2577        0        -
 650     4.5e-08       5e-10 out 1509  129 1509     2     3      0  2577        0        -
 662     5.1e-08       5e-10 out 1521  129 1521     2     3      0  2577        0        -
 671    5.55e-08       5e-10 out 1530  129 1530     2     3      0  2577        0        -
 682     6.1e-08       5e-10 out 1541  129 1541     2     3      0  2577        0        -
 694     6.7e-08       5e-10 out 1553  129 1553     2     3      0  2577        0        -
 701    7.05e-08       5e-10 out 1560  129 1560     2     3      0  2577        0        -
 713    7.65e-08       5e-10 out 1572  129 1572     2     3      0  2577        0        -
 725    8.25e-08       5e-10 out 1584  129 1584     2     3      0  2577        0        -
 734     8.7e-08       5e-10 out 1593  129 1593     2     3      0  2577        0        -
 745    9.25e-08       5e-10 out 1604  129 1604     2     3      0  2577        0        -
 756     9.8e-08       5e-10 out 1615  129 1615     2     3      0  2577        0        -
 765   1.025e-07       5e-10 out 1624  129 1624     2     3      0  2577        0        -
 776    1.08e-07       5e-10 out 1635  129 1635     2     3      0  2577        0        -
 788    1.14e-07       5e-10 out 1647  129 1647     2     3      0  2577        0        -
 798    1.19e-07       5e-10 out 1657  129 1657     2     3      0  2577        0        -
 809   1.245e-07       5e-10 out 1668  129 1668     2     3      0  2577        0        -
 821   1.305e-07       5e-10 out 1680  129 1680     2     3      0  2577        0        -
 832    1.36e-07       5e-10 out 1691  129 1691     2     3      0  2577        0        -
 842    1.41e-07       5e-10 out 1701  129 1701     2     3      0  2577        0        -
 853   1.465e-07       5e-10 out 1712  129 1712     2     3      0  2577        0        -
 864    1.52e-07       5e-10 out 1723  129 1723     2     3      0  2577        0        -
 873   1.565e-07       5e-10 out 1732  129 1732     2     3      0  2577        0        -
 884    1.62e-07       5e-10 out 1743  129 1743     2     3      0  2577        0        -
 895   1.675e-07       5e-10 out 1754  129 1754     2     3      0  2577        0        -
 905   1.725e-07       5e-10 out 1764  129 1764     2     3      0  2577        0        -
 915   1.775e-07       5e-10 out 1774  129 1774     2     3      0  2577        0        -
 925   1.825e-07       5e-10 out 1784  129 1784     2     3      0  2577        0        -
 937   1.885e-07       5e-10 out 1796  129 1796     2     3      0  2577        0        -
 949   1.945e-07       5e-10 out 1808  129 1808     2     3      0  2577        0        -
 960       2e-07       5e-10 out 1819  129 1819     2     3      0  2577        0        -
 971   2.055e-07       5e-10 out 1830  129 1830     2     3      0  2577        0        -
 983   2.115e-07       5e-10 out 1842  129 1842     2     3      0  2577        0        -
 994    2.17e-07       5e-10 out 1853  129 1853     2     3      0  2577        0        -
1003   2.215e-07       5e-10 out 1862  129 1862     2     3      0  2577        0        -
1011   2.255e-07       5e-10 out 1870  129 1870     2     3      0  2577        0        -
1020     2.3e-07       5e-10 out 1879  129 1879     2     3      0  2577        0        -
1031   2.355e-07       5e-10 out 1890  129 1890     2     3      0  2577        0        -
1043   2.415e-07       5e-10 out 1902  129 1902     2     3      0  2577        0        -
1054    2.47e-07       5e-10 out 1913  129 1913     2     3      0  2577        0        -
-----      当前进度:  54 % - 正在组装残差
1065   2.525e-07       5e-10 out 1924  129 1924     2     3      0  2577        0        -
1077   2.585e-07       5e-10 out 1936  129 1936     2     3      0  2577        0        -
1089   2.645e-07       5e-10 out 1948  129 1948     2     3      0  2577        0        -
1101   2.705e-07       5e-10 out 1960  129 1960     2     3      0  2577        0        -
1112    2.76e-07       5e-10 out 1971  129 1971     2     3      0  2577        0        -
1124    2.82e-07       5e-10 out 1983  129 1983     2     3      0  2577        0        -
1136    2.88e-07       5e-10 out 1995  129 1995     2     3      0  2577        0        -
1148    2.94e-07       5e-10 out 2007  129 2007     2     3      0  2577        0        -
1160       3e-07       5e-10 out 2019  129 2019     2     3      0  2577        0        -
1171   3.055e-07       5e-10 out 2030  129 2030     2     3      0  2577        0        -
1182    3.11e-07       5e-10 out 2041  129 2041     2     3      0  2577        0        -
1192    3.16e-07       5e-10 out 2051  129 2051     2     3      0  2577        0        -
1203   3.215e-07       5e-10 out 2062  129 2062     2     3      0  2577        0        -
1215   3.275e-07       5e-10 out 2074  129 2074     2     3      0  2577        0        -
1227   3.335e-07       5e-10 out 2086  129 2086     2     3      0  2577        0        -
1239   3.395e-07       5e-10 out 2098  129 2098     2     3      0  2577        0        -
1251   3.455e-07       5e-10 out 2110  129 2110     2     3      0  2577        0        -
1263   3.515e-07       5e-10 out 2122  129 2122     2     3      0  2577        0        -
1275   3.575e-07       5e-10 out 2134  129 2134     2     3      0  2577        0        -
1287   3.635e-07       5e-10 out 2146  129 2146     2     3      0  2577        0        -
1298    3.69e-07       5e-10 out 2157  129 2157     2     3      0  2577        0        -
1303   3.715e-07       5e-10 out 2162  129 2162     2     3      0  2577        0        -
1309   3.745e-07       5e-10 out 2168  129 2168     2     3      0  2577        0        -
1320     3.8e-07       5e-10 out 2179  129 2179     2     3      0  2577        0        -
1329   3.845e-07       5e-10 out 2188  129 2188     2     3      0  2577        0        -
1340     3.9e-07       5e-10 out 2199  129 2199     2     3      0  2577        0        -
1352    3.96e-07       5e-10 out 2211  129 2211     2     3      0  2577        0        -
1364    4.02e-07       5e-10 out 2223  129 2223     2     3      0  2577        0        -
1376    4.08e-07       5e-10 out 2235  129 2235     2     3      0  2577        0        -
1387   4.135e-07       5e-10 out 2246  129 2246     2     3      0  2577        0        -
1397   4.185e-07       5e-10 out 2256  129 2256     2     3      0  2577        0        -
1408    4.24e-07       5e-10 out 2267  129 2267     2     3      0  2577        0        -
1418    4.29e-07       5e-10 out 2277  129 2277     2     3      0  2577        0        -
1428    4.34e-07       5e-10 out 2287  129 2287     2     3      0  2577        0        -
1440     4.4e-07       5e-10 out 2299  129 2299     2     3      0  2577        0        -
1451   4.455e-07       5e-10 out 2310  129 2310     2     3      0  2577        0        -
1461   4.505e-07       5e-10 out 2320  129 2320     2     3      0  2577        0        -
1473   4.565e-07       5e-10 out 2332  129 2332     2     3      0  2577        0        -
1485   4.625e-07       5e-10 out 2344  129 2344     2     3      0  2577        0        -
1495   4.675e-07       5e-10 out 2354  129 2354     2     3      0  2577        0        -
1507   4.735e-07       5e-10 out 2366  129 2366     2     3      0  2577        0        -
1519   4.795e-07       5e-10 out 2378  129 2378     2     3      0  2577        0        -
1529   4.845e-07       5e-10 out 2388  129 2388     2     3      0  2577        0        -
1541   4.905e-07       5e-10 out 2400  129 2400     2     3      0  2577        0        -
1553   4.965e-07       5e-10 out 2412  129 2412     2     3      0  2577        0        -
1560       5e-07       5e-10 out 2419  129 2419     2     3      0  2577        0        -
---------- 当前进度: 100 % - 
Memory: 1242/1744 1273/1966
求解时间：2 s。
物理内存: 1.25 GB
虚拟内存: 1.28 GB
结束时间：2026年9月4日 10:24:38。
----- Study 2 - Single_Muon_Diagnostic/解 2 (sol2) 中的“瞬态求解器 1” ----------------->
           当前进度:   0 % - 
-          当前进度:  16 % - 正在计算
--         当前进度:  26 % - 正在计算
---        当前进度:  36 % - 正在计算
----       当前进度:  46 % - 正在计算
-----      当前进度:  57 % - 正在计算
------     当前进度:  67 % - 正在计算
-------    当前进度:  77 % - 正在计算
--------   当前进度:  85 % - 正在计算
---------  当前进度:  94 % - 正在计算
---------- 当前进度: 100 % - 正在计算
           当前进度:   0 % - 
---        当前进度:  34 % - 正在计算
Memory: 1243/1744 1273/1966
---------  当前进度:  95 % - 正在计算
SHORT_GAP_CASE_COMPLETE=shortgap_40mm_f0p05_V12_3kV
SHORT_GAP_CASE_START=shortgap_40mm_f0p05_V12_5kV
           当前进度:   0 % - Study 1 - 3D Electrostatics stationary
           当前进度:   3 % - Study 1 - 3D Electrostatics stationary
<---- Study 1 - 3D Electrostatics stationary/解 1 (sol1) 中的“编译方程: 稳态” -----------
开始于 2026年9月4日 10:24:42。
几何形函数: 二次拉格朗日单元
几何形函数: 二次拉格朗日单元
在 Intel64 Family 6 Model 186 Stepping 2, GenuineIntel 上运行。
在以下位置使用 1 个插槽： 陈红星 上（共 1 个内核）。
可用内存：15.90 GB。
           当前进度:   3 % - 编译方程: 稳态
           当前进度:   6 % - 编译方程: 稳态
Memory: 1260/1744 1292/1966
           当前进度:   7 % - 编译方程: 稳态
Memory: 1269/1744 1301/1966
时间：1。
物理内存: 1.27 GB
虚拟内存: 1.3 GB
Warning: 自由空间采用真空条件，这会导致某些材料属性被忽略。请考虑为忽略的材料添加合适的物理场特征。

  - 节点: 自由空间 1

  - 物理场: Electrostatics: four finite-thickness rounded ring electrodes (es)

  - Materials: Natural Neon gas, representative relative permittivity (mat_gas), Representative alumina ceramic; epsilon_r=9.4 assumption (mat_diel)

  - Quantities: 相对介电常数, 相对介电常数
结束时间：2026年9月4日 10:24:43。
----- Study 1 - 3D Electrostatics stationary/解 1 (sol1) 中的“编译方程: 稳态” ---------->
<---- Study 1 - 3D Electrostatics stationary/解 1 (sol1) 中的“因变量 1” --------------
开始于 2026年9月4日 10:24:43。
           当前进度:   7 % - 因变量 1
Memory: 1268/1744 1300/1966
求解时间：0 s。
物理内存: 1.27 GB
虚拟内存: 1.3 GB
结束时间：2026年9月4日 10:24:43。
----- Study 1 - 3D Electrostatics stationary/解 1 (sol1) 中的“因变量 1” ------------->
<---- Study 1 - 3D Electrostatics stationary/解 1 (sol1) 中的“稳态求解器 1” ------------
开始于 2026年9月4日 10:24:44。
线性求解器 
求解的自由度数：106552。
--         当前进度:  24 % - 组装稀疏模式
Memory: 1284/1744 1316/1966
---        当前进度:  38 % - 
Memory: 1313/1744 1345/1966
找到对称矩阵。
缩放因变量：
电势 (comp1.V): 1
已使用正交零空间函数。
---        当前进度:  38 % - 组装延展
Memory: 1310/1744 1343/1966
-----      当前进度:  56 % - 组装矩阵
Memory: 1305/1744 1339/1966
Iter      SolEst     Damping    Stepsize #Res #Jac #Sol LinIt   LinErr   LinRes
---------  当前进度:  90 % - 求解线性方程组
Memory: 1315/1744 1352/1966
   1        0.79   1.0000000        0.79    1    1    1     4    2e-05  3.6e-08
---------- 当前进度: 100 % - 
Memory: 1311/1744 1344/1966
求解时间：3 s。
物理内存: 1.32 GB
虚拟内存: 1.35 GB
结束时间：2026年9月4日 10:24:47。
----- Study 1 - 3D Electrostatics stationary/解 1 (sol1) 中的“稳态求解器 1” ----------->
           当前进度:   0 % - Study 2 - Single_Muon_Diagnostic
Memory: 1309/1744 1343/1966
           当前进度:   3 % - Study 2 - Single_Muon_Diagnostic
Memory: 1379/1744 2015/2015
<---- Study 2 - Single_Muon_Diagnostic/解 2 (sol2) 中的“编译方程: 瞬态” -----------------
开始于 2026年9月4日 10:24:47。
几何形函数: 二次拉格朗日单元
几何形函数: 二次拉格朗日单元
在 Intel64 Family 6 Model 186 Stepping 2, GenuineIntel 上运行。
在以下位置使用 1 个插槽： 陈红星 上（共 1 个内核）。
可用内存：15.90 GB。
           当前进度:   3 % - 编译方程: 瞬态
Memory: 1546/1744 2015/2017
           当前进度:   5 % - 编译方程: 瞬态
Memory: 1534/1744 1955/2021
时间：1。
物理内存: 1.63 GB
虚拟内存: 2.02 GB
Warning: 自由空间采用真空条件，这会导致某些材料属性被忽略。请考虑为忽略的材料添加合适的物理场特征。

  - 节点: 自由空间 1

  - 物理场: Electrostatics: four finite-thickness rounded ring electrodes (es)

  - Materials: Natural Neon gas, representative relative permittivity (mat_gas), Representative alumina ceramic; epsilon_r=9.4 assumption (mat_diel)

  - Quantities: 相对介电常数, 相对介电常数
结束时间：2026年9月4日 10:24:48。
----- Study 2 - Single_Muon_Diagnostic/解 2 (sol2) 中的“编译方程: 瞬态” ---------------->
<---- Study 2 - Single_Muon_Diagnostic/解 2 (sol2) 中的“因变量 1” --------------------
开始于 2026年9月4日 10:24:48。
不求解变量的值: 解 1 (sol1).
           当前进度:   5 % - 因变量 1
Memory: 1641/1744 1962/2021
求解时间：0 s。
物理内存: 1.64 GB
虚拟内存: 1.96 GB
结束时间：2026年9月4日 10:24:48。
----- Study 2 - Single_Muon_Diagnostic/解 2 (sol2) 中的“因变量 1” ------------------->
<---- Study 2 - Single_Muon_Diagnostic/解 2 (sol2) 中的“瞬态求解器 1” ------------------
开始于 2026年9月4日 10:24:49。
瞬态求解器（广义 α）
求解的自由度数：3（加上 4 个内部自由度）。
找到非对称矩阵。
缩放因变量：
颗粒位置 (comp1.qcpt): 1
Step        Time    Stepsize      Res  Jac  Sol Order Tfail NLfail LinIt   LinErr   LinRes
   0           0           - out    2    3    2                  0     0        0        0
   1    6.25e-11    6.25e-11       10    7   10     2     3      0    19  4.8e-08        -
   8       5e-10    6.25e-11 out   24    7   24     2     3      0    46  4.5e-11        -
  13  8.0625e-10   5.625e-11       38    8   38     2     3      0    78  1.2e-07        -
  16  9.5938e-10  4.0625e-11       48   10   48     2     3      0    95  2.6e-08        -
  22  1.2031e-09  4.0625e-11       60   11   60     2     3      0   113  5.6e-07        -
  27  1.4062e-09  4.0625e-11       70   11   70     2     3      0   129  1.2e-10        -
  31  1.5531e-09  5.3125e-11       78   13   78     2     3      0   142  9.1e-08        -
  37  1.8719e-09  5.3125e-11       90   13   90     2     3      0   164  5.9e-10        -
  40       2e-09    3.75e-11 out  100   15  100     2     3      0   182  1.6e-08        -
  47  2.2625e-09    3.75e-11      114   15  114     2     3      0   203  4.7e-07        -
  53   2.475e-09     2.5e-11      130   16  130     2     3      0   229  2.3e-09        -
  57    2.65e-09       5e-11      138   18  138     2     3      0   241  5.8e-07        -
  63    2.95e-09       5e-11      150   18  150     2     3      0   264  6.1e-10        -
  69    3.25e-09       5e-11      162   18  162     2     3      0   288  8.2e-10        -
  73    3.44e-09     4.5e-11      174   20  174     2     3      0   310  2.5e-08        -
  75     3.5e-09       3e-11 out  182   22  182     2     3      0   324  3.3e-09        -
  79    3.62e-09       3e-11      190   22  190     2     3      0   336  5.1e-08        -
  85     3.8e-09       3e-11      202   22  202     2     3      0   354  1.2e-07        -
  90    3.95e-09       3e-11      212   22  212     2     3      0   369  1.8e-07        -
  92       4e-09     2.5e-11 out  220   24  220     2     3      0   383  1.2e-09        -
  97    4.25e-09       5e-11      230   25  230     2     3      0   398  6.7e-07        -
 102   4.475e-09     2.5e-11      240   26  240     2     3      0   415  1.4e-09        -
 108    4.75e-09       5e-11      252   27  252     2     3      0   433  8.2e-07        -
 114    5.05e-09       5e-11      264   27  264     2     3      0   457  9.7e-10        -
 120    5.35e-09       5e-11      276   27  276     2     3      0   481  1.3e-09        -
           当前进度:   8 % - 正在组装残差
Memory: 1265/1744 1295/2021
 125    5.55e-09       5e-11      286   29  286     2     3      0   498  5.6e-08        -
 132     5.9e-09       5e-11      300   29  300     2     3      0   522  8.4e-10        -
 139    6.25e-09       5e-11      314   29  314     2     3      0   550  1.3e-09        -
 143    6.45e-09       5e-11      322   29  322     2     3      0   566  1.6e-09        -
 147     6.6e-09       5e-11      330   31  330     2     3      0   578  4.1e-07        -
 153     6.9e-09       5e-11      342   31  342     2     3      0   601  8.9e-10        -
 158    7.15e-09       5e-11      352   31  352     2     3      0   621  1.3e-09        -
 163   7.395e-09     4.5e-11      366   32  366     2     3      0   648  8.8e-08        -
 165    7.47e-09  3.0002e-11      374   34  374     2     3      0   662  1.1e-08        -
 171    7.65e-09  3.0002e-11      386   35  386     2     3      0   680  2.3e-07        -
 178    7.86e-09  3.0002e-11      400   35  400     2     3      0   701    5e-07        -
 182   7.975e-09  2.4988e-11      412   36  412     2     3      0   721  3.9e-09        -
 187  8.1999e-09  4.9975e-11      422   38  422     2     3      0   738  6.2e-10        -
 193  8.4749e-09   2.511e-11      434   39  434     2     3      0   761  2.8e-09        -
 199  8.7511e-09  5.0221e-11      446   40  446     2     3      0   781  7.5e-10        -
 206  9.0982e-09  4.9117e-11      460   40  460     2     3      0   809  2.1e-08        -
 212  9.3929e-09  4.9117e-11      472   40  472     2     3      0   833  2.2e-08        -
 217  9.6159e-09  5.7949e-11      482   42  482     2     3      0   849  7.8e-07        -
 223  9.9528e-09   4.718e-11      498   43  498     2     3      0   880  6.1e-08        -
 228  1.0189e-08   4.718e-11      508   44  508     2     3      0   895  8.2e-07        -
 234  1.0462e-08  3.7692e-11      524   45  524     2     3      0   926  1.5e-08        -
 239  1.0651e-08  3.7692e-11      534   46  534     2     3      0   941    2e-07        -
 246  1.0915e-08  3.7692e-11      548   46  548     2     3      0   962    5e-07        -
 251  1.1072e-08  4.7695e-11      558   48  558     2     3      0   977  3.4e-08        -
 254    1.12e-08  4.2925e-11      570   48  570     2     3      0  1001  4.6e-09        -
 258  1.1372e-08  4.2925e-11      586   48  586     2     3      0  1033  4.6e-09        -
 261    1.15e-08  4.2527e-11 out  598   50  598     2     3      0  1055  1.8e-08        -
 266  1.1713e-08  4.2527e-11      608   50  608     2     3      0  1070    4e-07        -
 272  1.1963e-08  3.7364e-11      624   51  624     2     3      0  1096  1.1e-08        -
 275  1.2112e-08  7.4728e-11      630   53  630     2     3      0  1106  3.3e-07        -
 277  1.2246e-08  6.6709e-11      638   55  638     2     3      0  1123    2e-07        -
 281    1.25e-08  6.0536e-11 out  650   57  650     2     3      0  1148  1.3e-07        -
 286  1.2803e-08  6.0536e-11      660   57  660     2     3      0  1167  3.7e-09        -
 292  1.3076e-08  3.8125e-11      672   58  672     2     3      0  1187  1.9e-07        -
 299  1.3343e-08  3.8125e-11      686   58  686     2     3      0  1208  6.1e-07        -
 304    1.35e-08  2.1253e-11 out  696   59  696     2     3      0  1223  4.5e-09        -
 310  1.3755e-08  4.2506e-11      708   60  708     2     3      0  1241  6.5e-07        -
 315  1.3963e-08   3.747e-11      722   61  722     2     3      0  1266  1.9e-08        -
 321  1.4187e-08   3.747e-11      734   62  734     2     3      0  1284  4.4e-07        -
 328   1.445e-08   3.747e-11      748   62  748     2     3      0  1307  4.7e-10        -
 329  1.4475e-08  2.5178e-11      754   63  754     2     3      0  1318  3.5e-09        -
 330    1.45e-08  2.5178e-11 out  756   64  756     2     3      0  1321  3.5e-09        -
 336  1.4802e-08  5.0355e-11      768   65  768     2     3      0  1343  1.3e-09        -
 337  1.4847e-08   4.532e-11      774   66  774     2     3      0  1354  7.1e-08        -
 340  1.4969e-08  3.0955e-11      784   68  784     2     3      0  1371  1.1e-08        -
 345  1.5124e-08  3.0955e-11      794   69  794     2     3      0  1386  1.7e-07        -
-          当前进度:  10 % - 正在组装残差
 347  1.5238e-08  5.1777e-11      802   71  802     2     3      0  1400  1.3e-07        -
 352  1.5472e-08  2.7695e-11      812   73  812     2     3      0  1417  5.2e-09        -
 356  1.5666e-08  5.5389e-11      820   74  820     2     3      0  1430  1.1e-09        -
 361  1.5943e-08  5.5389e-11      830   74  830     2     3      0  1450  3.2e-09        -
 366  1.6171e-08  5.6886e-11      840   76  840     2     3      0  1466  1.4e-09        -
 371  1.6449e-08    5.09e-11      854   77  854     2     3      0  1493  9.1e-08        -
 377  1.6754e-08    5.09e-11      866   78  866     2     3      0  1514  1.6e-09        -
 382     1.7e-08  4.6402e-11 out  880   78  880     2     3      0  1542  3.2e-09        -
 386  1.7186e-08  4.6402e-11      896   78  896     2     3      0  1574  3.4e-09        -
 390  1.7371e-08  4.6402e-11      912   78  912     2     3      0  1606  3.7e-09        -
 393    1.75e-08  4.1191e-11 out  924   80  924     2     3      0  1628  2.8e-08        -
 400  1.7788e-08  4.1191e-11      938   80  938     2     3      0  1649  6.4e-07        -
 406     1.8e-08  2.3448e-11 out  950   81  950     2     3      0  1667  5.1e-09        -
 412  1.8281e-08  4.6897e-11      962   82  962     2     3      0  1685  6.4e-07        -
 416  1.8461e-08  3.8965e-11      974   83  974     2     3      0  1705  1.1e-08        -
 421  1.8656e-08  3.8965e-11      984   84  984     2     3      0  1720  1.9e-07        -
 425  1.8831e-08  5.7872e-11      994   86  994     2     4      0  1736  8.1e-08        -
 428  1.8967e-08  3.2602e-11     1004   89 1004     2     4      0  1753  4.9e-09        -
 432  1.9156e-08  5.8683e-11     1016   91 1016     2     4      0  1775    9e-08        -
 437  1.9446e-08  5.4389e-11     1028   92 1028     2     4      0  1796  2.7e-09        -
 440  1.9609e-08  5.4389e-11     1040   92 1040     2     4      0  1820  2.5e-09        -
 443  1.9772e-08  5.4389e-11     1052   92 1052     2     4      0  1844  2.4e-09        -
 447  1.9968e-08  3.2445e-11     1066   93 1066     2     4      0  1871  6.5e-09        -
 451  2.0195e-08  6.4891e-11     1074   94 1074     2     4      0  1885  3.8e-09        -
 454  2.0389e-08  6.4891e-11     1080   94 1080     2     4      0  1897  8.2e-09        -
 457  2.0555e-08  5.5328e-11     1090   96 1090     2     4      0  1914    5e-07        -
 461  2.0832e-08  1.1066e-10     1097   97 1097     2     4      0  1925        0        -
 468    2.35e-08       5e-10 out 1104   99 1104     2     4      0  1925        0        -
 479     2.9e-08       5e-10 out 1115   99 1115     2     4      0  1925        0        -
 489     3.4e-08       5e-10 out 1125   99 1125     2     4      0  1925        0        -
 497     3.8e-08       5e-10 out 1133   99 1133     2     4      0  1925        0        -
 508    4.35e-08       5e-10 out 1144   99 1144     2     4      0  1925        0        -
 518    4.85e-08       5e-10 out 1154   99 1154     2     4      0  1925        0        -
 528    5.35e-08       5e-10 out 1164   99 1164     2     4      0  1925        0        -
 540    5.95e-08       5e-10 out 1176   99 1176     2     4      0  1925        0        -
 551     6.5e-08       5e-10 out 1187   99 1187     2     4      0  1925        0        -
 562    7.05e-08       5e-10 out 1198   99 1198     2     4      0  1925        0        -
 574    7.65e-08       5e-10 out 1210   99 1210     2     4      0  1925        0        -
 586    8.25e-08       5e-10 out 1222   99 1222     2     4      0  1925        0        -
 596    8.75e-08       5e-10 out 1232   99 1232     2     4      0  1925        0        -
 608    9.35e-08       5e-10 out 1244   99 1244     2     4      0  1925        0        -
 620    9.95e-08       5e-10 out 1256   99 1256     2     4      0  1925        0        -
 631    1.05e-07       5e-10 out 1267   99 1267     2     4      0  1925        0        -
 643    1.11e-07       5e-10 out 1279   99 1279     2     4      0  1925        0        -
 654   1.165e-07       5e-10 out 1290   99 1290     2     4      0  1925        0        -
 665    1.22e-07       5e-10 out 1301   99 1301     2     4      0  1925        0        -
 677    1.28e-07       5e-10 out 1313   99 1313     2     4      0  1925        0        -
 687    1.33e-07       5e-10 out 1323   99 1323     2     4      0  1925        0        -
 697    1.38e-07       5e-10 out 1333   99 1333     2     4      0  1925        0        -
 709    1.44e-07       5e-10 out 1345   99 1345     2     4      0  1925        0        -
 721     1.5e-07       5e-10 out 1357   99 1357     2     4      0  1925        0        -
 733    1.56e-07       5e-10 out 1369   99 1369     2     4      0  1925        0        -
---        当前进度:  36 % - 
 744   1.615e-07       5e-10 out 1380   99 1380     2     4      0  1925        0        -
 755    1.67e-07       5e-10 out 1391   99 1391     2     4      0  1925        0        -
 765    1.72e-07       5e-10 out 1401   99 1401     2     4      0  1925        0        -
 777    1.78e-07       5e-10 out 1413   99 1413     2     4      0  1925        0        -
 789    1.84e-07       5e-10 out 1425   99 1425     2     4      0  1925        0        -
 801     1.9e-07       5e-10 out 1437   99 1437     2     4      0  1925        0        -
 813    1.96e-07       5e-10 out 1449   99 1449     2     4      0  1925        0        -
 825    2.02e-07       5e-10 out 1461   99 1461     2     4      0  1925        0        -
 836   2.075e-07       5e-10 out 1472   99 1472     2     4      0  1925        0        -
 847    2.13e-07       5e-10 out 1483   99 1483     2     4      0  1925        0        -
 859    2.19e-07       5e-10 out 1495   99 1495     2     4      0  1925        0        -
 871    2.25e-07       5e-10 out 1507   99 1507     2     4      0  1925        0        -
 882   2.305e-07       5e-10 out 1518   99 1518     2     4      0  1925        0        -
 894   2.365e-07       5e-10 out 1530   99 1530     2     4      0  1925        0        -
 905    2.42e-07       5e-10 out 1541   99 1541     2     4      0  1925        0        -
 917    2.48e-07       5e-10 out 1553   99 1553     2     4      0  1925        0        -
 929    2.54e-07       5e-10 out 1565   99 1565     2     4      0  1925        0        -
 940   2.595e-07       5e-10 out 1576   99 1576     2     4      0  1925        0        -
 952   2.655e-07       5e-10 out 1588   99 1588     2     4      0  1925        0        -
 963    2.71e-07       5e-10 out 1599   99 1599     2     4      0  1925        0        -
 973    2.76e-07       5e-10 out 1609   99 1609     2     4      0  1925        0        -
 985    2.82e-07       5e-10 out 1621   99 1621     2     4      0  1925        0        -
 996   2.875e-07       5e-10 out 1632   99 1632     2     4      0  1925        0        -
1005    2.92e-07       5e-10 out 1641   99 1641     2     4      0  1925        0        -
1016   2.975e-07       5e-10 out 1652   99 1652     2     4      0  1925        0        -
1026   3.025e-07       5e-10 out 1662   99 1662     2     4      0  1925        0        -
1036   3.075e-07       5e-10 out 1672   99 1672     2     4      0  1925        0        -
1048   3.135e-07       5e-10 out 1684   99 1684     2     4      0  1925        0        -
1059    3.19e-07       5e-10 out 1695   99 1695     2     4      0  1925        0        -
1071    3.25e-07       5e-10 out 1707   99 1707     2     4      0  1925        0        -
1083    3.31e-07       5e-10 out 1719   99 1719     2     4      0  1925        0        -
1093    3.36e-07       5e-10 out 1729   99 1729     2     4      0  1925        0        -
1104   3.415e-07       5e-10 out 1740   99 1740     2     4      0  1925        0        -
1116   3.475e-07       5e-10 out 1752   99 1752     2     4      0  1925        0        -
1126   3.525e-07       5e-10 out 1762   99 1762     2     4      0  1925        0        -
1137    3.58e-07       5e-10 out 1773   99 1773     2     4      0  1925        0        -
1148   3.635e-07       5e-10 out 1784   99 1784     2     4      0  1925        0        -
1157    3.68e-07       5e-10 out 1793   99 1793     2     4      0  1925        0        -
1168   3.735e-07       5e-10 out 1804   99 1804     2     4      0  1925        0        -
1180   3.795e-07       5e-10 out 1816   99 1816     2     4      0  1925        0        -
1191    3.85e-07       5e-10 out 1827   99 1827     2     4      0  1925        0        -
1200   3.895e-07       5e-10 out 1836   99 1836     2     4      0  1925        0        -
1212   3.955e-07       5e-10 out 1848   99 1848     2     4      0  1925        0        -
1224   4.015e-07       5e-10 out 1860   99 1860     2     4      0  1925        0        -
1236   4.075e-07       5e-10 out 1872   99 1872     2     4      0  1925        0        -
1248   4.135e-07       5e-10 out 1884   99 1884     2     4      0  1925        0        -
1260   4.195e-07       5e-10 out 1896   99 1896     2     4      0  1925        0        -
1272   4.255e-07       5e-10 out 1908   99 1908     2     4      0  1925        0        -
1284   4.315e-07       5e-10 out 1920   99 1920     2     4      0  1925        0        -
1295    4.37e-07       5e-10 out 1931   99 1931     2     4      0  1925        0        -
1307    4.43e-07       5e-10 out 1943   99 1943     2     4      0  1925        0        -
1319    4.49e-07       5e-10 out 1955   99 1955     2     4      0  1925        0        -
---------  当前进度:  91 % - 正在组装残差
1329    4.54e-07       5e-10 out 1965   99 1965     2     4      0  1925        0        -
1340   4.595e-07       5e-10 out 1976   99 1976     2     4      0  1925        0        -
1351    4.65e-07       5e-10 out 1987   99 1987     2     4      0  1925        0        -
1359    4.69e-07       5e-10 out 1995   99 1995     2     4      0  1925        0        -
1370   4.745e-07       5e-10 out 2006   99 2006     2     4      0  1925        0        -
1382   4.805e-07       5e-10 out 2018   99 2018     2     4      0  1925        0        -
1394   4.865e-07       5e-10 out 2030   99 2030     2     4      0  1925        0        -
1406   4.925e-07       5e-10 out 2042   99 2042     2     4      0  1925        0        -
1418   4.985e-07       5e-10 out 2054   99 2054     2     4      0  1925        0        -
1421       5e-07       5e-10 out 2057   99 2057     2     4      0  1925        0        -
---------- 当前进度: 100 % - 
求解时间：1 s。
物理内存: 1.65 GB
虚拟内存: 1.96 GB
结束时间：2026年9月4日 10:24:51。
----- Study 2 - Single_Muon_Diagnostic/解 2 (sol2) 中的“瞬态求解器 1” ----------------->
           当前进度:   0 % - 
-          当前进度:  15 % - 正在计算
--         当前进度:  27 % - 正在计算
---        当前进度:  39 % - 正在计算
-----      当前进度:  50 % - 正在计算
------     当前进度:  61 % - 正在计算
-------    当前进度:  71 % - 正在计算
--------   当前进度:  81 % - 正在计算
---------  当前进度:  92 % - 正在计算
Memory: 1252/1744 1283/2021
---------- 当前进度: 100 % - 正在计算
           当前进度:   0 % - 
---        当前进度:  34 % - 正在计算
---------  当前进度:  95 % - 正在计算
SHORT_GAP_CASE_COMPLETE=shortgap_40mm_f0p05_V12_5kV
SHORT_GAP_CASE_START=shortgap_40mm_f0p10_V12_1kV
           当前进度:   0 % - Study 1 - 3D Electrostatics stationary
           当前进度:   3 % - Study 1 - 3D Electrostatics stationary
<---- Study 1 - 3D Electrostatics stationary/解 1 (sol1) 中的“编译方程: 稳态” -----------
开始于 2026年9月4日 10:24:54。
几何形函数: 二次拉格朗日单元
几何形函数: 二次拉格朗日单元
在 Intel64 Family 6 Model 186 Stepping 2, GenuineIntel 上运行。
在以下位置使用 1 个插槽： 陈红星 上（共 1 个内核）。
可用内存：15.90 GB。
           当前进度:   3 % - 编译方程: 稳态
           当前进度:   6 % - 编译方程: 稳态
Memory: 1273/1744 1305/2021
           当前进度:   7 % - 编译方程: 稳态
Memory: 1277/1744 1309/2021
时间：1。
物理内存: 1.28 GB
虚拟内存: 1.31 GB
Warning: 自由空间采用真空条件，这会导致某些材料属性被忽略。请考虑为忽略的材料添加合适的物理场特征。

  - 节点: 自由空间 1

  - 物理场: Electrostatics: four finite-thickness rounded ring electrodes (es)

  - Materials: Natural Neon gas, representative relative permittivity (mat_gas), Representative alumina ceramic; epsilon_r=9.4 assumption (mat_diel)

  - Quantities: 相对介电常数, 相对介电常数
结束时间：2026年9月4日 10:24:55。
----- Study 1 - 3D Electrostatics stationary/解 1 (sol1) 中的“编译方程: 稳态” ---------->
<---- Study 1 - 3D Electrostatics stationary/解 1 (sol1) 中的“因变量 1” --------------
开始于 2026年9月4日 10:24:55。
           当前进度:   7 % - 因变量 1
Memory: 1278/1744 1309/2021
求解时间：0 s。
物理内存: 1.28 GB
虚拟内存: 1.31 GB
结束时间：2026年9月4日 10:24:55。
----- Study 1 - 3D Electrostatics stationary/解 1 (sol1) 中的“因变量 1” ------------->
<---- Study 1 - 3D Electrostatics stationary/解 1 (sol1) 中的“稳态求解器 1” ------------
开始于 2026年9月4日 10:24:56。
线性求解器 
求解的自由度数：106552。
--         当前进度:  24 % - 组装稀疏模式
Memory: 1282/1744 1314/2021
---        当前进度:  38 % - 
Memory: 1314/1744 1345/2021
找到对称矩阵。
缩放因变量：
电势 (comp1.V): 1
已使用正交零空间函数。
---        当前进度:  38 % - 组装延展
Memory: 1317/1744 1365/2021
-----      当前进度:  56 % - 组装矩阵
Memory: 1306/1744 1338/2021
Iter      SolEst     Damping    Stepsize #Res #Jac #Sol LinIt   LinErr   LinRes
---------  当前进度:  98 % - 求解线性方程组
Memory: 1317/1744 1356/2021
   1        0.79   1.0000000        0.79    1    1    1     4  1.9e-05  3.6e-08
---------- 当前进度: 100 % - 
Memory: 1312/1744 1348/2021
求解时间：3 s。
物理内存: 1.32 GB
虚拟内存: 1.37 GB
结束时间：2026年9月4日 10:24:59。
----- Study 1 - 3D Electrostatics stationary/解 1 (sol1) 中的“稳态求解器 1” ----------->
           当前进度:   0 % - Study 2 - Single_Muon_Diagnostic
Memory: 1311/1744 1346/2021
           当前进度:   3 % - Study 2 - Single_Muon_Diagnostic
<---- Study 2 - Single_Muon_Diagnostic/解 2 (sol2) 中的“编译方程: 瞬态” -----------------
开始于 2026年9月4日 10:24:59。
几何形函数: 二次拉格朗日单元
几何形函数: 二次拉格朗日单元
在 Intel64 Family 6 Model 186 Stepping 2, GenuineIntel 上运行。
在以下位置使用 1 个插槽： 陈红星 上（共 1 个内核）。
可用内存：15.90 GB。
           当前进度:   3 % - 编译方程: 瞬态
Memory: 1313/1744 1348/2021
           当前进度:   5 % - 编译方程: 瞬态
Memory: 1278/1744 1312/2021
时间：1。
物理内存: 1.31 GB
虚拟内存: 1.35 GB
Warning: 自由空间采用真空条件，这会导致某些材料属性被忽略。请考虑为忽略的材料添加合适的物理场特征。

  - 节点: 自由空间 1

  - 物理场: Electrostatics: four finite-thickness rounded ring electrodes (es)

  - Materials: Natural Neon gas, representative relative permittivity (mat_gas), Representative alumina ceramic; epsilon_r=9.4 assumption (mat_diel)

  - Quantities: 相对介电常数, 相对介电常数
结束时间：2026年9月4日 10:25:00。
----- Study 2 - Single_Muon_Diagnostic/解 2 (sol2) 中的“编译方程: 瞬态” ---------------->
<---- Study 2 - Single_Muon_Diagnostic/解 2 (sol2) 中的“因变量 1” --------------------
开始于 2026年9月4日 10:25:00。
不求解变量的值: 解 1 (sol1).
           当前进度:   5 % - 因变量 1
Memory: 1267/1744 1300/2021
求解时间：0 s。
物理内存: 1.28 GB
虚拟内存: 1.32 GB
结束时间：2026年9月4日 10:25:00。
----- Study 2 - Single_Muon_Diagnostic/解 2 (sol2) 中的“因变量 1” ------------------->
<---- Study 2 - Single_Muon_Diagnostic/解 2 (sol2) 中的“瞬态求解器 1” ------------------
开始于 2026年9月4日 10:25:01。
瞬态求解器（广义 α）
求解的自由度数：3（加上 4 个内部自由度）。
找到非对称矩阵。
缩放因变量：
颗粒位置 (comp1.qcpt): 1
Step        Time    Stepsize      Res  Jac  Sol Order Tfail NLfail LinIt   LinErr   LinRes
   0           0           - out    2    3    2                  0     0        0        0
   1    6.25e-11    6.25e-11       10    7   10     2     3      0    18  4.8e-08        -
   5   3.125e-10    6.25e-11       18    7   18     2     3      0    31  1.2e-10        -
   9   5.625e-10    6.25e-11       26    7   26     2     3      0    47  1.6e-10        -
  12  7.4375e-10   5.625e-11       36    8   36     2     3      0    66  1.2e-07        -
  16  9.5625e-10   4.375e-11       48   10   48     2     3      0    87  3.9e-08        -
  21   1.175e-09   4.375e-11       58   11   58     2     3      0   102    7e-07        -
  28  1.4687e-09   3.125e-11       76   12   76     2     3      0   136    7e-09        -
  34  1.6563e-09   3.125e-11       88   13   88     2     3      0   154  1.4e-07        -
  40  1.9063e-09    6.25e-11      100   14  100     2     3      0   173  2.4e-10        -
  42       2e-09  4.6875e-11 out  108   16  108     2     3      0   187  5.5e-08        -
  49  2.3281e-09  4.6875e-11      122   16  122     2     3      0   211    7e-11        -
  53     2.5e-09  3.9063e-11 out  134   18  134     2     3      0   233  2.1e-08        -
  59  2.7344e-09  3.9063e-11      146   18  146     2     3      0   251    5e-07        -
  65  2.9648e-09  3.5156e-11      160   18  160     2     3      0   274  5.5e-10        -
  69  3.1055e-09  3.5156e-11      176   18  176     2     3      0   306  5.5e-10        -
  72  3.2109e-09  3.5156e-11      188   18  188     2     3      0   330  5.5e-10        -
  76  3.3516e-09  3.5156e-11      204   18  204     2     3      0   362  5.4e-10        -
  80  3.4785e-09  2.1484e-11      218   19  218     2     3      0   389  5.5e-10        -
  86  3.7148e-09  4.2969e-11      230   20  230     2     3      0   407  2.9e-07        -
  92  3.9648e-09  3.5156e-11      246   21  246     2     3      0   433  6.5e-09        -
  98  4.1758e-09  3.5156e-11      258   22  258     2     3      0   451  1.4e-07        -
 105  4.4434e-09  5.6641e-11      272   23  272     2     3      0   472  8.1e-08        -
 112  4.8398e-09  5.6641e-11      286   23  286     2     3      0   498  3.4e-10        -
 116  5.0518e-09  5.1758e-11      300   23  300     2     3      0   526  1.3e-09        -
 120  5.2588e-09  5.1758e-11      316   23  316     2     3      0   558  1.3e-09        -
 124   5.457e-09  4.2969e-11      334   24  334     2     3      0   593  2.4e-08        -
           当前进度:   8 % - 正在组装残差
Memory: 1260/1744 1291/2021
 129  5.6719e-09  4.2969e-11      344   25  344     2     3      0   608  4.1e-07        -
 136  5.9648e-09  3.5156e-11      362   26  362     2     3      0   637  9.3e-09        -
 142  6.1758e-09  3.5156e-11      374   27  374     2     3      0   655  2.1e-07        -
 149  6.4219e-09  3.5156e-11      388   27  388     2     3      0   676  5.1e-07        -
 153   6.543e-09  4.2969e-11      396   29  396     2     3      0   688  3.4e-08        -
 160  6.8438e-09  4.2969e-11      410   29  410     2     3      0   710  7.5e-11        -
 164       7e-09  3.5156e-11 out  422   31  422     2     3      0   732  1.9e-08        -
 170  7.2109e-09  3.5156e-11      434   31  434     2     3      0   750  5.5e-07        -
 177   7.457e-09  3.5156e-11      448   31  448     2     3      0   774  3.8e-11        -
 182  7.6289e-09  4.2973e-11      458   33  458     2     3      0   789  6.4e-07        -
 189  7.9297e-09  4.2973e-11      472   33  472     2     3      0   816    1e-10        -
 192  8.0351e-09  3.5137e-11      482   35  482     2     3      0   833  1.1e-07        -
 199  8.2811e-09  3.5137e-11      496   35  496     2     3      0   854  6.2e-07        -
 203  8.4216e-09  3.5137e-11      504   35  504     2     3      0   866  8.4e-07        -
 207  8.5432e-09  4.3216e-11      512   37  512     2     3      0   878  4.6e-08        -
 213  8.8025e-09  4.3216e-11      524   37  524     2     3      0   896  9.9e-07        -
 217  8.9661e-09  3.3921e-11      536   38  536     2     3      0   919  1.2e-08        -
 221  9.1623e-09  6.0508e-11      548   41  548     2     3      0   939  2.2e-07        -
 226  9.4522e-09  4.7847e-11      562   43  562     2     3      0   965  6.9e-08        -
 230  9.6435e-09  4.7847e-11      570   44  570     2     3      0   977    9e-07        -
 236  9.9306e-09  4.7847e-11      582   44  582     2     3      0  1001  2.5e-10        -
 238       1e-08  3.4687e-11 out  590   46  590     2     3      0  1015  1.2e-08        -
 243  1.0173e-08  3.4687e-11      600   46  600     2     3      0  1030  2.3e-07        -
 248  1.0347e-08  3.4687e-11      610   46  610     2     3      0  1045  4.5e-07        -
 252  1.0475e-08  2.4534e-11      622   47  622     2     3      0  1065  1.5e-09        -
 255  1.0574e-08  4.9069e-11      628   49  628     2     3      0  1074  4.5e-08        -
 258  1.0716e-08  4.4162e-11      638   50  638     2     3      0  1091  2.4e-08        -
 264  1.0968e-08  3.1645e-11      654   52  654     2     3      0  1117  4.2e-09        -
 268  1.1095e-08  3.1645e-11      662   53  662     2     3      0  1129  5.3e-08        -
 274  1.1285e-08  3.1645e-11      674   53  674     2     3      0  1147  1.5e-07        -
 279  1.1456e-08   4.431e-11      688   54  688     2     3      0  1170  2.6e-08        -
 285  1.1722e-08   4.431e-11      700   55  700     2     3      0  1188  4.6e-07        -
 291  1.1972e-08  2.8448e-11      712   56  712     2     3      0  1206  2.8e-09        -
 295  1.2171e-08  5.6897e-11      720   57  720     2     3      0  1218  8.3e-07        -
 300  1.2449e-08  5.0862e-11      734   58  734     2     3      0  1245  5.7e-08        -
 305  1.2703e-08  5.0862e-11      744   59  744     2     3      0  1260  9.9e-07        -
 310  1.2953e-08  4.6552e-11      756   59  756     2     3      0  1284  5.1e-10        -
 314   1.314e-08  4.6552e-11      772   59  772     2     3      0  1316  5.2e-10        -
 317  1.3279e-08  4.6552e-11      784   59  784     2     3      0  1340  5.2e-10        -
 321  1.3459e-08  4.0518e-11      802   60  802     2     3      0  1375  2.1e-08        -
 327  1.3703e-08  4.0518e-11      814   61  814     2     3      0  1393  4.8e-07        -
 334  1.3973e-08  2.7152e-11      832   62  832     2     3      0  1423  3.8e-09        -
 339   1.419e-08  5.4305e-11      842   64  842     2     3      0  1439  2.1e-10        -
 344  1.4454e-08  4.6358e-11      856   65  856     2     3      0  1466    8e-08        -
 349  1.4685e-08  4.6358e-11      866   66  866     2     3      0  1483  1.5e-10        -
-          当前进度:  10 % - 正在组装残差
 355  1.4959e-08   4.139e-11      882   67  882     2     3      0  1514  5.1e-08        -
 360  1.5166e-08   4.139e-11      892   68  892     2     3      0  1529  8.3e-07        -
 367  1.5455e-08   4.139e-11      906   68  906     2     3      0  1557  1.9e-10        -
 372  1.5634e-08  4.4712e-11      916   70  916     2     3      0  1572  5.8e-07        -
 377  1.5858e-08  4.4712e-11      926   70  926     2     3      0  1591  2.1e-10        -
 382  1.6053e-08  5.2875e-11      936   72  936     2     3      0  1608  1.3e-07        -
 389  1.6423e-08  5.2875e-11      950   72  950     2     3      0  1635  5.8e-10        -
 392  1.6538e-08  3.8499e-11      960   74  960     2     3      0  1652  1.2e-07        -
 399  1.6808e-08  3.8499e-11      974   74  974     2     3      0  1673    8e-07        -
 406  1.7077e-08  3.8254e-11      988   74  988     2     3      0  1699  4.1e-11        -
 413  1.7344e-08  3.8254e-11     1002   74 1002     2     3      0  1727  1.9e-11        -
 419  1.7541e-08  4.0947e-11     1014   76 1014     2     3      0  1748  2.6e-08        -
 425  1.7787e-08  4.0947e-11     1026   76 1026     2     3      0  1766  6.1e-07        -
 431     1.8e-08  2.4793e-11 out 1038   77 1038     2     3      0  1784  7.2e-09        -
 435  1.8164e-08  4.4627e-11     1050   78 1050     2     3      0  1806    3e-10        -
 438  1.8298e-08  4.4627e-11     1062   78 1062     2     3      0  1830  2.8e-10        -
 442  1.8466e-08  3.4303e-11     1080   79 1080     2     3      0  1865  6.4e-09        -
 447  1.8637e-08  3.4303e-11     1090   80 1090     2     3      0  1880  1.1e-07        -
 450  1.8798e-08  5.7661e-11     1100   82 1100     2     3      0  1897  8.6e-08        -
 453  1.8957e-08  4.3449e-11     1110   84 1110     2     3      0  1914  2.2e-08        -
 459  1.9217e-08  4.3449e-11     1122   85 1122     2     3      0  1932  4.9e-07        -
 465    1.95e-08  6.5512e-11 out 1134   86 1134     2     3      0  1950  2.1e-07        -
 472  1.9947e-08  5.3464e-11     1152   87 1152     2     3      0  1985  8.6e-08        -
 478  2.0267e-08  5.3464e-11     1164   88 1164     2     3      0  2006  5.5e-10        -
 482  2.0464e-08  3.6145e-11     1176   89 1176     2     3      0  2029  1.2e-08        -
 485  2.0608e-08   7.229e-11     1182   91 1182     2     3      0  2038  3.8e-07        -
 488  2.0796e-08  5.8137e-11     1196   94 1196     2     3      0  2063  1.3e-07        -
 491  2.0956e-08  4.3982e-11     1206   96 1206     2     3      0  2080  3.5e-08        -
 496  2.1176e-08  4.3982e-11     1216   97 1216     2     3      0  2095  6.3e-07        -
 503   2.147e-08  3.0092e-11     1234   98 1234     2     3      0  2128  6.8e-09        -
 508  2.1741e-08  6.0183e-11     1244  100 1244     2     3      0  2146  7.5e-10        -
 512  2.1958e-08  4.2368e-11     1256  102 1256     2     3      0  2168  4.6e-08        -
 519  2.2254e-08  4.2368e-11     1270  102 1270     2     3      0  2191  2.1e-10        -
 524  2.2462e-08  3.8161e-11     1284  103 1284     2     3      0  2218  2.8e-08        -
 530  2.2691e-08  3.8161e-11     1296  104 1296     2     3      0  2236  5.6e-07        -
 537  2.2958e-08  3.8161e-11     1310  104 1310     2     3      0  2260  1.9e-10        -
 542  2.3126e-08  4.2066e-11     1320  106 1320     2     3      0  2275  3.6e-07        -
 548  2.3396e-08  5.9753e-11     1334  108 1334     2     4      0  2298  2.1e-07        -
 551  2.3552e-08  5.1859e-11     1344  110 1344     2     4      0  2315  5.3e-07        -
 558  2.3915e-08  5.1859e-11     1358  110 1358     2     4      0  2342  7.8e-10        -
 560     2.4e-08  4.2563e-11 out 1366  112 1366     2     4      0  2356  4.5e-08        -
 567  2.4298e-08  4.2563e-11     1380  112 1380     2     4      0  2379  2.3e-10        -
 571  2.4463e-08  3.7185e-11     1392  113 1392     2     4      0  2402  2.3e-08        -
 576  2.4649e-08  3.7185e-11     1402  114 1402     2     4      0  2417  3.8e-07        -
 583  2.4909e-08  3.7185e-11     1416  114 1416     2     4      0  2439  6.2e-11        -
 586     2.5e-08  2.6892e-11 out 1426  116 1426     2     4      0  2457  2.9e-09        -
 591  2.5269e-08  5.3784e-11     1436  117 1436     2     4      0  2474  5.7e-10        -
 594  2.5414e-08  4.8405e-11     1446  119 1446     2     4      0  2491  2.1e-07        -
-          当前进度:  11 % - 正在组装残差
 596    2.55e-08  4.2933e-11 out 1454  121 1454     2     4      0  2505  2.2e-08        -
 603  2.5801e-08  4.2933e-11     1468  121 1468     2     4      0  2526    6e-07        -
 607  2.5965e-08  3.5333e-11     1480  122 1480     2     4      0  2546  7.1e-09        -
 610   2.613e-08   5.976e-11     1490  125 1490     2     4      0  2563  9.9e-08        -
 615  2.6429e-08   5.976e-11     1500  126 1500     2     4      0  2580  1.1e-09        -
 620   2.667e-08  6.3695e-11     1514  129 1514     2     4      0  2603  1.6e-07        -
 625  2.6962e-08  3.7683e-11     1524  131 1524     2     4      0  2620  1.3e-08        -
 628  2.7143e-08  6.7829e-11     1534  133 1534     2     4      0  2637  2.5e-07        -
 633  2.7457e-08  4.2746e-11     1544  135 1544     2     4      0  2655  2.8e-08        -
 636  2.7657e-08  7.1366e-11     1554  137 1554     2     4      0  2672  3.6e-07        -
 639  2.7857e-08   6.423e-11     1564  140 1564     2     4      0  2689  2.2e-07        -
 643  2.8079e-08  7.9085e-11     1572  142 1572     2     4      0  2702  8.1e-07        -
 646  2.8279e-08  6.2041e-11     1586  145 1586     2     4      0  2727  1.7e-07        -
 649  2.8452e-08  4.8462e-11     1596  147 1596     2     4      0  2744  5.1e-08        -
 655  2.8742e-08  4.8462e-11     1608  148 1608     2     4      0  2763  3.7e-10        -
 661     2.9e-08   3.192e-11 out 1620  149 1620     2     4      0  2785  3.8e-08        -
 665  2.9249e-08  5.7457e-11     1632  151 1632     2     4      0  2807  1.5e-07        -
 669  2.9461e-08  3.9325e-11     1644  153 1644     2     4      0  2828  2.3e-08        -
 675  2.9697e-08  3.9325e-11     1656  154 1656     2     4      0  2846  4.9e-07        -
 682  2.9966e-08  3.3711e-11     1674  155 1674     2     4      0  2876  1.1e-08        -
 685  3.0121e-08  5.3864e-11     1684  158 1684     2     4      0  2893  1.1e-07        -
 688  3.0272e-08  4.8478e-11     1694  161 1694     2     4      0  2910  6.8e-08        -
 692  3.0459e-08  4.1231e-11     1706  162 1706     2     4      0  2930    3e-08        -
 694   3.056e-08   5.985e-11     1712  165 1712     2     5      0  2939  1.9e-07        -
 697  3.0721e-08  5.3865e-11     1722  167 1722     2     5      0  2956  5.7e-07        -
 703     3.1e-08  3.1547e-11 out 1734  168 1734     2     5      0  2978  3.8e-08        -
 709  3.1379e-08  6.3095e-11     1746  169 1746     2     5      0  3001  1.8e-09        -
 714  3.1682e-08  6.0715e-11     1761  169 1761     2     5      0  3031  1.2e-09        -
 719  3.1963e-08  3.7496e-11     1775  170 1775     2     5      0  3058  1.9e-08        -
 726  3.2225e-08  3.7496e-11     1789  170 1789     2     5      0  3079  5.5e-07        -
 729  3.2422e-08   6.112e-11     1799  173 1799     2     5      0  3096  1.5e-07        -
 735  3.2656e-08  3.8894e-11     1811  174 1811     2     5      0  3114  2.9e-07        -
 742  3.2928e-08  3.8894e-11     1825  174 1825     2     5      0  3135  6.4e-07        -
 746  3.3131e-08  5.9208e-11     1839  176 1839     2     5      0  3161  8.4e-08        -
 751  3.3427e-08  5.9208e-11     1849  177 1849     2     5      0  3178  1.1e-09        -
 756  3.3674e-08  6.4912e-11     1863  180 1863     2     5      0  3201  1.3e-07        -
 761  3.3967e-08  3.3284e-11     1873  182 1873     2     5      0  3218    5e-09        -
 766  3.4266e-08  6.6569e-11     1883  183 1883     2     5      0  3235  1.7e-09        -
 769   3.445e-08  5.0293e-11     1893  184 1893     2     5      0  3254    4e-08        -
 771  3.4576e-08    7.63e-11     1899  187 1899     2     6      0  3264  3.3e-07        -
 774  3.4782e-08   6.867e-11     1909  189 1909     2     6      0  3282  5.7e-10        -
 779   3.508e-08  8.0348e-11     1919  191 1919     2     6      0  3299  4.9e-07        -
 781  3.5225e-08  7.2314e-11     1927  193 1927     2     6      0  3313  2.9e-07        -
 784  3.5435e-08  6.5199e-11     1937  194 1937     2     6      0  3332  1.8e-07        -
 788  3.5696e-08  6.5199e-11     1945  195 1945     2     6      0  3346  1.4e-09        -
-          当前进度:  13 % - 正在组装残差
 792  3.5946e-08  5.4404e-11     1957  196 1957     2     6      0  3369  7.6e-08        -
 797  3.6218e-08  5.4404e-11     1967  197 1967     2     6      0  3386  6.3e-10        -
 802  3.6468e-08  3.2384e-11     1977  198 1977     2     6      0  3405  6.1e-09        -
 807  3.6759e-08  6.4768e-11     1987  199 1987     2     6      0  3422  1.4e-09        -
 810   3.694e-08  5.8291e-11     1997  201 1997     2     6      0  3440  1.2e-07        -
 814  3.7089e-08   5.958e-11     2005  203 2005     2     6      0  3452  1.3e-07        -
 819  3.7381e-08  5.3622e-11     2019  204 2019     2     6      0  3478  7.6e-08        -
 823  3.7533e-08  3.2533e-11     2027  206 2027     2     6      0  3490  6.7e-08        -
 825  3.7656e-08  5.8559e-11     2035  208 2035     2     6      0  3504  9.2e-08        -
 828   3.782e-08  5.2703e-11     2045  211 2045     2     6      0  3521  5.6e-08        -
 831  3.7968e-08  3.1794e-11     2055  213 2055     2     6      0  3538  4.7e-09        -
 835  3.8153e-08  5.7229e-11     2067  215 2067     2     6      0  3558  9.1e-08        -
 837  3.8286e-08  6.3191e-11     2077  218 2077     2     7      0  3577  1.6e-07        -
 840  3.8456e-08  4.3802e-11     2087  220 2087     2     7      0  3594  2.8e-08        -
 843  3.8661e-08  7.3862e-11     2097  223 2097     2     7      0  3611  4.1e-07        -
 847  3.8942e-08  5.8473e-11     2109  225 2109     2     7      0  3633  1.5e-07        -
 852  3.9234e-08  5.8473e-11     2119  226 2119     2     7      0  3651  8.6e-10        -
 856  3.9455e-08  4.5344e-11     2131  227 2131     2     7      0  3674  3.4e-08        -
 861  3.9681e-08  4.5344e-11     2141  228 2141     2     7      0  3689  5.4e-07        -
 867  3.9953e-08  4.5344e-11     2153  228 2153     2     7      0  3709  4.8e-10        -
 871  4.0093e-08   4.656e-11     2161  230 2161     2     7      0  3721    1e-07        -
 877  4.0372e-08   4.656e-11     2173  230 2173     2     7      0  3739  5.5e-07        -
 880    4.05e-08  4.0482e-11 out 2183  232 2183     2     7      0  3756  8.3e-09        -
 882  4.0648e-08   6.674e-11     2191  234 2191     2     7      0  3770  8.5e-08        -
 885  4.0835e-08  6.0066e-11     2201  235 2201     2     7      0  3789  2.5e-09        -
 887  4.0947e-08  5.2679e-11     2211  236 2211     2     7      0  3808  2.6e-08        -
 889  4.1073e-08  7.3234e-11     2217  239 2217     2     8      0  3818  1.3e-07        -
 891  4.1205e-08   6.591e-11     2225  241 2225     2     8      0  3832  7.7e-08        -
 894  4.1403e-08   6.591e-11     2231  241 2231     2     8      0  3842    1e-09        -
 896    4.15e-08  4.8607e-11 out 2239  243 2239     2     8      0  3856  1.7e-08        -
 898  4.1676e-08  7.8527e-11     2247  245 2247     2     8      0  3870    2e-07        -
 900  4.1825e-08  7.0674e-11     2255  247 2255     2     8      0  3884  1.2e-07        -
 903     4.2e-08  5.2192e-11 out 2265  250 2265     2     8      0  3901  2.3e-08        -
 906  4.2241e-08  8.4495e-11     2275  252 2275     2     8      0  3918  2.7e-07        -
 908  4.2402e-08  7.6045e-11     2283  254 2283     2     8      0  3932  1.8e-07        -
 913  4.2648e-08  4.9195e-11     2293  255 2293     2     8      0  3947  3.1e-07        -
 919  4.2943e-08  4.9195e-11     2305  255 2305     2     8      0  3965  7.7e-07        -
 923  4.3114e-08  5.7249e-11     2313  257 2313     2     8      0  3977  1.7e-07        -
 929   4.345e-08  4.9628e-11     2329  258 2329     2     8      0  4003  1.2e-08        -
 934  4.3699e-08  4.9628e-11     2339  259 2339     2     8      0  4018  2.1e-07        -
 940  4.3973e-08  2.6676e-11     2351  260 2351     2     8      0  4036  5.4e-10        -
 945  4.4213e-08  5.3351e-11     2361  261 2361     2     8      0  4051  2.2e-07        -
 948  4.4391e-08  7.0775e-11     2369  263 2369     2     9      0  4063  5.4e-08        -
 950    4.45e-08  5.4559e-11 out 2377  265 2377     2     9      0  4077  1.4e-08        -
 952  4.4626e-08  7.1223e-11     2383  267 2383     2    10      0  4087  2.8e-08        -
 954  4.4754e-08    6.41e-11     2391  269 2391     2    10      0  4101  3.7e-08        -
 958     4.5e-08  5.8908e-11 out 2403  269 2403     2    10      0  4123  1.2e-09        -
-          当前进度:  15 % - 组装稀疏模式
 960  4.5131e-08  7.2069e-11     2411  271 2411     2    11      0  4138  6.3e-08        -
 962   4.527e-08  7.3795e-11     2421  274 2421     2    12      0  4157    8e-08        -
 963  4.5336e-08  6.6416e-11     2427  275 2427     2    12      0  4168  4.9e-08        -
 965  4.5451e-08  4.8767e-11     2435  277 2435     2    12      0  4182  1.1e-08        -
 969  4.5646e-08  4.8767e-11     2443  278 2443     2    12      0  4194  1.3e-07        -
 974   4.589e-08  4.8767e-11     2453  278 2453     2    12      0  4209  3.2e-07        -
 978  4.6061e-08  6.1099e-11     2461  280 2461     2    12      0  4221  4.7e-08        -
 984  4.6428e-08  6.1099e-11     2473  280 2473     2    12      0  4240    6e-10        -
 989  4.6645e-08  7.2307e-11     2483  282 2483     2    12      0  4255  8.6e-08        -
 992  4.6854e-08  6.5076e-11     2493  283 2493     2    12      0  4272  3.8e-08        -
 996   4.704e-08  4.0309e-11     2501  285 2501     2    12      0  4284  2.3e-08        -
 998  4.7192e-08  7.0844e-11     2509  287 2509     2    12      0  4298    5e-08        -
1001   4.739e-08   6.376e-11     2519  288 2519     2    12      0  4317  3.5e-10        -
1003    4.75e-08  5.4932e-11 out 2527  290 2527     2    12      0  4331  1.1e-08        -
1007   4.774e-08  7.5082e-11     2537  292 2537     2    13      0  4346  4.1e-08        -
1010  4.7938e-08  6.2487e-11     2551  293 2551     2    13      0  4373  1.2e-08        -
1014  4.8187e-08  6.2487e-11     2559  294 2559     2    13      0  4385  1.6e-07        -
1016   4.834e-08  7.2177e-11     2567  296 2567     2    14      0  4399  8.3e-10        -
1020  4.8544e-08  4.3994e-11     2577  297 2577     2    14      0  4416  3.7e-08        -
1022  4.8711e-08   7.919e-11     2585  299 2585     2    14      0  4430    6e-08        -
1025  4.8935e-08  6.5224e-11     2593  302 2593     2    15      0  4443  1.8e-08        -
1028  4.9171e-08  8.1022e-11     2605  305 2605     2    16      0  4464  9.2e-08        -
1032  4.9457e-08  4.2943e-11     2613  307 2613     2    16      0  4476  4.9e-09        -
1037  4.9801e-08  8.5885e-11     2623  308 2623     2    16      0  4492  1.4e-09        -
1042  5.0114e-08  5.6759e-11     2633  309 2633     2    16      0  4508  3.2e-07        -
1048  5.0449e-08  5.1345e-11     2647  309 2647     2    16      0  4531  1.4e-09        -
1051  5.0603e-08  5.1345e-11     2659  309 2659     2    16      0  4555  1.5e-09        -
1054  5.0757e-08  5.1345e-11     2671  309 2671     2    16      0  4579  1.4e-09        -
1057  5.0911e-08  5.1345e-11     2683  309 2683     2    16      0  4603  1.2e-09        -
1059     5.1e-08  4.4621e-11 out 2691  311 2691     2    16      0  4617  7.8e-09        -
1062   5.125e-08  8.0319e-11     2701  312 2701     2    16      0  4636  8.8e-09        -
1064  5.1394e-08  7.2287e-11     2709  314 2709     2    16      0  4650  9.2e-08        -
1066    5.15e-08  5.2773e-11 out 2717  316 2717     2    16      0  4664  1.6e-08        -
1069  5.1705e-08  7.2265e-11     2727  318 2727     2    17      0  4682  3.5e-09        -
1071  5.1862e-08  7.4432e-11     2735  320 2735     2    18      0  4698  4.3e-09        -
1072  5.1931e-08  6.8766e-11     2739  322 2739     2    19      0  4706  5.6e-08        -
1075  5.2156e-08  7.4098e-11     2749  324 2749     2    20      0  4725  4.1e-09        -
1077  5.2314e-08  7.4554e-11     2757  326 2757     2    21      0  4741  4.1e-09        -
1079  5.2444e-08  5.5813e-11     2765  328 2765     2    21      0  4755  2.8e-08        -
1084  5.2723e-08  5.5813e-11     2775  328 2775     2    21      0  4770  5.2e-07        -
1089     5.3e-08  5.4656e-11 out 2785  328 2785     2    21      0  4787    5e-09        -
1095  5.3328e-08  5.4656e-11     2797  328 2797     2    21      0  4811  8.2e-09        -
1100  5.3563e-08  6.2754e-11     2807  330 2807     2    21      0  4828  6.1e-08        -
1105  5.3877e-08  6.2754e-11     2817  330 2817     2    21      0  4845  9.7e-10        -
1111  5.4247e-08  6.1739e-11     2829  330 2829     2    21      0  4869  9.8e-09        -
1115  5.4466e-08  3.3912e-11     2837  331 2837     2    21      0  4884    2e-09        -
-          当前进度:  17 % - 正在组装残差
Memory: 1255/1744 1285/2021
1120  5.4771e-08  6.7825e-11     2847  332 2847     2    21      0  4899  9.2e-07        -
1123  5.4953e-08  4.6526e-11     2857  333 2857     2    21      0  4918  8.5e-09        -
1126  5.5175e-08  8.2406e-11     2867  336 2867     2    21      0  4937  1.4e-07        -
1129  5.5416e-08  8.3985e-11     2875  337 2875     2    21      0  4952  3.3e-08        -
1133  5.5626e-08  8.3985e-11     2883  339 2883     2    21      0  4964    5e-08        -
1137   5.625e-08     2.5e-10     2890  341 2890     2    21      0  4972        0        -
1145       6e-08       5e-10 out 2898  342 2898     2    21      0  4972        0        -
1155     6.5e-08       5e-10 out 2908  342 2908     2    21      0  4972        0        -
1165       7e-08       5e-10 out 2918  342 2918     2    21      0  4972        0        -
1175     7.5e-08       5e-10 out 2928  342 2928     2    21      0  4972        0        -
1185       8e-08       5e-10 out 2938  342 2938     2    21      0  4972        0        -
1195     8.5e-08       5e-10 out 2948  342 2948     2    21      0  4972        0        -
1203     8.9e-08       5e-10 out 2956  342 2956     2    21      0  4972        0        -
1213     9.4e-08       5e-10 out 2966  342 2966     2    21      0  4972        0        -
1223     9.9e-08       5e-10 out 2976  342 2976     2    21      0  4972        0        -
1231    1.03e-07       5e-10 out 2984  342 2984     2    21      0  4972        0        -
1241    1.08e-07       5e-10 out 2994  342 2994     2    21      0  4972        0        -
1251    1.13e-07       5e-10 out 3004  342 3004     2    21      0  4972        0        -
1261    1.18e-07       5e-10 out 3014  342 3014     2    21      0  4972        0        -
1271    1.23e-07       5e-10 out 3024  342 3024     2    21      0  4972        0        -
1282   1.285e-07       5e-10 out 3035  342 3035     2    21      0  4972        0        -
1292   1.335e-07       5e-10 out 3045  342 3045     2    21      0  4972        0        -
1303    1.39e-07       5e-10 out 3056  342 3056     2    21      0  4972        0        -
1313    1.44e-07       5e-10 out 3066  342 3066     2    21      0  4972        0        -
1319    1.47e-07       5e-10 out 3072  342 3072     2    21      0  4972        0        -
1330   1.525e-07       5e-10 out 3083  342 3083     2    21      0  4972        0        -
1336   1.555e-07       5e-10 out 3089  342 3089     2    21      0  4972        0        -
1342   1.585e-07       5e-10 out 3095  342 3095     2    21      0  4972        0        -
1352   1.635e-07       5e-10 out 3105  342 3105     2    21      0  4972        0        -
1362   1.685e-07       5e-10 out 3115  342 3115     2    21      0  4972        0        -
1373    1.74e-07       5e-10 out 3126  342 3126     2    21      0  4972        0        -
1384   1.795e-07       5e-10 out 3137  342 3137     2    21      0  4972        0        -
1394   1.845e-07       5e-10 out 3147  342 3147     2    21      0  4972        0        -
1404   1.895e-07       5e-10 out 3157  342 3157     2    21      0  4972        0        -
1414   1.945e-07       5e-10 out 3167  342 3167     2    21      0  4972        0        -
1424   1.995e-07       5e-10 out 3177  342 3177     2    21      0  4972        0        -
1434   2.045e-07       5e-10 out 3187  342 3187     2    21      0  4972        0        -
1445     2.1e-07       5e-10 out 3198  342 3198     2    21      0  4972        0        -
1455    2.15e-07       5e-10 out 3208  342 3208     2    21      0  4972        0        -
1464   2.195e-07       5e-10 out 3217  342 3217     2    21      0  4972        0        -
1474   2.245e-07       5e-10 out 3227  342 3227     2    21      0  4972        0        -
1484   2.295e-07       5e-10 out 3237  342 3237     2    21      0  4972        0        -
1493    2.34e-07       5e-10 out 3246  342 3246     2    21      0  4972        0        -
1503    2.39e-07       5e-10 out 3256  342 3256     2    21      0  4972        0        -
1513    2.44e-07       5e-10 out 3266  342 3266     2    21      0  4972        0        -
1522   2.485e-07       5e-10 out 3275  342 3275     2    21      0  4972        0        -
1532   2.535e-07       5e-10 out 3285  342 3285     2    21      0  4972        0        -
1541    2.58e-07       5e-10 out 3294  342 3294     2    21      0  4972        0        -
1551    2.63e-07       5e-10 out 3304  342 3304     2    21      0  4972        0        -
1561    2.68e-07       5e-10 out 3314  342 3314     2    21      0  4972        0        -
1572   2.735e-07       5e-10 out 3325  342 3325     2    21      0  4972        0        -
1578   2.765e-07       5e-10 out 3331  342 3331     2    21      0  4972        0        -
1588   2.815e-07       5e-10 out 3341  342 3341     2    21      0  4972        0        -
------     当前进度:  60 % - 正在组装残差
1598   2.865e-07       5e-10 out 3351  342 3351     2    21      0  4972        0        -
1605     2.9e-07       5e-10 out 3358  342 3358     2    21      0  4972        0        -
1615    2.95e-07       5e-10 out 3368  342 3368     2    21      0  4972        0        -
1625       3e-07       5e-10 out 3378  342 3378     2    21      0  4972        0        -
1635    3.05e-07       5e-10 out 3388  342 3388     2    21      0  4972        0        -
1645     3.1e-07       5e-10 out 3398  342 3398     2    21      0  4972        0        -
1655    3.15e-07       5e-10 out 3408  342 3408     2    21      0  4972        0        -
1665     3.2e-07       5e-10 out 3418  342 3418     2    21      0  4972        0        -
1675    3.25e-07       5e-10 out 3428  342 3428     2    21      0  4972        0        -
1685     3.3e-07       5e-10 out 3438  342 3438     2    21      0  4972        0        -
1695    3.35e-07       5e-10 out 3448  342 3448     2    21      0  4972        0        -
1705     3.4e-07       5e-10 out 3458  342 3458     2    21      0  4972        0        -
1715    3.45e-07       5e-10 out 3468  342 3468     2    21      0  4972        0        -
1725     3.5e-07       5e-10 out 3478  342 3478     2    21      0  4972        0        -
1735    3.55e-07       5e-10 out 3488  342 3488     2    21      0  4972        0        -
1745     3.6e-07       5e-10 out 3498  342 3498     2    21      0  4972        0        -
1755    3.65e-07       5e-10 out 3508  342 3508     2    21      0  4972        0        -
1765     3.7e-07       5e-10 out 3518  342 3518     2    21      0  4972        0        -
1775    3.75e-07       5e-10 out 3528  342 3528     2    21      0  4972        0        -
1785     3.8e-07       5e-10 out 3538  342 3538     2    21      0  4972        0        -
1795    3.85e-07       5e-10 out 3548  342 3548     2    21      0  4972        0        -
1805     3.9e-07       5e-10 out 3558  342 3558     2    21      0  4972        0        -
1815    3.95e-07       5e-10 out 3568  342 3568     2    21      0  4972        0        -
1826   4.005e-07       5e-10 out 3579  342 3579     2    21      0  4972        0        -
1837    4.06e-07       5e-10 out 3590  342 3590     2    21      0  4972        0        -
1848   4.115e-07       5e-10 out 3601  342 3601     2    21      0  4972        0        -
1859    4.17e-07       5e-10 out 3612  342 3612     2    21      0  4972        0        -
1869    4.22e-07       5e-10 out 3622  342 3622     2    21      0  4972        0        -
1879    4.27e-07       5e-10 out 3632  342 3632     2    21      0  4972        0        -
1890   4.325e-07       5e-10 out 3643  342 3643     2    21      0  4972        0        -
1901    4.38e-07       5e-10 out 3654  342 3654     2    21      0  4972        0        -
1910   4.425e-07       5e-10 out 3663  342 3663     2    21      0  4972        0        -
1921    4.48e-07       5e-10 out 3674  342 3674     2    21      0  4972        0        -
1930   4.525e-07       5e-10 out 3683  342 3683     2    21      0  4972        0        -
1938   4.565e-07       5e-10 out 3691  342 3691     2    21      0  4972        0        -
1948   4.615e-07       5e-10 out 3701  342 3701     2    21      0  4972        0        -
1958   4.665e-07       5e-10 out 3711  342 3711     2    21      0  4972        0        -
1968   4.715e-07       5e-10 out 3721  342 3721     2    21      0  4972        0        -
1978   4.765e-07       5e-10 out 3731  342 3731     2    21      0  4972        0        -
1988   4.815e-07       5e-10 out 3741  342 3741     2    21      0  4972        0        -
1997    4.86e-07       5e-10 out 3750  342 3750     2    21      0  4972        0        -
2007    4.91e-07       5e-10 out 3760  342 3760     2    21      0  4972        0        -
2017    4.96e-07       5e-10 out 3770  342 3770     2    21      0  4972        0        -
2025       5e-07       5e-10 out 3778  342 3778     2    21      0  4972        0        -
---------- 当前进度: 100 % - 
求解时间：2 s。
物理内存: 1.27 GB
虚拟内存: 1.3 GB
结束时间：2026年9月4日 10:25:03。
----- Study 2 - Single_Muon_Diagnostic/解 2 (sol2) 中的“瞬态求解器 1” ----------------->
           当前进度:   0 % - 
-          当前进度:  14 % - 正在计算
Memory: 1256/1744 1285/2021
--         当前进度:  24 % - 正在计算
---        当前进度:  34 % - 正在计算
----       当前进度:  44 % - 正在计算
-----      当前进度:  54 % - 正在计算
------     当前进度:  63 % - 正在计算
-------    当前进度:  72 % - 正在计算
--------   当前进度:  81 % - 正在计算
---------  当前进度:  91 % - 正在计算
---------  当前进度:  99 % - 正在计算
---------- 当前进度: 100 % - 正在计算
           当前进度:   0 % - 
---        当前进度:  34 % - 正在计算
---------  当前进度:  95 % - 正在计算
SHORT_GAP_CASE_COMPLETE=shortgap_40mm_f0p10_V12_1kV
SHORT_GAP_CASE_START=shortgap_40mm_f0p10_V12_3kV
           当前进度:   0 % - Study 1 - 3D Electrostatics stationary
           当前进度:   3 % - Study 1 - 3D Electrostatics stationary
<---- Study 1 - 3D Electrostatics stationary/解 1 (sol1) 中的“编译方程: 稳态” -----------
开始于 2026年9月4日 10:25:07。
几何形函数: 二次拉格朗日单元
几何形函数: 二次拉格朗日单元
在 Intel64 Family 6 Model 186 Stepping 2, GenuineIntel 上运行。
在以下位置使用 1 个插槽： 陈红星 上（共 1 个内核）。
可用内存：15.90 GB。
           当前进度:   3 % - 编译方程: 稳态
           当前进度:   6 % - 编译方程: 稳态
Memory: 1281/1744 1312/2021
           当前进度:   7 % - 编译方程: 稳态
Memory: 1285/1744 1316/2021
时间：1。
物理内存: 1.32 GB
虚拟内存: 1.99 GB
Warning: 自由空间采用真空条件，这会导致某些材料属性被忽略。请考虑为忽略的材料添加合适的物理场特征。

  - 节点: 自由空间 1

  - 物理场: Electrostatics: four finite-thickness rounded ring electrodes (es)

  - Materials: Natural Neon gas, representative relative permittivity (mat_gas), Representative alumina ceramic; epsilon_r=9.4 assumption (mat_diel)

  - Quantities: 相对介电常数, 相对介电常数
结束时间：2026年9月4日 10:25:08。
----- Study 1 - 3D Electrostatics stationary/解 1 (sol1) 中的“编译方程: 稳态” ---------->
<---- Study 1 - 3D Electrostatics stationary/解 1 (sol1) 中的“因变量 1” --------------
开始于 2026年9月4日 10:25:08。
           当前进度:   7 % - 因变量 1
Memory: 1322/1744 1987/2021
求解时间：0 s。
物理内存: 1.32 GB
虚拟内存: 1.99 GB
结束时间：2026年9月4日 10:25:08。
----- Study 1 - 3D Electrostatics stationary/解 1 (sol1) 中的“因变量 1” ------------->
<---- Study 1 - 3D Electrostatics stationary/解 1 (sol1) 中的“稳态求解器 1” ------------
开始于 2026年9月4日 10:25:09。
线性求解器 
求解的自由度数：106552。
--         当前进度:  24 % - 组装稀疏模式
Memory: 1299/1744 1331/2021
---        当前进度:  37 % - 组装矩阵
Memory: 1315/1744 1346/2021
找到对称矩阵。
缩放因变量：
电势 (comp1.V): 1
已使用正交零空间函数。
---        当前进度:  38 % - 组装延展
Memory: 1318/1744 1353/2021
-----      当前进度:  56 % - 组装矩阵
Memory: 1314/1744 1347/2021
Iter      SolEst     Damping    Stepsize #Res #Jac #Sol LinIt   LinErr   LinRes
--------   当前进度:  82 % - 求解线性方程组
Memory: 1326/1744 1365/2021
   1         0.8   1.0000000         0.8    1    1    1     4    2e-05  3.6e-08
---------- 当前进度: 100 % - 
Memory: 1321/1744 1356/2021
求解时间：3 s。
物理内存: 1.33 GB
虚拟内存: 1.98 GB
结束时间：2026年9月4日 10:25:12。
----- Study 1 - 3D Electrostatics stationary/解 1 (sol1) 中的“稳态求解器 1” ----------->
           当前进度:   0 % - Study 2 - Single_Muon_Diagnostic
Memory: 1320/1744 1355/2021
           当前进度:   3 % - Study 2 - Single_Muon_Diagnostic
<---- Study 2 - Single_Muon_Diagnostic/解 2 (sol2) 中的“编译方程: 瞬态” -----------------
开始于 2026年9月4日 10:25:12。
几何形函数: 二次拉格朗日单元
几何形函数: 二次拉格朗日单元
在 Intel64 Family 6 Model 186 Stepping 2, GenuineIntel 上运行。
在以下位置使用 1 个插槽： 陈红星 上（共 1 个内核）。
可用内存：15.90 GB。
           当前进度:   3 % - 编译方程: 瞬态
           当前进度:   5 % - 编译方程: 瞬态
Memory: 1270/1744 1302/2021
时间：1。
物理内存: 1.32 GB
虚拟内存: 1.36 GB
Warning: 自由空间采用真空条件，这会导致某些材料属性被忽略。请考虑为忽略的材料添加合适的物理场特征。

  - 节点: 自由空间 1

  - 物理场: Electrostatics: four finite-thickness rounded ring electrodes (es)

  - Materials: Natural Neon gas, representative relative permittivity (mat_gas), Representative alumina ceramic; epsilon_r=9.4 assumption (mat_diel)

  - Quantities: 相对介电常数, 相对介电常数
结束时间：2026年9月4日 10:25:13。
----- Study 2 - Single_Muon_Diagnostic/解 2 (sol2) 中的“编译方程: 瞬态” ---------------->
<---- Study 2 - Single_Muon_Diagnostic/解 2 (sol2) 中的“因变量 1” --------------------
开始于 2026年9月4日 10:25:13。
不求解变量的值: 解 1 (sol1).
           当前进度:   5 % - 因变量 1
Memory: 1271/1744 1302/2021
求解时间：0 s。
物理内存: 1.27 GB
虚拟内存: 1.31 GB
结束时间：2026年9月4日 10:25:13。
----- Study 2 - Single_Muon_Diagnostic/解 2 (sol2) 中的“因变量 1” ------------------->
<---- Study 2 - Single_Muon_Diagnostic/解 2 (sol2) 中的“瞬态求解器 1” ------------------
开始于 2026年9月4日 10:25:14。
瞬态求解器（广义 α）
求解的自由度数：3（加上 4 个内部自由度）。
找到非对称矩阵。
缩放因变量：
颗粒位置 (comp1.qcpt): 1
Step        Time    Stepsize      Res  Jac  Sol Order Tfail NLfail LinIt   LinErr   LinRes
   0           0           - out    2    3    2                  0     0        0        0
   1    6.25e-11    6.25e-11       10    7   10     2     3      0    18  4.8e-08        -
   8       5e-10    6.25e-11 out   24    7   24     2     3      0    43  4.4e-10        -
  12  7.4375e-10   5.625e-11       36    8   36     2     3      0    66  1.2e-07        -
  16  9.5625e-10   4.375e-11       48   10   48     2     3      0    87  3.9e-08        -
  20  1.1312e-09   4.375e-11       56   11   56     2     3      0    99  5.3e-07        -
  27  1.4375e-09   4.375e-11       70   11   70     2     3      0   125  1.1e-10        -
  30  1.5313e-09   3.125e-11       80   13   80     2     3      0   142  3.5e-08        -
  36  1.7188e-09   3.125e-11       92   13   92     2     3      0   160  1.9e-07        -
  39  1.8438e-09    6.25e-11       98   14   98     2     3      0   169  2.2e-07        -
  42       2e-09  4.6875e-11 out  108   16  108     2     3      0   187  5.5e-08        -
  47  2.2344e-09  4.6875e-11      118   16  118     2     3      0   203  1.9e-10        -
  52  2.4609e-09  3.9063e-11      132   17  132     2     3      0   230  2.2e-08        -
  57  2.6563e-09  3.9063e-11      142   18  142     2     3      0   245  3.4e-07        -
  62  2.8516e-09  3.9063e-11      152   18  152     2     3      0   260  7.5e-07        -
  66       3e-09  3.5156e-11 out  164   18  164     2     3      0   282  1.7e-09        -
  69  3.1055e-09  3.5156e-11      176   18  176     2     3      0   306  1.7e-09        -
  72  3.2109e-09  3.5156e-11      188   18  188     2     3      0   330  1.7e-09        -
  75  3.3164e-09  3.5156e-11      200   18  200     2     3      0   354  1.6e-09        -
  78  3.4219e-09  3.5156e-11      212   18  212     2     3      0   378  1.6e-09        -
  81     3.5e-09  2.1484e-11 out  220   19  220     2     3      0   392  2.7e-09        -
  84  3.6289e-09  4.2969e-11      226   20  226     2     3      0   401  1.5e-07        -
  91  3.9297e-09  4.2969e-11      240   20  240     2     3      0   422  6.2e-07        -
  93       4e-09  3.5156e-11 out  248   22  248     2     3      0   436  6.6e-09        -
  99  4.2109e-09  3.5156e-11      260   22  260     2     3      0   454  1.7e-07        -
 105  4.4434e-09  5.6641e-11      272   23  272     2     3      0   472  8.1e-08        -
 111  4.7832e-09  5.6641e-11      284   23  284     2     3      0   494  9.4e-10        -
 116  5.0518e-09  5.1758e-11      300   23  300     2     3      0   526    4e-09        -
 120  5.2588e-09  5.1758e-11      316   23  316     2     3      0   558  4.1e-09        -
 123  5.4141e-09  5.1758e-11      328   23  328     2     3      0   582  4.1e-09        -
           当前进度:   8 % - 组装矩阵
Memory: 1267/1744 1298/2021
 125     5.5e-09  4.2969e-11 out  336   25  336     2     3      0   596  2.4e-08        -
 131  5.7578e-09  4.2969e-11      348   25  348     2     3      0   614    6e-07        -
 136  5.9648e-09  3.5156e-11      362   26  362     2     3      0   637  9.3e-09        -
 142  6.1758e-09  3.5156e-11      374   27  374     2     3      0   655  2.1e-07        -
 147  6.3516e-09  3.5156e-11      384   27  384     2     3      0   670  4.2e-07        -
 153   6.543e-09  4.2969e-11      396   29  396     2     3      0   688  3.4e-08        -
 160  6.8438e-09  4.2969e-11      410   29  410     2     3      0   710  2.3e-10        -
 163  6.9648e-09  3.5156e-11      420   30  420     2     3      0   729  1.9e-08        -
 169  7.1758e-09  3.5156e-11      432   31  432     2     3      0   747  4.5e-07        -
 176  7.4219e-09  3.5156e-11      446   31  446     2     3      0   770  1.1e-10        -
 180   7.543e-09  4.2973e-11      454   33  454     2     3      0   783  7.1e-08        -
 187  7.8438e-09  4.2973e-11      468   33  468     2     3      0   808  2.4e-10        -
 190  7.9649e-09  3.5137e-11      478   34  478     2     3      0   827  2.4e-08        -
 195  8.1405e-09  3.5137e-11      488   35  488     2     3      0   842  3.5e-07        -
 202  8.3865e-09  3.5137e-11      502   35  502     2     3      0   863  7.7e-07        -
 207  8.5432e-09  4.3216e-11      512   37  512     2     3      0   878  4.5e-08        -
 214  8.8457e-09  4.3216e-11      526   37  526     2     3      0   900  2.8e-10        -
 217  8.9661e-09  3.3921e-11      536   38  536     2     3      0   919  1.2e-08        -
 220  9.1018e-09  6.7842e-11      542   40  542     2     3      0   928  3.8e-07        -
 222  9.2239e-09  6.1058e-11      550   42  550     2     3      0   942  2.3e-07        -
 226  9.4535e-09  4.6474e-11      562   43  562     2     3      0   965  5.9e-08        -
 230  9.6394e-09  4.6474e-11      570   44  570     2     3      0   977  7.7e-07        -
 236  9.9183e-09  4.6474e-11      582   44  582     2     3      0  1001  6.2e-10        -
 238       1e-08  4.0867e-11 out  590   46  590     2     3      0  1015  2.8e-08        -
 245  1.0286e-08  4.0867e-11      604   46  604     2     3      0  1036  7.2e-07        -
 250  1.0475e-08  2.5232e-11      614   47  614     2     3      0  1053  1.8e-09        -
 254  1.0621e-08  4.5417e-11      626   49  626     2     3      0  1073  3.2e-08        -
 259  1.0848e-08  4.5417e-11      636   50  636     2     3      0  1088  4.6e-07        -
 262   1.097e-08  3.0485e-11      646   51  646     2     3      0  1105  3.6e-09        -
 267  1.1122e-08  3.0485e-11      656   52  656     2     3      0  1120  5.7e-08        -
 273  1.1305e-08  3.0485e-11      668   52  668     2     3      0  1138  1.4e-07        -
 276  1.1448e-08   5.185e-11      678   54  678     2     3      0  1155  5.1e-08        -
 282  1.1759e-08   5.185e-11      690   55  690     2     3      0  1174  8.7e-10        -
 286  1.1957e-08  4.2598e-11      702   56  702     2     3      0  1197    2e-08        -
 290  1.2128e-08  4.2598e-11      710   57  710     2     3      0  1209  2.8e-07        -
 296  1.2383e-08  4.2598e-11      722   57  722     2     3      0  1227    8e-07        -
 299    1.25e-08  3.7008e-11 out  732   59  732     2     3      0  1244  1.1e-08        -
 302  1.2678e-08  6.6614e-11      742   61  742     2     3      0  1263  2.2e-07        -
 306  1.2937e-08  5.9953e-11      754   63  754     2     3      0  1285  1.2e-07        -
 311  1.3188e-08  6.2565e-11      764   65  764     2     3      0  1301  1.4e-09        -
 315  1.3425e-08  5.6309e-11      776   67  776     2     3      0  1323  1.1e-07        -
 321  1.3649e-08  3.7278e-11      788   68  788     2     3      0  1341    3e-07        -
 328   1.391e-08  3.7278e-11      802   68  802     2     3      0  1362  7.5e-07        -
 331     1.4e-08   2.633e-11 out  812   70  812     2     3      0  1379  3.2e-09        -
 337  1.4316e-08  5.2659e-11      824   71  824     2     3      0  1400    1e-09        -
 340  1.4461e-08  3.9362e-11      834   72  834     2     3      0  1419  3.4e-08        -
 346  1.4697e-08  3.9362e-11      846   73  846     2     3      0  1437  7.6e-07        -
-          当前进度:  10 % - 正在组装残差
 353  1.4966e-08  3.3508e-11      864   74  864     2     3      0  1471  1.7e-08        -
 358  1.5134e-08  3.3508e-11      874   75  874     2     3      0  1486  2.7e-07        -
 365  1.5369e-08  3.3508e-11      888   75  888     2     3      0  1507  6.6e-07        -
 368  1.5468e-08  3.2198e-11      895   75  895     2     3      0  1519  1.3e-10        -
 373  1.5629e-08  3.2198e-11      910   75  910     2     3      0  1549  1.4e-10        -
 377  1.5758e-08  3.2198e-11      922   75  922     2     3      0  1573  1.6e-10        -
 379  1.5879e-08  5.7323e-11      930   77  930     2     3      0  1587  1.9e-07        -
 384  1.6095e-08   6.337e-11      940   80  940     2     3      0  1602    3e-07        -
 386  1.6209e-08  5.7033e-11      948   82  948     2     3      0  1616  1.7e-07        -
 392    1.65e-08  3.1373e-11 out  960   83  960     2     3      0  1637  4.2e-08        -
 398  1.6845e-08  6.2747e-11      972   84  972     2     3      0  1659  2.9e-09        -
 400  1.6954e-08  4.6072e-11      980   85  980     2     3      0  1674  6.4e-08        -
 406   1.723e-08  4.6072e-11      992   86  992     2     3      0  1694  5.8e-10        -
 412    1.75e-08  4.2675e-11 out 1008   86 1008     2     3      0  1726    5e-10        -
 415  1.7628e-08  4.2675e-11     1020   86 1020     2     3      0  1750  5.2e-10        -
 418  1.7756e-08  4.2675e-11     1032   86 1032     2     3      0  1774  5.4e-10        -
 421  1.7884e-08  4.2675e-11     1044   86 1044     2     3      0  1798  5.8e-10        -
 423  1.7963e-08  3.6626e-11     1054   87 1054     2     3      0  1817  1.2e-08        -
 428  1.8147e-08  3.6626e-11     1064   88 1064     2     3      0  1832  1.6e-07        -
 435  1.8403e-08  3.6626e-11     1078   88 1078     2     3      0  1853  4.1e-07        -
 438    1.85e-08  3.0242e-11 out 1088   90 1088     2     3      0  1870  3.3e-09        -
 441  1.8669e-08  5.4436e-11     1098   93 1098     2     3      0  1887  6.4e-08        -
 447  1.8971e-08  2.9233e-11     1110   94 1110     2     3      0  1907  2.9e-09        -
 452  1.9234e-08  5.8467e-11     1120   95 1120     2     3      0  1923  1.7e-09        -
 456  1.9455e-08  4.5366e-11     1132   96 1132     2     3      0  1946  3.1e-08        -
 462  1.9727e-08  4.5366e-11     1144   97 1144     2     3      0  1964  6.9e-07        -
 468  1.9977e-08  2.3169e-11     1156   98 1156     2     3      0  1985  1.2e-09        -
 473  2.0185e-08  4.6338e-11     1166   99 1166     2     3      0  2000  5.2e-07        -
 479  2.0459e-08  4.1481e-11     1182  100 1182     2     3      0  2028  2.1e-08        -
 484  2.0666e-08  4.1481e-11     1192  101 1192     2     3      0  2043  3.9e-07        -
 488  2.0832e-08  4.1481e-11     1200  101 1200     2     3      0  2055  7.6e-07        -
 493     2.1e-08  2.1854e-11 out 1210  102 1210     2     3      0  2071    5e-09        -
 498  2.1219e-08  4.3709e-11     1220  103 1220     2     3      0  2086  5.8e-07        -
 504  2.1469e-08  3.1457e-11     1236  104 1236     2     3      0  2115  7.6e-09        -
 509   2.172e-08  6.2915e-11     1246  106 1246     2     3      0  2132  1.9e-09        -
 513  2.1954e-08  4.5526e-11     1258  107 1258     2     3      0  2155    6e-08        -
 519  2.2228e-08  4.5526e-11     1270  108 1270     2     3      0  2175  6.4e-10        -
 526  2.2545e-08  4.5131e-11     1284  108 1284     2     3      0  2203  2.7e-09        -
 530  2.2726e-08  4.5131e-11     1292  108 1292     2     3      0  2219  2.8e-09        -
 534  2.2906e-08  4.5131e-11     1300  108 1300     2     3      0  2235  2.6e-09        -
 537     2.3e-08  2.4343e-11 out 1306  109 1306     2     3      0  2245  1.2e-08        -
 542  2.3243e-08  4.8687e-11     1316  110 1316     2     3      0  2261  7.7e-10        -
 548    2.35e-08   3.091e-11 out 1328  111 1328     2     3      0  2283  3.4e-08        -
 552  2.3716e-08   6.182e-11     1336  112 1336     2     3      0  2297  1.9e-09        -
 556  2.3951e-08  4.9084e-11     1348  113 1348     2     3      0  2320  8.6e-08        -
 562  2.4245e-08  4.9084e-11     1360  114 1360     2     3      0  2340    1e-09        -
 567  2.4471e-08  2.9124e-11     1370  115 1370     2     3      0  2359  6.5e-09        -
 573  2.4791e-08  5.8247e-11     1382  116 1382     2     3      0  2380  2.5e-09        -
 577     2.5e-08  4.6134e-11 out 1394  118 1394     2     3      0  2402  4.5e-08        -
-          当前进度:  11 % - 正在组装残差
 581  2.5185e-08  4.6134e-11     1402  118 1402     2     3      0  2414  6.6e-07        -
 587  2.5458e-08  4.2397e-11     1416  118 1416     2     3      0  2440  2.5e-10        -
 590  2.5585e-08  4.2397e-11     1428  118 1428     2     3      0  2464  2.9e-10        -
 593  2.5712e-08  4.2397e-11     1439  118 1439     2     3      0  2486  2.2e-09        -
 597  2.5882e-08  4.2397e-11     1452  118 1452     2     3      0  2512  4.1e-10        -
 599  2.5962e-08  3.8013e-11     1462  119 1462     2     3      0  2531  9.9e-09        -
 605   2.619e-08  3.8013e-11     1474  120 1474     2     3      0  2549    2e-07        -
 610   2.644e-08  5.9933e-11     1488  122 1488     2     3      0  2572  9.6e-08        -
 616    2.68e-08  5.9933e-11     1500  123 1500     2     3      0  2593  3.6e-09        -
 620     2.7e-08  4.0235e-11 out 1512  125 1512     2     3      0  2615  1.6e-08        -
 622  2.7153e-08  7.2423e-11     1520  127 1520     2     3      0  2629    3e-07        -
 626  2.7435e-08  6.4919e-11     1532  129 1532     2     3      0  2651    2e-07        -
 632    2.85e-08     2.5e-10 out 1538  132 1538     2     3      0  2651        0        -
 642    3.35e-08       5e-10 out 1548  133 1548     2     3      0  2651        0        -
 654    3.95e-08       5e-10 out 1560  133 1560     2     3      0  2651        0        -
 665     4.5e-08       5e-10 out 1571  133 1571     2     3      0  2651        0        -
 676    5.05e-08       5e-10 out 1582  133 1582     2     3      0  2651        0        -
 688    5.65e-08       5e-10 out 1594  133 1594     2     3      0  2651        0        -
 700    6.25e-08       5e-10 out 1606  133 1606     2     3      0  2651        0        -
 712    6.85e-08       5e-10 out 1618  133 1618     2     3      0  2651        0        -
 724    7.45e-08       5e-10 out 1630  133 1630     2     3      0  2651        0        -
 736    8.05e-08       5e-10 out 1642  133 1642     2     3      0  2651        0        -
 747     8.6e-08       5e-10 out 1653  133 1653     2     3      0  2651        0        -
 758    9.15e-08       5e-10 out 1664  133 1664     2     3      0  2651        0        -
 769     9.7e-08       5e-10 out 1675  133 1675     2     3      0  2651        0        -
 781    1.03e-07       5e-10 out 1687  133 1687     2     3      0  2651        0        -
 792   1.085e-07       5e-10 out 1698  133 1698     2     3      0  2651        0        -
 803    1.14e-07       5e-10 out 1709  133 1709     2     3      0  2651        0        -
 814   1.195e-07       5e-10 out 1720  133 1720     2     3      0  2651        0        -
 826   1.255e-07       5e-10 out 1732  133 1732     2     3      0  2651        0        -
 837    1.31e-07       5e-10 out 1743  133 1743     2     3      0  2651        0        -
 842   1.335e-07       5e-10 out 1748  133 1748     2     3      0  2651        0        -
 854   1.395e-07       5e-10 out 1760  133 1760     2     3      0  2651        0        -
 864   1.445e-07       5e-10 out 1770  133 1770     2     3      0  2651        0        -
 875     1.5e-07       5e-10 out 1781  133 1781     2     3      0  2651        0        -
 887    1.56e-07       5e-10 out 1793  133 1793     2     3      0  2651        0        -
 894   1.595e-07       5e-10 out 1800  133 1800     2     3      0  2651        0        -
 905    1.65e-07       5e-10 out 1811  133 1811     2     3      0  2651        0        -
 917    1.71e-07       5e-10 out 1823  133 1823     2     3      0  2651        0        -
 926   1.755e-07       5e-10 out 1832  133 1832     2     3      0  2651        0        -
 938   1.815e-07       5e-10 out 1844  133 1844     2     3      0  2651        0        -
 950   1.875e-07       5e-10 out 1856  133 1856     2     3      0  2651        0        -
 959    1.92e-07       5e-10 out 1865  133 1865     2     3      0  2651        0        -
 970   1.975e-07       5e-10 out 1876  133 1876     2     3      0  2651        0        -
 982   2.035e-07       5e-10 out 1888  133 1888     2     3      0  2651        0        -
 990   2.075e-07       5e-10 out 1896  133 1896     2     3      0  2651        0        -
1002   2.135e-07       5e-10 out 1908  133 1908     2     3      0  2651        0        -
1014   2.195e-07       5e-10 out 1920  133 1920     2     3      0  2651        0        -
1025    2.25e-07       5e-10 out 1931  133 1931     2     3      0  2651        0        -
----       当前进度:  49 % - 正在组装残差
1036   2.305e-07       5e-10 out 1942  133 1942     2     3      0  2651        0        -
1047    2.36e-07       5e-10 out 1953  133 1953     2     3      0  2651        0        -
1054   2.395e-07       5e-10 out 1960  133 1960     2     3      0  2651        0        -
1062   2.435e-07       5e-10 out 1968  133 1968     2     3      0  2651        0        -
1069    2.47e-07       5e-10 out 1975  133 1975     2     3      0  2651        0        -
1077    2.51e-07       5e-10 out 1983  133 1983     2     3      0  2651        0        -
1088   2.565e-07       5e-10 out 1994  133 1994     2     3      0  2651        0        -
1099    2.62e-07       5e-10 out 2005  133 2005     2     3      0  2651        0        -
1110   2.675e-07       5e-10 out 2016  133 2016     2     3      0  2651        0        -
1121    2.73e-07       5e-10 out 2027  133 2027     2     3      0  2651        0        -
1132   2.785e-07       5e-10 out 2038  133 2038     2     3      0  2651        0        -
1142   2.835e-07       5e-10 out 2048  133 2048     2     3      0  2651        0        -
1153    2.89e-07       5e-10 out 2059  133 2059     2     3      0  2651        0        -
1165    2.95e-07       5e-10 out 2071  133 2071     2     3      0  2651        0        -
1176   3.005e-07       5e-10 out 2082  133 2082     2     3      0  2651        0        -
1187    3.06e-07       5e-10 out 2093  133 2093     2     3      0  2651        0        -
1198   3.115e-07       5e-10 out 2104  133 2104     2     3      0  2651        0        -
1209    3.17e-07       5e-10 out 2115  133 2115     2     3      0  2651        0        -
1220   3.225e-07       5e-10 out 2126  133 2126     2     3      0  2651        0        -
1231    3.28e-07       5e-10 out 2137  133 2137     2     3      0  2651        0        -
1242   3.335e-07       5e-10 out 2148  133 2148     2     3      0  2651        0        -
1252   3.385e-07       5e-10 out 2158  133 2158     2     3      0  2651        0        -
1261    3.43e-07       5e-10 out 2167  133 2167     2     3      0  2651        0        -
1272   3.485e-07       5e-10 out 2178  133 2178     2     3      0  2651        0        -
1283    3.54e-07       5e-10 out 2189  133 2189     2     3      0  2651        0        -
1293    3.59e-07       5e-10 out 2199  133 2199     2     3      0  2651        0        -
1304   3.645e-07       5e-10 out 2210  133 2210     2     3      0  2651        0        -
1314   3.695e-07       5e-10 out 2220  133 2220     2     3      0  2651        0        -
1320   3.725e-07       5e-10 out 2226  133 2226     2     3      0  2651        0        -
1328   3.765e-07       5e-10 out 2234  133 2234     2     3      0  2651        0        -
1335     3.8e-07       5e-10 out 2241  133 2241     2     3      0  2651        0        -
1338   3.815e-07       5e-10 out 2244  133 2244     2     3      0  2651        0        -
1343    3.84e-07       5e-10 out 2249  133 2249     2     3      0  2651        0        -
1350   3.875e-07       5e-10 out 2256  133 2256     2     3      0  2651        0        -
1356   3.905e-07       5e-10 out 2262  133 2262     2     3      0  2651        0        -
1363    3.94e-07       5e-10 out 2269  133 2269     2     3      0  2651        0        -
1371    3.98e-07       5e-10 out 2277  133 2277     2     3      0  2651        0        -
1378   4.015e-07       5e-10 out 2284  133 2284     2     3      0  2651        0        -
1388   4.065e-07       5e-10 out 2294  133 2294     2     3      0  2651        0        -
1400   4.125e-07       5e-10 out 2306  133 2306     2     3      0  2651        0        -
1409    4.17e-07       5e-10 out 2315  133 2315     2     3      0  2651        0        -
1419    4.22e-07       5e-10 out 2325  133 2325     2     3      0  2651        0        -
1430   4.275e-07       5e-10 out 2336  133 2336     2     3      0  2651        0        -
1440   4.325e-07       5e-10 out 2346  133 2346     2     3      0  2651        0        -
1451    4.38e-07       5e-10 out 2357  133 2357     2     3      0  2651        0        -
1463    4.44e-07       5e-10 out 2369  133 2369     2     3      0  2651        0        -
1474   4.495e-07       5e-10 out 2380  133 2380     2     3      0  2651        0        -
1485    4.55e-07       5e-10 out 2391  133 2391     2     3      0  2651        0        -
1497    4.61e-07       5e-10 out 2403  133 2403     2     3      0  2651        0        -
1508   4.665e-07       5e-10 out 2414  133 2414     2     3      0  2651        0        -
1520   4.725e-07       5e-10 out 2426  133 2426     2     3      0  2651        0        -
---------  当前进度:  96 % - 正在组装残差
1532   4.785e-07       5e-10 out 2438  133 2438     2     3      0  2651        0        -
1541    4.83e-07       5e-10 out 2447  133 2447     2     3      0  2651        0        -
1553    4.89e-07       5e-10 out 2459  133 2459     2     3      0  2651        0        -
1565    4.95e-07       5e-10 out 2471  133 2471     2     3      0  2651        0        -
1573    4.99e-07       5e-10 out 2479  133 2479     2     3      0  2651        0        -
1575       5e-07       5e-10 out 2481  133 2481     2     3      0  2651        0        -
---------- 当前进度: 100 % - 
求解时间：2 s。
物理内存: 1.27 GB
虚拟内存: 1.3 GB
结束时间：2026年9月4日 10:25:16。
----- Study 2 - Single_Muon_Diagnostic/解 2 (sol2) 中的“瞬态求解器 1” ----------------->
           当前进度:   0 % - 
-          当前进度:  16 % - 正在计算
--         当前进度:  27 % - 正在计算
---        当前进度:  38 % - 正在计算
----       当前进度:  48 % - 正在计算
-----      当前进度:  59 % - 正在计算
-------    当前进度:  70 % - 正在计算
--------   当前进度:  80 % - 正在计算
Memory: 1265/1744 1296/2021
---------  当前进度:  91 % - 正在计算
---------- 当前进度: 100 % - 正在计算
           当前进度:   0 % - 
---        当前进度:  34 % - 正在计算
---------  当前进度:  95 % - 正在计算
SHORT_GAP_CASE_COMPLETE=shortgap_40mm_f0p10_V12_3kV
SHORT_GAP_CASE_START=shortgap_40mm_f0p10_V12_5kV
           当前进度:   0 % - Study 1 - 3D Electrostatics stationary
           当前进度:   3 % - Study 1 - 3D Electrostatics stationary
<---- Study 1 - 3D Electrostatics stationary/解 1 (sol1) 中的“编译方程: 稳态” -----------
开始于 2026年9月4日 10:25:19。
几何形函数: 二次拉格朗日单元
几何形函数: 二次拉格朗日单元
在 Intel64 Family 6 Model 186 Stepping 2, GenuineIntel 上运行。
在以下位置使用 1 个插槽： 陈红星 上（共 1 个内核）。
可用内存：15.90 GB。
           当前进度:   3 % - 编译方程: 稳态
           当前进度:   6 % - 编译方程: 稳态
Memory: 1287/1744 1318/2021
           当前进度:   7 % - 编译方程: 稳态
Memory: 1295/1744 1326/2021
时间：1。
物理内存: 1.3 GB
虚拟内存: 1.33 GB
Warning: 自由空间采用真空条件，这会导致某些材料属性被忽略。请考虑为忽略的材料添加合适的物理场特征。

  - 节点: 自由空间 1

  - 物理场: Electrostatics: four finite-thickness rounded ring electrodes (es)

  - Materials: Natural Neon gas, representative relative permittivity (mat_gas), Representative alumina ceramic; epsilon_r=9.4 assumption (mat_diel)

  - Quantities: 相对介电常数, 相对介电常数
结束时间：2026年9月4日 10:25:20。
----- Study 1 - 3D Electrostatics stationary/解 1 (sol1) 中的“编译方程: 稳态” ---------->
<---- Study 1 - 3D Electrostatics stationary/解 1 (sol1) 中的“因变量 1” --------------
开始于 2026年9月4日 10:25:20。
           当前进度:   7 % - 因变量 1
Memory: 1296/1744 1326/2021
求解时间：0 s。
物理内存: 1.3 GB
虚拟内存: 1.33 GB
结束时间：2026年9月4日 10:25:20。
----- Study 1 - 3D Electrostatics stationary/解 1 (sol1) 中的“因变量 1” ------------->
<---- Study 1 - 3D Electrostatics stationary/解 1 (sol1) 中的“稳态求解器 1” ------------
开始于 2026年9月4日 10:25:21。
线性求解器 
求解的自由度数：106552。
--         当前进度:  24 % - 组装稀疏模式
Memory: 1316/1744 1348/2021
---        当前进度:  37 % - 组装矩阵
Memory: 1327/1744 1358/2021
找到对称矩阵。
缩放因变量：
电势 (comp1.V): 1
已使用正交零空间函数。
---        当前进度:  38 % - 组装延展
Memory: 1333/1744 1365/2021
-----      当前进度:  56 % - 组装矩阵
Memory: 1318/1744 1350/2021
Iter      SolEst     Damping    Stepsize #Res #Jac #Sol LinIt   LinErr   LinRes
---------  当前进度:  90 % - 求解线性方程组
Memory: 1324/1744 1361/2021
   1        0.79   1.0000000        0.79    1    1    1     4    2e-05  3.6e-08
---------- 当前进度: 100 % - 
Memory: 1311/1744 1345/2021
求解时间：3 s。
物理内存: 1.33 GB
虚拟内存: 1.37 GB
结束时间：2026年9月4日 10:25:24。
----- Study 1 - 3D Electrostatics stationary/解 1 (sol1) 中的“稳态求解器 1” ----------->
           当前进度:   0 % - Study 2 - Single_Muon_Diagnostic
Memory: 1277/1744 1309/2021
           当前进度:   3 % - Study 2 - Single_Muon_Diagnostic
Memory: 1345/1744 1980/2021
<---- Study 2 - Single_Muon_Diagnostic/解 2 (sol2) 中的“编译方程: 瞬态” -----------------
开始于 2026年9月4日 10:25:24。
几何形函数: 二次拉格朗日单元
几何形函数: 二次拉格朗日单元
在 Intel64 Family 6 Model 186 Stepping 2, GenuineIntel 上运行。
在以下位置使用 1 个插槽： 陈红星 上（共 1 个内核）。
可用内存：15.90 GB。
           当前进度:   3 % - 编译方程: 瞬态
Memory: 1511/1744 1980/2021
           当前进度:   5 % - 编译方程: 瞬态
Memory: 1536/1744 1956/2021
时间：1。
物理内存: 1.63 GB
虚拟内存: 1.98 GB
Warning: 自由空间采用真空条件，这会导致某些材料属性被忽略。请考虑为忽略的材料添加合适的物理场特征。

  - 节点: 自由空间 1

  - 物理场: Electrostatics: four finite-thickness rounded ring electrodes (es)

  - Materials: Natural Neon gas, representative relative permittivity (mat_gas), Representative alumina ceramic; epsilon_r=9.4 assumption (mat_diel)

  - Quantities: 相对介电常数, 相对介电常数
结束时间：2026年9月4日 10:25:25。
----- Study 2 - Single_Muon_Diagnostic/解 2 (sol2) 中的“编译方程: 瞬态” ---------------->
<---- Study 2 - Single_Muon_Diagnostic/解 2 (sol2) 中的“因变量 1” --------------------
开始于 2026年9月4日 10:25:25。
不求解变量的值: 解 1 (sol1).
           当前进度:   5 % - 因变量 1
Memory: 1640/1744 1961/2021
求解时间：0 s。
物理内存: 1.64 GB
虚拟内存: 1.96 GB
结束时间：2026年9月4日 10:25:25。
----- Study 2 - Single_Muon_Diagnostic/解 2 (sol2) 中的“因变量 1” ------------------->
<---- Study 2 - Single_Muon_Diagnostic/解 2 (sol2) 中的“瞬态求解器 1” ------------------
开始于 2026年9月4日 10:25:26。
瞬态求解器（广义 α）
求解的自由度数：3（加上 4 个内部自由度）。
找到非对称矩阵。
缩放因变量：
颗粒位置 (comp1.qcpt): 1
Step        Time    Stepsize      Res  Jac  Sol Order Tfail NLfail LinIt   LinErr   LinRes
   0           0           - out    2    3    2                  0     0        0        0
   1    6.25e-11    6.25e-11       10    7   10     2     3      0    18  4.8e-08        -
   6    3.75e-10    6.25e-11       20    7   20     2     3      0    35  6.5e-10        -
  11   6.875e-10    6.25e-11       30    7   30     2     3      0    60    7e-11        -
  13       8e-10   5.625e-11       38    9   38     2     3      0    75  1.2e-07        -
  16  9.5625e-10   4.375e-11       48   10   48     2     3      0    93  3.9e-08        -
  17       1e-09   4.375e-11 out   50   11   50     2     3      0    96    4e-08        -
  19  1.0875e-09   4.375e-11       54   11   54     2     3      0   102  3.7e-07        -
  21   1.175e-09   4.375e-11       58   11   58     2     3      0   108    7e-07        -
  24  1.3062e-09   4.375e-11       64   11   64     2     3      0   119  1.7e-10        -
  28  1.4687e-09   3.125e-11       76   12   76     2     3      0   142  7.2e-09        -
  30  1.5313e-09   3.125e-11       80   13   80     2     3      0   148  3.5e-08        -
  33   1.625e-09   3.125e-11       86   13   86     2     3      0   157  1.2e-07        -
  36  1.7188e-09   3.125e-11       92   13   92     2     3      0   166  1.9e-07        -
  39  1.8438e-09    6.25e-11       98   14   98     2     3      0   176  2.2e-07        -
  41  1.9531e-09  4.6875e-11      106   15  106     2     3      0   194  5.6e-08        -
  42       2e-09  4.6875e-11 out  108   16  108     2     3      0   197  5.6e-08        -
  45  2.1406e-09  4.6875e-11      114   16  114     2     3      0   206  7.1e-07        -
           当前进度:   7 % - 
Memory: 1271/1744 1301/2021
  48  2.2812e-09  4.6875e-11      120   16  120     2     3      0   217  3.3e-10        -
  51  2.4219e-09  4.6875e-11      126   16  126     2     3      0   229  3.9e-10        -
  52  2.4609e-09  3.9063e-11      132   17  132     2     3      0   240  2.4e-08        -
  54  2.5391e-09  3.9063e-11      136   18  136     2     3      0   246    1e-07        -
  58  2.6953e-09  3.9063e-11      144   18  144     2     3      0   258  4.3e-07        -
  62  2.8516e-09  3.9063e-11      152   18  152     2     3      0   270  7.5e-07        -
  66       3e-09  3.5156e-11 out  164   18  164     2     3      0   292  2.8e-09        -
  69  3.1055e-09  3.5156e-11      176   18  176     2     3      0   316  2.8e-09        -
  72  3.2109e-09  3.5156e-11      188   18  188     2     3      0   340  2.8e-09        -
  75  3.3164e-09  3.5156e-11      200   18  200     2     3      0   364  2.8e-09        -
  79   3.457e-09  3.5156e-11      216   18  216     2     3      0   396  2.7e-09        -
  83  3.5859e-09  4.2969e-11      224   20  224     2     3      0   408  9.1e-08        -
  90  3.8867e-09  4.2969e-11      238   20  238     2     3      0   429  5.8e-07        -
  93       4e-09  3.5156e-11 out  248   22  248     2     3      0   446  6.6e-09        -
  99  4.2109e-09  3.5156e-11      260   22  260     2     3      0   464  1.7e-07        -
 105  4.4434e-09  5.6641e-11      272   23  272     2     3      0   482  8.2e-08        -
 111  4.7832e-09  5.6641e-11      284   23  284     2     3      0   504  1.6e-09        -
 116  5.0518e-09  5.1758e-11      300   23  300     2     3      0   536  6.8e-09        -
 120  5.2588e-09  5.1758e-11      316   23  316     2     3      0   568  6.9e-09        -
 124   5.457e-09  4.2969e-11      334   24  334     2     3      0   603  2.3e-08        -
 129  5.6719e-09  4.2969e-11      344   25  344     2     3      0   618  4.1e-07        -
 135  5.9297e-09  4.2969e-11      356   25  356     2     3      0   636  9.9e-07        -
 137       6e-09  3.5156e-11 out  364   27  364     2     3      0   650  9.3e-09        -
 143  6.2109e-09  3.5156e-11      376   27  376     2     3      0   668  2.5e-07        -
 149  6.4219e-09  3.5156e-11      388   27  388     2     3      0   686  5.1e-07        -
 153   6.543e-09  4.2969e-11      396   29  396     2     3      0   698  3.3e-08        -
 160  6.8438e-09  4.2969e-11      410   29  410     2     3      0   720  3.7e-10        -
 163  6.9648e-09  3.5156e-11      420   30  420     2     3      0   739  1.8e-08        -
 168  7.1406e-09  3.5156e-11      430   31  430     2     3      0   754  3.5e-07        -
 175  7.3867e-09  3.5156e-11      444   31  444     2     3      0   776  1.6e-10        -
 180   7.543e-09  4.2973e-11      454   33  454     2     3      0   793  6.9e-08        -
 184  7.7149e-09  4.2973e-11      462   33  462     2     3      0   806  2.7e-10        -
 190  7.9649e-09  3.5137e-11      478   34  478     2     3      0   837  2.4e-08        -
 193  8.0703e-09  3.5137e-11      484   35  484     2     3      0   847  1.9e-07        -
 197  8.2108e-09  3.5137e-11      492   35  492     2     3      0   859  4.7e-07        -
 202  8.3865e-09  3.5137e-11      502   35  502     2     3      0   874  7.5e-07        -
 206     8.5e-09  2.1608e-11 out  510   36  510     2     3      0   886  6.9e-09        -
 210  8.6729e-09  4.3216e-11      518   37  518     2     3      0   898  5.3e-07        -
 216  8.9322e-09  4.3216e-11      530   37  530     2     3      0   919  5.6e-10        -
 218       9e-09  3.3921e-11 out  538   39  538     2     3      0   933  1.2e-08        -
 221  9.1625e-09  6.0765e-11      548   41  548     2     3      0   953  2.2e-07        -
 226  9.4528e-09  4.7205e-11      562   43  562     2     3      0   984  6.4e-08        -
 231  9.6888e-09  4.7205e-11      572   44  572     2     3      0  1000  5.9e-10        -
 237  9.9624e-09  3.7577e-11      588   45  588     2     3      0  1031  2.2e-08        -
 241  1.0113e-08  3.7577e-11      596   46  596     2     3      0  1043  2.1e-07        -
           当前进度:   9 % - 求解线性方程组
 247  1.0338e-08  3.7577e-11      608   46  608     2     3      0  1061  5.9e-07        -
 252    1.05e-08   2.454e-11 out  618   47  618     2     3      0  1076  7.2e-09        -
 256  1.0691e-08  4.4172e-11      630   49  630     2     3      0  1096  2.8e-08        -
 261  1.0912e-08  4.4172e-11      640   50  640     2     3      0  1111  3.9e-07        -
 267  1.1175e-08  4.3866e-11      652   50  652     2     3      0  1135    3e-09        -
 272  1.1395e-08  4.3866e-11      662   50  662     2     3      0  1155  2.8e-09        -
 275    1.15e-08  3.0671e-11 out  672   52  672     2     3      0  1173  3.8e-09        -
 278  1.1647e-08  5.5208e-11      682   54  682     2     3      0  1191  6.8e-08        -
 283  1.1923e-08  5.5208e-11      692   55  692     2     3      0  1207  1.7e-09        -
 286  1.2038e-08  3.8369e-11      702   57  702     2     3      0  1224  6.1e-08        -
 288  1.2182e-08  6.7105e-11      710   59  710     2     3      0  1241    2e-07        -
 292  1.2442e-08  5.8235e-11      722   61  722     2     3      0  1267    1e-07        -
 297  1.2733e-08  5.8235e-11      732   62  732     2     3      0  1284  2.5e-09        -
 301  1.2954e-08  4.6176e-11      744   63  744     2     3      0  1307  3.4e-08        -
 306  1.3185e-08  4.6176e-11      754   64  754     2     3      0  1322  5.9e-07        -
 312  1.3458e-08  4.2207e-11      768   64  768     2     3      0  1348  2.2e-09        -
 315  1.3584e-08  4.2207e-11      780   64  780     2     3      0  1372  2.2e-09        -
 318  1.3711e-08  4.2207e-11      792   64  792     2     3      0  1396  2.1e-09        -
 322   1.388e-08  4.2207e-11      808   64  808     2     3      0  1428  1.9e-09        -
 325     1.4e-08  3.8965e-11 out  820   66  820     2     3      0  1450  2.2e-08        -
 331  1.4234e-08  3.8965e-11      832   66  832     2     3      0  1468    6e-07        -
 337  1.4464e-08  3.5692e-11      846   66  846     2     3      0  1493  5.7e-10        -
 341  1.4607e-08  3.5692e-11      862   66  862     2     3      0  1525  4.9e-10        -
 345   1.475e-08  3.5692e-11      878   66  878     2     3      0  1557  4.4e-10        -
 349  1.4893e-08  3.5692e-11      894   66  894     2     3      0  1589  4.8e-10        -
 353     1.5e-08  1.7999e-11 out  906   67  906     2     3      0  1611  3.4e-09        -
 358   1.518e-08  3.5998e-11      916   68  916     2     3      0  1626  3.6e-07        -
 365  1.5432e-08  3.5998e-11      930   68  930     2     3      0  1647  8.6e-07        -
 370  1.5602e-08  3.4014e-11      945   68  945     2     3      0  1677  4.4e-10        -
 374  1.5738e-08  3.4014e-11      957   68  957     2     3      0  1701  5.8e-10        -
 377  1.5898e-08  5.8225e-11      968   70  968     2     3      0  1721  1.8e-07        -
 382  1.6152e-08  5.0818e-11      978   71  978     2     3      0  1738  1.2e-09        -
 388  1.6453e-08  4.6727e-11      992   71  992     2     3      0  1766  1.8e-09        -
 392   1.664e-08  4.6727e-11     1008   71 1008     2     3      0  1798    2e-09        -
 396  1.6827e-08  4.6727e-11     1024   71 1024     2     3      0  1830  2.3e-09        -
 399   1.696e-08   3.973e-11     1038   72 1038     2     3      0  1857  2.9e-08        -
 404  1.7159e-08   3.973e-11     1048   73 1048     2     3      0  1872  4.4e-07        -
 411  1.7437e-08   3.973e-11     1062   73 1062     2     3      0  1895  7.4e-10        -
 414  1.7531e-08  3.1486e-11     1072   75 1072     2     3      0  1912  3.1e-08        -
 417  1.7708e-08  5.6676e-11     1082   78 1082     2     3      0  1929  1.3e-07        -
 422  1.7967e-08  3.2743e-11     1092   79 1092     2     3      0  1946  6.5e-09        -
 428  1.8164e-08  3.2743e-11     1104   79 1104     2     3      0  1964  1.3e-07        -
 434   1.836e-08  3.2743e-11     1116   79 1116     2     3      0  1982  2.5e-07        -
 440  1.8542e-08  4.1595e-11     1128   81 1128     2     3      0  2000  1.5e-08        -
 446  1.8791e-08  4.1595e-11     1140   81 1140     2     3      0  2018  3.8e-07        -
 451  1.8979e-08   2.123e-11     1150   82 1150     2     3      0  2033  5.6e-10        -
 456   1.917e-08   4.246e-11     1160   83 1160     2     3      0  2048  2.4e-07        -
 462  1.9425e-08   4.246e-11     1172   83 1172     2     3      0  2066  6.9e-07        -
 464    1.95e-08  3.7698e-11 out 1180   85 1180     2     3      0  2080    1e-08        -
-          当前进度:  10 % - 正在组装残差
 466  1.9643e-08  6.7856e-11     1188   87 1188     2     3      0  2097    2e-07        -
 471  1.9957e-08  4.2663e-11     1198   89 1198     2     3      0  2119  2.4e-08        -
 477  2.0213e-08  4.2663e-11     1210   89 1210     2     3      0  2137  5.8e-07        -
 483  2.0463e-08  3.6686e-11     1226   90 1226     2     3      0  2164  1.2e-08        -
 486  2.0639e-08  6.6035e-11     1236   93 1236     2     3      0  2183  2.2e-07        -
 490   2.125e-08     2.5e-10     1241   96 1241     2     3      0  2186        0        -
 499    2.55e-08       5e-10 out 1250   97 1250     2     3      0  2186        0        -
 509    3.05e-08       5e-10 out 1260   97 1260     2     3      0  2186        0        -
 516     3.4e-08       5e-10 out 1267   97 1267     2     3      0  2186        0        -
 527    3.95e-08       5e-10 out 1278   97 1278     2     3      0  2186        0        -
 537    4.45e-08       5e-10 out 1288   97 1288     2     3      0  2186        0        -
 547    4.95e-08       5e-10 out 1298   97 1298     2     3      0  2186        0        -
 559    5.55e-08       5e-10 out 1310   97 1310     2     3      0  2186        0        -
 571    6.15e-08       5e-10 out 1322   97 1322     2     3      0  2186        0        -
 582     6.7e-08       5e-10 out 1333   97 1333     2     3      0  2186        0        -
 593    7.25e-08       5e-10 out 1344   97 1344     2     3      0  2186        0        -
 603    7.75e-08       5e-10 out 1354   97 1354     2     3      0  2186        0        -
 614     8.3e-08       5e-10 out 1365   97 1365     2     3      0  2186        0        -
 625    8.85e-08       5e-10 out 1376   97 1376     2     3      0  2186        0        -
 636     9.4e-08       5e-10 out 1387   97 1387     2     3      0  2186        0        -
 647    9.95e-08       5e-10 out 1398   97 1398     2     3      0  2186        0        -
 659   1.055e-07       5e-10 out 1410   97 1410     2     3      0  2186        0        -
 670    1.11e-07       5e-10 out 1421   97 1421     2     3      0  2186        0        -
 681   1.165e-07       5e-10 out 1432   97 1432     2     3      0  2186        0        -
 691   1.215e-07       5e-10 out 1442   97 1442     2     3      0  2186        0        -
 701   1.265e-07       5e-10 out 1452   97 1452     2     3      0  2186        0        -
 712    1.32e-07       5e-10 out 1463   97 1463     2     3      0  2186        0        -
 723   1.375e-07       5e-10 out 1474   97 1474     2     3      0  2186        0        -
 735   1.435e-07       5e-10 out 1486   97 1486     2     3      0  2186        0        -
 746    1.49e-07       5e-10 out 1497   97 1497     2     3      0  2186        0        -
 757   1.545e-07       5e-10 out 1508   97 1508     2     3      0  2186        0        -
 767   1.595e-07       5e-10 out 1518   97 1518     2     3      0  2186        0        -
 778    1.65e-07       5e-10 out 1529   97 1529     2     3      0  2186        0        -
 789   1.705e-07       5e-10 out 1540   97 1540     2     3      0  2186        0        -
 800    1.76e-07       5e-10 out 1551   97 1551     2     3      0  2186        0        -
 811   1.815e-07       5e-10 out 1562   97 1562     2     3      0  2186        0        -
 822    1.87e-07       5e-10 out 1573   97 1573     2     3      0  2186        0        -
 833   1.925e-07       5e-10 out 1584   97 1584     2     3      0  2186        0        -
 844    1.98e-07       5e-10 out 1595   97 1595     2     3      0  2186        0        -
 855   2.035e-07       5e-10 out 1606   97 1606     2     3      0  2186        0        -
 864    2.08e-07       5e-10 out 1615   97 1615     2     3      0  2186        0        -
 874    2.13e-07       5e-10 out 1625   97 1625     2     3      0  2186        0        -
 882    2.17e-07       5e-10 out 1633   97 1633     2     3      0  2186        0        -
 890    2.21e-07       5e-10 out 1641   97 1641     2     3      0  2186        0        -
 899   2.255e-07       5e-10 out 1650   97 1650     2     3      0  2186        0        -
 907   2.295e-07       5e-10 out 1658   97 1658     2     3      0  2186        0        -
 917   2.345e-07       5e-10 out 1668   97 1668     2     3      0  2186        0        -
 925   2.385e-07       5e-10 out 1676   97 1676     2     3      0  2186        0        -
 936    2.44e-07       5e-10 out 1687   97 1687     2     3      0  2186        0        -
 947   2.495e-07       5e-10 out 1698   97 1698     2     3      0  2186        0        -
 957   2.545e-07       5e-10 out 1708   97 1708     2     3      0  2186        0        -
 966    2.59e-07       5e-10 out 1717   97 1717     2     3      0  2186        0        -
-----      当前进度:  56 % - 
 974    2.63e-07       5e-10 out 1725   97 1725     2     3      0  2186        0        -
 981   2.665e-07       5e-10 out 1732   97 1732     2     3      0  2186        0        -
 992    2.72e-07       5e-10 out 1743   97 1743     2     3      0  2186        0        -
1002    2.77e-07       5e-10 out 1753   97 1753     2     3      0  2186        0        -
1014    2.83e-07       5e-10 out 1765   97 1765     2     3      0  2186        0        -
1025   2.885e-07       5e-10 out 1776   97 1776     2     3      0  2186        0        -
1036    2.94e-07       5e-10 out 1787   97 1787     2     3      0  2186        0        -
1047   2.995e-07       5e-10 out 1798   97 1798     2     3      0  2186        0        -
1058    3.05e-07       5e-10 out 1809   97 1809     2     3      0  2186        0        -
1069   3.105e-07       5e-10 out 1820   97 1820     2     3      0  2186        0        -
1079   3.155e-07       5e-10 out 1830   97 1830     2     3      0  2186        0        -
1090    3.21e-07       5e-10 out 1841   97 1841     2     3      0  2186        0        -
1101   3.265e-07       5e-10 out 1852   97 1852     2     3      0  2186        0        -
1109   3.305e-07       5e-10 out 1860   97 1860     2     3      0  2186        0        -
1120    3.36e-07       5e-10 out 1871   97 1871     2     3      0  2186        0        -
1131   3.415e-07       5e-10 out 1882   97 1882     2     3      0  2186        0        -
1139   3.455e-07       5e-10 out 1890   97 1890     2     3      0  2186        0        -
1148     3.5e-07       5e-10 out 1899   97 1899     2     3      0  2186        0        -
1157   3.545e-07       5e-10 out 1908   97 1908     2     3      0  2186        0        -
1162    3.57e-07       5e-10 out 1913   97 1913     2     3      0  2186        0        -
1168     3.6e-07       5e-10 out 1919   97 1919     2     3      0  2186        0        -
1178    3.65e-07       5e-10 out 1929   97 1929     2     3      0  2186        0        -
1186    3.69e-07       5e-10 out 1937   97 1937     2     3      0  2186        0        -
1194    3.73e-07       5e-10 out 1945   97 1945     2     3      0  2186        0        -
1204    3.78e-07       5e-10 out 1955   97 1955     2     3      0  2186        0        -
1211   3.815e-07       5e-10 out 1962   97 1962     2     3      0  2186        0        -
1222    3.87e-07       5e-10 out 1973   97 1973     2     3      0  2186        0        -
1233   3.925e-07       5e-10 out 1984   97 1984     2     3      0  2186        0        -
1244    3.98e-07       5e-10 out 1995   97 1995     2     3      0  2186        0        -
1255   4.035e-07       5e-10 out 2006   97 2006     2     3      0  2186        0        -
1266    4.09e-07       5e-10 out 2017   97 2017     2     3      0  2186        0        -
1277   4.145e-07       5e-10 out 2028   97 2028     2     3      0  2186        0        -
1287   4.195e-07       5e-10 out 2038   97 2038     2     3      0  2186        0        -
1298    4.25e-07       5e-10 out 2049   97 2049     2     3      0  2186        0        -
1308     4.3e-07       5e-10 out 2059   97 2059     2     3      0  2186        0        -
1318    4.35e-07       5e-10 out 2069   97 2069     2     3      0  2186        0        -
1328     4.4e-07       5e-10 out 2079   97 2079     2     3      0  2186        0        -
1338    4.45e-07       5e-10 out 2089   97 2089     2     3      0  2186        0        -
1348     4.5e-07       5e-10 out 2099   97 2099     2     3      0  2186        0        -
1359   4.555e-07       5e-10 out 2110   97 2110     2     3      0  2186        0        -
1366    4.59e-07       5e-10 out 2117   97 2117     2     3      0  2186        0        -
1373   4.625e-07       5e-10 out 2124   97 2124     2     3      0  2186        0        -
1383   4.675e-07       5e-10 out 2134   97 2134     2     3      0  2186        0        -
1387   4.695e-07       5e-10 out 2138   97 2138     2     3      0  2186        0        -
1396    4.74e-07       5e-10 out 2147   97 2147     2     3      0  2186        0        -
1406    4.79e-07       5e-10 out 2157   97 2157     2     3      0  2186        0        -
1416    4.84e-07       5e-10 out 2167   97 2167     2     3      0  2186        0        -
1426    4.89e-07       5e-10 out 2177   97 2177     2     3      0  2186        0        -
1437   4.945e-07       5e-10 out 2188   97 2188     2     3      0  2186        0        -
1446    4.99e-07       5e-10 out 2197   97 2197     2     3      0  2186        0        -
1448       5e-07       5e-10 out 2199   97 2199     2     3      0  2186        0        -
---------- 当前进度: 100 % - 
Memory: 1266/1744 1296/2021
求解时间：2 s。
物理内存: 1.65 GB
虚拟内存: 1.96 GB
结束时间：2026年9月4日 10:25:28。
----- Study 2 - Single_Muon_Diagnostic/解 2 (sol2) 中的“瞬态求解器 1” ----------------->
           当前进度:   0 % - 
-          当前进度:  15 % - 正在计算
--         当前进度:  24 % - 正在计算
Memory: 1268/1744 1298/2021
---        当前进度:  34 % - 正在计算
Memory: 1266/1744 1296/2021
----       当前进度:  44 % - 正在计算
Memory: 1269/1744 1298/2021
-----      当前进度:  55 % - 正在计算
Memory: 1266/1744 1296/2021
------     当前进度:  65 % - 正在计算
-------    当前进度:  75 % - 正在计算
--------   当前进度:  85 % - 正在计算
---------  当前进度:  95 % - 正在计算
---------- 当前进度: 100 % - 正在计算
           当前进度:   0 % - 
---        当前进度:  34 % - 正在计算
---------  当前进度:  95 % - 正在计算
SHORT_GAP_CASE_COMPLETE=shortgap_40mm_f0p10_V12_5kV
CHECKPOINT_SHORT_GAP_BRIDGE_SAVED=E:\imp\imp\project\muon-ion_beam\stage1_3d_feasibility\temporary\results\stage1_3d_after_short_gap_bridge.mph
SHORT_GAP_BRIDGE_COMPLETE
类运行时: 362 s.
总时间: 362 s.
