*******************************************
***COMSOL 6.4.0.293 progress output file***
*******************************************
Fri Sep 04 10:08:54 CST 2026
COMSOL Multiphysics 6.4 (开发版本: 293) 在批处理模式下启动
正在运行: E:\imp\imp\project\muon-ion_beam\stage1_3d_feasibility\scripts\RunStage1TransportBridgeScan.class
BRIDGE_CASE_START=bridge_gap40p1_V23_5kV
           当前进度:   0 % - Grounded outer shell / bore boundary
Memory: 583/589 589/622
           当前进度:   1 % - Uniform Ne gas volume before electrode subtraction
Memory: 589/589 606/622
           当前进度:   2 % - Gas cutter reserved for dielectric liner
           当前进度:   2 % - Representative alumina dielectric liner
Memory: 590/590 606/622
           当前进度:   2 % - 执行布尔操作
Memory: 599/599 613/622
-          当前进度:  11 % - V1 electrode outer blank
Memory: 600/600 614/622
-          当前进度:  12 % - V1 aperture cutter
-          当前进度:  12 % - V1 finite-thickness annular electrode
-          当前进度:  12 % - 执行布尔操作
--         当前进度:  21 % - V1 electrode, 1 mm rounded edges
Memory: 601/601 614/622
--         当前进度:  29 % - V2 electrode outer blank
Memory: 602/602 614/622
---        当前进度:  30 % - V2 aperture cutter
---        当前进度:  31 % - V2 finite-thickness annular electrode
Memory: 602/602 615/622
---        当前进度:  31 % - 执行布尔操作
Memory: 603/603 615/622
---        当前进度:  39 % - V2 electrode, 1 mm rounded edges
----       当前进度:  47 % - V3 electrode outer blank
Memory: 601/604 615/622
----       当前进度:  48 % - V3 aperture cutter
Memory: 604/604 615/622
----       当前进度:  49 % - V3 finite-thickness annular electrode
----       当前进度:  49 % - 执行布尔操作
-----      当前进度:  57 % - V3 electrode, 1 mm rounded edges
------     当前进度:  65 % - V4 electrode outer blank
Memory: 604/604 616/622
------     当前进度:  66 % - V4 aperture cutter
Memory: 604/604 632/632
------     当前进度:  67 % - V4 finite-thickness annular electrode
------     当前进度:  67 % - 执行布尔操作
Memory: 606/606 633/633
-------    当前进度:  75 % - V4 electrode, 1 mm rounded edges
Memory: 606/606 634/634
--------   当前进度:  83 % - Ne gas domain excluding four electrode solids
Memory: 603/607 631/634
--------   当前进度:  83 % - 执行布尔操作
---------  当前进度:  92 % - 形成联合体
Memory: 604/607 631/634
---------  当前进度:  92 % - 执行布尔操作
---------- 当前进度: 100 % - 正在更新选择
           当前进度:   0 % - 自由四面体网格
Memory: 619/619 638/638
顶点单元数：80
-          当前进度:  16 % - 调整边界网格
Memory: 630/630 639/639
--         当前进度:  23 % - 正在创建边界网格
Memory: 630/633 635/639
边单元数：1348
边界单元数：18062
----       当前进度:  45 % - 相关边界
Memory: 647/647 654/654
-----      当前进度:  58 % - 正在创建初始四面体网格
Memory: 649/656 663/669
-------    当前进度:  74 % - 正在插入内部点
Memory: 654/658 669/669
--------   当前进度:  84 % - 正在提高单元质量
Memory: 655/658 663/669
单元数：71890
最小单元质量：0.2078
---------- 当前进度: 100 % - 正在定型网格
Memory: 653/658 660/669
           当前进度:   2 % - 生成方程
Memory: 660/660 665/669
           当前进度:   3 % - 生成方程
Memory: 714/714 757/761
<---- Study 1 - 3D Electrostatics stationary/解 1 (sol1) 中的“编译方程: 稳态” -----------
开始于 2026年9月4日 10:09:03。
几何形函数: 二次拉格朗日单元
几何形函数: 二次拉格朗日单元
在 Intel64 Family 6 Model 186 Stepping 2, GenuineIntel 上运行。
在以下位置使用 1 个插槽： 陈红星 上（共 1 个内核）。
可用内存：15.90 GB。
           当前进度:   3 % - 编译方程: 稳态
Memory: 834/844 835/842
           当前进度:   6 % - 编译方程: 稳态
Memory: 903/903 904/904
           当前进度:   7 % - 编译方程: 稳态
Memory: 913/930 910/928
时间：2。
物理内存: 930 MB
虚拟内存: 928 MB
Warning: 自由空间采用真空条件，这会导致某些材料属性被忽略。请考虑为忽略的材料添加合适的物理场特征。

  - 节点: 自由空间 1

  - 物理场: Electrostatics: four finite-thickness rounded ring electrodes (es)

  - Materials: Natural Neon gas, representative relative permittivity (mat_gas), Representative alumina ceramic; epsilon_r=9.4 assumption (mat_diel)

  - Quantities: 相对介电常数, 相对介电常数
结束时间：2026年9月4日 10:09:05。
----- Study 1 - 3D Electrostatics stationary/解 1 (sol1) 中的“编译方程: 稳态” ---------->
<---- Study 1 - 3D Electrostatics stationary/解 1 (sol1) 中的“因变量 1” --------------
开始于 2026年9月4日 10:09:05。
           当前进度:   7 % - 因变量 1
Memory: 905/930 900/928
求解时间：0 s。
物理内存: 916 MB
虚拟内存: 911 MB
结束时间：2026年9月4日 10:09:05。
----- Study 1 - 3D Electrostatics stationary/解 1 (sol1) 中的“因变量 1” ------------->
<---- Study 1 - 3D Electrostatics stationary/解 1 (sol1) 中的“稳态求解器 1” ------------
开始于 2026年9月4日 10:09:05。
线性求解器 
求解的自由度数：106848。
--         当前进度:  24 % - 组装稀疏模式
Memory: 917/938 909/931
---        当前进度:  36 % - 组装矩阵
Memory: 945/945 935/935
找到对称矩阵。
缩放因变量：
电势 (comp1.V): 1
已使用正交零空间函数。
---        当前进度:  38 % - 组装延展
Memory: 974/980 967/975
-----      当前进度:  56 % - 组装稀疏模式
Memory: 970/994 963/988
Iter      SolEst     Damping    Stepsize #Res #Jac #Sol LinIt   LinErr   LinRes
---------  当前进度:  90 % - 求解线性方程组
Memory: 977/994 989/989
   1        0.78   1.0000000        0.78    1    1    1     4  1.3e-05  2.5e-08
---------- 当前进度: 100 % - 
Memory: 960/994 968/989
求解时间：3 s。
物理内存: 994 MB
虚拟内存: 989 MB
结束时间：2026年9月4日 10:09:08。
----- Study 1 - 3D Electrostatics stationary/解 1 (sol1) 中的“稳态求解器 1” ----------->
           当前进度:   0 % - Study 2 - Single_Muon_Diagnostic
Memory: 961/994 969/989
           当前进度:   3 % - 生成方程
Memory: 941/994 947/989
<---- Study 2 - Single_Muon_Diagnostic/解 2 (sol2) 中的“编译方程: 瞬态” -----------------
开始于 2026年9月4日 10:09:09。
几何形函数: 二次拉格朗日单元
几何形函数: 二次拉格朗日单元
在 Intel64 Family 6 Model 186 Stepping 2, GenuineIntel 上运行。
在以下位置使用 1 个插槽： 陈红星 上（共 1 个内核）。
可用内存：15.90 GB。
           当前进度:   4 % - 编译方程: 瞬态
Memory: 1054/1054 1061/1061
           当前进度:   5 % - 编译方程: 瞬态
Memory: 1023/1054 1031/1061
时间：1。
物理内存: 1.05 GB
虚拟内存: 1.06 GB
Warning: 自由空间采用真空条件，这会导致某些材料属性被忽略。请考虑为忽略的材料添加合适的物理场特征。

  - 节点: 自由空间 1

  - 物理场: Electrostatics: four finite-thickness rounded ring electrodes (es)

  - Materials: Natural Neon gas, representative relative permittivity (mat_gas), Representative alumina ceramic; epsilon_r=9.4 assumption (mat_diel)

  - Quantities: 相对介电常数, 相对介电常数
结束时间：2026年9月4日 10:09:10。
----- Study 2 - Single_Muon_Diagnostic/解 2 (sol2) 中的“编译方程: 瞬态” ---------------->
<---- Study 2 - Single_Muon_Diagnostic/解 2 (sol2) 中的“因变量 1” --------------------
开始于 2026年9月4日 10:09:10。
不求解变量的值: 解 1 (sol1).
           当前进度:   5 % - 因变量 1
Memory: 1010/1054 1031/1061
求解时间：0 s。
物理内存: 1.02 GB
虚拟内存: 1.03 GB
结束时间：2026年9月4日 10:09:10。
----- Study 2 - Single_Muon_Diagnostic/解 2 (sol2) 中的“因变量 1” ------------------->
<---- Study 2 - Single_Muon_Diagnostic/解 2 (sol2) 中的“瞬态求解器 1” ------------------
开始于 2026年9月4日 10:09:11。
瞬态求解器（广义 α）
求解的自由度数：3（加上 4 个内部自由度）。
找到非对称矩阵。
缩放因变量：
颗粒位置 (comp1.qcpt): 1
Step        Time    Stepsize      Res  Jac  Sol Order Tfail NLfail LinIt   LinErr   LinRes
   0           0           - out    2    3    2                  0     0        0        0
   1    6.25e-11    6.25e-11       10    7   10     2     3      0    18  4.8e-08        -
   5   3.125e-10    6.25e-11       18    7   18     2     3      0    31  6.1e-11        -
  10    6.25e-10    6.25e-11       28    7   28     2     3      0    51  8.2e-11        -
  12  7.4375e-10   5.625e-11       36    8   36     2     3      0    66  1.2e-07        -
  16  9.5625e-10   4.375e-11       48   10   48     2     3      0    87  3.9e-08        -
  19  1.0875e-09   4.375e-11       54   11   54     2     3      0    96  3.7e-07        -
  24  1.3062e-09   4.375e-11       64   11   64     2     3      0   113  1.7e-11        -
  28  1.4687e-09   3.125e-11       76   12   76     2     3      0   136    7e-09        -
  32  1.5938e-09   3.125e-11       84   13   84     2     3      0   148  8.9e-08        -
  37    1.75e-09   3.125e-11       94   13   94     2     3      0   163  2.2e-07        -
  41  1.9531e-09  4.6875e-11      106   15  106     2     3      0   184  5.4e-08        -
  45  2.1406e-09  4.6875e-11      114   16  114     2     3      0   196  7.1e-07        -
  50   2.375e-09  4.6875e-11      124   16  124     2     3      0   215  3.8e-11        -
  52  2.4609e-09  3.9063e-11      132   17  132     2     3      0   230  2.1e-08        -
  56  2.6172e-09  3.9063e-11      140   18  140     2     3      0   242  2.6e-07        -
  61  2.8125e-09  3.9063e-11      150   18  150     2     3      0   257  6.6e-07        -
  65  2.9648e-09  3.5156e-11      160   18  160     2     3      0   274  2.7e-10        -
  68  3.0703e-09  3.5156e-11      172   18  172     2     3      0   298  2.7e-10        -
  71  3.1758e-09  3.5156e-11      184   18  184     2     3      0   322  2.7e-10        -
  74  3.2812e-09  3.5156e-11      196   18  196     2     3      0   346  2.7e-10        -
           当前进度:   7 % - 正在组装残差
Memory: 1020/1054 1039/1061
  76  3.3516e-09  3.5156e-11      204   18  204     2     3      0   362  2.7e-10        -
  79   3.457e-09  3.5156e-11      216   18  216     2     3      0   386  2.7e-10        -
  82   3.543e-09  4.2969e-11      222   20  222     2     3      0   395  1.7e-08        -
  86  3.7148e-09  4.2969e-11      230   20  230     2     3      0   407  2.9e-07        -
  91  3.9297e-09  4.2969e-11      240   20  240     2     3      0   422  6.2e-07        -
  93       4e-09  3.5156e-11 out  248   22  248     2     3      0   436  6.6e-09        -
  98  4.1758e-09  3.5156e-11      258   22  258     2     3      0   451  1.4e-07        -
 103  4.3516e-09  3.5156e-11      268   22  268     2     3      0   466  2.8e-07        -
 107     4.5e-09  4.2969e-11 out  280   23  280     2     3      0   486  2.1e-08        -
 111  4.6719e-09  4.2969e-11      288   24  288     2     3      0   498  2.8e-07        -
 116  4.8867e-09  4.2969e-11      298   24  298     2     3      0   513  7.4e-07        -
 118  4.9648e-09  3.5156e-11      306   25  306     2     3      0   527    9e-09        -
 121  5.1055e-09  7.0312e-11      312   27  312     2     3      0   536  2.9e-07        -
 123   5.232e-09  6.3281e-11      320   29  320     2     3      0   550  1.7e-07        -
 126  5.4155e-09  5.6953e-11      330   30  330     2     3      0   568  9.9e-08        -
 130  5.5845e-09  4.2227e-11      338   31  338     2     3      0   580  2.9e-07        -
 135  5.7956e-09  4.2227e-11      348   31  348     2     3      0   595  7.3e-07        -
 139  5.9611e-09  3.8867e-11      358   31  358     2     3      0   612  1.6e-10        -
 142  6.0777e-09  3.8867e-11      370   31  370     2     3      0   636  1.6e-10        -
 145  6.1943e-09  3.8867e-11      382   31  382     2     3      0   660  1.6e-10        -
 146  6.2332e-09  3.8867e-11      386   31  386     2     3      0   668  1.6e-10        -
 149  6.3498e-09  3.8867e-11      398   31  398     2     3      0   692  1.6e-10        -
 152  6.4638e-09  3.6231e-11      412   32  412     2     3      0   719  1.4e-08        -
 156  6.6087e-09  3.6231e-11      420   33  420     2     3      0   731    2e-07        -
 162  6.8261e-09  3.6231e-11      432   33  432     2     3      0   749  6.2e-07        -
 166  6.9674e-09  3.2616e-11      444   34  444     2     3      0   769  1.3e-08        -
 170  7.0978e-09  3.2616e-11      452   35  452     2     3      0   781  1.9e-07        -
 175  7.2609e-09  3.2616e-11      462   35  462     2     3      0   796  5.1e-07        -
 181  7.4566e-09  3.2616e-11      474   35  474     2     3      0   814  9.2e-07        -
 185  7.5867e-09   4.337e-11      482   37  482     2     3      0   826  3.7e-07        -
 191   7.847e-09   4.337e-11      494   37  494     2     3      0   848  4.4e-11        -
 194  7.9668e-09  3.3151e-11      504   38  504     2     3      0   867  1.7e-08        -
 199  8.1326e-09  3.3151e-11      514   39  514     2     3      0   882  2.7e-07        -
 205  8.3315e-09  3.3151e-11      526   39  526     2     3      0   900  5.6e-07        -
 210  8.4821e-09  1.7941e-11      536   40  536     2     3      0   915  5.8e-10        -
 215  8.6435e-09  3.5882e-11      546   41  546     2     3      0   930  2.2e-07        -
 221  8.8588e-09  3.5882e-11      558   41  558     2     3      0   948  5.6e-07        -
 226  9.0694e-09  6.9416e-11      570   42  570     2     3      0   969  4.3e-07        -
 227  9.1301e-09  6.0646e-11      576   43  576     2     3      0   980  2.2e-07        -
 232  9.4333e-09  6.0646e-11      586   44  586     2     3      0   999  2.6e-10        -
 236  9.6001e-09  6.6708e-11      594   46  594     2     3      0  1011  3.6e-07        -
 238  9.7201e-09  6.0038e-11      602   48  602     2     3      0  1025  2.1e-07        -
 242  9.9501e-09  4.9875e-11      614   49  614     2     3      0  1048  7.5e-08        -
 245    1.01e-08  4.9875e-11      620   50  620     2     3      0  1057  6.3e-07        -
 250  1.0349e-08  4.9875e-11      630   50  630     2     3      0  1076  1.4e-10        -
 255  1.0551e-08  5.1129e-11      640   52  640     2     3      0  1093  5.6e-08        -
           当前进度:   9 % - 求解线性方程组
 257  1.0643e-08  4.6016e-11      648   54  648     2     3      0  1107  3.1e-08        -
 263  1.0919e-08  4.6016e-11      660   54  660     2     3      0  1125  7.3e-07        -
 265     1.1e-08  4.0371e-11 out  668   56  668     2     3      0  1139  1.4e-08        -
 270  1.1202e-08  4.0371e-11      678   56  678     2     3      0  1154  2.9e-07        -
 276  1.1444e-08  4.0371e-11      690   56  690     2     3      0  1172  6.2e-07        -
 278    1.15e-08   2.796e-11 out  698   58  698     2     3      0  1186  2.2e-09        -
 283   1.178e-08   5.592e-11      708   59  708     2     3      0  1202  1.9e-10        -
 288  1.2054e-08  5.4279e-11      721   59  721     2     3      0  1228  1.6e-10        -
 292  1.2271e-08  5.4279e-11      733   59  733     2     3      0  1252  1.6e-10        -
 296  1.2467e-08  3.2885e-11      744   60  744     2     3      0  1273  6.6e-09        -
 300  1.2664e-08  6.5769e-11      752   61  752     2     3      0  1286  2.1e-10        -
 304  1.2921e-08  5.9192e-11      764   62  764     2     3      0  1309  1.3e-07        -
 309  1.3119e-08  3.9539e-11      774   63  774     2     3      0  1324    3e-07        -
 314  1.3316e-08  3.9539e-11      784   63  784     2     3      0  1339  6.5e-07        -
 318  1.3467e-08  3.2538e-11      796   64  796     2     3      0  1359  7.1e-09        -
 321  1.3598e-08  6.5076e-11      802   66  802     2     3      0  1368  2.4e-07        -
 322  1.3656e-08  5.8569e-11      808   67  808     2     3      0  1379  1.4e-07        -
 324  1.3767e-08  5.2712e-11      816   69  816     2     3      0  1393    9e-08        -
 328  1.3963e-08  3.7201e-11      828   71  828     2     3      0  1413  1.8e-08        -
 333  1.4149e-08  3.7201e-11      838   72  838     2     3      0  1428  3.4e-07        -
 339  1.4372e-08  3.7201e-11      850   72  850     2     3      0  1446  8.9e-07        -
 342  1.4473e-08  2.6796e-11      860   73  860     2     3      0  1464  5.3e-09        -
 346  1.4661e-08  5.3592e-11      868   75  868     2     3      0  1477    1e-10        -
 351  1.4923e-08  4.8233e-11      882   76  882     2     3      0  1504  1.1e-07        -
 356  1.5115e-08  3.8312e-11      892   77  892     2     3      0  1519  5.8e-07        -
 362  1.5345e-08  3.8312e-11      904   77  904     2     3      0  1540  5.4e-11        -
 367    1.55e-08   2.013e-11 out  914   78  914     2     3      0  1558  6.4e-09        -
 372  1.5701e-08  4.0261e-11      924   79  924     2     3      0  1573  6.4e-07        -
 378  1.5943e-08  4.0261e-11      936   79  936     2     3      0  1595  7.7e-11        -
 380     1.6e-08  2.8567e-11 out  944   81  944     2     3      0  1609  6.1e-09        -
 385  1.6257e-08  5.7134e-11      954   82  954     2     3      0  1626  2.2e-10        -
 390    1.65e-08  3.5748e-11 out  964   83  964     2     3      0  1644  8.6e-08        -
 393  1.6672e-08  6.4346e-11      974   85  974     2     3      0  1661  3.4e-07        -
 398  1.6964e-08  3.5512e-11      984   87  984     2     3      0  1679  1.7e-08        -
 401  1.7135e-08  6.3922e-11      994   89  994     2     3      0  1696  3.2e-07        -
 406  1.7445e-08  5.4683e-11     1008   91 1008     2     3      0  1722  1.2e-07        -
 411  1.7719e-08  5.4683e-11     1018   92 1018     2     3      0  1740  2.4e-10        -
 414  1.7877e-08  4.9215e-11     1028   93 1028     2     3      0  1759    5e-08        -
 416  1.7963e-08  3.6735e-11     1036   95 1036     2     3      0  1773  1.1e-08        -
 421  1.8147e-08  3.6735e-11     1046   96 1046     2     3      0  1788  1.7e-07        -
 426  1.8331e-08  3.6735e-11     1056   96 1056     2     3      0  1803  3.6e-07        -
 430   1.847e-08  2.9588e-11     1068   97 1068     2     3      0  1823    3e-09        -
 435  1.8648e-08  5.9176e-11     1078   99 1078     2     3      0  1838  9.7e-08        -
 437  1.8754e-08  5.3258e-11     1086  101 1086     2     3      0  1852  5.8e-08        -
 441  1.8957e-08  4.2885e-11     1098  102 1098     2     3      0  1872  2.1e-08        -
-          当前进度:  10 % - 正在组装残差
 445  1.9129e-08  4.2885e-11     1106  103 1106     2     3      0  1884  2.8e-07        -
 450  1.9343e-08  4.2885e-11     1116  103 1116     2     3      0  1899  7.3e-07        -
 453  1.9464e-08  3.5573e-11     1126  104 1126     2     3      0  1916    1e-08        -
 456  1.9635e-08  6.4031e-11     1136  107 1136     2     3      0  1933    2e-07        -
 460  1.9891e-08  6.4031e-11     1144  108 1144     2     3      0  1948  5.2e-10        -
 462       2e-08  5.4349e-11 out 1152  110 1152     2     3      0  1962  9.1e-08        -
 467  2.0272e-08  5.4349e-11     1162  110 1162     2     3      0  1980  3.1e-10        -
 472    2.05e-08  3.2604e-11 out 1172  111 1172     2     3      0  1998  3.6e-08        -
 474  2.0624e-08  5.8687e-11     1180  113 1180     2     3      0  2012  1.4e-07        -
 479  2.0917e-08  5.8687e-11     1190  114 1190     2     3      0  2030  4.1e-10        -
 481     2.1e-08  4.1334e-11 out 1198  116 1198     2     3      0  2044  2.7e-08        -
 486  2.1207e-08  4.1334e-11     1208  116 1208     2     3      0  2059  5.9e-07        -
 492  2.1455e-08  4.1334e-11     1220  116 1220     2     3      0  2080  1.3e-10        -
 495  2.1545e-08  4.5331e-11     1226  118 1226     2     3      0  2089  5.5e-08        -
 501  2.1817e-08  4.5331e-11     1238  118 1238     2     3      0  2110  1.3e-10        -
 506     2.2e-08  2.3346e-11 out 1248  119 1248     2     3      0  2128  1.2e-08        -
 510  2.2187e-08  4.6691e-11     1256  120 1256     2     3      0  2141  8.4e-11        -
 516   2.246e-08   3.989e-11     1272  121 1272     2     3      0  2172  3.6e-08        -
 520   2.262e-08   3.989e-11     1280  122 1280     2     3      0  2184  4.6e-07        -
 525  2.2819e-08   3.989e-11     1290  122 1290     2     3      0  2200  8.5e-11        -
 529  2.2969e-08  3.0603e-11     1302  123 1302     2     3      0  2223  8.7e-09        -
 532  2.3092e-08  6.1207e-11     1308  125 1308     2     3      0  2232  2.7e-07        -
 534  2.3202e-08  5.5086e-11     1316  127 1316     2     3      0  2246  1.6e-07        -
 539  2.3461e-08  3.8837e-11     1330  128 1330     2     3      0  2272  2.6e-08        -
 543  2.3617e-08  3.8837e-11     1338  129 1338     2     3      0  2284  3.3e-07        -
 545  2.3759e-08  6.4981e-11     1346  131 1346     2     3      0  2298  3.4e-07        -
 548  2.3945e-08  5.5435e-11     1356  133 1356     2     3      0  2316  1.7e-07        -
 553  2.4222e-08  5.5435e-11     1366  134 1366     2     3      0  2334  3.4e-10        -
 558  2.4472e-08  2.8262e-11     1376  135 1376     2     3      0  2353  5.8e-09        -
 562   2.467e-08  5.6523e-11     1384  136 1384     2     3      0  2366    2e-10        -
 567  2.4948e-08  5.2168e-11     1396  136 1396     2     3      0  2390  1.5e-10        -
 570  2.5104e-08  5.2168e-11     1408  136 1408     2     3      0  2414  1.5e-10        -
 573  2.5261e-08  5.2168e-11     1420  136 1420     2     3      0  2438  1.4e-10        -
 576  2.5417e-08  5.2168e-11     1432  136 1432     2     3      0  2462  1.3e-10        -
 578    2.55e-08  4.1328e-11 out 1440  138 1440     2     3      0  2476  1.8e-08        -
 583  2.5707e-08  4.1328e-11     1450  138 1450     2     3      0  2491  3.7e-07        -
 588  2.5913e-08  4.1328e-11     1460  138 1460     2     3      0  2506    7e-07        -
 592  2.6045e-08  4.5395e-11     1468  140 1468     2     3      0  2518  2.5e-08        -
 595  2.6182e-08  4.5395e-11     1474  140 1474     2     3      0  2527  3.3e-07        -
 600  2.6409e-08  4.5395e-11     1484  140 1484     2     3      0  2542  8.4e-07        -
 604  2.6546e-08  4.6051e-11     1492  142 1492     2     3      0  2554  3.1e-08        -
 609  2.6776e-08  4.6051e-11     1502  142 1502     2     3      0  2569  6.7e-07        -
 613  2.6957e-08  4.2769e-11     1511  142 1511     2     3      0  2585  3.9e-10        -
 616   2.716e-08  7.4172e-11     1522  144 1522     2     3      0  2605  4.1e-07        -
 618  2.7301e-08  6.6755e-11     1530  146 1530     2     3      0  2619  2.5e-07        -
-          当前进度:  12 % - 正在组装残差
 622  2.7566e-08  6.6304e-11     1538  147 1538     2     3      0  2634  1.9e-09        -
 628  2.7949e-08  5.1087e-11     1554  148 1554     2     3      0  2665  7.2e-08        -
 632  2.8153e-08  5.1087e-11     1562  149 1562     2     3      0  2677  9.8e-07        -
 637  2.8409e-08  5.1087e-11     1572  149 1572     2     3      0  2697  4.6e-10        -
 639    2.85e-08  4.5651e-11 out 1580  151 1580     2     3      0  2711    4e-08        -
 644  2.8728e-08  4.5651e-11     1590  151 1590     2     3      0  2726  8.8e-07        -
 650     2.9e-08  4.4568e-11 out 1602  151 1602     2     3      0  2750  1.1e-09        -
 656  2.9267e-08  4.4568e-11     1614  151 1614     2     3      0  2774    1e-09        -
 661  2.9473e-08  2.7158e-11     1624  152 1624     2     3      0  2793  3.5e-09        -
 666  2.9717e-08  5.4316e-11     1634  153 1634     2     3      0  2810  2.4e-10        -
 671  2.9967e-08  3.2737e-11     1644  154 1644     2     3      0  2829  9.9e-09        -
 675  3.0098e-08  3.2737e-11     1652  154 1652     2     3      0  2841  1.7e-07        -
 681  3.0295e-08  3.2737e-11     1664  154 1664     2     3      0  2859  3.8e-07        -
 687  3.0479e-08  2.0844e-11     1676  155 1676     2     3      0  2877    1e-09        -
 692  3.0667e-08  4.1689e-11     1686  156 1686     2     3      0  2892  4.2e-07        -
 698  3.0917e-08  4.1689e-11     1698  156 1698     2     3      0  2911  1.5e-10        -
 703  3.1196e-08  7.0889e-11     1712  158 1712     2     3      0  2938  4.8e-07        -
 707  3.1454e-08  4.5889e-11     1720  160 1720     2     3      0  2952    6e-08        -
 712  3.1684e-08  4.5889e-11     1730  160 1730     2     3      0  2969  1.4e-10        -
 718  3.1956e-08  4.3501e-11     1743  160 1743     2     3      0  2995  3.2e-10        -
 722  3.2131e-08  4.3501e-11     1755  160 1755     2     3      0  3019    3e-10        -
 726  3.2305e-08  4.3501e-11     1767  160 1767     2     3      0  3043  2.7e-10        -
 730  3.2468e-08  3.2497e-11     1782  161 1782     2     3      0  3072    6e-09        -
 734  3.2597e-08  3.2497e-11     1790  162 1790     2     3      0  3084  7.4e-08        -
 739   3.276e-08  3.2497e-11     1800  162 1800     2     3      0  3099  1.8e-07        -
 745  3.2955e-08  3.2497e-11     1812  162 1812     2     3      0  3117    3e-07        -
 747     3.3e-08  2.2518e-11 out 1820  164 1820     2     3      0  3131  6.9e-10        -
 752  3.3225e-08  4.5036e-11     1830  165 1830     2     3      0  3146  3.7e-07        -
 758  3.3475e-08   2.482e-11     1842  166 1842     2     3      0  3164    1e-09        -
 762  3.3649e-08  4.9639e-11     1850  167 1850     2     3      0  3176    3e-07        -
 768  3.3947e-08  4.9639e-11     1862  167 1862     2     3      0  3195  3.8e-10        -
 771  3.4053e-08  5.3246e-11     1868  169 1868     2     3      0  3204  6.2e-08        -
 775  3.4266e-08  5.3246e-11     1876  169 1876     2     3      0  3216  9.7e-07        -
 779  3.4463e-08  3.7016e-11     1888  170 1888     2     3      0  3239  9.3e-09        -
 782  3.4648e-08  7.4032e-11     1894  172 1894     2     3      0  3249  4.5e-10        -
 786  3.4935e-08  6.4919e-11     1906  173 1906     2     3      0  3272  1.7e-07        -
 790  3.5195e-08  6.4919e-11     1914  174 1914     2     3      0  3286  6.7e-10        -
 794  3.5445e-08  5.5243e-11     1926  175 1926     2     3      0  3309  8.1e-08        -
 799  3.5721e-08  5.5243e-11     1936  176 1936     2     3      0  3326  3.5e-10        -
 804  3.5971e-08  2.9027e-11     1946  177 1946     2     3      0  3345  3.5e-09        -
 809  3.6232e-08  5.8053e-11     1956  178 1956     2     3      0  3362  3.6e-10        -
 813  3.6453e-08  4.6813e-11     1968  179 1968     2     3      0  3385  4.1e-08        -
 818  3.6687e-08  4.6813e-11     1978  180 1978     2     3      0  3400    7e-07        -
-          当前进度:  14 % - 组装矩阵
 824  3.6961e-08   3.934e-11     1994  181 1994     2     3      0  3430  1.7e-08        -
 829  3.7157e-08   3.934e-11     2004  182 2004     2     3      0  3445  2.9e-07        -
 835  3.7393e-08   3.934e-11     2016  182 2016     2     3      0  3463  6.7e-07        -
 838    3.75e-08  3.3633e-11 out 2026  184 2026     2     3      0  3480  6.2e-09        -
 841  3.7661e-08  6.0539e-11     2036  186 2036     2     3      0  3497  1.2e-07        -
 846  3.7952e-08  4.8204e-11     2050  188 2050     2     3      0  3522  4.2e-08        -
 851  3.8193e-08  4.8204e-11     2060  189 2060     2     3      0  3537  6.6e-07        -
 856  3.8434e-08  4.8204e-11     2070  189 2070     2     3      0  3555    3e-10        -
 858    3.85e-08   3.308e-11 out 2078  191 2078     2     3      0  3569  7.6e-09        -
 862  3.8765e-08   6.616e-11     2086  192 2086     2     3      0  3584  6.7e-10        -
 865  3.8948e-08  5.1519e-11     2096  193 2096     2     3      0  3603  8.9e-08        -
 869  3.9155e-08  5.1519e-11     2104  194 2104     2     3      0  3616  1.5e-10        -
 874  3.9412e-08  5.1519e-11     2114  194 2114     2     3      0  3636  4.1e-10        -
 876    3.95e-08  4.3926e-11 out 2122  196 2122     2     3      0  3650  2.7e-08        -
 881   3.972e-08  4.3926e-11     2132  196 2132     2     3      0  3665  5.4e-07        -
 887   3.997e-08  3.0372e-11     2148  197 2148     2     3      0  3691  2.6e-09        -
 890  4.0121e-08  6.0744e-11     2154  199 2154     2     3      0  3700  3.9e-07        -
 896  4.0463e-08  3.7396e-11     2166  200 2166     2     3      0  3722    5e-09        -
 902  4.0687e-08  3.7396e-11     2178  200 2178     2     3      0  3740  1.2e-07        -
 907  4.0911e-08  7.4793e-11     2188  201 2188     2     3      0  3755  1.4e-07        -
 911  4.1089e-08  4.4319e-11     2196  202 2196     2     3      0  3767  1.4e-07        -
 917  4.1355e-08  4.4319e-11     2208  202 2208     2     3      0  3785    4e-07        -
 921  4.1551e-08  5.0563e-11     2222  202 2222     2     3      0  3812  2.3e-10        -
 924  4.1702e-08  5.0563e-11     2234  202 2234     2     3      0  3836    2e-10        -
 927  4.1854e-08  5.0563e-11     2246  202 2246     2     3      0  3860  1.6e-10        -
 930  4.2086e-08  8.5789e-11     2258  204 2258     2     3      0  3882    3e-07        -
 932  4.2249e-08   7.721e-11     2266  206 2266     2     3      0  3896  2.1e-07        -
 936    4.25e-08  4.8395e-11 out 2274  208 2274     2     3      0  3908  9.3e-08        -
 938  4.2682e-08  8.4761e-11     2282  210 2282     2     3      0  3922  3.1e-07        -
 940  4.2843e-08  7.6285e-11     2290  212 2290     2     3      0  3936  1.6e-07        -
 942  4.2959e-08  4.0559e-11     2294  214 2294     2     3      0  3942  6.7e-09        -
 946  4.3203e-08  8.1117e-11     2302  215 2302     2     3      0  3955  4.7e-10        -
 948  4.3357e-08  7.3006e-11     2310  216 2310     2     3      0  3970    9e-08        -
 951  4.3572e-08  7.1542e-11     2316  217 2316     2     3      0  3979  7.5e-07        -
 956  4.3929e-08  7.1145e-11     2326  217 2326     2     3      0  3999  2.2e-09        -
 961  4.4285e-08  7.1145e-11     2336  217 2336     2     3      0  4019  2.7e-09        -
 965    4.45e-08  3.6566e-11 out 2344  218 2344     2     3      0  4033  1.3e-08        -
 969  4.4793e-08  7.3132e-11     2352  219 2352     2     3      0  4046  4.7e-10        -
 972     4.5e-08  6.7171e-11 out 2362  219 2362     2     3      0  4066  9.3e-10        -
 974  4.5134e-08  6.7171e-11     2370  219 2370     2     3      0  4082  9.2e-10        -
 977  4.5336e-08  6.7171e-11     2382  219 2382     2     3      0  4106  8.9e-10        -
 980    4.55e-08  4.8487e-11 out 2390  220 2390     2     3      0  4120  5.4e-08        -
 983  4.5728e-08  8.2087e-11     2400  222 2400     2     3      0  4137  1.7e-07        -
-          当前进度:  15 % - 正在组装残差
 986  4.5946e-08   5.414e-11     2406  224 2406     2     3      0  4146  2.4e-08        -
 989  4.6198e-08  8.9565e-11     2416  226 2416     2     3      0  4163  8.9e-07        -
 991  4.6368e-08  8.0609e-11     2424  228 2424     2     3      0  4177  1.6e-07        -
 995  4.6632e-08  6.5991e-11     2432  229 2432     2     3      0  4189  8.7e-07        -
1000  4.6948e-08  5.2028e-11     2446  230 2446     2     3      0  4216  1.2e-08        -
1004  4.7156e-08  5.2028e-11     2454  231 2454     2     3      0  4228  1.4e-07        -
1009  4.7416e-08  5.2028e-11     2464  231 2464     2     3      0  4243  3.2e-07        -
1011    4.75e-08  4.1889e-11 out 2472  233 2472     2     3      0  4257  1.7e-09        -
1016  4.7709e-08  4.1889e-11     2482  233 2482     2     3      0  4272  3.2e-08        -
1021  4.7919e-08  4.1889e-11     2492  233 2492     2     3      0  4287  6.6e-08        -
1025  4.8122e-08  8.1106e-11     2500  234 2500     2     3      0  4302  1.7e-08        -
1029  4.8432e-08  6.7512e-11     2512  235 2512     2     3      0  4322  2.6e-08        -
1033  4.8703e-08  6.7512e-11     2520  236 2520     2     3      0  4334  2.9e-07        -
1037  4.8953e-08  4.7464e-11     2532  237 2532     2     3      0  4354  5.9e-09        -
1040   4.919e-08  9.4928e-11     2538  239 2538     2     3      0  4363  7.6e-07        -
1044    4.95e-08  6.0144e-11 out 2546  240 2546     2     3      0  4377  1.2e-07        -
1046  4.9722e-08  1.0131e-10     2554  242 2554     2     3      0  4392  4.7e-07        -
1048  4.9911e-08  8.8549e-11     2562  244 2562     2     3      0  4406  2.4e-07        -
1052  5.0266e-08  8.8549e-11     2570  245 2570     2     3      0  4421  2.2e-09        -
1055    5.05e-08  7.2902e-11 out 2580  247 2580     2     3      0  4439  1.1e-07        -
1060  5.0865e-08  7.2902e-11     2590  247 2590     2     3      0  4457  1.2e-09        -
1064  5.1135e-08  6.7745e-11     2602  247 2602     2     3      0  4481  3.3e-09        -
1068  5.1406e-08  6.7745e-11     2614  247 2614     2     3      0  4505  2.9e-09        -
1072   5.164e-08  9.3532e-11     2622  249 2622     2     3      0  4517  3.1e-07        -
1074  5.1809e-08  8.4179e-11     2630  251 2630     2     3      0  4531  1.8e-07        -
1078  5.2054e-08  5.3583e-11     2638  252 2638     2     3      0  4543  1.7e-07        -
1083  5.2321e-08  5.3583e-11     2648  252 2648     2     3      0  4558    5e-07        -
1087    5.25e-08  3.5667e-11 out 2656  253 2656     2     3      0  4570  1.4e-08        -
1091  5.2785e-08  7.1335e-11     2664  254 2664     2     3      0  4583  7.4e-10        -
1096  5.3072e-08  7.1991e-11     2674  256 2674     2     3      0  4600  2.2e-07        -
1101   5.343e-08  7.0023e-11     2685  256 2685     2     3      0  4621  7.7e-10        -
1105   5.371e-08  7.0023e-11     2696  256 2696     2     3      0  4643  1.2e-08        -
1108   5.392e-08  7.0023e-11     2702  256 2702     2     3      0  4655  1.2e-08        -
1111   5.408e-08  7.9864e-11     2708  258 2708     2     3      0  4664    3e-07        -
1116   5.445e-08  5.0341e-11     2718  259 2718     2     3      0  4683  1.9e-08        -
1120  5.4651e-08  5.0341e-11     2726  259 2726     2     3      0  4695  3.2e-07        -
1125  5.4903e-08  5.0341e-11     2736  259 2736     2     3      0  4710  6.7e-07        -
1130  5.5146e-08  4.8637e-11     2746  259 2746     2     3      0  4730  3.9e-09        -
1132  5.5331e-08  8.7547e-11     2752  260 2752     2     3      0  4741    5e-09        -
1134    5.55e-08  8.4634e-11 out 2760  262 2760     2     3      0  4755  2.1e-08        -
1139  5.5919e-08  8.0733e-11     2771  262 2771     2     3      0  4773  2.3e-09        -
1143  5.6242e-08  8.0733e-11     2783  262 2783     2     3      0  4797  2.1e-09        -
1146  5.6452e-08  4.8168e-11     2791  263 2791     2     3      0  4812  1.8e-08        -
1150  5.6789e-08  9.6335e-11     2799  264 2799     2     3      0  4829  9.4e-09        -
1154  5.7115e-08  1.1466e-10     2807  266 2807     2     3      0  4845    3e-09        -
1157  5.7422e-08  7.8011e-11     2817  267 2817     2     3      0  4870  3.2e-07        -
-          当前进度:  17 % - 正在组装残差
1161  5.7734e-08  7.8011e-11     2825  268 2825     2     3      0  4885  3.3e-09        -
1164  5.7945e-08  5.4972e-11     2835  269 2835     2     3      0  4904  3.5e-08        -
1167  5.8209e-08  9.8949e-11     2845  272 2845     2     3      0  4925  6.8e-07        -
1171  5.8596e-08   9.608e-11     2853  273 2853     2     3      0  4944  8.3e-08        -
1175  5.8942e-08  5.7841e-11     2861  274 2861     2     3      0  4962  4.2e-08        -
1180  5.9231e-08  5.7841e-11     2871  274 2871     2     3      0  4977  8.7e-07        -
1184  5.9452e-08  4.7558e-11     2883  275 2883     2     3      0  5000  1.7e-08        -
1187   5.969e-08  9.5115e-11     2889  277 2889     2     3      0  5012  4.6e-09        -
1191       6e-08   5.977e-11 out 2897  278 2897     2     3      0  5028  2.5e-07        -
1196  6.0299e-08   5.977e-11     2907  278 2907     2     3      0  5045  1.2e-09        -
1199    6.05e-08  8.1611e-11 out 2917  279 2917     2     3      0  5064  3.7e-07        -
1203  6.0826e-08  8.1611e-11     2925  280 2925     2     3      0  5079  4.2e-09        -
1207  6.1092e-08  9.1943e-11     2933  282 2933     2     3      0  5093  9.7e-07        -
1211  6.1434e-08  6.6114e-11     2945  283 2945     2     3      0  5123  9.7e-08        -
1215  6.1698e-08  6.6114e-11     2953  284 2953     2     3      0  5136  7.4e-10        -
1219  6.1948e-08  5.1658e-11     2965  285 2965     2     3      0  5159  1.8e-08        -
1222  6.2207e-08  1.0332e-10     2971  287 2971     2     3      0  5171  5.7e-09        -
1226  6.2595e-08  9.5025e-11     2985  287 2985     2     3      0  5203  1.1e-08        -
1229   6.288e-08  9.5025e-11     2997  287 2997     2     3      0  5230  1.2e-08        -
1234   6.318e-08  5.9951e-11     3007  288 3007     2     3      0  5245  5.1e-07        -
1239   6.346e-08  4.0172e-11     3021  289 3021     2     3      0  5268  4.2e-09        -
1243  6.3741e-08  8.0345e-11     3029  291 3029     2     3      0  5281  1.5e-09        -
1248  6.4098e-08  9.8276e-11     3039  293 3039     2     3      0  5299  4.9e-07        -
1252  6.4447e-08  5.3448e-11     3047  294 3047     2     3      0  5317  4.2e-08        -
1257   6.491e-08  8.9655e-11     3061  296 3061     2     3      0  5349  5.7e-07        -
1261  6.5269e-08  8.9655e-11     3069  297 3069     2     3      0  5368    1e-08        -
1264    6.55e-08   7.069e-11 out 3079  299 3079     2     3      0  5388  1.6e-07        -
1269  6.5853e-08   7.069e-11     3089  299 3089     2     3      0  5407  3.9e-09        -
1273  6.6076e-08   7.586e-11     3097  301 3097     2     3      0  5420  1.9e-07        -
1278   6.644e-08   6.035e-11     3111  302 3111     2     3      0  5446  4.3e-08        -
1282  6.6681e-08   6.035e-11     3119  303 3119     2     3      0  5458  5.5e-07        -
1287  6.6961e-08  3.8774e-11     3129  304 3129     2     3      0  5475  4.5e-09        -
1292   6.731e-08  7.7548e-11     3139  305 3139     2     3      0  5492    3e-09        -
1295    6.75e-08  5.6129e-11 out 3149  307 3149     2     3      0  5510  3.3e-08        -
1299  6.7918e-08  8.1613e-11     3161  309 3161     2     3      0  5540  2.6e-07        -
1303  6.8245e-08  8.1613e-11     3169  310 3169     2     3      0  5555    4e-09        -
1307    6.85e-08  4.5969e-11 out 3177  311 3177     2     3      0  5569  9.7e-08        -
1312  6.8934e-08  6.6125e-11     3191  313 3191     2     3      0  5603  9.5e-08        -
1317  6.9265e-08  6.6125e-11     3201  314 3201     2     3      0  5620  1.6e-09        -
1320  6.9448e-08  5.1624e-11     3211  315 3211     2     3      0  5639  1.9e-08        -
1323  6.9706e-08  1.0325e-10     3217  317 3217     2     3      0  5651  8.4e-09        -
1327  7.0095e-08  9.5128e-11     3229  317 3229     2     3      0  5679  8.5e-08        -
--         当前进度:  20 % - 
1331   7.044e-08  5.9743e-11     3240  318 3240     2     3      0  5703  3.1e-08        -
1334  7.0727e-08  1.0754e-10     3248  319 3248     2     3      0  5720  6.3e-08        -
1336  7.0917e-08  8.2719e-11     3258  320 3258     2     3      0  5746  1.8e-07        -
1340  7.1248e-08  8.2719e-11     3266  321 3266     2     3      0  5764  6.1e-09        -
1344    7.15e-08  4.3203e-11 out 3274  322 3274     2     3      0  5780  4.4e-08        -
1349  7.1923e-08  7.7189e-11     3286  323 3286     2     3      0  5808  2.2e-08        -
1352  7.2154e-08  7.7189e-11     3298  323 3298     2     3      0  5835  2.2e-08        -
1354  7.2309e-08  7.7189e-11     3306  323 3306     2     3      0  5853  2.2e-08        -
1358  7.2614e-08  1.1405e-10     3316  325 3316     2     3      0  5872    1e-06        -
1361  7.2921e-08  7.8918e-11     3326  326 3326     2     3      0  5897  1.4e-07        -
1366  7.3316e-08  7.8918e-11     3336  327 3336     2     3      0  5915    4e-09        -
1369    7.35e-08  5.2704e-11 out 3346  329 3346     2     3      0  5935  1.5e-08        -
1373  7.3908e-08  9.1888e-11     3358  331 3358     2     3      0  5961  9.1e-08        -
1378  7.4368e-08  9.1888e-11     3368  332 3368     2     3      0  5978  3.7e-09        -
1380    7.45e-08  6.6224e-11 out 3376  334 3376     2     3      0  5992  1.9e-08        -
1381  7.4566e-08  6.6224e-11     3378  334 3378     2     3      0  5995  9.2e-08        -
1385  7.4831e-08  6.6224e-11     3386  334 3386     2     3      0  6007  3.8e-07        -
1389  7.5205e-08  1.0265e-10     3394  335 3394     2     3      0  6023  5.1e-09        -
1393  7.5596e-08  9.6019e-11     3405  335 3405     2     3      0  6049  2.7e-08        -
1397  7.5942e-08  5.7963e-11     3416  336 3416     2     3      0  6073  1.4e-08        -
1402  7.6424e-08  7.6111e-11     3426  338 3426     2     3      0  6093  4.3e-08        -
1407  7.6804e-08  7.6111e-11     3436  338 3436     2     3      0  6108  8.7e-07        -
1410     7.7e-08  5.9721e-11 out 3446  340 3446     2     3      0  6126  8.9e-09        -
1413  7.7287e-08   1.075e-10     3454  341 3454     2     3      0  6142  3.4e-08        -
1416  7.7607e-08  1.0667e-10     3466  341 3466     2     3      0  6169  4.5e-08        -
1419   7.791e-08  8.9997e-11     3480  342 3480     2     3      0  6202  4.9e-08        -
1423   7.827e-08  8.9997e-11     3488  343 3488     2     3      0  6214  6.5e-07        -
1426    7.85e-08  7.0007e-11 out 3498  345 3498     2     3      0  6231  1.8e-08        -
1432  7.8925e-08  7.4983e-11     3511  345 3511     2     3      0  6252  4.7e-09        -
1435   7.915e-08  7.4983e-11     3520  345 3520     2     3      0  6270  4.4e-09        -
1439    7.95e-08  1.2508e-10 out 3531  346 3531     2     3      0  6293  4.5e-09        -
1444  8.0125e-08  1.2492e-10     3541  346 3541     2     3      0  6318    1e-07        -
1448    8.05e-08  6.2624e-11 out 3549  347 3549     2     3      0  6334  1.5e-07        -
1452  8.0938e-08  6.2376e-11     3557  349 3557     2     3      0  6351  2.6e-08        -
1456  8.1299e-08  1.1228e-10     3567  350 3567     2     3      0  6371  7.3e-08        -
1458    8.15e-08   1.003e-10 out 3575  352 3575     2     3      0  6390  2.7e-07        -
1464    8.21e-08  9.9552e-11     3587  352 3587     2     3      0  6420  6.3e-08        -
1469    8.25e-08  5.0896e-11 out 3597  353 3597     2     3      0  6441    6e-08        -
1473  8.2903e-08  9.7313e-11     3606  354 3606     2     3      0  6462  2.6e-08        -
1477  8.3292e-08  9.7313e-11     3618  354 3618     2     3      0  6490  2.7e-08        -
1481  8.3611e-08  1.1075e-10     3627  356 3627     2     3      0  6507  7.3e-07        -
1484  8.3916e-08  8.3881e-11     3637  357 3637     2     3      0  6533  1.5e-07        -
1489  8.4336e-08  8.3881e-11     3647  358 3647     2     3      0  6556  7.5e-09        -
1495  8.4829e-08  8.2239e-11     3659  358 3659     2     3      0  6585  5.5e-08        -
1499  8.5089e-08  8.8807e-11     3667  360 3667     2     3      0  6599  1.3e-07        -
--         当前进度:  23 % - 
1503  8.5428e-08  7.2387e-11     3679  361 3679     2     3      0  6625  4.7e-08        -
1508   8.579e-08  7.2387e-11     3689  362 3689     2     3      0  6640    8e-07        -
1513  8.6207e-08  1.3807e-10     3699  363 3699     2     3      0  6660  9.4e-09        -
1515  8.6416e-08  8.4322e-11     3707  365 3707     2     3      0  6678  1.4e-07        -
1521  8.6919e-08  8.1356e-11     3719  365 3719     2     3      0  6707    1e-07        -
1525  8.7372e-08  1.2797e-10     3731  367 3731     2     3      0  6739  5.5e-09        -
1529  8.7878e-08  1.2203e-10     3740  368 3740     2     3      0  6761  8.2e-08        -
1533  8.8366e-08  1.2203e-10     3752  368 3752     2     3      0  6789  8.9e-08        -
1536  8.8567e-08  6.6948e-11     3758  369 3758     2     3      0  6798  3.1e-07        -
1541  8.8902e-08  6.6948e-11     3768  369 3768     2     3      0  6813  9.6e-07        -
1543     8.9e-08  4.9156e-11 out 3776  371 3776     2     3      0  6827    7e-09        -
1548  8.9447e-08  5.3375e-11     3786  373 3786     2     3      0  6849  1.1e-08        -
1551  8.9713e-08  1.0675e-10     3792  374 3792     2     3      0  6861  1.1e-08        -
1557    9.15e-08       5e-10 out 3798  376 3798     2     3      0  6861        0        -
1564     9.5e-08       5e-10 out 3805  376 3805     2     3      0  6861        0        -
1574       1e-07       5e-10 out 3815  376 3815     2     3      0  6861        0        -
1584    1.05e-07       5e-10 out 3825  376 3825     2     3      0  6861        0        -
1592    1.09e-07       5e-10 out 3833  376 3833     2     3      0  6861        0        -
1602    1.14e-07       5e-10 out 3843  376 3843     2     3      0  6861        0        -
1612    1.19e-07       5e-10 out 3853  376 3853     2     3      0  6861        0        -
1620    1.23e-07       5e-10 out 3861  376 3861     2     3      0  6861        0        -
1630    1.28e-07       5e-10 out 3871  376 3871     2     3      0  6861        0        -
1640    1.33e-07       5e-10 out 3881  376 3881     2     3      0  6861        0        -
1649   1.375e-07       5e-10 out 3890  376 3890     2     3      0  6861        0        -
1658    1.42e-07       5e-10 out 3899  376 3899     2     3      0  6861        0        -
1669   1.475e-07       5e-10 out 3910  376 3910     2     3      0  6861        0        -
1678    1.52e-07       5e-10 out 3919  376 3919     2     3      0  6861        0        -
1688    1.57e-07       5e-10 out 3929  376 3929     2     3      0  6861        0        -
1698    1.62e-07       5e-10 out 3939  376 3939     2     3      0  6861        0        -
1707   1.665e-07       5e-10 out 3948  376 3948     2     3      0  6861        0        -
1716    1.71e-07       5e-10 out 3957  376 3957     2     3      0  6861        0        -
1726    1.76e-07       5e-10 out 3967  376 3967     2     3      0  6861        0        -
1736    1.81e-07       5e-10 out 3977  376 3977     2     3      0  6861        0        -
1746    1.86e-07       5e-10 out 3987  376 3987     2     3      0  6861        0        -
1756    1.91e-07       5e-10 out 3997  376 3997     2     3      0  6861        0        -
1766    1.96e-07       5e-10 out 4007  376 4007     2     3      0  6861        0        -
1776    2.01e-07       5e-10 out 4017  376 4017     2     3      0  6861        0        -
1786    2.06e-07       5e-10 out 4027  376 4027     2     3      0  6861        0        -
1796    2.11e-07       5e-10 out 4037  376 4037     2     3      0  6861        0        -
1806    2.16e-07       5e-10 out 4047  376 4047     2     3      0  6861        0        -
1816    2.21e-07       5e-10 out 4057  376 4057     2     3      0  6861        0        -
1826    2.26e-07       5e-10 out 4067  376 4067     2     3      0  6861        0        -
1836    2.31e-07       5e-10 out 4077  376 4077     2     3      0  6861        0        -
1846    2.36e-07       5e-10 out 4087  376 4087     2     3      0  6861        0        -
1856    2.41e-07       5e-10 out 4097  376 4097     2     3      0  6861        0        -
1866    2.46e-07       5e-10 out 4107  376 4107     2     3      0  6861        0        -
1876    2.51e-07       5e-10 out 4117  376 4117     2     3      0  6861        0        -
1885   2.555e-07       5e-10 out 4126  376 4126     2     3      0  6861        0        -
1895   2.605e-07       5e-10 out 4136  376 4136     2     3      0  6861        0        -
-----      当前进度:  56 % - 正在组装残差
1905   2.655e-07       5e-10 out 4146  376 4146     2     3      0  6861        0        -
1915   2.705e-07       5e-10 out 4156  376 4156     2     3      0  6861        0        -
1925   2.755e-07       5e-10 out 4166  376 4166     2     3      0  6861        0        -
1933   2.795e-07       5e-10 out 4174  376 4174     2     3      0  6861        0        -
1942    2.84e-07       5e-10 out 4183  376 4183     2     3      0  6861        0        -
1951   2.885e-07       5e-10 out 4192  376 4192     2     3      0  6861        0        -
1961   2.935e-07       5e-10 out 4202  376 4202     2     3      0  6861        0        -
1971   2.985e-07       5e-10 out 4212  376 4212     2     3      0  6861        0        -
1981   3.035e-07       5e-10 out 4222  376 4222     2     3      0  6861        0        -
1990    3.08e-07       5e-10 out 4231  376 4231     2     3      0  6861        0        -
1999   3.125e-07       5e-10 out 4240  376 4240     2     3      0  6861        0        -
2009   3.175e-07       5e-10 out 4250  376 4250     2     3      0  6861        0        -
2016    3.21e-07       5e-10 out 4257  376 4257     2     3      0  6861        0        -
2025   3.255e-07       5e-10 out 4266  376 4266     2     3      0  6861        0        -
2035   3.305e-07       5e-10 out 4276  376 4276     2     3      0  6861        0        -
2045   3.355e-07       5e-10 out 4286  376 4286     2     3      0  6861        0        -
2055   3.405e-07       5e-10 out 4296  376 4296     2     3      0  6861        0        -
2065   3.455e-07       5e-10 out 4306  376 4306     2     3      0  6861        0        -
2074     3.5e-07       5e-10 out 4315  376 4315     2     3      0  6861        0        -
2083   3.545e-07       5e-10 out 4324  376 4324     2     3      0  6861        0        -
2093   3.595e-07       5e-10 out 4334  376 4334     2     3      0  6861        0        -
2100    3.63e-07       5e-10 out 4341  376 4341     2     3      0  6861        0        -
2105   3.655e-07       5e-10 out 4346  376 4346     2     3      0  6861        0        -
2115   3.705e-07       5e-10 out 4356  376 4356     2     3      0  6861        0        -
2125   3.755e-07       5e-10 out 4366  376 4366     2     3      0  6861        0        -
2135   3.805e-07       5e-10 out 4376  376 4376     2     3      0  6861        0        -
2144    3.85e-07       5e-10 out 4385  376 4385     2     3      0  6861        0        -
2154     3.9e-07       5e-10 out 4395  376 4395     2     3      0  6861        0        -
2164    3.95e-07       5e-10 out 4405  376 4405     2     3      0  6861        0        -
2174       4e-07       5e-10 out 4415  376 4415     2     3      0  6861        0        -
2183   4.045e-07       5e-10 out 4424  376 4424     2     3      0  6861        0        -
2192    4.09e-07       5e-10 out 4433  376 4433     2     3      0  6861        0        -
2202    4.14e-07       5e-10 out 4443  376 4443     2     3      0  6861        0        -
2212    4.19e-07       5e-10 out 4453  376 4453     2     3      0  6861        0        -
2222    4.24e-07       5e-10 out 4463  376 4463     2     3      0  6861        0        -
2232    4.29e-07       5e-10 out 4473  376 4473     2     3      0  6861        0        -
2241   4.335e-07       5e-10 out 4482  376 4482     2     3      0  6861        0        -
2251   4.385e-07       5e-10 out 4492  376 4492     2     3      0  6861        0        -
2261   4.435e-07       5e-10 out 4502  376 4502     2     3      0  6861        0        -
2271   4.485e-07       5e-10 out 4512  376 4512     2     3      0  6861        0        -
2281   4.535e-07       5e-10 out 4522  376 4522     2     3      0  6861        0        -
2291   4.585e-07       5e-10 out 4532  376 4532     2     3      0  6861        0        -
2301   4.635e-07       5e-10 out 4542  376 4542     2     3      0  6861        0        -
2311   4.685e-07       5e-10 out 4552  376 4552     2     3      0  6861        0        -
2321   4.735e-07       5e-10 out 4562  376 4562     2     3      0  6861        0        -
2331   4.785e-07       5e-10 out 4572  376 4572     2     3      0  6861        0        -
2341   4.835e-07       5e-10 out 4582  376 4582     2     3      0  6861        0        -
2351   4.885e-07       5e-10 out 4592  376 4592     2     3      0  6861        0        -
2361   4.935e-07       5e-10 out 4602  376 4602     2     3      0  6861        0        -
2371   4.985e-07       5e-10 out 4612  376 4612     2     3      0  6861        0        -
2374       5e-07       5e-10 out 4615  376 4615     2     3      0  6861        0        -
---------- 当前进度: 100 % - 
Memory: 1021/1054 1040/1061
求解时间：3 s。
物理内存: 1.02 GB
虚拟内存: 1.04 GB
结束时间：2026年9月4日 10:09:14。
----- Study 2 - Single_Muon_Diagnostic/解 2 (sol2) 中的“瞬态求解器 1” ----------------->
           当前进度:   0 % - 
Memory: 1023/1054 1042/1061
-          当前进度:  12 % - 正在计算
Memory: 1033/1054 1053/1061
--         当前进度:  22 % - 正在计算
---        当前进度:  32 % - 正在计算
----       当前进度:  43 % - 正在计算
-----      当前进度:  54 % - 正在计算
Memory: 1018/1054 1041/1061
------     当前进度:  64 % - 正在计算
Memory: 1036/1054 1057/1061
-------    当前进度:  74 % - 正在计算
--------   当前进度:  84 % - 正在计算
---------  当前进度:  95 % - 正在计算
---------- 当前进度: 100 % - 正在计算
Memory: 1037/1054 1057/1061
           当前进度:   0 % - 
Memory: 1038/1054 1057/1061
---        当前进度:  34 % - 正在计算
Memory: 1040/1054 1057/1061
---------  当前进度:  95 % - 正在计算
Memory: 1045/1054 1061/1067
BRIDGE_CASE_COMPLETE=bridge_gap40p1_V23_5kV
BRIDGE_CASE_START=bridge_gap40p2_V23_5kV
           当前进度:   0 % - Grounded outer shell / bore boundary
Memory: 1046/1054 1062/1067
           当前进度:   1 % - Uniform Ne gas volume before electrode subtraction
Memory: 1047/1054 1062/1067
           当前进度:   2 % - Gas cutter reserved for dielectric liner
           当前进度:   2 % - Representative alumina dielectric liner
Memory: 1051/1054 1066/1067
           当前进度:   2 % - 执行布尔操作
Memory: 1047/1054 1062/1067
-          当前进度:  11 % - V1 electrode outer blank
-          当前进度:  12 % - V1 aperture cutter
Memory: 1047/1054 1063/1067
-          当前进度:  12 % - V1 finite-thickness annular electrode
-          当前进度:  12 % - 执行布尔操作
Memory: 1049/1054 1065/1067
--         当前进度:  21 % - V1 electrode, 1 mm rounded edges
--         当前进度:  29 % - V2 electrode outer blank
---        当前进度:  30 % - V2 aperture cutter
---        当前进度:  31 % - V2 finite-thickness annular electrode
---        当前进度:  31 % - 执行布尔操作
---        当前进度:  39 % - V2 electrode, 1 mm rounded edges
----       当前进度:  47 % - V3 electrode outer blank
----       当前进度:  48 % - V3 aperture cutter
----       当前进度:  49 % - V3 finite-thickness annular electrode
Memory: 1048/1054 1064/1067
----       当前进度:  49 % - 执行布尔操作
Memory: 1046/1054 1062/1067
-----      当前进度:  57 % - V3 electrode, 1 mm rounded edges
------     当前进度:  65 % - V4 electrode outer blank
------     当前进度:  66 % - V4 aperture cutter
------     当前进度:  67 % - V4 finite-thickness annular electrode
------     当前进度:  67 % - 执行布尔操作
-------    当前进度:  75 % - V4 electrode, 1 mm rounded edges
--------   当前进度:  83 % - Ne gas domain excluding four electrode solids
--------   当前进度:  83 % - 执行布尔操作
Memory: 1047/1054 1062/1067
---------  当前进度:  92 % - 形成联合体
---------  当前进度:  92 % - 执行布尔操作
---------- 当前进度: 100 % - 正在更新选择
           当前进度:   0 % - 自由四面体网格
Memory: 1036/1054 1053/1067
顶点单元数：80
-          当前进度:  14 % - 调整边界网格
Memory: 1035/1054 1051/1067
--         当前进度:  22 % - 正在创建边界网格
Memory: 1036/1054 1051/1067
边单元数：1348
边界单元数：18064
---        当前进度:  37 % - 正在创建初始四面体网格
----       当前进度:  45 % - 相关边界
Memory: 1038/1054 1054/1067
------     当前进度:  65 % - 相关边界
------     当前进度:  66 % - 相关边界
Memory: 1039/1054 1054/1067
--------   当前进度:  83 % - 正在提高单元质量
Memory: 991/1054 1004/1067
单元数：71570
---------- 当前进度: 100 % - 正在定型网格
Memory: 975/1054 987/1067
最小单元质量：0.2188
           当前进度:   2 % - 生成方程
Memory: 994/1054 1008/1067
           当前进度:   3 % - 生成方程
Memory: 973/1054 991/1067
<---- Study 1 - 3D Electrostatics stationary/解 1 (sol1) 中的“编译方程: 稳态” -----------
开始于 2026年9月4日 10:09:20。
几何形函数: 二次拉格朗日单元
几何形函数: 二次拉格朗日单元
在 Intel64 Family 6 Model 186 Stepping 2, GenuineIntel 上运行。
在以下位置使用 1 个插槽： 陈红星 上（共 1 个内核）。
可用内存：15.90 GB。
           当前进度:   3 % - 编译方程: 稳态
Memory: 998/1054 1011/1067
           当前进度:   6 % - 编译方程: 稳态
Memory: 1003/1054 1017/1067
           当前进度:   7 % - 编译方程: 稳态
Memory: 1016/1054 1031/1067
时间：2。
物理内存: 1.02 GB
虚拟内存: 1.03 GB
Warning: 自由空间采用真空条件，这会导致某些材料属性被忽略。请考虑为忽略的材料添加合适的物理场特征。

  - 节点: 自由空间 1

  - 物理场: Electrostatics: four finite-thickness rounded ring electrodes (es)

  - Materials: Natural Neon gas, representative relative permittivity (mat_gas), Representative alumina ceramic; epsilon_r=9.4 assumption (mat_diel)

  - Quantities: 相对介电常数, 相对介电常数
结束时间：2026年9月4日 10:09:23。
----- Study 1 - 3D Electrostatics stationary/解 1 (sol1) 中的“编译方程: 稳态” ---------->
<---- Study 1 - 3D Electrostatics stationary/解 1 (sol1) 中的“因变量 1” --------------
开始于 2026年9月4日 10:09:23。
           当前进度:   7 % - 因变量 1
Memory: 1020/1054 1036/1067
求解时间：0 s。
物理内存: 1.02 GB
虚拟内存: 1.04 GB
结束时间：2026年9月4日 10:09:23。
----- Study 1 - 3D Electrostatics stationary/解 1 (sol1) 中的“因变量 1” ------------->
<---- Study 1 - 3D Electrostatics stationary/解 1 (sol1) 中的“稳态求解器 1” ------------
开始于 2026年9月4日 10:09:23。
线性求解器 
求解的自由度数：106437。
--         当前进度:  24 % - 组装稀疏模式
Memory: 1056/1057 1071/1071
---        当前进度:  32 % - 组装矩阵
Memory: 1069/1069 1083/1083
找到对称矩阵。
---        当前进度:  38 % - 
Memory: 1065/1092 1082/1107
缩放因变量：
电势 (comp1.V): 1
已使用正交零空间函数。
---        当前进度:  38 % - 组装延展
Memory: 1112/1112 1134/1134
-----      当前进度:  56 % - 组装矩阵
Memory: 1055/1115 1075/1137
Iter      SolEst     Damping    Stepsize #Res #Jac #Sol LinIt   LinErr   LinRes
---------  当前进度:  98 % - 求解线性方程组
Memory: 1067/1115 1091/1137
   1        0.78   1.0000000        0.78    1    1    1     4  1.5e-05  2.8e-08
---------- 当前进度: 100 % - 
Memory: 1054/1115 1076/1137
求解时间：3 s。
物理内存: 1.12 GB
虚拟内存: 1.14 GB
结束时间：2026年9月4日 10:09:26。
----- Study 1 - 3D Electrostatics stationary/解 1 (sol1) 中的“稳态求解器 1” ----------->
           当前进度:   0 % - Study 2 - Single_Muon_Diagnostic
Memory: 1064/1115 1084/1137
           当前进度:   3 % - 生成方程
Memory: 1121/1121 1158/1159
<---- Study 2 - Single_Muon_Diagnostic/解 2 (sol2) 中的“编译方程: 瞬态” -----------------
开始于 2026年9月4日 10:09:27。
几何形函数: 二次拉格朗日单元
几何形函数: 二次拉格朗日单元
在 Intel64 Family 6 Model 186 Stepping 2, GenuineIntel 上运行。
在以下位置使用 1 个插槽： 陈红星 上（共 1 个内核）。
可用内存：15.90 GB。
           当前进度:   3 % - 编译方程: 瞬态
Memory: 1127/1130 1146/1161
           当前进度:   5 % - 编译方程: 瞬态
Memory: 1129/1146 1145/1162
时间：1。
物理内存: 1.15 GB
虚拟内存: 1.16 GB
Warning: 自由空间采用真空条件，这会导致某些材料属性被忽略。请考虑为忽略的材料添加合适的物理场特征。

  - 节点: 自由空间 1

  - 物理场: Electrostatics: four finite-thickness rounded ring electrodes (es)

  - Materials: Natural Neon gas, representative relative permittivity (mat_gas), Representative alumina ceramic; epsilon_r=9.4 assumption (mat_diel)

  - Quantities: 相对介电常数, 相对介电常数
结束时间：2026年9月4日 10:09:28。
----- Study 2 - Single_Muon_Diagnostic/解 2 (sol2) 中的“编译方程: 瞬态” ---------------->
<---- Study 2 - Single_Muon_Diagnostic/解 2 (sol2) 中的“因变量 1” --------------------
开始于 2026年9月4日 10:09:28。
不求解变量的值: 解 1 (sol1).
           当前进度:   5 % - 因变量 1
Memory: 1130/1146 1145/1162
求解时间：0 s。
物理内存: 1.13 GB
虚拟内存: 1.14 GB
结束时间：2026年9月4日 10:09:28。
----- Study 2 - Single_Muon_Diagnostic/解 2 (sol2) 中的“因变量 1” ------------------->
<---- Study 2 - Single_Muon_Diagnostic/解 2 (sol2) 中的“瞬态求解器 1” ------------------
开始于 2026年9月4日 10:09:28。
瞬态求解器（广义 α）
求解的自由度数：3（加上 4 个内部自由度）。
找到非对称矩阵。
缩放因变量：
颗粒位置 (comp1.qcpt): 1
Step        Time    Stepsize      Res  Jac  Sol Order Tfail NLfail LinIt   LinErr   LinRes
   0           0           - out    2    3    2                  0     0        0        0
   1    6.25e-11    6.25e-11       10    7   10     2     3      0    18  4.8e-08        -
   6    3.75e-10    6.25e-11       20    7   20     2     3      0    35  6.3e-11        -
  11   6.875e-10    6.25e-11       30    7   30     2     3      0    55  8.3e-11        -
  12  7.4375e-10   5.625e-11       36    8   36     2     3      0    66  1.2e-07        -
  16  9.5625e-10   4.375e-11       48   10   48     2     3      0    87  3.9e-08        -
  20  1.1312e-09   4.375e-11       56   11   56     2     3      0    99  5.3e-07        -
  25    1.35e-09   4.375e-11       66   11   66     2     3      0   117  1.8e-11        -
  28  1.4687e-09   3.125e-11       76   12   76     2     3      0   136    7e-09        -
  31  1.5625e-09   3.125e-11       82   13   82     2     3      0   145  6.2e-08        -
  36  1.7188e-09   3.125e-11       92   13   92     2     3      0   160  1.9e-07        -
  40  1.9375e-09    6.25e-11      100   14  100     2     3      0   174  1.3e-10        -
  45    2.25e-09    6.25e-11      110   14  110     2     3      0   194  1.7e-10        -
  50  2.5625e-09    6.25e-11      120   14  120     2     3      0   214  2.3e-10        -
  53  2.7438e-09   5.625e-11      130   15  130     2     3      0   233  1.1e-07        -
  57  2.9563e-09   4.375e-11      142   17  142     2     3      0   253  2.6e-08        -
  60  3.0875e-09   4.375e-11      148   18  148     2     3      0   262  2.2e-07        -
  65  3.3062e-09   4.375e-11      158   18  158     2     3      0   277  6.8e-07        -
  69  3.4687e-09   3.125e-11      170   19  170     2     3      0   297  3.6e-09        -
  73  3.5938e-09   3.125e-11      178   20  178     2     3      0   309  4.5e-08        -
  78    3.75e-09   3.125e-11      188   20  188     2     3      0   324  1.1e-07        -
  82   3.875e-09   3.125e-11      196   20  196     2     3      0   336  1.7e-07        -
  87  4.0312e-09   3.125e-11      206   20  206     2     3      0   351  2.3e-07        -
  92  4.1875e-09   3.125e-11      216   20  216     2     3      0   366    3e-07        -
  95  4.2812e-09   3.125e-11      222   20  222     2     3      0   375  3.4e-07        -
  98  4.4531e-09  4.6875e-11      232   22  232     2     3      0   392  3.2e-08        -
           当前进度:   8 % - 正在组装残差
Memory: 1127/1146 1142/1162
 101  4.5938e-09  4.6875e-11      238   23  238     2     3      0   401    3e-07        -
 105  4.7813e-09  4.6875e-11      246   23  246     2     3      0   413  8.4e-07        -
 109  4.9609e-09  3.9062e-11      258   24  258     2     3      0   435  1.5e-08        -
 112  5.0781e-09  3.9062e-11      264   25  264     2     3      0   444  1.4e-07        -
 117  5.2734e-09  3.9062e-11      274   25  274     2     3      0   459  4.4e-07        -
 122  5.4648e-09  3.5156e-11      286   25  286     2     3      0   479  2.5e-10        -
 124  5.5352e-09  3.5156e-11      294   25  294     2     3      0   495  2.6e-10        -
 127  5.6406e-09  3.5156e-11      306   25  306     2     3      0   519  2.6e-10        -
 130  5.7461e-09  3.5156e-11      318   25  318     2     3      0   543  2.7e-10        -
 133  5.8516e-09  3.5156e-11      330   25  330     2     3      0   567  2.7e-10        -
 136   5.957e-09  3.5156e-11      342   25  342     2     3      0   591  2.7e-10        -
 139   6.043e-09  4.2969e-11      348   27  348     2     3      0   600  2.6e-08        -
 144  6.2578e-09  4.2969e-11      358   27  358     2     3      0   615  5.8e-07        -
 149  6.4648e-09  3.5156e-11      372   28  372     2     3      0   639  1.2e-08        -
 153  6.6055e-09  3.5156e-11      380   29  380     2     3      0   651  1.7e-07        -
 158  6.7813e-09  3.5156e-11      390   29  390     2     3      0   666  4.7e-07        -
 163   6.957e-09  3.5156e-11      400   29  400     2     3      0   681  8.2e-07        -
 166   7.043e-09  4.2968e-11      406   31  406     2     3      0   690  5.8e-08        -
 171  7.2578e-09  4.2968e-11      416   31  416     2     3      0   707  3.2e-11        -
 176  7.4648e-09   3.516e-11      430   32  430     2     3      0   734  2.7e-08        -
 180  7.6055e-09   3.516e-11      438   33  438     2     3      0   746  3.4e-07        -
 185  7.7813e-09   3.516e-11      448   33  448     2     3      0   761  8.1e-07        -
 190  7.9571e-09   3.516e-11      458   33  458     2     3      0   779  2.1e-11        -
 194  8.0644e-09  4.2923e-11      466   35  466     2     3      0   791    6e-08        -
 199   8.279e-09  4.2923e-11      476   35  476     2     3      0   807  3.4e-11        -
 204  8.4753e-09  2.4656e-11      486   36  486     2     3      0   826  2.9e-09        -
 208  8.6479e-09  4.9312e-11      494   37  494     2     3      0   838  7.5e-07        -
 213  8.8945e-09  4.9312e-11      504   37  504     2     3      0   858  1.1e-10        -
 217  9.0562e-09  5.6193e-11      512   39  512     2     3      0   871  1.5e-07        -
 222  9.3372e-09  5.6193e-11      522   39  522     2     3      0   890  1.9e-10        -
 226  9.5533e-09  5.3326e-11      533   39  533     2     3      0   912  8.1e-10        -
 230  9.7666e-09  5.3326e-11      545   39  545     2     3      0   936  8.2e-10        -
 233  9.9266e-09  5.3326e-11      554   39  554     2     3      0   954  8.2e-10        -
 237  1.0094e-08  5.6976e-11      564   42  564     2     4      0   969  1.4e-07        -
 239  1.0196e-08  5.1279e-11      572   44  572     2     4      0   983  7.3e-08        -
 244  1.0447e-08  4.6151e-11      586   45  586     2     4      0  1007  3.5e-08        -
 247  1.0553e-08  5.2505e-11      592   47  592     2     4      0  1016  6.3e-08        -
 249  1.0647e-08  4.7033e-11      600   49  600     2     4      0  1030  3.5e-08        -
 250  1.0689e-08   4.233e-11      606   50  606     2     4      0  1041    2e-08        -
 254  1.0858e-08   4.233e-11      614   51  614     2     4      0  1053  2.5e-07        -
 257  1.0971e-08   2.856e-11      624   52  624     2     4      0  1070  2.5e-09        -
 259  1.1057e-08  5.7119e-11      628   54  628     2     4      0  1076  7.9e-08        -
 260  1.1107e-08  4.9391e-11      634   55  634     2     4      0  1087  3.8e-08        -
           当前进度:   9 % - 正在组装残差
 263  1.1255e-08  4.9391e-11      640   56  640     2     4      0  1096  3.4e-07        -
 268    1.15e-08  4.8572e-11 out  650   56  650     2     4      0  1113  8.7e-10        -
 272  1.1694e-08  4.8572e-11      658   56  658     2     4      0  1129  8.6e-10        -
 277  1.1937e-08  4.8572e-11      668   56  668     2     4      0  1149  8.9e-10        -
 281  1.2094e-08  6.2852e-11      676   58  676     2     4      0  1161  1.5e-07        -
 285  1.2346e-08  6.2852e-11      684   58  684     2     4      0  1176  3.8e-10        -
 287  1.2454e-08   4.573e-11      692   59  692     2     4      0  1191  3.4e-08        -
 291  1.2637e-08   4.573e-11      700   60  700     2     4      0  1203  4.5e-07        -
 296  1.2866e-08   4.573e-11      710   60  710     2     4      0  1219    1e-10        -
 300  1.3044e-08  4.4217e-11      721   60  721     2     4      0  1241  1.1e-10        -
 303  1.3177e-08  4.4217e-11      730   60  730     2     4      0  1259    1e-10        -
 306   1.331e-08  4.4217e-11      739   60  739     2     4      0  1277    1e-10        -
 310  1.3471e-08  2.8916e-11      750   61  750     2     4      0  1298    4e-09        -
 314  1.3673e-08  5.7831e-11      758   62  758     2     4      0  1311  1.5e-10        -
 319  1.3952e-08  4.7591e-11      772   63  772     2     4      0  1338  6.1e-08        -
 323  1.4143e-08  4.7591e-11      780   64  780     2     4      0  1350  8.7e-07        -
 328  1.4381e-08  4.7591e-11      790   64  790     2     4      0  1370  1.5e-10        -
 330  1.4464e-08  3.5839e-11      798   65  798     2     4      0  1385  2.3e-08        -
 334  1.4608e-08  3.5839e-11      806   66  806     2     4      0  1397  3.1e-07        -
 339  1.4787e-08  3.5839e-11      816   66  816     2     4      0  1412  8.1e-07        -
 345     1.5e-08  3.4965e-11 out  828   66  828     2     4      0  1435  2.6e-10        -
 350  1.5175e-08  3.4965e-11      838   66  838     2     4      0  1455  2.7e-10        -
 356  1.5385e-08  3.4965e-11      850   66  850     2     4      0  1479  3.1e-10        -
 360    1.55e-08  2.2729e-11 out  858   67  858     2     4      0  1493  1.2e-08        -
 364  1.5659e-08  4.5458e-11      866   68  866     2     4      0  1505  6.4e-07        -
 369  1.5886e-08  4.5458e-11      876   68  876     2     4      0  1524  1.2e-10        -
 371  1.5966e-08  3.4074e-11      884   69  884     2     4      0  1539  1.5e-08        -
 374  1.6102e-08  6.8148e-11      890   71  890     2     4      0  1548  4.6e-07        -
 376  1.6216e-08  5.6846e-11      898   73  898     2     4      0  1562  1.8e-07        -
 381    1.65e-08  5.6775e-11 out  908   73  908     2     4      0  1581  2.6e-10        -
 386  1.6784e-08  5.6775e-11      918   73  918     2     4      0  1601  5.2e-10        -
 389  1.6949e-08  5.1287e-11      928   74  928     2     4      0  1620  1.1e-07        -
 393  1.7154e-08  5.1287e-11      936   75  936     2     4      0  1633  1.2e-10        -
 399  1.7455e-08  4.4852e-11      952   76  952     2     4      0  1664  4.4e-08        -
 404  1.7679e-08  4.4852e-11      962   77  962     2     4      0  1679  6.9e-07        -
 410  1.7949e-08  4.4852e-11      974   77  974     2     4      0  1702  1.7e-10        -
 414  1.8098e-08  4.6331e-11      986   80  986     2     4      0  1722  3.2e-08        -
 419  1.8329e-08  4.6331e-11      996   81  996     2     4      0  1737  5.2e-07        -
 422  1.8461e-08  3.8938e-11     1006   82 1006     2     4      0  1754  1.2e-08        -
 426  1.8617e-08  3.8938e-11     1014   83 1014     2     4      0  1766  1.5e-07        -
 430  1.8773e-08  3.8938e-11     1022   83 1022     2     4      0  1778  3.5e-07        -
 434  1.8928e-08  3.8938e-11     1030   83 1030     2     4      0  1790  5.3e-07        -
 437  1.9072e-08  7.1685e-11     1040   84 1040     2     4      0  1809  2.8e-07        -
 439  1.9197e-08  6.2617e-11     1048   86 1048     2     4      0  1823  1.5e-07        -
 444    1.95e-08  5.7614e-11 out 1062   86 1062     2     4      0  1850  3.4e-11        -
 447  1.9673e-08  5.7614e-11     1074   86 1074     2     4      0  1874  2.8e-11        -
 450  1.9846e-08  5.7614e-11     1086   86 1086     2     4      0  1898  3.4e-11        -
-          当前进度:  10 % - 正在组装残差
 452  1.9952e-08   4.835e-11     1096   87 1096     2     4      0  1917  5.7e-08        -
 455  2.0097e-08   4.835e-11     1102   88 1102     2     4      0  1926  4.6e-07        -
 460  2.0338e-08   4.835e-11     1112   88 1112     2     4      0  1944  2.1e-10        -
 463  2.0468e-08  3.2425e-11     1122   89 1122     2     4      0  1963    7e-09        -
 466  2.0623e-08  5.8365e-11     1132   92 1132     2     4      0  1980  1.3e-07        -
 470  2.0857e-08  5.8365e-11     1140   93 1140     2     4      0  1994    3e-10        -
 472  2.0958e-08  4.2481e-11     1148   94 1148     2     4      0  2009    3e-08        -
 476  2.1127e-08  4.2481e-11     1156   95 1156     2     4      0  2021  4.1e-07        -
 481   2.134e-08  4.2481e-11     1166   95 1166     2     4      0  2037  1.1e-10        -
 484  2.1462e-08  3.7593e-11     1176   96 1176     2     4      0  2056  2.1e-08        -
 488  2.1613e-08  3.7593e-11     1184   97 1184     2     4      0  2068  2.9e-07        -
 493  2.1801e-08  3.7593e-11     1194   97 1194     2     4      0  2083  7.8e-07        -
 498  2.1976e-08  2.4439e-11     1204   98 1204     2     4      0  2100  3.1e-09        -
 502  2.2147e-08  4.8879e-11     1212   99 1212     2     4      0  2112    9e-07        -
 507  2.2391e-08  4.8879e-11     1222   99 1222     2     4      0  2132  2.5e-10        -
 511   2.253e-08  3.0046e-11     1230  100 1230     2     4      0  2145  7.8e-08        -
 516   2.268e-08  3.0046e-11     1240  100 1240     2     4      0  2160  2.4e-07        -
 521  2.2831e-08  3.0046e-11     1250  100 1250     2     4      0  2175  3.9e-07        -
 523  2.2943e-08  5.1984e-11     1258  102 1258     2     4      0  2189  1.4e-07        -
 526  2.3057e-08  5.7414e-11     1264  104 1264     2     4      0  2198    2e-07        -
 528  2.3161e-08  5.1672e-11     1272  106 1272     2     4      0  2212  1.2e-07        -
 534   2.346e-08   4.044e-11     1288  107 1288     2     4      0  2241  3.2e-08        -
 536  2.3562e-08  6.1532e-11     1294  110 1294     2     5      0  2251  2.5e-07        -
 538  2.3672e-08  5.5378e-11     1302  112 1302     2     5      0  2265  1.5e-07        -
 543  2.3947e-08  5.3099e-11     1313  112 1313     2     5      0  2286  1.6e-10        -
 547  2.4159e-08  5.3099e-11     1325  112 1325     2     5      0  2310  1.7e-10        -
 551  2.4372e-08  5.3099e-11     1337  112 1337     2     5      0  2334  1.7e-10        -
 553  2.4462e-08  3.7605e-11     1346  113 1346     2     5      0  2351  2.4e-08        -
 558   2.465e-08  3.7605e-11     1356  114 1356     2     5      0  2366  4.1e-07        -
 563  2.4838e-08  3.7605e-11     1366  114 1366     2     5      0  2381  9.1e-07        -
 568     2.5e-08  2.4369e-11 out 1376  115 1376     2     5      0  2399    9e-09        -
 573  2.5244e-08  4.8737e-11     1386  116 1386     2     5      0  2414  9.3e-07        -
 578  2.5469e-08  3.0682e-11     1396  117 1396     2     5      0  2433  4.1e-09        -
 584  2.5653e-08  3.0682e-11     1408  117 1408     2     5      0  2451    1e-07        -
 589  2.5838e-08  6.1365e-11     1418  118 1418     2     5      0  2466  1.2e-07        -
 591  2.5946e-08  5.3633e-11     1428  119 1428     2     5      0  2485  5.8e-08        -
 596  2.6215e-08  5.3633e-11     1438  120 1438     2     5      0  2500  9.9e-07        -
 601  2.6465e-08  3.5469e-11     1448  121 1448     2     5      0  2519  8.2e-09        -
 604  2.6635e-08  6.3844e-11     1458  123 1458     2     5      0  2536  1.6e-07        -
 609  2.6945e-08   5.492e-11     1472  125 1472     2     5      0  2561  8.6e-08        -
 614   2.722e-08   5.492e-11     1482  126 1482     2     5      0  2578  3.4e-10        -
 619   2.747e-08  3.0319e-11     1492  127 1492     2     5      0  2597  5.1e-09        -
 623  2.7682e-08  6.0639e-11     1500  128 1500     2     5      0  2610  3.2e-10        -
 628  2.7962e-08  3.7764e-11     1510  129 1510     2     5      0  2629  1.6e-08        -
 632  2.8181e-08  6.7975e-11     1522  131 1522     2     5      0  2649  2.7e-07        -
 636  2.8443e-08  5.7403e-11     1534  133 1534     2     5      0  2671  1.2e-07        -
 641   2.873e-08  5.7403e-11     1544  134 1544     2     5      0  2689  4.2e-10        -
-          当前进度:  12 % - 正在组装残差
 645  2.8951e-08  4.9089e-11     1556  135 1556     2     5      0  2712  6.7e-08        -
 650  2.9196e-08  4.9089e-11     1566  136 1566     2     5      0  2728  1.7e-10        -
 656  2.9471e-08  2.9097e-11     1578  137 1578     2     5      0  2751    5e-09        -
 661  2.9733e-08  5.8195e-11     1588  138 1588     2     5      0  2768  3.7e-10        -
 664  2.9896e-08  5.2375e-11     1598  140 1598     2     5      0  2786    1e-07        -
 670  3.0209e-08  5.2137e-11     1610  140 1610     2     5      0  2810  7.7e-10        -
 675  3.0459e-08  4.1451e-11     1624  141 1624     2     5      0  2837  3.2e-08        -
 679  3.0624e-08  4.1451e-11     1632  142 1632     2     5      0  2849  4.1e-07        -
 684  3.0873e-08  8.2901e-11     1642  143 1642     2     5      0  2865  8.9e-11        -
 686     3.1e-08  6.3472e-11 out 1650  145 1650     2     5      0  2879  2.6e-07        -
 692  3.1381e-08  6.3472e-11     1662  145 1662     2     5      0  2903  1.2e-09        -
 695   3.156e-08  5.9584e-11     1674  145 1674     2     5      0  2927  2.7e-10        -
 698  3.1738e-08  5.9584e-11     1686  145 1686     2     5      0  2951  2.6e-10        -
 701  3.1917e-08  5.9584e-11     1698  145 1698     2     5      0  2975  2.5e-10        -
 706  3.2124e-08  4.1457e-11     1708  146 1708     2     5      0  2990  5.6e-07        -
 712  3.2373e-08  4.1457e-11     1720  146 1720     2     5      0  3011  1.6e-10        -
 717  3.2544e-08  4.3974e-11     1730  148 1730     2     5      0  3028  2.6e-08        -
 723  3.2808e-08  4.3974e-11     1742  148 1742     2     5      0  3046  6.2e-07        -
 727   3.297e-08   3.013e-11     1754  149 1754     2     5      0  3066    3e-09        -
 730  3.3114e-08  5.4234e-11     1762  151 1762     2     5      0  3080  1.1e-09        -
 733  3.3277e-08  5.4234e-11     1774  151 1774     2     5      0  3104  1.1e-09        -
 735  3.3386e-08  5.4234e-11     1782  151 1782     2     5      0  3120  1.1e-09        -
 739   3.356e-08  6.0098e-11     1792  153 1792     2     5      0  3137  8.8e-08        -
 745  3.3921e-08  6.0098e-11     1804  153 1804     2     5      0  3159  8.9e-10        -
 749  3.4119e-08  7.9313e-11     1812  155 1812     2     5      0  3171  3.6e-07        -
 751  3.4262e-08  7.1382e-11     1820  157 1820     2     5      0  3185  2.2e-07        -
 754  3.4452e-08  4.7751e-11     1830  158 1830     2     5      0  3204  3.3e-08        -
 759  3.4691e-08  4.7751e-11     1840  159 1840     2     5      0  3219  5.7e-07        -
 765  3.4965e-08  3.5122e-11     1856  160 1856     2     5      0  3247  8.1e-09        -
 769  3.5211e-08  7.0243e-11     1864  162 1864     2     5      0  3261    7e-10        -
 774    3.55e-08  3.9271e-11 out 1874  163 1874     2     5      0  3279  7.4e-08        -
 777  3.5689e-08  7.0688e-11     1884  165 1884     2     5      0  3296  2.9e-07        -
 781   3.595e-08  4.9718e-11     1896  167 1896     2     5      0  3318  5.1e-08        -
 784  3.6099e-08  4.9718e-11     1902  168 1902     2     5      0  3327  4.7e-07        -
 790  3.6398e-08  4.9718e-11     1914  168 1914     2     5      0  3349  3.7e-10        -
 794  3.6553e-08  5.2537e-11     1922  170 1922     2     5      0  3362  7.2e-08        -
 800  3.6868e-08  5.2537e-11     1934  170 1934     2     5      0  3383    4e-10        -
 803     3.7e-08  3.9852e-11 out 1944  172 1944     2     5      0  3401  1.8e-08        -
 808  3.7199e-08  3.9852e-11     1954  172 1954     2     5      0  3416  3.8e-07        -
 814  3.7438e-08  3.9852e-11     1966  172 1966     2     5      0  3434    8e-07        -
 816    3.75e-08  3.0814e-11 out 1974  174 1974     2     5      0  3448    4e-09        -
 821  3.7777e-08  6.1628e-11     1984  175 1984     2     5      0  3465  4.3e-10        -
 824   3.795e-08  4.9709e-11     1994  176 1994     2     5      0  3484  4.8e-08        -
-          当前进度:  14 % - 正在组装残差
 829  3.8199e-08  4.9709e-11     2004  177 2004     2     5      0  3499  7.7e-07        -
 835  3.8474e-08  2.6308e-11     2016  178 2016     2     5      0  3521  2.4e-09        -
 840   3.871e-08  5.2615e-11     2026  179 2026     2     5      0  3536    1e-06        -
 845   3.896e-08  3.9538e-11     2040  180 2040     2     5      0  3563  2.6e-08        -
 848   3.915e-08  7.1169e-11     2050  183 2050     2     5      0  3580  4.4e-07        -
 852  3.9428e-08  6.4052e-11     2062  185 2062     2     5      0  3602  2.2e-07        -
 856  3.9637e-08  6.4976e-11     2074  188 2074     2     5      0  3622  1.7e-07        -
 858  3.9761e-08  5.8479e-11     2082  190 2082     2     5      0  3636  8.9e-08        -
 862  3.9968e-08  3.1969e-11     2090  192 2090     2     5      0  3648  3.4e-09        -
 866  4.0153e-08  5.7544e-11     2100  193 2100     2     5      0  3665  1.6e-09        -
 869  4.0326e-08  5.7544e-11     2112  193 2112     2     5      0  3689  1.7e-09        -
 872  4.0471e-08  2.9415e-11     2122  194 2122     2     5      0  3708  1.5e-09        -
 876  4.0676e-08   5.883e-11     2130  195 2130     2     5      0  3720  4.2e-07        -
 881  4.0956e-08  4.4097e-11     2144  196 2144     2     5      0  3744    1e-08        -
 884  4.1163e-08  7.5188e-11     2154  199 2154     2     5      0  3761  1.5e-07        -
 888  4.1444e-08  5.5527e-11     2166  201 2166     2     5      0  3782  3.4e-08        -
 893  4.1722e-08  5.5527e-11     2176  202 2176     2     5      0  3797  6.1e-07        -
 898  4.1972e-08  2.7892e-11     2186  203 2186     2     5      0  3814  1.1e-09        -
 903  4.2223e-08  5.5785e-11     2196  204 2196     2     5      0  3829  4.7e-07        -
 909  4.2555e-08  5.4753e-11     2208  204 2208     2     5      0  3850  2.3e-09        -
 915  4.2883e-08  5.4753e-11     2220  204 2220     2     5      0  3874  2.3e-09        -
 919  4.3062e-08  6.1972e-11     2228  206 2228     2     5      0  3887  5.6e-08        -
 924  4.3372e-08  6.1972e-11     2238  206 2238     2     5      0  3904  4.5e-10        -
 928  4.3566e-08  6.6194e-11     2246  208 2246     2     5      0  3917  5.6e-08        -
 934  4.3949e-08  5.1417e-11     2262  209 2262     2     5      0  3945  1.4e-08        -
 939  4.4206e-08  5.1417e-11     2272  210 2272     2     5      0  3960  2.5e-07        -
 944  4.4456e-08  4.4331e-11     2286  211 2286     2     5      0  3983  2.9e-09        -
 947  4.4662e-08  7.3426e-11     2296  214 2296     2     5      0  4000  8.7e-08        -
 949  4.4802e-08  6.6083e-11     2304  216 2304     2     5      0  4014  5.2e-08        -
 952  4.4967e-08  3.3119e-11     2310  218 2310     2     5      0  4023  1.5e-09        -
 956  4.5199e-08  6.6237e-11     2318  219 2318     2     5      0  4035  4.4e-07        -
 960  4.5449e-08  5.1289e-11     2330  220 2330     2     5      0  4056  1.4e-08        -
 964  4.5654e-08  5.1289e-11     2338  221 2338     2     5      0  4068  1.9e-07        -
 969   4.591e-08  5.1289e-11     2348  221 2348     2     5      0  4083  4.7e-07        -
 971     4.6e-08  4.4845e-11 out 2356  223 2356     2     5      0  4097  9.9e-09        -
 975  4.6359e-08  8.9691e-11     2364  224 2364     2     5      0  4112  1.6e-09        -
 977    4.65e-08  7.0618e-11 out 2372  226 2372     2     5      0  4126    9e-08        -
 982  4.6853e-08  7.0618e-11     2382  226 2382     2     5      0  4144  4.4e-10        -
 986  4.7038e-08  3.8146e-11     2390  227 2390     2     5      0  4157  2.4e-08        -
 988  4.7183e-08  6.8663e-11     2398  229 2398     2     5      0  4171  3.1e-08        -
 992  4.7445e-08  5.5456e-11     2410  231 2410     2     5      0  4191  6.8e-09        -
-          当前进度:  16 % - 正在组装残差
 995  4.7611e-08  5.5456e-11     2416  232 2416     2     5      0  4200  5.6e-08        -
 999  4.7833e-08  5.5456e-11     2424  232 2424     2     5      0  4212  1.7e-07        -
1003     4.8e-08  2.8175e-11 out 2432  233 2432     2     5      0  4224  3.5e-10        -
1007  4.8225e-08   5.635e-11     2440  234 2440     2     5      0  4236  3.1e-08        -
1012    4.85e-08  5.2775e-11 out 2452  234 2452     2     5      0  4257  1.7e-10        -
1014  4.8692e-08  8.6176e-11     2460  236 2460     2     5      0  4271  1.4e-08        -
1017  4.8932e-08  6.7962e-11     2470  238 2470     2     5      0  4288  3.5e-08        -
1021  4.9204e-08  6.7962e-11     2478  239 2478     2     5      0  4300  4.1e-07        -
1025  4.9454e-08  4.6114e-11     2490  240 2490     2     5      0  4320  6.9e-09        -
1028  4.9684e-08  9.2227e-11     2496  242 2496     2     5      0  4330  7.4e-10        -
1031  4.9934e-08  6.5546e-11     2506  243 2506     2     5      0  4349  3.7e-08        -
1035  5.0197e-08  6.5546e-11     2514  244 2514     2     5      0  4361    8e-07        -
1039  5.0447e-08  5.3363e-11     2526  245 2526     2     5      0  4384  2.2e-08        -
1042   5.066e-08  1.0673e-10     2532  247 2532     2     5      0  4393  6.9e-07        -
1044  5.0847e-08  9.3442e-11     2540  249 2540     2     5      0  4407  1.3e-07        -
1046     5.1e-08  7.6513e-11 out 2548  251 2548     2     5      0  4421  1.4e-07        -
1051  5.1383e-08  7.6513e-11     2558  251 2558     2     5      0  4440  1.8e-09        -
1053    5.15e-08  5.8718e-11 out 2566  253 2566     2     5      0  4454  3.1e-08        -
1058  5.1794e-08  5.8718e-11     2576  253 2576     2     5      0  4469  6.5e-07        -
1061  5.1956e-08  4.4486e-11     2586  254 2586     2     5      0  4486  7.2e-09        -
1064  5.2133e-08  8.8972e-11     2592  256 2592     2     5      0  4495  2.1e-07        -
1066  5.2294e-08  8.0075e-11     2600  258 2600     2     5      0  4509  1.6e-07        -
1068  5.2437e-08  6.3158e-11     2608  259 2608     2     5      0  4523  4.9e-08        -
1072  5.2689e-08  6.3158e-11     2616  260 2616     2     5      0  4535    6e-07        -
1077     5.3e-08  6.0525e-11 out 2628  260 2628     2     5      0  4557    9e-10        -
1081  5.3242e-08  6.0525e-11     2640  260 2640     2     5      0  4581  9.1e-10        -
1085  5.3462e-08  3.8161e-11     2651  261 2651     2     5      0  4602  5.5e-09        -
1089  5.3729e-08  7.6322e-11     2659  262 2659     2     5      0  4615  7.9e-07        -
1092  5.3941e-08  5.9196e-11     2669  263 2669     2     5      0  4634  6.1e-08        -
1097  5.4268e-08  9.0656e-11     2681  266 2681     2     6      0  4654  4.7e-07        -
1099  5.4425e-08  7.5084e-11     2689  268 2689     2     6      0  4668  1.5e-07        -
1105  5.4875e-08  7.5084e-11     2701  268 2701     2     6      0  4691  2.5e-09        -
1107     5.5e-08  6.2291e-11 out 2709  270 2709     2     6      0  4705  1.4e-08        -
1113  5.5374e-08  6.2291e-11     2721  270 2721     2     6      0  4723  3.5e-07        -
1117  5.5564e-08  6.3962e-11     2729  272 2729     2     6      0  4735  1.5e-08        -
1121  5.5849e-08  9.3354e-11     2739  274 2739     2     7      0  4751  9.5e-08        -
1123     5.6e-08  7.5399e-11 out 2747  276 2747     2     7      0  4765  4.7e-07        -
1129  5.6438e-08  6.1502e-11     2763  277 2763     2     7      0  4791  5.9e-08        -
1132  5.6729e-08  1.0555e-10     2773  280 2773     2     7      0  4814  1.9e-09        -
1134  5.6917e-08  8.2953e-11     2781  282 2781     2     7      0  4832    4e-07        -
1139  5.7332e-08  8.2953e-11     2791  283 2791     2     7      0  4851  6.1e-09        -
1143  5.7585e-08  8.5235e-11     2799  285 2799     2     7      0  4864  8.1e-07        -
1148     5.8e-08   7.953e-11 out 2811  285 2811     2     7      0  4888    2e-08        -
1152  5.8318e-08   7.953e-11     2823  285 2823     2     7      0  4912    2e-08        -
-          当前进度:  18 % - 正在组装残差
1155    5.85e-08  5.1175e-11 out 2830  286 2830     2     7      0  4924  1.1e-07        -
1158  5.8787e-08  9.2114e-11     2840  287 2840     2     7      0  4946  1.9e-08        -
1160  5.8935e-08   6.526e-11     2848  289 2848     2     7      0  4961  7.6e-08        -
1163  5.9175e-08  8.2808e-11     2858  291 2858     2     8      0  4982  1.3e-08        -
1166   5.942e-08  7.9783e-11     2872  292 2872     2     8      0  5009  2.3e-07        -
1170  5.9739e-08  7.9783e-11     2880  293 2880     2     8      0  5024  3.4e-09        -
1175  6.0051e-08  5.0541e-11     2890  294 2890     2     8      0  5041  2.5e-07        -
1177  6.0243e-08  9.0974e-11     2898  296 2898     2     8      0  5058  5.6e-07        -
1180    6.05e-08  8.3214e-11 out 2908  297 2908     2     8      0  5080    1e-08        -
1183   6.075e-08  8.3214e-11     2920  297 2920     2     8      0  5107    1e-08        -
1186  6.0958e-08  4.1966e-11     2930  298 2930     2     8      0  5128  1.9e-08        -
1191  6.1336e-08  8.3932e-11     2940  299 2940     2     8      0  5150  7.4e-09        -
1196  6.1746e-08  8.2136e-11     2950  299 2950     2     8      0  5170  5.5e-08        -
1201  6.2089e-08  8.9321e-11     2960  301 2960     2     8      0  5187  2.9e-07        -
1205  6.2429e-08  7.1358e-11     2972  302 2972     2     8      0  5210  7.8e-08        -
1207  6.2595e-08   9.501e-11     2978  305 2978     2     9      0  5222  3.1e-07        -
1210  6.2852e-08  8.5509e-11     2990  305 2990     2     9      0  5249  1.6e-08        -
1212     6.3e-08  7.4231e-11 out 2998  307 2998     2     9      0  5264  8.7e-08        -
1214  6.3187e-08  8.8685e-11     3006  309 3006     2    10      0  5282  1.9e-08        -
1217  6.3432e-08  6.7702e-11     3020  310 3020     2    10      0  5315  5.7e-08        -
1221  6.3703e-08  6.7702e-11     3028  311 3028     2    10      0  5327  7.2e-07        -
1225  6.3953e-08  4.6893e-11     3040  312 3040     2    10      0  5349  1.2e-08        -
1229  6.4281e-08  9.3786e-11     3048  314 3048     2    10      0  5366  6.5e-09        -
1233  6.4562e-08  6.2428e-11     3056  315 3056     2    10      0  5380  8.1e-07        -
1239  6.4937e-08  6.2428e-11     3068  315 3068     2    10      0  5404  2.7e-09        -
1242  6.5063e-08  6.3002e-11     3074  317 3074     2    10      0  5413  9.4e-08        -
1245  6.5358e-08  1.0564e-10     3084  319 3084     2    10      0  5437  2.4e-09        -
1248  6.5603e-08  1.0263e-10     3092  322 3092     2    11      0  5453    2e-09        -
1250  6.5797e-08  1.0243e-10     3104  324 3104     2    12      0  5481  9.5e-07        -
1253     6.6e-08  5.5193e-11 out 3112  325 3112     2    12      0  5496    2e-07        -
1255  6.6208e-08  9.7725e-11     3120  327 3120     2    12      0  5514  9.7e-07        -
1258  6.6447e-08  5.3106e-11     3128  329 3128     2    12      0  5530  2.3e-08        -
1261  6.6702e-08   9.559e-11     3136  330 3136     2    12      0  5546  3.4e-08        -
1263  6.6883e-08  8.6031e-11     3146  331 3146     2    12      0  5569  2.4e-07        -
1267  6.7117e-08  5.8289e-11     3154  332 3154     2    12      0  5581  4.5e-07        -
1271   6.735e-08  5.8289e-11     3162  332 3162     2    12      0  5593  9.7e-07        -
1273  6.7454e-08  4.5989e-11     3170  333 3170     2    12      0  5608  1.2e-08        -
1276  6.7638e-08  9.1978e-11     3176  335 3176     2    12      0  5618  3.9e-07        -
1280     6.8e-08  8.9038e-11 out 3186  335 3186     2    12      0  5642  7.8e-09        -
1283  6.8267e-08  8.9038e-11     3195  335 3195     2    12      0  5663  8.5e-09        -
1285  6.8428e-08  7.1923e-11     3204  336 3204     2    12      0  5682  1.8e-07        -
1288  6.8644e-08  7.1923e-11     3210  337 3210     2    12      0  5692  1.2e-09        -
1291  6.8894e-08  1.0615e-10     3220  338 3220     2    12      0  5713    2e-09        -
--         当前进度:  20 % - 求解线性方程组
Memory: 1105/1146 1127/1162
1295  6.9159e-08  1.0615e-10     3228  340 3228     2    12      0  5726  9.1e-07        -
1297   6.935e-08  9.5538e-11     3236  340 3236     2    12      0  5744  3.8e-08        -
1299    6.95e-08  7.4846e-11 out 3244  342 3244     2    12      0  5762  1.3e-07        -
1301  6.9676e-08  1.0165e-10     3250  344 3250     2    13      0  5774  5.3e-07        -
1304   6.993e-08  7.0268e-11     3264  345 3264     2    13      0  5807  7.5e-08        -
1308  7.0211e-08  7.0268e-11     3272  346 3272     2    13      0  5819  9.5e-07        -
1312  7.0461e-08  3.9196e-11     3280  347 3280     2    13      0  5834  3.7e-09        -
1317  7.0814e-08  7.8392e-11     3290  348 3290     2    13      0  5851  3.2e-09        -
1320     7.1e-08  5.4019e-11 out 3300  350 3300     2    13      0  5871  2.2e-08        -
1324  7.1412e-08  8.7942e-11     3312  352 3312     2    13      0  5899  2.9e-07        -
1329  7.1852e-08  8.7942e-11     3322  353 3322     2    13      0  5923  1.1e-08        -
1331     7.2e-08  7.4116e-11 out 3330  355 3330     2    13      0  5938  1.5e-07        -
1336  7.2398e-08  1.0177e-10     3344  356 3344     2    13      0  5965  5.9e-07        -
1338  7.2616e-08   1.163e-10     3350  359 3350     2    14      0  5979    3e-09        -
1340   7.283e-08  1.0913e-10     3360  362 3360     2    15      0  6001  7.4e-07        -
1342     7.3e-08  8.4956e-11 out 3368  364 3368     2    15      0  6020  1.9e-07        -
1345  7.3291e-08  9.7651e-11     3378  366 3378     2    16      0  6042  3.7e-08        -
1349  7.3556e-08   5.562e-11     3388  367 3388     2    16      0  6060  1.8e-07        -
1352  7.3867e-08  1.0012e-10     3398  368 3398     2    16      0  6082  4.2e-08        -
1357  7.4199e-08  6.6453e-11     3408  369 3408     2    16      0  6097  3.1e-07        -
1361  7.4449e-08  5.0642e-11     3420  370 3420     2    16      0  6117  5.1e-09        -
1365  7.4753e-08  1.0128e-10     3428  372 3428     2    16      0  6131  7.9e-07        -
1368     7.5e-08  7.2752e-11 out 3438  374 3438     2    16      0  6154  3.7e-08        -
1374  7.5432e-08  6.8121e-11     3451  374 3451     2    16      0  6175  7.1e-09        -
1378  7.5704e-08  6.8121e-11     3463  374 3463     2    16      0  6199  7.1e-09        -
1381  7.5909e-08  6.8121e-11     3472  374 3472     2    16      0  6217  7.1e-09        -
1385  7.6137e-08  9.1275e-11     3480  376 3480     2    16      0  6229  1.3e-07        -
1388  7.6432e-08  6.7953e-11     3490  378 3490     2    16      0  6247  2.3e-08        -
1391  7.6675e-08  1.0687e-10     3498  380 3498     2    17      0  6261  1.9e-07        -
1394  7.6934e-08  6.6407e-11     3508  381 3508     2    17      0  6282  1.5e-08        -
1397  7.7171e-08  1.0509e-10     3516  383 3516     2    18      0  6296  1.3e-07        -
1400   7.743e-08  6.9674e-11     3526  384 3526     2    18      0  6317  1.4e-08        -
1406  7.7848e-08  6.9674e-11     3538  384 3538     2    18      0  6335  3.6e-07        -
1410  7.8082e-08  8.1954e-11     3546  386 3546     2    18      0  6347  3.5e-08        -
1415  7.8455e-08  4.5115e-11     3556  387 3556     2    18      0  6362  2.1e-09        -
1420  7.8861e-08   9.023e-11     3566  388 3566     2    18      0  6377  7.7e-07        -
1422     7.9e-08  6.9541e-11 out 3574  390 3574     2    18      0  6391  2.1e-08        -
1428  7.9417e-08  6.9541e-11     3586  390 3586     2    18      0  6409  3.9e-07        -
1432  7.9666e-08  8.2756e-11     3594  392 3594     2    18      0  6421  8.1e-07        -
1436       8e-08  6.2933e-11 out 3602  394 3602     2    18      0  6436  1.9e-07        -
1439  8.0301e-08  1.1188e-10     3612  396 3612     2    18      0  6458  6.1e-07        -
1442    8.06e-08  9.9661e-11     3620  398 3620     2    19      0  6477    1e-08        -
1447     8.1e-08  5.0678e-11 out 3630  399 3630     2    19      0  6498  4.6e-08        -
--         当前进度:  22 % - 正在组装残差
1452    8.15e-08  9.7966e-11 out 3640  400 3640     2    19      0  6522  1.7e-07        -
1457  8.1946e-08  5.4069e-11     3650  401 3650     2    19      0  6545  1.3e-08        -
1462  8.2378e-08  1.0814e-10     3660  402 3660     2    19      0  6565  1.8e-08        -
1466  8.2622e-08   6.076e-11     3668  403 3668     2    19      0  6577  3.7e-07        -
1472  8.2963e-08   3.734e-11     3680  404 3680     2    19      0  6595  3.4e-09        -
1477  8.3299e-08  7.4679e-11     3690  405 3690     2    19      0  6611  2.1e-09        -
1480  8.3614e-08  1.1394e-10     3700  407 3700     2    19      0  6634  8.2e-07        -
1482  8.3842e-08  1.0795e-10     3708  409 3708     2    20      0  6653  6.8e-08        -
1483  8.3921e-08   7.908e-11     3716  411 3716     2    21      0  6671  1.1e-07        -
1486  8.4217e-08  1.0294e-10     3726  413 3726     2    22      0  6692  5.4e-08        -
1488   8.441e-08  8.9877e-11     3736  414 3736     2    22      0  6716  1.7e-07        -
1492   8.477e-08  8.9877e-11     3744  415 3744     2    22      0  6734  9.2e-09        -
1494   8.493e-08  7.0246e-11     3752  416 3752     2    22      0  6751  4.1e-08        -
1498  8.5211e-08  7.0246e-11     3760  417 3760     2    22      0  6763  5.3e-07        -
1502  8.5461e-08  3.9261e-11     3768  418 3768     2    22      0  6775  2.3e-09        -
1506  8.5736e-08  7.8523e-11     3776  419 3776     2    22      0  6787  6.5e-07        -
1509  8.5946e-08  5.3693e-11     3786  420 3786     2    22      0  6808  1.3e-08        -
1512  8.6215e-08  1.0739e-10     3792  422 3792     2    22      0  6820  1.1e-08        -
1515    8.65e-08  8.8921e-11 out 3802  424 3802     2    22      0  6843  1.9e-07        -
1520  8.6928e-08  7.2157e-11     3816  425 3816     2    22      0  6874  7.4e-08        -
1523  8.7267e-08   1.231e-10     3826  428 3826     2    22      0  6898  4.2e-09        -
1525    8.75e-08  1.1629e-10 out 3832  430 3832     2    23      0  6912  1.7e-08        -
1527  8.7737e-08  1.1203e-10     3840  432 3840     2    24      0  6931  8.6e-08        -
1530     8.8e-08  7.5724e-11 out 3848  433 3848     2    24      0  6947  3.5e-07        -
1533  8.8295e-08  1.0398e-10     3858  435 3858     2    25      0  6969  6.8e-08        -
1535    8.85e-08  1.0238e-10 out 3866  437 3866     2    25      0  6987  3.3e-07        -
1539  8.8904e-08  9.6425e-11     3875  437 3875     2    25      0  7009  4.9e-08        -
1543  8.9289e-08  9.6425e-11     3887  437 3887     2    25      0  7035  2.7e-08        -
1547  8.9614e-08   1.143e-10     3896  439 3896     2    25      0  7051  4.9e-07        -
1551   9.025e-08     2.5e-10     3902  440 3902     2    25      0  7061        0        -
1559     9.4e-08       5e-10 out 3910  441 3910     2    25      0  7061        0        -
1569     9.9e-08       5e-10 out 3920  441 3920     2    25      0  7061        0        -
1577    1.03e-07       5e-10 out 3928  441 3928     2    25      0  7061        0        -
1587    1.08e-07       5e-10 out 3938  441 3938     2    25      0  7061        0        -
1594   1.115e-07       5e-10 out 3945  441 3945     2    25      0  7061        0        -
1603    1.16e-07       5e-10 out 3954  441 3954     2    25      0  7061        0        -
1613    1.21e-07       5e-10 out 3964  441 3964     2    25      0  7061        0        -
1620   1.245e-07       5e-10 out 3971  441 3971     2    25      0  7061        0        -
1628   1.285e-07       5e-10 out 3979  441 3979     2    25      0  7061        0        -
1636   1.325e-07       5e-10 out 3987  441 3987     2    25      0  7061        0        -
1643    1.36e-07       5e-10 out 3994  441 3994     2    25      0  7061        0        -
1651     1.4e-07       5e-10 out 4002  441 4002     2    25      0  7061        0        -
1661    1.45e-07       5e-10 out 4012  441 4012     2    25      0  7061        0        -
1669    1.49e-07       5e-10 out 4020  441 4020     2    25      0  7061        0        -
1676   1.525e-07       5e-10 out 4027  441 4027     2    25      0  7061        0        -
1685    1.57e-07       5e-10 out 4036  441 4036     2    25      0  7061        0        -
1694   1.615e-07       5e-10 out 4045  441 4045     2    25      0  7061        0        -
1704   1.665e-07       5e-10 out 4055  441 4055     2    25      0  7061        0        -
---        当前进度:  38 % - 正在组装残差
1713    1.71e-07       5e-10 out 4064  441 4064     2    25      0  7061        0        -
1723    1.76e-07       5e-10 out 4074  441 4074     2    25      0  7061        0        -
1733    1.81e-07       5e-10 out 4084  441 4084     2    25      0  7061        0        -
1743    1.86e-07       5e-10 out 4094  441 4094     2    25      0  7061        0        -
1753    1.91e-07       5e-10 out 4104  441 4104     2    25      0  7061        0        -
1763    1.96e-07       5e-10 out 4114  441 4114     2    25      0  7061        0        -
1772   2.005e-07       5e-10 out 4123  441 4123     2    25      0  7061        0        -
1782   2.055e-07       5e-10 out 4133  441 4133     2    25      0  7061        0        -
1792   2.105e-07       5e-10 out 4143  441 4143     2    25      0  7061        0        -
1801    2.15e-07       5e-10 out 4152  441 4152     2    25      0  7061        0        -
1811     2.2e-07       5e-10 out 4162  441 4162     2    25      0  7061        0        -
1821    2.25e-07       5e-10 out 4172  441 4172     2    25      0  7061        0        -
1830   2.295e-07       5e-10 out 4181  441 4181     2    25      0  7061        0        -
1840   2.345e-07       5e-10 out 4191  441 4191     2    25      0  7061        0        -
1850   2.395e-07       5e-10 out 4201  441 4201     2    25      0  7061        0        -
1860   2.445e-07       5e-10 out 4211  441 4211     2    25      0  7061        0        -
1869    2.49e-07       5e-10 out 4220  441 4220     2    25      0  7061        0        -
1876   2.525e-07       5e-10 out 4227  441 4227     2    25      0  7061        0        -
1883    2.56e-07       5e-10 out 4234  441 4234     2    25      0  7061        0        -
1891     2.6e-07       5e-10 out 4242  441 4242     2    25      0  7061        0        -
1900   2.645e-07       5e-10 out 4251  441 4251     2    25      0  7061        0        -
1910   2.695e-07       5e-10 out 4261  441 4261     2    25      0  7061        0        -
1920   2.745e-07       5e-10 out 4271  441 4271     2    25      0  7061        0        -
1927    2.78e-07       5e-10 out 4278  441 4278     2    25      0  7061        0        -
1934   2.815e-07       5e-10 out 4285  441 4285     2    25      0  7061        0        -
1943    2.86e-07       5e-10 out 4294  441 4294     2    25      0  7061        0        -
1951     2.9e-07       5e-10 out 4302  441 4302     2    25      0  7061        0        -
1961    2.95e-07       5e-10 out 4312  441 4312     2    25      0  7061        0        -
1971       3e-07       5e-10 out 4322  441 4322     2    25      0  7061        0        -
1978   3.035e-07       5e-10 out 4329  441 4329     2    25      0  7061        0        -
1987    3.08e-07       5e-10 out 4338  441 4338     2    25      0  7061        0        -
1997    3.13e-07       5e-10 out 4348  441 4348     2    25      0  7061        0        -
2007    3.18e-07       5e-10 out 4358  441 4358     2    25      0  7061        0        -
2017    3.23e-07       5e-10 out 4368  441 4368     2    25      0  7061        0        -
2027    3.28e-07       5e-10 out 4378  441 4378     2    25      0  7061        0        -
2037    3.33e-07       5e-10 out 4388  441 4388     2    25      0  7061        0        -
2047    3.38e-07       5e-10 out 4398  441 4398     2    25      0  7061        0        -
2057    3.43e-07       5e-10 out 4408  441 4408     2    25      0  7061        0        -
2067    3.48e-07       5e-10 out 4418  441 4418     2    25      0  7061        0        -
2077    3.53e-07       5e-10 out 4428  441 4428     2    25      0  7061        0        -
2087    3.58e-07       5e-10 out 4438  441 4438     2    25      0  7061        0        -
2094   3.615e-07       5e-10 out 4445  441 4445     2    25      0  7061        0        -
2103    3.66e-07       5e-10 out 4454  441 4454     2    25      0  7061        0        -
2111     3.7e-07       5e-10 out 4462  441 4462     2    25      0  7061        0        -
2118   3.735e-07       5e-10 out 4469  441 4469     2    25      0  7061        0        -
2127    3.78e-07       5e-10 out 4478  441 4478     2    25      0  7061        0        -
2137    3.83e-07       5e-10 out 4488  441 4488     2    25      0  7061        0        -
2147    3.88e-07       5e-10 out 4498  441 4498     2    25      0  7061        0        -
2157    3.93e-07       5e-10 out 4508  441 4508     2    25      0  7061        0        -
2167    3.98e-07       5e-10 out 4518  441 4518     2    25      0  7061        0        -
--------   当前进度:  81 % - 正在组装残差
Memory: 1106/1146 1127/1162
2176   4.025e-07       5e-10 out 4527  441 4527     2    25      0  7061        0        -
2185    4.07e-07       5e-10 out 4536  441 4536     2    25      0  7061        0        -
2195    4.12e-07       5e-10 out 4546  441 4546     2    25      0  7061        0        -
2205    4.17e-07       5e-10 out 4556  441 4556     2    25      0  7061        0        -
2215    4.22e-07       5e-10 out 4566  441 4566     2    25      0  7061        0        -
2225    4.27e-07       5e-10 out 4576  441 4576     2    25      0  7061        0        -
2235    4.32e-07       5e-10 out 4586  441 4586     2    25      0  7061        0        -
2245    4.37e-07       5e-10 out 4596  441 4596     2    25      0  7061        0        -
2255    4.42e-07       5e-10 out 4606  441 4606     2    25      0  7061        0        -
2264   4.465e-07       5e-10 out 4615  441 4615     2    25      0  7061        0        -
2274   4.515e-07       5e-10 out 4625  441 4625     2    25      0  7061        0        -
2284   4.565e-07       5e-10 out 4635  441 4635     2    25      0  7061        0        -
2291     4.6e-07       5e-10 out 4642  441 4642     2    25      0  7061        0        -
2298   4.635e-07       5e-10 out 4649  441 4649     2    25      0  7061        0        -
2307    4.68e-07       5e-10 out 4658  441 4658     2    25      0  7061        0        -
2314   4.715e-07       5e-10 out 4665  441 4665     2    25      0  7061        0        -
2322   4.755e-07       5e-10 out 4673  441 4673     2    25      0  7061        0        -
2331     4.8e-07       5e-10 out 4682  441 4682     2    25      0  7061        0        -
2340   4.845e-07       5e-10 out 4691  441 4691     2    25      0  7061        0        -
2349    4.89e-07       5e-10 out 4700  441 4700     2    25      0  7061        0        -
2355    4.92e-07       5e-10 out 4706  441 4706     2    25      0  7061        0        -
2363    4.96e-07       5e-10 out 4714  441 4714     2    25      0  7061        0        -
2371       5e-07       5e-10 out 4722  441 4722     2    25      0  7061        0        -
---------- 当前进度: 100 % - 
Memory: 1106/1146 1128/1162
求解时间：4 s。
物理内存: 1.13 GB
虚拟内存: 1.14 GB
结束时间：2026年9月4日 10:09:32。
----- Study 2 - Single_Muon_Diagnostic/解 2 (sol2) 中的“瞬态求解器 1” ----------------->
           当前进度:   0 % - 
Memory: 1115/1146 1136/1162
-          当前进度:  13 % - 正在计算
Memory: 1108/1146 1127/1162
--         当前进度:  23 % - 正在计算
---        当前进度:  33 % - 正在计算
----       当前进度:  43 % - 正在计算
-----      当前进度:  54 % - 正在计算
------     当前进度:  65 % - 正在计算
-------    当前进度:  76 % - 正在计算
--------   当前进度:  87 % - 正在计算
---------  当前进度:  98 % - 正在计算
---------- 当前进度: 100 % - 正在计算
Memory: 1109/1146 1127/1162
           当前进度:   0 % - 
---        当前进度:  34 % - 正在计算
Memory: 1094/1146 1111/1162
---------  当前进度:  95 % - 正在计算
Memory: 1095/1146 1111/1162
BRIDGE_CASE_COMPLETE=bridge_gap40p2_V23_5kV
BRIDGE_CASE_START=bridge_gap40p3_V23_5kV
           当前进度:   0 % - Grounded outer shell / bore boundary
           当前进度:   1 % - Uniform Ne gas volume before electrode subtraction
           当前进度:   2 % - Gas cutter reserved for dielectric liner
           当前进度:   2 % - Representative alumina dielectric liner
           当前进度:   2 % - 执行布尔操作
-          当前进度:  11 % - V1 electrode outer blank
-          当前进度:  12 % - V1 aperture cutter
-          当前进度:  12 % - V1 finite-thickness annular electrode
-          当前进度:  12 % - 执行布尔操作
--         当前进度:  21 % - V1 electrode, 1 mm rounded edges
Memory: 1095/1146 1112/1162
--         当前进度:  29 % - V2 electrode outer blank
---        当前进度:  30 % - V2 aperture cutter
---        当前进度:  31 % - V2 finite-thickness annular electrode
---        当前进度:  31 % - 执行布尔操作
---        当前进度:  39 % - V2 electrode, 1 mm rounded edges
----       当前进度:  47 % - V3 electrode outer blank
----       当前进度:  48 % - V3 aperture cutter
----       当前进度:  49 % - V3 finite-thickness annular electrode
----       当前进度:  49 % - 执行布尔操作
-----      当前进度:  57 % - V3 electrode, 1 mm rounded edges
------     当前进度:  65 % - V4 electrode outer blank
------     当前进度:  66 % - V4 aperture cutter
------     当前进度:  67 % - V4 finite-thickness annular electrode
------     当前进度:  67 % - 执行布尔操作
-------    当前进度:  75 % - V4 electrode, 1 mm rounded edges
--------   当前进度:  83 % - Ne gas domain excluding four electrode solids
--------   当前进度:  83 % - 执行布尔操作
---------  当前进度:  92 % - 形成联合体
---------  当前进度:  92 % - 执行布尔操作
---------- 当前进度: 100 % - 正在更新选择
           当前进度:   0 % - 自由四面体网格
顶点单元数：80
-          当前进度:  13 % - 调整边界网格
Memory: 1100/1146 1115/1162
--         当前进度:  22 % - 正在创建边界网格
边单元数：1348
边界单元数：18072
---        当前进度:  37 % - 正在创建初始四面体网格
Memory: 1077/1146 1091/1162
----       当前进度:  45 % - 相关边界
Memory: 1081/1146 1096/1162
------     当前进度:  65 % - 相关边界
Memory: 1083/1146 1102/1162
-------    当前进度:  78 % - 正在插入内部点
Memory: 1085/1146 1103/1162
--------   当前进度:  85 % - 正在提高单元质量
Memory: 1088/1146 1105/1162
单元数：72068
最小单元质量：0.2147
---------- 当前进度: 100 % - 正在定型网格
Memory: 1086/1146 1101/1162
           当前进度:   2 % - 生成方程
Memory: 1084/1146 1100/1162
           当前进度:   3 % - Study 1 - 3D Electrostatics stationary
Memory: 1100/1146 1115/1162
<---- Study 1 - 3D Electrostatics stationary/解 1 (sol1) 中的“编译方程: 稳态” -----------
开始于 2026年9月4日 10:09:37。
几何形函数: 二次拉格朗日单元
几何形函数: 二次拉格朗日单元
在 Intel64 Family 6 Model 186 Stepping 2, GenuineIntel 上运行。
在以下位置使用 1 个插槽： 陈红星 上（共 1 个内核）。
可用内存：15.90 GB。
           当前进度:   3 % - 编译方程: 稳态
Memory: 1104/1146 1118/1162
           当前进度:   6 % - 编译方程: 稳态
Memory: 1089/1146 1099/1162
           当前进度:   7 % - 编译方程: 稳态
Memory: 1102/1146 1115/1162
时间：2。
物理内存: 1.11 GB
虚拟内存: 1.12 GB
Warning: 自由空间采用真空条件，这会导致某些材料属性被忽略。请考虑为忽略的材料添加合适的物理场特征。

  - 节点: 自由空间 1

  - 物理场: Electrostatics: four finite-thickness rounded ring electrodes (es)

  - Materials: Natural Neon gas, representative relative permittivity (mat_gas), Representative alumina ceramic; epsilon_r=9.4 assumption (mat_diel)

  - Quantities: 相对介电常数, 相对介电常数
结束时间：2026年9月4日 10:09:39。
----- Study 1 - 3D Electrostatics stationary/解 1 (sol1) 中的“编译方程: 稳态” ---------->
<---- Study 1 - 3D Electrostatics stationary/解 1 (sol1) 中的“因变量 1” --------------
开始于 2026年9月4日 10:09:39。
           当前进度:   7 % - 因变量 1
Memory: 1105/1146 1119/1162
求解时间：0 s。
物理内存: 1.11 GB
虚拟内存: 1.12 GB
结束时间：2026年9月4日 10:09:39。
----- Study 1 - 3D Electrostatics stationary/解 1 (sol1) 中的“因变量 1” ------------->
<---- Study 1 - 3D Electrostatics stationary/解 1 (sol1) 中的“稳态求解器 1” ------------
开始于 2026年9月4日 10:09:40。
线性求解器 
求解的自由度数：107088。
--         当前进度:  24 % - 组装稀疏模式
Memory: 1134/1146 1150/1162
---        当前进度:  31 % - 组装矩阵
Memory: 1119/1146 1146/1165
找到对称矩阵。
---        当前进度:  38 % - 
Memory: 1113/1146 1135/1170
缩放因变量：
电势 (comp1.V): 1
已使用正交零空间函数。
---        当前进度:  38 % - 组装延展
Memory: 1167/1177 1195/1206
-----      当前进度:  56 % - 组装稀疏模式
Memory: 1153/1177 1178/1206
Iter      SolEst     Damping    Stepsize #Res #Jac #Sol LinIt   LinErr   LinRes
-------    当前进度:  74 % - 求解线性方程组
Memory: 1155/1177 1183/1206
   1        0.78   1.0000000        0.78    1    1    1     4  1.4e-05  2.7e-08
---------- 当前进度: 100 % - 
Memory: 1138/1177 1161/1206
求解时间：3 s。
物理内存: 1.18 GB
虚拟内存: 1.21 GB
结束时间：2026年9月4日 10:09:43。
----- Study 1 - 3D Electrostatics stationary/解 1 (sol1) 中的“稳态求解器 1” ----------->
           当前进度:   0 % - Study 2 - Single_Muon_Diagnostic
Memory: 1138/1177 1155/1206
           当前进度:   3 % - Study 2 - Single_Muon_Diagnostic
Memory: 1144/1177 1160/1206
<---- Study 2 - Single_Muon_Diagnostic/解 2 (sol2) 中的“编译方程: 瞬态” -----------------
开始于 2026年9月4日 10:09:43。
几何形函数: 二次拉格朗日单元
几何形函数: 二次拉格朗日单元
在 Intel64 Family 6 Model 186 Stepping 2, GenuineIntel 上运行。
在以下位置使用 1 个插槽： 陈红星 上（共 1 个内核）。
可用内存：15.90 GB。
           当前进度:   3 % - 生成方程
Memory: 1143/1177 1159/1206
           当前进度:   5 % - 编译方程: 瞬态
Memory: 1156/1177 1172/1206
时间：1。
物理内存: 1.16 GB
虚拟内存: 1.17 GB
Warning: 自由空间采用真空条件，这会导致某些材料属性被忽略。请考虑为忽略的材料添加合适的物理场特征。

  - 节点: 自由空间 1

  - 物理场: Electrostatics: four finite-thickness rounded ring electrodes (es)

  - Materials: Natural Neon gas, representative relative permittivity (mat_gas), Representative alumina ceramic; epsilon_r=9.4 assumption (mat_diel)

  - Quantities: 相对介电常数, 相对介电常数
结束时间：2026年9月4日 10:09:44。
----- Study 2 - Single_Muon_Diagnostic/解 2 (sol2) 中的“编译方程: 瞬态” ---------------->
<---- Study 2 - Single_Muon_Diagnostic/解 2 (sol2) 中的“因变量 1” --------------------
开始于 2026年9月4日 10:09:44。
不求解变量的值: 解 1 (sol1).
           当前进度:   5 % - 因变量 1
Memory: 1157/1177 1173/1206
求解时间：0 s。
物理内存: 1.16 GB
虚拟内存: 1.18 GB
结束时间：2026年9月4日 10:09:45。
----- Study 2 - Single_Muon_Diagnostic/解 2 (sol2) 中的“因变量 1” ------------------->
<---- Study 2 - Single_Muon_Diagnostic/解 2 (sol2) 中的“瞬态求解器 1” ------------------
开始于 2026年9月4日 10:09:45。
瞬态求解器（广义 α）
求解的自由度数：3（加上 4 个内部自由度）。
找到非对称矩阵。
缩放因变量：
颗粒位置 (comp1.qcpt): 1
Step        Time    Stepsize      Res  Jac  Sol Order Tfail NLfail LinIt   LinErr   LinRes
   0           0           - out    2    3    2                  0     0        0        0
   1    6.25e-11    6.25e-11       10    7   10     2     3      0    18  4.8e-08        -
   6    3.75e-10    6.25e-11       20    7   20     2     3      0    35  6.7e-11        -
  11   6.875e-10    6.25e-11       30    7   30     2     3      0    55  8.2e-11        -
  13       8e-10   5.625e-11       38    9   38     2     3      0    69  1.2e-07        -
  16  9.5625e-10   4.375e-11       48   10   48     2     3      0    87  3.9e-08        -
  20  1.1312e-09   4.375e-11       56   11   56     2     3      0    99  5.3e-07        -
  25    1.35e-09   4.375e-11       66   11   66     2     3      0   117  1.7e-11        -
  28  1.4687e-09   3.125e-11       76   12   76     2     3      0   136    7e-09        -
  32  1.5938e-09   3.125e-11       84   13   84     2     3      0   148  8.9e-08        -
  37    1.75e-09   3.125e-11       94   13   94     2     3      0   163  2.2e-07        -
  41  1.9531e-09  4.6875e-11      106   15  106     2     3      0   184  5.4e-08        -
  46  2.1875e-09  4.6875e-11      116   16  116     2     3      0   199  9.3e-07        -
  51  2.4219e-09  4.6875e-11      126   16  126     2     3      0   219  3.8e-11        -
  53     2.5e-09  3.9063e-11 out  134   18  134     2     3      0   233    2e-08        -
  57  2.6563e-09  3.9063e-11      142   18  142     2     3      0   245  3.4e-07        -
  62  2.8516e-09  3.9063e-11      152   18  152     2     3      0   260  7.4e-07        -
  66       3e-09  3.5156e-11 out  164   18  164     2     3      0   282  2.8e-10        -
  69  3.1055e-09  3.5156e-11      176   18  176     2     3      0   306  2.7e-10        -
  72  3.2109e-09  3.5156e-11      188   18  188     2     3      0   330  2.7e-10        -
  75  3.3164e-09  3.5156e-11      200   18  200     2     3      0   354  2.7e-10        -
  77  3.3867e-09  3.5156e-11      208   18  208     2     3      0   370  2.7e-10        -
  80  3.4785e-09  2.1484e-11      218   19  218     2     3      0   389  5.5e-10        -
  84  3.6289e-09  4.2969e-11      226   20  226     2     3      0   401  1.5e-07        -
  89  3.8438e-09  4.2969e-11      236   20  236     2     3      0   416  4.9e-07        -
  92  3.9648e-09  3.5156e-11      246   21  246     2     3      0   433  6.5e-09        -
  96  4.1055e-09  3.5156e-11      254   22  254     2     3      0   445  8.6e-08        -
 102  4.3164e-09  3.5156e-11      266   22  266     2     3      0   463  2.5e-07        -
 107  4.5566e-09  5.6641e-11      276   23  276     2     3      0   478  7.4e-07        -
           当前进度:   8 % - 
Memory: 1153/1177 1169/1206
 112  4.8398e-09  5.6641e-11      286   23  286     2     3      0   498  1.6e-10        -
 116  5.0518e-09  5.1758e-11      300   23  300     2     3      0   526  6.2e-10        -
 119   5.207e-09  5.1758e-11      312   23  312     2     3      0   550  6.8e-10        -
 122  5.3623e-09  5.1758e-11      324   23  324     2     3      0   574  7.1e-10        -
 124   5.457e-09  4.2969e-11      334   24  334     2     3      0   593  2.4e-08        -
 128  5.6289e-09  4.2969e-11      342   25  342     2     3      0   605  3.1e-07        -
 134  5.8867e-09  4.2969e-11      354   25  354     2     3      0   623    9e-07        -
 137       6e-09  3.5156e-11 out  364   27  364     2     3      0   640  9.5e-09        -
 142  6.1758e-09  3.5156e-11      374   27  374     2     3      0   655  2.1e-07        -
 148  6.3867e-09  3.5156e-11      386   27  386     2     3      0   673  4.6e-07        -
 153   6.543e-09  4.2969e-11      396   29  396     2     3      0   688  3.4e-08        -
 158  6.7578e-09  4.2969e-11      406   29  406     2     3      0   703  8.1e-07        -
 162  6.9297e-09  4.2969e-11      414   29  414     2     3      0   718  4.5e-11        -
 164       7e-09  3.5156e-11 out  422   31  422     2     3      0   732  1.9e-08        -
 169  7.1758e-09  3.5156e-11      432   31  432     2     3      0   747  4.5e-07        -
 173  7.3164e-09  3.5156e-11      440   31  440     2     3      0   759  8.4e-07        -
 178  7.4785e-09  2.1486e-11      450   32  450     2     3      0   777  2.3e-09        -
 183  7.6719e-09  4.2973e-11      460   33  460     2     3      0   792  9.1e-07        -
 189  7.9297e-09  4.2973e-11      472   33  472     2     3      0   816    5e-11        -
 191       8e-09  3.5137e-11 out  480   35  480     2     3      0   830  2.3e-08        -
 197  8.2108e-09  3.5137e-11      492   35  492     2     3      0   848    5e-07        -
 202  8.3865e-09  3.5137e-11      502   35  502     2     3      0   863  7.9e-07        -
 207  8.5432e-09  4.3216e-11      512   37  512     2     3      0   878  4.6e-08        -
 211  8.7161e-09  4.3216e-11      520   37  520     2     3      0   890  7.1e-07        -
 216  8.9322e-09  4.3216e-11      530   37  530     2     3      0   908  5.8e-11        -
 218       9e-09  3.3921e-11 out  538   39  538     2     3      0   922  1.2e-08        -
 221  9.1622e-09  6.0392e-11      548   41  548     2     3      0   939  2.2e-07        -
 226  9.4519e-09  4.8138e-11      562   43  562     2     3      0   965  7.1e-08        -
 229  9.5963e-09  4.8138e-11      568   44  568     2     3      0   974  6.4e-07        -
 235  9.8851e-09  4.8138e-11      580   44  580     2     3      0   997  1.2e-10        -
 238       1e-08  3.3377e-11 out  590   46  590     2     3      0  1015  9.5e-09        -
 243  1.0167e-08  3.3377e-11      600   46  600     2     3      0  1030  1.9e-07        -
 248  1.0334e-08  3.3377e-11      610   46  610     2     3      0  1045  3.7e-07        -
 251  1.0434e-08  3.3377e-11      616   46  616     2     3      0  1054  4.8e-07        -
 255  1.0566e-08  3.3049e-11      624   46  624     2     3      0  1070  1.3e-10        -
 260  1.0731e-08  3.3049e-11      634   46  634     2     3      0  1090  1.2e-10        -
 264  1.0864e-08  3.3049e-11      642   46  642     2     3      0  1106  1.2e-10        -
 268  1.0981e-08  1.8655e-11      650   47  650     2     3      0  1121    3e-10        -
 272  1.1112e-08   3.731e-11      658   48  658     2     3      0  1133  8.4e-08        -
 277  1.1298e-08   3.731e-11      668   48  668     2     3      0  1148  2.7e-07        -
 282  1.1474e-08  2.6141e-11      682   49  682     2     3      0  1171  1.5e-09        -
 284  1.1552e-08  5.2282e-11      686   51  686     2     3      0  1177    5e-08        -
 288  1.1761e-08  5.2282e-11      694   51  694     2     3      0  1189  8.7e-07        -
           当前进度:   9 % - 组装稀疏模式
Memory: 1127/1177 1147/1206
 292  1.1959e-08  4.0872e-11      706   52  706     2     3      0  1212  1.7e-08        -
 296  1.2123e-08  4.0872e-11      714   53  714     2     3      0  1224  2.3e-07        -
 301  1.2368e-08  8.1744e-11      724   54  724     2     3      0  1239    6e-07        -
 303    1.25e-08  6.6075e-11 out  732   56  732     2     3      0  1253  2.2e-07        -
 306  1.2692e-08  5.9468e-11      742   57  742     2     3      0  1272  1.3e-07        -
 309   1.287e-08  5.9468e-11      748   58  748     2     3      0  1282  1.7e-10        -
 313  1.3071e-08  7.0512e-11      756   60  756     2     3      0  1295  3.1e-07        -
 315  1.3196e-08  6.2563e-11      764   62  764     2     3      0  1309  1.7e-07        -
 317  1.3308e-08  5.6307e-11      772   64  772     2     3      0  1323  1.1e-07        -
 320   1.346e-08  3.9568e-11      782   65  782     2     3      0  1340  1.9e-08        -
 322   1.354e-08  3.9568e-11      786   66  786     2     3      0  1346  9.7e-08        -
 326  1.3698e-08  3.9568e-11      794   66  794     2     3      0  1358  4.2e-07        -
 331  1.3896e-08  3.9568e-11      804   66  804     2     3      0  1373  8.7e-07        -
 333  1.3968e-08  3.2378e-11      812   67  812     2     3      0  1387  9.1e-09        -
 335  1.4065e-08  6.4757e-11      816   69  816     2     3      0  1393    3e-07        -
 336  1.4122e-08  5.7387e-11      822   70  822     2     3      0  1404  1.7e-07        -
 337   1.418e-08  5.7387e-11      824   71  824     2     3      0  1407  1.6e-07        -
 338  1.4231e-08  5.1649e-11      830   72  830     2     3      0  1418  1.2e-07        -
 339  1.4283e-08  5.1649e-11      832   73  832     2     3      0  1421  1.2e-07        -
 341  1.4386e-08  5.1649e-11      836   73  836     2     3      0  1428    8e-11        -
 343  1.4469e-08  3.1112e-11      840   74  840     2     3      0  1435  1.1e-08        -
 347  1.4593e-08  3.1112e-11      848   74  848     2     3      0  1447    2e-07        -
 351  1.4718e-08  3.1112e-11      856   74  856     2     3      0  1459  3.9e-07        -
 354  1.4811e-08  3.1112e-11      862   74  862     2     3      0  1468  5.4e-07        -
 356  1.4873e-08  3.1112e-11      866   74  866     2     3      0  1474  6.4e-07        -
 361     1.5e-08  1.6657e-11 out  876   75  876     2     3      0  1489  2.7e-09        -
 365  1.5133e-08  3.3314e-11      884   76  884     2     3      0  1501  2.2e-07        -
 370    1.53e-08  3.3314e-11      894   76  894     2     3      0  1516  5.3e-07        -
 376  1.5483e-08  1.6803e-11      906   77  906     2     3      0  1534  5.3e-10        -
 380  1.5601e-08  3.3606e-11      914   78  914     2     3      0  1546  1.4e-07        -
 386  1.5836e-08  6.7211e-11      926   79  926     2     3      0  1564  4.7e-07        -
 388  1.5945e-08  5.4536e-11      934   81  934     2     3      0  1578  1.6e-07        -
 394  1.6273e-08  5.4536e-11      946   81  946     2     3      0  1601    3e-10        -
 399    1.65e-08  3.1855e-11 out  956   82  956     2     3      0  1619  4.9e-08        -
 401  1.6621e-08  5.7339e-11      964   84  964     2     3      0  1633  1.8e-07        -
 406  1.6908e-08  5.7339e-11      974   85  974     2     3      0  1651    3e-10        -
 408     1.7e-08  4.6126e-11 out  982   87  982     2     3      0  1665  4.5e-08        -
 412  1.7185e-08  4.6126e-11      990   87  990     2     3      0  1678  8.4e-11        -
-          当前进度:  10 % - 
 416  1.7369e-08  4.6126e-11      998   87  998     2     3      0  1694  1.6e-10        -
 419    1.75e-08  4.2432e-11 out 1008   87 1008     2     3      0  1714    6e-11        -
 422  1.7627e-08  4.2432e-11     1020   87 1020     2     3      0  1738  6.2e-11        -
 425  1.7755e-08  4.2432e-11     1032   87 1032     2     3      0  1762  6.6e-11        -
 428  1.7882e-08  4.2432e-11     1044   87 1044     2     3      0  1786    7e-11        -
 430  1.7962e-08  3.7841e-11     1054   88 1054     2     3      0  1805  1.2e-08        -
 434  1.8114e-08  3.7841e-11     1062   89 1062     2     3      0  1817  1.5e-07        -
 440  1.8341e-08  3.7841e-11     1074   89 1074     2     3      0  1835  4.2e-07        -
 444  1.8477e-08  2.2953e-11     1082   90 1082     2     3      0  1847  8.5e-10        -
 448  1.8638e-08  4.5905e-11     1090   91 1090     2     3      0  1859  2.4e-07        -
 454  1.8913e-08  4.5905e-11     1102   91 1102     2     3      0  1877  8.9e-07        -
 458  1.9087e-08  4.3426e-11     1114   91 1114     2     3      0  1901    7e-11        -
 462  1.9261e-08  4.3426e-11     1126   91 1126     2     3      0  1925    8e-11        -
 465  1.9391e-08  4.3426e-11     1135   91 1135     2     3      0  1943  9.6e-11        -
 467  1.9467e-08  3.2869e-11     1144   92 1144     2     3      0  1960  6.7e-09        -
 470  1.9631e-08  6.5739e-11     1150   94 1150     2     3      0  1970  2.6e-10        -
 475  1.9947e-08  5.2783e-11     1164   95 1164     2     3      0  1997  8.6e-08        -
 479  2.0158e-08  5.2783e-11     1172   96 1172     2     3      0  2010  1.6e-10        -
 483  2.0369e-08  5.2783e-11     1180   96 1180     2     3      0  2026  3.5e-10        -
 485  2.0461e-08  3.8868e-11     1188   97 1188     2     3      0  2041  1.7e-08        -
 488  2.0643e-08   6.508e-11     1198  100 1198     2     3      0  2058  2.3e-07        -
 490  2.0766e-08  5.8572e-11     1206  102 1206     2     3      0  2072  1.4e-07        -
 494     2.1e-08  5.8195e-11 out 1214  103 1214     2     3      0  2086  2.5e-10        -
 499  2.1291e-08  5.8195e-11     1224  103 1224     2     3      0  2106  6.4e-10        -
 502  2.1454e-08  4.6317e-11     1234  104 1234     2     3      0  2125  5.8e-08        -
 506  2.1639e-08  4.6317e-11     1242  105 1242     2     3      0  2137  8.2e-07        -
 511  2.1871e-08  4.6317e-11     1252  105 1252     2     3      0  2157    2e-10        -
 513  2.1958e-08  4.1574e-11     1260  106 1260     2     3      0  2172  4.3e-08        -
 517  2.2125e-08  4.1574e-11     1268  107 1268     2     3      0  2184  5.7e-07        -
 521  2.2291e-08  4.1574e-11     1276  107 1276     2     3      0  2198  9.3e-11        -
 526  2.2479e-08  2.1342e-11     1286  108 1286     2     3      0  2217  1.6e-09        -
 529  2.2585e-08  4.2683e-11     1292  109 1292     2     3      0  2226  2.5e-07        -
 534  2.2799e-08  4.2683e-11     1302  109 1302     2     3      0  2242  9.6e-11        -
 538  2.2963e-08  3.6584e-11     1314  110 1314     2     3      0  2265  2.1e-08        -
 540  2.3037e-08  3.6584e-11     1318  111 1318     2     3      0  2271    1e-07        -
 545   2.322e-08  3.6584e-11     1328  111 1328     2     3      0  2286  4.8e-07        -
 550  2.3433e-08   6.708e-11     1338  112 1338     2     3      0  2301    4e-07        -
 553  2.3534e-08   3.354e-11     1344  113 1344     2     3      0  2310  1.1e-07        -
 555  2.3661e-08  6.0372e-11     1352  115 1352     2     3      0  2324  2.4e-07        -
 559  2.3902e-08  6.0372e-11     1360  116 1360     2     3      0  2339  3.9e-10        -
 561     2.4e-08  4.8759e-11 out 1368  118 1368     2     3      0  2353  9.1e-08        -
 565  2.4195e-08  4.8759e-11     1376  118 1376     2     3      0  2367  1.6e-10        -
 570  2.4439e-08  4.8759e-11     1386  118 1386     2     3      0  2387  3.4e-10        -
 573  2.4561e-08  6.1166e-11     1392  120 1392     2     3      0  2396  2.7e-07        -
 577  2.4806e-08  6.1166e-11     1400  120 1400     2     3      0  2412  6.3e-10        -
 581     2.5e-08  3.5921e-11 out 1408  121 1408     2     3      0  2426  6.4e-08        -
 586   2.518e-08  3.5921e-11     1418  121 1418     2     3      0  2441  3.1e-07        -
-          当前进度:  11 % - 
 590  2.5323e-08  3.5921e-11     1426  121 1426     2     3      0  2453    5e-07        -
 595    2.55e-08  3.4476e-11 out 1436  121 1436     2     3      0  2470    3e-10        -
 600  2.5672e-08  3.4476e-11     1446  121 1446     2     3      0  2490  2.5e-10        -
 605  2.5845e-08  3.4476e-11     1456  121 1456     2     3      0  2510  1.8e-10        -
 609  2.5974e-08  2.5906e-11     1468  122 1468     2     3      0  2533  1.5e-09        -
 611  2.6052e-08  5.1812e-11     1472  124 1472     2     3      0  2539  4.9e-08        -
 616  2.6311e-08  5.1812e-11     1482  124 1482     2     3      0  2555  2.9e-10        -
 619  2.6457e-08  4.2753e-11     1492  125 1492     2     3      0  2574  2.1e-08        -
 623  2.6628e-08  4.2753e-11     1500  126 1500     2     3      0  2586  2.8e-07        -
 627  2.6799e-08  4.2753e-11     1508  126 1508     2     3      0  2598  6.3e-07        -
 631  2.6964e-08  3.6234e-11     1520  127 1520     2     3      0  2618  1.1e-08        -
 634  2.7109e-08  7.2469e-11     1526  129 1526     2     3      0  2627  3.6e-07        -
 638  2.7399e-08  7.2469e-11     1534  129 1534     2     3      0  2643  1.8e-09        -
 640    2.75e-08  5.0711e-11 out 1542  131 1542     2     3      0  2657  6.7e-08        -
 644  2.7703e-08  5.0711e-11     1550  131 1550     2     3      0  2670  2.2e-10        -
 649  2.7953e-08  4.7155e-11     1562  131 1562     2     3      0  2694  1.2e-10        -
 652  2.8094e-08  4.7155e-11     1574  131 1574     2     3      0  2718  1.2e-10        -
 655  2.8236e-08  4.7155e-11     1586  131 1586     2     3      0  2742  1.1e-10        -
 658  2.8377e-08  4.7155e-11     1598  131 1598     2     3      0  2766  1.1e-10        -
 660  2.8462e-08  3.7804e-11     1608  132 1608     2     3      0  2785  1.5e-08        -
 663  2.8642e-08   6.673e-11     1618  135 1618     2     3      0  2802  2.7e-07        -
 665  2.8769e-08  6.0057e-11     1626  137 1626     2     3      0  2816  1.6e-07        -
 668  2.8945e-08   5.538e-11     1634  138 1634     2     3      0  2830  3.6e-10        -
 671  2.9111e-08   5.538e-11     1646  138 1646     2     3      0  2854  3.9e-10        -
 674  2.9277e-08   5.538e-11     1658  138 1658     2     3      0  2878  4.1e-10        -
 677  2.9443e-08   5.538e-11     1670  138 1670     2     3      0  2902  4.2e-10        -
 679    2.95e-08  2.8478e-11 out 1674  139 1674     2     3      0  2908  2.4e-08        -
 682  2.9671e-08  5.6957e-11     1680  140 1680     2     3      0  2918  2.1e-10        -
 686  2.9899e-08  5.6957e-11     1688  140 1688     2     3      0  2934  6.4e-10        -
 687  2.9949e-08  5.0651e-11     1694  141 1694     2     3      0  2945  8.8e-08        -
 691  3.0152e-08  5.0651e-11     1702  142 1702     2     3      0  2958  1.6e-10        -
 695  3.0355e-08  5.0651e-11     1710  142 1710     2     3      0  2974  3.7e-10        -
 697  3.0453e-08  4.7395e-11     1716  142 1716     2     3      0  2986  1.3e-10        -
 700  3.0595e-08  4.7395e-11     1728  142 1728     2     3      0  3010  1.2e-10        -
 703  3.0737e-08  4.7395e-11     1740  142 1740     2     3      0  3034  1.2e-10        -
 706  3.0879e-08  4.7395e-11     1752  142 1752     2     3      0  3058  1.1e-10        -
 708  3.0963e-08  3.6724e-11     1762  143 1762     2     3      0  3077  1.7e-08        -
 711   3.111e-08  7.3448e-11     1768  145 1768     2     3      0  3086  5.5e-07        -
 713  3.1242e-08  6.6103e-11     1776  147 1776     2     3      0  3100  3.4e-07        -
 717    3.15e-08  6.2708e-11 out 1786  147 1786     2     3      0  3120  1.4e-09        -
 720  3.1688e-08  6.2708e-11     1795  147 1795     2     3      0  3138  1.5e-09        -
-          当前进度:  13 % - 正在组装残差
 723  3.1876e-08  6.2708e-11     1804  147 1804     2     3      0  3156  1.5e-09        -
 726  3.2062e-08  6.1875e-11     1816  147 1816     2     3      0  3180  3.4e-10        -
 729  3.2248e-08  6.1875e-11     1828  147 1828     2     3      0  3204  3.2e-10        -
 732  3.2433e-08  6.1875e-11     1840  147 1840     2     3      0  3228  2.8e-10        -
 736  3.2567e-08  3.3437e-11     1848  148 1848     2     3      0  3240  8.8e-08        -
 741  3.2734e-08  3.3437e-11     1858  148 1858     2     3      0  3255  2.2e-07        -
 746  3.2901e-08  3.3437e-11     1868  148 1868     2     3      0  3270  3.4e-07        -
 751  3.3065e-08  3.2658e-11     1878  148 1878     2     3      0  3289  3.5e-10        -
 756  3.3229e-08  3.2658e-11     1888  148 1888     2     3      0  3309  3.3e-10        -
 759  3.3385e-08  5.8785e-11     1896  149 1896     2     3      0  3324  1.5e-09        -
 760  3.3443e-08  5.7316e-11     1902  150 1902     2     3      0  3335  7.1e-08        -
 764  3.3672e-08  5.7316e-11     1910  151 1910     2     3      0  3347  8.9e-07        -
 769  3.3951e-08  4.9393e-11     1924  152 1924     2     3      0  3374  3.6e-08        -
 773  3.4148e-08  4.9393e-11     1932  153 1932     2     3      0  3386    5e-07        -
 777  3.4346e-08  4.9393e-11     1940  153 1940     2     3      0  3399  3.3e-10        -
 780  3.4472e-08  2.7731e-11     1946  154 1946     2     3      0  3410  2.2e-09        -
 783  3.4611e-08  5.5463e-11     1952  155 1952     2     3      0  3419  3.6e-07        -
 787  3.4833e-08  5.5463e-11     1960  155 1960     2     3      0  3433  4.2e-10        -
 790  3.4972e-08  2.8149e-11     1966  156 1966     2     3      0  3444  2.7e-09        -
 792  3.5056e-08  5.6297e-11     1970  157 1970     2     3      0  3450  8.7e-08        -
 796  3.5281e-08  5.6297e-11     1978  157 1978     2     3      0  3464  3.8e-10        -
 800    3.55e-08   5.296e-11 out 1988  157 1988     2     3      0  3484  1.2e-09        -
 803  3.5659e-08   5.296e-11     1997  157 1997     2     3      0  3502  1.2e-09        -
 806  3.5818e-08   5.296e-11     2006  157 2006     2     3      0  3520  1.2e-09        -
 809  3.5962e-08  3.8159e-11     2018  158 2018     2     3      0  3543  1.4e-08        -
 812  3.6114e-08  7.6317e-11     2024  160 2024     2     3      0  3552  4.4e-07        -
 814  3.6252e-08  6.8686e-11     2032  162 2032     2     3      0  3566  2.6e-07        -
 817  3.6445e-08  5.5391e-11     2042  163 2042     2     3      0  3585  9.3e-08        -
 821  3.6666e-08  5.5391e-11     2050  164 2050     2     3      0  3598  2.7e-10        -
 826  3.6943e-08  5.5391e-11     2060  164 2060     2     3      0  3618  7.3e-10        -
 829  3.7057e-08  5.6875e-11     2066  166 2066     2     3      0  3627  1.1e-07        -
 834  3.7341e-08  5.6875e-11     2076  166 2076     2     3      0  3645  5.5e-10        -
 836  3.7449e-08  5.0936e-11     2084  167 2084     2     3      0  3660  1.3e-07        -
 839  3.7602e-08  5.0936e-11     2090  168 2090     2     3      0  3669  4.4e-07        -
 843  3.7806e-08  5.0936e-11     2098  168 2098     2     3      0  3682  2.8e-10        -
 847     3.8e-08  4.6254e-11 out 2110  168 2110     2     3      0  3706  5.1e-10        -
 849  3.8093e-08  4.6254e-11     2118  168 2118     2     3      0  3722  4.9e-10        -
 851  3.8185e-08  4.6254e-11     2126  168 2126     2     3      0  3738  4.8e-10        -
 854  3.8324e-08  4.6254e-11     2138  168 2138     2     3      0  3762  4.5e-10        -
 856  3.8456e-08  4.4055e-11     2142  170 2142     2     3      0  3768  3.2e-08        -
 859  3.8632e-08   8.811e-11     2148  171 2148     2     3      0  3778  3.2e-10        -
 861  3.8791e-08  7.9299e-11     2156  173 2156     2     3      0  3792  6.8e-07        -
 863  3.8935e-08  6.4968e-11     2164  174 2164     2     3      0  3807  2.7e-07        -
 867  3.9195e-08  6.4968e-11     2172  175 2172     2     3      0  3822  6.1e-10        -
-          当前进度:  14 % - 
 871  3.9445e-08  5.5095e-11     2184  176 2184     2     3      0  3845    1e-07        -
 874   3.961e-08  5.5095e-11     2190  177 2190     2     3      0  3854  7.4e-07        -
 879  3.9886e-08  5.5095e-11     2200  177 2200     2     3      0  3874    5e-10        -
 882       4e-08  2.9622e-11 out 2206  178 2206     2     3      0  3884  1.1e-08        -
 886  4.0207e-08  5.9244e-11     2214  179 2214     2     3      0  3896  6.1e-07        -
 889  4.0385e-08  5.9244e-11     2220  179 2220     2     3      0  3907  5.6e-10        -
 894  4.0672e-08  5.7457e-11     2230  179 2230     2     3      0  3927  5.9e-09        -
 899  4.0951e-08  4.8899e-11     2244  180 2244     2     3      0  3954  1.7e-08        -
 902  4.1098e-08  4.8899e-11     2250  181 2250     2     3      0  3963  1.6e-07        -
 907  4.1342e-08  4.8899e-11     2260  181 2260     2     3      0  3978  5.1e-07        -
 909  4.1461e-08  3.9427e-11     2264  183 2264     2     3      0  3984  6.3e-09        -
 913  4.1697e-08  7.8854e-11     2272  184 2272     2     3      0  3997    4e-10        -
 916  4.1927e-08  7.2578e-11     2280  184 2280     2     3      0  4013  1.7e-09        -
 919  4.2145e-08  7.2578e-11     2292  184 2292     2     3      0  4037  1.7e-09        -
 922  4.2363e-08  7.2578e-11     2304  184 2304     2     3      0  4061  1.7e-09        -
 924    4.25e-08  6.8555e-11 out 2312  186 2312     2     3      0  4075    1e-07        -
 929  4.2843e-08  6.8555e-11     2322  186 2322     2     3      0  4093  8.9e-10        -
 932     4.3e-08  4.4336e-11 out 2328  187 2328     2     3      0  4103  5.2e-08        -
 935  4.3213e-08  7.9805e-11     2338  189 2338     2     3      0  4120  1.4e-07        -
 938  4.3436e-08  6.3789e-11     2348  191 2348     2     3      0  4137  4.6e-08        -
 942  4.3691e-08  6.3789e-11     2356  192 2356     2     3      0  4149  6.4e-07        -
 946  4.3941e-08  5.8632e-11     2366  192 2366     2     3      0  4168  4.9e-10        -
 949  4.4117e-08  5.8632e-11     2378  192 2378     2     3      0  4192  4.9e-10        -
 952  4.4293e-08  5.8632e-11     2390  192 2390     2     3      0  4216  4.9e-10        -
 955  4.4455e-08  4.4789e-11     2404  193 2404     2     3      0  4243  1.5e-09        -
 958   4.459e-08  4.4789e-11     2410  194 2410     2     3      0  4252  6.4e-08        -
 962  4.4769e-08  4.4789e-11     2418  194 2418     2     3      0  4264  1.7e-07        -
 967     4.5e-08  5.2112e-11 out 2430  194 2430     2     3      0  4284    3e-10        -
 969  4.5104e-08  5.2112e-11     2438  194 2438     2     3      0  4300  2.8e-10        -
 971  4.5208e-08  5.2112e-11     2446  194 2446     2     3      0  4316  2.6e-10        -
 973  4.5313e-08  5.2112e-11     2456  195 2456     2     3      0  4335  2.1e-08        -
 975  4.5432e-08  6.7607e-11     2464  197 2464     2     3      0  4349  5.4e-08        -
 979  4.5703e-08  6.7607e-11     2472  198 2472     2     3      0  4361  7.3e-07        -
 983  4.5953e-08  4.7178e-11     2484  199 2484     2     3      0  4383  1.2e-08        -
 985  4.6094e-08  9.4356e-11     2488  201 2488     2     3      0  4389  4.1e-07        -
 986  4.6179e-08  8.4921e-11     2494  202 2494     2     3      0  4400  4.6e-07        -
 989  4.6425e-08  7.5441e-11     2504  204 2504     2     3      0  4417  1.2e-07        -
 992  4.6651e-08  7.5441e-11     2510  205 2510     2     3      0  4427  2.5e-10        -
 996  4.6939e-08  6.1397e-11     2522  206 2522     2     3      0  4450  2.7e-08        -
 999  4.7123e-08  6.1397e-11     2528  207 2528     2     3      0  4459  2.4e-07        -
1004   4.743e-08  6.1397e-11     2538  207 2538     2     3      0  4474  6.6e-07        -
1007   4.757e-08   7.022e-11     2544  209 2544     2     3      0  4483  2.2e-08        -
-          当前进度:  16 % - 正在组装残差
1010  4.7781e-08   7.022e-11     2550  209 2550     2     3      0  4492  2.6e-07        -
1013  4.7961e-08  3.9339e-11     2556  210 2556     2     3      0  4501  4.3e-10        -
1016  4.8118e-08  7.8677e-11     2562  211 2562     2     3      0  4510  1.5e-08        -
1020  4.8427e-08  7.2976e-11     2572  211 2572     2     3      0  4527  1.9e-10        -
1023  4.8646e-08  7.2976e-11     2584  211 2584     2     3      0  4551  1.8e-10        -
1025  4.8792e-08  7.2976e-11     2592  211 2592     2     3      0  4567  1.8e-10        -
1027  4.8932e-08  6.7559e-11     2602  212 2602     2     3      0  4586  3.4e-08        -
1031  4.9203e-08  6.7559e-11     2610  213 2610     2     3      0  4598    4e-07        -
1032  4.9297e-08  9.4046e-11     2614  215 2614     2     4      0  4606  2.3e-07        -
1034  4.9441e-08  5.9318e-11     2622  217 2622     2     4      0  4620  2.4e-08        -
1037  4.9713e-08  9.4296e-11     2632  219 2632     2     4      0  4637  3.2e-07        -
1039  4.9892e-08  8.4867e-11     2640  221 2640     2     4      0  4651  1.9e-07        -
1042  5.0108e-08   1.079e-10     2646  223 2646     2     4      0  4660  7.5e-07        -
1044  5.0295e-08  9.3737e-11     2654  225 2654     2     4      0  4674  3.6e-07        -
1046   5.044e-08  6.0129e-11     2662  227 2662     2     4      0  4688  4.1e-08        -
1051  5.0741e-08  6.0129e-11     2672  227 2672     2     4      0  4703  8.7e-07        -
1055   5.096e-08   3.955e-11     2680  228 2680     2     4      0  4718    5e-09        -
1059  5.1237e-08  7.9099e-11     2688  229 2688     2     4      0  4731  8.6e-10        -
1063    5.15e-08  5.2252e-11 out 2696  230 2696     2     4      0  4745    9e-08        -
1068  5.1761e-08  5.2252e-11     2706  230 2706     2     4      0  4760  4.4e-07        -
1072  5.1959e-08   4.099e-11     2718  231 2718     2     4      0  4780  4.9e-09        -
1075  5.2123e-08   8.198e-11     2724  233 2724     2     4      0  4789  1.5e-07        -
1077  5.2271e-08  7.3782e-11     2734  234 2734     2     4      0  4808  1.1e-07        -
1080  5.2459e-08   4.095e-11     2740  236 2740     2     4      0  4817  5.7e-09        -
1083  5.2623e-08  8.1901e-11     2746  237 2746     2     4      0  4826  1.2e-07        -
1087  5.2934e-08  6.5723e-11     2758  238 2758     2     4      0  4848  7.6e-08        -
1089  5.3093e-08   9.309e-11     2764  241 2764     2     5      0  4859  6.7e-07        -
1091  5.3261e-08  8.3781e-11     2772  243 2772     2     5      0  4873  2.4e-07        -
1094    5.35e-08  7.7783e-11 out 2782  243 2782     2     5      0  4893  1.3e-09        -
1097  5.3733e-08  7.7783e-11     2794  243 2794     2     5      0  4917  1.4e-09        -
1100  5.3944e-08  5.5542e-11     2804  244 2804     2     5      0  4936  4.4e-08        -
1105  5.4222e-08  5.5542e-11     2814  244 2814     2     5      0  4951  8.5e-07        -
1110  5.4472e-08  2.7833e-11     2824  245 2824     2     5      0  4970  9.6e-10        -
1112  5.4556e-08  5.5665e-11     2828  246 2828     2     5      0  4976    3e-08        -
1117  5.4834e-08  5.5665e-11     2838  246 2838     2     5      0  4991    6e-07        -
1122   5.511e-08  5.5172e-11     2848  246 2848     2     5      0  5010  2.1e-09        -
1126  5.5331e-08  5.5172e-11     2856  246 2856     2     5      0  5026  2.2e-09        -
1130    5.55e-08  2.9313e-11 out 2864  247 2864     2     5      0  5040  1.5e-09        -
1133  5.5676e-08  5.8626e-11     2870  248 2870     2     5      0  5049  8.7e-08        -
1136  5.5897e-08  1.0344e-10     2876  249 2876     2     5      0  5058  1.6e-07        -
-          当前进度:  17 % - 正在组装残差
1140  5.6155e-08  1.0344e-10     2884  251 2884     2     5      0  5071    7e-07        -
1141  5.6248e-08  9.3092e-11     2890  252 2890     2     5      0  5084  4.3e-07        -
1143  5.6421e-08  7.9331e-11     2898  254 2898     2     5      0  5100    2e-07        -
1146  5.6684e-08  1.0475e-10     2906  257 2906     2     6      0  5116  1.7e-09        -
1147  5.6778e-08  9.4275e-11     2912  258 2912     2     6      0  5129  7.1e-07        -
1149  5.6936e-08  6.3684e-11     2920  260 2920     2     6      0  5148  1.1e-07        -
1152  5.7191e-08  1.2737e-10     2926  262 2926     2     6      0  5159  5.5e-09        -
1154  5.7398e-08  1.0158e-10     2934  264 2934     2     6      0  5179  1.4e-09        -
1158  5.7805e-08  1.0158e-10     2942  264 2942     2     6      0  5199  2.4e-08        -
1161  5.8098e-08  9.7631e-11     2951  264 2951     2     6      0  5220  1.6e-08        -
1164  5.8391e-08  9.7631e-11     2960  264 2960     2     6      0  5241  1.6e-08        -
1168  5.8609e-08  5.4738e-11     2968  265 2968     2     6      0  5253  4.1e-07        -
1172  5.8828e-08  5.4738e-11     2976  265 2976     2     6      0  5265    9e-07        -
1175  5.8969e-08  3.1048e-11     2982  266 2982     2     6      0  5276  1.8e-09        -
1178  5.9124e-08  6.2097e-11     2988  267 2988     2     6      0  5285  2.9e-07        -
1182  5.9373e-08  6.2097e-11     2996  267 2996     2     6      0  5298  1.1e-09        -
1186  5.9565e-08  6.5324e-11     3004  269 3004     2     6      0  5311  8.3e-08        -
1191  5.9913e-08   8.669e-11     3018  270 3018     2     6      0  5336  3.5e-07        -
1195   6.026e-08   8.669e-11     3026  271 3026     2     6      0  5355  7.5e-09        -
1197  6.0423e-08   7.662e-11     3032  273 3032     2     7      0  5367  2.6e-07        -
1199  6.0606e-08  1.0611e-10     3038  275 3038     2     8      0  5381  1.9e-09        -
1201  6.0797e-08  9.5501e-11     3046  277 3046     2     8      0  5399  1.1e-09        -
1205  6.1107e-08  1.0738e-10     3054  279 3054     2     8      0  5415  2.3e-09        -
1208  6.1411e-08  8.8924e-11     3064  280 3064     2     8      0  5438  4.5e-07        -
1211  6.1678e-08  8.8924e-11     3070  281 3070     2     8      0  5449  2.6e-09        -
1214  6.1928e-08  7.2152e-11     3080  282 3080     2     8      0  5468    1e-07        -
1218  6.2216e-08  7.2152e-11     3088  283 3088     2     8      0  5481  1.2e-09        -
1223   6.257e-08  6.9619e-11     3098  283 3098     2     8      0  5501  2.9e-08        -
1228  6.2918e-08  6.9619e-11     3108  283 3108     2     8      0  5521  2.7e-08        -
1231  6.3082e-08  8.2284e-11     3114  285 3114     2     8      0  5530  1.4e-07        -
1236  6.3456e-08  4.4291e-11     3124  286 3124     2     8      0  5548  6.9e-09        -
1240  6.3766e-08  8.8582e-11     3132  287 3132     2     8      0  5562  2.7e-09        -
1242  6.3927e-08  7.2836e-11     3140  288 3140     2     8      0  5577    1e-07        -
1244  6.4111e-08  1.1081e-10     3146  291 3146     2     9      0  5589  8.9e-07        -
1246  6.4323e-08  1.1254e-10     3156  294 3156     2    10      0  5612  2.2e-09        -
1248    6.45e-08  8.8457e-11 out 3164  296 3164     2    10      0  5631  5.1e-07        -
1252  6.4854e-08  8.8457e-11     3172  296 3172     2    10      0  5651  1.2e-08        -
1254     6.5e-08  7.3086e-11 out 3180  298 3180     2    10      0  5666    2e-07        -
1259  6.5365e-08  7.3086e-11     3190  298 3190     2    10      0  5686  4.2e-09        -
1262  6.5567e-08  6.7286e-11     3199  298 3199     2    10      0  5704  2.1e-08        -
1266  6.5836e-08  6.7286e-11     3211  298 3211     2    10      0  5728    2e-08        -
-          当前进度:  19 % - 求解线性方程组
1269     6.6e-08  4.8142e-11 out 3218  299 3218     2    10      0  5740    1e-07        -
1273  6.6337e-08  9.6284e-11     3226  300 3226     2    10      0  5757  1.3e-08        -
1275    6.65e-08  8.1502e-11 out 3234  302 3234     2    10      0  5772  1.9e-07        -
1279  6.6826e-08  8.1502e-11     3242  302 3242     2    10      0  5787  5.4e-09        -
1283  6.7092e-08  9.2488e-11     3250  304 3250     2    10      0  5801  3.5e-07        -
1287  6.7435e-08  6.5025e-11     3262  305 3262     2    10      0  5831  6.6e-08        -
1290  6.7734e-08  1.0418e-10     3272  308 3272     2    10      0  5855  7.6e-07        -
1292  6.7919e-08    8.08e-11     3280  310 3280     2    10      0  5873  2.4e-07        -
1295  6.8197e-08  1.1625e-10     3288  313 3288     2    11      0  5890  3.2e-09        -
1296  6.8302e-08  1.0462e-10     3294  314 3294     2    11      0  5903    1e-06        -
1300  6.8698e-08  9.9167e-11     3302  315 3302     2    11      0  5922  1.7e-08        -
1304     6.9e-08  5.1666e-11 out 3310  316 3310     2    11      0  5938  1.3e-07        -
1307  6.9258e-08  1.0333e-10     3316  317 3316     2    11      0  5950  8.5e-09        -
1309  6.9431e-08  6.9169e-11     3324  318 3324     2    11      0  5970  8.6e-08        -
1312  6.9638e-08  6.9169e-11     3330  319 3330     2    11      0  5979  7.4e-07        -
1317  6.9958e-08  4.2494e-11     3340  320 3340     2    11      0  5998  5.9e-09        -
1319  7.0085e-08  8.4988e-11     3344  321 3344     2    11      0  6005  1.9e-07        -
1323   7.042e-08  8.0023e-11     3353  321 3353     2    11      0  6026  2.1e-08        -
1326   7.066e-08  8.0023e-11     3362  321 3362     2    11      0  6047  2.1e-08        -
1330   7.095e-08  4.9942e-11     3373  322 3373     2    11      0  6069  1.4e-08        -
1333    7.12e-08  9.9883e-11     3379  323 3379     2    11      0  6081  7.4e-09        -
1338  7.1721e-08  1.2093e-10     3391  325 3391     2    12      0  6111  4.8e-09        -
1339   7.183e-08  1.0884e-10     3397  326 3397     2    12      0  6125  9.8e-07        -
1341     7.2e-08   8.488e-11 out 3403  328 3403     2    13      0  6139  2.8e-09        -
1344  7.2255e-08   8.488e-11     3409  328 3409     2    13      0  6154  9.6e-09        -
1347    7.25e-08  8.0239e-11 out 3417  328 3417     2    13      0  6173  1.9e-08        -
1351  7.2821e-08  8.0239e-11     3429  328 3429     2    13      0  6199  1.8e-08        -
1354     7.3e-08  4.9401e-11 out 3436  329 3436     2    13      0  6211  6.4e-08        -
1358  7.3395e-08  9.8803e-11     3444  330 3444     2    13      0  6230  1.4e-08        -
1361  7.3605e-08  1.0479e-10     3450  332 3450     2    13      0  6240  4.6e-07        -
1363  7.3793e-08   9.431e-11     3458  332 3458     2    13      0  6258  3.3e-08        -
1366     7.4e-08   5.614e-11 out 3466  333 3466     2    13      0  6273  3.9e-08        -
1369  7.4314e-08  1.0105e-10     3476  334 3476     2    13      0  6295  2.5e-08        -
1371  7.4453e-08  4.7336e-11     3484  336 3484     2    13      0  6310  3.5e-09        -
1375  7.4784e-08  9.4672e-11     3492  337 3492     2    13      0  6322  9.9e-07        -
1378     7.5e-08  6.0655e-11 out 3498  338 3498     2    13      0  6332  6.9e-08        -
1380  7.5229e-08  1.0777e-10     3506  340 3506     2    13      0  6349  2.8e-07        -
1383    7.55e-08   6.773e-11 out 3512  342 3512     2    13      0  6359  1.6e-07        -
1385  7.5703e-08  1.3546e-10     3516  343 3516     2    13      0  6366  9.5e-07        -
1387   7.591e-08  8.9524e-11     3524  345 3524     2    13      0  6383  1.3e-07        -
1391  7.6269e-08  8.9524e-11     3532  345 3532     2    13      0  6398  2.8e-09        -
1393  7.6429e-08  7.0952e-11     3540  346 3540     2    13      0  6413    3e-08        -
1397  7.6713e-08  7.0952e-11     3548  347 3548     2    13      0  6425  3.7e-07        -
--         当前进度:  21 % - 正在组装残差
1401  7.6963e-08  3.7144e-11     3556  348 3556     2    13      0  6437  7.7e-10        -
1405  7.7223e-08  7.4289e-11     3564  349 3564     2    13      0  6449  2.3e-07        -
1408  7.7436e-08  6.4278e-11     3574  350 3574     2    13      0  6466  9.5e-09        -
1412  7.7693e-08  6.4278e-11     3582  351 3582     2    13      0  6478  1.2e-07        -
1415  7.7939e-08  6.0722e-11     3588  353 3588     2    13      0  6488  7.2e-09        -
1419  7.8291e-08  1.0874e-10     3600  355 3600     2    13      0  6511  1.4e-07        -
1423  7.8709e-08  1.0455e-10     3608  356 3608     2    13      0  6529  6.5e-09        -
1425  7.8927e-08  7.2726e-11     3616  358 3616     2    13      0  6545  2.5e-08        -
1429  7.9338e-08  1.2022e-10     3628  360 3628     2    13      0  6570  6.4e-07        -
1433  7.9662e-08  8.0802e-11     3636  361 3636     2    13      0  6584  3.3e-09        -
1437  7.9952e-08  4.7995e-11     3644  362 3644     2    13      0  6599  9.9e-09        -
1441  8.0288e-08   9.599e-11     3652  363 3652     2    13      0  6616  8.1e-09        -
1445  8.0558e-08  5.8019e-11     3660  364 3660     2    13      0  6630  1.9e-07        -
1450  8.0848e-08  5.8019e-11     3670  364 3670     2    13      0  6645    6e-07        -
1453     8.1e-08  4.6932e-11 out 3680  366 3680     2    13      0  6662  6.1e-09        -
1457  8.1375e-08  9.3864e-11     3688  367 3688     2    13      0  6681  1.1e-08        -
1461  8.1687e-08  1.2454e-10     3696  369 3696     2    13      0  6694  7.9e-07        -
1463  8.1897e-08  1.0265e-10     3704  371 3704     2    13      0  6712  3.2e-07        -
1467  8.2308e-08  1.0265e-10     3712  371 3712     2    13      0  6732  2.5e-08        -
1471  8.2719e-08   1.233e-10     3725  373 3725     2    14      0  6763    4e-09        -
1473  8.2915e-08  8.4848e-11     3735  376 3735     2    15      0  6786    2e-07        -
1476   8.324e-08  1.1386e-10     3747  379 3747     2    16      0  6814  9.2e-07        -
1478  8.3427e-08  7.2887e-11     3751  381 3751     2    16      0  6821  9.8e-08        -
1483  8.3792e-08  7.2887e-11     3761  381 3761     2    16      0  6839  3.4e-09        -
1487  8.4068e-08  6.7783e-11     3772  381 3772     2    16      0  6861  1.6e-08        -
1490  8.4271e-08  6.7783e-11     3781  381 3781     2    16      0  6879  1.5e-08        -
1494    8.45e-08  4.6652e-11 out 3791  382 3791     2    16      0  6897  2.9e-08        -
1499  8.4937e-08  6.3393e-11     3805  384 3805     2    16      0  6930  2.3e-08        -
1503  8.5303e-08  1.1326e-10     3817  387 3817     2    16      0  6954  4.3e-07        -
1506  8.5598e-08   9.828e-11     3823  388 3823     2    16      0  6968  1.1e-08        -
1511     8.6e-08  5.3439e-11 out 3833  389 3833     2    16      0  6989  6.1e-08        -
1514  8.6357e-08  1.4312e-10     3843  391 3843     2    16      0  7013  1.1e-08        -
1517  8.6572e-08  7.1561e-11     3849  392 3849     2    16      0  7022  5.7e-07        -
1519  8.6839e-08  1.2445e-10     3857  394 3857     2    16      0  7043  4.9e-09        -
1524  8.7241e-08  8.0436e-11     3867  395 3867     2    16      0  7066  6.3e-09        -
1526  8.7402e-08  8.0436e-11     3871  395 3871     2    16      0  7076    9e-09        -
1529  8.7598e-08   9.782e-11     3877  397 3877     2    16      0  7086  2.9e-07        -
1534     8.8e-08  5.4359e-11 out 3887  398 3887     2    16      0  7107  6.5e-08        -
1538  8.8413e-08  8.6922e-11     3899  400 3899     2    16      0  7136  1.2e-07        -
1543  8.8848e-08  8.6922e-11     3909  401 3909     2    16      0  7159    1e-08        -
1545     8.9e-08  7.6155e-11 out 3917  403 3917     2    16      0  7174  6.4e-08        -
--         当前进度:  23 % - 组装矩阵
1551   8.944e-08  5.9612e-11     3933  404 3933     2    16      0  7202  1.9e-08        -
1554  8.9727e-08   1.073e-10     3941  406 3941     2    16      0  7218  3.4e-08        -
1560    9.15e-08       5e-10 out 3947  408 3947     2    16      0  7218        0        -
1569     9.6e-08       5e-10 out 3956  408 3956     2    16      0  7218        0        -
1579    1.01e-07       5e-10 out 3966  408 3966     2    16      0  7218        0        -
1589    1.06e-07       5e-10 out 3976  408 3976     2    16      0  7218        0        -
1598   1.105e-07       5e-10 out 3985  408 3985     2    16      0  7218        0        -
1608   1.155e-07       5e-10 out 3995  408 3995     2    16      0  7218        0        -
1618   1.205e-07       5e-10 out 4005  408 4005     2    16      0  7218        0        -
1627    1.25e-07       5e-10 out 4014  408 4014     2    16      0  7218        0        -
1637     1.3e-07       5e-10 out 4024  408 4024     2    16      0  7218        0        -
1647    1.35e-07       5e-10 out 4034  408 4034     2    16      0  7218        0        -
1656   1.395e-07       5e-10 out 4043  408 4043     2    16      0  7218        0        -
1666   1.445e-07       5e-10 out 4053  408 4053     2    16      0  7218        0        -
1676   1.495e-07       5e-10 out 4063  408 4063     2    16      0  7218        0        -
1684   1.535e-07       5e-10 out 4071  408 4071     2    16      0  7218        0        -
1694   1.585e-07       5e-10 out 4081  408 4081     2    16      0  7218        0        -
1704   1.635e-07       5e-10 out 4091  408 4091     2    16      0  7218        0        -
1714   1.685e-07       5e-10 out 4101  408 4101     2    16      0  7218        0        -
1724   1.735e-07       5e-10 out 4111  408 4111     2    16      0  7218        0        -
1733    1.78e-07       5e-10 out 4120  408 4120     2    16      0  7218        0        -
1742   1.825e-07       5e-10 out 4129  408 4129     2    16      0  7218        0        -
1752   1.875e-07       5e-10 out 4139  408 4139     2    16      0  7218        0        -
1760   1.915e-07       5e-10 out 4147  408 4147     2    16      0  7218        0        -
1769    1.96e-07       5e-10 out 4156  408 4156     2    16      0  7218        0        -
1779    2.01e-07       5e-10 out 4166  408 4166     2    16      0  7218        0        -
1788   2.055e-07       5e-10 out 4175  408 4175     2    16      0  7218        0        -
1797     2.1e-07       5e-10 out 4184  408 4184     2    16      0  7218        0        -
1806   2.145e-07       5e-10 out 4193  408 4193     2    16      0  7218        0        -
1815    2.19e-07       5e-10 out 4202  408 4202     2    16      0  7218        0        -
1825    2.24e-07       5e-10 out 4212  408 4212     2    16      0  7218        0        -
1836   2.295e-07       5e-10 out 4223  408 4223     2    16      0  7218        0        -
1843    2.33e-07       5e-10 out 4230  408 4230     2    16      0  7218        0        -
1853    2.38e-07       5e-10 out 4240  408 4240     2    16      0  7218        0        -
1863    2.43e-07       5e-10 out 4250  408 4250     2    16      0  7218        0        -
1872   2.475e-07       5e-10 out 4259  408 4259     2    16      0  7218        0        -
1882   2.525e-07       5e-10 out 4269  408 4269     2    16      0  7218        0        -
1893    2.58e-07       5e-10 out 4280  408 4280     2    16      0  7218        0        -
1901    2.62e-07       5e-10 out 4288  408 4288     2    16      0  7218        0        -
1910   2.665e-07       5e-10 out 4297  408 4297     2    16      0  7218        0        -
1920   2.715e-07       5e-10 out 4307  408 4307     2    16      0  7218        0        -
1929    2.76e-07       5e-10 out 4316  408 4316     2    16      0  7218        0        -
1939    2.81e-07       5e-10 out 4326  408 4326     2    16      0  7218        0        -
1949    2.86e-07       5e-10 out 4336  408 4336     2    16      0  7218        0        -
1958   2.905e-07       5e-10 out 4345  408 4345     2    16      0  7218        0        -
1968   2.955e-07       5e-10 out 4355  408 4355     2    16      0  7218        0        -
1978   3.005e-07       5e-10 out 4365  408 4365     2    16      0  7218        0        -
1986   3.045e-07       5e-10 out 4373  408 4373     2    16      0  7218        0        -
1996   3.095e-07       5e-10 out 4383  408 4383     2    16      0  7218        0        -
2006   3.145e-07       5e-10 out 4393  408 4393     2    16      0  7218        0        -
------     当前进度:  65 % - 
2014   3.185e-07       5e-10 out 4401  408 4401     2    16      0  7218        0        -
2024   3.235e-07       5e-10 out 4411  408 4411     2    16      0  7218        0        -
2034   3.285e-07       5e-10 out 4421  408 4421     2    16      0  7218        0        -
2043    3.33e-07       5e-10 out 4430  408 4430     2    16      0  7218        0        -
2053    3.38e-07       5e-10 out 4440  408 4440     2    16      0  7218        0        -
2063    3.43e-07       5e-10 out 4450  408 4450     2    16      0  7218        0        -
2072   3.475e-07       5e-10 out 4459  408 4459     2    16      0  7218        0        -
2082   3.525e-07       5e-10 out 4469  408 4469     2    16      0  7218        0        -
2092   3.575e-07       5e-10 out 4479  408 4479     2    16      0  7218        0        -
2101    3.62e-07       5e-10 out 4488  408 4488     2    16      0  7218        0        -
2111    3.67e-07       5e-10 out 4498  408 4498     2    16      0  7218        0        -
2120   3.715e-07       5e-10 out 4507  408 4507     2    16      0  7218        0        -
2129    3.76e-07       5e-10 out 4516  408 4516     2    16      0  7218        0        -
2140   3.815e-07       5e-10 out 4527  408 4527     2    16      0  7218        0        -
2149    3.86e-07       5e-10 out 4536  408 4536     2    16      0  7218        0        -
2152   3.875e-07       5e-10 out 4539  408 4539     2    16      0  7218        0        -
2162   3.925e-07       5e-10 out 4549  408 4549     2    16      0  7218        0        -
2172   3.975e-07       5e-10 out 4559  408 4559     2    16      0  7218        0        -
2180   4.015e-07       5e-10 out 4567  408 4567     2    16      0  7218        0        -
2190   4.065e-07       5e-10 out 4577  408 4577     2    16      0  7218        0        -
2200   4.115e-07       5e-10 out 4587  408 4587     2    16      0  7218        0        -
2208   4.155e-07       5e-10 out 4595  408 4595     2    16      0  7218        0        -
2218   4.205e-07       5e-10 out 4605  408 4605     2    16      0  7218        0        -
2228   4.255e-07       5e-10 out 4615  408 4615     2    16      0  7218        0        -
2236   4.295e-07       5e-10 out 4623  408 4623     2    16      0  7218        0        -
2246   4.345e-07       5e-10 out 4633  408 4633     2    16      0  7218        0        -
2256   4.395e-07       5e-10 out 4643  408 4643     2    16      0  7218        0        -
2265    4.44e-07       5e-10 out 4652  408 4652     2    16      0  7218        0        -
2275    4.49e-07       5e-10 out 4662  408 4662     2    16      0  7218        0        -
2286   4.545e-07       5e-10 out 4673  408 4673     2    16      0  7218        0        -
2295    4.59e-07       5e-10 out 4682  408 4682     2    16      0  7218        0        -
2304   4.635e-07       5e-10 out 4691  408 4691     2    16      0  7218        0        -
2314   4.685e-07       5e-10 out 4701  408 4701     2    16      0  7218        0        -
2324   4.735e-07       5e-10 out 4711  408 4711     2    16      0  7218        0        -
2335    4.79e-07       5e-10 out 4722  408 4722     2    16      0  7218        0        -
2344   4.835e-07       5e-10 out 4731  408 4731     2    16      0  7218        0        -
2355    4.89e-07       5e-10 out 4742  408 4742     2    16      0  7218        0        -
2365    4.94e-07       5e-10 out 4752  408 4752     2    16      0  7218        0        -
2374   4.985e-07       5e-10 out 4761  408 4761     2    16      0  7218        0        -
2377       5e-07       5e-10 out 4764  408 4764     2    16      0  7218        0        -
---------- 当前进度: 100 % - 
Memory: 1128/1177 1147/1206
求解时间：4 s。
物理内存: 1.16 GB
虚拟内存: 1.17 GB
结束时间：2026年9月4日 10:09:49。
----- Study 2 - Single_Muon_Diagnostic/解 2 (sol2) 中的“瞬态求解器 1” ----------------->
           当前进度:   0 % - 
Memory: 1134/1177 1153/1206
-          当前进度:  12 % - 正在计算
Memory: 1136/1177 1155/1206
--         当前进度:  23 % - 正在计算
---        当前进度:  33 % - 正在计算
----       当前进度:  44 % - 正在计算
-----      当前进度:  54 % - 正在计算
------     当前进度:  64 % - 正在计算
-------    当前进度:  74 % - 正在计算
--------   当前进度:  84 % - 正在计算
---------  当前进度:  94 % - 正在计算
---------- 当前进度: 100 % - 正在计算
           当前进度:   0 % - 
Memory: 1140/1177 1157/1206
---        当前进度:  34 % - 正在计算
Memory: 1148/1177 1163/1206
---------  当前进度:  95 % - 正在计算
Memory: 1150/1177 1164/1206
BRIDGE_CASE_COMPLETE=bridge_gap40p3_V23_5kV
BRIDGE_CASE_START=bridge_gap40p4_V23_5kV
           当前进度:   0 % - Grounded outer shell / bore boundary
           当前进度:   1 % - Uniform Ne gas volume before electrode subtraction
           当前进度:   2 % - Gas cutter reserved for dielectric liner
           当前进度:   2 % - Representative alumina dielectric liner
           当前进度:   2 % - 执行布尔操作
-          当前进度:  11 % - V1 electrode outer blank
-          当前进度:  12 % - V1 aperture cutter
-          当前进度:  12 % - V1 finite-thickness annular electrode
-          当前进度:  12 % - 执行布尔操作
--         当前进度:  21 % - V1 electrode, 1 mm rounded edges
--         当前进度:  29 % - V2 electrode outer blank
---        当前进度:  30 % - V2 aperture cutter
---        当前进度:  31 % - V2 finite-thickness annular electrode
---        当前进度:  31 % - 执行布尔操作
---        当前进度:  39 % - V2 electrode, 1 mm rounded edges
----       当前进度:  47 % - V3 electrode outer blank
----       当前进度:  48 % - V3 aperture cutter
----       当前进度:  49 % - V3 finite-thickness annular electrode
----       当前进度:  49 % - 执行布尔操作
-----      当前进度:  57 % - V3 electrode, 1 mm rounded edges
------     当前进度:  65 % - V4 electrode outer blank
------     当前进度:  66 % - V4 aperture cutter
------     当前进度:  67 % - V4 finite-thickness annular electrode
------     当前进度:  67 % - 执行布尔操作
-------    当前进度:  75 % - V4 electrode, 1 mm rounded edges
Memory: 1151/1177 1164/1206
--------   当前进度:  83 % - Ne gas domain excluding four electrode solids
--------   当前进度:  83 % - 执行布尔操作
---------  当前进度:  92 % - 形成联合体
---------  当前进度:  92 % - 执行布尔操作
---------- 当前进度: 100 % - 正在更新选择
           当前进度:   0 % - 自由四面体网格
顶点单元数：80
-          当前进度:  10 % - 调整边界网格
-          当前进度:  18 % - 调整边界网格
--         当前进度:  22 % - 正在创建边界网格
Memory: 1148/1177 1161/1206
边单元数：1348
边界单元数：18062
---        当前进度:  37 % - 正在创建初始四面体网格
----       当前进度:  45 % - 相关边界
------     当前进度:  67 % - 正在提高单元质量
------     当前进度:  65 % - 相关边界
Memory: 1130/1177 1144/1206
--------   当前进度:  83 % - 正在提高单元质量
Memory: 1113/1177 1126/1206
单元数：71972
---------- 当前进度: 100 % - 正在定型网格
最小单元质量：0.2373
           当前进度:   0 % - Study 1 - 3D Electrostatics stationary
Memory: 1122/1177 1134/1206
           当前进度:   3 % - Study 1 - 3D Electrostatics stationary
Memory: 1124/1177 1136/1206
<---- Study 1 - 3D Electrostatics stationary/解 1 (sol1) 中的“编译方程: 稳态” -----------
开始于 2026年9月4日 10:09:55。
几何形函数: 二次拉格朗日单元
几何形函数: 二次拉格朗日单元
在 Intel64 Family 6 Model 186 Stepping 2, GenuineIntel 上运行。
在以下位置使用 1 个插槽： 陈红星 上（共 1 个内核）。
可用内存：15.90 GB。
           当前进度:   3 % - 编译方程: 稳态
Memory: 1102/1177 1112/1206
           当前进度:   6 % - 编译方程: 稳态
Memory: 1114/1177 1124/1206
           当前进度:   7 % - 编译方程: 稳态
Memory: 1122/1177 1134/1206
时间：2。
物理内存: 1.12 GB
虚拟内存: 1.14 GB
Warning: 自由空间采用真空条件，这会导致某些材料属性被忽略。请考虑为忽略的材料添加合适的物理场特征。

  - 节点: 自由空间 1

  - 物理场: Electrostatics: four finite-thickness rounded ring electrodes (es)

  - Materials: Natural Neon gas, representative relative permittivity (mat_gas), Representative alumina ceramic; epsilon_r=9.4 assumption (mat_diel)

  - Quantities: 相对介电常数, 相对介电常数
结束时间：2026年9月4日 10:09:57。
----- Study 1 - 3D Electrostatics stationary/解 1 (sol1) 中的“编译方程: 稳态” ---------->
<---- Study 1 - 3D Electrostatics stationary/解 1 (sol1) 中的“因变量 1” --------------
开始于 2026年9月4日 10:09:57。
           当前进度:   7 % - 因变量 1
Memory: 1123/1177 1135/1206
求解时间：0 s。
物理内存: 1.12 GB
虚拟内存: 1.13 GB
结束时间：2026年9月4日 10:09:57。
----- Study 1 - 3D Electrostatics stationary/解 1 (sol1) 中的“因变量 1” ------------->
<---- Study 1 - 3D Electrostatics stationary/解 1 (sol1) 中的“稳态求解器 1” ------------
开始于 2026年9月4日 10:09:57。
线性求解器 
求解的自由度数：106954。
--         当前进度:  24 % - 组装稀疏模式
Memory: 1149/1177 1163/1206
---        当前进度:  32 % - 组装矩阵
Memory: 1157/1177 1171/1206
找到对称矩阵。
缩放因变量：
电势 (comp1.V): 1
已使用正交零空间函数。
---        当前进度:  38 % - 
Memory: 1158/1179 1179/1206
---        当前进度:  38 % - 组装延展
Memory: 1165/1200 1181/1214
-----      当前进度:  56 % - 组装稀疏模式
Memory: 1170/1200 1184/1214
Iter      SolEst     Damping    Stepsize #Res #Jac #Sol LinIt   LinErr   LinRes
--------   当前进度:  82 % - 求解线性方程组
Memory: 1177/1200 1198/1214
   1        0.78   1.0000000        0.78    1    1    1     4  1.6e-05  2.9e-08
---------- 当前进度: 100 % - 
Memory: 1164/1200 1181/1214
求解时间：3 s。
物理内存: 1.2 GB
虚拟内存: 1.21 GB
结束时间：2026年9月4日 10:10:00。
----- Study 1 - 3D Electrostatics stationary/解 1 (sol1) 中的“稳态求解器 1” ----------->
           当前进度:   0 % - Study 2 - Single_Muon_Diagnostic
           当前进度:   3 % - Study 2 - Single_Muon_Diagnostic
Memory: 1210/1210 1257/1257
<---- Study 2 - Single_Muon_Diagnostic/解 2 (sol2) 中的“编译方程: 瞬态” -----------------
开始于 2026年9月4日 10:10:01。
几何形函数: 二次拉格朗日单元
几何形函数: 二次拉格朗日单元
在 Intel64 Family 6 Model 186 Stepping 2, GenuineIntel 上运行。
在以下位置使用 1 个插槽： 陈红星 上（共 1 个内核）。
可用内存：15.90 GB。
           当前进度:   3 % - 编译方程: 瞬态
Memory: 1230/1230 1248/1259
           当前进度:   5 % - 编译方程: 瞬态
Memory: 1245/1264 1261/1281
时间：1。
物理内存: 1.26 GB
虚拟内存: 1.28 GB
Warning: 自由空间采用真空条件，这会导致某些材料属性被忽略。请考虑为忽略的材料添加合适的物理场特征。

  - 节点: 自由空间 1

  - 物理场: Electrostatics: four finite-thickness rounded ring electrodes (es)

  - Materials: Natural Neon gas, representative relative permittivity (mat_gas), Representative alumina ceramic; epsilon_r=9.4 assumption (mat_diel)

  - Quantities: 相对介电常数, 相对介电常数
结束时间：2026年9月4日 10:10:02。
----- Study 2 - Single_Muon_Diagnostic/解 2 (sol2) 中的“编译方程: 瞬态” ---------------->
<---- Study 2 - Single_Muon_Diagnostic/解 2 (sol2) 中的“因变量 1” --------------------
开始于 2026年9月4日 10:10:02。
不求解变量的值: 解 1 (sol1).
           当前进度:   5 % - 因变量 1
Memory: 1248/1264 1265/1281
求解时间：0 s。
物理内存: 1.25 GB
虚拟内存: 1.26 GB
结束时间：2026年9月4日 10:10:02。
----- Study 2 - Single_Muon_Diagnostic/解 2 (sol2) 中的“因变量 1” ------------------->
<---- Study 2 - Single_Muon_Diagnostic/解 2 (sol2) 中的“瞬态求解器 1” ------------------
开始于 2026年9月4日 10:10:02。
瞬态求解器（广义 α）
求解的自由度数：3（加上 4 个内部自由度）。
找到非对称矩阵。
缩放因变量：
颗粒位置 (comp1.qcpt): 1
Step        Time    Stepsize      Res  Jac  Sol Order Tfail NLfail LinIt   LinErr   LinRes
   0           0           - out    2    3    2                  0     0        0        0
   1    6.25e-11    6.25e-11       10    7   10     2     3      0    18  4.8e-08        -
   6    3.75e-10    6.25e-11       20    7   20     2     3      0    35  6.7e-11        -
  11   6.875e-10    6.25e-11       30    7   30     2     3      0    55  8.3e-11        -
  13       8e-10   5.625e-11       38    9   38     2     3      0    69  1.2e-07        -
  16  9.5625e-10   4.375e-11       48   10   48     2     3      0    87  3.9e-08        -
  20  1.1312e-09   4.375e-11       56   11   56     2     3      0    99  5.3e-07        -
  26  1.3937e-09   4.375e-11       68   11   68     2     3      0   121  1.7e-11        -
  29     1.5e-09   3.125e-11 out   78   13   78     2     3      0   139    7e-09        -
  34  1.6563e-09   3.125e-11       88   13   88     2     3      0   154  1.4e-07        -
  39  1.8438e-09    6.25e-11       98   14   98     2     3      0   169  2.2e-07        -
  41  1.9531e-09  4.6875e-11      106   15  106     2     3      0   184  5.4e-08        -
  45  2.1406e-09  4.6875e-11      114   16  114     2     3      0   196  7.1e-07        -
  50   2.375e-09  4.6875e-11      124   16  124     2     3      0   215  3.7e-11        -
  52  2.4609e-09  3.9063e-11      132   17  132     2     3      0   230  2.1e-08        -
  56  2.6172e-09  3.9063e-11      140   18  140     2     3      0   242  2.6e-07        -
  61  2.8125e-09  3.9063e-11      150   18  150     2     3      0   257  6.6e-07        -
  66       3e-09  3.5156e-11 out  164   18  164     2     3      0   282  2.7e-10        -
  69  3.1055e-09  3.5156e-11      176   18  176     2     3      0   306  2.7e-10        -
  72  3.2109e-09  3.5156e-11      188   18  188     2     3      0   330  2.6e-10        -
  75  3.3164e-09  3.5156e-11      200   18  200     2     3      0   354  2.6e-10        -
  78  3.4219e-09  3.5156e-11      212   18  212     2     3      0   378  2.5e-10        -
  82   3.543e-09  4.2969e-11      222   20  222     2     3      0   395  1.7e-08        -
  88  3.8008e-09  4.2969e-11      234   20  234     2     3      0   413  4.2e-07        -
  92  3.9648e-09  3.5156e-11      246   21  246     2     3      0   433  6.5e-09        -
  97  4.1406e-09  3.5156e-11      256   22  256     2     3      0   448  1.1e-07        -
           当前进度:   8 % - 
Memory: 1247/1264 1262/1281
 102  4.3164e-09  3.5156e-11      266   22  266     2     3      0   463  2.5e-07        -
 107     4.5e-09  4.2969e-11 out  280   23  280     2     3      0   486  2.1e-08        -
 111  4.6719e-09  4.2969e-11      288   24  288     2     3      0   498  2.8e-07        -
 116  4.8867e-09  4.2969e-11      298   24  298     2     3      0   513  7.4e-07        -
 119       5e-09  3.5156e-11 out  308   26  308     2     3      0   530    9e-09        -
 121  5.1055e-09  7.0312e-11      312   27  312     2     3      0   536  2.9e-07        -
 123   5.232e-09  6.3281e-11      320   29  320     2     3      0   550  1.7e-07        -
 126  5.4155e-09  5.6953e-11      330   30  330     2     3      0   568  9.9e-08        -
 129  5.5422e-09  4.2227e-11      336   31  336     2     3      0   577    2e-07        -
 134  5.7534e-09  4.2227e-11      346   31  346     2     3      0   592  6.4e-07        -
 139  5.9611e-09  3.8867e-11      358   31  358     2     3      0   612  1.6e-10        -
 142  6.0777e-09  3.8867e-11      370   31  370     2     3      0   636  1.6e-10        -
 145  6.1943e-09  3.8867e-11      382   31  382     2     3      0   660  1.6e-10        -
 147  6.2721e-09  3.8867e-11      390   31  390     2     3      0   676  1.6e-10        -
 150  6.3887e-09  3.8867e-11      402   31  402     2     3      0   700  1.6e-10        -
 152  6.4638e-09  3.6231e-11      412   32  412     2     3      0   719  1.4e-08        -
 156  6.6087e-09  3.6231e-11      420   33  420     2     3      0   731    2e-07        -
 162  6.8261e-09  3.6231e-11      432   33  432     2     3      0   749  6.2e-07        -
 166  6.9674e-09  3.2616e-11      444   34  444     2     3      0   769  1.3e-08        -
 170  7.0978e-09  3.2616e-11      452   35  452     2     3      0   781  1.9e-07        -
 176  7.2935e-09  3.2616e-11      464   35  464     2     3      0   799  5.8e-07        -
 181  7.4566e-09  3.2616e-11      474   35  474     2     3      0   814  9.2e-07        -
 184  7.5434e-09   4.337e-11      480   37  480     2     3      0   823  7.5e-08        -
 189  7.7602e-09   4.337e-11      490   37  490     2     3      0   840  3.4e-11        -
 194  7.9668e-09  3.3151e-11      504   38  504     2     3      0   867  1.7e-08        -
 198  8.0995e-09  3.3151e-11      512   39  512     2     3      0   879  2.1e-07        -
 203  8.2652e-09  3.3151e-11      522   39  522     2     3      0   894  4.7e-07        -
 209  8.4641e-09  3.3151e-11      534   39  534     2     3      0   912  7.1e-07        -
 212  8.5359e-09  3.5882e-11      540   41  540     2     3      0   921  1.8e-08        -
 217  8.7153e-09  3.5882e-11      550   41  550     2     3      0   936  3.4e-07        -
 223  8.9306e-09  3.5882e-11      562   41  562     2     3      0   954  6.6e-07        -
 226  9.0694e-09  6.9416e-11      570   42  570     2     3      0   969  4.3e-07        -
 228  9.1909e-09  6.0758e-11      578   44  578     2     3      0   983  2.2e-07        -
 233   9.467e-09  3.3018e-11      588   45  588     2     3      0  1002  1.1e-08        -
 237  9.6585e-09  5.9433e-11      600   47  600     2     3      0  1022    2e-07        -
 242  9.9481e-09  5.1889e-11      614   49  614     2     3      0  1047  9.1e-08        -
 247  1.0208e-08  5.1889e-11      624   50  624     2     3      0  1064  1.1e-10        -
 252  1.0458e-08  4.2444e-11      638   51  638     2     3      0  1091  2.3e-08        -
 257   1.067e-08  4.2444e-11      648   52  648     2     3      0  1106  3.7e-07        -
 263  1.0924e-08  4.2444e-11      660   52  660     2     3      0  1124  8.4e-07        -
 265     1.1e-08   3.778e-11 out  668   52  668     2     3      0  1140  2.9e-10        -
 268  1.1113e-08   3.778e-11      680   52  680     2     3      0  1164    3e-10        -
           当前进度:   9 % - 正在组装残差
 271  1.1227e-08   3.778e-11      694   53  694     2     3      0  1191  9.9e-09        -
 275  1.1378e-08   3.778e-11      702   54  702     2     3      0  1203  1.3e-07        -
 280  1.1547e-08  4.6635e-11      712   56  712     2     3      0  1218  2.8e-08        -
 285   1.178e-08  4.6635e-11      722   56  722     2     3      0  1233  6.1e-07        -
 289   1.196e-08  4.0144e-11      734   57  734     2     3      0  1253  1.5e-08        -
 293   1.212e-08  4.0144e-11      742   58  742     2     3      0  1265  2.1e-07        -
 299  1.2361e-08  4.0144e-11      754   58  754     2     3      0  1283    6e-07        -
 302  1.2471e-08  2.9209e-11      764   59  764     2     3      0  1300  3.6e-09        -
 305  1.2617e-08  5.8417e-11      770   61  770     2     3      0  1309  5.9e-07        -
 310  1.2909e-08  5.8417e-11      780   61  780     2     3      0  1329  3.5e-10        -
 312     1.3e-08  4.5539e-11 out  788   63  788     2     3      0  1343  3.5e-08        -
 317  1.3228e-08  4.5539e-11      798   63  798     2     3      0  1358  7.5e-07        -
 322  1.3455e-08  4.5074e-11      808   63  808     2     3      0  1377  3.5e-10        -
 327   1.368e-08  4.5074e-11      818   63  818     2     3      0  1397  3.2e-10        -
 333  1.3951e-08  4.5074e-11      830   63  830     2     3      0  1421  3.1e-10        -
 336  1.4049e-08  4.9255e-11      836   65  836     2     3      0  1430  7.7e-08        -
 341  1.4296e-08  4.9255e-11      846   65  846     2     3      0  1448  1.2e-10        -
 345  1.4472e-08  2.8351e-11      854   66  854     2     3      0  1463    7e-09        -
 349  1.4636e-08  5.1033e-11      866   68  866     2     3      0  1483  1.4e-07        -
 354  1.4891e-08  5.1033e-11      876   69  876     2     3      0  1501  1.3e-10        -
 358  1.5029e-08  2.8859e-11      884   70  884     2     3      0  1514  7.6e-08        -
 363  1.5173e-08  2.8859e-11      894   70  894     2     3      0  1529  2.3e-07        -
 369  1.5346e-08  2.8859e-11      906   70  906     2     3      0  1547    4e-07        -
 374  1.5481e-08  1.9128e-11      916   71  916     2     3      0  1562    1e-09        -
 379  1.5653e-08  3.8257e-11      926   72  926     2     3      0  1577  3.9e-07        -
 385  1.5883e-08  3.8257e-11      938   72  938     2     3      0  1595  9.6e-07        -
 388   1.598e-08  2.0459e-11      944   73  944     2     3      0  1606  1.1e-09        -
 392  1.6123e-08  4.0918e-11      952   74  952     2     3      0  1618  3.1e-07        -
 398  1.6368e-08  4.0918e-11      964   74  964     2     3      0  1637    7e-11        -
 401  1.6475e-08  2.4949e-11      970   75  970     2     3      0  1648  2.9e-09        -
 405   1.665e-08  4.9898e-11      978   76  978     2     3      0  1660  8.2e-07        -
 411  1.6949e-08  4.9898e-11      990   76  990     2     3      0  1684  2.4e-10        -
 414  1.7051e-08  5.0916e-11      996   78  996     2     3      0  1693    1e-07        -
 419  1.7305e-08  5.0916e-11     1006   78 1006     2     3      0  1711  1.8e-10        -
 423    1.75e-08  4.6335e-11 out 1018   78 1018     2     3      0  1735  1.4e-10        -
 426  1.7639e-08  4.6335e-11     1030   78 1030     2     3      0  1759  1.4e-10        -
 429  1.7778e-08  4.6335e-11     1042   78 1042     2     3      0  1783  1.4e-10        -
 432  1.7917e-08  4.6335e-11     1054   78 1054     2     3      0  1807  1.4e-10        -
 434     1.8e-08  4.1493e-11 out 1062   80 1062     2     3      0  1821  1.9e-08        -
 439  1.8207e-08  4.1493e-11     1072   80 1072     2     3      0  1836  3.9e-07        -
 445  1.8456e-08  4.1493e-11     1084   80 1084     2     3      0  1854    8e-07        -
 449  1.8587e-08  4.3581e-11     1092   82 1092     2     3      0  1866    1e-07        -
 454  1.8805e-08  4.3581e-11     1102   82 1102     2     3      0  1881  5.2e-07        -
 458  1.8968e-08  3.2095e-11     1114   83 1114     2     3      0  1901    5e-09        -
 461  1.9122e-08  5.7772e-11     1124   86 1124     2     3      0  1918  9.7e-08        -
-          当前进度:  10 % - 
 465  1.9353e-08  5.7772e-11     1132   87 1132     2     3      0  1931  2.8e-10        -
 467  1.9455e-08  4.4589e-11     1140   88 1140     2     3      0  1946    3e-08        -
 471  1.9634e-08  4.4589e-11     1148   89 1148     2     3      0  1958  4.1e-07        -
 477  1.9901e-08  4.4589e-11     1160   89 1160     2     3      0  1978  1.6e-10        -
 480  2.0049e-08  4.9348e-11     1172   89 1172     2     3      0  2002  5.7e-11        -
 482  2.0148e-08  4.9348e-11     1180   89 1180     2     3      0  2018  6.8e-11        -
 485  2.0296e-08  4.9348e-11     1192   89 1192     2     3      0  2042  8.4e-11        -
 488  2.0444e-08  4.9348e-11     1204   89 1204     2     3      0  2066    1e-10        -
 492  2.0612e-08  5.5865e-11     1212   91 1212     2     3      0  2078  5.4e-07        -
 498  2.0946e-08  5.4473e-11     1225   91 1225     2     3      0  2103  2.6e-11        -
 502  2.1163e-08  5.4473e-11     1237   91 1237     2     3      0  2127  4.4e-11        -
 506  2.1381e-08  5.4473e-11     1249   91 1249     2     3      0  2151  5.1e-11        -
 510  2.1564e-08  6.4216e-11     1258   93 1258     2     3      0  2166  3.1e-07        -
 512   2.168e-08  5.7794e-11     1266   95 1266     2     3      0  2180    2e-07        -
 517  2.1955e-08   4.451e-11     1280   96 1280     2     3      0  2207  6.1e-08        -
 520  2.2089e-08   4.451e-11     1286   97 1286     2     3      0  2216  5.6e-07        -
 525  2.2312e-08   4.451e-11     1296   97 1296     2     3      0  2235  1.4e-10        -
 530    2.25e-08  2.7451e-11 out 1306   98 1306     2     3      0  2253  2.8e-08        -
 534   2.261e-08  2.7451e-11     1314   98 1314     2     3      0  2265  1.1e-07        -
 540  2.2775e-08  2.7451e-11     1326   98 1326     2     3      0  2283  2.3e-07        -
 545  2.2939e-08  5.4901e-11     1336   99 1336     2     3      0  2298  1.8e-07        -
 549  2.3061e-08  3.0394e-11     1344  100 1344     2     3      0  2310  1.1e-07        -
 552  2.3207e-08  5.4709e-11     1354  102 1354     2     3      0  2327  1.5e-07        -
 555  2.3371e-08  5.4709e-11     1360  103 1360     2     3      0  2337  1.5e-10        -
 557  2.3463e-08  3.7241e-11     1368  104 1368     2     3      0  2352  2.1e-08        -
 560  2.3637e-08  6.2295e-11     1378  107 1378     2     3      0  2369  2.8e-07        -
 563  2.3824e-08  6.2295e-11     1384  108 1384     2     3      0  2380  3.2e-10        -
 566     2.4e-08  5.7022e-11 out 1394  110 1394     2     3      0  2398    2e-07        -
 571  2.4285e-08  5.7022e-11     1404  110 1404     2     3      0  2417  4.9e-10        -
 574   2.445e-08  5.0423e-11     1414  111 1414     2     3      0  2436  1.1e-07        -
 579  2.4702e-08  5.0423e-11     1424  112 1424     2     3      0  2453  1.9e-10        -
 585     2.5e-08  4.8307e-11 out 1438  112 1438     2     3      0  2481  1.5e-10        -
 589  2.5193e-08  4.8307e-11     1450  112 1450     2     3      0  2505  1.5e-10        -
 593  2.5386e-08  4.8307e-11     1462  112 1462     2     3      0  2529  1.2e-10        -
 597  2.5533e-08  3.2616e-11     1471  113 1471     2     3      0  2544    5e-08        -
 603  2.5728e-08  3.2616e-11     1483  113 1483     2     3      0  2562  1.8e-07        -
 608  2.5891e-08  3.2616e-11     1493  113 1493     2     3      0  2577  2.8e-07        -
 613  2.6043e-08   4.337e-11     1503  115 1503     2     3      0  2592    2e-08        -
 619  2.6304e-08   4.337e-11     1515  115 1515     2     3      0  2610    5e-07        -
 623  2.6467e-08   3.315e-11     1527  116 1527     2     3      0  2630  5.9e-09        -
 627  2.6699e-08    6.63e-11     1535  118 1535     2     3      0  2643  5.4e-10        -
 631  2.6949e-08  5.1101e-11     1547  119 1547     2     3      0  2666    6e-08        -
 636  2.7204e-08  5.1101e-11     1557  120 1557     2     3      0  2682  2.2e-10        -
-          当前进度:  12 % - 
 641  2.7454e-08  4.5595e-11     1571  121 1571     2     3      0  2709  3.9e-08        -
 644  2.7617e-08  7.1328e-11     1579  124 1579     2     4      0  2722  3.7e-07        -
 646  2.7745e-08  6.4196e-11     1587  126 1587     2     4      0  2736  2.2e-07        -
 651  2.8063e-08  6.3147e-11     1597  126 1597     2     4      0  2756  3.3e-09        -
 657  2.8439e-08  6.0559e-11     1610  126 1610     2     4      0  2782  1.3e-09        -
 660  2.8621e-08  6.0559e-11     1619  126 1619     2     4      0  2800  1.2e-09        -
 663  2.8803e-08  6.0559e-11     1630  126 1630     2     4      0  2822  1.9e-10        -
 665  2.8924e-08  6.0559e-11     1638  126 1638     2     4      0  2838  1.8e-10        -
 668  2.9076e-08   7.609e-11     1644  128 1644     2     4      0  2847  6.1e-07        -
 670  2.9203e-08  6.3348e-11     1652  130 1652     2     4      0  2861  2.6e-07        -
 671   2.926e-08  5.7014e-11     1658  131 1658     2     4      0  2872  1.5e-07        -
 675  2.9465e-08  3.4579e-11     1666  133 1666     2     4      0  2885  1.3e-08        -
 681  2.9673e-08  3.4579e-11     1678  133 1678     2     4      0  2903  3.2e-07        -
 686  2.9846e-08  3.4579e-11     1688  133 1688     2     4      0  2918  5.6e-07        -
 690  2.9975e-08  2.5234e-11     1700  134 1700     2     4      0  2938  2.7e-09        -
 692   3.005e-08  5.0468e-11     1704  136 1704     2     4      0  2944  8.6e-08        -
 697  3.0303e-08  5.0468e-11     1714  136 1714     2     4      0  2962  2.6e-10        -
 702  3.0548e-08  4.8127e-11     1727  136 1727     2     4      0  2988  4.2e-10        -
 705  3.0693e-08  4.8127e-11     1736  136 1736     2     4      0  3006  4.2e-10        -
 709  3.0885e-08  4.8127e-11     1748  136 1748     2     4      0  3030  3.8e-10        -
 713  3.1067e-08  6.6861e-11     1757  138 1757     2     4      0  3045  3.4e-07        -
 718  3.1401e-08  6.6861e-11     1767  138 1767     2     4      0  3065  1.3e-09        -
 720    3.15e-08  4.9416e-11 out 1775  140 1775     2     4      0  3079  8.8e-08        -
 725  3.1767e-08  6.9516e-11     1787  142 1787     2     5      0  3100    5e-07        -
 727  3.1892e-08  6.2564e-11     1795  144 1795     2     5      0  3114  2.8e-07        -
 729     3.2e-08  5.3845e-11 out 1803  146 1803     2     5      0  3128  1.2e-07        -
 734  3.2269e-08  5.3845e-11     1813  146 1813     2     5      0  3147  3.9e-10        -
 739    3.25e-08  3.4619e-11 out 1823  147 1823     2     5      0  3165  4.1e-08        -
 741  3.2589e-08  5.4526e-11     1829  149 1829     2     6      0  3174  7.5e-08        -
 743  3.2687e-08  4.9074e-11     1837  151 1837     2     6      0  3188  4.1e-08        -
 749  3.2966e-08   3.367e-11     1853  152 1853     2     6      0  3214  5.3e-09        -
 752  3.3126e-08  5.8434e-11     1863  155 1863     2     6      0  3231  8.1e-08        -
 756   3.336e-08  5.8434e-11     1871  156 1871     2     6      0  3244  3.8e-10        -
 759    3.35e-08  4.1027e-11 out 1881  158 1881     2     6      0  3262  1.3e-08        -
 765  3.3746e-08  4.1027e-11     1893  158 1893     2     6      0  3280  3.2e-07        -
 770  3.3951e-08  4.1027e-11     1903  158 1903     2     6      0  3295  5.8e-07        -
 774  3.4097e-08  4.8707e-11     1911  160 1911     2     6      0  3307  1.9e-07        -
 779  3.4341e-08  4.8707e-11     1921  160 1921     2     6      0  3322  9.1e-07        -
 782  3.4469e-08  3.0818e-11     1927  161 1927     2     6      0  3333  3.7e-09        -
 787  3.4747e-08  6.1636e-11     1937  162 1937     2     6      0  3350  4.8e-10        -
 792     3.5e-08  3.4274e-11 out 1947  163 1947     2     6      0  3368  3.6e-08        -
 796  3.5274e-08  6.8547e-11     1955  164 1955     2     6      0  3383  9.2e-10        -
 801  3.5544e-08  4.4358e-11     1965  165 1965     2     6      0  3400  2.5e-07        -
 803  3.5705e-08   7.202e-11     1973  167 1973     2     6      0  3414  3.1e-07        -
-          当前进度:  13 % - 正在组装残差
 805  3.5842e-08  6.4818e-11     1981  169 1981     2     6      0  3428  1.9e-07        -
 807  3.5953e-08  4.6624e-11     1989  171 1989     2     6      0  3442  3.7e-08        -
 810  3.6116e-08  6.9497e-11     1997  174 1997     2     7      0  3455  2.8e-07        -
 812  3.6241e-08  6.2547e-11     2005  176 2005     2     7      0  3469  1.7e-07        -
 816  3.6464e-08  3.5571e-11     2013  177 2013     2     7      0  3483    1e-08        -
 819  3.6635e-08  6.4028e-11     2023  179 2023     2     7      0  3500  1.9e-07        -
 823  3.6885e-08  5.7625e-11     2035  181 2035     2     7      0  3521  1.2e-07        -
 828  3.7173e-08   5.756e-11     2045  182 2045     2     7      0  3539  4.7e-10        -
 833  3.7451e-08  4.8539e-11     2059  183 2059     2     7      0  3566  3.9e-08        -
 837  3.7646e-08  4.8539e-11     2067  184 2067     2     7      0  3578  4.9e-07        -
 843  3.7937e-08  4.8539e-11     2079  184 2079     2     7      0  3599  3.1e-10        -
 846  3.8063e-08  6.3146e-11     2085  186 2085     2     7      0  3608  1.6e-07        -
 851  3.8379e-08  6.3146e-11     2095  186 2095     2     7      0  3627  8.4e-10        -
 855  3.8621e-08  6.0563e-11     2107  186 2107     2     7      0  3651    1e-09        -
 858  3.8803e-08  6.0563e-11     2116  186 2116     2     7      0  3669    1e-09        -
 862     3.9e-08  3.8028e-11 out 2126  187 2126     2     7      0  3687  9.9e-08        -
 864  3.9145e-08   6.845e-11     2134  189 2134     2     7      0  3701  3.6e-07        -
 866  3.9275e-08  6.1605e-11     2142  191 2142     2     7      0  3715    2e-07        -
 869  3.9449e-08  5.1115e-11     2152  193 2152     2     7      0  3732  8.1e-08        -
 871  3.9564e-08  6.4151e-11     2158  196 2158     2     8      0  3742  1.7e-07        -
 873   3.968e-08  5.7736e-11     2166  198 2166     2     8      0  3756  8.9e-08        -
 878  3.9955e-08  4.4717e-11     2180  199 2180     2     8      0  3781  1.9e-08        -
 881  4.0107e-08  6.2674e-11     2188  202 2188     2     9      0  3793  9.1e-08        -
 884  4.0277e-08  5.6406e-11     2200  202 2200     2     9      0  3817  1.5e-09        -
 887  4.0445e-08  5.5289e-11     2214  203 2214     2     9      0  3844  3.6e-08        -
 892  4.0721e-08  5.5289e-11     2224  204 2224     2     9      0  3859  5.8e-07        -
 897  4.0971e-08  2.8842e-11     2234  205 2234     2     9      0  3875  1.3e-09        -
 902  4.1231e-08  5.7685e-11     2244  206 2244     2     9      0  3890  5.3e-07        -
 906  4.1452e-08  4.8104e-11     2256  207 2256     2     9      0  3911  1.7e-08        -
 911  4.1692e-08  4.8104e-11     2266  208 2266     2     9      0  3926    3e-07        -
 917  4.1966e-08  3.3532e-11     2282  209 2282     2     9      0  3952  2.7e-09        -
 921  4.2201e-08  6.7063e-11     2290  211 2290     2     9      0  3964  8.1e-07        -
 925  4.2451e-08  4.8811e-11     2302  212 2302     2     9      0  3987  1.9e-08        -
 928  4.2646e-08  9.7622e-11     2308  214 2308     2     9      0  3996  6.3e-07        -
 930  4.2805e-08  7.9393e-11     2316  216 2316     2     9      0  4010  1.9e-07        -
 932  4.2938e-08  6.1663e-11     2326  219 2326     2    10      0  4029  5.5e-08        -
 935  4.3149e-08  7.0455e-11     2338  222 2338     2    11      0  4051  1.8e-07        -
 938   4.336e-08  7.0455e-11     2344  223 2344     2    11      0  4060  6.7e-07        -
 943   4.371e-08  6.9949e-11     2354  223 2354     2    11      0  4080  2.2e-09        -
 948     4.4e-08  4.0153e-11 out 2364  224 2364     2    11      0  4098  2.1e-08        -
-          当前进度:  15 % - 
 951  4.4191e-08  7.0856e-11     2374  226 2374     2    11      0  4115  5.6e-08        -
 953  4.4326e-08   6.377e-11     2382  228 2382     2    11      0  4129  3.4e-08        -
 955  4.4445e-08  5.5144e-11     2390  230 2390     2    11      0  4143    1e-08        -
 959  4.4665e-08  5.5144e-11     2398  231 2398     2    11      0  4155  2.6e-07        -
 965  4.4971e-08  2.9423e-11     2410  232 2410     2    11      0  4173  8.4e-10        -
 969  4.5177e-08  5.8845e-11     2418  233 2418     2    11      0  4185  2.4e-07        -
 974  4.5456e-08  4.4041e-11     2432  234 2432     2    11      0  4208  6.7e-09        -
 978  4.5632e-08  4.4041e-11     2440  235 2440     2    11      0  4220  8.9e-08        -
 984  4.5896e-08  4.4041e-11     2452  235 2452     2    11      0  4238  2.5e-07        -
 986   4.597e-08  2.9796e-11     2460  236 2460     2    11      0  4252  1.3e-09        -
 990  4.6179e-08  5.9592e-11     2468  238 2468     2    11      0  4264    5e-07        -
 995  4.6459e-08  4.1429e-11     2482  239 2482     2    11      0  4289  6.3e-09        -
 998  4.6656e-08  7.2667e-11     2492  242 2492     2    11      0  4306  7.8e-08        -
1000  4.6801e-08  6.8692e-11     2502  245 2502     2    12      0  4325  5.3e-08        -
1002  4.6936e-08  6.3579e-11     2512  248 2512     2    13      0  4342  3.2e-08        -
1006  4.7191e-08  6.3579e-11     2520  249 2520     2    13      0  4354  3.8e-07        -
1010  4.7441e-08  5.9264e-11     2529  249 2529     2    13      0  4369  8.8e-10        -
1014  4.7678e-08  5.9264e-11     2541  249 2541     2    13      0  4393  8.4e-10        -
1018  4.7915e-08  5.9264e-11     2553  249 2553     2    13      0  4417  7.7e-10        -
1019  4.7957e-08  4.2577e-11     2559  250 2559     2    13      0  4428    6e-10        -
1022   4.816e-08   7.438e-11     2569  253 2569     2    13      0  4445  1.1e-08        -
1026  4.8441e-08  5.8662e-11     2581  255 2581     2    13      0  4465  1.3e-08        -
1030  4.8676e-08  5.8662e-11     2589  256 2589     2    13      0  4477  1.4e-07        -
1034  4.8911e-08  5.8662e-11     2597  256 2597     2    13      0  4489  3.5e-07        -
1036     4.9e-08  4.4684e-11 out 2605  258 2605     2    13      0  4503  4.4e-09        -
1042  4.9268e-08  4.4684e-11     2617  258 2617     2    13      0  4521    1e-07        -
1046  4.9447e-08  4.4684e-11     2625  258 2625     2    13      0  4533  1.7e-07        -
1050  4.9606e-08  5.3165e-11     2633  260 2633     2    13      0  4545  9.1e-08        -
1055  4.9872e-08  5.3165e-11     2643  260 2643     2    13      0  4560  4.5e-07        -
1057  4.9963e-08  3.7341e-11     2651  261 2651     2    13      0  4574  3.8e-09        -
1061  5.0187e-08  7.4683e-11     2659  263 2659     2    13      0  4586  5.9e-07        -
1065  5.0459e-08  4.0982e-11     2669  264 2669     2    13      0  4605  5.9e-09        -
1069  5.0697e-08  7.3768e-11     2681  266 2681     2    13      0  4625    1e-07        -
1071  5.0859e-08  7.6979e-11     2691  269 2691     2    14      0  4644  1.5e-07        -
1074  5.1083e-08  8.3364e-11     2701  273 2701     2    16      0  4663  2.1e-07        -
1077  5.1308e-08  7.5028e-11     2713  273 2713     2    16      0  4687  3.3e-09        -
1079  5.1442e-08  5.8263e-11     2723  274 2723     2    16      0  4706  3.1e-08        -
1084  5.1733e-08  5.8263e-11     2733  275 2733     2    16      0  4721  5.1e-07        -
-          当前进度:  16 % - 组装矩阵
1088  5.1954e-08  4.6079e-11     2745  276 2745     2    16      0  4741  8.7e-09        -
1092  5.2138e-08  4.6079e-11     2753  277 2753     2    16      0  4753  9.9e-08        -
1097  5.2369e-08  4.6079e-11     2763  277 2763     2    16      0  4768  2.6e-07        -
1101  5.2543e-08  4.2643e-11     2774  277 2774     2    16      0  4789  6.4e-10        -
1103  5.2705e-08  7.6757e-11     2782  279 2782     2    16      0  4803  1.5e-07        -
1106  5.2929e-08  7.0899e-11     2790  280 2790     2    16      0  4817  1.3e-09        -
1109  5.3142e-08  7.0899e-11     2802  280 2802     2    16      0  4841  1.4e-09        -
1112  5.3354e-08  7.0899e-11     2814  280 2814     2    16      0  4865  1.4e-09        -
1115    5.35e-08  3.7302e-11 out 2822  281 2822     2    16      0  4879  2.3e-08        -
1120  5.3873e-08  7.4603e-11     2832  282 2832     2    16      0  4897  1.4e-09        -
1122     5.4e-08  6.3492e-11 out 2840  284 2840     2    16      0  4911  4.2e-08        -
1124  5.4169e-08  7.9837e-11     2850  287 2850     2    17      0  4930  2.7e-07        -
1126  5.4338e-08  8.0069e-11     2860  290 2860     2    18      0  4949  2.3e-07        -
1130  5.4541e-08  4.1175e-11     2868  292 2868     2    18      0  4961  6.2e-08        -
1133  5.4772e-08  7.4115e-11     2878  293 2878     2    18      0  4980  5.2e-09        -
1136   5.496e-08  4.0008e-11     2888  294 2888     2    18      0  4999  1.8e-08        -
1141   5.528e-08  8.0017e-11     2898  295 2898     2    18      0  5014  4.2e-07        -
1143   5.543e-08  6.9963e-11     2906  296 2906     2    18      0  5028    2e-08        -
1148   5.578e-08  6.9963e-11     2916  297 2916     2    18      0  5043    4e-07        -
1153   5.608e-08  8.0223e-11     2926  299 2926     2    18      0  5058    2e-07        -
1158  5.6451e-08  4.9442e-11     2936  300 2936     2    18      0  5076    2e-08        -
1164  5.6747e-08  4.9442e-11     2948  300 2948     2    18      0  5094  4.6e-07        -
1170  5.7052e-08  5.2233e-11     2960  300 2960     2    18      0  5115  6.5e-09        -
1175  5.7313e-08  5.2233e-11     2970  300 2970     2    18      0  5135  5.3e-09        -
1178  5.7459e-08  4.1068e-11     2980  301 2980     2    18      0  5154  1.3e-08        -
1181  5.7664e-08  8.2136e-11     2986  303 2986     2    18      0  5164  1.4e-09        -
1183  5.7856e-08  9.0629e-11     2996  306 2996     2    19      0  5185  4.5e-07        -
1186  5.8096e-08  9.6355e-11     3006  310 3006     2    21      0  5205  5.7e-07        -
1189  5.8357e-08   8.672e-11     3018  310 3018     2    21      0  5232  1.4e-08        -
1191    5.85e-08  7.1743e-11 out 3026  312 3026     2    21      0  5246  1.2e-07        -
1196  5.8859e-08  7.1743e-11     3036  312 3036     2    21      0  5265  2.2e-09        -
1201  5.9212e-08  7.0642e-11     3046  312 3046     2    21      0  5285  1.3e-08        -
1206    5.95e-08  3.8073e-11 out 3056  313 3056     2    21      0  5303  2.8e-08        -
1211  5.9881e-08  7.6146e-11     3066  314 3066     2    21      0  5321  3.5e-09        -
1213       6e-08  5.9635e-11 out 3074  316 3074     2    21      0  5335  6.3e-08        -
1219  6.0358e-08  5.9635e-11     3086  316 3086     2    21      0  5356  1.4e-09        -
1221  6.0459e-08  4.1279e-11     3094  317 3094     2    21      0  5371  1.3e-08        -
1224  6.0665e-08  8.2558e-11     3100  319 3100     2    21      0  5381    1e-09        -
1228  6.0956e-08  4.3605e-11     3108  320 3108     2    21      0  5396  2.3e-08        -
1232  6.1218e-08   8.721e-11     3116  321 3116     2    21      0  5411  3.3e-09        -
1235    6.15e-08  1.0755e-10 out 3126  322 3126     2    21      0  5435  1.4e-09        -
1237  6.1695e-08  1.0011e-10     3132  325 3132     2    22      0  5448  6.6e-07        -
1239  6.1876e-08  9.0101e-11     3140  327 3140     2    22      0  5463  3.3e-07        -
1241     6.2e-08  6.2208e-11 out 3148  329 3148     2    22      0  5479  4.5e-08        -
1243  6.2156e-08  9.3487e-11     3154  331 3154     2    23      0  5491  3.5e-07        -
-          当前进度:  18 % - 正在组装残差
1246  6.2408e-08  8.4139e-11     3166  331 3166     2    23      0  5518  1.5e-08        -
1250  6.2675e-08    8.27e-11     3176  333 3176     2    23      0  5537  1.4e-08        -
1253   6.292e-08  8.0006e-11     3190  334 3190     2    23      0  5567  1.3e-07        -
1258   6.332e-08  8.0006e-11     3200  335 3200     2    23      0  5585  3.5e-09        -
1261    6.35e-08  4.9984e-11 out 3206  336 3206     2    23      0  5595  6.2e-08        -
1267    6.38e-08  4.9984e-11     3218  336 3218     2    23      0  5613  3.5e-07        -
1272     6.4e-08  2.5071e-11 out 3228  337 3228     2    23      0  5628  2.7e-09        -
1276  6.4201e-08  5.0142e-11     3236  338 3236     2    23      0  5640  2.3e-07        -
1279  6.4425e-08  7.4502e-11     3246  340 3246     2    23      0  5661  2.2e-07        -
1283  6.4724e-08  7.4502e-11     3254  341 3254     2    23      0  5676  2.8e-09        -
1286  6.4936e-08  6.3745e-11     3264  342 3264     2    23      0  5695    1e-07        -
1291  6.5255e-08  6.3745e-11     3274  343 3274     2    23      0  5712  1.5e-09        -
1295    6.55e-08  5.8765e-11 out 3284  343 3284     2    23      0  5732  1.2e-08        -
1299  6.5735e-08  5.8765e-11     3296  343 3296     2    23      0  5756  1.1e-08        -
1303  6.5956e-08  4.4322e-11     3311  344 3311     2    23      0  5785  1.3e-08        -
1307  6.6222e-08  8.8645e-11     3319  346 3319     2    23      0  5800  4.7e-09        -
1312  6.6551e-08   5.055e-11     3329  347 3329     2    23      0  5819  1.6e-07        -
1317  6.6803e-08   5.055e-11     3339  347 3339     2    23      0  5834    5e-07        -
1322  6.7048e-08  4.7802e-11     3349  347 3349     2    23      0  5852  1.5e-08        -
1328  6.7335e-08  4.7802e-11     3361  347 3361     2    23      0  5876  1.3e-08        -
1332  6.7665e-08  8.2694e-11     3369  348 3369     2    23      0  5891  4.2e-09        -
1337     6.8e-08  4.3265e-11 out 3379  349 3379     2    23      0  5909  5.7e-08        -
1339  6.8204e-08  1.1705e-10     3385  352 3385     2    24      0  5923  3.3e-09        -
1341  6.8404e-08  9.5542e-11     3395  355 3395     2    25      0  5946  7.3e-07        -
1347  6.8941e-08  5.8916e-11     3407  356 3407     2    25      0  5974  5.4e-08        -
1350  6.9224e-08  1.0605e-10     3417  358 3417     2    25      0  5996  8.7e-07        -
1352  6.9415e-08  8.5036e-11     3425  360 3425     2    25      0  6014  2.5e-07        -
1355   6.967e-08  8.5036e-11     3431  361 3431     2    25      0  6028  4.7e-09        -
1359       7e-08  7.9929e-11 out 3441  361 3441     2    25      0  6052  2.2e-08        -
1362   7.024e-08  7.9929e-11     3450  361 3450     2    25      0  6072  2.1e-08        -
1365   7.045e-08  5.0178e-11     3458  362 3458     2    25      0  6087  1.3e-08        -
1369  7.0751e-08  1.0036e-10     3466  363 3466     2    25      0  6102  7.1e-09        -
1371  7.0926e-08  7.4378e-11     3474  364 3474     2    25      0  6122    1e-07        -
1376  7.1298e-08  7.4378e-11     3484  365 3484     2    25      0  6139  3.5e-09        -
1379  7.1615e-08   1.153e-10     3494  367 3494     2    25      0  6163  3.6e-09        -
1381  7.1834e-08  1.0377e-10     3502  369 3502     2    25      0  6181  7.8e-07        -
1384  7.2121e-08  1.2075e-10     3512  373 3512     2    27      0  6205  4.7e-09        -
1386  7.2338e-08  1.0867e-10     3520  375 3520     2    27      0  6224  8.3e-07        -
1388    7.25e-08  8.0954e-11 out 3528  377 3528     2    27      0  6242  1.8e-07        -
1391  7.2743e-08  8.0954e-11     3534  377 3534     2    27      0  6253  3.3e-09        -
1396  7.3095e-08  9.5229e-11     3544  379 3544     2    27      0  6271  3.3e-07        -
1400   7.344e-08  5.9542e-11     3552  380 3552     2    27      0  6289  2.8e-08        -
1405  7.3738e-08  5.9542e-11     3562  380 3562     2    27      0  6304  6.3e-07        -
--         当前进度:  21 % - 正在组装残差
1409  7.3958e-08  4.1603e-11     3574  381 3574     2    27      0  6324  1.8e-09        -
1412  7.4166e-08  8.3207e-11     3580  383 3580     2    27      0  6333  2.8e-07        -
1417    7.45e-08  4.1983e-11 out 3590  384 3590     2    27      0  6348  9.5e-09        -
1422  7.4918e-08  8.2067e-11     3600  385 3600     2    27      0  6364    3e-08        -
1426  7.5246e-08  8.2067e-11     3608  385 3608     2    27      0  6380  3.1e-08        -
1430  7.5563e-08   6.345e-11     3616  387 3616     2    27      0  6393  1.8e-07        -
1432  7.5805e-08  1.1421e-10     3624  389 3624     2    27      0  6410  4.2e-07        -
1436  7.6195e-08  9.7721e-11     3632  390 3632     2    27      0  6428    5e-09        -
1441  7.6609e-08  1.0912e-10     3642  392 3642     2    27      0  6448  2.4e-07        -
1444  7.6914e-08  8.6323e-11     3652  393 3652     2    27      0  6471  5.8e-08        -
1449  7.7345e-08  8.6323e-11     3662  394 3662     2    27      0  6486  9.7e-07        -
1452  7.7577e-08  7.7354e-11     3674  394 3674     2    27      0  6510  1.1e-08        -
1455  7.7809e-08  7.7354e-11     3686  394 3686     2    27      0  6534  1.1e-08        -
1459  7.8057e-08  5.6616e-11     3696  395 3696     2    27      0  6551  4.5e-08        -
1462  7.8374e-08  1.0191e-10     3706  396 3706     2    27      0  6573  2.6e-08        -
1466   7.869e-08  1.2634e-10     3714  398 3714     2    27      0  6586  3.4e-07        -
1468  7.8902e-08  9.8398e-11     3722  400 3722     2    27      0  6603  1.1e-07        -
1472  7.9348e-08   1.516e-10     3730  401 3730     2    27      0  6621  1.4e-08        -
1476  7.9727e-08   1.516e-10     3738  403 3738     2    27      0  6635  1.4e-08        -
1478  7.9924e-08  7.5531e-11     3746  405 3746     2    27      0  6655  9.6e-08        -
1483  8.0302e-08  7.5531e-11     3756  405 3756     2    27      0  6673  3.8e-09        -
1486    8.05e-08  6.1174e-11 out 3766  407 3766     2    27      0  6691  2.7e-08        -
1491  8.0806e-08  6.1174e-11     3776  407 3776     2    27      0  6706  5.6e-07        -
1496  8.1072e-08  7.1784e-11     3786  409 3786     2    27      0  6721    5e-08        -
1502    8.15e-08   7.054e-11 out 3798  409 3798     2    27      0  6741  2.3e-08        -
1507  8.1853e-08   7.054e-11     3808  409 3808     2    27      0  6761  2.4e-08        -
1511  8.2077e-08   7.676e-11     3816  411 3816     2    27      0  6774    8e-08        -
1516  8.2442e-08    5.81e-11     3830  412 3830     2    27      0  6799  2.3e-08        -
1519  8.2674e-08   1.162e-10     3836  414 3836     2    27      0  6809  7.8e-07        -
1521  8.2889e-08  1.1056e-10     3844  416 3844     2    27      0  6826  6.8e-07        -
1524  8.3247e-08  1.1688e-10     3856  419 3856     2    28      0  6856    3e-09        -
1528  8.3568e-08  6.8193e-11     3864  421 3864     2    28      0  6870    6e-07        -
1532  8.3841e-08  6.8193e-11     3872  421 3872     2    28      0  6885  2.7e-09        -
1536  8.4091e-08  9.0844e-11     3880  423 3880     2    28      0  6899  1.9e-07        -
1540  8.4432e-08  6.8313e-11     3892  424 3892     2    28      0  6926  3.9e-08        -
1544  8.4705e-08  6.8313e-11     3900  425 3900     2    28      0  6938  5.1e-07        -
1549     8.5e-08  4.5062e-11 out 3910  426 3910     2    28      0  6953  2.2e-08        -
1552   8.527e-08  9.0124e-11     3916  427 3916     2    28      0  6966  6.6e-09        -
1555    8.55e-08  6.9753e-11 out 3926  429 3926     2    28      0  6987    4e-08        -
1560  8.5849e-08  6.9753e-11     3936  429 3936     2    28      0  7002  8.2e-07        -
1564  8.6081e-08  8.1484e-11     3944  431 3944     2    28      0  7015    1e-07        -
1569    8.65e-08  8.7033e-11 out 3956  431 3956     2    28      0  7042  1.4e-08        -
1570  8.6627e-08  1.2726e-10     3960  433 3960     2    29      0  7052  5.6e-09        -
--         当前进度:  23 % - 组装矩阵
1572  8.6871e-08  1.2911e-10     3968  435 3968     2    29      0  7071  6.1e-09        -
1576  8.7194e-08  1.2911e-10     3976  437 3976     2    29      0  7085  6.2e-09        -
1577   8.731e-08   1.162e-10     3982  438 3982     2    29      0  7099  7.6e-07        -
1582  8.7785e-08  9.5073e-11     3992  439 3992     2    29      0  7123  1.7e-08        -
1586   8.806e-08  5.9855e-11     4000  440 4000     2    29      0  7137  1.9e-07        -
1592  8.8419e-08  5.9855e-11     4012  440 4012     2    29      0  7155    7e-07        -
1594    8.85e-08  4.0508e-11 out 4020  442 4020     2    29      0  7169  2.8e-09        -
1599  8.8905e-08  8.1017e-11     4030  443 4030     2    29      0  7191  6.7e-09        -
1603   8.919e-08  9.4915e-11     4038  445 4038     2    29      0  7205  9.1e-07        -
1608   8.956e-08  6.0169e-11     4048  446 4048     2    29      0  7224  1.8e-07        -
1612  8.9861e-08  1.2034e-10     4055  447 4055     2    29      0  7233        0        -
1618     9.2e-08       5e-10 out 4061  449 4061     2    29      0  7233        0        -
1628     9.7e-08       5e-10 out 4071  449 4071     2    29      0  7233        0        -
1636    1.01e-07       5e-10 out 4079  449 4079     2    29      0  7233        0        -
1645   1.055e-07       5e-10 out 4088  449 4088     2    29      0  7233        0        -
1653   1.095e-07       5e-10 out 4096  449 4096     2    29      0  7233        0        -
1663   1.145e-07       5e-10 out 4106  449 4106     2    29      0  7233        0        -
1673   1.195e-07       5e-10 out 4116  449 4116     2    29      0  7233        0        -
1681   1.235e-07       5e-10 out 4124  449 4124     2    29      0  7233        0        -
1690    1.28e-07       5e-10 out 4133  449 4133     2    29      0  7233        0        -
1699   1.325e-07       5e-10 out 4142  449 4142     2    29      0  7233        0        -
1707   1.365e-07       5e-10 out 4150  449 4150     2    29      0  7233        0        -
1716    1.41e-07       5e-10 out 4159  449 4159     2    29      0  7233        0        -
1724    1.45e-07       5e-10 out 4167  449 4167     2    29      0  7233        0        -
1734     1.5e-07       5e-10 out 4177  449 4177     2    29      0  7233        0        -
1743   1.545e-07       5e-10 out 4186  449 4186     2    29      0  7233        0        -
1753   1.595e-07       5e-10 out 4196  449 4196     2    29      0  7233        0        -
1763   1.645e-07       5e-10 out 4206  449 4206     2    29      0  7233        0        -
1774     1.7e-07       5e-10 out 4217  449 4217     2    29      0  7233        0        -
1784    1.75e-07       5e-10 out 4227  449 4227     2    29      0  7233        0        -
1794     1.8e-07       5e-10 out 4237  449 4237     2    29      0  7233        0        -
1804    1.85e-07       5e-10 out 4247  449 4247     2    29      0  7233        0        -
1814     1.9e-07       5e-10 out 4257  449 4257     2    29      0  7233        0        -
1824    1.95e-07       5e-10 out 4267  449 4267     2    29      0  7233        0        -
1834       2e-07       5e-10 out 4277  449 4277     2    29      0  7233        0        -
1845   2.055e-07       5e-10 out 4288  449 4288     2    29      0  7233        0        -
1855   2.105e-07       5e-10 out 4298  449 4298     2    29      0  7233        0        -
1865   2.155e-07       5e-10 out 4308  449 4308     2    29      0  7233        0        -
1875   2.205e-07       5e-10 out 4318  449 4318     2    29      0  7233        0        -
1883   2.245e-07       5e-10 out 4326  449 4326     2    29      0  7233        0        -
1893   2.295e-07       5e-10 out 4336  449 4336     2    29      0  7233        0        -
1903   2.345e-07       5e-10 out 4346  449 4346     2    29      0  7233        0        -
1913   2.395e-07       5e-10 out 4356  449 4356     2    29      0  7233        0        -
1923   2.445e-07       5e-10 out 4366  449 4366     2    29      0  7233        0        -
1933   2.495e-07       5e-10 out 4376  449 4376     2    29      0  7233        0        -
1943   2.545e-07       5e-10 out 4386  449 4386     2    29      0  7233        0        -
1954     2.6e-07       5e-10 out 4397  449 4397     2    29      0  7233        0        -
-----      当前进度:  56 % - 正在组装残差
1964    2.65e-07       5e-10 out 4407  449 4407     2    29      0  7233        0        -
1973   2.695e-07       5e-10 out 4416  449 4416     2    29      0  7233        0        -
1983   2.745e-07       5e-10 out 4426  449 4426     2    29      0  7233        0        -
1993   2.795e-07       5e-10 out 4436  449 4436     2    29      0  7233        0        -
2003   2.845e-07       5e-10 out 4446  449 4446     2    29      0  7233        0        -
2013   2.895e-07       5e-10 out 4456  449 4456     2    29      0  7233        0        -
2024    2.95e-07       5e-10 out 4467  449 4467     2    29      0  7233        0        -
2034       3e-07       5e-10 out 4477  449 4477     2    29      0  7233        0        -
2044    3.05e-07       5e-10 out 4487  449 4487     2    29      0  7233        0        -
2055   3.105e-07       5e-10 out 4498  449 4498     2    29      0  7233        0        -
2062    3.14e-07       5e-10 out 4505  449 4505     2    29      0  7233        0        -
2072    3.19e-07       5e-10 out 4515  449 4515     2    29      0  7233        0        -
2082    3.24e-07       5e-10 out 4525  449 4525     2    29      0  7233        0        -
2091   3.285e-07       5e-10 out 4534  449 4534     2    29      0  7233        0        -
2101   3.335e-07       5e-10 out 4544  449 4544     2    29      0  7233        0        -
2112    3.39e-07       5e-10 out 4555  449 4555     2    29      0  7233        0        -
2123   3.445e-07       5e-10 out 4566  449 4566     2    29      0  7233        0        -
2133   3.495e-07       5e-10 out 4576  449 4576     2    29      0  7233        0        -
2144    3.55e-07       5e-10 out 4587  449 4587     2    29      0  7233        0        -
2154     3.6e-07       5e-10 out 4597  449 4597     2    29      0  7233        0        -
2165   3.655e-07       5e-10 out 4608  449 4608     2    29      0  7233        0        -
2176    3.71e-07       5e-10 out 4619  449 4619     2    29      0  7233        0        -
2186    3.76e-07       5e-10 out 4629  449 4629     2    29      0  7233        0        -
2196    3.81e-07       5e-10 out 4639  449 4639     2    29      0  7233        0        -
2206    3.86e-07       5e-10 out 4649  449 4649     2    29      0  7233        0        -
2216    3.91e-07       5e-10 out 4659  449 4659     2    29      0  7233        0        -
2227   3.965e-07       5e-10 out 4670  449 4670     2    29      0  7233        0        -
2237   4.015e-07       5e-10 out 4680  449 4680     2    29      0  7233        0        -
2247   4.065e-07       5e-10 out 4690  449 4690     2    29      0  7233        0        -
2257   4.115e-07       5e-10 out 4700  449 4700     2    29      0  7233        0        -
2267   4.165e-07       5e-10 out 4710  449 4710     2    29      0  7233        0        -
2277   4.215e-07       5e-10 out 4720  449 4720     2    29      0  7233        0        -
2288    4.27e-07       5e-10 out 4731  449 4731     2    29      0  7233        0        -
2299   4.325e-07       5e-10 out 4742  449 4742     2    29      0  7233        0        -
2309   4.375e-07       5e-10 out 4752  449 4752     2    29      0  7233        0        -
2319   4.425e-07       5e-10 out 4762  449 4762     2    29      0  7233        0        -
2329   4.475e-07       5e-10 out 4772  449 4772     2    29      0  7233        0        -
2339   4.525e-07       5e-10 out 4782  449 4782     2    29      0  7233        0        -
2350    4.58e-07       5e-10 out 4793  449 4793     2    29      0  7233        0        -
2360    4.63e-07       5e-10 out 4803  449 4803     2    29      0  7233        0        -
2370    4.68e-07       5e-10 out 4813  449 4813     2    29      0  7233        0        -
2381   4.735e-07       5e-10 out 4824  449 4824     2    29      0  7233        0        -
2391   4.785e-07       5e-10 out 4834  449 4834     2    29      0  7233        0        -
2400    4.83e-07       5e-10 out 4843  449 4843     2    29      0  7233        0        -
2410    4.88e-07       5e-10 out 4853  449 4853     2    29      0  7233        0        -
2419   4.925e-07       5e-10 out 4862  449 4862     2    29      0  7233        0        -
2425   4.955e-07       5e-10 out 4868  449 4868     2    29      0  7233        0        -
2434       5e-07       5e-10 out 4877  449 4877     2    29      0  7233        0        -
---------- 当前进度: 100 % - 
求解时间：4 s。
物理内存: 1.25 GB
虚拟内存: 1.26 GB
结束时间：2026年9月4日 10:10:05。
----- Study 2 - Single_Muon_Diagnostic/解 2 (sol2) 中的“瞬态求解器 1” ----------------->
           当前进度:   0 % - 
Memory: 1249/1264 1263/1281
-          当前进度:  13 % - 正在计算
Memory: 1162/1264 1181/1281
--         当前进度:  23 % - 正在计算
---        当前进度:  33 % - 正在计算
----       当前进度:  44 % - 正在计算
-----      当前进度:  55 % - 正在计算
------     当前进度:  65 % - 正在计算
-------    当前进度:  75 % - 正在计算
--------   当前进度:  85 % - 正在计算
---------  当前进度:  95 % - 正在计算
---------- 当前进度: 100 % - 正在计算
           当前进度:   0 % - 
Memory: 1168/1264 1186/1281
---        当前进度:  34 % - 正在计算
Memory: 1176/1264 1192/1281
---------  当前进度:  95 % - 正在计算
Memory: 1177/1264 1193/1281
BRIDGE_CASE_COMPLETE=bridge_gap40p4_V23_5kV
BRIDGE_CASE_START=bridge_gap40p5_V23_5kV
           当前进度:   0 % - Grounded outer shell / bore boundary
Memory: 1178/1264 1193/1281
           当前进度:   1 % - Uniform Ne gas volume before electrode subtraction
           当前进度:   2 % - Gas cutter reserved for dielectric liner
           当前进度:   2 % - Representative alumina dielectric liner
           当前进度:   2 % - 执行布尔操作
Memory: 1180/1264 1196/1281
-          当前进度:  11 % - V1 electrode outer blank
Memory: 1179/1264 1194/1281
-          当前进度:  12 % - V1 aperture cutter
-          当前进度:  12 % - V1 finite-thickness annular electrode
-          当前进度:  12 % - 执行布尔操作
--         当前进度:  21 % - V1 electrode, 1 mm rounded edges
--         当前进度:  29 % - V2 electrode outer blank
---        当前进度:  30 % - V2 aperture cutter
---        当前进度:  31 % - V2 finite-thickness annular electrode
---        当前进度:  31 % - 执行布尔操作
---        当前进度:  39 % - V2 electrode, 1 mm rounded edges
----       当前进度:  47 % - V3 electrode outer blank
----       当前进度:  48 % - V3 aperture cutter
----       当前进度:  49 % - V3 finite-thickness annular electrode
----       当前进度:  49 % - 执行布尔操作
-----      当前进度:  57 % - V3 electrode, 1 mm rounded edges
------     当前进度:  65 % - V4 electrode outer blank
------     当前进度:  66 % - V4 aperture cutter
------     当前进度:  67 % - V4 finite-thickness annular electrode
------     当前进度:  67 % - 执行布尔操作
-------    当前进度:  75 % - V4 electrode, 1 mm rounded edges
--------   当前进度:  83 % - Ne gas domain excluding four electrode solids
--------   当前进度:  83 % - 执行布尔操作
---------  当前进度:  92 % - 形成联合体
---------  当前进度:  92 % - 执行布尔操作
Memory: 1180/1264 1194/1281
---------- 当前进度: 100 % - 正在更新选择
           当前进度:   0 % - 自由四面体网格
顶点单元数：80
-          当前进度:  10 % - 调整边界网格
--         当前进度:  21 % - 正在创建边界网格
--         当前进度:  25 % - 正在创建边界网格
边单元数：1348
边界单元数：18058
----       当前进度:  45 % - 相关边界
Memory: 1178/1264 1193/1281
-----      当前进度:  59 % - 正在创建初始四面体网格
Memory: 1153/1264 1164/1281
-------    当前进度:  73 % - 正在插入内部点
--------   当前进度:  83 % - 正在提高单元质量
单元数：71611
最小单元质量：0.2398
---------- 当前进度: 100 % - 正在定型网格
           当前进度:   0 % - Study 1 - 3D Electrostatics stationary
Memory: 1153/1264 1165/1281
           当前进度:   3 % - Study 1 - 3D Electrostatics stationary
Memory: 1154/1264 1165/1281
<---- Study 1 - 3D Electrostatics stationary/解 1 (sol1) 中的“编译方程: 稳态” -----------
开始于 2026年9月4日 10:10:11。
几何形函数: 二次拉格朗日单元
几何形函数: 二次拉格朗日单元
在 Intel64 Family 6 Model 186 Stepping 2, GenuineIntel 上运行。
在以下位置使用 1 个插槽： 陈红星 上（共 1 个内核）。
可用内存：15.90 GB。
           当前进度:   3 % - 编译方程: 稳态
Memory: 1146/1264 1156/1281
           当前进度:   6 % - 编译方程: 稳态
Memory: 1144/1264 1153/1281
           当前进度:   7 % - 编译方程: 稳态
Memory: 1151/1264 1163/1281
时间：2。
物理内存: 1.15 GB
虚拟内存: 1.16 GB
Warning: 自由空间采用真空条件，这会导致某些材料属性被忽略。请考虑为忽略的材料添加合适的物理场特征。

  - 节点: 自由空间 1

  - 物理场: Electrostatics: four finite-thickness rounded ring electrodes (es)

  - Materials: Natural Neon gas, representative relative permittivity (mat_gas), Representative alumina ceramic; epsilon_r=9.4 assumption (mat_diel)

  - Quantities: 相对介电常数, 相对介电常数
结束时间：2026年9月4日 10:10:13。
----- Study 1 - 3D Electrostatics stationary/解 1 (sol1) 中的“编译方程: 稳态” ---------->
<---- Study 1 - 3D Electrostatics stationary/解 1 (sol1) 中的“因变量 1” --------------
开始于 2026年9月4日 10:10:13。
           当前进度:   7 % - 因变量 1
Memory: 1153/1264 1164/1281
求解时间：0 s。
物理内存: 1.15 GB
虚拟内存: 1.16 GB
结束时间：2026年9月4日 10:10:13。
----- Study 1 - 3D Electrostatics stationary/解 1 (sol1) 中的“因变量 1” ------------->
<---- Study 1 - 3D Electrostatics stationary/解 1 (sol1) 中的“稳态求解器 1” ------------
开始于 2026年9月4日 10:10:13。
线性求解器 
求解的自由度数：106468。
--         当前进度:  24 % - 组装稀疏模式
Memory: 1176/1264 1189/1281
---        当前进度:  31 % - 组装矩阵
Memory: 1183/1264 1195/1281
找到对称矩阵。
---        当前进度:  38 % - 
Memory: 1195/1264 1208/1281
缩放因变量：
电势 (comp1.V): 1
已使用正交零空间函数。
---        当前进度:  38 % - 组装延展
Memory: 1203/1264 1217/1281
-----      当前进度:  56 % - 组装矩阵
Memory: 1149/1264 1164/1281
Iter      SolEst     Damping    Stepsize #Res #Jac #Sol LinIt   LinErr   LinRes
---------  当前进度:  90 % - 求解线性方程组
Memory: 1159/1264 1184/1281
   1        0.78   1.0000000        0.78    1    1    1     4  1.5e-05  2.9e-08
---------- 当前进度: 100 % - 
Memory: 1155/1264 1175/1281
求解时间：3 s。
物理内存: 1.2 GB
虚拟内存: 1.22 GB
结束时间：2026年9月4日 10:10:17。
----- Study 1 - 3D Electrostatics stationary/解 1 (sol1) 中的“稳态求解器 1” ----------->
           当前进度:   0 % - Study 2 - Single_Muon_Diagnostic
Memory: 1170/1264 1189/1281
           当前进度:   3 % - Study 2 - Single_Muon_Diagnostic
Memory: 1264/1264 1538/1540
<---- Study 2 - Single_Muon_Diagnostic/解 2 (sol2) 中的“编译方程: 瞬态” -----------------
开始于 2026年9月4日 10:10:17。
几何形函数: 二次拉格朗日单元
几何形函数: 二次拉格朗日单元
在 Intel64 Family 6 Model 186 Stepping 2, GenuineIntel 上运行。
在以下位置使用 1 个插槽： 陈红星 上（共 1 个内核）。
可用内存：15.90 GB。
           当前进度:   3 % - 编译方程: 瞬态
Memory: 1432/1432 1539/1542
           当前进度:   4 % - 编译方程: 瞬态
Memory: 1496/1498 1553/1557
           当前进度:   5 % - 编译方程: 瞬态
Memory: 1484/1508 1541/1565
时间：1。
物理内存: 1.52 GB
虚拟内存: 1.57 GB
Warning: 自由空间采用真空条件，这会导致某些材料属性被忽略。请考虑为忽略的材料添加合适的物理场特征。

  - 节点: 自由空间 1

  - 物理场: Electrostatics: four finite-thickness rounded ring electrodes (es)

  - Materials: Natural Neon gas, representative relative permittivity (mat_gas), Representative alumina ceramic; epsilon_r=9.4 assumption (mat_diel)

  - Quantities: 相对介电常数, 相对介电常数
结束时间：2026年9月4日 10:10:18。
----- Study 2 - Single_Muon_Diagnostic/解 2 (sol2) 中的“编译方程: 瞬态” ---------------->
<---- Study 2 - Single_Muon_Diagnostic/解 2 (sol2) 中的“因变量 1” --------------------
开始于 2026年9月4日 10:10:18。
不求解变量的值: 解 1 (sol1).
           当前进度:   5 % - 因变量 1
Memory: 1511/1521 1532/1565
求解时间：0 s。
物理内存: 1.52 GB
虚拟内存: 1.54 GB
结束时间：2026年9月4日 10:10:18。
----- Study 2 - Single_Muon_Diagnostic/解 2 (sol2) 中的“因变量 1” ------------------->
<---- Study 2 - Single_Muon_Diagnostic/解 2 (sol2) 中的“瞬态求解器 1” ------------------
开始于 2026年9月4日 10:10:19。
瞬态求解器（广义 α）
求解的自由度数：3（加上 4 个内部自由度）。
找到非对称矩阵。
缩放因变量：
颗粒位置 (comp1.qcpt): 1
Step        Time    Stepsize      Res  Jac  Sol Order Tfail NLfail LinIt   LinErr   LinRes
   0           0           - out    2    3    2                  0     0        0        0
   1    6.25e-11    6.25e-11       10    7   10     2     3      0    18  4.8e-08        -
   5   3.125e-10    6.25e-11       18    7   18     2     3      0    31    6e-11        -
  10    6.25e-10    6.25e-11       28    7   28     2     3      0    51  7.4e-11        -
  12  7.4375e-10   5.625e-11       36    8   36     2     3      0    66  1.2e-07        -
  16  9.5625e-10   4.375e-11       48   10   48     2     3      0    87  3.9e-08        -
  20  1.1312e-09   4.375e-11       56   11   56     2     3      0    99  5.3e-07        -
  26  1.3937e-09   4.375e-11       68   11   68     2     3      0   121  1.8e-11        -
  29     1.5e-09   3.125e-11 out   78   13   78     2     3      0   139    7e-09        -
  34  1.6563e-09   3.125e-11       88   13   88     2     3      0   154  1.4e-07        -
  39   1.875e-09    6.25e-11       98   14   98     2     3      0   170  1.3e-10        -
  45    2.25e-09    6.25e-11      110   14  110     2     3      0   194  1.8e-10        -
  50  2.5625e-09    6.25e-11      120   14  120     2     3      0   214  2.2e-10        -
  53  2.7438e-09   5.625e-11      130   15  130     2     3      0   233  1.1e-07        -
  57  2.9563e-09   4.375e-11      142   17  142     2     3      0   253  2.6e-08        -
  61  3.1312e-09   4.375e-11      150   18  150     2     3      0   265  3.1e-07        -
  66    3.35e-09   4.375e-11      160   18  160     2     3      0   280  7.7e-07        -
  69  3.4687e-09   3.125e-11      170   19  170     2     3      0   297  3.6e-09        -
  74   3.625e-09   3.125e-11      180   20  180     2     3      0   312  5.9e-08        -
  79  3.7813e-09   3.125e-11      190   20  190     2     3      0   327  1.3e-07        -
  85  3.9688e-09   3.125e-11      202   20  202     2     3      0   345  2.1e-07        -
  91  4.1562e-09   3.125e-11      214   20  214     2     3      0   363  2.9e-07        -
  96  4.3437e-09    6.25e-11      224   21  224     2     3      0   378  1.3e-07        -
  99     4.5e-09  4.6875e-11 out  234   23  234     2     3      0   395  3.2e-08        -
 104  4.7344e-09  4.6875e-11      244   23  244     2     3      0   410    7e-07        -
 109  4.9609e-09  3.9062e-11      258   24  258     2     3      0   435  1.5e-08        -
 113  5.1172e-09  3.9062e-11      266   25  266     2     3      0   447    2e-07        -
           当前进度:   8 % - 正在组装残差
Memory: 1184/1521 1198/1565
 118  5.3125e-09  3.9062e-11      276   25  276     2     3      0   462    5e-07        -
 123     5.5e-09  3.5156e-11 out  290   25  290     2     3      0   487  2.7e-10        -
 126  5.6055e-09  3.5156e-11      302   25  302     2     3      0   511  2.6e-10        -
 129  5.7109e-09  3.5156e-11      314   25  314     2     3      0   535  2.6e-10        -
 132  5.8164e-09  3.5156e-11      326   25  326     2     3      0   559  2.6e-10        -
 135  5.9219e-09  3.5156e-11      338   25  338     2     3      0   583  2.6e-10        -
 139   6.043e-09  4.2969e-11      348   27  348     2     3      0   600  2.6e-08        -
 145  6.3008e-09  4.2969e-11      360   27  360     2     3      0   618  6.9e-07        -
 149  6.4648e-09  3.5156e-11      372   28  372     2     3      0   639  1.2e-08        -
 154  6.6406e-09  3.5156e-11      382   29  382     2     3      0   654  2.3e-07        -
 160  6.8516e-09  3.5156e-11      394   29  394     2     3      0   672    6e-07        -
 164  6.9785e-09  2.1484e-11      402   30  402     2     3      0   684  1.7e-09        -
 168  7.1289e-09  4.2968e-11      410   31  410     2     3      0   696  5.5e-07        -
 173  7.3437e-09  4.2968e-11      420   31  420     2     3      0   715    4e-11        -
 176  7.4648e-09   3.516e-11      430   32  430     2     3      0   734  2.7e-08        -
 181  7.6406e-09   3.516e-11      440   33  440     2     3      0   749  4.4e-07        -
 185  7.7813e-09   3.516e-11      448   33  448     2     3      0   761  8.1e-07        -
 191  7.9785e-09  2.1461e-11      460   34  460     2     3      0   782    2e-09        -
 196  8.1502e-09  4.2923e-11      470   35  470     2     3      0   797  5.1e-07        -
 201  8.3648e-09  4.2923e-11      480   35  480     2     3      0   815  4.4e-11        -
 206  8.5493e-09  4.9312e-11      490   37  490     2     3      0   832  8.8e-08        -
 212  8.8452e-09  4.9312e-11      502   37  502     2     3      0   854  9.2e-11        -
 217  9.0562e-09  5.6193e-11      512   39  512     2     3      0   871  1.5e-07        -
 223  9.3933e-09  5.6193e-11      524   39  524     2     3      0   894  2.2e-10        -
 227  9.6067e-09  5.3326e-11      536   39  536     2     3      0   918  7.6e-10        -
 231    9.82e-09  5.3326e-11      548   39  548     2     3      0   942  7.6e-10        -
 234  9.9633e-09  3.6695e-11      556   40  556     2     3      0   957  1.6e-08        -
 237  1.0094e-08  5.6946e-11      564   42  564     2     4      0   969  1.4e-07        -
 239  1.0196e-08  5.1251e-11      572   44  572     2     4      0   983  7.3e-08        -
 244  1.0447e-08  4.6126e-11      586   45  586     2     4      0  1007  3.5e-08        -
 248    1.06e-08  4.7003e-11      598   48  598     2     4      0  1027  3.5e-08        -
 250  1.0689e-08  4.2303e-11      606   50  606     2     4      0  1041    2e-08        -
 255  1.0901e-08  4.2303e-11      616   51  616     2     4      0  1056  3.2e-07        -
 258     1.1e-08  2.8574e-11 out  626   53  626     2     4      0  1073  2.5e-09        -
 260  1.1106e-08  4.9317e-11      634   55  634     2     4      0  1087  3.8e-08        -
 265  1.1353e-08  4.9317e-11      644   56  644     2     4      0  1102  6.4e-07        -
 271  1.1646e-08  4.8814e-11      656   56  656     2     4      0  1125  4.6e-10        -
 277  1.1939e-08  4.8814e-11      668   56  668     2     4      0  1149  4.4e-10        -
 281  1.2091e-08   6.067e-11      676   58  676     2     4      0  1161  1.3e-07        -
 287  1.2447e-08  5.2822e-11      692   59  692     2     4      0  1191    7e-08        -
 292  1.2711e-08  5.2822e-11      702   60  702     2     4      0  1207  1.4e-10        -
 297  1.2961e-08   3.871e-11      716   61  716     2     4      0  1234  1.6e-08        -
 302  1.3155e-08   3.871e-11      726   62  726     2     4      0  1249  2.7e-07        -
           当前进度:   9 % - 正在组装残差
 308  1.3387e-08   3.871e-11      738   62  738     2     4      0  1267  6.5e-07        -
 313  1.3574e-08  3.7095e-11      752   62  752     2     4      0  1294  8.3e-11        -
 317  1.3723e-08  3.7095e-11      764   62  764     2     4      0  1318  8.3e-11        -
 321  1.3871e-08  3.7095e-11      776   62  776     2     4      0  1342  8.5e-11        -
 324  1.3973e-08  2.7433e-11      788   63  788     2     4      0  1365    4e-09        -
 327   1.411e-08  5.4866e-11      794   65  794     2     4      0  1374  6.8e-07        -
 333  1.4439e-08  5.4866e-11      806   65  806     2     4      0  1398    3e-10        -
 337  1.4615e-08  5.4239e-11      818   68  818     2     4      0  1418  1.9e-07        -
 339  1.4718e-08  4.8815e-11      826   70  826     2     4      0  1432  1.2e-07        -
 344  1.4957e-08  4.3187e-11      840   72  840     2     4      0  1457  6.4e-08        -
 348   1.513e-08  4.3187e-11      848   73  848     2     4      0  1469  8.1e-07        -
 352  1.5302e-08  4.3187e-11      856   73  856     2     4      0  1485  7.9e-11        -
 356  1.5466e-08  3.4064e-11      868   74  868     2     4      0  1508  1.8e-08        -
 359  1.5568e-08  3.4064e-11      874   75  874     2     4      0  1517  1.6e-07        -
 365  1.5773e-08  3.4064e-11      886   75  886     2     4      0  1535  5.1e-07        -
 371  1.5971e-08  2.8583e-11      902   76  902     2     4      0  1561  6.1e-09        -
 375  1.6143e-08  5.7166e-11      910   78  910     2     4      0  1573  9.3e-07        -
 381  1.6464e-08  3.5628e-11      922   79  922     2     4      0  1596  1.7e-08        -
 387  1.6678e-08  3.5628e-11      934   79  934     2     4      0  1614  4.1e-07        -
 393  1.6892e-08  3.5628e-11      946   79  946     2     4      0  1632    8e-07        -
 398  1.7037e-08  3.6835e-11      956   81  956     2     4      0  1647  2.1e-08        -
 403  1.7258e-08   7.367e-11      966   82  966     2     4      0  1662  6.2e-07        -
 405  1.7382e-08  6.2174e-11      974   84  974     2     4      0  1676  2.4e-07        -
 407  1.7469e-08  3.0925e-11      982   86  982     2     4      0  1690  6.6e-09        -
 410  1.7618e-08  5.5664e-11      992   88  992     2     4      0  1707  1.1e-07        -
 412  1.7723e-08  5.0098e-11     1000   90 1000     2     4      0  1721  6.1e-08        -
 416  1.7919e-08  4.5088e-11     1012   92 1012     2     4      0  1741  3.1e-08        -
 421  1.8122e-08  4.0671e-11     1022   93 1022     2     4      0  1756  2.9e-07        -
 427  1.8366e-08  4.0671e-11     1034   93 1034     2     4      0  1774  6.8e-07        -
 431    1.85e-08  2.6311e-11 out 1042   94 1042     2     4      0  1786  8.4e-09        -
 436  1.8737e-08  5.2622e-11     1052   95 1052     2     4      0  1801    7e-07        -
 441  1.8974e-08  2.6354e-11     1062   96 1062     2     4      0  1819  1.9e-09        -
 445  1.9158e-08  5.2709e-11     1070   97 1070     2     4      0  1831  5.6e-07        -
 451  1.9461e-08  3.9164e-11     1086   98 1086     2     4      0  1861  1.6e-08        -
 454  1.9647e-08  6.8544e-11     1096  101 1096     2     4      0  1878  2.8e-07        -
 459  1.9961e-08  3.9474e-11     1106  103 1106     2     4      0  1896  1.8e-08        -
 464  2.0158e-08  3.9474e-11     1116  103 1116     2     4      0  1911  3.8e-07        -
 469  2.0355e-08  3.9474e-11     1126  103 1126     2     4      0  1926  7.4e-07        -
 472  2.0467e-08  3.2891e-11     1136  104 1136     2     4      0  1943  7.5e-09        -
 475  2.0632e-08  6.5781e-11     1142  106 1142     2     4      0  1953  2.4e-10        -
 480  2.0947e-08  5.2656e-11     1156  107 1156     2     4      0  1980  8.6e-08        -
 484  2.1158e-08  5.2656e-11     1164  108 1164     2     4      0  1993  1.6e-10        -
-          当前进度:  11 % - 正在组装残差
 489  2.1421e-08  5.2656e-11     1174  108 1174     2     4      0  2013    4e-10        -
 491    2.15e-08  3.9377e-11 out 1182  110 1182     2     4      0  2027  2.7e-08        -
 495  2.1658e-08  3.9377e-11     1190  110 1190     2     4      0  2039  4.8e-07        -
 500  2.1854e-08  3.9377e-11     1200  110 1200     2     4      0  2055  8.3e-11        -
 503  2.1967e-08  3.3425e-11     1210  111 1210     2     4      0  2074  1.5e-08        -
 506    2.21e-08  6.6851e-11     1216  113 1216     2     4      0  2083  4.8e-07        -
 508   2.221e-08  5.4704e-11     1224  115 1224     2     4      0  2097  1.8e-07        -
 510  2.2308e-08  4.9234e-11     1232  117 1232     2     4      0  2111    1e-07        -
 515  2.2547e-08  4.6691e-11     1245  117 1245     2     4      0  2135  1.3e-10        -
 519  2.2729e-08  4.2022e-11     1260  118 1260     2     4      0  2164  4.6e-08        -
 524  2.2939e-08  4.2022e-11     1270  119 1270     2     4      0  2179  7.3e-07        -
 526     2.3e-08  3.0552e-11 out 1278  121 1278     2     4      0  2193  8.6e-09        -
 529  2.3146e-08   5.389e-11     1288  123 1288     2     4      0  2210  1.4e-07        -
 534  2.3415e-08   5.389e-11     1298  124 1298     2     4      0  2228  2.6e-10        -
 536    2.35e-08  4.2503e-11 out 1306  126 1306     2     4      0  2242  4.1e-08        -
 540   2.367e-08  4.2503e-11     1314  126 1314     2     4      0  2254  6.6e-07        -
 545  2.3883e-08  4.2503e-11     1324  126 1324     2     4      0  2272  1.3e-10        -
 548     2.4e-08  3.7486e-11 out 1334  128 1334     2     4      0  2290  2.4e-08        -
 553  2.4187e-08  3.7486e-11     1344  128 1344     2     4      0  2305  5.1e-07        -
 559  2.4412e-08  3.7486e-11     1356  128 1356     2     4      0  2325  8.5e-11        -
 561    2.45e-08  5.0163e-11 out 1364  129 1364     2     4      0  2340    1e-07        -
 564   2.465e-08  5.0163e-11     1370  130 1370     2     4      0  2349  8.9e-07        -
 570  2.4951e-08  4.9346e-11     1382  130 1382     2     4      0  2373    7e-10        -
 574  2.5148e-08  4.9346e-11     1390  130 1390     2     4      0  2389  7.7e-10        -
 578   2.534e-08  4.4411e-11     1402  131 1402     2     4      0  2412  2.9e-08        -
 581  2.5465e-08  3.5345e-11     1412  133 1412     2     4      0  2429  8.4e-09        -
 583  2.5552e-08  5.1721e-11     1418  136 1418     2     5      0  2438  5.5e-08        -
 586  2.5691e-08  4.6549e-11     1430  136 1430     2     5      0  2462  2.8e-10        -
 589  2.5831e-08  4.6549e-11     1442  136 1442     2     5      0  2486  2.9e-10        -
 592  2.5962e-08  3.7943e-11     1456  137 1456     2     5      0  2513    1e-08        -
 595  2.6097e-08  5.9511e-11     1464  140 1464     2     6      0  2525  9.8e-08        -
 597  2.6205e-08   5.356e-11     1472  142 1472     2     6      0  2539  5.9e-08        -
 602  2.6459e-08  4.0595e-11     1486  143 1486     2     6      0  2563  1.6e-08        -
 606  2.6689e-08  6.7077e-11     1498  146 1498     2     6      0  2583  2.1e-07        -
 610  2.6945e-08  5.4954e-11     1510  148 1510     2     6      0  2605  8.6e-08        -
 615   2.722e-08  5.4954e-11     1520  149 1520     2     6      0  2622  3.4e-10        -
 620   2.747e-08  3.0183e-11     1530  150 1530     2     6      0  2641    5e-09        -
 624  2.7681e-08  6.0367e-11     1538  151 1538     2     6      0  2654  3.1e-10        -
 629  2.7961e-08  3.8716e-11     1548  152 1548     2     6      0  2673  1.8e-08        -
 634  2.8155e-08  3.8716e-11     1558  152 1558     2     6      0  2688  3.9e-07        -
 640  2.8387e-08  3.8716e-11     1570  152 1570     2     6      0  2706  8.5e-07        -
 644  2.8537e-08  3.7063e-11     1581  152 1581     2     6      0  2727  9.4e-11        -
 647  2.8648e-08  3.7063e-11     1590  152 1590     2     6      0  2745  9.2e-11        -
-          当前进度:  12 % - 
 650  2.8797e-08  7.4126e-11     1598  153 1598     2     6      0  2760  4.9e-07        -
 652  2.8928e-08  6.5951e-11     1606  155 1606     2     6      0  2774  2.9e-07        -
 656  2.9107e-08  7.1593e-11     1614  157 1614     2     6      0  2786  4.6e-07        -
 658  2.9233e-08  6.2927e-11     1622  159 1622     2     6      0  2800  2.5e-07        -
 660  2.9347e-08  5.6634e-11     1630  161 1630     2     6      0  2814  1.5e-07        -
 663    2.95e-08  4.8427e-11 out 1640  163 1640     2     6      0  2831  7.1e-08        -
 669  2.9791e-08  4.8427e-11     1652  163 1652     2     6      0  2852  2.4e-10        -
 674       3e-08  3.2077e-11 out 1662  164 1662     2     6      0  2870  4.5e-08        -
 677  3.0149e-08  5.2564e-11     1672  166 1672     2     6      0  2887  1.1e-07        -
 679  3.0249e-08  4.7307e-11     1680  168 1680     2     6      0  2901  6.3e-08        -
 684  3.0469e-08  3.1052e-11     1690  170 1690     2     6      0  2916  7.7e-09        -
 687  3.0618e-08  5.5894e-11     1700  172 1700     2     6      0  2933  1.4e-07        -
 691  3.0842e-08  5.5894e-11     1708  173 1708     2     6      0  2947  2.9e-10        -
 695  3.1051e-08  5.1266e-11     1722  173 1722     2     6      0  2975  4.3e-10        -
 698  3.1205e-08  5.1266e-11     1734  173 1734     2     6      0  2999  4.3e-10        -
 701  3.1359e-08  5.1266e-11     1746  173 1746     2     6      0  3023    4e-10        -
 703  3.1455e-08  4.4936e-11     1756  174 1756     2     6      0  3042  5.4e-08        -
 707  3.1635e-08  4.4936e-11     1764  175 1764     2     6      0  3054  7.1e-07        -
 713  3.1904e-08  4.4936e-11     1776  175 1776     2     6      0  3077  2.2e-10        -
 717  3.2051e-08  5.0644e-11     1784  177 1784     2     6      0  3090  8.6e-08        -
 722  3.2304e-08  5.0644e-11     1794  177 1794     2     6      0  3108  2.7e-10        -
 727  3.2547e-08  4.7424e-11     1807  177 1807     2     6      0  3134  7.8e-10        -
 731  3.2737e-08  4.7424e-11     1819  177 1819     2     6      0  3158  7.3e-10        -
 735  3.2927e-08  4.7424e-11     1831  177 1831     2     6      0  3182  6.6e-10        -
 737     3.3e-08  3.6592e-11 out 1839  179 1839     2     6      0  3196    8e-09        -
 740  3.3169e-08  5.9384e-11     1849  181 1849     2     6      0  3213  8.7e-08        -
 744  3.3407e-08  5.9384e-11     1857  182 1857     2     6      0  3226  4.2e-10        -
 746    3.35e-08  4.6653e-11 out 1865  184 1865     2     6      0  3240  2.4e-08        -
 751  3.3733e-08  4.6653e-11     1875  184 1875     2     6      0  3255  5.2e-07        -
 756   3.396e-08  4.0061e-11     1889  185 1889     2     6      0  3278  1.3e-08        -
 759   3.412e-08  8.0122e-11     1895  187 1895     2     6      0  3287  3.8e-07        -
 761  3.4264e-08   7.211e-11     1903  189 1903     2     6      0  3301  2.3e-07        -
 765    3.45e-08  4.5689e-11 out 1911  190 1911     2     6      0  3315  1.3e-07        -
 770  3.4728e-08  4.5689e-11     1921  190 1921     2     6      0  3330  6.7e-07        -
 776     3.5e-08  4.4401e-11 out 1933  190 1933     2     6      0  3351  1.6e-09        -
 781  3.5222e-08  4.4401e-11     1943  190 1943     2     6      0  3371  1.5e-09        -
 787  3.5472e-08  2.7993e-11     1955  191 1955     2     6      0  3394  2.7e-09        -
 791  3.5668e-08  5.5987e-11     1963  192 1963     2     6      0  3406    8e-07        -
 796  3.5946e-08  5.4047e-11     1974  192 1974     2     6      0  3428  4.5e-10        -
 800  3.6162e-08  5.4047e-11     1986  192 1986     2     6      0  3452  4.7e-10        -
 804  3.6378e-08  5.4047e-11     1998  192 1998     2     6      0  3476  4.7e-10        -
-          当前进度:  14 % - 求解线性方程组
 808  3.6568e-08  6.7624e-11     2007  194 2007     2     6      0  3491  2.6e-07        -
 810  3.6689e-08  6.0862e-11     2015  196 2015     2     6      0  3505  1.5e-07        -
 815  3.6966e-08  3.3603e-11     2025  197 2025     2     6      0  3523  7.8e-09        -
 819  3.7161e-08  6.0486e-11     2037  199 2037     2     6      0  3543  1.5e-07        -
 822  3.7343e-08  6.0486e-11     2043  200 2043     2     6      0  3553    3e-10        -
 825    3.75e-08  4.8381e-11 out 2053  202 2053     2     6      0  3571  3.8e-08        -
 831   3.779e-08  4.8381e-11     2065  202 2065     2     6      0  3589  9.1e-07        -
 835  3.7968e-08  3.2284e-11     2077  203 2077     2     6      0  3612  5.5e-09        -
 839  3.8161e-08  6.4568e-11     2085  205 2085     2     6      0  3624  8.8e-07        -
 844   3.846e-08  4.0155e-11     2095  206 2095     2     6      0  3643  2.1e-08        -
 850  3.8701e-08  4.0155e-11     2107  206 2107     2     6      0  3661  4.7e-07        -
 855  3.8931e-08  6.9303e-11     2117  207 2117     2     6      0  3676  3.8e-07        -
 861  3.9347e-08  6.9303e-11     2129  207 2129     2     6      0  3700  1.8e-09        -
 863  3.9454e-08  4.5555e-11     2137  209 2137     2     6      0  3714  5.7e-08        -
 866  3.9624e-08  5.8841e-11     2149  212 2149     2     7      0  3735    1e-07        -
 871  3.9918e-08  5.8841e-11     2159  213 2159     2     7      0  3752  4.2e-10        -
 873       4e-08  4.0788e-11 out 2167  215 2167     2     7      0  3766  1.1e-08        -
 875  4.0104e-08  6.3409e-11     2173  217 2173     2     8      0  3775  9.7e-08        -
 878  4.0275e-08  5.7068e-11     2185  217 2185     2     8      0  3799  1.6e-09        -
 881  4.0445e-08  5.5232e-11     2199  218 2199     2     8      0  3826  3.5e-08        -
 885  4.0666e-08  5.5232e-11     2207  219 2207     2     8      0  3838  4.4e-07        -
 891  4.0971e-08  2.9072e-11     2219  220 2219     2     8      0  3857  1.3e-09        -
 895  4.1174e-08  5.8145e-11     2227  221 2227     2     8      0  3869  3.8e-07        -
 900  4.1454e-08  4.6494e-11     2241  222 2241     2     8      0  3893  1.4e-08        -
 905  4.1686e-08  4.6494e-11     2251  223 2251     2     8      0  3908  2.5e-07        -
 910  4.1918e-08  4.6494e-11     2261  223 2261     2     8      0  3923  5.8e-07        -
 912     4.2e-08  4.0777e-11 out 2269  225 2269     2     8      0  3937  7.4e-09        -
 917  4.2408e-08  8.1554e-11     2279  226 2279     2     8      0  3956    2e-09        -
 921  4.2675e-08  8.3007e-11     2291  229 2291     2     8      0  3976  2.8e-07        -
 923  4.2833e-08  7.4706e-11     2299  231 2299     2     8      0  3990  1.4e-07        -
 926     4.3e-08  4.6172e-11 out 2305  233 2305     2     8      0  3999  6.4e-08        -
 929  4.3219e-08  8.0436e-11     2315  235 2315     2     8      0  4016  1.4e-07        -
 931  4.3372e-08  7.2392e-11     2323  237 2323     2     8      0  4030  8.5e-08        -
 936  4.3692e-08  6.4109e-11     2333  238 2333     2     8      0  4045  8.6e-07        -
 941     4.4e-08  5.7673e-11 out 2347  238 2347     2     8      0  4073  9.9e-10        -
 944  4.4173e-08  5.7673e-11     2359  238 2359     2     8      0  4097  9.8e-10        -
 947  4.4346e-08  5.7673e-11     2371  238 2371     2     8      0  4121  9.5e-10        -
 949  4.4452e-08  4.8144e-11     2381  239 2381     2     8      0  4140  2.3e-09        -
 954  4.4693e-08  4.8144e-11     2391  240 2391     2     8      0  4155  1.7e-07        -
 960  4.4967e-08  3.3352e-11     2407  241 2407     2     8      0  4181  1.6e-09        -
 964    4.52e-08  6.6704e-11     2415  243 2415     2     8      0  4193  4.5e-07        -
 968   4.545e-08  4.9889e-11     2427  244 2427     2     8      0  4214  1.2e-08        -
 973    4.57e-08  4.9889e-11     2437  245 2437     2     8      0  4229  2.1e-07        -
 978  4.5949e-08  4.9889e-11     2447  245 2447     2     8      0  4244  4.6e-07        -
-          当前进度:  15 % - 组装稀疏模式
 981  4.6051e-08     5.1e-11     2453  247 2453     2     8      0  4253    2e-08        -
 987  4.6357e-08     5.1e-11     2465  247 2465     2     8      0  4271  5.6e-07        -
 989  4.6454e-08  4.5998e-11     2471  247 2471     2     8      0  4282  3.1e-10        -
 992   4.667e-08  7.8231e-11     2483  249 2483     2     8      0  4304  1.2e-07        -
 994  4.6819e-08  7.0408e-11     2491  251 2491     2     8      0  4318  6.2e-08        -
 996  4.6945e-08  5.5364e-11     2499  253 2499     2     8      0  4332  1.6e-08        -
1001  4.7221e-08  5.5364e-11     2509  254 2509     2     8      0  4347  2.4e-07        -
1006  4.7471e-08  2.8546e-11     2519  255 2519     2     8      0  4362  2.4e-10        -
1011  4.7728e-08  5.7091e-11     2529  256 2529     2     8      0  4377  9.3e-08        -
1015   4.795e-08  5.0181e-11     2541  257 2541     2     8      0  4397  1.4e-09        -
1017  4.8078e-08  7.7708e-11     2547  260 2547     2     9      0  4406  1.3e-08        -
1020  4.8288e-08  6.9938e-11     2559  260 2559     2     9      0  4430  4.5e-10        -
1023  4.8464e-08  3.6302e-11     2569  261 2569     2     9      0  4449  1.2e-09        -
1028   4.879e-08  7.2604e-11     2579  262 2579     2     9      0  4464  4.2e-07        -
1033  4.9137e-08  6.8491e-11     2593  262 2593     2     9      0  4491  1.1e-09        -
1036  4.9342e-08  6.8491e-11     2602  262 2602     2     9      0  4509  1.1e-09        -
1040  4.9589e-08  8.9054e-11     2611  264 2611     2     9      0  4524  2.4e-07        -
1044  4.9928e-08  7.1891e-11     2623  265 2623     2     9      0  4547  7.2e-08        -
1047  5.0144e-08  7.1891e-11     2629  266 2629     2     9      0  4556  8.8e-07        -
1053   5.057e-08  7.0272e-11     2641  266 2641     2     9      0  4580  6.1e-09        -
1058  5.0922e-08  7.0272e-11     2651  266 2651     2     9      0  4600  5.6e-09        -
1062  5.1118e-08  7.8368e-11     2659  268 2659     2     9      0  4612  1.5e-07        -
1067    5.15e-08  7.3673e-11 out 2671  268 2671     2     9      0  4635  3.4e-09        -
1070  5.1721e-08  7.3673e-11     2680  268 2680     2     9      0  4653  3.5e-09        -
1073  5.1934e-08  6.5818e-11     2692  269 2692     2     9      0  4676  5.2e-08        -
1076  5.2132e-08  6.5818e-11     2698  270 2698     2     9      0  4685  4.4e-07        -
1081  5.2447e-08  5.2545e-11     2712  271 2712     2     9      0  4710    2e-08        -
1086   5.271e-08  5.2545e-11     2722  272 2722     2     9      0  4725  3.1e-07        -
1091   5.296e-08  3.9821e-11     2736  273 2736     2     9      0  4748  6.5e-09        -
1095  5.3199e-08  7.9641e-11     2744  275 2744     2     9      0  4760  8.6e-07        -
1098  5.3429e-08  7.0807e-11     2754  276 2754     2     9      0  4779  1.1e-07        -
1103  5.3783e-08  7.0807e-11     2764  277 2764     2     9      0  4796  7.9e-10        -
1108  5.4038e-08  3.7579e-11     2774  278 2774     2     9      0  4813  4.6e-08        -
1111  5.4276e-08  8.7621e-11     2782  281 2782     2    10      0  4828  3.9e-07        -
1113  5.4427e-08  7.2813e-11     2792  284 2792     2    11      0  4847  1.3e-07        -
1115  5.4585e-08  8.5457e-11     2798  286 2798     2    12      0  4858  2.5e-07        -
1118  5.4816e-08  7.6911e-11     2810  286 2810     2    12      0  4882  6.2e-09        -
1121     5.5e-08   5.345e-11 out 2818  287 2818     2    12      0  4896  1.5e-07        -
1124  5.5212e-08  7.5125e-11     2828  289 2828     2    13      0  4913  2.7e-09        -
1127  5.5431e-08  6.8851e-11     2842  290 2842     2    13      0  4940  1.9e-08        -
1131  5.5707e-08  6.8851e-11     2850  291 2850     2    13      0  4952  2.8e-07        -
1136     5.6e-08  4.3448e-11 out 2860  292 2860     2    13      0  4967  4.2e-08        -
1139  5.6261e-08  8.6895e-11     2866  293 2866     2    13      0  4978  2.9e-09        -
-          当前进度:  17 % - 正在组装残差
1141  5.6424e-08  7.6209e-11     2874  294 2874     2    13      0  4993  1.7e-07        -
1145  5.6729e-08  7.6209e-11     2882  295 2882     2    13      0  5007  1.8e-09        -
1148  5.6941e-08  5.9477e-11     2892  296 2892     2    13      0  5026  7.8e-08        -
1153  5.7238e-08  5.9477e-11     2902  297 2902     2    13      0  5043  8.3e-10        -
1157  5.7458e-08  4.1831e-11     2914  298 2914     2    13      0  5066  1.4e-08        -
1161  5.7709e-08  8.3662e-11     2922  300 2922     2    13      0  5079  7.5e-10        -
1163  5.7897e-08  8.8769e-11     2932  303 2932     2    14      0  5100    4e-07        -
1165  5.8093e-08  9.2813e-11     2940  305 2940     2    14      0  5116  4.6e-07        -
1167  5.8278e-08   8.772e-11     2948  307 2948     2    15      0  5134  1.5e-08        -
1169  5.8433e-08   6.714e-11     2958  308 2958     2    15      0  5158  8.8e-08        -
1172  5.8659e-08  9.1806e-11     2966  311 2966     2    16      0  5172    4e-07        -
1175  5.8907e-08  8.2625e-11     2978  311 2978     2    16      0  5196  1.2e-08        -
1178  5.9093e-08  9.3179e-11     2984  313 2984     2    16      0  5206  4.4e-07        -
1181  5.9345e-08  8.3861e-11     2996  313 2996     2    16      0  5233  1.4e-08        -
1183    5.95e-08  7.7619e-11 out 3004  315 3004     2    16      0  5248    2e-07        -
1189  5.9944e-08  5.5951e-11     3020  316 3020     2    16      0  5278  2.6e-08        -
1192  6.0112e-08  5.5951e-11     3026  317 3026     2    16      0  5287  4.1e-07        -
1197  6.0392e-08  5.5951e-11     3036  317 3036     2    16      0  5304  1.1e-09        -
1203  6.0717e-08   5.417e-11     3048  317 3048     2    16      0  5328  1.2e-08        -
1207  6.0933e-08   5.417e-11     3056  317 3056     2    16      0  5344  1.1e-08        -
1210  6.1067e-08  6.6637e-11     3062  319 3062     2    16      0  5353    2e-07        -
1215    6.14e-08  6.6637e-11     3072  319 3072     2    16      0  5372  2.6e-09        -
1216   6.145e-08   5.009e-11     3078  320 3078     2    16      0  5383  2.4e-08        -
1219   6.165e-08  1.0018e-10     3084  322 3084     2    16      0  5393  6.9e-07        -
1220   6.174e-08  8.9775e-11     3090  323 3090     2    16      0  5405  3.6e-07        -
1221  6.1832e-08  9.2238e-11     3094  325 3094     2    17      0  5414  3.8e-07        -
1224     6.2e-08  4.2351e-11 out 3102  326 3102     2    17      0  5429  3.3e-08        -
1227  6.2254e-08  8.4702e-11     3108  327 3108     2    17      0  5440  2.1e-09        -
1231  6.2581e-08  8.0595e-11     3119  327 3119     2    17      0  5462  9.1e-09        -
1235  6.2903e-08  8.0595e-11     3131  327 3131     2    17      0  5486  9.1e-09        -
1239  6.3146e-08  9.7023e-11     3139  329 3139     2    17      0  5499  3.3e-07        -
1242  6.3407e-08  8.7321e-11     3151  329 3151     2    17      0  5526  1.9e-08        -
1246  6.3593e-08  4.6251e-11     3159  330 3159     2    17      0  5538  1.1e-07        -
1252   6.387e-08  4.6251e-11     3171  330 3171     2    17      0  5556  3.1e-07        -
1256  6.4084e-08  8.3737e-11     3181  331 3181     2    17      0  5574  2.3e-07        -
1262  6.4583e-08  8.2525e-11     3193  331 3193     2    17      0  5598  2.9e-08        -
1267  6.4956e-08  4.3687e-11     3203  332 3203     2    17      0  5617  1.5e-08        -
1271  6.5218e-08  8.7375e-11     3211  333 3211     2    17      0  5632  3.4e-09        -
1276  6.5553e-08  5.3407e-11     3221  334 3221     2    17      0  5651  3.6e-07        -
1282  6.5874e-08  5.3407e-11     3233  334 3233     2    17      0  5671  1.2e-09        -
1284  6.5964e-08  3.6372e-11     3241  335 3241     2    17      0  5686    5e-09        -
1288  6.6218e-08  7.2744e-11     3249  337 3249     2    17      0  5699  1.9e-09        -
1293  6.6568e-08   6.814e-11     3262  337 3262     2    17      0  5725  1.4e-08        -
1297  6.6841e-08   6.814e-11     3274  337 3274     2    17      0  5749  1.3e-08        -
-          当前进度:  19 % - 
1301  6.7046e-08   4.558e-11     3283  338 3283     2    17      0  5764  9.1e-08        -
1306  6.7273e-08   4.558e-11     3293  338 3293     2    17      0  5779  2.9e-07        -
1311    6.75e-08  4.4889e-11 out 3303  338 3303     2    17      0  5796    3e-09        -
1317  6.7769e-08  4.4889e-11     3315  338 3315     2    17      0  5820    3e-09        -
1322  6.7974e-08  2.5554e-11     3325  339 3325     2    17      0  5839  8.6e-10        -
1327  6.8204e-08  5.1108e-11     3335  340 3335     2    17      0  5854  3.6e-07        -
1332  6.8454e-08  4.5567e-11     3347  340 3347     2    17      0  5874  2.4e-09        -
1335  6.8637e-08  9.1134e-11     3357  341 3357     2    17      0  5894  5.8e-07        -
1341  6.9181e-08  9.0516e-11     3369  341 3369     2    17      0  5924  3.7e-08        -
1344  6.9431e-08  6.8968e-11     3379  342 3379     2    17      0  5946  8.5e-08        -
1347  6.9638e-08  6.8968e-11     3385  343 3385     2    17      0  5955  7.2e-07        -
1352  6.9957e-08  4.3095e-11     3395  344 3395     2    17      0  5974  6.4e-09        -
1357  7.0302e-08  8.6189e-11     3405  345 3405     2    17      0  5993  5.1e-09        -
1360    7.05e-08  5.6074e-11 out 3411  346 3411     2    17      0  6004  1.1e-07        -
1366  7.0836e-08  5.6074e-11     3423  346 3423     2    17      0  6022  6.3e-07        -
1372  7.1161e-08   5.374e-11     3435  346 3435     2    17      0  6045  1.9e-08        -
1378  7.1465e-08  3.5039e-11     3447  347 3447     2    17      0  6068  3.1e-09        -
1383   7.178e-08  7.0078e-11     3457  348 3457     2    17      0  6084  1.8e-09        -
1387     7.2e-08  3.9765e-11 out 3465  349 3465     2    17      0  6098  3.4e-08        -
1392  7.2398e-08  7.9531e-11     3475  350 3475     2    17      0  6117  5.4e-09        -
1396  7.2654e-08  1.0235e-10     3483  352 3483     2    17      0  6130  5.7e-07        -
1399  7.2919e-08  8.1128e-11     3497  353 3497     2    17      0  6161  1.6e-07        -
1404  7.3325e-08  8.1128e-11     3507  354 3507     2    17      0  6179  4.7e-09        -
1408  7.3594e-08   9.436e-11     3515  356 3515     2    17      0  6193  3.2e-07        -
1413     7.4e-08  6.1281e-11 out 3525  357 3525     2    17      0  6214  6.1e-08        -
1419  7.4368e-08  6.1281e-11     3537  357 3537     2    17      0  6232  3.5e-07        -
1423  7.4571e-08  7.1033e-11     3545  359 3545     2    17      0  6244  2.7e-08        -
1429  7.4963e-08    3.69e-11     3557  360 3557     2    17      0  6262  1.2e-09        -
1434  7.5295e-08    7.38e-11     3567  361 3567     2    17      0  6277  4.9e-07        -
1438  7.5565e-08    6.55e-11     3581  361 3581     2    17      0  6304  7.3e-09        -
1441  7.5762e-08    6.55e-11     3593  361 3593     2    17      0  6328  7.3e-09        -
1444  7.5946e-08    5.35e-11     3607  362 3607     2    17      0  6355  9.9e-09        -
1449  7.6214e-08    5.35e-11     3617  363 3617     2    17      0  6370  1.6e-07        -
1453  7.6437e-08   6.275e-11     3627  363 3627     2    17      0  6387  1.9e-09        -
1456  7.6625e-08   6.275e-11     3639  363 3639     2    17      0  6411  1.8e-09        -
1459  7.6814e-08   6.275e-11     3651  363 3651     2    17      0  6435  1.3e-09        -
1463  7.7062e-08   6.175e-11     3664  363 3664     2    17      0  6461  5.3e-09        -
1467  7.7309e-08   6.175e-11     3676  363 3676     2    17      0  6485  4.8e-09        -
1471    7.75e-08  3.3874e-11 out 3686  364 3686     2    17      0  6503    2e-09        -
1476  7.7839e-08  6.7748e-11     3696  365 3696     2    17      0  6518  2.1e-07        -
1479     7.8e-08  4.6755e-11 out 3706  367 3706     2    17      0  6535    2e-09        -
1484  7.8414e-08  8.6356e-11     3717  368 3717     2    17      0  6553  2.8e-08        -
1488  7.8759e-08  8.6356e-11     3729  368 3729     2    17      0  6577  2.8e-08        -
1490  7.8923e-08  7.7287e-11     3738  369 3738     2    17      0  6594  3.3e-08        -
1495  7.9309e-08  7.7287e-11     3748  370 3748     2    17      0  6609    4e-07        -
1497  7.9443e-08  5.6782e-11     3756  371 3756     2    17      0  6623  2.3e-08        -
--         当前进度:  22 % - 正在组装残差
1500  7.9614e-08  5.6782e-11     3762  372 3762     2    17      0  6632  2.2e-07        -
1505  7.9946e-08  5.4023e-11     3772  374 3772     2    17      0  6648  1.7e-08        -
1509  8.0259e-08  9.7241e-11     3782  375 3782     2    17      0  6667  3.7e-08        -
1513  8.0572e-08  7.1724e-11     3792  376 3792     2    17      0  6685  5.5e-07        -
1515  8.0772e-08  9.5018e-11     3800  378 3800     2    18      0  6703  3.2e-08        -
1518     8.1e-08  6.6332e-11 out 3808  379 3808     2    18      0  6718  1.7e-07        -
1524  8.1398e-08  6.6332e-11     3820  379 3820     2    18      0  6737  2.5e-09        -
1526    8.15e-08  5.1004e-11 out 3828  381 3828     2    18      0  6751  9.3e-09        -
1529  8.1745e-08  9.1806e-11     3836  382 3836     2    18      0  6767  3.1e-08        -
1531  8.1918e-08  8.1688e-11     3846  383 3846     2    18      0  6789    1e-07        -
1535  8.2245e-08  8.1688e-11     3854  384 3854     2    18      0  6802  3.7e-09        -
1539    8.25e-08  4.5779e-11 out 3862  385 3862     2    18      0  6816  3.6e-08        -
1544  8.2933e-08  6.6882e-11     3876  387 3876     2    18      0  6850  5.9e-08        -
1548  8.3201e-08  6.6882e-11     3884  388 3884     2    18      0  6862  7.8e-07        -
1552  8.3451e-08  4.9353e-11     3896  389 3896     2    18      0  6885  1.5e-08        -
1555  8.3648e-08  9.8706e-11     3902  391 3902     2    18      0  6895  4.6e-07        -
1558  8.3923e-08  7.7265e-11     3912  392 3912     2    18      0  6918    9e-08        -
1563  8.4336e-08  1.0468e-10     3924  395 3924     2    19      0  6941  1.1e-07        -
1565    8.45e-08  8.1763e-11 out 3932  397 3932     2    19      0  6960    1e-07        -
1571  8.4954e-08  4.5592e-11     3944  398 3944     2    19      0  6986  4.7e-09        -
1575  8.5274e-08  9.1184e-11     3952  399 3952     2    19      0  7002    7e-09        -
1577  8.5432e-08  6.7633e-11     3960  400 3960     2    19      0  7021  3.4e-08        -
1582  8.5771e-08  6.7633e-11     3970  401 3970     2    19      0  7036  5.7e-07        -
1585  8.5953e-08  4.7102e-11     3980  402 3980     2    19      0  7053  6.6e-09        -
1589  8.6283e-08  9.4204e-11     3988  404 3988     2    19      0  7070  8.6e-09        -
1594  8.6623e-08  6.1592e-11     3998  405 3998     2    19      0  7087  3.9e-07        -
1599  8.6931e-08  6.1592e-11     4008  405 4008     2    19      0  7102  9.8e-07        -
1603  8.7138e-08  6.8857e-11     4016  407 4016     2    19      0  7114  2.9e-07        -
1608  8.7457e-08   4.343e-11     4026  408 4026     2    19      0  7130  5.1e-09        -
1612  8.7789e-08  1.1562e-10     4036  411 4036     2    20      0  7150  6.6e-07        -
1615  8.8107e-08   1.066e-10     4048  411 4048     2    20      0  7178  3.1e-08        -
1618   8.841e-08  9.0094e-11     4061  412 4061     2    20      0  7210  1.4e-07        -
1623   8.886e-08  9.0094e-11     4071  413 4071     2    20      0  7233  1.3e-08        -
1625     8.9e-08  6.9812e-11 out 4079  415 4079     2    20      0  7249  3.8e-08        -
1631  8.9419e-08  6.9812e-11     4091  415 4091     2    20      0  7267  9.6e-07        -
1635  8.9662e-08  8.1131e-11     4099  417 4099     2    20      0  7279  4.6e-07        -
1640  9.0175e-08  1.7548e-10     4106  418 4106     2    20      0  7286        0        -
1647    9.35e-08       5e-10 out 4113  420 4113     2    20      0  7286        0        -
1657    9.85e-08       5e-10 out 4123  420 4123     2    20      0  7286        0        -
1667   1.035e-07       5e-10 out 4133  420 4133     2    20      0  7286        0        -
1677   1.085e-07       5e-10 out 4143  420 4143     2    20      0  7286        0        -
1687   1.135e-07       5e-10 out 4153  420 4153     2    20      0  7286        0        -
1696    1.18e-07       5e-10 out 4162  420 4162     2    20      0  7286        0        -
1706    1.23e-07       5e-10 out 4172  420 4172     2    20      0  7286        0        -
---        当前进度:  30 % - 
1716    1.28e-07       5e-10 out 4182  420 4182     2    20      0  7286        0        -
1726    1.33e-07       5e-10 out 4192  420 4192     2    20      0  7286        0        -
1737   1.385e-07       5e-10 out 4203  420 4203     2    20      0  7286        0        -
1748    1.44e-07       5e-10 out 4214  420 4214     2    20      0  7286        0        -
1756    1.48e-07       5e-10 out 4222  420 4222     2    20      0  7286        0        -
1767   1.535e-07       5e-10 out 4233  420 4233     2    20      0  7286        0        -
1778    1.59e-07       5e-10 out 4244  420 4244     2    20      0  7286        0        -
1787   1.635e-07       5e-10 out 4253  420 4253     2    20      0  7286        0        -
1797   1.685e-07       5e-10 out 4263  420 4263     2    20      0  7286        0        -
1807   1.735e-07       5e-10 out 4273  420 4273     2    20      0  7286        0        -
1813   1.765e-07       5e-10 out 4279  420 4279     2    20      0  7286        0        -
1823   1.815e-07       5e-10 out 4289  420 4289     2    20      0  7286        0        -
1834    1.87e-07       5e-10 out 4300  420 4300     2    20      0  7286        0        -
1843   1.915e-07       5e-10 out 4309  420 4309     2    20      0  7286        0        -
1853   1.965e-07       5e-10 out 4319  420 4319     2    20      0  7286        0        -
1862    2.01e-07       5e-10 out 4328  420 4328     2    20      0  7286        0        -
1872    2.06e-07       5e-10 out 4338  420 4338     2    20      0  7286        0        -
1883   2.115e-07       5e-10 out 4349  420 4349     2    20      0  7286        0        -
1893   2.165e-07       5e-10 out 4359  420 4359     2    20      0  7286        0        -
1904    2.22e-07       5e-10 out 4370  420 4370     2    20      0  7286        0        -
1915   2.275e-07       5e-10 out 4381  420 4381     2    20      0  7286        0        -
1925   2.325e-07       5e-10 out 4391  420 4391     2    20      0  7286        0        -
1935   2.375e-07       5e-10 out 4401  420 4401     2    20      0  7286        0        -
1946    2.43e-07       5e-10 out 4412  420 4412     2    20      0  7286        0        -
1956    2.48e-07       5e-10 out 4422  420 4422     2    20      0  7286        0        -
1967   2.535e-07       5e-10 out 4433  420 4433     2    20      0  7286        0        -
1977   2.585e-07       5e-10 out 4443  420 4443     2    20      0  7286        0        -
1986    2.63e-07       5e-10 out 4452  420 4452     2    20      0  7286        0        -
1996    2.68e-07       5e-10 out 4462  420 4462     2    20      0  7286        0        -
2006    2.73e-07       5e-10 out 4472  420 4472     2    20      0  7286        0        -
2016    2.78e-07       5e-10 out 4482  420 4482     2    20      0  7286        0        -
2026    2.83e-07       5e-10 out 4492  420 4492     2    20      0  7286        0        -
2037   2.885e-07       5e-10 out 4503  420 4503     2    20      0  7286        0        -
2047   2.935e-07       5e-10 out 4513  420 4513     2    20      0  7286        0        -
2057   2.985e-07       5e-10 out 4523  420 4523     2    20      0  7286        0        -
2067   3.035e-07       5e-10 out 4533  420 4533     2    20      0  7286        0        -
2077   3.085e-07       5e-10 out 4543  420 4543     2    20      0  7286        0        -
2087   3.135e-07       5e-10 out 4553  420 4553     2    20      0  7286        0        -
2098    3.19e-07       5e-10 out 4564  420 4564     2    20      0  7286        0        -
2108    3.24e-07       5e-10 out 4574  420 4574     2    20      0  7286        0        -
2118    3.29e-07       5e-10 out 4584  420 4584     2    20      0  7286        0        -
2128    3.34e-07       5e-10 out 4594  420 4594     2    20      0  7286        0        -
2138    3.39e-07       5e-10 out 4604  420 4604     2    20      0  7286        0        -
2148    3.44e-07       5e-10 out 4614  420 4614     2    20      0  7286        0        -
2158    3.49e-07       5e-10 out 4624  420 4624     2    20      0  7286        0        -
2168    3.54e-07       5e-10 out 4634  420 4634     2    20      0  7286        0        -
2178    3.59e-07       5e-10 out 4644  420 4644     2    20      0  7286        0        -
2188    3.64e-07       5e-10 out 4654  420 4654     2    20      0  7286        0        -
2195   3.675e-07       5e-10 out 4661  420 4661     2    20      0  7286        0        -
-------    当前进度:  76 % - 正在组装残差
2204    3.72e-07       5e-10 out 4670  420 4670     2    20      0  7286        0        -
2213   3.765e-07       5e-10 out 4679  420 4679     2    20      0  7286        0        -
2222    3.81e-07       5e-10 out 4688  420 4688     2    20      0  7286        0        -
2232    3.86e-07       5e-10 out 4698  420 4698     2    20      0  7286        0        -
2242    3.91e-07       5e-10 out 4708  420 4708     2    20      0  7286        0        -
2249   3.945e-07       5e-10 out 4715  420 4715     2    20      0  7286        0        -
2259   3.995e-07       5e-10 out 4725  420 4725     2    20      0  7286        0        -
2269   4.045e-07       5e-10 out 4735  420 4735     2    20      0  7286        0        -
2276    4.08e-07       5e-10 out 4742  420 4742     2    20      0  7286        0        -
2286    4.13e-07       5e-10 out 4752  420 4752     2    20      0  7286        0        -
2296    4.18e-07       5e-10 out 4762  420 4762     2    20      0  7286        0        -
2302    4.21e-07       5e-10 out 4768  420 4768     2    20      0  7286        0        -
2312    4.26e-07       5e-10 out 4778  420 4778     2    20      0  7286        0        -
2323   4.315e-07       5e-10 out 4789  420 4789     2    20      0  7286        0        -
2330    4.35e-07       5e-10 out 4796  420 4796     2    20      0  7286        0        -
2339   4.395e-07       5e-10 out 4805  420 4805     2    20      0  7286        0        -
2348    4.44e-07       5e-10 out 4814  420 4814     2    20      0  7286        0        -
2357   4.485e-07       5e-10 out 4823  420 4823     2    20      0  7286        0        -
2365   4.525e-07       5e-10 out 4831  420 4831     2    20      0  7286        0        -
2374    4.57e-07       5e-10 out 4840  420 4840     2    20      0  7286        0        -
2384    4.62e-07       5e-10 out 4850  420 4850     2    20      0  7286        0        -
2394    4.67e-07       5e-10 out 4860  420 4860     2    20      0  7286        0        -
2403   4.715e-07       5e-10 out 4869  420 4869     2    20      0  7286        0        -
2412    4.76e-07       5e-10 out 4878  420 4878     2    20      0  7286        0        -
2421   4.805e-07       5e-10 out 4887  420 4887     2    20      0  7286        0        -
2429   4.845e-07       5e-10 out 4895  420 4895     2    20      0  7286        0        -
2439   4.895e-07       5e-10 out 4905  420 4905     2    20      0  7286        0        -
2447   4.935e-07       5e-10 out 4913  420 4913     2    20      0  7286        0        -
2456    4.98e-07       5e-10 out 4922  420 4922     2    20      0  7286        0        -
2460       5e-07       5e-10 out 4926  420 4926     2    20      0  7286        0        -
---------- 当前进度: 100 % - 
求解时间：3 s。
物理内存: 1.52 GB
虚拟内存: 1.53 GB
结束时间：2026年9月4日 10:10:22。
----- Study 2 - Single_Muon_Diagnostic/解 2 (sol2) 中的“瞬态求解器 1” ----------------->
           当前进度:   0 % - 
Memory: 1183/1521 1196/1565
-          当前进度:  13 % - 正在计算
--         当前进度:  24 % - 正在计算
---        当前进度:  34 % - 正在计算
----       当前进度:  44 % - 正在计算
-----      当前进度:  55 % - 正在计算
------     当前进度:  66 % - 正在计算
-------    当前进度:  76 % - 正在计算
--------   当前进度:  88 % - 正在计算
---------  当前进度:  98 % - 正在计算
---------- 当前进度: 100 % - 正在计算
           当前进度:   0 % - 
---        当前进度:  34 % - 正在计算
Memory: 1184/1521 1197/1565
---------  当前进度:  95 % - 正在计算
BRIDGE_CASE_COMPLETE=bridge_gap40p5_V23_5kV
BRIDGE_CASE_START=bridge_gap40p4_V23_8kV
           当前进度:   0 % - Grounded outer shell / bore boundary
           当前进度:   1 % - Uniform Ne gas volume before electrode subtraction
           当前进度:   2 % - Gas cutter reserved for dielectric liner
           当前进度:   2 % - Representative alumina dielectric liner
           当前进度:   2 % - 执行布尔操作
-          当前进度:  11 % - V1 electrode outer blank
-          当前进度:  12 % - V1 aperture cutter
-          当前进度:  12 % - V1 finite-thickness annular electrode
-          当前进度:  12 % - 执行布尔操作
--         当前进度:  21 % - V1 electrode, 1 mm rounded edges
--         当前进度:  29 % - V2 electrode outer blank
---        当前进度:  30 % - V2 aperture cutter
---        当前进度:  31 % - V2 finite-thickness annular electrode
---        当前进度:  31 % - 执行布尔操作
---        当前进度:  39 % - V2 electrode, 1 mm rounded edges
----       当前进度:  47 % - V3 electrode outer blank
----       当前进度:  48 % - V3 aperture cutter
----       当前进度:  49 % - V3 finite-thickness annular electrode
----       当前进度:  49 % - 执行布尔操作
-----      当前进度:  57 % - V3 electrode, 1 mm rounded edges
------     当前进度:  65 % - V4 electrode outer blank
------     当前进度:  66 % - V4 aperture cutter
------     当前进度:  67 % - V4 finite-thickness annular electrode
------     当前进度:  67 % - 执行布尔操作
-------    当前进度:  75 % - V4 electrode, 1 mm rounded edges
--------   当前进度:  83 % - Ne gas domain excluding four electrode solids
--------   当前进度:  83 % - 执行布尔操作
---------  当前进度:  92 % - 形成联合体
---------- 当前进度: 100 % - 正在更新选择
           当前进度:   0 % - 自由四面体网格
Memory: 1188/1521 1200/1565
           当前进度:   0 % - Study 1 - 3D Electrostatics stationary
Memory: 1177/1521 1189/1565
           当前进度:   3 % - Study 1 - 3D Electrostatics stationary
Memory: 1174/1521 1186/1565
<---- Study 1 - 3D Electrostatics stationary/解 1 (sol1) 中的“编译方程: 稳态” -----------
开始于 2026年9月4日 10:10:25。
几何形函数: 二次拉格朗日单元
几何形函数: 二次拉格朗日单元
在 Intel64 Family 6 Model 186 Stepping 2, GenuineIntel 上运行。
在以下位置使用 1 个插槽： 陈红星 上（共 1 个内核）。
可用内存：15.90 GB。
           当前进度:   3 % - 编译方程: 稳态
Memory: 1167/1521 1176/1565
           当前进度:   6 % - 编译方程: 稳态
Memory: 1160/1521 1169/1565
           当前进度:   7 % - 编译方程: 稳态
Memory: 1160/1521 1170/1565
时间：2。
物理内存: 1.17 GB
虚拟内存: 1.19 GB
Warning: 自由空间采用真空条件，这会导致某些材料属性被忽略。请考虑为忽略的材料添加合适的物理场特征。

  - 节点: 自由空间 1

  - 物理场: Electrostatics: four finite-thickness rounded ring electrodes (es)

  - Materials: Natural Neon gas, representative relative permittivity (mat_gas), Representative alumina ceramic; epsilon_r=9.4 assumption (mat_diel)

  - Quantities: 相对介电常数, 相对介电常数
结束时间：2026年9月4日 10:10:27。
----- Study 1 - 3D Electrostatics stationary/解 1 (sol1) 中的“编译方程: 稳态” ---------->
<---- Study 1 - 3D Electrostatics stationary/解 1 (sol1) 中的“因变量 1” --------------
开始于 2026年9月4日 10:10:27。
           当前进度:   7 % - 因变量 1
Memory: 1158/1521 1168/1565
求解时间：0 s。
物理内存: 1.16 GB
虚拟内存: 1.17 GB
结束时间：2026年9月4日 10:10:27。
----- Study 1 - 3D Electrostatics stationary/解 1 (sol1) 中的“因变量 1” ------------->
<---- Study 1 - 3D Electrostatics stationary/解 1 (sol1) 中的“稳态求解器 1” ------------
开始于 2026年9月4日 10:10:27。
线性求解器 
求解的自由度数：106954。
--         当前进度:  24 % - 组装稀疏模式
Memory: 1171/1521 1181/1565
---        当前进度:  35 % - 组装矩阵
Memory: 1188/1521 1201/1565
找到对称矩阵。
缩放因变量：
电势 (comp1.V): 1
已使用正交零空间函数。
---        当前进度:  38 % - 组装延展
Memory: 1224/1521 1242/1565
-----      当前进度:  56 % - 组装矩阵
Memory: 1209/1521 1223/1565
Iter      SolEst     Damping    Stepsize #Res #Jac #Sol LinIt   LinErr   LinRes
--------   当前进度:  82 % - 求解线性方程组
Memory: 1214/1521 1233/1565
   1        0.76   1.0000000        0.76    1    1    1     4  1.6e-05    3e-08
---------- 当前进度: 100 % - 
Memory: 1210/1521 1225/1565
求解时间：3 s。
物理内存: 1.22 GB
虚拟内存: 1.24 GB
结束时间：2026年9月4日 10:10:31。
----- Study 1 - 3D Electrostatics stationary/解 1 (sol1) 中的“稳态求解器 1” ----------->
           当前进度:   0 % - Study 2 - Single_Muon_Diagnostic
           当前进度:   3 % - Study 2 - Single_Muon_Diagnostic
<---- Study 2 - Single_Muon_Diagnostic/解 2 (sol2) 中的“编译方程: 瞬态” -----------------
开始于 2026年9月4日 10:10:31。
几何形函数: 二次拉格朗日单元
几何形函数: 二次拉格朗日单元
在 Intel64 Family 6 Model 186 Stepping 2, GenuineIntel 上运行。
在以下位置使用 1 个插槽： 陈红星 上（共 1 个内核）。
可用内存：15.90 GB。
           当前进度:   3 % - 编译方程: 瞬态
Memory: 1217/1521 1232/1565
           当前进度:   5 % - 编译方程: 瞬态
Memory: 1228/1521 1239/1565
时间：1。
物理内存: 1.23 GB
虚拟内存: 1.24 GB
Warning: 自由空间采用真空条件，这会导致某些材料属性被忽略。请考虑为忽略的材料添加合适的物理场特征。

  - 节点: 自由空间 1

  - 物理场: Electrostatics: four finite-thickness rounded ring electrodes (es)

  - Materials: Natural Neon gas, representative relative permittivity (mat_gas), Representative alumina ceramic; epsilon_r=9.4 assumption (mat_diel)

  - Quantities: 相对介电常数, 相对介电常数
结束时间：2026年9月4日 10:10:32。
----- Study 2 - Single_Muon_Diagnostic/解 2 (sol2) 中的“编译方程: 瞬态” ---------------->
<---- Study 2 - Single_Muon_Diagnostic/解 2 (sol2) 中的“因变量 1” --------------------
开始于 2026年9月4日 10:10:32。
不求解变量的值: 解 1 (sol1).
           当前进度:   5 % - 因变量 1
Memory: 1230/1521 1240/1565
求解时间：0 s。
物理内存: 1.23 GB
虚拟内存: 1.24 GB
结束时间：2026年9月4日 10:10:32。
----- Study 2 - Single_Muon_Diagnostic/解 2 (sol2) 中的“因变量 1” ------------------->
<---- Study 2 - Single_Muon_Diagnostic/解 2 (sol2) 中的“瞬态求解器 1” ------------------
开始于 2026年9月4日 10:10:32。
瞬态求解器（广义 α）
求解的自由度数：3（加上 4 个内部自由度）。
找到非对称矩阵。
缩放因变量：
颗粒位置 (comp1.qcpt): 1
Step        Time    Stepsize      Res  Jac  Sol Order Tfail NLfail LinIt   LinErr   LinRes
   0           0           - out    2    3    2                  0     0        0        0
   1    6.25e-11    6.25e-11       10    7   10     2     3      0    18  4.8e-08        -
   6    3.75e-10    6.25e-11       20    7   20     2     3      0    35  6.7e-11        -
  12  7.4375e-10   5.625e-11       36    8   36     2     3      0    66  1.2e-07        -
  16  9.5625e-10   4.375e-11       48   10   48     2     3      0    87  3.9e-08        -
  21   1.175e-09   4.375e-11       58   11   58     2     3      0   102    7e-07        -
  27  1.4375e-09   4.375e-11       70   11   70     2     3      0   125  1.8e-11        -
  28  1.4687e-09   3.125e-11       76   12   76     2     3      0   136    7e-09        -
  33   1.625e-09   3.125e-11       86   13   86     2     3      0   151  1.2e-07        -
  39  1.8438e-09    6.25e-11       98   14   98     2     3      0   169  2.2e-07        -
  41  1.9531e-09  4.6875e-11      106   15  106     2     3      0   184  5.4e-08        -
  46  2.1875e-09  4.6875e-11      116   16  116     2     3      0   199  9.3e-07        -
  52  2.4609e-09  3.9063e-11      132   17  132     2     3      0   230  2.1e-08        -
  57  2.6563e-09  3.9063e-11      142   18  142     2     3      0   245  3.4e-07        -
  62  2.8516e-09  3.9063e-11      152   18  152     2     3      0   260  7.4e-07        -
  66       3e-09  3.5156e-11 out  164   18  164     2     3      0   282  2.7e-10        -
  69  3.1055e-09  3.5156e-11      176   18  176     2     3      0   306  2.7e-10        -
  72  3.2109e-09  3.5156e-11      188   18  188     2     3      0   330  2.6e-10        -
  75  3.3164e-09  3.5156e-11      200   18  200     2     3      0   354  2.6e-10        -
  78  3.4219e-09  3.5156e-11      212   18  212     2     3      0   378  2.5e-10        -
           当前进度:   7 % - 正在组装残差
Memory: 1228/1521 1238/1565
  82   3.543e-09  4.2969e-11      222   20  222     2     3      0   395  1.7e-08        -
  88  3.8008e-09  4.2969e-11      234   20  234     2     3      0   413  4.2e-07        -
  92  3.9648e-09  3.5156e-11      246   21  246     2     3      0   433  6.5e-09        -
  97  4.1406e-09  3.5156e-11      256   22  256     2     3      0   448  1.1e-07        -
 103  4.3516e-09  3.5156e-11      268   22  268     2     3      0   466  2.8e-07        -
 107     4.5e-09  4.2969e-11 out  280   23  280     2     3      0   486  2.1e-08        -
 111  4.6719e-09  4.2969e-11      288   24  288     2     3      0   498  2.8e-07        -
 116  4.8867e-09  4.2969e-11      298   24  298     2     3      0   513  7.4e-07        -
 118  4.9648e-09  3.5156e-11      306   25  306     2     3      0   527  8.9e-09        -
 121  5.1055e-09  7.0312e-11      312   27  312     2     3      0   536  2.9e-07        -
 122  5.1687e-09  6.3281e-11      318   28  318     2     3      0   547  1.7e-07        -
 126  5.4155e-09  5.6953e-11      330   30  330     2     3      0   568  9.9e-08        -
 130  5.5845e-09  4.2227e-11      338   31  338     2     3      0   580  2.9e-07        -
 136  5.8378e-09  4.2227e-11      350   31  350     2     3      0   598  8.2e-07        -
 140       6e-09  3.8867e-11 out  362   31  362     2     3      0   620  1.6e-10        -
 143  6.1166e-09  3.8867e-11      374   31  374     2     3      0   644  1.6e-10        -
 146  6.2332e-09  3.8867e-11      386   31  386     2     3      0   668  1.6e-10        -
 149  6.3498e-09  3.8867e-11      398   31  398     2     3      0   692  1.6e-10        -
 152  6.4638e-09  3.6231e-11      412   32  412     2     3      0   719  1.4e-08        -
 157  6.6449e-09  3.6231e-11      422   33  422     2     3      0   734  2.6e-07        -
 162  6.8261e-09  3.6231e-11      432   33  432     2     3      0   749  6.2e-07        -
 166  6.9674e-09  3.2616e-11      444   34  444     2     3      0   769  1.3e-08        -
 171  7.1305e-09  3.2616e-11      454   35  454     2     3      0   784  2.5e-07        -
 174  7.2283e-09  3.2616e-11      460   35  460     2     3      0   793  4.4e-07        -
 180   7.424e-09  3.2616e-11      472   35  472     2     3      0   811  8.5e-07        -
 184  7.5434e-09   4.337e-11      480   37  480     2     3      0   823  7.5e-08        -
 190  7.8036e-09   4.337e-11      492   37  492     2     3      0   844  3.9e-11        -
 194  7.9668e-09  3.3151e-11      504   38  504     2     3      0   867  1.7e-08        -
 197  8.0663e-09  3.3151e-11      510   39  510     2     3      0   876  1.5e-07        -
 203  8.2652e-09  3.3151e-11      522   39  522     2     3      0   894  4.7e-07        -
 209  8.4641e-09  3.3151e-11      534   39  534     2     3      0   912  7.1e-07        -
 212  8.5359e-09  3.5882e-11      540   41  540     2     3      0   921  1.8e-08        -
 218  8.7512e-09  3.5882e-11      552   41  552     2     3      0   939    4e-07        -
 224  8.9653e-09  3.4708e-11      565   41  565     2     3      0   960  5.2e-11        -
 227  9.1302e-09  6.0758e-11      576   43  576     2     3      0   980  2.2e-07        -
 232   9.434e-09  6.0758e-11      586   44  586     2     3      0   999  2.6e-10        -
 236  9.5991e-09  6.6037e-11      594   46  594     2     3      0  1011  3.4e-07        -
 238  9.7179e-09  5.9433e-11      602   48  602     2     3      0  1025    2e-07        -
 242  9.9481e-09  5.1889e-11      614   49  614     2     3      0  1047  9.1e-08        -
 247  1.0208e-08  5.1889e-11      624   50  624     2     3      0  1064  1.1e-10        -
 252  1.0458e-08  4.2444e-11      638   51  638     2     3      0  1091  2.3e-08        -
 257   1.067e-08  4.2444e-11      648   52  648     2     3      0  1106  3.7e-07        -
 263  1.0924e-08  4.2444e-11      660   52  660     2     3      0  1124  8.4e-07        -
           当前进度:   9 % - 正在组装残差
 266  1.1038e-08  3.7778e-11      672   52  672     2     3      0  1148    3e-10        -
 269  1.1151e-08  3.7778e-11      684   52  684     2     3      0  1172    3e-10        -
 271  1.1227e-08  3.7778e-11      694   53  694     2     3      0  1191  9.9e-09        -
 276  1.1416e-08  3.7778e-11      704   54  704     2     3      0  1206  1.7e-07        -
 280  1.1547e-08  4.6664e-11      712   56  712     2     3      0  1218  2.8e-08        -
 285   1.178e-08  4.6664e-11      722   56  722     2     3      0  1233  6.1e-07        -
 289   1.196e-08  4.0012e-11      734   57  734     2     3      0  1253  1.5e-08        -
 293   1.212e-08  4.0012e-11      742   58  742     2     3      0  1265    2e-07        -
 299   1.236e-08  4.0012e-11      754   58  754     2     3      0  1283  5.9e-07        -
 302   1.247e-08  2.9933e-11      764   59  764     2     3      0  1300  4.1e-09        -
 305   1.262e-08  5.9866e-11      770   61  770     2     3      0  1309  6.6e-07        -
 311   1.296e-08   4.047e-11      786   62  786     2     3      0  1340    2e-08        -
 314  1.3081e-08   4.047e-11      792   63  792     2     3      0  1349  1.8e-07        -
 319  1.3283e-08   4.047e-11      802   63  802     2     3      0  1364  5.7e-07        -
 324  1.3473e-08  2.7416e-11      816   64  816     2     3      0  1387    3e-09        -
 327   1.361e-08  5.4832e-11      822   66  822     2     3      0  1396    5e-07        -
 330  1.3774e-08  5.4832e-11      828   66  828     2     3      0  1407  1.8e-10        -
 334  1.3969e-08  3.0672e-11      836   67  836     2     3      0  1422  6.9e-09        -
 337  1.4117e-08   5.521e-11      846   69  846     2     3      0  1439  1.4e-07        -
 341  1.4337e-08   5.521e-11      854   70  854     2     3      0  1453  1.6e-10        -
 345  1.4554e-08  5.3699e-11      865   70  865     2     3      0  1475  8.3e-11        -
 349  1.4768e-08  5.3699e-11      877   70  877     2     3      0  1499  6.9e-11        -
 351  1.4871e-08  4.8329e-11      886   71  886     2     3      0  1516  1.1e-07        -
 353  1.4959e-08  4.0573e-11      894   73  894     2     3      0  1530  4.7e-08        -
 357  1.5122e-08  4.0573e-11      902   74  902     2     3      0  1542  5.9e-07        -
 362  1.5325e-08  4.0573e-11      912   74  912     2     3      0  1560  6.1e-11        -
 366  1.5473e-08   2.685e-11      920   75  920     2     3      0  1575  5.5e-09        -
 370  1.5629e-08  4.8329e-11      932   77  932     2     3      0  1595  9.8e-08        -
 373  1.5774e-08  4.8329e-11      938   78  938     2     3      0  1604  8.2e-07        -
 377  1.5959e-08  4.0572e-11      950   79  950     2     3      0  1627  3.6e-08        -
 381  1.6122e-08  4.0572e-11      958   80  958     2     3      0  1639  4.3e-07        -
 386  1.6325e-08  4.0572e-11      968   80  968     2     3      0  1655  6.7e-11        -
 391    1.65e-08  2.6853e-11 out  978   81  978     2     3      0  1673  2.1e-08        -
 395  1.6715e-08  5.3705e-11      986   82  986     2     3      0  1687  1.5e-10        -
 400  1.6965e-08  3.5179e-11      996   83  996     2     3      0  1706  1.7e-08        -
 404  1.7169e-08  6.3322e-11     1008   85 1008     2     3      0  1726    3e-07        -
 406  1.7296e-08  6.3322e-11     1012   86 1012     2     3      0  1733  1.8e-10        -
 408  1.7416e-08  5.6989e-11     1020   87 1020     2     3      0  1748  1.5e-07        -
 412  1.7584e-08  4.2094e-11     1028   88 1028     2     3      0  1760    4e-07        -
 416  1.7753e-08  4.2094e-11     1036   88 1036     2     3      0  1772  8.8e-07        -
 420  1.7921e-08  4.2094e-11     1044   88 1044     2     3      0  1787  1.2e-10        -
-          当前进度:  10 % - 
 424  1.8079e-08  3.9529e-11     1056   88 1056     2     3      0  1811    1e-10        -
 428  1.8237e-08  3.9529e-11     1068   88 1068     2     3      0  1835  1.1e-10        -
 432  1.8395e-08  3.9529e-11     1080   88 1080     2     3      0  1859  1.3e-10        -
 434  1.8467e-08  3.2593e-11     1089   89 1089     2     3      0  1876  4.9e-09        -
 438  1.8598e-08  3.2593e-11     1097   90 1097     2     3      0  1888  6.4e-08        -
 443  1.8761e-08  3.2593e-11     1107   90 1107     2     3      0  1903  1.6e-07        -
 448  1.8924e-08  3.2593e-11     1117   90 1117     2     3      0  1918  2.6e-07        -
 450  1.8978e-08  2.1849e-11     1125   91 1125     2     3      0  1932  7.4e-10        -
 453  1.9087e-08  4.3699e-11     1131   93 1131     2     3      0  1941  1.2e-07        -
 457  1.9262e-08  4.3699e-11     1139   93 1139     2     3      0  1953  5.1e-07        -
 462  1.9468e-08  3.1505e-11     1153   94 1153     2     3      0  1976  5.4e-09        -
 465  1.9626e-08   6.301e-11     1159   96 1159     2     3      0  1985    9e-07        -
 470  1.9939e-08   6.097e-11     1170   96 1170     2     3      0  2007  2.8e-11        -
 473  2.0122e-08   6.097e-11     1179   96 1179     2     3      0  2025  5.8e-11        -
 477  2.0366e-08   6.097e-11     1191   96 1191     2     3      0  2049  6.2e-11        -
 480    2.05e-08  3.6606e-11 out 1198   97 1198     2     3      0  2061  6.4e-08        -
 483  2.0672e-08  6.2632e-11     1208   99 1208     2     3      0  2078  1.9e-07        -
 485  2.0791e-08  5.6369e-11     1216  101 1216     2     3      0  2092  1.2e-07        -
 488  2.0952e-08  4.7906e-11     1226  103 1226     2     3      0  2109  5.4e-08        -
 492  2.1144e-08  4.7906e-11     1234  104 1234     2     3      0  2121  7.5e-07        -
 497  2.1383e-08  4.7906e-11     1244  104 1244     2     3      0  2140  2.3e-10        -
 499  2.1466e-08  3.4421e-11     1252  105 1252     2     3      0  2155  1.3e-08        -
 503  2.1603e-08  3.4421e-11     1260  106 1260     2     3      0  2167  1.9e-07        -
 508  2.1775e-08  3.4421e-11     1270  106 1270     2     3      0  2182    5e-07        -
 512  2.1913e-08  3.4421e-11     1278  106 1278     2     3      0  2194  7.7e-07        -
 514  2.1974e-08  2.6264e-11     1286  107 1286     2     3      0  2208  4.4e-09        -
 517  2.2105e-08  5.2527e-11     1292  109 1292     2     3      0  2217  7.1e-07        -
 521  2.2315e-08  5.2527e-11     1300  109 1300     2     3      0  2233  2.7e-10        -
 524   2.246e-08  3.9892e-11     1310  110 1310     2     3      0  2252  3.6e-08        -
 528   2.262e-08  3.9892e-11     1318  111 1318     2     3      0  2264  4.5e-07        -
 533  2.2819e-08  3.9892e-11     1328  111 1328     2     3      0  2280  8.4e-11        -
 537  2.2969e-08  3.0595e-11     1340  112 1340     2     3      0  2303  8.7e-09        -
 540  2.3116e-08  5.4665e-11     1350  115 1350     2     3      0  2320  1.5e-07        -
 544  2.3335e-08  5.4665e-11     1358  116 1358     2     3      0  2334  2.2e-10        -
 548    2.35e-08  2.8078e-11 out 1366  117 1366     2     3      0  2348  2.6e-08        -
 552  2.3725e-08  5.6156e-11     1374  118 1374     2     3      0  2362  2.6e-10        -
 557     2.4e-08  5.3453e-11 out 1386  118 1386     2     3      0  2386  2.2e-10        -
 560   2.416e-08  5.3453e-11     1395  118 1395     2     3      0  2404  2.1e-10        -
 564  2.4374e-08  5.3453e-11     1407  118 1407     2     3      0  2428  1.8e-10        -
 568  2.4536e-08  3.6187e-11     1416  119 1416     2     3      0  2443  1.8e-07        -
 570  2.4674e-08  6.5137e-11     1424  121 1424     2     3      0  2457  3.5e-07        -
 572  2.4797e-08  5.8623e-11     1432  123 1432     2     3      0  2471  1.8e-07        -
-          当前进度:  11 % - 组装稀疏模式
 575  2.4957e-08  4.2647e-11     1442  125 1442     2     3      0  2488  3.1e-08        -
 579  2.5128e-08  4.2647e-11     1450  126 1450     2     3      0  2500  3.8e-07        -
 585  2.5384e-08  4.2647e-11     1462  126 1462     2     3      0  2519  1.6e-10        -
 588    2.55e-08  3.6763e-11 out 1472  128 1472     2     3      0  2537    1e-08        -
 592  2.5647e-08  3.6763e-11     1480  128 1480     2     3      0  2549  1.7e-07        -
 596  2.5794e-08  3.6763e-11     1488  128 1488     2     3      0  2561  3.2e-07        -
 601  2.5971e-08  2.9424e-11     1502  129 1502     2     3      0  2584  2.9e-09        -
 604  2.6118e-08  5.8849e-11     1508  131 1508     2     3      0  2593  4.6e-07        -
 609  2.6412e-08  5.8849e-11     1518  131 1518     2     3      0  2612  7.2e-10        -
 611    2.65e-08   4.403e-11 out 1526  133 1526     2     3      0  2626  2.4e-08        -
 615  2.6676e-08   4.403e-11     1534  133 1534     2     3      0  2638  4.2e-07        -
 620  2.6896e-08   4.403e-11     1544  133 1544     2     3      0  2653  9.4e-07        -
 622     2.7e-08  5.9698e-11 out 1552  134 1552     2     3      0  2668  1.3e-07        -
 626  2.7239e-08  5.9698e-11     1560  135 1560     2     3      0  2682  4.3e-10        -
 630  2.7459e-08  4.1058e-11     1572  136 1572     2     3      0  2705  2.3e-08        -
 632  2.7582e-08  8.2116e-11     1576  138 1576     2     3      0  2711  7.4e-07        -
 633  2.7651e-08  6.9295e-11     1582  139 1582     2     3      0  2722  3.2e-07        -
 635  2.7783e-08  6.2366e-11     1590  141 1590     2     3      0  2736  1.9e-07        -
 638  2.7954e-08  4.6099e-11     1600  143 1600     2     3      0  2753  4.3e-08        -
 640  2.8067e-08  6.6789e-11     1606  146 1606     2     4      0  2763  2.5e-07        -
 642  2.8187e-08  6.0111e-11     1614  148 1614     2     4      0  2777  1.5e-07        -
 646  2.8427e-08  6.0111e-11     1622  148 1622     2     4      0  2792  5.4e-10        -
 650  2.8609e-08  7.2547e-11     1630  150 1630     2     4      0  2804  4.1e-07        -
 652  2.8736e-08  6.3669e-11     1638  152 1638     2     4      0  2818  2.2e-07        -
 654  2.8851e-08  5.7302e-11     1646  154 1646     2     4      0  2832  1.4e-07        -
 656  2.8954e-08  4.5969e-11     1654  155 1654     2     4      0  2846  4.8e-08        -
 659  2.9092e-08  4.5969e-11     1660  156 1660     2     4      0  2855  4.5e-07        -
 663  2.9276e-08  4.5969e-11     1668  156 1668     2     4      0  2869  1.7e-10        -
 667  2.9457e-08  4.3141e-11     1677  156 1677     2     4      0  2887  4.5e-10        -
 670  2.9586e-08  4.3141e-11     1686  156 1686     2     4      0  2905  4.4e-10        -
 673  2.9716e-08  4.3141e-11     1695  156 1695     2     4      0  2923  4.1e-10        -
 676  2.9845e-08  4.3141e-11     1704  156 1704     2     4      0  2941  3.9e-10        -
 679  2.9966e-08  3.4293e-11     1716  157 1716     2     4      0  2964  1.3e-08        -
 682  3.0069e-08  3.4293e-11     1722  158 1722     2     4      0  2973  1.1e-07        -
 686  3.0206e-08  3.4293e-11     1730  158 1730     2     4      0  2985    3e-07        -
 690  3.0343e-08  3.4293e-11     1738  158 1738     2     4      0  2997  4.7e-07        -
 693  3.0446e-08  3.4293e-11     1744  158 1744     2     4      0  3006  5.9e-07        -
 694  3.0473e-08  2.7094e-11     1750  159 1750     2     4      0  3017  3.9e-09        -
 697  3.0581e-08  5.4188e-11     1756  161 1756     2     4      0  3026  1.2e-07        -
 700  3.0744e-08  5.4188e-11     1762  161 1762     2     4      0  3037  2.4e-10        -
 704  3.0953e-08  4.6793e-11     1774  162 1774     2     4      0  3060  5.7e-08        -
-          当前进度:  13 % - 
 707  3.1115e-08  6.8468e-11     1782  165 1782     2     5      0  3073  3.8e-07        -
 709  3.1239e-08  6.1621e-11     1790  167 1790     2     5      0  3087  2.4e-07        -
 713  3.1462e-08  3.8317e-11     1798  168 1798     2     5      0  3102  2.4e-08        -
 716  3.1646e-08   6.897e-11     1808  170 1808     2     5      0  3119  4.8e-07        -
 720  3.1915e-08  6.2073e-11     1820  172 1820     2     5      0  3141  2.6e-07        -
 724  3.2085e-08  4.2707e-11     1828  173 1828     2     5      0  3153    5e-07        -
 729  3.2299e-08  4.2707e-11     1838  173 1838     2     5      0  3170  1.5e-10        -
 733  3.2464e-08  3.6464e-11     1850  174 1850     2     5      0  3193  1.1e-08        -
 737  3.2609e-08  3.6464e-11     1858  175 1858     2     5      0  3205  1.3e-07        -
 743  3.2828e-08  3.6464e-11     1870  175 1870     2     5      0  3223  3.6e-07        -
 747  3.2969e-08  3.1217e-11     1882  176 1882     2     5      0  3243  3.6e-09        -
 751  3.3094e-08  3.1217e-11     1890  177 1890     2     5      0  3255  4.6e-08        -
 754  3.3187e-08  3.1217e-11     1896  177 1896     2     5      0  3264  8.8e-08        -
 756  3.3312e-08  6.2433e-11     1900  178 1900     2     5      0  3270  5.5e-07        -
 759  3.3469e-08  3.1483e-11     1906  179 1906     2     5      0  3280  3.4e-09        -
 763  3.3689e-08  6.2966e-11     1914  180 1914     2     5      0  3292    1e-06        -
 767  3.3939e-08  6.1101e-11     1923  180 1923     2     5      0  3310  4.9e-10        -
 770  3.4122e-08  6.1101e-11     1932  180 1932     2     5      0  3328  5.2e-10        -
 773  3.4306e-08  6.1101e-11     1941  180 1941     2     5      0  3346  5.3e-10        -
 775  3.4428e-08  6.1101e-11     1947  180 1947     2     5      0  3358  5.4e-10        -
 777    3.45e-08  3.6147e-11 out 1951  181 1951     2     5      0  3364  4.1e-08        -
 780  3.4717e-08  7.2294e-11     1957  182 1957     2     5      0  3375  8.2e-10        -
 783  3.4931e-08  6.9266e-11     1964  182 1964     2     5      0  3389  1.6e-09        -
 786  3.5139e-08  6.9266e-11     1973  182 1973     2     5      0  3407  1.7e-09        -
 789  3.5346e-08  6.9266e-11     1982  182 1982     2     5      0  3425  1.7e-09        -
 792    3.55e-08  4.2203e-11 out 1989  183 1989     2     5      0  3437  1.1e-07        -
 795  3.5697e-08  7.0314e-11     1999  185 1999     2     5      0  3454  2.8e-07        -
 797  3.5831e-08  6.3282e-11     2007  187 2007     2     5      0  3468  1.7e-07        -
 799  3.5947e-08  5.3099e-11     2015  189 2015     2     5      0  3482  7.1e-08        -
 802  3.6106e-08  5.3099e-11     2021  190 2021     2     5      0  3491  6.5e-07        -
 807  3.6372e-08  5.3099e-11     2031  190 2031     2     5      0  3510  4.8e-10        -
 809  3.6462e-08  3.7604e-11     2039  191 2039     2     5      0  3525  1.3e-08        -
 812  3.6575e-08  3.7604e-11     2045  192 2045     2     5      0  3534  1.2e-07        -
 817  3.6763e-08  3.7604e-11     2055  192 2055     2     5      0  3549    4e-07        -
 822  3.6951e-08  3.7604e-11     2065  192 2065     2     5      0  3564  6.8e-07        -
 825  3.7049e-08  4.8748e-11     2071  194 2071     2     5      0  3573    5e-08        -
 830  3.7292e-08  4.8748e-11     2081  194 2081     2     5      0  3589  2.2e-10        -
 833  3.7439e-08  4.8748e-11     2087  194 2087     2     5      0  3601  3.6e-10        -
 836  3.7531e-08  3.0634e-11     2093  195 2093     2     5      0  3610  3.5e-08        -
 840  3.7776e-08  6.1268e-11     2101  196 2101     2     5      0  3624  4.1e-10        -
 843  3.7949e-08  5.0878e-11     2111  197 2111     2     5      0  3643  5.4e-08        -
 847  3.8153e-08  5.0878e-11     2119  198 2119     2     5      0  3655  6.7e-07        -
 852  3.8407e-08  5.0878e-11     2129  198 2129     2     5      0  3674  3.7e-10        -
-          当前进度:  14 % - 正在组装残差
 854    3.85e-08  4.6487e-11 out 2135  200 2135     2     6      0  3684    2e-07        -
 856  3.8667e-08  7.4464e-11     2143  202 2143     2     6      0  3699  4.6e-07        -
 858  3.8809e-08  6.7017e-11     2151  204 2151     2     6      0  3713    3e-07        -
 861     3.9e-08  6.2032e-11 out 2161  205 2161     2     6      0  3732  7.6e-10        -
 864  3.9186e-08  6.2032e-11     2173  205 2173     2     6      0  3756  7.9e-10        -
 867  3.9372e-08  6.2032e-11     2185  205 2185     2     6      0  3780  7.8e-10        -
 870    3.95e-08  3.2888e-11 out 2193  206 2193     2     6      0  3794  3.1e-08        -
 874  3.9763e-08  6.5775e-11     2201  207 2201     2     6      0  3808    6e-10        -
 877  3.9947e-08  5.2674e-11     2211  208 2211     2     6      0  3827  4.3e-08        -
 881  4.0158e-08  5.2674e-11     2219  209 2219     2     6      0  3839  5.1e-07        -
 886  4.0421e-08  5.2674e-11     2229  209 2229     2     6      0  3856  4.5e-10        -
 888    4.05e-08  3.9303e-11 out 2237  211 2237     2     6      0  3870  6.3e-09        -
 891  4.0618e-08  3.9303e-11     2243  211 2243     2     6      0  3879    8e-08        -
 895  4.0775e-08  3.9303e-11     2251  211 2251     2     6      0  3891  1.8e-07        -
 900  4.0966e-08  3.3833e-11     2265  212 2265     2     6      0  3914  2.8e-09        -
 902  4.1068e-08  6.7666e-11     2269  214 2269     2     6      0  3920    9e-08        -
 907  4.1406e-08  6.7666e-11     2279  214 2279     2     6      0  3938  1.1e-09        -
 908  4.1453e-08  4.7001e-11     2285  215 2285     2     6      0  3949  1.5e-08        -
 912  4.1688e-08  9.4002e-11     2293  217 2293     2     6      0  3961  5.2e-07        -
 914  4.1848e-08  8.0159e-11     2301  219 2301     2     6      0  3975    2e-07        -
 915   4.192e-08  7.2143e-11     2307  220 2307     2     6      0  3986  1.2e-07        -
 918   4.208e-08  7.9535e-11     2313  222 2313     2     6      0  3995  2.1e-07        -
 920  4.2235e-08  8.3873e-11     2323  225 2323     2     7      0  4014    3e-07        -
 921   4.231e-08  7.5485e-11     2329  226 2329     2     7      0  4025  1.6e-07        -
 924    4.25e-08  4.7381e-11 out 2335  228 2335     2     7      0  4034  8.3e-08        -
 926  4.2642e-08  9.4763e-11     2339  229 2339     2     7      0  4040  5.4e-07        -
 927  4.2721e-08   7.889e-11     2345  230 2345     2     7      0  4051  3.8e-07        -
 929  4.2871e-08  7.1001e-11     2353  232 2353     2     7      0  4065  1.1e-07        -
 932  4.3065e-08  6.4537e-11     2359  233 2359     2     7      0  4074  6.2e-07        -
 937  4.3387e-08  6.4537e-11     2369  233 2369     2     7      0  4093  7.5e-10        -
 938  4.3444e-08  5.6388e-11     2375  234 2375     2     7      0  4104  2.5e-08        -
 941  4.3613e-08  5.6388e-11     2381  235 2381     2     7      0  4113  2.5e-07        -
 945  4.3838e-08  5.6388e-11     2389  235 2389     2     7      0  4125  6.6e-07        -
 949  4.4053e-08  5.2641e-11     2400  235 2400     2     7      0  4146    1e-09        -
 952  4.4211e-08  5.2641e-11     2409  235 2409     2     7      0  4164    1e-09        -
 954  4.4316e-08  5.2641e-11     2415  235 2415     2     7      0  4176  9.8e-10        -
 957  4.4461e-08  3.9437e-11     2427  236 2427     2     7      0  4199  3.8e-09        -
 960  4.4579e-08  3.9437e-11     2433  237 2433     2     7      0  4208  3.4e-08        -
 963  4.4697e-08  3.9437e-11     2439  237 2439     2     7      0  4217  7.8e-08        -
 968  4.4894e-08  3.9437e-11     2449  237 2449     2     7      0  4232  1.5e-07        -
 970  4.4967e-08  3.3094e-11     2457  238 2457     2     7      0  4246  1.5e-09        -
 973  4.5099e-08  6.6189e-11     2463  240 2463     2     7      0  4255  4.9e-08        -
-          当前进度:  15 % - 
 976  4.5298e-08  6.6189e-11     2469  240 2469     2     7      0  4264  6.4e-07        -
 979  4.5465e-08  3.4887e-11     2475  241 2475     2     7      0  4274  2.1e-09        -
 982   4.564e-08  6.9773e-11     2481  242 2481     2     7      0  4283  3.5e-07        -
 986  4.5919e-08  6.9773e-11     2489  242 2489     2     7      0  4297  5.9e-10        -
 988  4.6073e-08  7.3224e-11     2497  244 2497     2     7      0  4311  1.2e-07        -
 989   4.616e-08  8.6405e-11     2501  246 2501     2     8      0  4319  4.9e-07        -
 990  4.6237e-08  7.7764e-11     2507  247 2507     2     8      0  4330  1.2e-07        -
 993  4.6446e-08  5.3539e-11     2517  249 2517     2     8      0  4347  2.3e-08        -
 996  4.6607e-08  5.3539e-11     2523  250 2523     2     8      0  4356  2.2e-07        -
1001  4.6875e-08  5.3539e-11     2533  250 2533     2     8      0  4371  6.1e-07        -
1003  4.6964e-08  3.5845e-11     2541  251 2541     2     8      0  4385  2.2e-09        -
1006  4.7143e-08   7.169e-11     2547  253 2547     2     8      0  4394  1.9e-07        -
1011    4.75e-08  7.0775e-11 out 2557  253 2557     2     8      0  4411  1.6e-09        -
1014  4.7712e-08  7.0775e-11     2563  253 2563     2     8      0  4423  1.7e-09        -
1018  4.7962e-08  3.7674e-11     2571  254 2571     2     8      0  4438  3.3e-10        -
1022  4.8151e-08  7.5348e-11     2579  255 2579     2     8      0  4450  1.2e-08        -
1026  4.8438e-08  6.1629e-11     2591  256 2591     2     8      0  4470  1.6e-08        -
1030  4.8685e-08  6.1629e-11     2599  257 2599     2     8      0  4482  1.8e-07        -
1035  4.8966e-08  3.4298e-11     2609  258 2609     2     8      0  4497  1.2e-09        -
1039  4.9206e-08  6.8596e-11     2617  259 2617     2     8      0  4509  2.9e-07        -
1043  4.9456e-08  4.4212e-11     2625  260 2625     2     8      0  4521  5.6e-09        -
1046  4.9633e-08  8.8423e-11     2631  261 2631     2     8      0  4530  2.3e-07        -
1047  4.9712e-08  7.9581e-11     2637  262 2637     2     8      0  4541  1.4e-07        -
1048  4.9803e-08  9.1156e-11     2641  264 2641     2     9      0  4549  2.8e-07        -
1049  4.9885e-08  8.2041e-11     2647  265 2647     2     9      0  4560  1.6e-07        -
1051       5e-08  5.7294e-11 out 2653  267 2653     2    10      0  4570  1.6e-07        -
1053  5.0166e-08  7.8825e-11     2663  270 2663     2    11      0  4588  1.5e-07        -
1057  5.0451e-08  4.8557e-11     2671  272 2671     2    11      0  4601  1.4e-08        -
1061  5.0646e-08  4.8557e-11     2679  272 2679     2    11      0  4613  2.4e-07        -
1065   5.084e-08  4.8557e-11     2687  272 2687     2    11      0  4625  4.5e-07        -
1069     5.1e-08  3.1491e-11 out 2695  273 2695     2    11      0  4637  7.9e-09        -
1073  5.1252e-08  6.2983e-11     2703  274 2703     2    11      0  4649  6.5e-07        -
1077    5.15e-08  6.1052e-11 out 2711  274 2711     2    11      0  4664  5.3e-09        -
1080  5.1683e-08  6.1052e-11     2717  274 2717     2    11      0  4676  5.1e-09        -
1085  5.1964e-08   3.632e-11     2727  275 2727     2    11      0  4695  2.6e-09        -
1088  5.2145e-08  7.2639e-11     2733  276 2733     2    11      0  4704  3.5e-07        -
1092  5.2432e-08  6.8401e-11     2742  276 2742     2    11      0  4720  2.5e-09        -
1095  5.2637e-08  6.8401e-11     2751  276 2751     2    11      0  4738  2.5e-09        -
1097  5.2774e-08  6.8401e-11     2757  276 2757     2    11      0  4750  2.5e-09        -
-          当前进度:  17 % - 
1099   5.291e-08  6.8401e-11     2763  276 2763     2    11      0  4762  2.5e-09        -
1102  5.3045e-08  4.4796e-11     2769  277 2769     2    11      0  4771  1.2e-07        -
1104  5.3215e-08  8.0632e-11     2777  279 2777     2    11      0  4785  1.9e-07        -
1107  5.3438e-08  6.1858e-11     2785  282 2785     2    12      0  4800  5.9e-08        -
1109  5.3595e-08  9.4909e-11     2791  284 2791     2    13      0  4811  6.4e-07        -
1111  5.3766e-08  8.5419e-11     2799  286 2799     2    13      0  4825    4e-07        -
1113  5.3926e-08  7.4417e-11     2807  287 2807     2    13      0  4840  1.9e-07        -
1117  5.4223e-08  7.4417e-11     2815  288 2815     2    13      0  4854    9e-10        -
1120  5.4436e-08  6.3956e-11     2825  289 2825     2    13      0  4873  6.6e-08        -
1124  5.4692e-08  6.3956e-11     2833  290 2833     2    13      0  4885  7.9e-07        -
1128  5.4942e-08  5.8131e-11     2843  290 2843     2    13      0  4905  1.4e-09        -
1131  5.5116e-08  5.8131e-11     2855  290 2855     2    13      0  4929  1.4e-09        -
1134  5.5291e-08  5.8131e-11     2866  290 2866     2    13      0  4951  5.9e-09        -
1137  5.5453e-08  4.6543e-11     2878  291 2878     2    13      0  4974    5e-10        -
1140   5.564e-08  9.3085e-11     2884  293 2884     2    13      0  4983  9.6e-08        -
1144     5.6e-08  8.7101e-11 out 2894  293 2894     2    13      0  5001  6.6e-09        -
1147  5.6261e-08  8.7101e-11     2903  293 2903     2    13      0  5019  6.7e-09        -
1149  5.6424e-08  7.5798e-11     2912  294 2912     2    13      0  5036  1.6e-07        -
1152  5.6652e-08  7.5798e-11     2918  295 2918     2    13      0  5047  1.7e-09        -
1154  5.6834e-08  1.0664e-10     2924  297 2924     2    14      0  5061    2e-09        -
1155  5.6917e-08  8.2981e-11     2930  298 2930     2    14      0  5074    4e-07        -
1157  5.7083e-08  8.2981e-11     2934  299 2934     2    14      0  5081  1.2e-09        -
1158  5.7192e-08  1.0927e-10     2938  301 2938     2    15      0  5091  2.2e-09        -
1159  5.7291e-08  9.8341e-11     2944  302 2944     2    15      0  5105  1.1e-09        -
1161  5.7444e-08  5.5535e-11     2948  304 2948     2    15      0  5113  5.8e-08        -
1164  5.7667e-08  1.1107e-10     2954  305 2954     2    15      0  5124  1.6e-09        -
1165  5.7767e-08  9.9962e-11     2960  306 2960     2    15      0  5137  7.5e-07        -
1167  5.7933e-08  6.6736e-11     2968  308 2968     2    15      0  5156  9.3e-08        -
1169  5.8067e-08  6.6736e-11     2972  309 2972     2    15      0  5162  4.5e-07        -
1173  5.8334e-08  6.6736e-11     2980  309 2980     2    15      0  5177  1.4e-09        -
1175   5.845e-08  4.9792e-11     2988  310 2988     2    15      0  5192    2e-08        -
1177   5.855e-08  4.9792e-11     2992  311 2992     2    15      0  5198  9.7e-08        -
1181  5.8749e-08  4.9792e-11     3000  311 3000     2    15      0  5210  3.9e-07        -
1185  5.8948e-08  4.9792e-11     3008  311 3008     2    15      0  5222    7e-07        -
1188  5.9052e-08  5.1873e-11     3014  313 3014     2    15      0  5231  2.3e-08        -
1192  5.9259e-08  5.1873e-11     3022  313 3022     2    15      0  5243  3.9e-07        -
-          当前进度:  18 % - 
1196  5.9457e-08  4.2506e-11     3034  314 3034     2    15      0  5263  9.7e-09        -
1198  5.9585e-08  8.5012e-11     3038  316 3038     2    15      0  5269  3.1e-07        -
1201   5.984e-08  8.5012e-11     3044  316 3044     2    15      0  5281  4.9e-09        -
1204   6.008e-08  7.9975e-11     3053  316 3053     2    15      0  5299  1.6e-08        -
1207   6.032e-08  7.9975e-11     3062  316 3062     2    15      0  5317  1.6e-08        -
1209   6.045e-08  5.0062e-11     3067  317 3067     2    15      0  5326  3.3e-08        -
1212    6.07e-08  1.0012e-10     3073  318 3073     2    15      0  5338  6.5e-09        -
1216    6.11e-08  9.9813e-11     3081  318 3081     2    15      0  5358  3.8e-08        -
1220   6.145e-08  5.0375e-11     3089  319 3089     2    15      0  5376  2.4e-08        -
1223  6.1651e-08  1.0075e-10     3095  320 3095     2    15      0  5386    7e-07        -
1226  6.1926e-08  7.3689e-11     3105  321 3105     2    15      0  5410  1.1e-07        -
1229  6.2147e-08  7.3689e-11     3111  322 3111     2    15      0  5419  9.4e-07        -
1233  6.2434e-08  6.5778e-11     3121  322 3121     2    15      0  5439  7.1e-09        -
1235  6.2566e-08  6.5778e-11     3129  322 3129     2    15      0  5455    7e-09        -
1237  6.2697e-08  6.5778e-11     3137  322 3137     2    15      0  5471  6.9e-09        -
1239  6.2829e-08  6.5778e-11     3145  322 3145     2    15      0  5487  6.7e-09        -
1241  6.2947e-08  5.2666e-11     3155  323 3155     2    15      0  5506  1.6e-08        -
1243  6.3053e-08  5.2666e-11     3159  324 3159     2    15      0  5512  7.8e-08        -
1247  6.3263e-08  5.2666e-11     3167  324 3167     2    15      0  5524  3.3e-07        -
1251  6.3461e-08  3.9335e-11     3179  325 3179     2    15      0  5544  3.8e-09        -
1253  6.3579e-08  7.8669e-11     3183  327 3183     2    15      0  5550  1.4e-07        -
1257  6.3893e-08  7.8669e-11     3191  327 3191     2    15      0  5565  3.5e-09        -
1259     6.4e-08  5.3326e-11 out 3199  329 3199     2    15      0  5580  2.3e-08        -
1262   6.432e-08  1.0665e-10     3205  330 3205     2    15      0  5594  1.4e-08        -
1264    6.45e-08  9.0021e-11 out 3213  332 3213     2    15      0  5611  5.6e-07        -
1266  6.4706e-08    1.16e-10     3219  334 3219     2    16      0  5626  3.8e-09        -
1267   6.481e-08   1.044e-10     3225  335 3225     2    16      0  5640    2e-09        -
1268  6.4905e-08  9.4789e-11     3229  337 3229     2    17      0  5649  7.6e-07        -
1272  6.5284e-08  9.4789e-11     3237  337 3237     2    17      0  5669  1.8e-08        -
1275    6.55e-08  6.0422e-11 out 3243  338 3243     2    17      0  5680  3.7e-07        -
1277  6.5727e-08  1.0627e-10     3251  340 3251     2    17      0  5700  2.4e-09        -
1279  6.5917e-08  8.3308e-11     3259  342 3259     2    17      0  5720  3.2e-07        -
1281  6.6083e-08  8.3308e-11     3263  343 3263     2    17      0  5729  2.9e-09        -
1286  6.6458e-08  4.1729e-11     3273  344 3273     2    17      0  5752  6.7e-09        -
1288  6.6583e-08  8.3458e-11     3277  345 3277     2    17      0  5758  2.1e-07        -
1293     6.7e-08  8.3085e-11 out 3287  345 3287     2    17      0  5778  1.6e-08        -
1298  6.7415e-08  8.3085e-11     3297  345 3297     2    17      0  5798  2.2e-08        -
1301  6.7585e-08  8.4576e-11     3303  347 3303     2    17      0  5808  2.6e-07        -
1306     6.8e-08  8.0847e-11 out 3315  347 3315     2    17      0  5835    1e-08        -
1309  6.8279e-08  1.1752e-10     3325  349 3325     2    18      0  5857  3.2e-09        -
-          当前进度:  19 % - 正在组装残差
1311    6.85e-08  1.1501e-10 out 3333  351 3333     2    18      0  5876  3.1e-09        -
1313  6.8707e-08  1.0351e-10     3341  353 3341     2    18      0  5895  1.7e-09        -
1316     6.9e-08  9.4736e-11 out 3351  353 3351     2    18      0  5918    2e-08        -
1319  6.9284e-08  9.4736e-11     3363  353 3363     2    18      0  5945  2.1e-08        -
1321  6.9439e-08  6.0529e-11     3369  354 3369     2    18      0  5957  4.4e-08        -
1326  6.9742e-08  6.0529e-11     3379  354 3379     2    18      0  5972  8.9e-07        -
1330  6.9962e-08  3.8149e-11     3387  355 3387     2    18      0  5987  3.4e-09        -
1333  7.0153e-08  7.6299e-11     3393  356 3393     2    18      0  5996  5.4e-07        -
1337  7.0441e-08  5.9253e-11     3405  357 3405     2    18      0  6018  2.9e-08        -
1340  7.0619e-08  5.9253e-11     3411  358 3411     2    18      0  6027  2.6e-07        -
1345  7.0915e-08  5.9253e-11     3421  358 3421     2    18      0  6042  8.3e-07        -
1347     7.1e-08  4.2616e-11 out 3429  360 3429     2    18      0  6056  6.7e-09        -
1349   7.117e-08  8.5232e-11     3433  361 3433     2    18      0  6065  2.9e-09        -
1353    7.15e-08  7.9536e-11 out 3443  361 3443     2    18      0  6089  2.9e-08        -
1356  7.1779e-08  1.2011e-10     3453  363 3453     2    19      0  6113  4.6e-09        -
1358  7.1944e-08  5.6359e-11     3461  365 3461     2    19      0  6130  3.9e-08        -
1362  7.2363e-08  1.3728e-10     3473  367 3473     2    19      0  6158    8e-09        -
1366  7.2706e-08  1.3728e-10     3481  369 3481     2    19      0  6172  7.6e-09        -
1368   7.291e-08  8.9897e-11     3489  371 3489     2    19      0  6191  2.7e-07        -
1373   7.336e-08  8.9897e-11     3499  371 3499     2    19      0  6216  1.3e-08        -
1375    7.35e-08  7.0206e-11 out 3507  373 3507     2    19      0  6231  6.4e-08        -
1380  7.3851e-08  7.0206e-11     3517  373 3517     2    19      0  6248  2.8e-09        -
1384  7.4079e-08  7.8765e-11     3525  375 3525     2    19      0  6261  4.3e-08        -
1389  7.4447e-08  5.3087e-11     3539  376 3539     2    19      0  6284  6.3e-09        -
1392  7.4712e-08  1.0617e-10     3545  378 3545     2    19      0  6295  9.8e-07        -
1394  7.4909e-08   9.074e-11     3553  379 3553     2    19      0  6312    1e-07        -
1398  7.5272e-08   9.074e-11     3561  380 3561     2    19      0  6325  2.3e-09        -
1400  7.5431e-08   6.852e-11     3569  381 3569     2    19      0  6340    3e-08        -
1403  7.5706e-08  1.3704e-10     3575  383 3575     2    19      0  6350    1e-06        -
1405  7.5912e-08  8.7512e-11     3585  386 3585     2    20      0  6372  1.1e-07        -
1407  7.6122e-08  1.2172e-10     3591  388 3591     2    21      0  6384  5.7e-07        -
1409  7.6341e-08  1.0955e-10     3599  390 3599     2    21      0  6401    3e-07        -
1411    7.65e-08  7.9594e-11 out 3607  392 3607     2    21      0  6419  5.1e-08        -
1416  7.6898e-08  7.9594e-11     3617  392 3617     2    21      0  6435  1.8e-09        -
1418     7.7e-08  5.1016e-11 out 3621  393 3621     2    21      0  6441  2.1e-08        -
1422  7.7403e-08  9.6953e-11     3630  394 3630     2    21      0  6461  1.7e-08        -
1425  7.7694e-08  9.6953e-11     3639  394 3639     2    21      0  6482  1.7e-08        -
1428  7.7944e-08  5.6094e-11     3647  395 3647     2    21      0  6499  4.9e-09        -
1432  7.8224e-08  1.1219e-10     3655  396 3655     2    21      0  6512  1.6e-07        -
1434  7.8418e-08  8.1719e-11     3663  397 3663     2    21      0  6531  3.7e-08        -
1439  7.8827e-08  8.1719e-11     3673  398 3673     2    21      0  6546    6e-07        -
1443  7.9091e-08  9.1406e-11     3681  400 3681     2    21      0  6558  8.2e-08        -
--         当前进度:  21 % - 
1446  7.9387e-08  1.1289e-10     3691  401 3691     2    21      0  6576  7.4e-07        -
1448  7.9628e-08  1.2826e-10     3697  404 3697     2    22      0  6590    5e-09        -
1450  7.9859e-08  1.1543e-10     3705  406 3705     2    22      0  6608  8.2e-07        -
1454  8.0211e-08  1.4087e-10     3713  408 3713     2    22      0  6622  8.8e-09        -
1456  8.0415e-08  8.4995e-11     3721  410 3721     2    22      0  6641  1.4e-07        -
1461   8.084e-08  8.4995e-11     3731  410 3731     2    22      0  6665  9.1e-09        -
1465   8.116e-08  8.0011e-11     3743  410 3743     2    22      0  6691    2e-08        -
1467   8.132e-08  8.0011e-11     3749  410 3749     2    22      0  6703  1.9e-08        -
1471    8.16e-08  9.9945e-11     3758  412 3758     2    22      0  6719  2.7e-07        -
1474    8.19e-08  9.9945e-11     3764  412 3764     2    22      0  6734  1.6e-08        -
1477    8.21e-08  1.0022e-10     3770  414 3770     2    22      0  6744    3e-07        -
1483  8.2699e-08   9.967e-11     3782  414 3782     2    22      0  6774  5.4e-08        -
1486  8.2949e-08   5.066e-11     3788  415 3788     2    22      0  6787  1.5e-08        -
1490  8.3253e-08  1.0132e-10     3796  416 3796     2    22      0  6802  6.8e-09        -
1492  8.3438e-08  6.1675e-11     3804  418 3804     2    22      0  6819    4e-08        -
1495  8.3685e-08  1.2335e-10     3810  419 3810     2    22      0  6830  4.3e-09        -
1497  8.3898e-08  1.0198e-10     3818  421 3818     2    22      0  6848  3.9e-07        -
1501  8.4306e-08  1.0198e-10     3826  421 3826     2    22      0  6868  2.4e-08        -
1504  8.4597e-08  9.7031e-11     3835  421 3835     2    22      0  6889  3.2e-08        -
1507  8.4888e-08  9.7031e-11     3844  421 3844     2    22      0  6910  3.2e-08        -
1510  8.5056e-08  5.5937e-11     3850  422 3850     2    22      0  6919  1.2e-07        -
1514   8.528e-08  5.5937e-11     3858  422 3858     2    22      0  6931  3.2e-07        -
1519  8.5554e-08   5.422e-11     3868  422 3868     2    22      0  6949  1.6e-08        -
1523   8.594e-08  6.0232e-11     3876  424 3876     2    22      0  6966  2.3e-08        -
1527  8.6301e-08  1.2046e-10     3884  425 3884     2    22      0  6981  2.1e-08        -
1529    8.65e-08  9.9421e-11 out 3892  427 3892     2    22      0  7000  3.3e-07        -
1533  8.6925e-08   7.529e-11     3900  429 3900     2    22      0  7018  9.2e-08        -
1537  8.7353e-08  1.2678e-10     3912  431 3912     2    22      0  7045  5.6e-09        -
1540  8.7647e-08  1.4736e-10     3918  433 3918     2    22      0  7056  1.4e-08        -
1541  8.7772e-08  1.2451e-10     3924  434 3924     2    22      0  7071  8.9e-07        -
1545  8.8228e-08  1.1407e-10     3932  435 3932     2    22      0  7090  3.9e-08        -
1547  8.8421e-08  7.8898e-11     3940  436 3940     2    22      0  7111    8e-08        -
1550  8.8658e-08  7.8898e-11     3946  437 3946     2    22      0  7121  6.8e-07        -
1552  8.8816e-08  7.8898e-11     3950  437 3950     2    22      0  7128  4.7e-09        -
1554  8.8947e-08  5.2756e-11     3958  438 3958     2    22      0  7147  9.4e-09        -
1556  8.9106e-08  1.0551e-10     3962  440 3962     2    22      0  7154    3e-07        -
1559  8.9408e-08  9.1732e-11     3972  441 3972     2    22      0  7176  1.5e-07        -
1563  8.9775e-08  9.1732e-11     3980  442 3980     2    22      0  7190    1e-08        -
1568     9.1e-08       5e-10 out 3985  444 3985     2    22      0  7190        0        -
1576     9.5e-08       5e-10 out 3993  444 3993     2    22      0  7190        0        -
1585    9.95e-08       5e-10 out 4002  444 4002     2    22      0  7190        0        -
1594    1.04e-07       5e-10 out 4011  444 4011     2    22      0  7190        0        -
--         当前进度:  26 % - 正在组装残差
1601   1.075e-07       5e-10 out 4018  444 4018     2    22      0  7190        0        -
1610    1.12e-07       5e-10 out 4027  444 4027     2    22      0  7190        0        -
1618    1.16e-07       5e-10 out 4035  444 4035     2    22      0  7190        0        -
1623   1.185e-07       5e-10 out 4040  444 4040     2    22      0  7190        0        -
1632    1.23e-07       5e-10 out 4049  444 4049     2    22      0  7190        0        -
1640    1.27e-07       5e-10 out 4057  444 4057     2    22      0  7190        0        -
1648    1.31e-07       5e-10 out 4065  444 4065     2    22      0  7190        0        -
1657   1.355e-07       5e-10 out 4074  444 4074     2    22      0  7190        0        -
1666     1.4e-07       5e-10 out 4083  444 4083     2    22      0  7190        0        -
1671   1.425e-07       5e-10 out 4088  444 4088     2    22      0  7190        0        -
1680    1.47e-07       5e-10 out 4097  444 4097     2    22      0  7190        0        -
1689   1.515e-07       5e-10 out 4106  444 4106     2    22      0  7190        0        -
1697   1.555e-07       5e-10 out 4114  444 4114     2    22      0  7190        0        -
1706     1.6e-07       5e-10 out 4123  444 4123     2    22      0  7190        0        -
1716    1.65e-07       5e-10 out 4133  444 4133     2    22      0  7190        0        -
1722    1.68e-07       5e-10 out 4139  444 4139     2    22      0  7190        0        -
1731   1.725e-07       5e-10 out 4148  444 4148     2    22      0  7190        0        -
1739   1.765e-07       5e-10 out 4156  444 4156     2    22      0  7190        0        -
1743   1.785e-07       5e-10 out 4160  444 4160     2    22      0  7190        0        -
1750    1.82e-07       5e-10 out 4167  444 4167     2    22      0  7190        0        -
1757   1.855e-07       5e-10 out 4174  444 4174     2    22      0  7190        0        -
1764    1.89e-07       5e-10 out 4181  444 4181     2    22      0  7190        0        -
1773   1.935e-07       5e-10 out 4190  444 4190     2    22      0  7190        0        -
1780    1.97e-07       5e-10 out 4197  444 4197     2    22      0  7190        0        -
1788    2.01e-07       5e-10 out 4205  444 4205     2    22      0  7190        0        -
1797   2.055e-07       5e-10 out 4214  444 4214     2    22      0  7190        0        -
1805   2.095e-07       5e-10 out 4222  444 4222     2    22      0  7190        0        -
1813   2.135e-07       5e-10 out 4230  444 4230     2    22      0  7190        0        -
1823   2.185e-07       5e-10 out 4240  444 4240     2    22      0  7190        0        -
1833   2.235e-07       5e-10 out 4250  444 4250     2    22      0  7190        0        -
1843   2.285e-07       5e-10 out 4260  444 4260     2    22      0  7190        0        -
1853   2.335e-07       5e-10 out 4270  444 4270     2    22      0  7190        0        -
1863   2.385e-07       5e-10 out 4280  444 4280     2    22      0  7190        0        -
1873   2.435e-07       5e-10 out 4290  444 4290     2    22      0  7190        0        -
1883   2.485e-07       5e-10 out 4300  444 4300     2    22      0  7190        0        -
1893   2.535e-07       5e-10 out 4310  444 4310     2    22      0  7190        0        -
1902    2.58e-07       5e-10 out 4319  444 4319     2    22      0  7190        0        -
1910    2.62e-07       5e-10 out 4327  444 4327     2    22      0  7190        0        -
1919   2.665e-07       5e-10 out 4336  444 4336     2    22      0  7190        0        -
1928    2.71e-07       5e-10 out 4345  444 4345     2    22      0  7190        0        -
1935   2.745e-07       5e-10 out 4352  444 4352     2    22      0  7190        0        -
1942    2.78e-07       5e-10 out 4359  444 4359     2    22      0  7190        0        -
1952    2.83e-07       5e-10 out 4369  444 4369     2    22      0  7190        0        -
1961   2.875e-07       5e-10 out 4378  444 4378     2    22      0  7190        0        -
1969   2.915e-07       5e-10 out 4386  444 4386     2    22      0  7190        0        -
1979   2.965e-07       5e-10 out 4396  444 4396     2    22      0  7190        0        -
1989   3.015e-07       5e-10 out 4406  444 4406     2    22      0  7190        0        -
1999   3.065e-07       5e-10 out 4416  444 4416     2    22      0  7190        0        -
2009   3.115e-07       5e-10 out 4426  444 4426     2    22      0  7190        0        -
2017   3.155e-07       5e-10 out 4434  444 4434     2    22      0  7190        0        -
------     当前进度:  66 % - 正在组装残差
2026     3.2e-07       5e-10 out 4443  444 4443     2    22      0  7190        0        -
2036    3.25e-07       5e-10 out 4453  444 4453     2    22      0  7190        0        -
2043   3.285e-07       5e-10 out 4460  444 4460     2    22      0  7190        0        -
2052    3.33e-07       5e-10 out 4469  444 4469     2    22      0  7190        0        -
2062    3.38e-07       5e-10 out 4479  444 4479     2    22      0  7190        0        -
2071   3.425e-07       5e-10 out 4488  444 4488     2    22      0  7190        0        -
2079   3.465e-07       5e-10 out 4496  444 4496     2    22      0  7190        0        -
2089   3.515e-07       5e-10 out 4506  444 4506     2    22      0  7190        0        -
2097   3.555e-07       5e-10 out 4514  444 4514     2    22      0  7190        0        -
2106     3.6e-07       5e-10 out 4523  444 4523     2    22      0  7190        0        -
2115   3.645e-07       5e-10 out 4532  444 4532     2    22      0  7190        0        -
2123   3.685e-07       5e-10 out 4540  444 4540     2    22      0  7190        0        -
2132    3.73e-07       5e-10 out 4549  444 4549     2    22      0  7190        0        -
2141   3.775e-07       5e-10 out 4558  444 4558     2    22      0  7190        0        -
2148    3.81e-07       5e-10 out 4565  444 4565     2    22      0  7190        0        -
2157   3.855e-07       5e-10 out 4574  444 4574     2    22      0  7190        0        -
2165   3.895e-07       5e-10 out 4582  444 4582     2    22      0  7190        0        -
2173   3.935e-07       5e-10 out 4590  444 4590     2    22      0  7190        0        -
2182    3.98e-07       5e-10 out 4599  444 4599     2    22      0  7190        0        -
2191   4.025e-07       5e-10 out 4608  444 4608     2    22      0  7190        0        -
2199   4.065e-07       5e-10 out 4616  444 4616     2    22      0  7190        0        -
2208    4.11e-07       5e-10 out 4625  444 4625     2    22      0  7190        0        -
2217   4.155e-07       5e-10 out 4634  444 4634     2    22      0  7190        0        -
2225   4.195e-07       5e-10 out 4642  444 4642     2    22      0  7190        0        -
2234    4.24e-07       5e-10 out 4651  444 4651     2    22      0  7190        0        -
2243   4.285e-07       5e-10 out 4660  444 4660     2    22      0  7190        0        -
2251   4.325e-07       5e-10 out 4668  444 4668     2    22      0  7190        0        -
2260    4.37e-07       5e-10 out 4677  444 4677     2    22      0  7190        0        -
2269   4.415e-07       5e-10 out 4686  444 4686     2    22      0  7190        0        -
2277   4.455e-07       5e-10 out 4694  444 4694     2    22      0  7190        0        -
2286     4.5e-07       5e-10 out 4703  444 4703     2    22      0  7190        0        -
2295   4.545e-07       5e-10 out 4712  444 4712     2    22      0  7190        0        -
2304    4.59e-07       5e-10 out 4721  444 4721     2    22      0  7190        0        -
2314    4.64e-07       5e-10 out 4731  444 4731     2    22      0  7190        0        -
2323   4.685e-07       5e-10 out 4740  444 4740     2    22      0  7190        0        -
2331   4.725e-07       5e-10 out 4748  444 4748     2    22      0  7190        0        -
2341   4.775e-07       5e-10 out 4758  444 4758     2    22      0  7190        0        -
2350    4.82e-07       5e-10 out 4767  444 4767     2    22      0  7190        0        -
2356    4.85e-07       5e-10 out 4773  444 4773     2    22      0  7190        0        -
2366     4.9e-07       5e-10 out 4783  444 4783     2    22      0  7190        0        -
2375   4.945e-07       5e-10 out 4792  444 4792     2    22      0  7190        0        -
2383   4.985e-07       5e-10 out 4800  444 4800     2    22      0  7190        0        -
2386       5e-07       5e-10 out 4803  444 4803     2    22      0  7190        0        -
---------- 当前进度: 100 % - 
求解时间：4 s。
物理内存: 1.23 GB
虚拟内存: 1.24 GB
结束时间：2026年9月4日 10:10:36。
----- Study 2 - Single_Muon_Diagnostic/解 2 (sol2) 中的“瞬态求解器 1” ----------------->
           当前进度:   0 % - 
Memory: 1229/1521 1239/1565
-          当前进度:  12 % - 正在计算
Memory: 1216/1521 1224/1565
--         当前进度:  21 % - 正在计算
---        当前进度:  31 % - 正在计算
---        当前进度:  39 % - 正在计算
----       当前进度:  48 % - 正在计算
-----      当前进度:  57 % - 正在计算
------     当前进度:  66 % - 正在计算
-------    当前进度:  75 % - 正在计算
--------   当前进度:  85 % - 正在计算
---------  当前进度:  94 % - 正在计算
---------- 当前进度: 100 % - 正在计算
           当前进度:   0 % - 
---        当前进度:  34 % - 正在计算
Memory: 1209/1521 1216/1565
---------  当前进度:  95 % - 正在计算
BRIDGE_CASE_COMPLETE=bridge_gap40p4_V23_8kV
BRIDGE_CASE_START=bridge_gap40p4_V23_10kV
           当前进度:   0 % - Study 1 - 3D Electrostatics stationary
Memory: 1211/1521 1218/1565
           当前进度:   3 % - Study 1 - 3D Electrostatics stationary
<---- Study 1 - 3D Electrostatics stationary/解 1 (sol1) 中的“编译方程: 稳态” -----------
开始于 2026年9月4日 10:10:40。
几何形函数: 二次拉格朗日单元
几何形函数: 二次拉格朗日单元
在 Intel64 Family 6 Model 186 Stepping 2, GenuineIntel 上运行。
在以下位置使用 1 个插槽： 陈红星 上（共 1 个内核）。
可用内存：15.90 GB。
           当前进度:   3 % - 编译方程: 稳态
           当前进度:   6 % - 编译方程: 稳态
Memory: 1220/1521 1228/1565
           当前进度:   7 % - 编译方程: 稳态
Memory: 1237/1521 1245/1565
时间：1。
物理内存: 1.32 GB
虚拟内存: 1.69 GB
Warning: 自由空间采用真空条件，这会导致某些材料属性被忽略。请考虑为忽略的材料添加合适的物理场特征。

  - 节点: 自由空间 1

  - 物理场: Electrostatics: four finite-thickness rounded ring electrodes (es)

  - Materials: Natural Neon gas, representative relative permittivity (mat_gas), Representative alumina ceramic; epsilon_r=9.4 assumption (mat_diel)

  - Quantities: 相对介电常数, 相对介电常数
结束时间：2026年9月4日 10:10:41。
----- Study 1 - 3D Electrostatics stationary/解 1 (sol1) 中的“编译方程: 稳态” ---------->
<---- Study 1 - 3D Electrostatics stationary/解 1 (sol1) 中的“因变量 1” --------------
开始于 2026年9月4日 10:10:41。
           当前进度:   7 % - 因变量 1
Memory: 1318/1521 1687/1689
求解时间：0 s。
物理内存: 1.32 GB
虚拟内存: 1.69 GB
结束时间：2026年9月4日 10:10:41。
----- Study 1 - 3D Electrostatics stationary/解 1 (sol1) 中的“因变量 1” ------------->
<---- Study 1 - 3D Electrostatics stationary/解 1 (sol1) 中的“稳态求解器 1” ------------
开始于 2026年9月4日 10:10:41。
线性求解器 
求解的自由度数：106954。
--         当前进度:  23 % - 组装稀疏模式
Memory: 1238/1521 1246/1690
---        当前进度:  31 % - 组装矩阵
Memory: 1266/1521 1277/1690
---        当前进度:  38 % - 
Memory: 1277/1521 1289/1690
找到对称矩阵。
缩放因变量：
电势 (comp1.V): 1
已使用正交零空间函数。
---        当前进度:  38 % - 组装延展
Memory: 1303/1521 1318/1690
Iter      SolEst     Damping    Stepsize #Res #Jac #Sol LinIt   LinErr   LinRes
-------    当前进度:  74 % - 求解线性方程组
Memory: 1306/1521 1322/1690
   1        0.76   1.0000000        0.76    1    1    1     4  1.6e-05    3e-08
---------- 当前进度: 100 % - 
Memory: 1301/1521 1316/1690
求解时间：3 s。
物理内存: 1.33 GB
虚拟内存: 1.69 GB
结束时间：2026年9月4日 10:10:44。
----- Study 1 - 3D Electrostatics stationary/解 1 (sol1) 中的“稳态求解器 1” ----------->
           当前进度:   0 % - Study 2 - Single_Muon_Diagnostic
Memory: 1300/1521 1315/1690
           当前进度:   3 % - Study 2 - Single_Muon_Diagnostic
<---- Study 2 - Single_Muon_Diagnostic/解 2 (sol2) 中的“编译方程: 瞬态” -----------------
开始于 2026年9月4日 10:10:45。
几何形函数: 二次拉格朗日单元
几何形函数: 二次拉格朗日单元
在 Intel64 Family 6 Model 186 Stepping 2, GenuineIntel 上运行。
在以下位置使用 1 个插槽： 陈红星 上（共 1 个内核）。
可用内存：15.90 GB。
           当前进度:   3 % - 编译方程: 瞬态
Memory: 1302/1521 1316/1690
           当前进度:   5 % - 编译方程: 瞬态
Memory: 1238/1521 1246/1690
时间：1。
物理内存: 1.3 GB
虚拟内存: 1.32 GB
Warning: 自由空间采用真空条件，这会导致某些材料属性被忽略。请考虑为忽略的材料添加合适的物理场特征。

  - 节点: 自由空间 1

  - 物理场: Electrostatics: four finite-thickness rounded ring electrodes (es)

  - Materials: Natural Neon gas, representative relative permittivity (mat_gas), Representative alumina ceramic; epsilon_r=9.4 assumption (mat_diel)

  - Quantities: 相对介电常数, 相对介电常数
结束时间：2026年9月4日 10:10:46。
----- Study 2 - Single_Muon_Diagnostic/解 2 (sol2) 中的“编译方程: 瞬态” ---------------->
<---- Study 2 - Single_Muon_Diagnostic/解 2 (sol2) 中的“因变量 1” --------------------
开始于 2026年9月4日 10:10:46。
不求解变量的值: 解 1 (sol1).
           当前进度:   5 % - 因变量 1
Memory: 1221/1521 1229/1690
求解时间：0 s。
物理内存: 1.24 GB
虚拟内存: 1.25 GB
结束时间：2026年9月4日 10:10:46。
----- Study 2 - Single_Muon_Diagnostic/解 2 (sol2) 中的“因变量 1” ------------------->
<---- Study 2 - Single_Muon_Diagnostic/解 2 (sol2) 中的“瞬态求解器 1” ------------------
开始于 2026年9月4日 10:10:46。
瞬态求解器（广义 α）
求解的自由度数：3（加上 4 个内部自由度）。
找到非对称矩阵。
缩放因变量：
颗粒位置 (comp1.qcpt): 1
Step        Time    Stepsize      Res  Jac  Sol Order Tfail NLfail LinIt   LinErr   LinRes
   0           0           - out    2    3    2                  0     0        0        0
   1    6.25e-11    6.25e-11       10    7   10     2     3      0    18  4.8e-08        -
   6    3.75e-10    6.25e-11       20    7   20     2     3      0    35  6.7e-11        -
  12  7.4375e-10   5.625e-11       36    8   36     2     3      0    66  1.2e-07        -
  16  9.5625e-10   4.375e-11       48   10   48     2     3      0    87  3.9e-08        -
  21   1.175e-09   4.375e-11       58   11   58     2     3      0   102    7e-07        -
  27  1.4375e-09   4.375e-11       70   11   70     2     3      0   125  1.8e-11        -
  29     1.5e-09   3.125e-11 out   78   13   78     2     3      0   139    7e-09        -
  35  1.6875e-09   3.125e-11       90   13   90     2     3      0   157  1.7e-07        -
  39  1.8438e-09    6.25e-11       98   14   98     2     3      0   169  2.2e-07        -
  42       2e-09  4.6875e-11 out  108   16  108     2     3      0   187  5.4e-08        -
  48  2.2812e-09  4.6875e-11      120   16  120     2     3      0   207  3.3e-11        -
  52  2.4609e-09  3.9063e-11      132   17  132     2     3      0   230  2.1e-08        -
  56  2.6172e-09  3.9063e-11      140   18  140     2     3      0   242  2.6e-07        -
  62  2.8516e-09  3.9063e-11      152   18  152     2     3      0   260  7.4e-07        -
  66       3e-09  3.5156e-11 out  164   18  164     2     3      0   282  2.7e-10        -
  69  3.1055e-09  3.5156e-11      176   18  176     2     3      0   306  2.7e-10        -
  72  3.2109e-09  3.5156e-11      188   18  188     2     3      0   330  2.6e-10        -
  75  3.3164e-09  3.5156e-11      200   18  200     2     3      0   354  2.6e-10        -
  78  3.4219e-09  3.5156e-11      212   18  212     2     3      0   378  2.5e-10        -
  82   3.543e-09  4.2969e-11      222   20  222     2     3      0   395  1.7e-08        -
  88  3.8008e-09  4.2969e-11      234   20  234     2     3      0   413  4.2e-07        -
  92  3.9648e-09  3.5156e-11      246   21  246     2     3      0   433  6.5e-09        -
  97  4.1406e-09  3.5156e-11      256   22  256     2     3      0   448  1.1e-07        -
 101  4.2812e-09  3.5156e-11      264   22  264     2     3      0   460  2.2e-07        -
 107     4.5e-09  4.2969e-11 out  280   23  280     2     3      0   486  2.1e-08        -
           当前进度:   8 % - 
 110  4.6289e-09  4.2969e-11      286   24  286     2     3      0   495    2e-07        -
 115  4.8438e-09  4.2969e-11      296   24  296     2     3      0   510  6.4e-07        -
 118  4.9648e-09  3.5156e-11      306   25  306     2     3      0   527  8.9e-09        -
 121  5.1055e-09  7.0312e-11      312   27  312     2     3      0   536  2.9e-07        -
 123   5.232e-09  6.3281e-11      320   29  320     2     3      0   550  1.7e-07        -
 126  5.4155e-09  5.6953e-11      330   30  330     2     3      0   568  9.9e-08        -
 130  5.5845e-09  4.2227e-11      338   31  338     2     3      0   580  2.9e-07        -
 136  5.8378e-09  4.2227e-11      350   31  350     2     3      0   598  8.2e-07        -
 140       6e-09  3.8867e-11 out  362   31  362     2     3      0   620  1.6e-10        -
 143  6.1166e-09  3.8867e-11      374   31  374     2     3      0   644  1.6e-10        -
 146  6.2332e-09  3.8867e-11      386   31  386     2     3      0   668  1.6e-10        -
 149  6.3498e-09  3.8867e-11      398   31  398     2     3      0   692  1.6e-10        -
 152  6.4638e-09  3.6231e-11      412   32  412     2     3      0   719  1.4e-08        -
 155  6.5725e-09  3.6231e-11      418   33  418     2     3      0   728  1.3e-07        -
 161  6.7898e-09  3.6231e-11      430   33  430     2     3      0   746  5.4e-07        -
 166  6.9674e-09  3.2616e-11      444   34  444     2     3      0   769  1.3e-08        -
 170  7.0978e-09  3.2616e-11      452   35  452     2     3      0   781  1.9e-07        -
 176  7.2935e-09  3.2616e-11      464   35  464     2     3      0   799  5.8e-07        -
 181  7.4566e-09  3.2616e-11      474   35  474     2     3      0   814  9.2e-07        -
 184  7.5434e-09   4.337e-11      480   37  480     2     3      0   823  7.5e-08        -
 189  7.7602e-09   4.337e-11      490   37  490     2     3      0   840  3.4e-11        -
 194  7.9668e-09  3.3151e-11      504   38  504     2     3      0   867  1.7e-08        -
 198  8.0995e-09  3.3151e-11      512   39  512     2     3      0   879  2.1e-07        -
 202  8.2321e-09  3.3151e-11      520   39  520     2     3      0   891  4.3e-07        -
 207  8.3978e-09  3.3151e-11      530   39  530     2     3      0   906  6.4e-07        -
 211     8.5e-09  1.7941e-11 out  538   40  538     2     3      0   918  2.9e-09        -
 215  8.6435e-09  3.5882e-11      546   41  546     2     3      0   930  2.2e-07        -
 220  8.8229e-09  3.5882e-11      556   41  556     2     3      0   945  5.1e-07        -
 225       9e-09  3.4708e-11 out  568   41  568     2     3      0   966  5.2e-11        -
 227  9.1302e-09  6.0758e-11      576   43  576     2     3      0   980  2.2e-07        -
 232   9.434e-09  6.0758e-11      586   44  586     2     3      0   999  2.6e-10        -
 236  9.5991e-09  6.6037e-11      594   46  594     2     3      0  1011  3.4e-07        -
 238  9.7179e-09  5.9433e-11      602   48  602     2     3      0  1025    2e-07        -
 242  9.9481e-09  5.1889e-11      614   49  614     2     3      0  1047  9.1e-08        -
 246  1.0156e-08  5.1889e-11      622   50  622     2     3      0  1060  9.2e-11        -
 252  1.0458e-08  4.2445e-11      638   51  638     2     3      0  1091  2.3e-08        -
 256  1.0627e-08  4.2445e-11      646   52  646     2     3      0  1103  2.8e-07        -
 262  1.0882e-08  4.2445e-11      658   52  658     2     3      0  1121  7.7e-07        -
 266  1.1038e-08  3.7776e-11      672   52  672     2     3      0  1148    3e-10        -
 269  1.1151e-08  3.7776e-11      684   52  684     2     3      0  1172    3e-10        -
 271  1.1227e-08  3.7776e-11      694   53  694     2     3      0  1191  9.9e-09        -
 276  1.1416e-08  3.7776e-11      704   54  704     2     3      0  1206  1.7e-07        -
 280  1.1547e-08  4.6684e-11      712   56  712     2     3      0  1218  2.8e-08        -
 286  1.1827e-08  4.6684e-11      724   56  724     2     3      0  1236  7.3e-07        -
           当前进度:   9 % - 
 289   1.196e-08  3.9924e-11      734   57  734     2     3      0  1253  1.5e-08        -
 292   1.208e-08  3.9924e-11      740   58  740     2     3      0  1262  1.4e-07        -
 297  1.2279e-08  3.9924e-11      750   58  750     2     3      0  1277  4.6e-07        -
 302   1.247e-08  3.0417e-11      764   59  764     2     3      0  1300  4.5e-09        -
 306  1.2683e-08  6.0834e-11      772   61  772     2     3      0  1313    2e-10        -
 311  1.2963e-08  3.7081e-11      782   62  782     2     3      0  1332  1.3e-08        -
 315  1.3174e-08  6.2965e-11      794   64  794     2     3      0  1352  1.8e-07        -
 317  1.3294e-08  5.6668e-11      802   66  802     2     3      0  1366  1.1e-07        -
 320  1.3454e-08  4.6412e-11      812   68  812     2     3      0  1383  4.2e-08        -
 325  1.3686e-08  4.6412e-11      822   69  822     2     3      0  1398  7.5e-07        -
 328  1.3825e-08  4.6412e-11      828   69  828     2     3      0  1409  1.1e-10        -
 331  1.3959e-08  4.1144e-11      838   70  838     2     3      0  1428    3e-08        -
 336  1.4165e-08  4.1144e-11      848   71  848     2     3      0  1443  5.5e-07        -
 341   1.437e-08  4.1144e-11      858   71  858     2     3      0  1461  6.8e-11        -
 345    1.45e-08  2.3705e-11 out  866   72  866     2     3      0  1475  1.5e-08        -
 349   1.469e-08  4.7411e-11      874   73  874     2     3      0  1488  6.6e-11        -
 354  1.4927e-08  4.7411e-11      884   73  884     2     3      0  1508  1.5e-10        -
 356     1.5e-08  3.6651e-11 out  892   75  892     2     3      0  1522  2.8e-08        -
 361  1.5183e-08  3.6651e-11      902   75  902     2     3      0  1537  5.6e-07        -
 365   1.533e-08  3.6651e-11      910   75  910     2     3      0  1549  9.3e-07        -
 369   1.547e-08  3.0096e-11      922   76  922     2     3      0  1572  9.8e-09        -
 374   1.562e-08  3.0096e-11      932   77  932     2     3      0  1587  1.5e-07        -
 380  1.5801e-08  3.0096e-11      944   77  944     2     3      0  1605  3.3e-07        -
 382  1.5915e-08  5.4172e-11      952   79  952     2     3      0  1619  1.5e-07        -
 387  1.6127e-08  4.2339e-11      962   80  962     2     3      0  1634  6.9e-07        -
 393  1.6381e-08  4.2339e-11      974   80  974     2     3      0  1656    1e-10        -
 396    1.65e-08  3.8304e-11 out  984   80  984     2     3      0  1676    1e-10        -
 399  1.6615e-08  3.8304e-11      996   80  996     2     3      0  1700  1.1e-10        -
 402  1.6796e-08  6.6172e-11     1008   82 1008     2     3      0  1722  3.9e-07        -
 406     1.7e-08   3.583e-11 out 1016   84 1016     2     3      0  1735  9.1e-08        -
 408  1.7136e-08  6.4494e-11     1024   86 1024     2     3      0  1749  3.4e-07        -
 412  1.7388e-08  5.8044e-11     1036   88 1036     2     3      0  1771  1.7e-07        -
 416  1.7612e-08  5.6161e-11     1044   89 1044     2     3      0  1785  2.2e-10        -
 420  1.7831e-08  5.0545e-11     1056   90 1056     2     3      0  1808  5.9e-08        -
 423  1.7966e-08   3.378e-11     1066   92 1066     2     3      0  1825    7e-09        -
 427  1.8101e-08   3.378e-11     1074   93 1074     2     3      0  1837  8.7e-08        -
 433  1.8304e-08   3.378e-11     1086   93 1086     2     3      0  1855  2.4e-07        -
 438   1.847e-08  3.0429e-11     1098   93 1098     2     3      0  1875  2.3e-11        -
 440   1.853e-08  3.0429e-11     1106   93 1106     2     3      0  1891  2.4e-11        -
 443  1.8622e-08  3.0429e-11     1118   93 1118     2     3      0  1915  2.5e-11        -
 446  1.8713e-08  3.0429e-11     1130   93 1130     2     3      0  1939  2.8e-11        -
 449  1.8835e-08  6.0857e-11     1140   94 1140     2     3      0  1958  1.1e-07        -
 452     1.9e-08  5.2214e-11 out 1150   96 1150     2     3      0  1975  5.7e-08        -
-          当前进度:  10 % - 
 457  1.9261e-08  5.2214e-11     1160   96 1160     2     3      0  1991  2.4e-10        -
 461  1.9459e-08  4.1143e-11     1172   97 1172     2     3      0  2014    2e-08        -
 465  1.9623e-08  4.1143e-11     1180   98 1180     2     3      0  2026  2.8e-07        -
 469  1.9857e-08  6.8772e-11     1192  100 1192     2     3      0  2046    3e-07        -
 473  2.0037e-08  3.7228e-11     1200  102 1200     2     3      0  2058  1.2e-07        -
 475  2.0178e-08  6.5906e-11     1208  104 1208     2     3      0  2072  2.4e-07        -
 477  2.0303e-08  5.9316e-11     1216  106 1216     2     3      0  2086  1.4e-07        -
 481    2.05e-08  3.9279e-11 out 1224  108 1224     2     3      0  2098  9.2e-08        -
 482  2.0562e-08  6.2293e-11     1228  110 1228     2     4      0  2104  1.9e-07        -
 484  2.0674e-08  5.6064e-11     1236  112 1236     2     4      0  2118  1.1e-07        -
 487  2.0843e-08  5.6064e-11     1242  112 1242     2     4      0  2129  2.3e-10        -
 490     2.1e-08  5.0662e-11 out 1252  114 1252     2     4      0  2147  6.9e-08        -
 496  2.1304e-08  5.0662e-11     1264  114 1264     2     4      0  2168  2.4e-10        -
 500    2.15e-08  4.7352e-11 out 1276  114 1276     2     4      0  2192  1.4e-11        -
 503  2.1642e-08  4.7352e-11     1288  114 1288     2     4      0  2216  1.5e-11        -
 506  2.1784e-08  4.7352e-11     1300  114 1300     2     4      0  2240  1.5e-11        -
 509  2.1926e-08  4.7352e-11     1312  114 1312     2     4      0  2264  1.2e-11        -
 511     2.2e-08  3.6918e-11 out 1320  116 1320     2     4      0  2278  2.4e-08        -
 516  2.2185e-08  3.6918e-11     1330  116 1330     2     4      0  2293  5.1e-07        -
 522  2.2406e-08  3.6918e-11     1342  116 1342     2     4      0  2312    7e-11        -
 525    2.25e-08  2.8492e-11 out 1352  118 1352     2     4      0  2330  6.7e-09        -
 531  2.2671e-08  2.8492e-11     1364  118 1364     2     4      0  2348  1.6e-07        -
 537  2.2842e-08  2.8492e-11     1376  118 1376     2     4      0  2366    3e-07        -
 542  2.2978e-08  2.2065e-11     1390  119 1390     2     4      0  2389  1.7e-09        -
 546  2.3132e-08   4.413e-11     1398  121 1398     2     4      0  2401  4.7e-07        -
 552  2.3397e-08   4.413e-11     1410  121 1410     2     4      0  2423  1.5e-10        -
 556  2.3529e-08  2.9351e-11     1418  122 1418     2     4      0  2436  5.7e-08        -
 561  2.3823e-08  5.8702e-11     1428  123 1428     2     4      0  2455  4.4e-10        -
 565     2.4e-08  2.9869e-11 out 1436  124 1436     2     4      0  2469  3.9e-08        -
 568  2.4149e-08  5.9737e-11     1442  125 1442     2     4      0  2479  1.4e-10        -
 573  2.4444e-08  5.5854e-11     1454  125 1454     2     4      0  2503  1.1e-10        -
 576  2.4612e-08  5.5854e-11     1466  125 1466     2     4      0  2527  1.1e-10        -
 579  2.4779e-08  5.5854e-11     1478  125 1478     2     4      0  2551  1.1e-10        -
 582  2.4945e-08  5.4511e-11     1490  125 1490     2     4      0  2575    2e-10        -
 585  2.5109e-08  5.4511e-11     1502  125 1502     2     4      0  2599  1.4e-10        -
 588  2.5273e-08  5.4511e-11     1514  125 1514     2     4      0  2623  7.5e-11        -
 590  2.5376e-08   4.906e-11     1524  126 1524     2     4      0  2642  4.6e-08        -
 592  2.5463e-08  3.7407e-11     1532  128 1532     2     4      0  2656  1.1e-08        -
 597   2.565e-08  3.7407e-11     1542  129 1542     2     4      0  2671  1.8e-07        -
 602  2.5837e-08  3.7407e-11     1552  129 1552     2     4      0  2686  3.9e-07        -
 606  2.5974e-08  2.5556e-11     1564  130 1564     2     4      0  2706  1.4e-09        -
 610  2.6153e-08  5.1113e-11     1572  132 1572     2     4      0  2718  4.1e-07        -
 615  2.6409e-08  5.1113e-11     1582  132 1582     2     4      0  2735  3.6e-10        -
 617    2.65e-08  4.5549e-11 out 1590  134 1590     2     4      0  2749  2.9e-08        -
-          当前进度:  12 % - 
 622  2.6728e-08  4.5549e-11     1600  134 1600     2     4      0  2764  6.2e-07        -
 628     2.7e-08  4.5028e-11 out 1612  134 1612     2     4      0  2785  5.3e-10        -
 632  2.7225e-08  9.0055e-11     1620  135 1620     2     4      0  2801  8.8e-11        -
 634  2.7369e-08  7.1711e-11     1628  137 1628     2     4      0  2815  3.7e-07        -
 636  2.7467e-08   3.345e-11     1636  139 1636     2     4      0  2829  8.3e-09        -
 641  2.7761e-08  6.0211e-11     1650  141 1650     2     4      0  2854  1.6e-07        -
 646  2.8059e-08  5.9333e-11     1660  142 1660     2     4      0  2872  2.2e-09        -
 652  2.8415e-08  5.9333e-11     1672  142 1672     2     4      0  2896  2.7e-09        -
 654    2.85e-08  4.2334e-11 out 1680  144 1680     2     4      0  2910  2.7e-08        -
 657  2.8663e-08  5.7273e-11     1692  147 1692     2     5      0  2930  1.3e-07        -
 661  2.8892e-08  5.7273e-11     1700  148 1700     2     5      0  2944  3.1e-10        -
 664  2.9054e-08  5.3832e-11     1712  148 1712     2     5      0  2968  1.4e-10        -
 667  2.9215e-08  5.3832e-11     1724  148 1724     2     5      0  2992  1.4e-10        -
 669  2.9323e-08  5.3832e-11     1732  148 1732     2     5      0  3008  1.5e-10        -
 672  2.9465e-08   3.467e-11     1742  149 1742     2     5      0  3027  1.3e-08        -
 678  2.9673e-08   3.467e-11     1754  149 1754     2     5      0  3045  3.2e-07        -
 682  2.9812e-08   3.467e-11     1762  149 1762     2     5      0  3057  5.2e-07        -
 687  2.9975e-08  2.4643e-11     1776  150 1776     2     5      0  3080  2.4e-09        -
 690  3.0099e-08  4.9286e-11     1782  152 1782     2     5      0  3089  3.8e-07        -
 695  3.0345e-08  4.9286e-11     1792  152 1792     2     5      0  3107  2.7e-10        -
 700  3.0528e-08  2.8212e-11     1802  153 1802     2     5      0  3124  4.2e-08        -
 703  3.0697e-08  5.6423e-11     1808  154 1808     2     5      0  3134    2e-10        -
 708  3.0962e-08  3.8412e-11     1822  155 1822     2     5      0  3161  2.1e-08        -
 712  3.1182e-08  6.7228e-11     1834  158 1834     2     5      0  3181  3.6e-07        -
 714   3.131e-08  6.0505e-11     1842  160 1842     2     5      0  3195  2.3e-07        -
 718    3.15e-08  3.4397e-11 out 1850  162 1850     2     5      0  3208  7.2e-08        -
 720  3.1631e-08  6.1915e-11     1858  164 1858     2     5      0  3222  2.8e-07        -
 725  3.1939e-08  6.0817e-11     1868  165 1868     2     5      0  3241  3.5e-09        -
 730  3.2243e-08  6.0817e-11     1878  165 1878     2     5      0  3261  3.8e-09        -
 733  3.2414e-08  5.4735e-11     1888  167 1888     2     5      0  3279    9e-08        -
 735    3.25e-08  4.3223e-11 out 1896  169 1896     2     5      0  3293  2.5e-08        -
 741  3.2759e-08  4.3223e-11     1908  169 1908     2     5      0  3311  5.9e-07        -
 746  3.2966e-08  3.3885e-11     1922  170 1922     2     5      0  3334  5.5e-09        -
 749  3.3102e-08   6.777e-11     1928  172 1928     2     5      0  3343  1.7e-07        -
 751  3.3221e-08   5.969e-11     1936  174 1936     2     5      0  3357  8.8e-08        -
 755   3.345e-08  4.9947e-11     1948  175 1948     2     5      0  3378  3.7e-08        -
 760    3.37e-08  4.9947e-11     1958  176 1958     2     5      0  3393  5.9e-07        -
 766  3.3975e-08  2.5238e-11     1970  177 1970     2     5      0  3414  1.3e-09        -
 770  3.4151e-08  5.0477e-11     1978  178 1978     2     5      0  3426    4e-07        -
 776  3.4452e-08  4.8093e-11     1991  178 1991     2     5      0  3449  4.9e-10        -
 780  3.4644e-08  4.8093e-11     2003  178 2003     2     5      0  3473  4.9e-10        -
 784  3.4865e-08  7.6236e-11     2016  180 2016     2     6      0  3498  3.8e-07        -
-          当前进度:  13 % - 正在组装残差
 786     3.5e-08  6.7602e-11 out 2024  182 2024     2     6      0  3512  2.1e-07        -
 791  3.5338e-08  6.7602e-11     2034  182 2034     2     6      0  3532  1.4e-09        -
 794    3.55e-08  4.7194e-11 out 2044  184 2044     2     6      0  3550  3.7e-08        -
 796  3.5618e-08  7.0862e-11     2050  186 2050     2     7      0  3560  2.9e-07        -
 798  3.5746e-08  6.3776e-11     2058  188 2058     2     7      0  3574  1.7e-07        -
 804  3.6127e-08   6.342e-11     2070  188 2070     2     7      0  3597  2.5e-09        -
 809   3.644e-08  5.9739e-11     2082  188 2082     2     7      0  3621  4.1e-10        -
 811   3.656e-08  5.9739e-11     2090  188 2090     2     7      0  3637  4.1e-10        -
 814  3.6739e-08  5.9739e-11     2102  188 2102     2     7      0  3661  3.9e-10        -
 816  3.6858e-08  5.9739e-11     2110  188 2110     2     7      0  3677  3.8e-10        -
 819     3.7e-08  4.0914e-11 out 2118  189 2118     2     7      0  3691    1e-07        -
 824  3.7205e-08  4.0914e-11     2128  189 2128     2     7      0  3706  5.1e-07        -
 828  3.7368e-08  4.0914e-11     2136  189 2136     2     7      0  3718  8.1e-07        -
 832    3.75e-08  2.4972e-11 out 2144  190 2144     2     7      0  3730    7e-09        -
 836    3.77e-08  4.9944e-11     2152  191 2152     2     7      0  3742  5.7e-07        -
 841  3.7949e-08  4.9944e-11     2162  191 2162     2     7      0  3760  3.3e-10        -
 844  3.8051e-08  5.0505e-11     2168  193 2168     2     7      0  3769  5.2e-08        -
 849  3.8303e-08  5.0505e-11     2178  193 2178     2     7      0  3785  2.2e-10        -
 853    3.85e-08   4.798e-11 out 2188  193 2188     2     7      0  3805  6.1e-10        -
 857  3.8692e-08   4.798e-11     2200  193 2200     2     7      0  3829  5.9e-10        -
 861  3.8918e-08  8.2071e-11     2211  194 2211     2     7      0  3850  8.6e-07        -
 864  3.9041e-08  4.1036e-11     2217  195 2217     2     7      0  3859  2.6e-07        -
 866  3.9193e-08  6.9505e-11     2225  197 2225     2     7      0  3873  3.8e-07        -
 868  3.9325e-08  6.2554e-11     2233  199 2233     2     7      0  3887  2.1e-07        -
 870  3.9444e-08  5.6388e-11     2241  201 2241     2     7      0  3901  1.1e-07        -
 874  3.9669e-08  5.6388e-11     2249  202 2249     2     7      0  3914  2.4e-10        -
 879  3.9947e-08  5.2643e-11     2260  202 2260     2     7      0  3936  1.5e-09        -
 883  4.0158e-08  5.2643e-11     2272  202 2272     2     7      0  3960  1.5e-09        -
 887  4.0369e-08  5.2643e-11     2284  202 2284     2     7      0  3984  1.4e-09        -
 889  4.0461e-08  3.9428e-11     2293  203 2293     2     7      0  4001  6.5e-09        -
 892  4.0646e-08   6.674e-11     2303  206 2303     2     7      0  4018  8.8e-08        -
 896  4.0913e-08   6.674e-11     2311  207 2311     2     7      0  4031  6.1e-10        -
 900  4.1087e-08  4.3721e-11     2319  208 2319     2     7      0  4043  1.3e-07        -
 905  4.1306e-08  4.3721e-11     2329  208 2329     2     7      0  4058  3.3e-07        -
 909  4.1469e-08  3.1396e-11     2341  209 2341     2     7      0  4078    2e-09        -
 913  4.1688e-08  6.2793e-11     2349  211 2349     2     7      0  4090  6.1e-07        -
 918     4.2e-08  6.1622e-11 out 2359  211 2359     2     7      0  4109  4.6e-09        -
 923  4.2308e-08  6.1622e-11     2369  211 2369     2     7      0  4129  4.6e-09        -
 927  4.2569e-08  6.8646e-11     2381  211 2381     2     7      0  4153  1.5e-10        -
 929  4.2725e-08  7.4107e-11     2391  214 2391     2     8      0  4172  2.7e-07        -
 932  4.2937e-08  6.3347e-11     2401  216 2401     2     8      0  4189  6.2e-08        -
 934  4.3079e-08  7.9278e-11     2407  219 2407     2     9      0  4200    2e-07        -
 936  4.3222e-08  7.1351e-11     2415  221 2415     2     9      0  4214  7.9e-08        -
 940    4.35e-08   6.766e-11 out 2425  221 2425     2     9      0  4232  1.3e-09        -
 944  4.3771e-08   6.766e-11     2437  221 2437     2     9      0  4256  1.4e-09        -
-          当前进度:  15 % - 
 947  4.3953e-08  4.7021e-11     2445  222 2445     2     9      0  4271  8.9e-09        -
 953  4.4235e-08  4.7021e-11     2457  222 2457     2     9      0  4289  2.3e-07        -
 958  4.4462e-08  3.8406e-11     2471  223 2471     2     9      0  4312  3.3e-09        -
 962  4.4615e-08  3.8406e-11     2479  224 2479     2     9      0  4324  4.3e-08        -
 968  4.4846e-08  3.8406e-11     2491  224 2491     2     9      0  4342  1.2e-07        -
 973     4.5e-08  1.9567e-11 out 2501  225 2501     2     9      0  4357  5.5e-10        -
 977  4.5157e-08  3.9134e-11     2509  226 2509     2     9      0  4369  4.6e-08        -
 983  4.5391e-08  3.9134e-11     2521  226 2521     2     9      0  4387  1.3e-07        -
 987  4.5535e-08  3.4763e-11     2535  226 2535     2     9      0  4414    2e-10        -
 989  4.5604e-08  3.4763e-11     2543  226 2543     2     9      0  4430  1.9e-10        -
 991  4.5674e-08  3.4763e-11     2551  228 2551     2     9      0  4444  2.4e-09        -
 996  4.5848e-08  3.4763e-11     2561  228 2561     2     9      0  4459  5.4e-08        -
1000  4.5976e-08  2.4039e-11     2573  229 2573     2     9      0  4479  4.5e-10        -
1004  4.6144e-08  4.8078e-11     2581  231 2581     2     9      0  4491  1.4e-07        -
1008  4.6337e-08  4.8078e-11     2589  231 2589     2     9      0  4503  4.2e-07        -
1011  4.6466e-08  3.3647e-11     2599  232 2599     2     9      0  4520  2.2e-09        -
1014  4.6628e-08  6.0564e-11     2609  235 2609     2     9      0  4537  3.1e-08        -
1019  4.6935e-08  6.4943e-11     2620  236 2620     2     9      0  4555  4.6e-10        -
1023  4.7097e-08  6.4943e-11     2628  238 2628     2     9      0  4567  2.4e-08        -
1026  4.7273e-08  5.8449e-11     2640  238 2640     2     9      0  4591  4.4e-10        -
1029  4.7445e-08  5.5172e-11     2654  239 2654     2     9      0  4618  6.5e-09        -
1033  4.7666e-08  5.5172e-11     2662  240 2662     2     9      0  4630  7.8e-08        -
1039  4.7971e-08  2.9313e-11     2674  241 2674     2     9      0  4648  9.4e-11        -
1042  4.8117e-08  5.8627e-11     2680  242 2680     2     9      0  4657  1.4e-08        -
1048  4.8455e-08  4.4806e-11     2696  243 2696     2     9      0  4683  3.3e-09        -
1052  4.8634e-08  4.4806e-11     2704  244 2704     2     9      0  4695  4.3e-08        -
1058  4.8903e-08  4.4806e-11     2716  244 2716     2     9      0  4713  1.2e-07        -
1062  4.9052e-08  5.1939e-11     2724  246 2724     2     9      0  4725  9.4e-09        -
1065  4.9208e-08  5.1939e-11     2730  246 2730     2     9      0  4734  1.1e-07        -
1069  4.9416e-08  5.1939e-11     2738  246 2738     2     9      0  4746  2.5e-07        -
1071    4.95e-08  4.2243e-11 out 2746  248 2746     2     9      0  4760  1.8e-09        -
1075  4.9669e-08  4.2243e-11     2754  248 2754     2     9      0  4772  6.3e-08        -
1081  4.9922e-08  4.2243e-11     2766  248 2766     2     9      0  4790  1.7e-07        -
1085  5.0147e-08  6.9809e-11     2780  250 2780     2     9      0  4816  8.4e-08        -
1090  5.0463e-08  3.6696e-11     2790  252 2790     2     9      0  4832  3.4e-09        -
1095  5.0794e-08  7.3392e-11     2800  253 2800     2     9      0  4848  7.5e-10        -
1099     5.1e-08  3.3494e-11 out 2810  254 2810     2     9      0  4866  1.1e-08        -
1104  5.1335e-08  6.6988e-11     2820  255 2820     2     9      0  4882  6.6e-10        -
1107    5.15e-08  4.9035e-11 out 2830  257 2830     2     9      0  4900  1.3e-08        -
1113  5.1794e-08  4.9035e-11     2842  257 2842     2     9      0  4918  3.1e-07        -
1117  5.1971e-08   2.934e-11     2850  258 2850     2     9      0  4930    9e-10        -
-          当前进度:  16 % - 正在组装残差
1121  5.2176e-08  5.8681e-11     2858  259 2858     2     9      0  4942  2.2e-07        -
1126  5.2455e-08  4.4617e-11     2872  260 2872     2     9      0  4965  8.7e-09        -
1130  5.2634e-08  4.4617e-11     2880  261 2880     2     9      0  4977    1e-07        -
1136  5.2902e-08  4.4617e-11     2892  261 2892     2     9      0  4995    3e-07        -
1140  5.3054e-08  5.3827e-11     2900  263 2900     2     9      0  5007  5.1e-08        -
1145  5.3323e-08  5.3827e-11     2910  263 2910     2     9      0  5022  6.6e-07        -
1149    5.35e-08  3.4694e-11 out 2918  264 2918     2     9      0  5034  1.7e-08        -
1151  5.3604e-08  6.9388e-11     2922  265 2922     2     9      0  5040  1.4e-07        -
1156  5.3941e-08  5.9183e-11     2936  266 2936     2     9      0  5066    6e-08        -
1161  5.4237e-08  5.9183e-11     2946  267 2946     2     9      0  5081  9.1e-07        -
1165  5.4457e-08  4.2858e-11     2958  268 2958     2     9      0  5104  8.5e-09        -
1169  5.4629e-08  4.2858e-11     2966  269 2966     2     9      0  5116  1.1e-07        -
1174  5.4843e-08  4.2858e-11     2976  269 2976     2     9      0  5131  2.6e-07        -
1177  5.4964e-08  3.5711e-11     2986  270 2986     2     9      0  5148  8.5e-10        -
1181  5.5214e-08  7.1422e-11     2994  272 2994     2     9      0  5160  2.4e-07        -
1186    5.55e-08  3.5733e-11 out 3004  273 3004     2     9      0  5175  4.1e-09        -
1191  5.5857e-08  7.1467e-11     3014  274 3014     2     9      0  5190  4.4e-07        -
1197  5.6285e-08  7.1333e-11     3026  274 3026     2     9      0  5214    1e-09        -
1202  5.6536e-08  3.6002e-11     3036  275 3036     2     9      0  5231  2.8e-08        -
1207  5.6788e-08  7.2004e-11     3046  276 3046     2     9      0  5246  9.2e-07        -
1213   5.721e-08  6.9989e-11     3058  276 3058     2     9      0  5270  2.7e-08        -
1218    5.75e-08  4.0033e-11 out 3068  277 3068     2     9      0  5288  5.6e-08        -
1224   5.774e-08  4.0033e-11     3080  277 3080     2     9      0  5306  3.5e-07        -
1230   5.797e-08  2.9821e-11     3096  278 3096     2     9      0  5332  1.6e-09        -
1234  5.8179e-08  5.9642e-11     3104  280 3104     2     9      0  5344  4.4e-07        -
1239  5.8459e-08  4.1253e-11     3118  281 3118     2     9      0  5369  7.6e-09        -
1244  5.8665e-08  4.1253e-11     3128  282 3128     2     9      0  5384  1.3e-07        -
1250  5.8913e-08  4.1253e-11     3140  282 3140     2     9      0  5402    3e-07        -
1254  5.9046e-08  4.6213e-11     3148  284 3148     2     9      0  5414  1.3e-08        -
1260  5.9323e-08  4.6213e-11     3160  284 3160     2     9      0  5432  3.1e-07        -
1265  5.9542e-08  4.2041e-11     3173  284 3173     2     9      0  5456  2.8e-09        -
1269   5.971e-08  4.2041e-11     3185  284 3185     2     9      0  5480  2.6e-09        -
1273  5.9878e-08  4.2041e-11     3197  284 3197     2     9      0  5504  2.5e-09        -
1275   5.996e-08  3.9795e-11     3206  285 3206     2     9      0  5521  8.4e-09        -
1279  6.0119e-08  3.9795e-11     3214  286 3214     2     9      0  5533  1.1e-07        -
1285  6.0358e-08  3.9795e-11     3226  286 3226     2     9      0  5551    3e-07        -
1288  6.0469e-08  3.1125e-11     3236  287 3236     2     9      0  5568  3.2e-09        -
1292  6.0687e-08   6.225e-11     3244  289 3244     2     9      0  5580  8.8e-07        -
1297  6.0968e-08  3.2126e-11     3254  290 3254     2     9      0  5599  5.1e-09        -
1301  6.1193e-08  6.4252e-11     3262  291 3262     2     9      0  5612  6.8e-10        -
1305  6.1443e-08  5.7245e-11     3272  291 3272     2     9      0  5632  6.4e-09        -
1308  6.1614e-08  5.7245e-11     3284  291 3284     2     9      0  5656  6.3e-09        -
1311  6.1786e-08  5.7245e-11     3296  291 3296     2     9      0  5680  6.1e-09        -
-          当前进度:  18 % - 组装稀疏模式
1314   6.195e-08  4.9643e-11     3310  292 3310     2     9      0  5707  1.5e-08        -
1319  6.2199e-08  4.9643e-11     3320  293 3320     2     9      0  5722  2.4e-07        -
1325  6.2473e-08  2.6606e-11     3332  294 3332     2     9      0  5740  5.3e-10        -
1330  6.2713e-08  5.3213e-11     3342  295 3342     2     9      0  5755  2.2e-07        -
1335  6.2963e-08  3.7148e-11     3356  296 3356     2     9      0  5778  2.7e-09        -
1340  6.3149e-08  3.7148e-11     3366  297 3366     2     9      0  5793  4.6e-08        -
1346  6.3371e-08  3.7148e-11     3378  297 3378     2     9      0  5811  1.1e-07        -
1349  6.3473e-08  2.7109e-11     3388  298 3388     2     9      0  5828    6e-10        -
1353  6.3663e-08  5.4219e-11     3396  300 3396     2     9      0  5840  1.9e-07        -
1359  6.3967e-08  3.3124e-11     3408  301 3408     2     9      0  5858  2.2e-09        -
1364  6.4265e-08  6.6249e-11     3418  302 3418     2     9      0  5873  9.1e-07        -
1367  6.4449e-08  5.1253e-11     3428  303 3428     2     9      0  5892  3.4e-08        -
1372  6.4705e-08  5.1253e-11     3438  304 3438     2     9      0  5907  5.8e-07        -
1377  6.4955e-08  4.4986e-11     3450  304 3450     2     9      0  5928  4.1e-09        -
1380   6.509e-08  4.4986e-11     3462  304 3462     2     9      0  5952  3.9e-09        -
1383  6.5225e-08  4.4986e-11     3474  304 3474     2     9      0  5976  3.8e-09        -
1386   6.536e-08  4.4986e-11     3486  304 3486     2     9      0  6000  3.6e-09        -
1389  6.5475e-08  2.5068e-11     3496  305 3496     2     9      0  6019  8.8e-10        -
1393   6.565e-08  5.0137e-11     3504  306 3504     2     9      0  6031  2.5e-07        -
1399  6.5951e-08  4.9452e-11     3516  306 3516     2     9      0  6050  4.9e-09        -
1405  6.6247e-08  4.9452e-11     3528  306 3528     2     9      0  6074  4.9e-09        -
1410  6.6473e-08  2.7465e-11     3538  307 3538     2     9      0  6093  8.2e-10        -
1415   6.672e-08  5.4929e-11     3548  308 3548     2     9      0  6108  3.4e-07        -
1420   6.697e-08  3.0283e-11     3558  309 3558     2     9      0  6123  1.3e-09        -
1425  6.7242e-08  6.0567e-11     3568  310 3568     2     9      0  6138  5.5e-07        -
1430    6.75e-08  3.8016e-11 out 3578  311 3578     2     9      0  6154  2.3e-08        -
1436  6.7728e-08  3.8016e-11     3590  311 3590     2     9      0  6172  1.3e-07        -
1442  6.7956e-08  3.8016e-11     3602  311 3602     2     9      0  6190  2.3e-07        -
1446  6.8088e-08  4.3809e-11     3610  313 3610     2     9      0  6202  6.4e-08        -
1451  6.8307e-08  4.3809e-11     3620  313 3620     2     9      0  6217  3.1e-07        -
1455  6.8469e-08  3.0957e-11     3632  314 3632     2     9      0  6237  2.7e-09        -
1458  6.8624e-08  6.1914e-11     3638  316 3638     2     9      0  6246  4.2e-07        -
1464  6.8967e-08  3.3301e-11     3650  317 3650     2     9      0  6268  2.9e-09        -
1469  6.9233e-08  6.6601e-11     3660  318 3660     2     9      0  6283  7.8e-07        -
1473  6.9466e-08  3.3546e-11     3668  319 3668     2     9      0  6298  2.2e-09        -
1477  6.9701e-08  6.7092e-11     3676  320 3676     2     9      0  6310  6.1e-07        -
1481  6.9951e-08  4.8725e-11     3688  321 3688     2     9      0  6332  1.2e-08        -
1484  7.0097e-08  4.8725e-11     3694  322 3694     2     9      0  6341    1e-07        -
1490   7.039e-08  4.8725e-11     3706  322 3706     2     9      0  6359  3.8e-07        -
1494  7.0561e-08  6.1478e-11     3714  324 3714     2     9      0  6371  3.5e-08        -
1500   7.093e-08  6.1478e-11     3726  324 3726     2     9      0  6389  8.6e-07        -
1504  7.1139e-08  6.9655e-11     3734  326 3734     2     9      0  6401  3.9e-07        -
1509  7.1459e-08  4.1034e-11     3744  327 3744     2     9      0  6419  6.8e-09        -
1514  7.1664e-08  4.1034e-11     3754  327 3754     2     9      0  6434  1.4e-07        -
1520   7.191e-08  4.1034e-11     3766  327 3766     2     9      0  6452    3e-07        -
1522  7.1976e-08  2.4314e-11     3770  328 3770     2     9      0  6458  5.9e-10        -
--         当前进度:  20 % - 正在组装残差
1524  7.2049e-08  4.8628e-11     3774  329 3774     2     9      0  6464  1.9e-08        -
1530   7.234e-08  4.8628e-11     3786  329 3786     2     9      0  6482  4.8e-07        -
1534    7.25e-08  3.1172e-11 out 3794  330 3794     2     9      0  6494  7.6e-09        -
1539  7.2812e-08  6.2344e-11     3804  331 3804     2     9      0  6509  8.1e-07        -
1543     7.3e-08  3.1796e-11 out 3812  332 3812     2     9      0  6522    7e-09        -
1546  7.3191e-08  6.3592e-11     3818  333 3818     2     9      0  6531    4e-07        -
1551    7.35e-08  5.9224e-11 out 3830  333 3830     2     9      0  6552  7.6e-09        -
1555  7.3737e-08  5.9224e-11     3842  333 3842     2     9      0  6576  7.4e-09        -
1559  7.3957e-08  4.2715e-11     3857  334 3857     2     9      0  6605    2e-09        -
1564  7.4171e-08  4.2715e-11     3867  335 3867     2     9      0  6620  3.4e-08        -
1570  7.4427e-08  4.2715e-11     3879  335 3879     2     9      0  6638    8e-08        -
1572    7.45e-08  3.6427e-11 out 3889  336 3889     2     9      0  6657  9.8e-10        -
1577  7.4682e-08  3.6427e-11     3899  337 3899     2     9      0  6672  1.6e-08        -
1583  7.4901e-08  3.6427e-11     3911  337 3911     2     9      0  6690  3.8e-08        -
1587  7.5031e-08  3.1437e-11     3925  337 3925     2     9      0  6717  8.5e-10        -
1589  7.5094e-08  3.1437e-11     3933  337 3933     2     9      0  6733  8.4e-10        -
1592  7.5189e-08  3.1437e-11     3945  337 3945     2     9      0  6757  8.3e-10        -
1595  7.5283e-08  3.1437e-11     3957  337 3957     2     9      0  6781  8.2e-10        -
1598  7.5377e-08  3.1437e-11     3969  337 3969     2     9      0  6805  8.1e-10        -
1601   7.547e-08  2.9943e-11     3983  338 3983     2     9      0  6832    5e-10        -
1604   7.556e-08  2.9943e-11     3989  339 3989     2     9      0  6841  4.5e-09        -
1610   7.574e-08  2.9943e-11     4001  339 4001     2     9      0  6859  1.6e-08        -
1616  7.5919e-08  2.9943e-11     4013  339 4013     2     9      0  6877  2.8e-08        -
1620  7.6051e-08  5.0861e-11     4025  340 4025     2     9      0  6899  7.2e-09        -
1626  7.6356e-08  5.0861e-11     4037  340 4037     2     9      0  6917  1.7e-07        -
1630  7.6547e-08  4.6557e-11     4048  340 4048     2     9      0  6938    3e-09        -
1634  7.6733e-08  4.6557e-11     4060  340 4060     2     9      0  6962    3e-09        -
1638  7.6919e-08  4.6557e-11     4072  340 4072     2     9      0  6986  2.9e-09        -
1640     7.7e-08  4.0495e-11 out 4080  342 4080     2     9      0  7000  1.2e-09        -
1646  7.7243e-08  4.0495e-11     4092  342 4092     2     9      0  7018  3.1e-08        -
1652  7.7473e-08  2.7277e-11     4108  343 4108     2     9      0  7044  1.3e-10        -
1656  7.7664e-08  5.4554e-11     4116  345 4116     2     9      0  7056  3.8e-08        -
1661  7.7936e-08  5.4554e-11     4126  345 4126     2     9      0  7071  1.2e-07        -
1665  7.8064e-08  3.1783e-11     4134  346 4134     2     9      0  7083  3.7e-09        -
1671  7.8254e-08  3.1783e-11     4146  346 4146     2     9      0  7101    1e-08        -
1676  7.8413e-08  3.1783e-11     4156  346 4156     2     9      0  7116  1.6e-08        -
1680  7.8555e-08  5.5037e-11     4166  347 4166     2     9      0  7134  5.4e-09        -
1686  7.8885e-08  5.5037e-11     4178  347 4178     2     9      0  7152  1.3e-07        -
1690   7.903e-08  2.9852e-11     4186  348 4186     2     9      0  7164  2.6e-09        -
1695  7.9179e-08  2.9852e-11     4196  348 4196     2     9      0  7179  6.1e-09        -
1701  7.9358e-08  2.9852e-11     4208  348 4208     2     9      0  7197  1.3e-08        -
1704  7.9459e-08  4.1034e-11     4218  349 4218     2     9      0  7214  4.9e-09        -
1708  7.9623e-08  4.1034e-11     4226  350 4226     2     9      0  7226  6.3e-08        -
1714  7.9869e-08  4.1034e-11     4238  350 4238     2     9      0  7244  1.8e-07        -
1718       8e-08  2.4313e-11 out 4246  351 4246     2     9      0  7256  1.6e-09        -
--         当前进度:  22 % - 正在组装残差
1722  8.0195e-08  4.8626e-11     4254  352 4254     2     9      0  7268  1.3e-07        -
1728  8.0469e-08  3.1182e-11     4266  353 4266     2     9      0  7286    9e-10        -
1733  8.0625e-08  3.1182e-11     4276  353 4276     2     9      0  7301  1.9e-08        -
1739  8.0812e-08  3.1182e-11     4288  353 4288     2     9      0  7319  4.1e-08        -
1744  8.0968e-08  3.1182e-11     4298  353 4298     2     9      0  7334  5.8e-08        -
1747  8.1032e-08  3.2275e-11     4304  355 4304     2     9      0  7343  8.5e-10        -
1753  8.1226e-08  3.2275e-11     4316  355 4316     2     9      0  7361  2.3e-08        -
1758  8.1387e-08  3.2275e-11     4326  355 4326     2     9      0  7376  4.2e-08        -
1761  8.1476e-08  2.4076e-11     4336  356 4336     2     9      0  7393  2.2e-10        -
1763  8.1548e-08  4.8151e-11     4340  358 4340     2     9      0  7399  7.1e-09        -
1768  8.1789e-08  4.8151e-11     4350  358 4350     2     9      0  7414  1.5e-07        -
1772  8.1967e-08  3.3318e-11     4362  359 4362     2     9      0  7434  1.2e-09        -
1774  8.2033e-08  3.3318e-11     4366  360 4366     2     9      0  7440  6.1e-09        -
1779    8.22e-08  3.3318e-11     4376  360 4376     2     9      0  7455    3e-08        -
1784  8.2367e-08  3.3318e-11     4386  360 4386     2     9      0  7470  5.3e-08        -
1788  8.2483e-08  1.6771e-11     4394  361 4394     2     9      0  7482    5e-11        -
1792  8.2601e-08  3.3542e-11     4402  362 4402     2     9      0  7494  1.4e-08        -
1797  8.2768e-08  3.3542e-11     4412  362 4412     2     9      0  7509  4.6e-08        -
1800  8.2869e-08  3.3542e-11     4418  362 4418     2     9      0  7518  6.4e-08        -
1805  8.3032e-08  3.1976e-11     4428  362 4428     2     9      0  7536  2.8e-09        -
1810  8.3192e-08  3.1976e-11     4438  362 4438     2     9      0  7556  2.8e-09        -
1815  8.3352e-08  3.1976e-11     4448  362 4448     2     9      0  7576  2.7e-09        -
1819  8.3474e-08  2.6171e-11     4460  363 4460     2     9      0  7599  5.3e-10        -
1822  8.3605e-08  5.2342e-11     4466  365 4466     2     9      0  7608  8.2e-08        -
1828  8.3919e-08  5.2342e-11     4478  365 4478     2     9      0  7626  4.6e-07        -
1830     8.4e-08   4.063e-11 out 4486  367 4486     2     9      0  7640  3.3e-09        -
1835  8.4203e-08   4.063e-11     4496  367 4496     2     9      0  7655  7.1e-08        -
1840  8.4406e-08   4.063e-11     4506  367 4506     2     9      0  7670  1.4e-07        -
1844  8.4553e-08  5.3067e-11     4514  369 4514     2     9      0  7682  1.1e-08        -
1849  8.4818e-08  5.3067e-11     4524  369 4524     2     9      0  7697  2.3e-07        -
1852  8.4962e-08  3.7731e-11     4534  370 4534     2     9      0  7714  1.8e-09        -
1856  8.5113e-08  3.7731e-11     4542  371 4542     2     9      0  7726  2.3e-08        -
1862   8.534e-08  3.7731e-11     4554  371 4554     2     9      0  7744  6.6e-08        -
1867    8.55e-08  2.3615e-11 out 4564  372 4564     2     9      0  7759  8.9e-10        -
1871  8.5689e-08   4.723e-11     4572  373 4572     2     9      0  7771  7.5e-08        -
1877  8.5963e-08  3.7464e-11     4588  374 4588     2     9      0  7797  2.2e-09        -
1882   8.615e-08  3.7464e-11     4598  375 4598     2     9      0  7812  3.6e-08        -
1887  8.6337e-08  3.7464e-11     4608  375 4608     2     9      0  7827  7.8e-08        -
1891  8.6475e-08  2.5217e-11     4620  376 4620     2     9      0  7847  3.7e-10        -
1894  8.6601e-08  5.0435e-11     4626  378 4626     2     9      0  7856  5.9e-08        -
1900  8.6903e-08  5.0435e-11     4638  378 4638     2     9      0  7874  3.4e-07        -
1906  8.7193e-08  4.8261e-11     4650  378 4650     2     9      0  7898  1.5e-08        -
1910  8.7386e-08  4.8261e-11     4658  378 4658     2     9      0  7914  1.4e-08        -
1914  8.7533e-08  3.2828e-11     4666  379 4666     2     9      0  7927  1.1e-08        -
1920   8.773e-08  3.2828e-11     4678  379 4678     2     9      0  7945    4e-08        -
--         当前进度:  23 % - 正在组装残差
1924  8.7861e-08  3.2828e-11     4686  379 4686     2     9      0  7957  5.9e-08        -
1929     8.8e-08  2.0207e-11 out 4696  380 4696     2     9      0  7972  4.5e-10        -
1934  8.8202e-08  4.0415e-11     4706  381 4706     2     9      0  7987  4.9e-08        -
1940  8.8445e-08  4.0415e-11     4718  381 4718     2     9      0  8005  1.2e-07        -
1942    8.85e-08  2.7718e-11 out 4726  383 4726     2     9      0  8019  4.2e-10        -
1947  8.8777e-08  5.5435e-11     4736  384 4736     2     9      0  8034  2.2e-07        -
1952     8.9e-08  2.8259e-11 out 4746  385 4746     2     9      0  8049  2.1e-09        -
1957  8.9283e-08  5.6517e-11     4756  386 4756     2     9      0  8064  2.3e-07        -
1962  8.9552e-08  5.2189e-11     4769  386 4769     2     9      0  8088    4e-09        -
1966  8.9813e-08  1.0438e-10     4779  387 4779     2     9      0  8106        0        -
1972     9.2e-08       5e-10 out 4785  389 4785     2     9      0  8106        0        -
1978     9.5e-08       5e-10 out 4791  389 4791     2     9      0  8106        0        -
1981    9.65e-08       5e-10 out 4794  389 4794     2     9      0  8106        0        -
1990    1.01e-07       5e-10 out 4803  389 4803     2     9      0  8106        0        -
2000    1.06e-07       5e-10 out 4813  389 4813     2     9      0  8106        0        -
2009   1.105e-07       5e-10 out 4822  389 4822     2     9      0  8106        0        -
2018    1.15e-07       5e-10 out 4831  389 4831     2     9      0  8106        0        -
2024    1.18e-07       5e-10 out 4837  389 4837     2     9      0  8106        0        -
2033   1.225e-07       5e-10 out 4846  389 4846     2     9      0  8106        0        -
2043   1.275e-07       5e-10 out 4856  389 4856     2     9      0  8106        0        -
2053   1.325e-07       5e-10 out 4866  389 4866     2     9      0  8106        0        -
2063   1.375e-07       5e-10 out 4876  389 4876     2     9      0  8106        0        -
2071   1.415e-07       5e-10 out 4884  389 4884     2     9      0  8106        0        -
2080    1.46e-07       5e-10 out 4893  389 4893     2     9      0  8106        0        -
2089   1.505e-07       5e-10 out 4902  389 4902     2     9      0  8106        0        -
2097   1.545e-07       5e-10 out 4910  389 4910     2     9      0  8106        0        -
2107   1.595e-07       5e-10 out 4920  389 4920     2     9      0  8106        0        -
2116    1.64e-07       5e-10 out 4929  389 4929     2     9      0  8106        0        -
2125   1.685e-07       5e-10 out 4938  389 4938     2     9      0  8106        0        -
2135   1.735e-07       5e-10 out 4948  389 4948     2     9      0  8106        0        -
2144    1.78e-07       5e-10 out 4957  389 4957     2     9      0  8106        0        -
2151   1.815e-07       5e-10 out 4964  389 4964     2     9      0  8106        0        -
2161   1.865e-07       5e-10 out 4974  389 4974     2     9      0  8106        0        -
2171   1.915e-07       5e-10 out 4984  389 4984     2     9      0  8106        0        -
2181   1.965e-07       5e-10 out 4994  389 4994     2     9      0  8106        0        -
2191   2.015e-07       5e-10 out 5004  389 5004     2     9      0  8106        0        -
2201   2.065e-07       5e-10 out 5014  389 5014     2     9      0  8106        0        -
2211   2.115e-07       5e-10 out 5024  389 5024     2     9      0  8106        0        -
2221   2.165e-07       5e-10 out 5034  389 5034     2     9      0  8106        0        -
2231   2.215e-07       5e-10 out 5044  389 5044     2     9      0  8106        0        -
2241   2.265e-07       5e-10 out 5054  389 5054     2     9      0  8106        0        -
2251   2.315e-07       5e-10 out 5064  389 5064     2     9      0  8106        0        -
2261   2.365e-07       5e-10 out 5074  389 5074     2     9      0  8106        0        -
2266    2.39e-07       5e-10 out 5079  389 5079     2     9      0  8106        0        -
2276    2.44e-07       5e-10 out 5089  389 5089     2     9      0  8106        0        -
2286    2.49e-07       5e-10 out 5099  389 5099     2     9      0  8106        0        -
2295   2.535e-07       5e-10 out 5108  389 5108     2     9      0  8106        0        -
2305   2.585e-07       5e-10 out 5118  389 5118     2     9      0  8106        0        -
2315   2.635e-07       5e-10 out 5128  389 5128     2     9      0  8106        0        -
-----      当前进度:  56 % - 正在组装残差
2324    2.68e-07       5e-10 out 5137  389 5137     2     9      0  8106        0        -
2334    2.73e-07       5e-10 out 5147  389 5147     2     9      0  8106        0        -
2344    2.78e-07       5e-10 out 5157  389 5157     2     9      0  8106        0        -
2352    2.82e-07       5e-10 out 5165  389 5165     2     9      0  8106        0        -
2362    2.87e-07       5e-10 out 5175  389 5175     2     9      0  8106        0        -
2372    2.92e-07       5e-10 out 5185  389 5185     2     9      0  8106        0        -
2379   2.955e-07       5e-10 out 5192  389 5192     2     9      0  8106        0        -
2388       3e-07       5e-10 out 5201  389 5201     2     9      0  8106        0        -
2398    3.05e-07       5e-10 out 5211  389 5211     2     9      0  8106        0        -
2407   3.095e-07       5e-10 out 5220  389 5220     2     9      0  8106        0        -
2417   3.145e-07       5e-10 out 5230  389 5230     2     9      0  8106        0        -
2427   3.195e-07       5e-10 out 5240  389 5240     2     9      0  8106        0        -
2437   3.245e-07       5e-10 out 5250  389 5250     2     9      0  8106        0        -
2447   3.295e-07       5e-10 out 5260  389 5260     2     9      0  8106        0        -
2457   3.345e-07       5e-10 out 5270  389 5270     2     9      0  8106        0        -
2467   3.395e-07       5e-10 out 5280  389 5280     2     9      0  8106        0        -
2476    3.44e-07       5e-10 out 5289  389 5289     2     9      0  8106        0        -
2485   3.485e-07       5e-10 out 5298  389 5298     2     9      0  8106        0        -
2492    3.52e-07       5e-10 out 5305  389 5305     2     9      0  8106        0        -
2502    3.57e-07       5e-10 out 5315  389 5315     2     9      0  8106        0        -
2512    3.62e-07       5e-10 out 5325  389 5325     2     9      0  8106        0        -
2521   3.665e-07       5e-10 out 5334  389 5334     2     9      0  8106        0        -
2531   3.715e-07       5e-10 out 5344  389 5344     2     9      0  8106        0        -
2541   3.765e-07       5e-10 out 5354  389 5354     2     9      0  8106        0        -
2547   3.795e-07       5e-10 out 5360  389 5360     2     9      0  8106        0        -
2554    3.83e-07       5e-10 out 5367  389 5367     2     9      0  8106        0        -
-------    当前进度:  78 % - 
2555   3.835e-07       5e-10 out 5368  389 5368     2     9      0  8106        0        -
2564    3.88e-07       5e-10 out 5377  389 5377     2     9      0  8106        0        -
2572    3.92e-07       5e-10 out 5385  389 5385     2     9      0  8106        0        -
2578    3.95e-07       5e-10 out 5391  389 5391     2     9      0  8106        0        -
2588       4e-07       5e-10 out 5401  389 5401     2     9      0  8106        0        -
2598    4.05e-07       5e-10 out 5411  389 5411     2     9      0  8106        0        -
2608     4.1e-07       5e-10 out 5421  389 5421     2     9      0  8106        0        -
2618    4.15e-07       5e-10 out 5431  389 5431     2     9      0  8106        0        -
2628     4.2e-07       5e-10 out 5441  389 5441     2     9      0  8106        0        -
2638    4.25e-07       5e-10 out 5451  389 5451     2     9      0  8106        0        -
2648     4.3e-07       5e-10 out 5461  389 5461     2     9      0  8106        0        -
2657   4.345e-07       5e-10 out 5470  389 5470     2     9      0  8106        0        -
2667   4.395e-07       5e-10 out 5480  389 5480     2     9      0  8106        0        -
2677   4.445e-07       5e-10 out 5490  389 5490     2     9      0  8106        0        -
2687   4.495e-07       5e-10 out 5500  389 5500     2     9      0  8106        0        -
2697   4.545e-07       5e-10 out 5510  389 5510     2     9      0  8106        0        -
2707   4.595e-07       5e-10 out 5520  389 5520     2     9      0  8106        0        -
2717   4.645e-07       5e-10 out 5530  389 5530     2     9      0  8106        0        -
2727   4.695e-07       5e-10 out 5540  389 5540     2     9      0  8106        0        -
2737   4.745e-07       5e-10 out 5550  389 5550     2     9      0  8106        0        -
2747   4.795e-07       5e-10 out 5560  389 5560     2     9      0  8106        0        -
2757   4.845e-07       5e-10 out 5570  389 5570     2     9      0  8106        0        -
2767   4.895e-07       5e-10 out 5580  389 5580     2     9      0  8106        0        -
2777   4.945e-07       5e-10 out 5590  389 5590     2     9      0  8106        0        -
2787   4.995e-07       5e-10 out 5600  389 5600     2     9      0  8106        0        -
2788       5e-07       5e-10 out 5601  389 5601     2     9      0  8106        0        -
---------- 当前进度: 100 % - 
求解时间：4 s。
物理内存: 1.22 GB
虚拟内存: 1.23 GB
结束时间：2026年9月4日 10:10:50。
----- Study 2 - Single_Muon_Diagnostic/解 2 (sol2) 中的“瞬态求解器 1” ----------------->
           当前进度:   0 % - 
-          当前进度:  13 % - 正在计算
--         当前进度:  23 % - 正在计算
---        当前进度:  32 % - 正在计算
----       当前进度:  41 % - 正在计算
-----      当前进度:  51 % - 正在计算
------     当前进度:  61 % - 正在计算
-------    当前进度:  71 % - 正在计算
-------    当前进度:  79 % - 正在计算
--------   当前进度:  89 % - 正在计算
---------  当前进度:  98 % - 正在计算
---------- 当前进度: 100 % - 正在计算
           当前进度:   0 % - 
---        当前进度:  34 % - 正在计算
---------  当前进度:  95 % - 正在计算
Memory: 1214/1521 1221/1690
BRIDGE_CASE_COMPLETE=bridge_gap40p4_V23_10kV
BRIDGE_CASE_START=bridge_gap40p4_source0p05_V23_5kV
           当前进度:   2 % - 生成方程
           当前进度:   3 % - 生成方程
<---- Study 1 - 3D Electrostatics stationary/解 1 (sol1) 中的“编译方程: 稳态” -----------
开始于 2026年9月4日 10:10:54。
几何形函数: 二次拉格朗日单元
几何形函数: 二次拉格朗日单元
在 Intel64 Family 6 Model 186 Stepping 2, GenuineIntel 上运行。
在以下位置使用 1 个插槽： 陈红星 上（共 1 个内核）。
可用内存：15.90 GB。
           当前进度:   3 % - 编译方程: 稳态
Memory: 1215/1521 1221/1690
           当前进度:   6 % - 编译方程: 稳态
Memory: 1232/1521 1240/1690
           当前进度:   7 % - 编译方程: 稳态
Memory: 1243/1521 1251/1690
时间：2。
物理内存: 1.24 GB
虚拟内存: 1.25 GB
Warning: 自由空间采用真空条件，这会导致某些材料属性被忽略。请考虑为忽略的材料添加合适的物理场特征。

  - 节点: 自由空间 1

  - 物理场: Electrostatics: four finite-thickness rounded ring electrodes (es)

  - Materials: Natural Neon gas, representative relative permittivity (mat_gas), Representative alumina ceramic; epsilon_r=9.4 assumption (mat_diel)

  - Quantities: 相对介电常数, 相对介电常数
结束时间：2026年9月4日 10:10:56。
----- Study 1 - 3D Electrostatics stationary/解 1 (sol1) 中的“编译方程: 稳态” ---------->
<---- Study 1 - 3D Electrostatics stationary/解 1 (sol1) 中的“因变量 1” --------------
开始于 2026年9月4日 10:10:56。
           当前进度:   7 % - 因变量 1
求解时间：0 s。
物理内存: 1.24 GB
虚拟内存: 1.25 GB
结束时间：2026年9月4日 10:10:56。
----- Study 1 - 3D Electrostatics stationary/解 1 (sol1) 中的“因变量 1” ------------->
<---- Study 1 - 3D Electrostatics stationary/解 1 (sol1) 中的“稳态求解器 1” ------------
开始于 2026年9月4日 10:10:56。
线性求解器 
求解的自由度数：106954。
--         当前进度:  23 % - 组装稀疏模式
Memory: 1248/1521 1257/1690
---        当前进度:  30 % - 组装矩阵
Memory: 1276/1521 1287/1690
---        当前进度:  38 % - 
Memory: 1287/1521 1299/1690
找到对称矩阵。
缩放因变量：
电势 (comp1.V): 1
已使用正交零空间函数。
---        当前进度:  38 % - 组装延展
Memory: 1321/1521 1333/1690
-----      当前进度:  56 % - 组装矩阵
Memory: 1298/1521 1310/1690
-------    当前进度:  74 % - 正在创建多重网格层次结构
Memory: 1309/1521 1323/1690
Iter      SolEst     Damping    Stepsize #Res #Jac #Sol LinIt   LinErr   LinRes
---------  当前进度:  90 % - 求解线性方程组
Memory: 1311/1521 1326/1690
   1        0.78   1.0000000        0.78    1    1    1     4  1.6e-05  2.9e-08
---------- 当前进度: 100 % - 
Memory: 1306/1521 1318/1690
求解时间：5 s。
物理内存: 1.32 GB
虚拟内存: 1.33 GB
结束时间：2026年9月4日 10:11:01。
----- Study 1 - 3D Electrostatics stationary/解 1 (sol1) 中的“稳态求解器 1” ----------->
           当前进度:   0 % - Study 2 - Single_Muon_Diagnostic
Memory: 1307/1521 1318/1690
           当前进度:   3 % - Study 2 - Single_Muon_Diagnostic
<---- Study 2 - Single_Muon_Diagnostic/解 2 (sol2) 中的“编译方程: 瞬态” -----------------
开始于 2026年9月4日 10:11:02。
几何形函数: 二次拉格朗日单元
几何形函数: 二次拉格朗日单元
在 Intel64 Family 6 Model 186 Stepping 2, GenuineIntel 上运行。
在以下位置使用 1 个插槽： 陈红星 上（共 1 个内核）。
可用内存：15.90 GB。
           当前进度:   3 % - 编译方程: 瞬态
Memory: 1308/1521 1319/1690
           当前进度:   4 % - 编译方程: 瞬态
Memory: 1265/1521 1676/1748
           当前进度:   5 % - 编译方程: 瞬态
时间：1。
物理内存: 1.36 GB
虚拟内存: 1.75 GB
Warning: 自由空间采用真空条件，这会导致某些材料属性被忽略。请考虑为忽略的材料添加合适的物理场特征。

  - 节点: 自由空间 1

  - 物理场: Electrostatics: four finite-thickness rounded ring electrodes (es)

  - Materials: Natural Neon gas, representative relative permittivity (mat_gas), Representative alumina ceramic; epsilon_r=9.4 assumption (mat_diel)

  - Quantities: 相对介电常数, 相对介电常数
结束时间：2026年9月4日 10:11:03。
----- Study 2 - Single_Muon_Diagnostic/解 2 (sol2) 中的“编译方程: 瞬态” ---------------->
<---- Study 2 - Single_Muon_Diagnostic/解 2 (sol2) 中的“因变量 1” --------------------
开始于 2026年9月4日 10:11:03。
不求解变量的值: 解 1 (sol1).
           当前进度:   5 % - 因变量 1
Memory: 1356/1521 1668/1748
求解时间：0 s。
物理内存: 1.36 GB
虚拟内存: 1.68 GB
结束时间：2026年9月4日 10:11:03。
----- Study 2 - Single_Muon_Diagnostic/解 2 (sol2) 中的“因变量 1” ------------------->
<---- Study 2 - Single_Muon_Diagnostic/解 2 (sol2) 中的“瞬态求解器 1” ------------------
开始于 2026年9月4日 10:11:03。
瞬态求解器（广义 α）
求解的自由度数：3（加上 4 个内部自由度）。
找到非对称矩阵。
缩放因变量：
颗粒位置 (comp1.qcpt): 1
Step        Time    Stepsize      Res  Jac  Sol Order Tfail NLfail LinIt   LinErr   LinRes
   0           0           - out    2    3    2                  0     0        0        0
   1    6.25e-11    6.25e-11       10    7   10     2     3      0    18  4.8e-08        -
   4     2.5e-10    6.25e-11       16    7   16     2     3      0    27  8.8e-07        -
   8       5e-10    6.25e-11 out   24    7   24     2     3      0    43  7.4e-11        -
  13  8.0625e-10   5.625e-11       38    8   38     2     3      0    70  1.2e-07        -
  16  9.5938e-10  4.0625e-11       48   10   48     2     3      0    87  2.5e-08        -
  20  1.1219e-09  4.0625e-11       56   11   56     2     3      0    99  3.4e-07        -
  25   1.325e-09  4.0625e-11       66   11   66     2     3      0   114  8.4e-07        -
  29  1.4734e-09  2.6563e-11       74   12   74     2     3      0   128  2.8e-09        -
  33  1.6594e-09  5.3125e-11       82   13   82     2     3      0   140  7.8e-07        -
  38   1.925e-09  5.3125e-11       92   13   92     2     3      0   160  6.1e-11        -
  39  1.9625e-09    3.75e-11       98   14   98     2     3      0   171  1.6e-08        -
  42   2.075e-09    3.75e-11      104   15  104     2     3      0   180  1.4e-07        -
  45  2.1875e-09    3.75e-11      110   15  110     2     3      0   189  3.4e-07        -
  49  2.3375e-09    3.75e-11      118   15  118     2     3      0   201    6e-07        -
  53   2.475e-09     2.5e-11      130   16  130     2     3      0   221    2e-09        -
  55    2.55e-09       5e-11      134   18  134     2     3      0   227  6.4e-08        -
  59    2.75e-09       5e-11      142   18  142     2     3      0   240  4.6e-11        -
  63    2.95e-09       5e-11      150   18  150     2     3      0   256  6.1e-11        -
  67    3.15e-09       5e-11      158   18  158     2     3      0   272  7.4e-11        -
  71    3.35e-09       5e-11      166   18  166     2     3      0   288  8.5e-11        -
  74  3.4725e-09    2.75e-11      174   19  174     2     3      0   303  1.9e-09        -
           当前进度:   7 % - 正在组装残差
Memory: 1394/1521 1668/1748
  77   3.555e-09    2.75e-11      180   19  180     2     3      0   312  2.4e-08        -
  80  3.6375e-09    2.75e-11      186   19  186     2     3      0   321  4.6e-08        -
  83    3.72e-09    2.75e-11      192   19  192     2     3      0   330  6.8e-08        -
  86  3.8025e-09    2.75e-11      198   19  198     2     3      0   339  8.9e-08        -
  90  3.9125e-09    2.75e-11      206   19  206     2     3      0   351  1.2e-07        -
  93       4e-09    3.25e-11 out  214   19  214     2     3      0   365  1.1e-10        -
  95   4.065e-09    3.25e-11      222   19  222     2     3      0   381  1.1e-10        -
  97    4.13e-09    3.25e-11      230   19  230     2     3      0   397  1.1e-10        -
  99   4.195e-09    3.25e-11      238   19  238     2     3      0   413  1.1e-10        -
 101    4.26e-09    3.25e-11      246   19  246     2     3      0   429  1.1e-10        -
 103   4.325e-09    3.25e-11      254   19  254     2     3      0   445  1.1e-10        -
 105    4.39e-09    3.25e-11      262   19  262     2     3      0   461  1.1e-10        -
 107   4.455e-09    3.25e-11      270   19  270     2     3      0   477  1.1e-10        -
 108  4.4775e-09    2.25e-11      276   20  276     2     3      0   488  8.4e-10        -
 110   4.545e-09     4.5e-11      280   22  280     2     3      0   494  2.7e-08        -
 113    4.68e-09     4.5e-11      286   22  286     2     3      0   503  3.6e-07        -
 116   4.815e-09     4.5e-11      292   22  292     2     3      0   512  7.1e-07        -
 119    4.95e-09     4.5e-11      298   22  298     2     3      0   522  4.8e-11        -
 122    5.05e-09       5e-11      304   24  304     2     3      0   531  5.6e-08        -
 125     5.2e-09       5e-11      310   24  310     2     3      0   540  7.3e-07        -
 127     5.3e-09       5e-11      314   24  314     2     3      0   547  6.7e-11        -
 130    5.45e-09       5e-11      320   24  320     2     3      0   559  8.9e-11        -
 132     5.5e-09     2.5e-11 out  324   25  324     2     3      0   565  8.8e-09        -
 135  5.6563e-09  5.6319e-11      332   28  332     2     4      0   578    1e-07        -
 136   5.707e-09  5.0687e-11      338   29  338     2     4      0   589  6.1e-08        -
 137  5.7623e-09  5.5298e-11      342   31  342     2     5      0   596  9.5e-08        -
 138  5.8121e-09  4.9768e-11      348   32  348     2     5      0   607  5.6e-08        -
 139   5.866e-09  5.3939e-11      352   34  352     2     6      0   614  8.5e-08        -
 140  5.9146e-09  4.8546e-11      358   35  358     2     6      0   625    5e-08        -
 141  5.9573e-09  4.2721e-11      362   37  362     2     7      0   631  2.7e-08        -
 143  6.0518e-09  5.1831e-11      368   39  368     2     8      0   640  7.4e-08        -
 144  6.0985e-09  4.6648e-11      374   40  374     2     8      0   651  4.4e-08        -
 145    6.15e-09  5.1503e-11      378   42  378     2     9      0   658  7.5e-08        -
 146  6.1963e-09  4.6353e-11      384   43  384     2     9      0   669  4.4e-08        -
 147  6.2471e-09  5.0778e-11      388   45  388     2    10      0   676  7.3e-08        -
 149  6.3385e-09    4.57e-11      396   47  396     2    10      0   690  4.4e-08        -
 152   6.465e-09  3.5043e-11      406   48  406     2    10      0   707  1.3e-08        -
 155  6.5701e-09  3.5043e-11      412   49  412     2    10      0   716  1.2e-07        -
 160  6.7453e-09  3.5043e-11      422   49  422     2    10      0   731  4.4e-07        -
 164  6.8855e-09  3.5043e-11      430   49  430     2    10      0   743  7.3e-07        -
 167  6.9778e-09  2.2222e-11      436   50  436     2    10      0   752  2.1e-09        -
 171  7.0667e-09  2.2222e-11      444   50  444     2    10      0   764  3.7e-08        -
 176  7.1778e-09  2.2222e-11      454   50  454     2    10      0   779  8.5e-08        -
           当前进度:   8 % - 正在组装残差
 180  7.2667e-09  2.2222e-11      462   50  462     2    10      0   791  1.3e-07        -
 185  7.3778e-09  2.2222e-11      472   50  472     2    10      0   806  1.8e-07        -
 190  7.4833e-09  1.6665e-11      486   51  486     2    10      0   829  6.3e-10        -
 193    7.55e-09   3.333e-11      492   53  492     2    10      0   838    2e-08        -
 198  7.7166e-09   3.333e-11      502   53  502     2    10      0   853  4.1e-07        -
 202    7.85e-09   3.333e-11      510   53  510     2    10      0   865  6.8e-07        -
 206   7.975e-09  2.5021e-11      522   54  522     2    10      0   885  4.1e-09        -
 208   8.025e-09  2.5021e-11      526   55  526     2    10      0   891    2e-08        -
 213  8.1501e-09  2.5021e-11      536   55  536     2    10      0   906  9.1e-08        -
 218  8.2752e-09  2.5021e-11      546   55  546     2    10      0   921  1.5e-07        -
 223  8.4003e-09  2.5021e-11      556   55  556     2    10      0   936    2e-07        -
 226     8.5e-09  2.4916e-11 out  562   57  562     2    10      0   945  1.4e-08        -
 229  8.6196e-09  4.4849e-11      572   59  572     2    10      0   962    5e-08        -
 233   8.799e-09  4.4849e-11      580   60  580     2    10      0   974    6e-07        -
 237  8.9668e-09  3.3228e-11      592   61  592     2    10      0   995  9.9e-09        -
 240  9.0997e-09  6.6457e-11      598   63  598     2    10      0  1004  3.1e-07        -
 242  9.2082e-09  5.4269e-11      606   65  606     2    10      0  1018  1.1e-07        -
 243  9.2571e-09  4.8842e-11      612   66  612     2    10      0  1029  6.6e-08        -
 244  9.3161e-09  5.9061e-11      616   68  616     2    11      0  1036  1.7e-07        -
 246  9.4346e-09   6.536e-11      624   70  624     2    11      0  1050  2.9e-07        -
 249  9.5327e-09   3.268e-11      630   71  630     2    11      0  1059  8.1e-08        -
 251  9.6556e-09  5.7601e-11      638   73  638     2    11      0  1073  1.5e-07        -
 253  9.7651e-09  5.1841e-11      646   75  646     2    11      0  1087    9e-08        -
 255  9.8688e-09  5.1841e-11      650   76  650     2    11      0  1093  4.4e-07        -
 257  9.9603e-09  3.9696e-11      658   77  658     2    11      0  1107  2.2e-08        -
 260  1.0097e-08  5.7686e-11      666   80  666     2    12      0  1119  1.4e-07        -
 262  1.0201e-08  5.1918e-11      674   82  674     2    12      0  1133  7.6e-08        -
 266  1.0409e-08  5.1918e-11      682   82  682     2    12      0  1146  1.2e-10        -
 268    1.05e-08  4.5555e-11 out  690   84  690     2    12      0  1160  3.2e-08        -
 273  1.0728e-08  4.5555e-11      700   84  700     2    12      0  1175  6.4e-07        -
 277  1.0905e-08     4.1e-11      710   84  710     2    12      0  1192  2.7e-10        -
 280     1.1e-08  2.6779e-11 out  718   85  718     2    12      0  1206    9e-09        -
 283  1.1127e-08  4.6884e-11      728   87  728     2    12      0  1223  2.9e-08        -
 287  1.1315e-08  4.6884e-11      736   88  736     2    12      0  1235  3.8e-07        -
 292  1.1546e-08   4.574e-11      746   88  746     2    12      0  1253  1.2e-09        -
 296  1.1729e-08   4.574e-11      754   88  754     2    12      0  1269  1.2e-09        -
 301  1.1956e-08  4.4172e-11      765   88  765     2    12      0  1291    4e-10        -
 305  1.2133e-08  4.4172e-11      777   88  777     2    12      0  1315  4.4e-10        -
 308  1.2265e-08  4.4172e-11      786   88  786     2    12      0  1333  4.7e-10        -
 312  1.2442e-08  4.4172e-11      798   88  798     2    12      0  1357  4.9e-10        -
 315  1.2558e-08  5.8278e-11      804   90  804     2    12      0  1366  1.2e-07        -
 320   1.285e-08  5.8278e-11      814   90  814     2    12      0  1385  2.9e-10        -
 323     1.3e-08  4.6026e-11 out  824   92  824     2    12      0  1403  4.1e-08        -
 325  1.3105e-08  5.8861e-11      830   94  830     2    13      0  1413  1.4e-07        -
 327  1.3211e-08  5.2975e-11      838   96  838     2    13      0  1427  8.4e-08        -
 332  1.3461e-08  3.8631e-11      852   97  852     2    13      0  1452  1.8e-08        -
           当前进度:   9 % - 组装矩阵
 335  1.3593e-08  5.4151e-11      860  100  860     2    14      0  1464  1.1e-07        -
 337   1.369e-08  4.8736e-11      868  102  868     2    14      0  1478  6.4e-08        -
 342  1.3934e-08  4.8736e-11      878  102  878     2    14      0  1495  1.1e-10        -
 344     1.4e-08  3.3034e-11 out  886  104  886     2    14      0  1509  1.1e-08        -
 350  1.4198e-08  3.3034e-11      898  104  898     2    14      0  1527    3e-07        -
 356  1.4396e-08  3.3034e-11      910  104  910     2    14      0  1545  6.5e-07        -
 361  1.4538e-08  3.7521e-11      920  106  920     2    14      0  1560    3e-08        -
 367  1.4763e-08  3.7521e-11      932  106  932     2    14      0  1578  7.9e-07        -
 372   1.495e-08  3.7521e-11      942  106  942     2    14      0  1597    5e-11        -
 377  1.5075e-08  2.4872e-11      952  107  952     2    14      0  1612  6.7e-08        -
 383  1.5224e-08  2.4872e-11      964  107  964     2    14      0  1630  1.6e-07        -
 389  1.5373e-08  2.4872e-11      976  107  976     2    14      0  1648  2.3e-07        -
 394  1.5486e-08  1.3712e-11      986  108  986     2    14      0  1663  1.8e-10        -
 398  1.5582e-08  2.7424e-11      994  109  994     2    14      0  1675    5e-08        -
 402  1.5719e-08  5.4847e-11     1002  110 1002     2    14      0  1687  1.7e-07        -
 404  1.5818e-08  4.9363e-11     1010  112 1010     2    14      0  1701  9.4e-08        -
 406  1.5917e-08  4.9363e-11     1014  112 1014     2    14      0  1707    8e-07        -
 407  1.5958e-08   4.158e-11     1020  113 1020     2    14      0  1718  3.7e-08        -
 409  1.6042e-08   4.158e-11     1024  114 1024     2    14      0  1724  1.8e-07        -
 415  1.6291e-08   4.158e-11     1036  114 1036     2    14      0  1742  9.4e-07        -
 419  1.6469e-08  3.1444e-11     1044  116 1044     2    14      0  1756  8.1e-09        -
 423  1.6651e-08  5.6599e-11     1056  118 1056     2    14      0  1776  1.6e-07        -
 428  1.6934e-08  5.6599e-11     1066  119 1066     2    14      0  1794  2.8e-10        -
 432  1.7099e-08  6.6072e-11     1074  121 1074     2    14      0  1806  3.4e-07        -
 434  1.7218e-08  5.9465e-11     1082  123 1082     2    14      0  1820    2e-07        -
 438  1.7448e-08  5.1784e-11     1094  124 1094     2    14      0  1842  8.6e-08        -
 441  1.7604e-08  5.1784e-11     1100  125 1100     2    14      0  1851  7.3e-07        -
 447  1.7914e-08  5.1784e-11     1112  125 1112     2    14      0  1875  3.2e-10        -
 448  1.7957e-08  4.2865e-11     1118  126 1118     2    14      0  1886  2.3e-08        -
 453  1.8171e-08  4.2865e-11     1128  127 1128     2    14      0  1901  3.7e-07        -
 459  1.8429e-08  4.2865e-11     1140  127 1140     2    14      0  1919  8.7e-07        -
 461    1.85e-08  3.5673e-11 out 1148  129 1148     2    14      0  1933  7.7e-09        -
 467  1.8714e-08  3.5673e-11     1160  129 1160     2    14      0  1951  1.9e-07        -
 472  1.8892e-08  3.5673e-11     1170  129 1170     2    14      0  1966  3.4e-07        -
 477  1.9036e-08  3.6245e-11     1180  131 1180     2    14      0  1981  9.4e-09        -
 483  1.9254e-08  3.6245e-11     1192  131 1192     2    14      0  1999  2.4e-07        -
 488  1.9435e-08  3.6245e-11     1202  131 1202     2    14      0  2014  4.4e-07        -
 491  1.9533e-08  3.2529e-11     1214  131 1214     2    14      0  2038  3.1e-11        -
 494   1.963e-08  3.2529e-11     1226  131 1226     2    14      0  2062  3.4e-11        -
 496  1.9754e-08  5.8552e-11     1234  133 1234     2    14      0  2076  1.4e-07        -
 500  1.9965e-08  3.5309e-11     1242  135 1242     2    14      0  2089  1.1e-08        -
 504  2.0169e-08  6.2787e-11     1254  137 1254     2    14      0  2109  2.1e-07        -
 506  2.0288e-08  5.6508e-11     1262  139 1262     2    14      0  2123  1.2e-07        -
 509  2.0451e-08  4.9488e-11     1272  141 1272     2    14      0  2140  6.4e-08        -
 511  2.0561e-08  6.0933e-11     1278  144 1278     2    15      0  2150  1.8e-07        -
 513  2.0676e-08  6.0572e-11     1288  147 1288     2    16      0  2168  1.8e-07        -
-          当前进度:  11 % - 
 515  2.0785e-08  5.4515e-11     1296  149 1296     2    16      0  2182  1.1e-07        -
 520  2.1053e-08  5.2798e-11     1309  149 1309     2    16      0  2206  2.6e-11        -
 524  2.1264e-08  5.2798e-11     1321  149 1321     2    16      0  2230  4.5e-11        -
 526  2.1364e-08  4.7518e-11     1330  150 1330     2    16      0  2247  6.8e-08        -
 529    2.15e-08   4.409e-11 out 1340  151 1340     2    16      0  2266  1.9e-11        -
 532  2.1632e-08   4.409e-11     1352  151 1352     2    16      0  2290  2.5e-11        -
 535  2.1765e-08   4.409e-11     1364  151 1364     2    16      0  2314    3e-11        -
 538  2.1897e-08   4.409e-11     1376  151 1376     2    16      0  2338  3.3e-11        -
 541     2.2e-08  2.9552e-11 out 1384  152 1384     2    16      0  2352    4e-08        -
 547  2.2177e-08  2.9552e-11     1396  152 1396     2    16      0  2370  2.4e-07        -
 552  2.2325e-08  2.9552e-11     1406  152 1406     2    16      0  2385  3.9e-07        -
 557  2.2472e-08  2.8357e-11     1417  152 1417     2    16      0  2403  9.5e-12        -
 561  2.2585e-08  2.8357e-11     1429  152 1429     2    16      0  2427  8.4e-12        -
 565  2.2699e-08  2.8357e-11     1441  152 1441     2    16      0  2451    7e-12        -
 569  2.2812e-08  2.8357e-11     1453  152 1453     2    16      0  2475  5.1e-12        -
 573  2.2925e-08  2.8357e-11     1465  152 1465     2    16      0  2499  2.9e-12        -
 575  2.2977e-08  2.3142e-11     1474  153 1474     2    16      0  2516  2.1e-09        -
 578  2.3069e-08  4.6285e-11     1480  155 1480     2    16      0  2525  6.5e-08        -
 583  2.3301e-08  4.6285e-11     1490  155 1490     2    16      0  2542  1.3e-10        -
 587   2.347e-08  3.0148e-11     1498  156 1498     2    16      0  2557  6.8e-09        -
 591  2.3645e-08  5.4266e-11     1510  158 1510     2    16      0  2577  1.2e-07        -
 595  2.3862e-08  5.4266e-11     1518  159 1518     2    16      0  2591  2.1e-10        -
 598     2.4e-08  4.1981e-11 out 1528  161 1528     2    16      0  2609  3.7e-08        -
 600  2.4106e-08   6.362e-11     1534  163 1534     2    17      0  2619    3e-07        -
 602  2.4229e-08  6.6528e-11     1544  166 1544     2    18      0  2637  3.8e-07        -
 604  2.4349e-08  5.9876e-11     1552  168 1552     2    18      0  2651  2.3e-07        -
 606  2.4455e-08  4.5493e-11     1560  169 1560     2    18      0  2666  5.6e-08        -
 608  2.4565e-08  6.4918e-11     1566  172 1566     2    19      0  2676  3.3e-07        -
 610  2.4682e-08  5.8426e-11     1574  174 1574     2    19      0  2690  1.8e-07        -
 615  2.4958e-08  4.2264e-11     1588  175 1588     2    19      0  2716  2.9e-08        -
 619  2.5127e-08  4.2264e-11     1596  176 1596     2    19      0  2728  3.5e-07        -
 624  2.5338e-08  4.2264e-11     1606  176 1606     2    19      0  2743  8.8e-07        -
 628    2.55e-08   3.868e-11 out 1618  176 1618     2    19      0  2766  5.6e-11        -
 631  2.5616e-08   3.868e-11     1630  176 1630     2    19      0  2790  5.3e-11        -
 634  2.5732e-08   3.868e-11     1642  176 1642     2    19      0  2814  4.9e-11        -
 637  2.5848e-08   3.868e-11     1654  176 1654     2    19      0  2838  4.4e-11        -
 640  2.5963e-08  3.7259e-11     1668  177 1668     2    19      0  2865  9.4e-09        -
 644  2.6112e-08  3.7259e-11     1676  178 1676     2    19      0  2877  1.2e-07        -
 649  2.6298e-08  3.7259e-11     1686  178 1686     2    19      0  2892  3.1e-07        -
 654  2.6474e-08  2.6449e-11     1700  179 1700     2    19      0  2915  1.9e-09        -
 658  2.6659e-08  5.2898e-11     1708  181 1708     2    19      0  2927  5.7e-07        -
 664  2.6962e-08  3.8408e-11     1724  182 1724     2    19      0  2957  1.5e-08        -
 669  2.7192e-08  7.6817e-11     1734  184 1734     2    19      0  2972  5.2e-07        -
 671  2.7325e-08  6.6424e-11     1742  186 1742     2    19      0  2986  2.7e-07        -
 673  2.7442e-08  5.7665e-11     1750  188 1750     2    19      0  3000  1.4e-07        -
-          当前进度:  12 % - 
 677  2.7682e-08  6.6251e-11     1760  190 1760     2    20      0  3018  2.8e-07        -
 679  2.7807e-08  6.5535e-11     1770  193 1770     2    21      0  3036  2.7e-07        -
 681  2.7933e-08  6.7139e-11     1778  195 1778     2    21      0  3050  3.1e-07        -
 685  2.8101e-08  6.7139e-11     1786  197 1786     2    21      0  3062  2.8e-07        -
 687  2.8219e-08  5.9267e-11     1794  199 1794     2    21      0  3076  1.5e-07        -
 689  2.8326e-08  5.3341e-11     1802  201 1802     2    21      0  3090  9.2e-08        -
 693    2.85e-08  3.3698e-11 out 1810  202 1810     2    21      0  3102  4.8e-08        -
 698  2.8668e-08  3.3698e-11     1820  202 1820     2    21      0  3117  2.5e-07        -
 704  2.8871e-08  3.3698e-11     1832  202 1832     2    21      0  3135  5.2e-07        -
 708     2.9e-08  3.0966e-11 out 1844  202 1844     2    21      0  3157  3.6e-11        -
 711  2.9093e-08  3.0966e-11     1856  202 1856     2    21      0  3181  3.5e-11        -
 714  2.9186e-08  3.0966e-11     1868  202 1868     2    21      0  3205  3.4e-11        -
 717  2.9279e-08  3.0966e-11     1880  202 1880     2    21      0  3229  3.2e-11        -
 720  2.9372e-08  3.0966e-11     1892  202 1892     2    21      0  3253  2.9e-11        -
 723  2.9464e-08  3.0966e-11     1904  202 1904     2    21      0  3277  2.7e-11        -
 726  2.9536e-08  3.5516e-11     1910  204 1910     2    21      0  3286  1.5e-08        -
 731  2.9713e-08  3.5516e-11     1920  204 1920     2    21      0  3301  3.2e-07        -
 736  2.9891e-08  3.5516e-11     1930  204 1930     2    21      0  3316    6e-07        -
 740       3e-08  1.9148e-11 out 1938  205 1938     2    21      0  3328  3.4e-09        -
 744  3.0153e-08  3.8296e-11     1946  206 1946     2    21      0  3340  2.8e-07        -
 749  3.0345e-08  3.8296e-11     1956  206 1956     2    21      0  3355  6.6e-07        -
 753   3.048e-08  2.0223e-11     1964  207 1964     2    21      0  3367  8.7e-10        -
 757  3.0621e-08  4.0447e-11     1972  208 1972     2    21      0  3379  2.4e-07        -
 763  3.0864e-08  4.0447e-11     1984  208 1984     2    21      0  3397  8.1e-07        -
 766  3.0972e-08  2.7542e-11     1994  209 1994     2    21      0  3414  3.7e-09        -
 770  3.1165e-08  5.5084e-11     2002  211 2002     2    21      0  3427  1.7e-10        -
 774  3.1396e-08  6.5655e-11     2012  213 2012     2    22      0  3446    3e-07        -
 776    3.15e-08   5.192e-11 out 2020  215 2020     2    22      0  3460  9.5e-08        -
 778   3.162e-08   6.825e-11     2026  217 2026     2    23      0  3470  3.9e-07        -
 780  3.1751e-08  6.9497e-11     2036  220 2036     2    24      0  3489  4.3e-07        -
 782  3.1876e-08  6.2547e-11     2044  222 2044     2    24      0  3503  2.4e-07        -
 787  3.2186e-08  6.1907e-11     2054  222 2054     2    24      0  3523  2.6e-09        -
 791  3.2427e-08  5.5717e-11     2066  223 2066     2    24      0  3546  9.4e-08        -
 795  3.2573e-08   3.642e-11     2074  224 2074     2    24      0  3558  1.3e-07        -
 799  3.2719e-08   3.642e-11     2082  224 2082     2    24      0  3570  2.9e-07        -
 805  3.2937e-08   3.642e-11     2094  224 2094     2    24      0  3588  5.2e-07        -
 807     3.3e-08  3.1481e-11 out 2102  226 2102     2    24      0  3602  3.8e-09        -
 812  3.3157e-08  3.1481e-11     2112  226 2112     2    24      0  3617  7.7e-08        -
 818  3.3346e-08  3.1481e-11     2124  226 2124     2    24      0  3635  1.6e-07        -
 823    3.35e-08  2.9631e-11 out 2136  226 2136     2    24      0  3656    1e-10        -
 827  3.3737e-08  5.9263e-11     2144  227 2144     2    24      0  3669  4.1e-10        -
 831  3.3957e-08  4.2581e-11     2156  228 2156     2    24      0  3692  1.7e-08        -
 834  3.4085e-08  4.2581e-11     2162  229 2162     2    24      0  3701  1.7e-07        -
 839  3.4298e-08  4.2581e-11     2172  229 2172     2    24      0  3716  5.4e-07        -
 843  3.4463e-08  3.7096e-11     2184  230 2184     2    24      0  3736  9.8e-09        -
 846  3.4641e-08  6.6774e-11     2194  233 2194     2    24      0  3753    2e-07        -
-          当前进度:  13 % - 正在组装残差
 850  3.4908e-08  6.6774e-11     2202  234 2202     2    24      0  3768  7.7e-10        -
 852     3.5e-08  4.5969e-11 out 2210  236 2210     2    24      0  3782  3.5e-08        -
 854  3.5131e-08  6.2057e-11     2220  239 2220     2    25      0  3800  1.6e-07        -
 856  3.5265e-08  6.3601e-11     2230  242 2230     2    26      0  3819  1.9e-07        -
 858  3.5397e-08  6.2446e-11     2240  245 2240     2    27      0  3838  1.7e-07        -
 862  3.5603e-08  5.1445e-11     2248  246 2248     2    27      0  3850  8.5e-07        -
 868  3.5912e-08  5.1445e-11     2260  246 2260     2    27      0  3874    5e-10        -
 870     3.6e-08  4.4218e-11 out 2268  248 2268     2    27      0  3888  3.1e-08        -
 875  3.6221e-08  4.4218e-11     2278  248 2278     2    27      0  3903  6.8e-07        -
 880  3.6442e-08  4.4218e-11     2288  248 2288     2    27      0  3921  2.3e-10        -
 884  3.6558e-08   2.891e-11     2296  249 2296     2    27      0  3933  4.9e-08        -
 890  3.6731e-08   2.891e-11     2308  249 2308     2    27      0  3951  1.4e-07        -
 896  3.6905e-08   2.891e-11     2320  249 2320     2    27      0  3969  2.3e-07        -
 900     3.7e-08  1.8723e-11 out 2328  250 2328     2    27      0  3981  2.1e-09        -
 904   3.715e-08  3.7447e-11     2336  251 2336     2    27      0  3993  1.7e-07        -
 910  3.7374e-08  3.7447e-11     2348  251 2348     2    27      0  4011  4.8e-07        -
 913  3.7475e-08  2.5319e-11     2358  252 2358     2    27      0  4028  1.5e-09        -
 917  3.7652e-08  5.0638e-11     2366  254 2366     2    27      0  4040  4.3e-07        -
 923  3.7953e-08  4.7446e-11     2379  254 2379     2    27      0  4063  9.9e-10        -
 927  3.8142e-08  4.7446e-11     2391  254 2391     2    27      0  4087  9.4e-10        -
 931  3.8332e-08  4.7446e-11     2403  254 2403     2    27      0  4111  8.7e-10        -
 934  3.8464e-08  3.6493e-11     2415  255 2415     2    27      0  4134  1.1e-08        -
 939  3.8646e-08  3.6493e-11     2425  256 2425     2    27      0  4149  1.9e-07        -
 944  3.8865e-08  7.2986e-11     2435  257 2435     2    27      0  4164    4e-07        -
 945  3.8931e-08  6.5687e-11     2441  258 2441     2    27      0  4175  2.4e-07        -
 949  3.9132e-08  6.2445e-11     2453  261 2453     2    27      0  4195  1.9e-07        -
 953  3.9382e-08  6.2445e-11     2461  262 2461     2    27      0  4209  4.8e-10        -
 957  3.9618e-08  5.9197e-11     2473  262 2473     2    27      0  4233  1.6e-09        -
 961  3.9855e-08  5.9197e-11     2485  262 2485     2    27      0  4257  1.5e-09        -
 963  3.9957e-08  4.2812e-11     2494  263 2494     2    27      0  4274  1.5e-08        -
 968  4.0171e-08  4.2812e-11     2504  264 2504     2    27      0  4289  2.4e-07        -
 973  4.0385e-08  4.2812e-11     2514  264 2514     2    27      0  4304    5e-07        -
 975  4.0464e-08  3.5939e-11     2522  265 2522     2    27      0  4318  4.1e-09        -
 980  4.0644e-08  3.5939e-11     2532  266 2532     2    27      0  4333  6.7e-08        -
 986  4.0859e-08  3.5939e-11     2544  266 2544     2    27      0  4351  1.6e-07        -
 992  4.1069e-08  3.4367e-11     2556  266 2556     2    27      0  4373  9.3e-10        -
 998  4.1275e-08  3.4367e-11     2568  266 2568     2    27      0  4397  8.5e-10        -
1004  4.1473e-08  2.6617e-11     2584  267 2584     2    27      0  4428  9.2e-10        -
1009  4.1606e-08  2.6617e-11     2594  268 2594     2    27      0  4443  1.6e-08        -
1014   4.174e-08  2.6617e-11     2604  268 2604     2    27      0  4458  3.5e-08        -
1017  4.1899e-08  5.3234e-11     2610  269 2610     2    27      0  4467  3.6e-07        -
1021  4.2101e-08  5.0371e-11     2622  269 2622     2    27      0  4491  7.9e-10        -
1025  4.2302e-08  5.0371e-11     2634  269 2634     2    27      0  4515    8e-10        -
1029    4.25e-08  4.8517e-11 out 2648  269 2648     2    27      0  4543  4.5e-10        -
1032  4.2646e-08  4.8517e-11     2660  269 2660     2    27      0  4567  4.4e-10        -
-          当前进度:  15 % - 
1035  4.2791e-08  4.8517e-11     2672  269 2672     2    27      0  4591  4.2e-10        -
1038  4.2937e-08  4.8517e-11     2684  269 2684     2    27      0  4615  3.9e-10        -
1043  4.3095e-08  3.1674e-11     2694  270 2694     2    27      0  4630  3.8e-08        -
1048  4.3253e-08  3.1674e-11     2704  270 2704     2    27      0  4645  8.9e-08        -
1054  4.3443e-08  3.1674e-11     2716  270 2716     2    27      0  4663  1.4e-07        -
1057  4.3528e-08  2.8282e-11     2728  270 2728     2    27      0  4687  8.6e-11        -
1060  4.3613e-08  2.8282e-11     2740  270 2740     2    27      0  4711  8.5e-11        -
1063  4.3698e-08  2.8282e-11     2752  270 2752     2    27      0  4735  8.4e-11        -
1066  4.3783e-08  2.8282e-11     2764  270 2764     2    27      0  4759  8.2e-11        -
1069  4.3868e-08  2.8282e-11     2776  270 2776     2    27      0  4783    8e-11        -
1072  4.3953e-08  2.8282e-11     2788  270 2788     2    27      0  4807  7.8e-11        -
1074     4.4e-08  2.3747e-11 out 2796  272 2796     2    27      0  4821  8.6e-10        -
1079  4.4119e-08  2.3747e-11     2806  272 2806     2    27      0  4836  6.9e-09        -
1085  4.4261e-08  2.3747e-11     2818  272 2818     2    27      0  4854  1.4e-08        -
1090   4.438e-08  2.3747e-11     2828  272 2828     2    27      0  4869    2e-08        -
1095  4.4487e-08  1.2534e-11     2838  273 2838     2    27      0  4884  1.2e-11        -
1099  4.4575e-08  2.5067e-11     2846  274 2846     2    27      0  4896  3.5e-09        -
1104  4.4701e-08  2.5067e-11     2856  274 2856     2    27      0  4911  1.1e-08        -
1109  4.4826e-08  2.5067e-11     2866  274 2866     2    27      0  4926  1.9e-08        -
1115  4.4976e-08  2.4393e-11     2878  274 2878     2    27      0  4945  1.1e-10        -
1120  4.5098e-08  2.4393e-11     2888  274 2888     2    27      0  4965    1e-10        -
1126  4.5244e-08  2.4393e-11     2900  274 2900     2    27      0  4989  9.6e-11        -
1131  4.5366e-08  2.4393e-11     2910  274 2910     2    27      0  5009    9e-11        -
1136  4.5482e-08  1.8271e-11     2924  275 2924     2    27      0  5036  8.5e-11        -
1139  4.5573e-08  3.6542e-11     2930  277 2930     2    27      0  5045  1.4e-08        -
1144  4.5756e-08  3.6542e-11     2940  277 2940     2    27      0  5060  7.1e-08        -
1148  4.5902e-08  3.6542e-11     2948  277 2948     2    27      0  5072  1.1e-07        -
1150  4.5969e-08  3.0749e-11     2956  278 2956     2    27      0  5086  1.4e-09        -
1153  4.6061e-08  3.0749e-11     2962  279 2962     2    27      0  5095  1.2e-08        -
1158  4.6215e-08  3.0749e-11     2972  279 2972     2    27      0  5110  4.6e-08        -
1163  4.6369e-08  3.0749e-11     2982  279 2982     2    27      0  5125  7.3e-08        -
1167  4.6481e-08  1.9381e-11     2990  280 2990     2    27      0  5137  1.2e-10        -
1171  4.6616e-08  3.8761e-11     2998  281 2998     2    27      0  5149    4e-08        -
1176   4.681e-08  3.8761e-11     3008  281 3008     2    27      0  5164  1.1e-07        -
1180  4.6963e-08  3.6814e-11     3017  281 3017     2    27      0  5179  6.9e-11        -
1183  4.7074e-08  3.6814e-11     3026  281 3026     2    27      0  5197  6.7e-11        -
1186  4.7184e-08  3.6814e-11     3035  281 3035     2    27      0  5215  6.4e-11        -
1189  4.7295e-08  3.6814e-11     3044  281 3044     2    27      0  5233  6.2e-11        -
1193  4.7442e-08  3.6814e-11     3054  281 3054     2    27      0  5253  4.7e-10        -
1195    4.75e-08  2.9113e-11 out 3062  283 3062     2    27      0  5267  2.7e-10        -
1200  4.7646e-08  2.9113e-11     3072  283 3072     2    27      0  5282  5.2e-09        -
1205  4.7791e-08  2.9113e-11     3082  283 3082     2    27      0  5297    1e-08        -
1210  4.7937e-08  2.9113e-11     3092  283 3092     2    27      0  5312  1.6e-08        -
1214  4.8034e-08  3.4191e-11     3100  285 3100     2    27      0  5324  2.1e-10        -
1218  4.8171e-08  3.4191e-11     3108  285 3108     2    27      0  5336  3.3e-09        -
1223  4.8342e-08  3.4191e-11     3118  285 3118     2    27      0  5351  1.8e-08        -
1227  4.8472e-08  2.7758e-11     3130  286 3130     2    27      0  5371    3e-10        -
1230  4.8556e-08  2.7758e-11     3136  287 3136     2    27      0  5380  2.7e-09        -
-          当前进度:  16 % - 正在组装残差
1235  4.8694e-08  2.7758e-11     3146  287 3146     2    27      0  5395  7.7e-09        -
1240  4.8833e-08  2.7758e-11     3156  287 3156     2    27      0  5410  1.4e-08        -
1245  4.8972e-08  2.7758e-11     3166  287 3166     2    27      0  5425    2e-08        -
1247     4.9e-08  1.4058e-11 out 3170  288 3170     2    27      0  5431  6.9e-11        -
1251  4.9112e-08  2.8117e-11     3178  289 3178     2    27      0  5443  4.6e-09        -
1256  4.9253e-08  2.8117e-11     3188  289 3188     2    27      0  5458  1.3e-08        -
1261  4.9394e-08  2.8117e-11     3198  289 3198     2    27      0  5473  2.2e-08        -
1265    4.95e-08  2.5064e-11 out 3208  289 3208     2    27      0  5491    1e-10        -
1268  4.9575e-08  2.5064e-11     3217  289 3217     2    27      0  5509  9.9e-11        -
1272  4.9776e-08  5.0129e-11     3225  290 3225     2    27      0  5521    2e-07        -
1276  4.9963e-08  3.6953e-11     3237  291 3237     2    27      0  5541  4.1e-09        -
1279  5.0074e-08  3.6953e-11     3243  292 3243     2    27      0  5550  3.7e-08        -
1284  5.0259e-08  3.6953e-11     3253  292 3253     2    27      0  5565  1.2e-07        -
1289  5.0443e-08  3.6953e-11     3263  292 3263     2    27      0  5580  1.9e-07        -
1291    5.05e-08  2.8283e-11 out 3271  294 3271     2    27      0  5594    1e-09        -
1296  5.0641e-08  2.8283e-11     3281  294 3281     2    27      0  5609  2.1e-08        -
1301  5.0783e-08  2.8283e-11     3291  294 3291     2    27      0  5624  4.1e-08        -
1306  5.0924e-08  2.8283e-11     3301  294 3301     2    27      0  5639  6.2e-08        -
1308  5.0976e-08  2.3735e-11     3309  295 3309     2    27      0  5653    4e-10        -
1312  5.1071e-08  2.3735e-11     3317  296 3317     2    27      0  5665  5.2e-09        -
1317   5.119e-08  2.3735e-11     3327  296 3327     2    27      0  5680  1.3e-08        -
1321  5.1285e-08  2.3735e-11     3335  296 3335     2    27      0  5692    2e-08        -
1326  5.1403e-08  2.3735e-11     3345  296 3345     2    27      0  5707  2.8e-08        -
1330  5.1487e-08  1.2652e-11     3353  297 3353     2    27      0  5719  1.5e-11        -
1334  5.1576e-08  2.5305e-11     3361  298 3361     2    27      0  5731  4.2e-09        -
1339  5.1702e-08  2.5305e-11     3371  298 3371     2    27      0  5746  1.3e-08        -
1345  5.1854e-08  2.5305e-11     3383  298 3383     2    27      0  5764  2.4e-08        -
1350  5.1978e-08  2.2257e-11     3394  298 3394     2    27      0  5782  1.6e-10        -
1353  5.2067e-08  4.4513e-11     3402  299 3402     2    27      0  5797  7.2e-09        -
1359  5.2334e-08  4.4513e-11     3414  299 3414     2    27      0  5815  1.7e-07        -
1362  5.2461e-08  3.8563e-11     3424  300 3424     2    27      0  5832  4.3e-09        -
1366  5.2616e-08  3.8563e-11     3432  301 3432     2    27      0  5844  5.1e-08        -
1372  5.2847e-08  3.8563e-11     3444  301 3444     2    27      0  5862  1.5e-07        -
1378  5.3076e-08  3.7906e-11     3456  301 3456     2    27      0  5884  5.3e-10        -
1384  5.3303e-08  3.7906e-11     3468  301 3468     2    27      0  5908  5.2e-10        -
1389  5.3477e-08  2.2564e-11     3478  302 3478     2    27      0  5927  4.3e-10        -
1393  5.3635e-08  4.5127e-11     3486  303 3486     2    27      0  5939  1.5e-07        -
1399  5.3906e-08  4.5127e-11     3498  303 3498     2    27      0  5957  5.5e-07        -
1403  5.4024e-08  2.4363e-11     3506  304 3506     2    27      0  5969  7.7e-09        -
1407  5.4219e-08  4.8725e-11     3514  305 3514     2    27      0  5981  3.4e-07        -
1412  5.4457e-08  4.2917e-11     3528  306 3528     2    27      0  6004    9e-09        -
1416  5.4629e-08  4.2917e-11     3536  307 3536     2    27      0  6016  1.1e-07        -
1422  5.4886e-08  4.2917e-11     3548  307 3548     2    27      0  6034    3e-07        -
1425     5.5e-08  3.5415e-11 out 3558  309 3558     2    27      0  6051  8.2e-10        -
1431  5.5212e-08  3.5415e-11     3570  309 3570     2    27      0  6069  2.1e-08        -
1436   5.539e-08  3.5415e-11     3580  309 3580     2    27      0  6084  3.7e-08        -
1440    5.55e-08  1.9803e-11 out 3588  310 3588     2    27      0  6096  2.1e-10        -
1443  5.5619e-08  3.9606e-11     3594  311 3594     2    27      0  6105  1.2e-08        -
1445  5.5698e-08  3.9606e-11     3598  311 3598     2    27      0  6111  2.3e-08        -
-          当前进度:  17 % - 
1449  5.5856e-08  3.9606e-11     3606  311 3606     2    27      0  6123  4.4e-08        -
1452  5.5968e-08  3.2165e-11     3616  312 3616     2    27      0  6140  2.1e-09        -
1454  5.6032e-08  3.2165e-11     3620  313 3620     2    27      0  6146    1e-08        -
1459  5.6193e-08  3.2165e-11     3630  313 3630     2    27      0  6161  5.2e-08        -
1463  5.6322e-08  3.2165e-11     3638  313 3638     2    27      0  6173  8.5e-08        -
1468  5.6475e-08  2.4844e-11     3652  314 3652     2    27      0  6196  8.8e-10        -
1470   5.655e-08  4.9688e-11     3656  316 3656     2    27      0  6202  2.8e-08        -
1474  5.6748e-08  4.9688e-11     3664  316 3664     2    27      0  6214  4.8e-07        -
1479  5.6974e-08  2.6403e-11     3674  317 3674     2    27      0  6229  1.7e-09        -
1483  5.7158e-08  5.2806e-11     3682  318 3682     2    27      0  6241  4.4e-07        -
1488  5.7422e-08  5.2806e-11     3692  318 3692     2    27      0  6259    7e-10        -
1490    5.75e-08  3.8776e-11 out 3700  320 3700     2    27      0  6273  1.1e-08        -
1495  5.7694e-08  3.8776e-11     3710  320 3710     2    27      0  6288  2.5e-07        -
1500  5.7888e-08  3.8776e-11     3720  320 3720     2    27      0  6303  4.7e-07        -
1505  5.8073e-08  3.6732e-11     3730  320 3730     2    27      0  6322  3.9e-09        -
1509   5.822e-08  3.6732e-11     3738  320 3738     2    27      0  6338  3.7e-09        -
1514  5.8404e-08  3.6732e-11     3748  320 3748     2    27      0  6358  3.3e-09        -
1516   5.847e-08  2.9609e-11     3756  321 3756     2    27      0  6373  1.5e-09        -
1520  5.8589e-08  2.9609e-11     3764  322 3764     2    27      0  6385  1.9e-08        -
1525  5.8737e-08  2.9609e-11     3774  322 3774     2    27      0  6400  4.7e-08        -
1529  5.8855e-08  2.9609e-11     3782  322 3782     2    27      0  6412  7.1e-08        -
1533  5.8972e-08  2.7933e-11     3790  322 3790     2    27      0  6425  1.1e-09        -
1536  5.9112e-08  5.5866e-11     3796  323 3796     2    27      0  6435  1.7e-07        -
1540  5.9335e-08  5.5866e-11     3804  323 3804     2    27      0  6447  6.9e-07        -
1544  5.9554e-08   5.447e-11     3812  323 3812     2    27      0  6462  7.6e-09        -
1549  5.9827e-08   5.447e-11     3822  323 3822     2    27      0  6482  7.3e-09        -
1552  5.9968e-08   3.212e-11     3828  324 3828     2    27      0  6493    3e-09        -
1557  6.0128e-08   3.212e-11     3838  324 3838     2    27      0  6508  6.1e-08        -
1562  6.0289e-08   3.212e-11     3848  324 3848     2    27      0  6523  1.2e-07        -
1567   6.045e-08   3.212e-11     3858  324 3858     2    27      0  6538  1.7e-07        -
1569    6.05e-08  2.5163e-11 out 3866  326 3866     2    27      0  6552  1.2e-09        -
1573  6.0601e-08  2.5163e-11     3874  326 3874     2    27      0  6564    2e-08        -
1578  6.0726e-08  2.5163e-11     3884  326 3884     2    27      0  6579  4.3e-08        -
1583  6.0852e-08  2.5163e-11     3894  326 3894     2    27      0  6594  6.6e-08        -
1587  6.0953e-08  2.5163e-11     3902  326 3902     2    27      0  6606  8.4e-08        -
1592  6.1071e-08  2.3533e-11     3912  326 3912     2    27      0  6626  9.8e-10        -
1597  6.1188e-08  2.3533e-11     3922  326 3922     2    27      0  6646  9.4e-10        -
1602  6.1306e-08  2.3533e-11     3932  326 3932     2    27      0  6666  8.9e-10        -
1607  6.1424e-08  2.3533e-11     3942  326 3942     2    27      0  6686  8.4e-10        -
1611    6.15e-08  1.4671e-11 out 3950  327 3950     2    27      0  6700  2.7e-10        -
1615  6.1617e-08  2.9341e-11     3958  328 3958     2    27      0  6712  2.2e-08        -
1619  6.1735e-08  2.9341e-11     3966  328 3966     2    27      0  6724  4.8e-08        -
1624  6.1881e-08  2.9341e-11     3976  328 3976     2    27      0  6739  7.9e-08        -
1628  6.1985e-08  1.5269e-11     3984  329 3984     2    27      0  6751  4.3e-11        -
1631  6.2061e-08  3.0538e-11     3990  330 3990     2    27      0  6760  6.9e-09        -
1634  6.2153e-08  3.0538e-11     3996  330 3996     2    27      0  6769  2.3e-08        -
1639  6.2305e-08  3.0538e-11     4006  330 4006     2    27      0  6784    5e-08        -
-          当前进度:  18 % - 
1643  6.2428e-08  3.0538e-11     4014  330 4014     2    27      0  6796    7e-08        -
1645  6.2479e-08  2.0968e-11     4022  331 4022     2    27      0  6810  1.6e-10        -
1648  6.2584e-08  4.1936e-11     4028  333 4028     2    27      0  6819  2.6e-08        -
1652  6.2752e-08  4.1936e-11     4036  333 4036     2    27      0  6831  1.1e-07        -
1657   6.296e-08   4.032e-11     4046  333 4046     2    27      0  6847  3.7e-09        -
1662  6.3161e-08   4.032e-11     4056  333 4056     2    27      0  6867  3.6e-09        -
1667  6.3363e-08   4.032e-11     4066  333 4066     2    27      0  6887  3.4e-09        -
1670  6.3472e-08  2.8237e-11     4076  334 4076     2    27      0  6906  7.4e-10        -
1673  6.3556e-08  2.8237e-11     4082  335 4082     2    27      0  6915  6.2e-09        -
1678  6.3698e-08  2.8237e-11     4092  335 4092     2    27      0  6930  2.1e-08        -
1683  6.3839e-08  2.8237e-11     4102  335 4102     2    27      0  6945  3.6e-08        -
1686  6.3924e-08  2.8237e-11     4108  335 4108     2    27      0  6954  4.4e-08        -
1689     6.4e-08  2.4101e-11 out 4118  335 4118     2    27      0  6973  4.9e-10        -
1693  6.4193e-08  4.8203e-11     4126  336 4126     2    27      0  6985    2e-07        -
1697  6.4386e-08  4.8203e-11     4134  336 4134     2    27      0  6997    4e-07        -
1699  6.4467e-08  3.3087e-11     4142  337 4142     2    27      0  7011  4.4e-09        -
1703  6.4599e-08  3.3087e-11     4150  338 4150     2    27      0  7023  5.7e-08        -
1708  6.4765e-08  3.3087e-11     4160  338 4160     2    27      0  7038  1.4e-07        -
1713   6.493e-08  3.3087e-11     4170  338 4170     2    27      0  7053  2.3e-07        -
1717  6.5037e-08  3.6782e-11     4178  340 4178     2    27      0  7065  7.3e-09        -
1722  6.5221e-08  3.6782e-11     4188  340 4188     2    27      0  7080  1.5e-07        -
1727  6.5405e-08  3.6782e-11     4198  340 4198     2    27      0  7095    3e-07        -
1729  6.5471e-08  2.9307e-11     4206  341 4206     2    27      0  7109  2.1e-09        -
1733  6.5588e-08  2.9307e-11     4214  342 4214     2    27      0  7121  2.7e-08        -
1738  6.5734e-08  2.9307e-11     4224  342 4224     2    27      0  7136  6.8e-08        -
1743  6.5881e-08  2.9307e-11     4234  342 4234     2    27      0  7151  1.1e-07        -
1747  6.5984e-08  1.5545e-11     4242  343 4242     2    27      0  7163  7.1e-11        -
1751  6.6093e-08  3.1089e-11     4250  344 4250     2    27      0  7175    2e-08        -
1756  6.6249e-08  3.1089e-11     4260  344 4260     2    27      0  7190  6.8e-08        -
1761  6.6404e-08  3.1089e-11     4270  344 4270     2    27      0  7205  1.1e-07        -
1765    6.65e-08  1.6831e-11 out 4278  345 4278     2    27      0  7217  3.6e-10        -
1769  6.6635e-08  3.3662e-11     4286  346 4286     2    27      0  7229    3e-08        -
1774  6.6803e-08  3.3662e-11     4296  346 4296     2    27      0  7244  7.4e-08        -
1779  6.6969e-08  3.1197e-11     4306  346 4306     2    27      0  7260    4e-09        -
1784  6.7125e-08  3.1197e-11     4316  346 4316     2    27      0  7280  3.9e-09        -
1789  6.7281e-08  3.1197e-11     4326  346 4326     2    27      0  7300  3.7e-09        -
1794  6.7437e-08  3.1197e-11     4337  346 4337     2    27      0  7322    6e-10        -
1798  6.7532e-08  3.2046e-11     4346  348 4346     2    27      0  7337  2.1e-09        -
1803  6.7692e-08  3.2046e-11     4356  348 4356     2    27      0  7352  4.3e-08        -
1808  6.7853e-08  3.2046e-11     4366  348 4366     2    27      0  7367  8.3e-08        -
1812  6.7974e-08  2.5678e-11     4378  349 4378     2    27      0  7387  9.5e-10        -
1814  6.8051e-08  5.1356e-11     4382  351 4382     2    27      0  7393  3.1e-08        -
1820  6.8359e-08  5.1356e-11     4394  351 4394     2    27      0  7411  7.5e-07        -
1823    6.85e-08  4.4574e-11 out 4404  353 4404     2    27      0  7428    2e-08        -
1828  6.8723e-08  4.4574e-11     4414  353 4414     2    27      0  7443  4.2e-07        -
1834  6.8973e-08  2.7128e-11     4426  354 4426     2    27      0  7461  1.2e-09        -
1838  6.9163e-08  5.4256e-11     4434  355 4434     2    27      0  7473  3.2e-07        -
1842   6.938e-08  5.4256e-11     4442  355 4442     2    27      0  7485  8.6e-07        -
--         当前进度:  20 % - 
1845    6.95e-08  3.2977e-11 out 4448  356 4448     2    27      0  7494    1e-08        -
1850  6.9698e-08  6.5954e-11     4458  357 4458     2    27      0  7509  6.1e-08        -
1854  6.9948e-08  5.2137e-11     4470  358 4470     2    27      0  7529  1.7e-08        -
1856  7.0052e-08  5.2137e-11     4474  359 4474     2    27      0  7535  8.3e-08        -
1858  7.0156e-08  5.2137e-11     4478  359 4478     2    27      0  7541  2.2e-07        -
1860  7.0261e-08  5.2137e-11     4482  359 4482     2    27      0  7547  3.5e-07        -
1864  7.0459e-08  4.1451e-11     4494  360 4494     2    27      0  7567  4.9e-09        -
1868  7.0624e-08  4.1451e-11     4502  361 4502     2    27      0  7579  6.4e-08        -
1872   7.079e-08  4.1451e-11     4510  361 4510     2    27      0  7591  1.4e-07        -
1877  7.0978e-08  2.2018e-11     4520  362 4520     2    27      0  7606  2.5e-10        -
1879  7.1044e-08  4.4036e-11     4524  363 4524     2    27      0  7612  8.1e-09        -
1883   7.122e-08  4.4036e-11     4532  363 4532     2    27      0  7624  1.4e-07        -
1887  7.1396e-08  4.4036e-11     4540  363 4540     2    27      0  7636  2.6e-07        -
1889   7.147e-08   2.982e-11     4548  364 4548     2    27      0  7650  1.5e-09        -
1892  7.1619e-08  5.9641e-11     4554  366 4554     2    27      0  7659  2.4e-07        -
1897  7.1917e-08  5.9641e-11     4564  366 4564     2    27      0  7675  1.5e-09        -
1899     7.2e-08  4.1257e-11 out 4572  368 4572     2    27      0  7689  9.6e-09        -
1904  7.2206e-08  4.1257e-11     4582  368 4582     2    27      0  7704  2.1e-07        -
1907   7.233e-08  4.1257e-11     4588  368 4588     2    27      0  7713  3.2e-07        -
1911  7.2477e-08  2.3086e-11     4596  369 4596     2    27      0  7725  3.8e-10        -
1915  7.2639e-08  4.6172e-11     4604  370 4604     2    27      0  7737  1.1e-07        -
1920  7.2869e-08  4.6172e-11     4614  370 4614     2    27      0  7752  3.5e-07        -
1924  7.3042e-08  4.2226e-11     4625  370 4625     2    27      0  7773  3.4e-09        -
1927  7.3169e-08  4.2226e-11     4634  370 4634     2    27      0  7791  3.3e-09        -
1931  7.3338e-08  4.2226e-11     4646  370 4646     2    27      0  7815  3.2e-09        -
1934  7.3461e-08  3.8872e-11     4658  371 4658     2    27      0  7838  3.4e-09        -
1938  7.3617e-08  3.8872e-11     4666  372 4666     2    27      0  7850    5e-08        -
1943  7.3811e-08  3.8872e-11     4676  372 4676     2    27      0  7865  1.2e-07        -
1948     7.4e-08  3.6205e-11 out 4686  372 4686     2    27      0  7882  6.5e-09        -
1953  7.4181e-08  3.6205e-11     4696  372 4696     2    27      0  7902  6.2e-09        -
1958  7.4362e-08  3.6205e-11     4706  372 4706     2    27      0  7922  5.9e-09        -
1961  7.4467e-08  3.2773e-11     4716  373 4716     2    27      0  7941  5.7e-10        -
1965  7.4598e-08  3.2773e-11     4724  374 4724     2    27      0  7953  7.2e-09        -
1970  7.4762e-08  3.2773e-11     4734  374 4734     2    27      0  7968  1.8e-08        -
1975  7.4926e-08  3.2773e-11     4744  374 4744     2    27      0  7983  2.8e-08        -
1978     7.5e-08   2.059e-11 out 4750  375 4750     2    27      0  7992  3.4e-10        -
1982  7.5165e-08  4.1179e-11     4758  376 4758     2    27      0  8004  2.8e-08        -
1987  7.5371e-08  4.1179e-11     4768  376 4768     2    27      0  8019  7.1e-08        -
1991    7.55e-08  2.3515e-11 out 4776  377 4776     2    27      0  8031  8.3e-10        -
1995  7.5688e-08  4.7029e-11     4784  378 4784     2    27      0  8043    7e-08        -
2000  7.5923e-08  4.7029e-11     4794  378 4794     2    27      0  8058  1.7e-07        -
2002     7.6e-08  3.8368e-11 out 4802  380 4802     2    27      0  8072  2.2e-09        -
2007  7.6192e-08  3.8368e-11     4812  380 4812     2    27      0  8087  4.5e-08        -
2012  7.6384e-08  3.8368e-11     4822  380 4822     2    27      0  8102  8.5e-08        -
2016    7.65e-08  1.9792e-11 out 4830  381 4830     2    27      0  8114  2.5e-10        -
2020  7.6658e-08  3.9583e-11     4838  382 4838     2    27      0  8126  2.1e-08        -
2025  7.6856e-08  3.9583e-11     4848  382 4848     2    27      0  8141  5.1e-08        -
2028  7.6968e-08  3.2292e-11     4858  383 4858     2    27      0  8158  4.2e-10        -
--         当前进度:  21 % - 正在组装残差
2032  7.7097e-08  3.2292e-11     4866  384 4866     2    27      0  8170  5.5e-09        -
2037  7.7258e-08  3.2292e-11     4876  384 4876     2    27      0  8185  1.4e-08        -
2043  7.7452e-08  3.2292e-11     4888  384 4888     2    27      0  8203  2.3e-08        -
2045    7.75e-08  2.3956e-11 out 4896  386 4896     2    27      0  8217  6.8e-11        -
2049  7.7692e-08  4.7911e-11     4904  387 4904     2    27      0  8229  2.9e-08        -
2051  7.7787e-08  4.7911e-11     4908  387 4908     2    27      0  8235  4.6e-08        -
2055  7.7966e-08    3.44e-11     4920  388 4920     2    27      0  8255  4.4e-10        -
2059  7.8103e-08    3.44e-11     4928  389 4928     2    27      0  8267  5.5e-09        -
2063  7.8241e-08    3.44e-11     4936  389 4936     2    27      0  8279  1.2e-08        -
2069  7.8447e-08    3.44e-11     4948  389 4948     2    27      0  8297  2.2e-08        -
2071    7.85e-08  2.6401e-11 out 4956  391 4956     2    27      0  8311  1.4e-10        -
2075  7.8711e-08  5.2802e-11     4964  392 4964     2    27      0  8323  5.4e-08        -
2080  7.8961e-08  3.8791e-11     4978  393 4978     2    27      0  8346  1.2e-09        -
2084  7.9116e-08  3.8791e-11     4986  394 4986     2    27      0  8358  7.3e-09        -
2090  7.9349e-08  3.8791e-11     4998  394 4998     2    27      0  8376  3.4e-08        -
2096  7.9573e-08  3.6648e-11     5010  394 5010     2    27      0  8398  3.1e-09        -
2102  7.9793e-08  3.6648e-11     5022  394 5022     2    27      0  8422    3e-09        -
2107   7.997e-08  3.0113e-11     5036  395 5036     2    27      0  8449    1e-09        -
2111  8.0181e-08  6.0227e-11     5044  397 5044     2    27      0  8461  2.9e-07        -
2116  8.0461e-08  3.9206e-11     5054  398 5054     2    27      0  8476    3e-09        -
2122  8.0696e-08  3.9206e-11     5066  398 5066     2    27      0  8494  7.7e-08        -
2128  8.0931e-08  3.9206e-11     5078  398 5078     2    27      0  8512  1.5e-07        -
2132  8.1069e-08  3.4369e-11     5090  398 5090     2    27      0  8536  3.9e-09        -
2136  8.1206e-08  3.4369e-11     5102  398 5102     2    27      0  8560  3.7e-09        -
2140  8.1344e-08  3.4369e-11     5114  398 5114     2    27      0  8584  3.5e-09        -
2144  8.1473e-08  2.6598e-11     5129  399 5129     2    27      0  8613  3.7e-10        -
2147   8.158e-08  5.3197e-11     5135  401 5135     2    27      0  8622  1.2e-08        -
2153  8.1899e-08  5.3197e-11     5147  401 5147     2    27      0  8640  2.9e-07        -
2158  8.2152e-08  5.0512e-11     5157  401 5157     2    27      0  8660  1.8e-08        -
2163  8.2404e-08  5.0512e-11     5167  401 5167     2    27      0  8680  1.7e-08        -
2165    8.25e-08  4.7952e-11 out 5174  401 5174     2    27      0  8694    2e-09        -
2168  8.2644e-08  4.7952e-11     5186  401 5186     2    27      0  8718  1.9e-09        -
2171  8.2788e-08  4.7952e-11     5198  401 5198     2    27      0  8742  1.7e-09        -
2174  8.2932e-08  4.7952e-11     5210  401 5210     2    27      0  8766  1.6e-09        -
2177  8.3034e-08  3.4215e-11     5216  402 5216     2    27      0  8775  2.2e-08        -
2182  8.3205e-08  3.4215e-11     5226  402 5226     2    27      0  8790  7.2e-08        -
2187  8.3376e-08  3.4215e-11     5236  402 5236     2    27      0  8805  1.2e-07        -
2190  8.3472e-08  2.7602e-11     5246  403 5246     2    27      0  8822  8.2e-10        -
2193   8.361e-08  5.5204e-11     5252  405 5252     2    27      0  8831  1.3e-07        -
2198  8.3886e-08  5.5204e-11     5262  405 5262     2    27      0  8846  6.1e-07        -
2202  8.4058e-08  5.8372e-11     5270  407 5270     2    27      0  8858  2.3e-08        -
2207   8.435e-08  5.8372e-11     5280  407 5280     2    27      0  8873  4.8e-07        -
2209  8.4454e-08  4.5699e-11     5288  408 5288     2    27      0  8887  5.3e-09        -
2213  8.4637e-08  4.5699e-11     5296  409 5296     2    27      0  8899    7e-08        -
2218  8.4866e-08  4.5699e-11     5306  409 5306     2    27      0  8914  1.7e-07        -
2223  8.5089e-08  4.4354e-11     5316  409 5316     2    27      0  8933  6.4e-09        -
2228   8.531e-08  4.4354e-11     5326  409 5326     2    27      0  8953  6.2e-09        -
2232  8.5472e-08  2.8231e-11     5334  410 5334     2    27      0  8968  4.5e-10        -
2236  8.5669e-08  5.6461e-11     5342  411 5342     2    27      0  8980  1.3e-07        -
--         当前进度:  23 % - 正在组装残差
2240  8.5895e-08  5.6461e-11     5350  411 5350     2    27      0  8992  3.5e-07        -
2244  8.6105e-08  5.2386e-11     5362  411 5362     2    27      0  9016  6.5e-09        -
2248  8.6314e-08  5.2386e-11     5374  411 5374     2    27      0  9040  6.3e-09        -
2251   8.646e-08  4.0457e-11     5386  412 5386     2    27      0  9063  4.4e-09        -
2255  8.6621e-08  4.0457e-11     5394  413 5394     2    27      0  9075  5.5e-08        -
2259  8.6783e-08  4.0457e-11     5402  413 5402     2    27      0  9087  1.2e-07        -
2264  8.6973e-08  2.7486e-11     5416  414 5416     2    27      0  9110  7.2e-10        -
2266  8.7055e-08  5.4972e-11     5420  416 5420     2    27      0  9116  2.3e-08        -
2271   8.733e-08  5.4972e-11     5430  416 5430     2    27      0  9131  4.5e-07        -
2274   8.747e-08  3.0113e-11     5436  417 5436     2    27      0  9140  9.3e-10        -
2278  8.7651e-08  6.0225e-11     5444  418 5444     2    27      0  9152  1.4e-07        -
2283  8.7946e-08  5.4268e-11     5455  418 5455     2    27      0  9170  1.9e-08        -
2286  8.8109e-08  5.4268e-11     5464  418 5464     2    27      0  9188  1.8e-08        -
2290  8.8326e-08  5.4268e-11     5476  418 5476     2    27      0  9212  1.8e-08        -
2293  8.8467e-08  3.2927e-11     5484  419 5484     2    27      0  9227  9.6e-10        -
2298  8.8632e-08  3.2927e-11     5494  419 5494     2    27      0  9242    2e-08        -
2303  8.8796e-08  3.2927e-11     5504  419 5504     2    27      0  9257  3.9e-08        -
2308  8.8961e-08  3.2927e-11     5514  419 5514     2    27      0  9272  5.7e-08        -
2310     8.9e-08   1.951e-11 out 5518  420 5518     2    27      0  9278  3.4e-10        -
2314  8.9156e-08  3.9021e-11     5526  421 5526     2    27      0  9290  2.8e-08        -
2319  8.9351e-08  3.9021e-11     5536  421 5536     2    27      0  9305  7.1e-08        -
2322  8.9465e-08  3.5386e-11     5543  421 5543     2    27      0  9317  1.5e-09        -
2326  8.9606e-08  3.5386e-11     5555  421 5555     2    27      0  9341  1.4e-09        -
2329  8.9712e-08  3.5386e-11     5564  421 5564     2    27      0  9359  1.3e-09        -
2333  8.9854e-08  3.5386e-11     5576  421 5576     2    27      0  9383  1.2e-09        -
2337   8.998e-08   1.999e-11     5587  422 5587     2    27      0  9404  9.1e-11        -
2341   9.012e-08   3.998e-11     5595  423 5595     2    27      0  9416  3.6e-08        -
2346   9.075e-08     2.5e-10     5601  426 5601     2    27      0  9419        0        -
2353     9.4e-08       5e-10 out 5608  427 5608     2    27      0  9419        0        -
2362    9.85e-08       5e-10 out 5617  427 5617     2    27      0  9419        0        -
2371    1.03e-07       5e-10 out 5626  427 5626     2    27      0  9419        0        -
2379    1.07e-07       5e-10 out 5634  427 5634     2    27      0  9419        0        -
2386   1.105e-07       5e-10 out 5641  427 5641     2    27      0  9419        0        -
2395    1.15e-07       5e-10 out 5650  427 5650     2    27      0  9419        0        -
2403    1.19e-07       5e-10 out 5658  427 5658     2    27      0  9419        0        -
2411    1.23e-07       5e-10 out 5666  427 5666     2    27      0  9419        0        -
2420   1.275e-07       5e-10 out 5675  427 5675     2    27      0  9419        0        -
2428   1.315e-07       5e-10 out 5683  427 5683     2    27      0  9419        0        -
2437    1.36e-07       5e-10 out 5692  427 5692     2    27      0  9419        0        -
2446   1.405e-07       5e-10 out 5701  427 5701     2    27      0  9419        0        -
2455    1.45e-07       5e-10 out 5710  427 5710     2    27      0  9419        0        -
2463    1.49e-07       5e-10 out 5718  427 5718     2    27      0  9419        0        -
2472   1.535e-07       5e-10 out 5727  427 5727     2    27      0  9419        0        -
2480   1.575e-07       5e-10 out 5735  427 5735     2    27      0  9419        0        -
2485     1.6e-07       5e-10 out 5740  427 5740     2    27      0  9419        0        -
2493    1.64e-07       5e-10 out 5748  427 5748     2    27      0  9419        0        -
2501    1.68e-07       5e-10 out 5756  427 5756     2    27      0  9419        0        -
2510   1.725e-07       5e-10 out 5765  427 5765     2    27      0  9419        0        -
2519    1.77e-07       5e-10 out 5774  427 5774     2    27      0  9419        0        -
----       当前进度:  40 % - 正在组装残差
2527    1.81e-07       5e-10 out 5782  427 5782     2    27      0  9419        0        -
2536   1.855e-07       5e-10 out 5791  427 5791     2    27      0  9419        0        -
2544   1.895e-07       5e-10 out 5799  427 5799     2    27      0  9419        0        -
2552   1.935e-07       5e-10 out 5807  427 5807     2    27      0  9419        0        -
2559    1.97e-07       5e-10 out 5814  427 5814     2    27      0  9419        0        -
2563    1.99e-07       5e-10 out 5818  427 5818     2    27      0  9419        0        -
2571    2.03e-07       5e-10 out 5826  427 5826     2    27      0  9419        0        -
2580   2.075e-07       5e-10 out 5835  427 5835     2    27      0  9419        0        -
2586   2.105e-07       5e-10 out 5841  427 5841     2    27      0  9419        0        -
2594   2.145e-07       5e-10 out 5849  427 5849     2    27      0  9419        0        -
2602   2.185e-07       5e-10 out 5857  427 5857     2    27      0  9419        0        -
2611    2.23e-07       5e-10 out 5866  427 5866     2    27      0  9419        0        -
2619    2.27e-07       5e-10 out 5874  427 5874     2    27      0  9419        0        -
2628   2.315e-07       5e-10 out 5883  427 5883     2    27      0  9419        0        -
2636   2.355e-07       5e-10 out 5891  427 5891     2    27      0  9419        0        -
2643    2.39e-07       5e-10 out 5898  427 5898     2    27      0  9419        0        -
2651    2.43e-07       5e-10 out 5906  427 5906     2    27      0  9419        0        -
2660   2.475e-07       5e-10 out 5915  427 5915     2    27      0  9419        0        -
2667    2.51e-07       5e-10 out 5922  427 5922     2    27      0  9419        0        -
2676   2.555e-07       5e-10 out 5931  427 5931     2    27      0  9419        0        -
2685     2.6e-07       5e-10 out 5940  427 5940     2    27      0  9419        0        -
2693    2.64e-07       5e-10 out 5948  427 5948     2    27      0  9419        0        -
2702   2.685e-07       5e-10 out 5957  427 5957     2    27      0  9419        0        -
2711    2.73e-07       5e-10 out 5966  427 5966     2    27      0  9419        0        -
2719    2.77e-07       5e-10 out 5974  427 5974     2    27      0  9419        0        -
2728   2.815e-07       5e-10 out 5983  427 5983     2    27      0  9419        0        -
2736   2.855e-07       5e-10 out 5991  427 5991     2    27      0  9419        0        -
2744   2.895e-07       5e-10 out 5999  427 5999     2    27      0  9419        0        -
2753    2.94e-07       5e-10 out 6008  427 6008     2    27      0  9419        0        -
2761    2.98e-07       5e-10 out 6016  427 6016     2    27      0  9419        0        -
2770   3.025e-07       5e-10 out 6025  427 6025     2    27      0  9419        0        -
2779    3.07e-07       5e-10 out 6034  427 6034     2    27      0  9419        0        -
2785     3.1e-07       5e-10 out 6040  427 6040     2    27      0  9419        0        -
2794   3.145e-07       5e-10 out 6049  427 6049     2    27      0  9419        0        -
2803    3.19e-07       5e-10 out 6058  427 6058     2    27      0  9419        0        -
2812   3.235e-07       5e-10 out 6067  427 6067     2    27      0  9419        0        -
2821    3.28e-07       5e-10 out 6076  427 6076     2    27      0  9419        0        -
2830   3.325e-07       5e-10 out 6085  427 6085     2    27      0  9419        0        -
2839    3.37e-07       5e-10 out 6094  427 6094     2    27      0  9419        0        -
2848   3.415e-07       5e-10 out 6103  427 6103     2    27      0  9419        0        -
2857    3.46e-07       5e-10 out 6112  427 6112     2    27      0  9419        0        -
2866   3.505e-07       5e-10 out 6121  427 6121     2    27      0  9419        0        -
2876   3.555e-07       5e-10 out 6131  427 6131     2    27      0  9419        0        -
2885     3.6e-07       5e-10 out 6140  427 6140     2    27      0  9419        0        -
2894   3.645e-07       5e-10 out 6149  427 6149     2    27      0  9419        0        -
2903    3.69e-07       5e-10 out 6158  427 6158     2    27      0  9419        0        -
2912   3.735e-07       5e-10 out 6167  427 6167     2    27      0  9419        0        -
2921    3.78e-07       5e-10 out 6176  427 6176     2    27      0  9419        0        -
2930   3.825e-07       5e-10 out 6185  427 6185     2    27      0  9419        0        -
2939    3.87e-07       5e-10 out 6194  427 6194     2    27      0  9419        0        -
2948   3.915e-07       5e-10 out 6203  427 6203     2    27      0  9419        0        -
2957    3.96e-07       5e-10 out 6212  427 6212     2    27      0  9419        0        -
--------   当前进度:  81 % - 正在组装残差
Memory: 1394/1521 1667/1748
2963    3.99e-07       5e-10 out 6218  427 6218     2    27      0  9419        0        -
2971    4.03e-07       5e-10 out 6226  427 6226     2    27      0  9419        0        -
2980   4.075e-07       5e-10 out 6235  427 6235     2    27      0  9419        0        -
2988   4.115e-07       5e-10 out 6243  427 6243     2    27      0  9419        0        -
2997    4.16e-07       5e-10 out 6252  427 6252     2    27      0  9419        0        -
3006   4.205e-07       5e-10 out 6261  427 6261     2    27      0  9419        0        -
3015    4.25e-07       5e-10 out 6270  427 6270     2    27      0  9419        0        -
3024   4.295e-07       5e-10 out 6279  427 6279     2    27      0  9419        0        -
3032   4.335e-07       5e-10 out 6287  427 6287     2    27      0  9419        0        -
3039    4.37e-07       5e-10 out 6294  427 6294     2    27      0  9419        0        -
3048   4.415e-07       5e-10 out 6303  427 6303     2    27      0  9419        0        -
3057    4.46e-07       5e-10 out 6312  427 6312     2    27      0  9419        0        -
3065     4.5e-07       5e-10 out 6320  427 6320     2    27      0  9419        0        -
3074   4.545e-07       5e-10 out 6329  427 6329     2    27      0  9419        0        -
3083    4.59e-07       5e-10 out 6338  427 6338     2    27      0  9419        0        -
3088   4.615e-07       5e-10 out 6343  427 6343     2    27      0  9419        0        -
3097    4.66e-07       5e-10 out 6352  427 6352     2    27      0  9419        0        -
3105     4.7e-07       5e-10 out 6360  427 6360     2    27      0  9419        0        -
3114   4.745e-07       5e-10 out 6369  427 6369     2    27      0  9419        0        -
3123    4.79e-07       5e-10 out 6378  427 6378     2    27      0  9419        0        -
3131    4.83e-07       5e-10 out 6386  427 6386     2    27      0  9419        0        -
3140   4.875e-07       5e-10 out 6395  427 6395     2    27      0  9419        0        -
3149    4.92e-07       5e-10 out 6404  427 6404     2    27      0  9419        0        -
3157    4.96e-07       5e-10 out 6412  427 6412     2    27      0  9419        0        -
3165       5e-07       5e-10 out 6420  427 6420     2    27      0  9419        0        -
---------- 当前进度: 100 % - 
求解时间：6 s。
物理内存: 1.4 GB
虚拟内存: 1.67 GB
结束时间：2026年9月4日 10:11:09。
----- Study 2 - Single_Muon_Diagnostic/解 2 (sol2) 中的“瞬态求解器 1” ----------------->
           当前进度:   0 % - 
Memory: 1394/1521 1402/1748
-          当前进度:  15 % - 正在计算
Memory: 1230/1521 1237/1748
--         当前进度:  28 % - 正在计算
Memory: 1229/1521 1236/1748
---        当前进度:  38 % - 正在计算
----       当前进度:  48 % - 正在计算
-----      当前进度:  58 % - 正在计算
------     当前进度:  69 % - 正在计算
-------    当前进度:  79 % - 正在计算
---------  当前进度:  90 % - 正在计算
---------- 当前进度: 100 % - 正在计算
           当前进度:   0 % - 
---        当前进度:  34 % - 正在计算
Memory: 1226/1521 1233/1748
---------  当前进度:  95 % - 正在计算
Memory: 1222/1521 1229/1748
BRIDGE_CASE_COMPLETE=bridge_gap40p4_source0p05_V23_5kV
BRIDGE_CASE_START=bridge_gap40p4_source0p075_V23_5kV
           当前进度:   0 % - Study 1 - 3D Electrostatics stationary
Memory: 1222/1521 1230/1748
           当前进度:   3 % - Study 1 - 3D Electrostatics stationary
<---- Study 1 - 3D Electrostatics stationary/解 1 (sol1) 中的“编译方程: 稳态” -----------
开始于 2026年9月4日 10:11:12。
几何形函数: 二次拉格朗日单元
几何形函数: 二次拉格朗日单元
在 Intel64 Family 6 Model 186 Stepping 2, GenuineIntel 上运行。
在以下位置使用 1 个插槽： 陈红星 上（共 1 个内核）。
可用内存：15.90 GB。
           当前进度:   3 % - 编译方程: 稳态
           当前进度:   6 % - 编译方程: 稳态
Memory: 1243/1521 1252/1748
           当前进度:   7 % - 编译方程: 稳态
Memory: 1248/1521 1256/1748
时间：1。
物理内存: 1.25 GB
虚拟内存: 1.26 GB
Warning: 自由空间采用真空条件，这会导致某些材料属性被忽略。请考虑为忽略的材料添加合适的物理场特征。

  - 节点: 自由空间 1

  - 物理场: Electrostatics: four finite-thickness rounded ring electrodes (es)

  - Materials: Natural Neon gas, representative relative permittivity (mat_gas), Representative alumina ceramic; epsilon_r=9.4 assumption (mat_diel)

  - Quantities: 相对介电常数, 相对介电常数
结束时间：2026年9月4日 10:11:13。
----- Study 1 - 3D Electrostatics stationary/解 1 (sol1) 中的“编译方程: 稳态” ---------->
<---- Study 1 - 3D Electrostatics stationary/解 1 (sol1) 中的“因变量 1” --------------
开始于 2026年9月4日 10:11:13。
           当前进度:   7 % - 因变量 1
求解时间：0 s。
物理内存: 1.25 GB
虚拟内存: 1.26 GB
结束时间：2026年9月4日 10:11:13。
----- Study 1 - 3D Electrostatics stationary/解 1 (sol1) 中的“因变量 1” ------------->
<---- Study 1 - 3D Electrostatics stationary/解 1 (sol1) 中的“稳态求解器 1” ------------
开始于 2026年9月4日 10:11:14。
线性求解器 
求解的自由度数：106954。
--         当前进度:  24 % - 组装稀疏模式
Memory: 1260/1521 1269/1748
---        当前进度:  38 % - 
Memory: 1292/1521 1305/1748
找到对称矩阵。
缩放因变量：
电势 (comp1.V): 1
已使用正交零空间函数。
---        当前进度:  38 % - 组装延展
Memory: 1313/1521 1325/1748
Iter      SolEst     Damping    Stepsize #Res #Jac #Sol LinIt   LinErr   LinRes
-------    当前进度:  74 % - 求解线性方程组
Memory: 1316/1521 1332/1748
   1        0.78   1.0000000        0.78    1    1    1     4  1.6e-05  2.9e-08
---------- 当前进度: 100 % - 
Memory: 1311/1521 1326/1748
求解时间：3 s。
物理内存: 1.32 GB
虚拟内存: 1.33 GB
结束时间：2026年9月4日 10:11:17。
----- Study 1 - 3D Electrostatics stationary/解 1 (sol1) 中的“稳态求解器 1” ----------->
           当前进度:   0 % - Study 2 - Single_Muon_Diagnostic
           当前进度:   3 % - Study 2 - Single_Muon_Diagnostic
<---- Study 2 - Single_Muon_Diagnostic/解 2 (sol2) 中的“编译方程: 瞬态” -----------------
开始于 2026年9月4日 10:11:18。
几何形函数: 二次拉格朗日单元
几何形函数: 二次拉格朗日单元
在 Intel64 Family 6 Model 186 Stepping 2, GenuineIntel 上运行。
在以下位置使用 1 个插槽： 陈红星 上（共 1 个内核）。
可用内存：15.90 GB。
           当前进度:   3 % - 编译方程: 瞬态
           当前进度:   5 % - 编译方程: 瞬态
Memory: 1234/1521 1242/1748
时间：1。
物理内存: 1.31 GB
虚拟内存: 1.33 GB
Warning: 自由空间采用真空条件，这会导致某些材料属性被忽略。请考虑为忽略的材料添加合适的物理场特征。

  - 节点: 自由空间 1

  - 物理场: Electrostatics: four finite-thickness rounded ring electrodes (es)

  - Materials: Natural Neon gas, representative relative permittivity (mat_gas), Representative alumina ceramic; epsilon_r=9.4 assumption (mat_diel)

  - Quantities: 相对介电常数, 相对介电常数
结束时间：2026年9月4日 10:11:18。
----- Study 2 - Single_Muon_Diagnostic/解 2 (sol2) 中的“编译方程: 瞬态” ---------------->
<---- Study 2 - Single_Muon_Diagnostic/解 2 (sol2) 中的“因变量 1” --------------------
开始于 2026年9月4日 10:11:18。
不求解变量的值: 解 1 (sol1).
           当前进度:   5 % - 因变量 1
求解时间：0 s。
物理内存: 1.23 GB
虚拟内存: 1.24 GB
结束时间：2026年9月4日 10:11:19。
----- Study 2 - Single_Muon_Diagnostic/解 2 (sol2) 中的“因变量 1” ------------------->
<---- Study 2 - Single_Muon_Diagnostic/解 2 (sol2) 中的“瞬态求解器 1” ------------------
开始于 2026年9月4日 10:11:19。
瞬态求解器（广义 α）
求解的自由度数：3（加上 4 个内部自由度）。
找到非对称矩阵。
缩放因变量：
颗粒位置 (comp1.qcpt): 1
Step        Time    Stepsize      Res  Jac  Sol Order Tfail NLfail LinIt   LinErr   LinRes
   0           0           - out    2    3    2                  0     0        0        0
   1    6.25e-11    6.25e-11       10    7   10     2     3      0    18  4.8e-08        -
   7   4.375e-10    6.25e-11       22    7   22     2     3      0    39  6.9e-11        -
  13  8.0625e-10   5.625e-11       38    8   38     2     3      0    70  1.2e-07        -
  16  9.5938e-10  4.0625e-11       48   10   48     2     3      0    87  2.6e-08        -
  21  1.1625e-09  4.0625e-11       58   11   58     2     3      0   102  4.7e-07        -
  25   1.325e-09  4.0625e-11       66   11   66     2     3      0   114  8.7e-07        -
  29  1.4734e-09  2.6563e-11       74   12   74     2     3      0   128    3e-09        -
  34  1.7125e-09  5.3125e-11       84   13   84     2     3      0   144  4.9e-11        -
  39  1.9625e-09    3.75e-11       98   14   98     2     3      0   171  1.7e-08        -
  44    2.15e-09    3.75e-11      108   15  108     2     3      0   186  2.9e-07        -
  50   2.375e-09    3.75e-11      120   15  120     2     3      0   204  7.1e-07        -
  53   2.475e-09     2.5e-11      130   16  130     2     3      0   221  2.1e-09        -
  57    2.65e-09       5e-11      138   18  138     2     3      0   233  5.9e-07        -
  63    2.95e-09       5e-11      150   18  150     2     3      0   256  6.1e-11        -
  69    3.25e-09       5e-11      162   18  162     2     3      0   280  7.9e-11        -
  72    3.39e-09     4.5e-11      172   20  172     2     3      0   298  2.3e-08        -
  75     3.5e-09    3.25e-11 out  182   22  182     2     3      0   315  4.3e-09        -
  82  3.7275e-09    3.25e-11      196   22  196     2     3      0   336  1.2e-07        -
  89   3.955e-09    3.25e-11      210   22  210     2     3      0   357  2.4e-07        -
  92   4.045e-09     4.5e-11      220   25  220     2     3      0   374  2.3e-08        -
  99    4.36e-09     4.5e-11      234   25  234     2     3      0   395  6.8e-07        -
 104    4.55e-09       5e-11      244   27  244     2     3      0   410  4.6e-08        -
 111     4.9e-09       5e-11      258   27  258     2     3      0   434  7.9e-11        -
 118    5.25e-09       5e-11      272   27  272     2     3      0   462  1.2e-10        -
 124     5.5e-09     2.5e-11 out  284   28  284     2     3      0   484  8.4e-09        -
 130     5.8e-09       5e-11      296   29  296     2     3      0   503  6.7e-11        -
 137    6.15e-09       5e-11      310   29  310     2     3      0   531  1.2e-10        -
 144   6.475e-09     2.5e-11      324   30  324     2     3      0   558  2.3e-09        -
 150    6.75e-09       5e-11      336   31  336     2     3      0   578  6.2e-11        -
 157     7.1e-09       5e-11      350   31  350     2     3      0   606  1.2e-10        -
 164    7.45e-09       5e-11      364   31  364     2     3      0   634  1.8e-10        -
           当前进度:   8 % - 
 169   7.575e-09  2.5002e-11      374   32  374     2     3      0   649  8.1e-08        -
 176    7.75e-09  2.5002e-11      388   32  388     2     3      0   670    2e-07        -
 183    7.95e-09  4.9986e-11      402   33  402     2     3      0   691  1.4e-07        -
 189  8.2499e-09  4.9986e-11      414   33  414     2     3      0   714  9.5e-11        -
 193  8.4499e-09  4.9986e-11      422   33  422     2     3      0   730  1.4e-10        -
 198  8.6504e-09  5.0123e-11      432   35  432     2     3      0   745  7.7e-07        -
 203   8.901e-09  5.0123e-11      442   35  442     2     3      0   765  1.1e-10        -
 209   9.198e-09  4.9506e-11      454   35  454     2     3      0   789  9.7e-10        -
 215  9.4728e-09  2.7223e-11      466   36  466     2     3      0   812  3.8e-09        -
 219  9.6633e-09  5.4446e-11      474   37  474     2     3      0   825  8.8e-11        -
 225  9.9678e-09  3.2217e-11      486   38  486     2     3      0   848  7.8e-09        -
 229  1.0155e-08  5.7991e-11      498   40  498     2     3      0   868  1.4e-07        -
 233  1.0381e-08  5.2192e-11      510   42  510     2     3      0   889  6.9e-08        -
 238  1.0567e-08    3.35e-11      520   44  520     2     3      0   904  8.7e-08        -
 245  1.0802e-08    3.35e-11      534   44  534     2     3      0   925  2.7e-07        -
 252  1.1032e-08  3.2249e-11      548   44  548     2     3      0   949  5.1e-10        -
 258  1.1226e-08  3.2249e-11      560   44  560     2     3      0   973  5.4e-10        -
 264  1.1419e-08  3.2249e-11      572   44  572     2     3      0   997  5.7e-10        -
 267    1.15e-08   2.426e-11 out  582   46  582     2     3      0  1015  1.1e-09        -
 271  1.1694e-08  4.8521e-11      590   47  590     2     3      0  1027  4.5e-07        -
 275  1.1888e-08  4.8521e-11      598   47  598     2     3      0  1040  1.3e-10        -
 280  1.2095e-08  6.3312e-11      608   49  608     2     3      0  1056  1.6e-07        -
 285  1.2412e-08  6.3312e-11      618   49  618     2     3      0  1075  4.8e-10        -
 287    1.25e-08  4.4236e-11 out  626   51  626     2     3      0  1089    3e-08        -
 294   1.281e-08  4.4236e-11      640   51  640     2     3      0  1110  8.7e-07        -
 300  1.3058e-08  5.7643e-11      652   53  652     2     3      0  1130  1.2e-07        -
 307  1.3452e-08  4.8249e-11      670   54  670     2     3      0  1164  5.3e-08        -
 312  1.3693e-08  4.8249e-11      680   55  680     2     3      0  1179  9.6e-07        -
 318  1.3967e-08  3.2879e-11      696   56  696     2     3      0  1210    1e-08        -
 323  1.4132e-08  3.2879e-11      706   57  706     2     3      0  1225  1.9e-07        -
 328  1.4296e-08  3.2879e-11      716   57  716     2     3      0  1240  4.4e-07        -
 332  1.4427e-08  3.2879e-11      724   57  724     2     3      0  1252  6.7e-07        -
 336   1.454e-08  3.9697e-11      732   59  732     2     3      0  1264  3.9e-08        -
 341  1.4738e-08  3.9697e-11      742   59  742     2     3      0  1279  8.6e-07        -
 346  1.4937e-08  3.9697e-11      752   59  752     2     3      0  1299  6.4e-11        -
 348     1.5e-08  3.1667e-11 out  760   61  760     2     3      0  1313  1.3e-08        -
 354   1.519e-08  3.1667e-11      772   61  772     2     3      0  1331  3.2e-07        -
 360   1.538e-08  3.1667e-11      784   61  784     2     3      0  1349  5.8e-07        -
 363  1.5472e-08   2.833e-11      794   62  794     2     3      0  1366  7.1e-09        -
 366  1.5608e-08  5.0995e-11      804   65  804     2     3      0  1383  1.3e-07        -
 370  1.5812e-08  5.0995e-11      812   66  812     2     3      0  1397  1.1e-10        -
 373  1.5957e-08  4.3188e-11      822   67  822     2     3      0  1416  4.7e-08        -
 377   1.613e-08  4.3188e-11      830   68  830     2     3      0  1428  5.6e-07        -
 383  1.6389e-08  4.3188e-11      842   68  842     2     3      0  1450  1.1e-10        -
 386    1.65e-08  3.4062e-11 out  852   70  852     2     3      0  1468  1.3e-08        -
 392  1.6704e-08  3.4062e-11      864   70  864     2     3      0  1486  3.1e-07        -
 396  1.6937e-08  6.2661e-11      874   71  874     2     3      0  1504    3e-10        -
 399  1.7125e-08  6.2661e-11      886   71  886     2     3      0  1528  2.7e-10        -
 402  1.7313e-08  6.2661e-11      898   71  898     2     3      0  1552  2.6e-10        -
-          当前进度:  10 % - 正在组装残差
 404  1.7426e-08  5.6395e-11      906   73  906     2     3      0  1566  1.4e-07        -
 408  1.7594e-08  5.7319e-11      916   76  916     2     4      0  1581  1.3e-07        -
 409  1.7646e-08  5.1587e-11      922   77  922     2     4      0  1592  7.5e-08        -
 413  1.7852e-08  5.1587e-11      930   78  930     2     4      0  1604    9e-07        -
 415   1.795e-08  4.6429e-11      938   79  938     2     4      0  1619  3.5e-08        -
 417     1.8e-08  2.4887e-11 out  942   80  942     2     4      0  1625  7.4e-09        -
 420  1.8139e-08  4.4797e-11      952   81  952     2     4      0  1644  1.1e-10        -
 423  1.8274e-08  4.4797e-11      964   81  964     2     4      0  1668  9.9e-11        -
 426  1.8408e-08  4.4797e-11      976   81  976     2     4      0  1692  9.4e-11        -
 429    1.85e-08  2.3524e-11 out  984   82  984     2     4      0  1706  4.8e-09        -
 432  1.8641e-08  4.7048e-11      990   83  990     2     4      0  1715  2.8e-07        -
 437  1.8876e-08  4.7048e-11     1000   83 1000     2     4      0  1730  8.9e-07        -
 440     1.9e-08  3.8283e-11 out 1010   85 1010     2     4      0  1748  1.2e-08        -
 444  1.9153e-08  3.8283e-11     1018   85 1018     2     4      0  1760  2.1e-07        -
 450  1.9383e-08  3.8283e-11     1030   85 1030     2     4      0  1778  5.2e-07        -
 454    1.95e-08  2.0303e-11 out 1038   86 1038     2     4      0  1790  3.1e-09        -
 458  1.9662e-08  4.0606e-11     1046   87 1046     2     4      0  1802  2.7e-07        -
 464  1.9906e-08  4.0606e-11     1058   87 1058     2     4      0  1820  7.7e-07        -
 468  2.0053e-08  5.3338e-11     1066   89 1066     2     4      0  1832  8.6e-08        -
 474  2.0373e-08  5.3338e-11     1078   89 1078     2     4      0  1854  3.2e-10        -
 477    2.05e-08  3.6646e-11 out 1088   91 1088     2     4      0  1872  1.4e-08        -
 480  2.0674e-08  6.4466e-11     1098   93 1098     2     4      0  1889  2.3e-07        -
 482  2.0797e-08  5.8019e-11     1106   95 1106     2     4      0  1903  1.4e-07        -
 485  2.0956e-08  4.3536e-11     1116   97 1116     2     4      0  1920  3.5e-08        -
 490  2.1174e-08  4.3536e-11     1126   98 1126     2     4      0  1935  6.4e-07        -
 496  2.1435e-08  4.3536e-11     1138   98 1138     2     4      0  1957  1.6e-10        -
 498    2.15e-08  3.2318e-11 out 1146  100 1146     2     4      0  1971    1e-08        -
 500  2.1622e-08  5.7841e-11     1154  102 1154     2     4      0  1985    2e-07        -
 502  2.1732e-08  5.2056e-11     1162  104 1162     2     4      0  1999  1.2e-07        -
 506  2.1941e-08  5.2056e-11     1170  105 1170     2     4      0  2013  1.6e-10        -
 509  2.2059e-08    5.94e-11     1176  107 1176     2     4      0  2022  2.6e-07        -
 511  2.2166e-08   5.346e-11     1184  109 1184     2     4      0  2036  1.6e-07        -
 513  2.2263e-08  4.8114e-11     1192  111 1192     2     4      0  2050  9.3e-08        -
 518    2.25e-08  4.6554e-11 out 1204  111 1204     2     4      0  2072  5.6e-11        -
 522  2.2686e-08  4.6554e-11     1216  111 1216     2     4      0  2096  6.4e-11        -
 526  2.2872e-08  4.6554e-11     1228  111 1228     2     4      0  2120  6.5e-11        -
 529     2.3e-08  4.0509e-11 out 1239  113 1239     2     4      0  2140  3.5e-08        -
 535  2.3243e-08  4.0509e-11     1251  113 1251     2     4      0  2158  7.8e-07        -
 541  2.3473e-08  2.7202e-11     1267  114 1267     2     4      0  2187  4.2e-09        -
 545  2.3663e-08  5.4404e-11     1275  116 1275     2     4      0  2200  1.5e-10        -
 551  2.3968e-08  3.2386e-11     1287  117 1287     2     4      0  2223  1.1e-08        -
 556  2.4227e-08  6.4771e-11     1297  118 1297     2     4      0  2240  4.4e-10        -
 560  2.4461e-08  3.9493e-11     1305  119 1305     2     4      0  2255  2.9e-08        -
 563  2.4644e-08  6.4729e-11     1315  121 1315     2     4      0  2272  3.3e-07        -
 565  2.4767e-08  5.8256e-11     1323  123 1323     2     4      0  2286  1.8e-07        -
 569  2.4971e-08  2.9267e-11     1331  125 1331     2     4      0  2299  4.6e-09        -
-          当前进度:  11 % - 组装稀疏模式
 573   2.514e-08   5.268e-11     1343  127 1343     2     4      0  2319  7.8e-08        -
 577  2.5346e-08  4.7412e-11     1355  129 1355     2     4      0  2339    4e-08        -
 581    2.55e-08  2.9621e-11 out 1363  131 1363     2     4      0  2351  1.7e-08        -
 583  2.5609e-08  4.9368e-11     1371  133 1371     2     4      0  2365  4.1e-08        -
 588  2.5855e-08  4.9368e-11     1381  134 1381     2     4      0  2380  6.7e-07        -
 591     2.6e-08  4.7591e-11 out 1389  134 1389     2     4      0  2395  1.1e-10        -
 594  2.6143e-08  4.7591e-11     1398  134 1398     2     4      0  2413  1.3e-10        -
 598  2.6333e-08  4.7591e-11     1410  134 1410     2     4      0  2437  1.2e-10        -
 601  2.6464e-08  3.5839e-11     1422  135 1422     2     4      0  2460  8.7e-09        -
 604  2.6608e-08  7.1679e-11     1428  137 1428     2     4      0  2469  2.8e-07        -
 606  2.6737e-08  6.4511e-11     1436  139 1436     2     4      0  2483  1.8e-07        -
 610  2.6965e-08  3.4964e-11     1444  140 1444     2     4      0  2497  9.3e-09        -
 614   2.721e-08  6.9928e-11     1452  141 1452     2     4      0  2511  7.4e-10        -
 618   2.746e-08  4.0215e-11     1460  142 1460     2     4      0  2526  2.2e-08        -
 622  2.7692e-08  7.1498e-11     1472  144 1472     2     4      0  2546    4e-07        -
 624  2.7828e-08  6.4348e-11     1480  146 1480     2     4      0  2560  2.4e-07        -
 626  2.7946e-08  5.3831e-11     1488  148 1488     2     4      0  2574  9.8e-08        -
 630  2.8161e-08  5.3831e-11     1496  149 1496     2     4      0  2587  2.5e-10        -
 635  2.8431e-08  5.3831e-11     1506  149 1506     2     4      0  2607  6.2e-10        -
 639  2.8604e-08  6.9349e-11     1514  151 1514     2     4      0  2619  3.4e-07        -
 641  2.8729e-08  6.2414e-11     1522  153 1522     2     4      0  2633  2.1e-07        -
 643  2.8841e-08  5.6173e-11     1530  155 1530     2     4      0  2647  1.3e-07        -
 646     2.9e-08  5.1314e-11 out 1540  155 1540     2     4      0  2666    4e-10        -
 648  2.9103e-08  5.1314e-11     1548  155 1548     2     4      0  2682  4.2e-10        -
 651  2.9257e-08  5.1314e-11     1560  155 1560     2     4      0  2706  4.3e-10        -
 654  2.9411e-08  5.1314e-11     1572  155 1572     2     4      0  2730  4.3e-10        -
 656    2.95e-08  4.4742e-11 out 1580  157 1580     2     4      0  2744  4.8e-08        -
 661  2.9724e-08  4.4742e-11     1590  157 1590     2     4      0  2759    1e-06        -
 666  2.9947e-08  4.4742e-11     1600  157 1600     2     4      0  2779  2.4e-10        -
 669  3.0053e-08  5.2577e-11     1606  159 1606     2     4      0  2788  1.1e-07        -
 671  3.0147e-08  4.7319e-11     1614  161 1614     2     4      0  2802  6.3e-08        -
 676  3.0384e-08  4.7319e-11     1624  161 1624     2     4      0  2819  1.8e-10        -
 678  3.0466e-08  3.4435e-11     1632  162 1632     2     4      0  2834  1.3e-08        -
 682  3.0603e-08  3.4435e-11     1640  163 1640     2     4      0  2846  1.6e-07        -
 687  3.0775e-08  3.4435e-11     1650  163 1650     2     4      0  2861  3.8e-07        -
 692  3.0948e-08  3.4435e-11     1660  163 1660     2     4      0  2876  5.7e-07        -
 694     3.1e-08  2.6173e-11 out 1668  165 1668     2     4      0  2890    3e-09        -
 697  3.1157e-08  5.2346e-11     1674  166 1674     2     4      0  2899  8.5e-07        -
 702  3.1419e-08  5.2346e-11     1684  166 1684     2     4      0  2919  4.3e-10        -
 704    3.15e-08  4.0617e-11 out 1692  168 1692     2     4      0  2933    3e-08        -
 707  3.1691e-08  6.9271e-11     1702  170 1702     2     4      0  2950  4.5e-07        -
 709  3.1823e-08  6.2344e-11     1710  172 1710     2     4      0  2964  2.6e-07        -
 712     3.2e-08  5.7459e-11 out 1720  173 1720     2     4      0  2983    5e-10        -
 715  3.2172e-08  5.7459e-11     1732  173 1732     2     4      0  3007  5.3e-10        -
 718  3.2345e-08  5.7459e-11     1744  173 1744     2     4      0  3031  5.3e-10        -
-          当前进度:  13 % - 正在组装残差
 720  3.2451e-08  4.8893e-11     1754  174 1754     2     4      0  3050  4.8e-08        -
 724  3.2647e-08  4.8893e-11     1762  175 1762     2     4      0  3062  5.8e-07        -
 729  3.2891e-08  4.8893e-11     1772  175 1772     2     4      0  3080  3.4e-10        -
 733   3.303e-08   2.998e-11     1780  176 1780     2     4      0  3093  2.6e-08        -
 736  3.3198e-08  5.3964e-11     1790  177 1790     2     4      0  3112  1.1e-09        -
 739   3.336e-08  5.3964e-11     1802  177 1802     2     4      0  3136  1.1e-09        -
 741  3.3457e-08  4.3139e-11     1812  178 1812     2     4      0  3155    2e-08        -
 745  3.3629e-08  4.3139e-11     1820  179 1820     2     4      0  3167  2.2e-07        -
 750  3.3845e-08  4.3139e-11     1830  179 1830     2     4      0  3182  5.5e-07        -
 753  3.3966e-08  3.4306e-11     1840  180 1840     2     4      0  3199  5.9e-09        -
 756  3.4103e-08  6.8611e-11     1846  182 1846     2     4      0  3208  1.7e-07        -
 761  3.4439e-08  6.1319e-11     1860  183 1860     2     4      0  3234  1.1e-07        -
 764  3.4623e-08  6.1319e-11     1866  184 1866     2     4      0  3244  3.1e-10        -
 768  3.4868e-08  6.1319e-11     1874  184 1874     2     4      0  3260  9.2e-10        -
 772  3.5035e-08  3.5384e-11     1882  185 1882     2     4      0  3273    8e-08        -
 776  3.5318e-08  7.0768e-11     1890  186 1890     2     4      0  3288  1.1e-09        -
 778  3.5445e-08  5.5388e-11     1898  187 1898     2     4      0  3303  8.7e-08        -
 782  3.5666e-08  5.5388e-11     1906  188 1906     2     4      0  3316  2.6e-10        -
 786  3.5888e-08  5.5388e-11     1914  188 1914     2     4      0  3332  6.1e-10        -
 790  3.6057e-08  5.6894e-11     1922  190 1922     2     4      0  3345    1e-07        -
 795  3.6341e-08  5.6894e-11     1932  190 1932     2     4      0  3363  5.2e-10        -
 797  3.6449e-08  5.0873e-11     1940  191 1940     2     4      0  3378  6.2e-08        -
 801  3.6653e-08  5.0873e-11     1948  192 1948     2     4      0  3390  8.2e-07        -
 806  3.6907e-08  5.0873e-11     1958  192 1958     2     4      0  3410  4.4e-10        -
 809  3.7047e-08   4.651e-11     1970  192 1970     2     4      0  3434  4.8e-10        -
 812  3.7186e-08   4.651e-11     1982  192 1982     2     4      0  3458  4.7e-10        -
 815  3.7326e-08   4.651e-11     1994  192 1994     2     4      0  3482  4.5e-10        -
 818  3.7459e-08  4.0707e-11     2008  193 2008     2     4      0  3509  1.6e-08        -
 821  3.7581e-08  4.0707e-11     2014  194 2014     2     4      0  3518  1.4e-07        -
 826  3.7785e-08  4.0707e-11     2024  194 2024     2     4      0  3533  4.4e-07        -
 831  3.7974e-08  2.6114e-11     2034  195 2034     2     4      0  3548  1.9e-09        -
 835  3.8157e-08  5.2227e-11     2042  196 2042     2     4      0  3560  5.3e-07        -
 840  3.8418e-08  5.2227e-11     2052  196 2052     2     4      0  3578  3.8e-10        -
 842    3.85e-08  4.1091e-11 out 2060  198 2060     2     4      0  3592  2.1e-08        -
 847  3.8705e-08  4.1091e-11     2070  198 2070     2     4      0  3607  4.3e-07        -
 849  3.8862e-08  7.3963e-11     2078  200 2078     2     4      0  3621  4.6e-07        -
 853  3.9138e-08  6.9201e-11     2086  201 2086     2     4      0  3636  8.9e-10        -
 857  3.9408e-08  6.2281e-11     2098  202 2098     2     4      0  3659  1.8e-07        -
 860  3.9566e-08  6.6493e-11     2106  205 2106     2     5      0  3672    2e-07        -
 862  3.9686e-08  5.9844e-11     2114  207 2114     2     5      0  3686    1e-07        -
 867  3.9963e-08  3.7222e-11     2124  208 2124     2     5      0  3703  7.3e-09        -
 871  4.0171e-08  5.9832e-11     2136  210 2136     2     5      0  3723  7.1e-08        -
 874  4.0339e-08  5.3849e-11     2146  211 2146     2     5      0  3742  1.3e-09        -
 877    4.05e-08  5.3562e-11 out 2158  211 2158     2     5      0  3766  1.5e-09        -
 880  4.0661e-08  5.3562e-11     2170  211 2170     2     5      0  3790  1.5e-09        -
 883  4.0821e-08  5.3562e-11     2182  211 2182     2     5      0  3814  1.5e-09        -
 886  4.0964e-08  3.5751e-11     2192  212 2192     2     5      0  3833  3.7e-09        -
-          当前进度:  14 % - 组装矩阵
 889  4.1136e-08  6.4351e-11     2202  214 2202     2     5      0  3850  7.1e-08        -
 894  4.1447e-08  5.3371e-11     2216  216 2216     2     5      0  3873  2.8e-08        -
 898   4.166e-08  5.3371e-11     2224  217 2224     2     5      0  3885  3.9e-07        -
 904  4.1963e-08  3.6517e-11     2240  218 2240     2     5      0  3912  4.3e-09        -
 908  4.2183e-08  7.3033e-11     2248  220 2248     2     5      0  3924  7.2e-07        -
 912  4.2451e-08  4.9159e-11     2260  221 2260     2     5      0  3947  2.1e-08        -
 916  4.2727e-08  7.9343e-11     2272  224 2272     2     5      0  3967  3.7e-07        -
 918  4.2878e-08  7.1409e-11     2280  226 2280     2     5      0  3981  1.2e-07        -
 921  4.3078e-08  7.7507e-11     2290  230 2290     2     7      0  4000  1.9e-07        -
 923  4.3217e-08  6.9756e-11     2298  232 2298     2     7      0  4014  7.4e-08        -
 928    4.35e-08  3.6856e-11 out 2308  233 2308     2     7      0  4029  1.5e-08        -
 930   4.364e-08   6.634e-11     2316  235 2316     2     7      0  4043    5e-08        -
 934  4.3905e-08   6.634e-11     2324  236 2324     2     7      0  4055  6.6e-07        -
 935  4.3953e-08  4.7293e-11     2330  237 2330     2     7      0  4066  9.1e-09        -
 939  4.4142e-08  4.7293e-11     2338  238 2338     2     7      0  4078  1.3e-07        -
 944  4.4378e-08  4.7293e-11     2348  238 2348     2     7      0  4093  3.1e-07        -
 946  4.4463e-08  3.7181e-11     2356  239 2356     2     7      0  4107  2.8e-09        -
 949  4.4612e-08  7.4362e-11     2362  241 2362     2     7      0  4116    9e-08        -
 951  4.4745e-08  6.6926e-11     2370  243 2370     2     7      0  4130  5.4e-08        -
 952  4.4806e-08  6.0234e-11     2376  244 2376     2     7      0  4141  3.2e-08        -
 955  4.4963e-08  3.6952e-11     2382  246 2382     2     7      0  4150  2.6e-09        -
 960  4.5148e-08  3.6952e-11     2392  246 2392     2     7      0  4165  5.4e-08        -
 965  4.5333e-08  3.6952e-11     2402  246 2402     2     7      0  4180  1.1e-07        -
 969  4.5472e-08   2.829e-11     2414  247 2414     2     7      0  4200  7.6e-10        -
 972  4.5613e-08   5.658e-11     2420  249 2420     2     7      0  4209  1.2e-07        -
 977  4.5896e-08   5.658e-11     2430  249 2430     2     7      0  4224  6.1e-07        -
 980  4.6052e-08  5.1971e-11     2442  249 2442     2     7      0  4248  2.7e-10        -
 983  4.6208e-08  5.1971e-11     2454  249 2454     2     7      0  4272  2.6e-10        -
 986  4.6364e-08  5.1971e-11     2466  249 2466     2     7      0  4296  2.4e-10        -
 988  4.6458e-08  4.2117e-11     2476  250 2476     2     7      0  4315  6.3e-09        -
 990  4.6584e-08  8.4234e-11     2480  252 2480     2     7      0  4321  2.3e-07        -
 992  4.6733e-08  7.5369e-11     2490  255 2490     2     8      0  4340    9e-08        -
 994  4.6871e-08   7.052e-11     2500  258 2500     2     9      0  4357  5.9e-08        -
 996     4.7e-08  6.5655e-11 out 2508  260 2508     2     9      0  4371  4.8e-08        -
 997  4.7059e-08  5.9089e-11     2514  261 2514     2     9      0  4382  1.6e-08        -
 999  4.7192e-08  6.3028e-11     2524  264 2524     2    10      0  4399    2e-08        -
1003  4.7441e-08  5.9383e-11     2533  265 2533     2    10      0  4414  5.1e-10        -
1007  4.7678e-08  5.9383e-11     2545  265 2545     2    10      0  4438  5.1e-10        -
1011  4.7916e-08  5.9383e-11     2557  265 2557     2    10      0  4462    5e-10        -
1013     4.8e-08  4.2159e-11 out 2565  267 2565     2    10      0  4476  5.9e-10        -
1015  4.8156e-08  7.1785e-11     2573  269 2573     2    10      0  4490  9.1e-09        -
1019  4.8436e-08  6.4271e-11     2583  270 2583     2    10      0  4507  4.2e-10        -
1020    4.85e-08  6.4271e-11 out 2589  271 2589     2    10      0  4518    2e-08        -
1022  4.8629e-08  6.4271e-11     2593  272 2593     2    10      0  4524    1e-07        -
-          当前进度:  16 % - 
1027  4.8943e-08  5.7188e-11     2607  273 2607     2    10      0  4547  1.5e-08        -
1031  4.9172e-08  5.7188e-11     2615  274 2615     2    10      0  4559  1.7e-07        -
1036   4.945e-08  4.9841e-11     2629  275 2629     2    10      0  4582    1e-08        -
1040   4.965e-08  4.9841e-11     2637  276 2637     2    10      0  4594  1.1e-07        -
1045  4.9899e-08  4.9841e-11     2647  276 2647     2    10      0  4609  3.2e-07        -
1049  5.0051e-08  5.1428e-11     2655  278 2655     2    10      0  4621    2e-08        -
1054  5.0309e-08  5.1428e-11     2665  278 2665     2    10      0  4636  4.1e-07        -
1057    5.05e-08  4.7858e-11 out 2671  280 2671     2    10      0  4645  6.9e-08        -
1060  5.0722e-08  7.8227e-11     2681  282 2681     2    10      0  4662  1.5e-07        -
1063  5.0935e-08  6.4784e-11     2693  284 2693     2    10      0  4684  6.2e-08        -
1065  5.1065e-08  6.4784e-11     2697  285 2697     2    10      0  4690    3e-07        -
1070  5.1389e-08  6.4784e-11     2707  285 2707     2    10      0  4708  8.1e-10        -
1072    5.15e-08  5.5649e-11 out 2715  287 2715     2    10      0  4722  2.4e-08        -
1077  5.1778e-08  5.5649e-11     2725  287 2725     2    10      0  4737    5e-07        -
1082  5.2055e-08  5.5228e-11     2735  287 2735     2    10      0  4755  1.1e-09        -
1087  5.2331e-08  5.5228e-11     2745  287 2745     2    10      0  4775  1.2e-09        -
1091    5.25e-08  2.9087e-11 out 2753  288 2753     2    10      0  4789  5.2e-09        -
1095  5.2733e-08  5.8173e-11     2761  289 2761     2    10      0  4801    4e-07        -
1099  5.2954e-08  4.6394e-11     2773  290 2773     2    10      0  4821  1.4e-08        -
1103  5.3139e-08  4.6394e-11     2781  291 2781     2    10      0  4833  2.1e-07        -
1108  5.3371e-08  4.6394e-11     2791  291 2791     2    10      0  4848  4.8e-07        -
1111    5.35e-08  4.1226e-11 out 2801  291 2801     2    10      0  4867  6.3e-10        -
1114  5.3624e-08  4.1226e-11     2813  291 2813     2    10      0  4891  6.1e-10        -
1117  5.3747e-08  4.1226e-11     2825  291 2825     2    10      0  4915    6e-10        -
1120  5.3871e-08  4.1226e-11     2837  291 2837     2    10      0  4939  5.7e-10        -
1123  5.3977e-08  2.3256e-11     2847  292 2847     2    10      0  4958  3.8e-10        -
1126  5.4093e-08  4.6512e-11     2853  293 2853     2    10      0  4967  1.1e-07        -
1129  5.4233e-08  4.6512e-11     2859  293 2859     2    10      0  4976  3.5e-07        -
1134  5.4459e-08  4.0698e-11     2873  294 2873     2    10      0  4999  6.7e-09        -
1138  5.4622e-08  4.0698e-11     2881  295 2881     2    10      0  5011  8.4e-08        -
1143  5.4826e-08  4.0698e-11     2891  295 2891     2    10      0  5026  2.1e-07        -
1147  5.4974e-08  2.6163e-11     2899  296 2899     2    10      0  5038  1.8e-10        -
1151  5.5157e-08  5.2327e-11     2907  297 2907     2    10      0  5050  5.2e-08        -
1156  5.5419e-08  5.2327e-11     2917  297 2917     2    10      0  5065  1.6e-07        -
1157  5.5459e-08  4.0692e-11     2923  298 2923     2    10      0  5076  4.1e-10        -
1161  5.5622e-08  4.0692e-11     2931  299 2931     2    10      0  5088    2e-08        -
1166  5.5826e-08  4.0692e-11     2941  299 2941     2    10      0  5103  5.1e-08        -
1170  5.5974e-08  2.6193e-11     2949  300 2949     2    10      0  5115  7.4e-10        -
1174  5.6157e-08  5.2386e-11     2957  301 2957     2    10      0  5127  2.1e-07        -
1178  5.6367e-08  5.2386e-11     2965  301 2965     2    10      0  5139  5.9e-07        -
1180   5.646e-08  4.0457e-11     2973  302 2973     2    10      0  5153  7.5e-09        -
1184  5.6621e-08  4.0457e-11     2981  303 2981     2    10      0  5165  1.3e-07        -
1189  5.6824e-08  4.0457e-11     2991  303 2991     2    10      0  5180  3.2e-07        -
1193  5.6973e-08  2.7485e-11     3003  304 3003     2    10      0  5200  1.8e-09        -
1196   5.711e-08  5.4971e-11     3009  306 3009     2    10      0  5209  2.8e-07        -
1201  5.7385e-08  5.4971e-11     3019  306 3019     2    10      0  5226  7.7e-10        -
1205   5.756e-08  6.0236e-11     3027  308 3027     2    10      0  5239  1.4e-07        -
-          当前进度:  17 % - 正在组装残差
1209  5.7801e-08  6.0236e-11     3035  308 3035     2    10      0  5253  9.4e-10        -
1212  5.7961e-08  3.9175e-11     3041  309 3041     2    10      0  5264  6.6e-09        -
1217  5.8157e-08  3.9175e-11     3051  309 3051     2    10      0  5279  1.4e-07        -
1222  5.8353e-08  3.9175e-11     3061  309 3061     2    10      0  5294  2.7e-07        -
1225  5.8465e-08   3.454e-11     3069  309 3069     2    10      0  5308  6.4e-10        -
1227  5.8569e-08  6.9079e-11     3075  310 3075     2    10      0  5319  9.9e-08        -
1231  5.8845e-08  6.9079e-11     3083  310 3083     2    10      0  5333  1.4e-09        -
1235  5.9043e-08  4.2762e-11     3091  311 3091     2    10      0  5346  8.2e-08        -
1240  5.9257e-08  4.2762e-11     3101  311 3101     2    10      0  5361  2.6e-07        -
1245  5.9464e-08  3.6188e-11     3115  312 3115     2    10      0  5384  4.4e-09        -
1248  5.9572e-08  3.6188e-11     3121  313 3121     2    10      0  5393  3.9e-08        -
1253  5.9753e-08  3.6188e-11     3131  313 3131     2    10      0  5408  1.2e-07        -
1258  5.9934e-08  3.6188e-11     3141  313 3141     2    10      0  5423    2e-07        -
1261  6.0033e-08   3.287e-11     3150  313 3150     2    10      0  5441  1.2e-09        -
1264  6.0131e-08   3.287e-11     3159  313 3159     2    10      0  5459  1.2e-09        -
1267   6.023e-08   3.287e-11     3168  313 3168     2    10      0  5477  1.2e-09        -
1270  6.0329e-08   3.287e-11     3177  313 3177     2    10      0  5495  1.1e-09        -
1273  6.0427e-08   3.287e-11     3186  313 3186     2    10      0  5513  1.1e-09        -
1275   6.048e-08  1.9909e-11     3191  314 3191     2    10      0  5522  3.6e-10        -
1279  6.0619e-08  3.9818e-11     3199  315 3199     2    10      0  5534  9.8e-08        -
1283  6.0779e-08  3.9818e-11     3207  315 3207     2    10      0  5546  2.8e-07        -
1287  6.0938e-08  3.9818e-11     3215  315 3215     2    10      0  5558  4.6e-07        -
1289     6.1e-08  3.1002e-11 out 3223  317 3223     2    10      0  5572  4.7e-09        -
1292  6.1186e-08  6.2004e-11     3229  318 3229     2    10      0  5582  5.5e-10        -
1297  6.1467e-08  3.2985e-11     3239  319 3239     2    10      0  5601    3e-09        -
1301  6.1665e-08   6.597e-11     3247  320 3247     2    10      0  5613  4.4e-07        -
1305  6.1929e-08   6.597e-11     3255  320 3255     2    10      0  5628  1.3e-09        -
1308  6.2071e-08  7.1196e-11     3261  322 3261     2    10      0  5637  9.4e-08        -
1313  6.2427e-08  7.1196e-11     3271  322 3271     2    10      0  5655  2.1e-09        -
1316  6.2573e-08  7.2822e-11     3277  324 3277     2    10      0  5664  8.2e-08        -
1321  6.2932e-08  6.7946e-11     3288  324 3288     2    10      0  5684  9.5e-09        -
1324  6.3136e-08  6.7946e-11     3297  324 3297     2    10      0  5702  9.5e-09        -
1327   6.334e-08  6.7946e-11     3306  324 3306     2    10      0  5720  9.2e-09        -
1330    6.35e-08  4.6161e-11 out 3313  325 3313     2    10      0  5732  4.2e-08        -
1333  6.3638e-08  4.6161e-11     3319  325 3319     2    10      0  5741  1.4e-07        -
1337  6.3823e-08  4.6161e-11     3327  325 3327     2    10      0  5753  2.7e-07        -
1341     6.4e-08  4.2273e-11 out 3337  325 3337     2    10      0  5771  2.6e-09        -
1344  6.4127e-08  4.2273e-11     3346  325 3346     2    10      0  5789  2.5e-09        -
1348  6.4296e-08  4.2273e-11     3358  325 3358     2    10      0  5813  2.3e-09        -
1352  6.4461e-08  3.8633e-11     3373  326 3373     2    10      0  5842  8.9e-09        -
1356  6.4616e-08  3.8633e-11     3381  327 3381     2    10      0  5854  1.2e-07        -
1361  6.4809e-08  3.8633e-11     3391  327 3391     2    10      0  5869  2.9e-07        -
1365  6.4962e-08  3.7516e-11     3399  327 3399     2    10      0  5882    3e-09        -
1370   6.515e-08  3.7516e-11     3409  327 3409     2    10      0  5902  2.9e-09        -
1375  6.5338e-08  3.7516e-11     3419  327 3419     2    10      0  5922  2.7e-09        -
1379  6.5475e-08  2.4905e-11     3427  328 3427     2    10      0  5937  8.7e-10        -
1383  6.5649e-08  4.9809e-11     3435  329 3435     2    10      0  5949  2.5e-07        -
-          当前进度:  19 % - 正在组装残差
1388  6.5898e-08  4.9809e-11     3445  329 3445     2    10      0  5964    8e-07        -
1392  6.6052e-08  5.1716e-11     3453  331 3453     2    10      0  5976  2.9e-08        -
1397   6.631e-08  5.1716e-11     3463  331 3463     2    10      0  5991  6.2e-07        -
1400  6.6457e-08  4.3134e-11     3473  332 3473     2    10      0  6008  7.9e-09        -
1404  6.6629e-08  4.3134e-11     3481  333 3481     2    10      0  6020    1e-07        -
1408  6.6802e-08  4.3134e-11     3489  333 3489     2    10      0  6032  2.2e-07        -
1412  6.6966e-08  3.4329e-11     3501  334 3501     2    10      0  6052  2.5e-09        -
1416  6.7103e-08  3.4329e-11     3509  335 3509     2    10      0  6064  3.2e-08        -
1421  6.7275e-08  3.4329e-11     3519  335 3519     2    10      0  6079  8.1e-08        -
1426  6.7446e-08  3.4329e-11     3529  335 3529     2    10      0  6094  1.3e-07        -
1428    6.75e-08  2.6865e-11 out 3537  337 3537     2    10      0  6108  8.6e-10        -
1432  6.7715e-08  5.3729e-11     3545  338 3545     2    10      0  6120  3.5e-07        -
1437  6.7965e-08  3.5084e-11     3555  339 3555     2    10      0  6135  4.3e-09        -
1442   6.814e-08  3.5084e-11     3565  339 3565     2    10      0  6150    9e-08        -
1447  6.8316e-08  3.5084e-11     3575  339 3575     2    10      0  6165  1.7e-07        -
1452  6.8478e-08  2.1957e-11     3585  340 3585     2    10      0  6180  5.2e-10        -
1456  6.8632e-08  4.3914e-11     3593  341 3593     2    10      0  6192  1.5e-07        -
1461  6.8851e-08  4.3914e-11     3603  341 3603     2    10      0  6207  4.7e-07        -
1464   6.897e-08  3.0428e-11     3613  342 3613     2    10      0  6224  1.9e-09        -
1467  6.9122e-08  6.0855e-11     3619  344 3619     2    10      0  6233  2.9e-07        -
1472  6.9426e-08  6.0855e-11     3629  344 3629     2    10      0  6250  1.5e-09        -
1476  6.9574e-08  3.7007e-11     3637  345 3637     2    10      0  6262  4.7e-08        -
1481  6.9759e-08  3.7007e-11     3647  345 3647     2    10      0  6277  1.2e-07        -
1486  6.9944e-08  3.7007e-11     3657  345 3657     2    10      0  6292  1.8e-07        -
1488       7e-08  2.7958e-11 out 3665  347 3665     2    10      0  6306  7.2e-10        -
1492  7.0224e-08  5.5915e-11     3673  348 3673     2    10      0  6318    3e-07        -
1497    7.05e-08  5.4296e-11 out 3683  348 3683     2    10      0  6335  1.4e-08        -
1502  7.0771e-08  5.4296e-11     3693  348 3693     2    10      0  6355  1.3e-08        -
1506  7.0967e-08  3.2814e-11     3701  349 3701     2    10      0  6370  1.8e-09        -
1508  7.1066e-08  6.5629e-11     3705  350 3705     2    10      0  6376  5.9e-08        -
1513  7.1394e-08  6.5629e-11     3715  350 3715     2    10      0  6392  2.1e-09        -
1515    7.15e-08  5.3113e-11 out 3723  352 3723     2    10      0  6406  2.6e-08        -
1520  7.1766e-08  5.3113e-11     3733  352 3733     2    10      0  6421  5.4e-07        -
1524  7.1962e-08  3.7547e-11     3745  353 3745     2    10      0  6441  5.5e-09        -
1527  7.2075e-08  3.7547e-11     3751  354 3751     2    10      0  6450    5e-08        -
1532  7.2263e-08  3.7547e-11     3761  354 3761     2    10      0  6465  1.6e-07        -
1538  7.2475e-08   2.472e-11     3773  355 3773     2    10      0  6483    5e-10        -
1540  7.2549e-08   4.944e-11     3777  356 3777     2    10      0  6489  1.6e-08        -
1543  7.2698e-08   4.944e-11     3783  356 3783     2    10      0  6498  2.1e-07        -
1548  7.2945e-08   4.944e-11     3793  356 3793     2    10      0  6513  5.2e-07        -
1551  7.3055e-08  5.5042e-11     3799  358 3799     2    10      0  6522  2.2e-08        -
1556   7.333e-08  5.5042e-11     3809  358 3809     2    10      0  6537  4.6e-07        -
1560    7.35e-08  2.9833e-11 out 3817  359 3817     2    10      0  6549  4.5e-09        -
1563  7.3679e-08  5.9667e-11     3823  360 3823     2    10      0  6558  2.9e-07        -
1567  7.3918e-08  5.9667e-11     3831  360 3831     2    10      0  6570  7.3e-07        -
1568  7.3959e-08  4.1167e-11     3837  361 3837     2    10      0  6581  1.7e-09        -
1571  7.4082e-08  4.1167e-11     3843  362 3843     2    10      0  6590  1.5e-08        -
1576  7.4288e-08  4.1167e-11     3853  362 3853     2    10      0  6605  4.8e-08        -
--         当前进度:  21 % - 正在组装残差
1581  7.4476e-08  2.3581e-11     3863  363 3863     2    10      0  6620  1.1e-10        -
1585  7.4641e-08  4.7161e-11     3871  364 3871     2    10      0  6632  3.1e-08        -
1590  7.4877e-08  4.7161e-11     3881  364 3881     2    10      0  6647  9.8e-08        -
1592  7.4962e-08  3.7775e-11     3889  365 3889     2    10      0  6661  1.4e-09        -
1596  7.5113e-08  3.7775e-11     3897  366 3897     2    10      0  6673  1.8e-08        -
1601  7.5302e-08  3.7775e-11     3907  366 3907     2    10      0  6688  4.5e-08        -
1606  7.5477e-08  2.3349e-11     3917  367 3917     2    10      0  6703  1.6e-10        -
1610   7.564e-08  4.6699e-11     3925  368 3925     2    10      0  6715  4.5e-08        -
1615  7.5874e-08  4.6699e-11     3935  368 3935     2    10      0  6730  1.4e-07        -
1617   7.596e-08  3.9856e-11     3943  369 3943     2    10      0  6744  2.4e-09        -
1619   7.604e-08  3.9856e-11     3947  370 3947     2    10      0  6750  1.2e-08        -
1624  7.6239e-08  3.9856e-11     3957  370 3957     2    10      0  6765  5.7e-08        -
1629  7.6438e-08  3.9856e-11     3967  370 3967     2    10      0  6780    1e-07        -
1631    7.65e-08  3.0791e-11 out 3975  372 3975     2    10      0  6794  4.3e-10        -
1635  7.6746e-08  6.1583e-11     3983  373 3983     2    10      0  6806  1.8e-07        -
1639  7.6966e-08   3.446e-11     3991  374 3991     2    10      0  6818  5.6e-10        -
1643  7.7172e-08  6.8919e-11     3999  375 3999     2    10      0  6830  8.8e-08        -
1647   7.744e-08  6.0472e-11     4009  375 4009     2    10      0  6847  7.5e-09        -
1650  7.7621e-08  6.0472e-11     4021  375 4021     2    10      0  6871  7.6e-09        -
1653  7.7802e-08  6.0472e-11     4033  375 4033     2    10      0  6895  7.5e-09        -
1655  7.7923e-08  6.0472e-11     4041  375 4041     2    10      0  6911  7.5e-09        -
1658  7.8038e-08  3.8348e-11     4047  376 4047     2    10      0  6920  6.5e-09        -
1662  7.8192e-08  3.8348e-11     4055  376 4055     2    10      0  6932  1.8e-08        -
1666  7.8345e-08  3.8348e-11     4063  376 4063     2    10      0  6944  2.9e-08        -
1670   7.848e-08  1.9913e-11     4071  377 4071     2    10      0  6956  3.4e-11        -
1673   7.858e-08  3.9826e-11     4077  378 4077     2    10      0  6965  5.2e-09        -
1676  7.8699e-08  3.9826e-11     4083  378 4083     2    10      0  6974  1.7e-08        -
1679  7.8819e-08  3.9826e-11     4089  378 4089     2    10      0  6983    3e-08        -
1682  7.8938e-08  3.9826e-11     4095  378 4095     2    10      0  6992  4.2e-08        -
1683  7.8969e-08  3.0958e-11     4101  379 4101     2    10      0  7003  3.8e-10        -
1685  7.9062e-08  6.1917e-11     4105  381 4105     2    10      0  7009  1.2e-08        -
1689   7.931e-08  6.1917e-11     4113  381 4113     2    10      0  7021  1.4e-07        -
1692  7.9467e-08  3.3291e-11     4119  382 4119     2    10      0  7030  1.8e-09        -
1695    7.96e-08  6.6581e-11     4125  383 4125     2    10      0  7039  5.8e-08        -
1699  7.9866e-08  6.6581e-11     4133  383 4133     2    10      0  7051  9.8e-07        -
1702       8e-08  3.3611e-11 out 4139  384 4139     2    10      0  7061  8.4e-09        -
1706  8.0134e-08  3.3611e-11     4147  384 4147     2    10      0  7073  3.5e-08        -
1709  8.0336e-08  6.7222e-11     4153  385 4153     2    10      0  7082  4.5e-07        -
1711  8.0452e-08  4.8334e-11     4161  386 4161     2    10      0  7096  8.3e-09        -
1714  8.0597e-08  4.8334e-11     4167  387 4167     2    10      0  7105  7.5e-08        -
1718   8.079e-08  4.8334e-11     4175  387 4175     2    10      0  7117  2.1e-07        -
1722  8.0968e-08  3.2498e-11     4187  388 4187     2    10      0  7137    1e-09        -
1725  8.1097e-08  6.4996e-11     4193  390 4193     2    10      0  7146  3.3e-08        -
1730  8.1422e-08  6.4996e-11     4203  390 4203     2    10      0  7161  6.9e-07        -
1733  8.1539e-08  3.8764e-11     4209  391 4209     2    10      0  7170  2.2e-08        -
1736  8.1655e-08  3.8764e-11     4215  391 4215     2    10      0  7179    5e-08        -
1740   8.181e-08  3.8764e-11     4223  391 4223     2    10      0  7191  8.7e-08        -
1745     8.2e-08  3.6797e-11 out 4233  391 4233     2    10      0  7208  5.2e-09        -
--         当前进度:  22 % - 正在组装残差
1749  8.2147e-08  3.6797e-11     4241  391 4241     2    10      0  7224    5e-09        -
1753  8.2294e-08  3.6797e-11     4249  391 4249     2    10      0  7240  4.9e-09        -
1757  8.2442e-08  3.6797e-11     4257  391 4257     2    10      0  7256  4.6e-09        -
1758  8.2471e-08  2.9219e-11     4263  392 4263     2    10      0  7267  8.1e-10        -
1760  8.2558e-08  5.8439e-11     4267  394 4267     2    10      0  7273  2.6e-08        -
1764  8.2792e-08  5.8439e-11     4275  394 4275     2    10      0  7285  4.4e-07        -
1767  8.2955e-08  4.5464e-11     4285  395 4285     2    10      0  7302  9.5e-09        -
1771  8.3136e-08  4.5464e-11     4293  396 4293     2    10      0  7314  1.3e-07        -
1775  8.3318e-08  4.5464e-11     4301  396 4301     2    10      0  7326  2.8e-07        -
1780  8.3545e-08  4.5412e-11     4311  396 4311     2    10      0  7344  7.1e-10        -
1785  8.3772e-08  4.5412e-11     4321  396 4321     2    10      0  7362  9.7e-07        -
1789  8.3954e-08  4.5412e-11     4329  396 4329     2    10      0  7374  9.3e-07        -
1791     8.4e-08  2.2941e-11 out 4333  397 4333     2    10      0  7380  1.1e-09        -
1795  8.4184e-08  4.5883e-11     4341  398 4341     2    10      0  7392  8.6e-08        -
1800  8.4413e-08  4.5883e-11     4351  398 4351     2    10      0  7407  2.1e-07        -
1805  8.4631e-08  4.3527e-11     4361  398 4361     2    10      0  7427  1.1e-08        -
1810  8.4848e-08  4.3527e-11     4371  398 4371     2    10      0  7447  1.1e-08        -
1813  8.4968e-08  3.2363e-11     4381  399 4381     2    10      0  7466    8e-10        -
1816  8.5097e-08  6.4726e-11     4387  401 4387     2    10      0  7475  2.6e-08        -
1821  8.5421e-08  6.4726e-11     4397  401 4397     2    10      0  7490  5.5e-07        -
1825  8.5579e-08  3.9642e-11     4405  402 4405     2    10      0  7502  3.1e-08        -
1830  8.5777e-08  3.9642e-11     4415  402 4415     2    10      0  7517  7.8e-08        -
1835  8.5968e-08   3.197e-11     4429  403 4429     2    10      0  7540  9.8e-10        -
1837  8.6064e-08  6.3941e-11     4433  405 4433     2    10      0  7546  3.2e-08        -
1841   8.632e-08  6.3941e-11     4441  405 4441     2    10      0  7558  5.4e-07        -
1843  8.6442e-08  5.8178e-11     4446  405 4446     2    10      0  7567  1.8e-08        -
1846  8.6616e-08  5.8178e-11     4455  405 4455     2    10      0  7585  1.8e-08        -
1849  8.6791e-08  5.8178e-11     4464  405 4464     2    10      0  7603  1.8e-08        -
1852  8.6954e-08  4.6377e-11     4476  406 4476     2    10      0  7626  8.7e-09        -
1856  8.7139e-08  4.6377e-11     4484  407 4484     2    10      0  7638  1.1e-07        -
1859  8.7278e-08  4.6377e-11     4490  407 4490     2    10      0  7647  2.1e-07        -
1863  8.7459e-08  4.1303e-11     4499  407 4499     2    10      0  7662  8.3e-09        -
1866  8.7583e-08  4.1303e-11     4508  407 4508     2    10      0  7680  8.1e-09        -
1869  8.7707e-08  4.1303e-11     4517  407 4517     2    10      0  7698  7.8e-09        -
1872   8.783e-08  4.1303e-11     4526  407 4526     2    10      0  7716  7.6e-09        -
1875  8.7954e-08  4.1303e-11     4535  407 4535     2    10      0  7734  7.2e-09        -
1878  8.8046e-08  4.5669e-11     4541  409 4541     2    10      0  7743  5.5e-09        -
1882  8.8228e-08  4.5669e-11     4549  409 4549     2    10      0  7755  9.3e-08        -
1887  8.8456e-08  4.4488e-11     4559  409 4559     2    10      0  7771  6.5e-09        -
1890  8.8589e-08  4.4488e-11     4565  409 4565     2    10      0  7783  6.4e-09        -
1894  8.8767e-08  4.4488e-11     4573  409 4573     2    10      0  7799  6.3e-09        -
1899  8.8972e-08  2.7561e-11     4583  410 4583     2    10      0  7818  3.7e-10        -
1902   8.911e-08  5.5122e-11     4589  411 4589     2    10      0  7827    6e-08        -
1907  8.9386e-08  5.5122e-11     4599  411 4599     2    10      0  7842    3e-07        -
1909   8.947e-08  2.9511e-11     4603  412 4603     2    10      0  7848  4.7e-10        -
1912  8.9618e-08  5.9023e-11     4609  413 4609     2    10      0  7857  9.3e-08        -
1916  8.9854e-08  5.9023e-11     4617  413 4617     2    10      0  7869  4.1e-07        -
--         当前进度:  23 % - 正在组装残差
1918  8.9957e-08   4.342e-11     4625  414 4625     2    10      0  7883  4.8e-09        -
1921  9.0261e-08  1.7368e-10     4628  417 4628     2    10      0  7883        0        -
1926     9.2e-08       5e-10 out 4633  418 4633     2    10      0  7883        0        -
1933    9.55e-08       5e-10 out 4640  418 4640     2    10      0  7883        0        -
1940     9.9e-08       5e-10 out 4647  418 4647     2    10      0  7883        0        -
1947   1.025e-07       5e-10 out 4654  418 4654     2    10      0  7883        0        -
1954    1.06e-07       5e-10 out 4661  418 4661     2    10      0  7883        0        -
1961   1.095e-07       5e-10 out 4668  418 4668     2    10      0  7883        0        -
1968    1.13e-07       5e-10 out 4675  418 4675     2    10      0  7883        0        -
1976    1.17e-07       5e-10 out 4683  418 4683     2    10      0  7883        0        -
1984    1.21e-07       5e-10 out 4691  418 4691     2    10      0  7883        0        -
1991   1.245e-07       5e-10 out 4698  418 4698     2    10      0  7883        0        -
1999   1.285e-07       5e-10 out 4706  418 4706     2    10      0  7883        0        -
2007   1.325e-07       5e-10 out 4714  418 4714     2    10      0  7883        0        -
2015   1.365e-07       5e-10 out 4722  418 4722     2    10      0  7883        0        -
2023   1.405e-07       5e-10 out 4730  418 4730     2    10      0  7883        0        -
2030    1.44e-07       5e-10 out 4737  418 4737     2    10      0  7883        0        -
2037   1.475e-07       5e-10 out 4744  418 4744     2    10      0  7883        0        -
2045   1.515e-07       5e-10 out 4752  418 4752     2    10      0  7883        0        -
2053   1.555e-07       5e-10 out 4760  418 4760     2    10      0  7883        0        -
2061   1.595e-07       5e-10 out 4768  418 4768     2    10      0  7883        0        -
2069   1.635e-07       5e-10 out 4776  418 4776     2    10      0  7883        0        -
2077   1.675e-07       5e-10 out 4784  418 4784     2    10      0  7883        0        -
2085   1.715e-07       5e-10 out 4792  418 4792     2    10      0  7883        0        -
2093   1.755e-07       5e-10 out 4800  418 4800     2    10      0  7883        0        -
2101   1.795e-07       5e-10 out 4808  418 4808     2    10      0  7883        0        -
2108    1.83e-07       5e-10 out 4815  418 4815     2    10      0  7883        0        -
2115   1.865e-07       5e-10 out 4822  418 4822     2    10      0  7883        0        -
2123   1.905e-07       5e-10 out 4830  418 4830     2    10      0  7883        0        -
2131   1.945e-07       5e-10 out 4838  418 4838     2    10      0  7883        0        -
2139   1.985e-07       5e-10 out 4846  418 4846     2    10      0  7883        0        -
2147   2.025e-07       5e-10 out 4854  418 4854     2    10      0  7883        0        -
2155   2.065e-07       5e-10 out 4862  418 4862     2    10      0  7883        0        -
2163   2.105e-07       5e-10 out 4870  418 4870     2    10      0  7883        0        -
2172    2.15e-07       5e-10 out 4879  418 4879     2    10      0  7883        0        -
2181   2.195e-07       5e-10 out 4888  418 4888     2    10      0  7883        0        -
2189   2.235e-07       5e-10 out 4896  418 4896     2    10      0  7883        0        -
2197   2.275e-07       5e-10 out 4904  418 4904     2    10      0  7883        0        -
2206    2.32e-07       5e-10 out 4913  418 4913     2    10      0  7883        0        -
2215   2.365e-07       5e-10 out 4922  418 4922     2    10      0  7883        0        -
2223   2.405e-07       5e-10 out 4930  418 4930     2    10      0  7883        0        -
2232    2.45e-07       5e-10 out 4939  418 4939     2    10      0  7883        0        -
2241   2.495e-07       5e-10 out 4948  418 4948     2    10      0  7883        0        -
2249   2.535e-07       5e-10 out 4956  418 4956     2    10      0  7883        0        -
2258    2.58e-07       5e-10 out 4965  418 4965     2    10      0  7883        0        -
2267   2.625e-07       5e-10 out 4974  418 4974     2    10      0  7883        0        -
2276    2.67e-07       5e-10 out 4983  418 4983     2    10      0  7883        0        -
2285   2.715e-07       5e-10 out 4992  418 4992     2    10      0  7883        0        -
2294    2.76e-07       5e-10 out 5001  418 5001     2    10      0  7883        0        -
2302     2.8e-07       5e-10 out 5009  418 5009     2    10      0  7883        0        -
2310    2.84e-07       5e-10 out 5017  418 5017     2    10      0  7883        0        -
------     当前进度:  60 % - 
2316    2.87e-07       5e-10 out 5023  418 5023     2    10      0  7883        0        -
2323   2.905e-07       5e-10 out 5030  418 5030     2    10      0  7883        0        -
2331   2.945e-07       5e-10 out 5038  418 5038     2    10      0  7883        0        -
2339   2.985e-07       5e-10 out 5046  418 5046     2    10      0  7883        0        -
2346    3.02e-07       5e-10 out 5053  418 5053     2    10      0  7883        0        -
2354    3.06e-07       5e-10 out 5061  418 5061     2    10      0  7883        0        -
2361   3.095e-07       5e-10 out 5068  418 5068     2    10      0  7883        0        -
2368    3.13e-07       5e-10 out 5075  418 5075     2    10      0  7883        0        -
2376    3.17e-07       5e-10 out 5083  418 5083     2    10      0  7883        0        -
2384    3.21e-07       5e-10 out 5091  418 5091     2    10      0  7883        0        -
2390    3.24e-07       5e-10 out 5097  418 5097     2    10      0  7883        0        -
2398    3.28e-07       5e-10 out 5105  418 5105     2    10      0  7883        0        -
2406    3.32e-07       5e-10 out 5113  418 5113     2    10      0  7883        0        -
2414    3.36e-07       5e-10 out 5121  418 5121     2    10      0  7883        0        -
2422     3.4e-07       5e-10 out 5129  418 5129     2    10      0  7883        0        -
2429   3.435e-07       5e-10 out 5136  418 5136     2    10      0  7883        0        -
2437   3.475e-07       5e-10 out 5144  418 5144     2    10      0  7883        0        -
2445   3.515e-07       5e-10 out 5152  418 5152     2    10      0  7883        0        -
2453   3.555e-07       5e-10 out 5160  418 5160     2    10      0  7883        0        -
2461   3.595e-07       5e-10 out 5168  418 5168     2    10      0  7883        0        -
2469   3.635e-07       5e-10 out 5176  418 5176     2    10      0  7883        0        -
2477   3.675e-07       5e-10 out 5184  418 5184     2    10      0  7883        0        -
2484    3.71e-07       5e-10 out 5191  418 5191     2    10      0  7883        0        -
2492    3.75e-07       5e-10 out 5199  418 5199     2    10      0  7883        0        -
2501   3.795e-07       5e-10 out 5208  418 5208     2    10      0  7883        0        -
2510    3.84e-07       5e-10 out 5217  418 5217     2    10      0  7883        0        -
2519   3.885e-07       5e-10 out 5226  418 5226     2    10      0  7883        0        -
2528    3.93e-07       5e-10 out 5235  418 5235     2    10      0  7883        0        -
2537   3.975e-07       5e-10 out 5244  418 5244     2    10      0  7883        0        -
2546    4.02e-07       5e-10 out 5253  418 5253     2    10      0  7883        0        -
2553   4.055e-07       5e-10 out 5260  418 5260     2    10      0  7883        0        -
2559   4.085e-07       5e-10 out 5266  418 5266     2    10      0  7883        0        -
2567   4.125e-07       5e-10 out 5274  418 5274     2    10      0  7883        0        -
2576    4.17e-07       5e-10 out 5283  418 5283     2    10      0  7883        0        -
2584    4.21e-07       5e-10 out 5291  418 5291     2    10      0  7883        0        -
2593   4.255e-07       5e-10 out 5300  418 5300     2    10      0  7883        0        -
2601   4.295e-07       5e-10 out 5308  418 5308     2    10      0  7883        0        -
2609   4.335e-07       5e-10 out 5316  418 5316     2    10      0  7883        0        -
2618    4.38e-07       5e-10 out 5325  418 5325     2    10      0  7883        0        -
2625   4.415e-07       5e-10 out 5332  418 5332     2    10      0  7883        0        -
2633   4.455e-07       5e-10 out 5340  418 5340     2    10      0  7883        0        -
2641   4.495e-07       5e-10 out 5348  418 5348     2    10      0  7883        0        -
2650    4.54e-07       5e-10 out 5357  418 5357     2    10      0  7883        0        -
2659   4.585e-07       5e-10 out 5366  418 5366     2    10      0  7883        0        -
2668    4.63e-07       5e-10 out 5375  418 5375     2    10      0  7883        0        -
2677   4.675e-07       5e-10 out 5384  418 5384     2    10      0  7883        0        -
2686    4.72e-07       5e-10 out 5393  418 5393     2    10      0  7883        0        -
2695   4.765e-07       5e-10 out 5402  418 5402     2    10      0  7883        0        -
2704    4.81e-07       5e-10 out 5411  418 5411     2    10      0  7883        0        -
2712    4.85e-07       5e-10 out 5419  418 5419     2    10      0  7883        0        -
2720    4.89e-07       5e-10 out 5427  418 5427     2    10      0  7883        0        -
2727   4.925e-07       5e-10 out 5434  418 5434     2    10      0  7883        0        -
2735   4.965e-07       5e-10 out 5442  418 5442     2    10      0  7883        0        -
2742       5e-07       5e-10 out 5449  418 5449     2    10      0  7883        0        -
---------- 当前进度: 100 % - 
求解时间：4 s。
物理内存: 1.23 GB
虚拟内存: 1.24 GB
结束时间：2026年9月4日 10:11:23。
----- Study 2 - Single_Muon_Diagnostic/解 2 (sol2) 中的“瞬态求解器 1” ----------------->
           当前进度:   0 % - 
-          当前进度:  12 % - 正在计算
--         当前进度:  20 % - 正在计算
--         当前进度:  29 % - 正在计算
---        当前进度:  38 % - 正在计算
----       当前进度:  47 % - 正在计算
-----      当前进度:  57 % - 正在计算
------     当前进度:  68 % - 正在计算
-------    当前进度:  78 % - 正在计算
--------   当前进度:  88 % - 正在计算
---------  当前进度:  99 % - 正在计算
---------- 当前进度: 100 % - 正在计算
           当前进度:   0 % - 
---        当前进度:  34 % - 正在计算
Memory: 1224/1521 1231/1748
---------  当前进度:  95 % - 正在计算
BRIDGE_CASE_COMPLETE=bridge_gap40p4_source0p075_V23_5kV
BRIDGE_CASE_START=bridge_gap40p4_n1e23_V23_5kV
           当前进度:   0 % - Study 1 - 3D Electrostatics stationary
Memory: 1227/1521 1234/1748
           当前进度:   3 % - Study 1 - 3D Electrostatics stationary
Memory: 1224/1521 1231/1748
<---- Study 1 - 3D Electrostatics stationary/解 1 (sol1) 中的“编译方程: 稳态” -----------
开始于 2026年9月4日 10:11:27。
几何形函数: 二次拉格朗日单元
几何形函数: 二次拉格朗日单元
在 Intel64 Family 6 Model 186 Stepping 2, GenuineIntel 上运行。
在以下位置使用 1 个插槽： 陈红星 上（共 1 个内核）。
可用内存：15.90 GB。
           当前进度:   3 % - 编译方程: 稳态
           当前进度:   6 % - 编译方程: 稳态
Memory: 1245/1521 1253/1748
           当前进度:   7 % - 编译方程: 稳态
Memory: 1247/1521 1256/1748
时间：1。
物理内存: 1.32 GB
虚拟内存: 1.93 GB
Warning: 自由空间采用真空条件，这会导致某些材料属性被忽略。请考虑为忽略的材料添加合适的物理场特征。

  - 节点: 自由空间 1

  - 物理场: Electrostatics: four finite-thickness rounded ring electrodes (es)

  - Materials: Natural Neon gas, representative relative permittivity (mat_gas), Representative alumina ceramic; epsilon_r=9.4 assumption (mat_diel)

  - Quantities: 相对介电常数, 相对介电常数
结束时间：2026年9月4日 10:11:28。
----- Study 1 - 3D Electrostatics stationary/解 1 (sol1) 中的“编译方程: 稳态” ---------->
<---- Study 1 - 3D Electrostatics stationary/解 1 (sol1) 中的“因变量 1” --------------
开始于 2026年9月4日 10:11:28。
           当前进度:   7 % - 因变量 1
Memory: 1320/1521 1933/1934
求解时间：0 s。
物理内存: 1.32 GB
虚拟内存: 1.93 GB
结束时间：2026年9月4日 10:11:28。
----- Study 1 - 3D Electrostatics stationary/解 1 (sol1) 中的“因变量 1” ------------->
<---- Study 1 - 3D Electrostatics stationary/解 1 (sol1) 中的“稳态求解器 1” ------------
开始于 2026年9月4日 10:11:29。
线性求解器 
求解的自由度数：106954。
--         当前进度:  24 % - 组装稀疏模式
Memory: 1260/1521 1280/1936
---        当前进度:  38 % - 组装矩阵
Memory: 1291/1521 1304/1936
找到对称矩阵。
缩放因变量：
电势 (comp1.V): 1
已使用正交零空间函数。
---        当前进度:  38 % - 组装延展
Memory: 1296/1521 1312/1936
-------    当前进度:  74 % - 正在创建多重网格层次结构
Memory: 1318/1521 1335/1936
Iter      SolEst     Damping    Stepsize #Res #Jac #Sol LinIt   LinErr   LinRes
   1        0.78   1.0000000        0.78    1    1    1     4  1.6e-05  2.9e-08
---------- 当前进度: 100 % - 
Memory: 1315/1521 1330/1936
求解时间：3 s。
物理内存: 1.33 GB
虚拟内存: 1.93 GB
结束时间：2026年9月4日 10:11:32。
----- Study 1 - 3D Electrostatics stationary/解 1 (sol1) 中的“稳态求解器 1” ----------->
           当前进度:   0 % - Study 2 - Single_Muon_Diagnostic
Memory: 1313/1521 1328/1936
           当前进度:   3 % - Study 2 - Single_Muon_Diagnostic
<---- Study 2 - Single_Muon_Diagnostic/解 2 (sol2) 中的“编译方程: 瞬态” -----------------
开始于 2026年9月4日 10:11:33。
几何形函数: 二次拉格朗日单元
几何形函数: 二次拉格朗日单元
在 Intel64 Family 6 Model 186 Stepping 2, GenuineIntel 上运行。
在以下位置使用 1 个插槽： 陈红星 上（共 1 个内核）。
可用内存：15.90 GB。
           当前进度:   3 % - 编译方程: 瞬态
           当前进度:   5 % - 编译方程: 瞬态
Memory: 1243/1521 1254/1936
时间：1。
物理内存: 1.31 GB
虚拟内存: 1.33 GB
Warning: 自由空间采用真空条件，这会导致某些材料属性被忽略。请考虑为忽略的材料添加合适的物理场特征。

  - 节点: 自由空间 1

  - 物理场: Electrostatics: four finite-thickness rounded ring electrodes (es)

  - Materials: Natural Neon gas, representative relative permittivity (mat_gas), Representative alumina ceramic; epsilon_r=9.4 assumption (mat_diel)

  - Quantities: 相对介电常数, 相对介电常数
结束时间：2026年9月4日 10:11:34。
----- Study 2 - Single_Muon_Diagnostic/解 2 (sol2) 中的“编译方程: 瞬态” ---------------->
<---- Study 2 - Single_Muon_Diagnostic/解 2 (sol2) 中的“因变量 1” --------------------
开始于 2026年9月4日 10:11:34。
不求解变量的值: 解 1 (sol1).
           当前进度:   5 % - 因变量 1
Memory: 1221/1521 1228/1936
求解时间：0 s。
物理内存: 1.25 GB
虚拟内存: 1.26 GB
结束时间：2026年9月4日 10:11:34。
----- Study 2 - Single_Muon_Diagnostic/解 2 (sol2) 中的“因变量 1” ------------------->
<---- Study 2 - Single_Muon_Diagnostic/解 2 (sol2) 中的“瞬态求解器 1” ------------------
开始于 2026年9月4日 10:11:35。
瞬态求解器（广义 α）
求解的自由度数：3（加上 4 个内部自由度）。
找到非对称矩阵。
缩放因变量：
颗粒位置 (comp1.qcpt): 1
Step        Time    Stepsize      Res  Jac  Sol Order Tfail NLfail LinIt   LinErr   LinRes
   0           0           - out    2    3    2                  0     0        0        0
   1    6.25e-11    6.25e-11       10    7   10     2     3      0    17  1.6e-08        -
   5   3.125e-10    6.25e-11       18    7   18     2     3      0    29  4.5e-07        -
   9   5.625e-10    6.25e-11       26    7   26     2     3      0    43  7.8e-11        -
  12  7.4375e-10   5.625e-11       36    8   36     2     3      0    62  3.8e-08        -
  14  8.5625e-10   5.625e-11       40    9   40     2     3      0    68  2.2e-07        -
  16  9.5625e-10   4.375e-11       48   10   48     2     3      0    82  1.3e-08        -
  19  1.0875e-09   4.375e-11       54   11   54     2     3      0    91  1.2e-07        -
  23  1.2625e-09   4.375e-11       62   11   62     2     3      0   103  3.3e-07        -
  28  1.4687e-09   3.125e-11       76   12   76     2     3      0   126  2.4e-09        -
  31  1.5625e-09   3.125e-11       82   13   82     2     3      0   135  2.1e-08        -
  35  1.6875e-09   3.125e-11       90   13   90     2     3      0   147  5.6e-08        -
  39  1.8438e-09    6.25e-11       98   14   98     2     3      0   159  7.3e-08        -
  41  1.9531e-09  4.6875e-11      106   15  106     2     3      0   173  1.7e-08        -
  44  2.0937e-09  4.6875e-11      112   16  112     2     3      0   182  1.6e-07        -
  47  2.2344e-09  4.6875e-11      118   16  118     2     3      0   191  3.7e-07        -
  51  2.4219e-09  4.6875e-11      126   16  126     2     3      0   203  6.8e-07        -
  52  2.4609e-09  3.9063e-11      132   17  132     2     3      0   214  6.7e-09        -
  55  2.5781e-09  3.9063e-11      138   18  138     2     3      0   223  5.7e-08        -
  59  2.7344e-09  3.9063e-11      146   18  146     2     3      0   235  1.6e-07        -
  63  2.8906e-09  3.9063e-11      154   18  154     2     3      0   247  2.6e-07        -
  66       3e-09  3.5156e-11 out  164   18  164     2     3      0   266  2.9e-10        -
  68  3.0703e-09  3.5156e-11      172   18  172     2     3      0   282  2.9e-10        -
  70  3.1406e-09  3.5156e-11      180   18  180     2     3      0   298  2.9e-10        -
  73  3.2461e-09  3.5156e-11      192   18  192     2     3      0   322  2.8e-10        -
  75  3.3164e-09  3.5156e-11      200   18  200     2     3      0   338  2.8e-10        -
  77  3.3867e-09  3.5156e-11      208   18  208     2     3      0   354  2.7e-10        -
  79   3.457e-09  3.5156e-11      216   18  216     2     3      0   370  2.7e-10        -
           当前进度:   7 % - 
Memory: 1221/1521 1229/1936
  82   3.543e-09  4.2969e-11      222   20  222     2     3      0   379  5.6e-09        -
  86  3.7148e-09  4.2969e-11      230   20  230     2     3      0   391  9.3e-08        -
  90  3.8867e-09  4.2969e-11      238   20  238     2     3      0   403  1.8e-07        -
  92  3.9648e-09  3.5156e-11      246   21  246     2     3      0   417    2e-09        -
  95  4.0703e-09  3.5156e-11      252   22  252     2     3      0   426  1.8e-08        -
  98  4.1758e-09  3.5156e-11      258   22  258     2     3      0   435  4.3e-08        -
 103  4.3516e-09  3.5156e-11      268   22  268     2     3      0   450  8.5e-08        -
 107     4.5e-09  4.2969e-11 out  280   23  280     2     3      0   470  6.4e-09        -
 111  4.6719e-09  4.2969e-11      288   24  288     2     3      0   482  8.8e-08        -
 116  4.8867e-09  4.2969e-11      298   24  298     2     3      0   497  2.3e-07        -
 118  4.9648e-09  3.5156e-11      306   25  306     2     3      0   511  2.7e-09        -
 121  5.1055e-09  7.0312e-11      312   27  312     2     3      0   520  8.8e-08        -
 122  5.1687e-09  6.3281e-11      318   28  318     2     3      0   531  5.2e-08        -
 124   5.289e-09  5.6953e-11      326   30  326     2     3      0   545  3.1e-08        -
 126  5.4029e-09  5.6953e-11      330   31  330     2     3      0   551  1.6e-07        -
 127  5.4514e-09  4.8555e-11      336   32  336     2     3      0   562  1.4e-08        -
 130  5.5971e-09  4.8555e-11      342   33  342     2     3      0   571  1.2e-07        -
 133  5.7428e-09  4.8555e-11      348   33  348     2     3      0   580  2.9e-07        -
 137   5.937e-09  4.8555e-11      356   33  356     2     3      0   592  5.2e-07        -
 139       6e-09  3.1504e-11 out  360   34  360     2     3      0   598  8.9e-09        -
 141  6.0945e-09  6.3008e-11      364   35  364     2     3      0   604  5.8e-08        -
 142  6.1494e-09  5.4876e-11      370   36  370     2     3      0   615    3e-08        -
 144  6.2537e-09  4.9389e-11      378   38  378     2     3      0   629  1.8e-08        -
 146  6.3524e-09  4.9389e-11      382   39  382     2     3      0   635  9.8e-08        -
 150  6.5491e-09   4.909e-11      390   39  390     2     3      0   650  6.8e-10        -
 153  6.6964e-09   4.909e-11      396   39  396     2     3      0   662  6.7e-10        -
 157  6.8927e-09   4.909e-11      404   39  404     2     3      0   678  6.5e-10        -
 160       7e-09  2.9095e-11 out  410   40  410     2     3      0   688  1.4e-08        -
 163  7.0873e-09  2.9095e-11      416   40  416     2     3      0   697    5e-08        -
 167  7.2037e-09  2.9095e-11      424   40  424     2     3      0   709    1e-07        -
 172  7.3491e-09  2.9095e-11      434   40  434     2     3      0   724  1.7e-07        -
 177  7.4828e-09  1.7241e-11      444   41  444     2     3      0   739  2.7e-10        -
 180   7.569e-09  3.4482e-11      450   42  450     2     3      0   748  4.3e-08        -
 184  7.7069e-09  3.4482e-11      458   42  458     2     3      0   760  1.7e-07        -
 186  7.7759e-09  3.4482e-11      462   42  462     2     3      0   766  2.3e-07        -
 189  7.8793e-09  3.4482e-11      468   42  468     2     3      0   775  3.1e-07        -
 192  7.9741e-09  2.5867e-11      478   43  478     2     3      0   792  1.7e-09        -
 194  8.0517e-09  5.1735e-11      482   45  482     2     3      0   798  5.3e-08        -
 195   8.098e-09  4.6294e-11      488   46  488     2     3      0   809  2.9e-08        -
 198  8.2369e-09  4.6294e-11      494   47  494     2     3      0   818  2.4e-07        -
 202  8.4221e-09  4.6294e-11      502   47  502     2     3      0   830  5.7e-07        -
 203   8.461e-09  3.8958e-11      508   48  508     2     3      0   841  9.2e-09        -
 205   8.539e-09  3.8958e-11      512   49  512     2     3      0   847  4.4e-08        -
 209  8.6948e-09  3.8958e-11      520   49  520     2     3      0   859  1.7e-07        -
 212  8.8117e-09  3.8958e-11      526   49  526     2     3      0   868  2.5e-07        -
 215  8.9285e-09  3.8958e-11      532   49  532     2     3      0   877  3.2e-07        -
 217       9e-09  3.5729e-11 out  540   49  540     2     3      0   893  1.5e-10        -
 219  9.1298e-09  5.8319e-11      548   51  548     2     3      0   907  5.4e-08        -
           当前进度:   8 % - 正在组装残差
 222  9.3047e-09  5.8319e-11      554   52  554     2     3      0   916  4.8e-07        -
 225  9.4607e-09  3.9314e-11      564   53  564     2     3      0   933  7.6e-09        -
 228  9.5786e-09  3.9314e-11      570   54  570     2     3      0   942  6.8e-08        -
 232  9.7359e-09  3.9314e-11      578   54  578     2     3      0   954  1.9e-07        -
 237  9.9325e-09  3.9314e-11      588   54  588     2     3      0   969  3.6e-07        -
 238  9.9662e-09  3.3774e-11      594   55  594     2     3      0   980  3.2e-09        -
 241  1.0068e-08  3.3774e-11      600   56  600     2     3      0   989  2.6e-08        -
 246  1.0236e-08  3.3774e-11      610   56  610     2     3      0  1004  8.3e-08        -
 250  1.0372e-08  3.3774e-11      618   56  618     2     3      0  1016  1.3e-07        -
 254    1.05e-08  3.0466e-11 out  630   56  630     2     3      0  1038  1.4e-10        -
 256  1.0561e-08  3.0466e-11      638   56  638     2     3      0  1054  1.3e-10        -
 259  1.0652e-08  3.0466e-11      650   56  650     2     3      0  1078  1.3e-10        -
 261  1.0713e-08  3.0466e-11      658   56  658     2     3      0  1094  1.3e-10        -
 264  1.0805e-08  3.0466e-11      670   56  670     2     3      0  1118  1.3e-10        -
 267  1.0896e-08  3.0466e-11      682   56  682     2     3      0  1142  1.3e-10        -
 268  1.0927e-08  3.0466e-11      686   56  686     2     3      0  1150  1.3e-10        -
 271     1.1e-08  2.1505e-11 out  694   57  694     2     3      0  1164  9.2e-10        -
 274  1.1129e-08  4.3011e-11      700   58  700     2     3      0  1173  5.3e-08        -
 278  1.1301e-08  4.3011e-11      708   58  708     2     3      0  1185  1.5e-07        -
 282  1.1465e-08  3.4945e-11      720   59  720     2     3      0  1205  2.1e-09        -
 285   1.157e-08  3.4945e-11      726   60  726     2     3      0  1214    2e-08        -
 289  1.1745e-08   6.989e-11      734   61  734     2     3      0  1226  7.3e-08        -
 291  1.1864e-08  5.9562e-11      742   63  742     2     3      0  1240  3.5e-08        -
 295  1.2077e-08  7.6699e-11      750   65  750     2     3      0  1252  1.3e-07        -
 297  1.2202e-08  6.2633e-11      758   67  758     2     3      0  1266  5.1e-08        -
 298  1.2258e-08   5.637e-11      764   68  764     2     3      0  1277    3e-08        -
 302  1.2464e-08  3.6278e-11      772   70  772     2     3      0  1289  3.5e-09        -
 305  1.2609e-08  7.2557e-11      778   71  778     2     3      0  1298  1.1e-07        -
 307  1.2731e-08  6.1207e-11      786   73  786     2     3      0  1312  4.8e-08        -
 308  1.2786e-08  5.5086e-11      792   74  792     2     3      0  1323  2.8e-08        -
 312     1.3e-08  5.1746e-11 out  802   75  802     2     3      0  1341  1.5e-09        -
 315  1.3155e-08  5.1746e-11      812   75  812     2     3      0  1361  1.9e-10        -
 318   1.331e-08  5.1746e-11      824   75  824     2     3      0  1385  1.9e-10        -
 321  1.3457e-08  4.3017e-11      838   76  838     2     3      0  1412  8.9e-09        -
 324  1.3586e-08  4.3017e-11      844   77  844     2     3      0  1421  8.4e-08        -
 329  1.3801e-08  4.3017e-11      854   77  854     2     3      0  1436  2.9e-07        -
 333  1.3965e-08  3.4914e-11      866   78  866     2     3      0  1456  4.4e-09        -
 337  1.4105e-08  3.4914e-11      874   79  874     2     3      0  1468  6.3e-08        -
 342  1.4279e-08  3.4914e-11      884   79  884     2     3      0  1483  1.8e-07        -
 346  1.4419e-08  3.4914e-11      892   79  892     2     3      0  1495  2.8e-07        -
 350  1.4523e-08  2.3057e-11      900   80  900     2     3      0  1507  8.9e-09        -
 355  1.4638e-08  2.3057e-11      910   80  910     2     3      0  1522    3e-08        -
 359  1.4731e-08  2.3057e-11      918   80  918     2     3      0  1534  4.7e-08        -
 364  1.4846e-08  2.3057e-11      928   80  928     2     3      0  1549  6.9e-08        -
 369  1.4961e-08  2.3057e-11      938   80  938     2     3      0  1564  8.9e-08        -
 371     1.5e-08  1.9427e-11 out  946   82  946     2     3      0  1578  4.6e-10        -
 375  1.5155e-08  3.8853e-11      954   83  954     2     3      0  1590  1.9e-07        -
-          当前进度:  10 % - 正在组装残差
 380   1.535e-08  3.8853e-11      964   83  964     2     3      0  1605  4.2e-07        -
 384    1.55e-08  3.6307e-11 out  976   83  976     2     3      0  1627  5.6e-11        -
 387  1.5609e-08  3.6307e-11      988   83  988     2     3      0  1651  5.7e-11        -
 390  1.5718e-08  3.6307e-11     1000   83 1000     2     3      0  1675  5.7e-11        -
 392  1.5804e-08   4.984e-11     1008   85 1008     2     4      0  1689  3.2e-08        -
 393  1.5849e-08  4.4856e-11     1014   86 1014     2     4      0  1700  1.9e-08        -
 396  1.5969e-08  3.0722e-11     1024   88 1024     2     4      0  1717  2.7e-09        -
 399  1.6113e-08  5.1362e-11     1034   91 1034     2     4      0  1734  3.4e-08        -
 403  1.6318e-08  5.1362e-11     1042   92 1042     2     4      0  1746  3.8e-07        -
 406   1.646e-08  3.9511e-11     1052   93 1052     2     4      0  1763    8e-09        -
 408  1.6559e-08  5.8661e-11     1058   96 1058     2     5      0  1772  5.7e-08        -
 410  1.6664e-08  5.2795e-11     1066   98 1066     2     5      0  1786  3.4e-08        -
 415  1.6928e-08  5.2795e-11     1076   98 1076     2     5      0  1801  7.1e-07        -
 417     1.7e-08  3.5888e-11 out 1084  100 1084     2     5      0  1815  4.9e-09        -
 421  1.7144e-08  3.5888e-11     1092  100 1092     2     5      0  1827  8.3e-08        -
 426  1.7323e-08  3.5888e-11     1102  100 1102     2     5      0  1842  1.8e-07        -
 431    1.75e-08  3.4673e-11 out 1114  100 1114     2     5      0  1863    7e-11        -
 434  1.7604e-08  3.4673e-11     1123  100 1123     2     5      0  1881  6.9e-11        -
 438  1.7743e-08  3.4673e-11     1135  100 1135     2     5      0  1905  6.7e-11        -
 442  1.7881e-08  3.4673e-11     1147  100 1147     2     5      0  1929  6.6e-11        -
 445  1.7975e-08  2.4626e-11     1159  101 1159     2     5      0  1952  4.2e-10        -
 448  1.8094e-08  4.4327e-11     1169  104 1169     2     5      0  1969  7.5e-09        -
 451  1.8218e-08  3.9894e-11     1179  105 1179     2     5      0  1988  3.8e-10        -
 454  1.8337e-08  3.9894e-11     1191  105 1191     2     5      0  2012  3.8e-10        -
 457  1.8457e-08  3.9894e-11     1203  105 1203     2     5      0  2036  3.8e-10        -
 461  1.8586e-08  4.2943e-11     1211  107 1211     2     5      0  2048  2.8e-08        -
 467  1.8844e-08  4.2943e-11     1223  107 1223     2     5      0  2066  1.6e-07        -
 470  1.8965e-08  3.5285e-11     1233  108 1233     2     5      0  2083  2.2e-09        -
 473  1.9106e-08   7.057e-11     1239  110 1239     2     5      0  2092  7.4e-08        -
 475  1.9225e-08  5.9576e-11     1247  112 1247     2     5      0  2106  3.3e-08        -
 479  1.9452e-08  4.8133e-11     1259  113 1259     2     5      0  2126  1.3e-08        -
 482  1.9596e-08  4.8133e-11     1265  114 1265     2     5      0  2135  1.2e-07        -
 487  1.9837e-08  4.8133e-11     1275  114 1275     2     5      0  2150  3.9e-07        -
 490  1.9967e-08  3.3403e-11     1285  115 1285     2     5      0  2167  2.2e-09        -
 493    2.01e-08  6.6806e-11     1291  117 1291     2     5      0  2176  7.2e-08        -
 495   2.022e-08  6.0125e-11     1299  119 1299     2     5      0  2190  4.2e-08        -
 496  2.0275e-08  5.4113e-11     1305  120 1305     2     5      0  2201  2.5e-08        -
 500  2.0468e-08  3.1544e-11     1313  122 1313     2     5      0  2213  1.7e-09        -
 504  2.0651e-08  5.5986e-11     1325  124 1325     2     5      0  2233    3e-08        -
 506  2.0757e-08  5.0387e-11     1333  126 1333     2     5      0  2247  1.8e-08        -
 510  2.0954e-08  4.5924e-11     1343  127 1343     2     5      0  2264  4.5e-10        -
 513  2.1092e-08  4.5924e-11     1355  127 1355     2     5      0  2288  4.3e-10        -
 516   2.123e-08  4.5924e-11     1369  128 1369     2     5      0  2315  1.5e-08        -
-          当前进度:  11 % - 
 519  2.1367e-08  4.5924e-11     1375  129 1375     2     5      0  2324  1.5e-07        -
 522    2.15e-08  4.3343e-11 out 1385  129 1385     2     5      0  2343  6.2e-11        -
 525   2.163e-08  4.3343e-11     1397  129 1397     2     5      0  2367    6e-11        -
 527  2.1717e-08  4.3343e-11     1405  129 1405     2     5      0  2383  5.9e-11        -
 530  2.1847e-08  4.3343e-11     1417  129 1417     2     5      0  2407  5.8e-11        -
 533  2.1967e-08  3.3285e-11     1431  130 1431     2     5      0  2434    6e-09        -
 537    2.21e-08  3.3285e-11     1439  131 1439     2     5      0  2446  8.2e-08        -
 543    2.23e-08  3.3285e-11     1451  131 1451     2     5      0  2464  2.3e-07        -
 547  2.2433e-08  3.3285e-11     1459  131 1459     2     5      0  2476  3.2e-07        -
 551  2.2534e-08   3.401e-11     1467  133 1467     2     5      0  2488  6.9e-09        -
 556  2.2704e-08   3.401e-11     1477  133 1477     2     5      0  2503  1.3e-07        -
 561  2.2874e-08   3.401e-11     1487  133 1487     2     5      0  2518  2.4e-07        -
 564  2.2971e-08  2.8937e-11     1497  134 1497     2     5      0  2535  2.5e-09        -
 566  2.3058e-08  5.7875e-11     1501  136 1501     2     5      0  2541  7.6e-08        -
 568  2.3154e-08  4.7893e-11     1509  138 1509     2     5      0  2555  2.8e-08        -
 570   2.324e-08  4.3104e-11     1517  140 1517     2     5      0  2569  1.5e-08        -
 575  2.3455e-08  4.3104e-11     1527  140 1527     2     5      0  2584  2.9e-07        -
 578  2.3545e-08   4.461e-11     1533  142 1533     2     5      0  2593  1.6e-08        -
 583  2.3768e-08   4.461e-11     1543  142 1543     2     5      0  2608  3.1e-07        -
 588  2.3973e-08  2.6952e-11     1553  143 1553     2     5      0  2623  1.2e-09        -
 592  2.4162e-08  5.3904e-11     1561  144 1561     2     5      0  2635  3.5e-07        -
 597  2.4431e-08  5.3904e-11     1571  144 1571     2     5      0  2651  1.7e-10        -
 601  2.4569e-08  3.4384e-11     1579  145 1579     2     5      0  2663  5.2e-08        -
 607  2.4775e-08  3.4384e-11     1591  145 1591     2     5      0  2681  1.5e-07        -
 611  2.4913e-08  3.4384e-11     1599  145 1599     2     5      0  2693  2.2e-07        -
 613  2.4973e-08  2.6504e-11     1607  146 1607     2     5      0  2707  8.1e-10        -
 616  2.5106e-08  5.3008e-11     1613  148 1613     2     5      0  2716  1.2e-07        -
 618  2.5207e-08  4.7708e-11     1621  149 1621     2     5      0  2730  1.4e-08        -
 622  2.5393e-08  4.2937e-11     1633  151 1633     2     5      0  2750  6.9e-09        -
 624  2.5468e-08  3.2135e-11     1641  153 1641     2     5      0  2764  1.5e-09        -
 628  2.5596e-08  3.2135e-11     1649  154 1649     2     5      0  2776  1.9e-08        -
 633  2.5757e-08  3.2135e-11     1659  154 1659     2     5      0  2791  4.7e-08        -
 638  2.5918e-08  3.2135e-11     1669  154 1669     2     5      0  2806  7.4e-08        -
 640  2.5975e-08  2.5054e-11     1677  155 1677     2     5      0  2820  4.1e-10        -
 643  2.6075e-08  5.0108e-11     1683  157 1683     2     5      0  2829  1.3e-08        -
 649  2.6376e-08  5.0108e-11     1695  157 1695     2     5      0  2847  3.3e-07        -
 651  2.6463e-08  3.7042e-11     1703  158 1703     2     5      0  2861  3.1e-09        -
 654  2.6635e-08  6.1062e-11     1713  161 1713     2     5      0  2878    4e-08        -
 658  2.6879e-08  6.1062e-11     1721  162 1721     2     5      0  2890  5.6e-07        -
 663  2.7181e-08  6.0302e-11     1731  162 1731     2     5      0  2910  2.2e-09        -
 668  2.7461e-08  3.8942e-11     1741  163 1741     2     5      0  2929  5.2e-09        -
 671    2.76e-08  6.0915e-11     1749  165 1749     2     6      0  2941  4.8e-08        -
 673   2.771e-08  5.4823e-11     1757  167 1757     2     6      0  2955  2.9e-08        -
 678  2.7964e-08  3.5603e-11     1767  168 1767     2     6      0  2970  3.4e-09        -
 681  2.8092e-08   5.626e-11     1775  170 1775     2     7      0  2982  3.4e-08        -
 683  2.8193e-08  5.0634e-11     1783  172 1783     2     7      0  2996    2e-08        -
 688  2.8446e-08  5.0634e-11     1793  172 1793     2     7      0  3011  4.6e-07        -
 691  2.8554e-08    5.37e-11     1799  174 1799     2     7      0  3020  3.2e-08        -
 693   2.865e-08   4.833e-11     1807  176 1807     2     7      0  3034  2.1e-08        -
-          当前进度:  12 % - 正在组装残差
 697  2.8844e-08   4.833e-11     1815  176 1815     2     7      0  3046  3.8e-07        -
 701     2.9e-08  2.9832e-11 out 1823  177 1823     2     7      0  3058  1.3e-08        -
 706  2.9149e-08  2.9832e-11     1833  177 1833     2     7      0  3073  6.8e-08        -
 710  2.9268e-08  2.9832e-11     1841  177 1841     2     7      0  3085  1.2e-07        -
 716  2.9447e-08  2.9832e-11     1853  177 1853     2     7      0  3103    2e-07        -
 718    2.95e-08  2.6263e-11 out 1861  179 1861     2     7      0  3117  1.9e-09        -
 723  2.9631e-08  2.6263e-11     1871  179 1871     2     7      0  3132  3.9e-08        -
 729  2.9789e-08  2.6263e-11     1883  179 1883     2     7      0  3150  8.1e-08        -
 734   2.992e-08  2.6263e-11     1893  179 1893     2     7      0  3165  1.1e-07        -
 738       3e-08  1.3635e-11 out 1901  180 1901     2     7      0  3177  3.3e-10        -
 742  3.0109e-08  2.7269e-11     1909  181 1909     2     7      0  3189  2.6e-08        -
 745  3.0237e-08  4.6207e-11     1919  183 1919     2     7      0  3206  2.8e-08        -
 747  3.0325e-08  4.1586e-11     1927  185 1927     2     7      0  3220  1.6e-08        -
 751  3.0475e-08  2.5179e-11     1935  187 1935     2     7      0  3232  1.2e-09        -
 755  3.0621e-08  4.5323e-11     1947  189 1947     2     7      0  3252  2.1e-08        -
 759  3.0802e-08  4.5323e-11     1955  190 1955     2     7      0  3264  2.4e-07        -
 763  3.0969e-08  3.0941e-11     1967  191 1967     2     7      0  3284  2.7e-09        -
 766  3.1093e-08  6.1881e-11     1973  193 1973     2     7      0  3293  8.5e-08        -
 768  3.1204e-08  5.5433e-11     1981  195 1981     2     7      0  3307  4.8e-08        -
 773  3.1463e-08  3.7291e-11     1995  196 1995     2     7      0  3330  6.6e-09        -
 776  3.1612e-08  7.4583e-11     2001  198 2001     2     7      0  3339  2.1e-07        -
 778  3.1737e-08  6.2402e-11     2009  200 2009     2     7      0  3353  8.7e-08        -
 782  3.1962e-08  3.8058e-11     2017  201 2017     2     7      0  3366  7.1e-09        -
 787  3.2152e-08  3.8058e-11     2027  201 2027     2     7      0  3381  1.4e-07        -
 793  3.2381e-08  3.8058e-11     2039  201 2039     2     7      0  3399    3e-07        -
 796  3.2478e-08  2.1654e-11     2045  202 2045     2     7      0  3408  2.9e-10        -
 799  3.2587e-08  4.3307e-11     2051  203 2051     2     7      0  3417  4.3e-08        -
 805  3.2846e-08  4.3307e-11     2063  203 2063     2     7      0  3435  2.4e-07        -
 808  3.2967e-08  3.3465e-11     2073  204 2073     2     7      0  3452  1.9e-09        -
 812    3.31e-08  3.3465e-11     2081  205 2081     2     7      0  3464  2.4e-08        -
 818  3.3301e-08  3.3465e-11     2093  205 2093     2     7      0  3482  6.6e-08        -
 824    3.35e-08   3.248e-11 out 2105  205 2105     2     7      0  3502  5.1e-10        -
 829  3.3695e-08   6.496e-11     2115  206 2115     2     7      0  3521  5.2e-08        -
 831  3.3812e-08  5.8346e-11     2123  208 2123     2     7      0  3535  3.1e-08        -
 836  3.4036e-08  3.5868e-11     2133  209 2133     2     7      0  3550  2.6e-08        -
 838   3.417e-08  6.2857e-11     2141  211 2141     2     7      0  3564    5e-08        -
 840   3.429e-08  5.6571e-11     2149  213 2149     2     7      0  3578  3.1e-08        -
 843  3.4452e-08  4.8484e-11     2159  215 2159     2     7      0  3595  1.4e-08        -
 845  3.4565e-08  6.5376e-11     2165  218 2165     2     8      0  3604  6.5e-08        -
 847  3.4683e-08  5.8839e-11     2173  220 2173     2     8      0  3618  3.9e-08        -
 852  3.4959e-08  4.0796e-11     2187  221 2187     2     8      0  3641  6.2e-09        -
 855  3.5102e-08  6.0885e-11     2195  224 2195     2     9      0  3653  4.6e-08        -
 857  3.5211e-08  5.4796e-11     2203  226 2203     2     9      0  3667  2.7e-08        -
 862  3.5465e-08  3.4771e-11     2213  227 2213     2     9      0  3682  2.9e-09        -
 866  3.5661e-08  5.6343e-11     2225  229 2225     2     9      0  3702  3.4e-08        -
 868  3.5768e-08  5.0709e-11     2233  231 2233     2     9      0  3716  2.1e-08        -
 872   3.596e-08  4.0084e-11     2245  233 2245     2     9      0  3736  7.3e-09        -
-          当前进度:  13 % - 正在组装残差
 876   3.612e-08  4.0084e-11     2253  234 2253     2     9      0  3748    1e-07        -
 881  3.6321e-08  4.0084e-11     2263  234 2263     2     9      0  3763  2.8e-07        -
 885   3.647e-08  2.9541e-11     2275  235 2275     2     9      0  3783  2.4e-09        -
 889  3.6589e-08  2.9541e-11     2283  236 2283     2     9      0  3795  3.3e-08        -
 894  3.6736e-08  2.9541e-11     2293  236 2293     2     9      0  3810  8.8e-08        -
 899  3.6884e-08  2.9541e-11     2303  236 2303     2     9      0  3825  1.5e-07        -
 903     3.7e-08  2.8446e-11 out 2313  236 2313     2     9      0  3843    2e-11        -
 907  3.7114e-08  2.8446e-11     2325  236 2325     2     9      0  3867    2e-11        -
 910  3.7199e-08  2.8446e-11     2334  236 2334     2     9      0  3885  1.9e-11        -
 914  3.7313e-08  2.8446e-11     2346  236 2346     2     9      0  3909  1.9e-11        -
 917  3.7398e-08  2.8446e-11     2355  236 2355     2     9      0  3927  2.2e-11        -
 920  3.7478e-08  2.2436e-11     2367  237 2367     2     9      0  3950  6.9e-10        -
 922  3.7545e-08  4.4872e-11     2371  239 2371     2     9      0  3956  2.2e-08        -
 928  3.7814e-08  4.4872e-11     2383  239 2383     2     9      0  3974  4.7e-07        -
 932  3.7974e-08  2.5641e-11     2391  240 2391     2     9      0  3986  1.1e-09        -
 935  3.8097e-08  4.6153e-11     2401  242 2401     2     9      0  4003    2e-08        -
 940  3.8328e-08  4.6153e-11     2411  243 2411     2     9      0  4018    3e-07        -
 942  3.8437e-08  6.2824e-11     2419  244 2419     2     9      0  4032  8.5e-08        -
 946  3.8594e-08  6.2824e-11     2427  246 2427     2     9      0  4044  7.9e-08        -
 948  3.8707e-08  5.6542e-11     2435  248 2435     2     9      0  4058  5.1e-08        -
 953  3.8967e-08  3.3256e-11     2445  249 2445     2     9      0  4073  3.6e-09        -
 957   3.916e-08  5.9861e-11     2457  251 2457     2     9      0  4093  6.8e-08        -
 961  3.9399e-08  5.9861e-11     2465  252 2465     2     9      0  4105  8.7e-07        -
 962   3.945e-08  5.0463e-11     2471  253 2471     2     9      0  4116  2.7e-08        -
 966  3.9651e-08  5.0463e-11     2479  254 2479     2     9      0  4128  3.1e-07        -
 971  3.9904e-08  5.0463e-11     2489  254 2489     2     9      0  4143  7.9e-07        -
 975  4.0096e-08  4.8147e-11     2501  254 2501     2     9      0  4167  3.7e-10        -
 978  4.0236e-08  4.3332e-11     2513  255 2513     2     9      0  4190  7.2e-09        -
 981  4.0366e-08  4.3332e-11     2519  256 2519     2     9      0  4199    6e-08        -
 985    4.05e-08  2.3708e-11 out 2527  257 2527     2     9      0  4211  1.5e-09        -
 989  4.0666e-08  4.7417e-11     2535  258 2535     2     9      0  4223  8.7e-08        -
 994  4.0903e-08  4.7417e-11     2545  258 2545     2     9      0  4238  2.8e-07        -
 998   4.105e-08  4.9543e-11     2553  260 2553     2     9      0  4250  1.2e-08        -
1003  4.1297e-08  4.9543e-11     2563  260 2563     2     9      0  4265  2.7e-07        -
1007  4.1473e-08  2.7057e-11     2571  261 2571     2     9      0  4277    7e-10        -
1011  4.1662e-08  5.4114e-11     2579  262 2579     2     9      0  4289  2.1e-07        -
1016  4.1933e-08  5.4114e-11     2589  262 2589     2     9      0  4304    7e-07        -
1019  4.2067e-08  6.7087e-11     2595  264 2595     2     9      0  4313  7.5e-08        -
1021  4.2188e-08  6.0378e-11     2603  266 2603     2     9      0  4327  4.5e-08        -
1026  4.2465e-08  3.5323e-11     2613  267 2613     2     9      0  4342  3.1e-09        -
1030  4.2666e-08  6.0295e-11     2625  269 2625     2     9      0  4362  4.7e-08        -
1032  4.2781e-08  5.4266e-11     2633  271 2633     2     9      0  4376  2.8e-08        -
1036  4.2972e-08  2.8189e-11     2641  273 2641     2     9      0  4388  1.1e-09        -
1040  4.3135e-08   5.074e-11     2653  275 2653     2     9      0  4408  2.2e-08        -
1045  4.3389e-08   5.074e-11     2663  276 2663     2     9      0  4423  4.1e-07        -
1049   4.356e-08  6.0251e-11     2671  278 2671     2     9      0  4435  6.7e-08        -
1051  4.3669e-08  5.4225e-11     2679  280 2679     2     9      0  4449  4.3e-08        -
1057   4.397e-08  3.0086e-11     2691  281 2691     2     9      0  4467  2.8e-09        -
-          当前进度:  15 % - 
1062   4.412e-08  3.0086e-11     2701  281 2701     2     9      0  4482  6.2e-08        -
1068  4.4301e-08  3.0086e-11     2713  281 2713     2     9      0  4500  1.4e-07        -
1074  4.4476e-08  2.4358e-11     2729  282 2729     2     9      0  4526  1.1e-09        -
1077  4.4593e-08  4.3844e-11     2739  285 2739     2     9      0  4543    2e-08        -
1081  4.4768e-08  4.3844e-11     2747  286 2747     2     9      0  4555  2.5e-07        -
1086  4.4972e-08  2.8343e-11     2757  287 2757     2     9      0  4570  2.1e-09        -
1089  4.5106e-08   4.899e-11     2767  289 2767     2     9      0  4587  3.2e-08        -
1092  4.5253e-08   4.899e-11     2773  290 2773     2     9      0  4596  2.6e-07        -
1097  4.5474e-08  2.5699e-11     2783  291 2783     2     9      0  4611  1.1e-09        -
1100  4.5577e-08  5.1398e-11     2789  292 2789     2     9      0  4620  3.4e-08        -
1105  4.5834e-08  5.1398e-11     2799  292 2799     2     9      0  4635  6.4e-07        -
1109     4.6e-08  3.1559e-11 out 2807  293 2807     2     9      0  4647  1.4e-08        -
1111   4.612e-08  5.6806e-11     2815  295 2815     2     9      0  4661  5.3e-08        -
1115  4.6347e-08  5.6806e-11     2823  296 2823     2     9      0  4673  6.8e-07        -
1118    4.65e-08  4.8023e-11 out 2833  298 2833     2     9      0  4690  2.5e-08        -
1122  4.6692e-08  4.8023e-11     2841  298 2841     2     9      0  4702  4.1e-07        -
1127  4.6932e-08  4.8023e-11     2851  298 2851     2     9      0  4717  9.1e-07        -
1129     4.7e-08  3.3896e-11 out 2859  300 2859     2     9      0  4731  3.3e-09        -
1134  4.7169e-08  3.3896e-11     2869  300 2869     2     9      0  4746  6.5e-08        -
1140  4.7373e-08  3.3896e-11     2881  300 2881     2     9      0  4764  1.4e-07        -
1143   4.747e-08  2.9678e-11     2891  301 2891     2     9      0  4781  1.2e-09        -
1146  4.7609e-08  4.9509e-11     2901  304 2901     2     9      0  4798  1.5e-08        -
1149  4.7747e-08  4.4559e-11     2911  305 2911     2     9      0  4817  4.7e-10        -
1152  4.7881e-08  4.4559e-11     2923  305 2923     2     9      0  4841  4.4e-10        -
1154  4.7963e-08  3.7137e-11     2933  306 2933     2     9      0  4860  3.2e-09        -
1158  4.8111e-08  3.7137e-11     2941  307 2941     2     9      0  4872  3.9e-08        -
1163  4.8297e-08  3.7137e-11     2951  307 2951     2     9      0  4887  9.9e-08        -
1168  4.8473e-08  2.7178e-11     2965  308 2965     2     9      0  4910  6.5e-10        -
1171  4.8609e-08  5.4356e-11     2971  310 2971     2     9      0  4919  1.1e-07        -
1177  4.8935e-08  5.4356e-11     2983  310 2983     2     9      0  4937  6.5e-07        -
1180  4.9033e-08  3.2577e-11     2989  311 2989     2     9      0  4946  1.8e-08        -
1182  4.9156e-08  5.8639e-11     2997  313 2997     2     9      0  4960  3.8e-08        -
1187  4.9445e-08  5.4538e-11     3009  314 3009     2     9      0  4980  2.3e-10        -
1190  4.9609e-08  5.4538e-11     3021  314 3021     2     9      0  5004  2.2e-10        -
1193  4.9773e-08  5.4538e-11     3033  314 3033     2     9      0  5028  2.1e-10        -
1195  4.9882e-08  5.4538e-11     3041  314 3041     2     9      0  5044  2.1e-10        -
1198       5e-08  3.1848e-11 out 3049  315 3049     2     9      0  5058    1e-08        -
1200  5.0121e-08  5.7326e-11     3057  317 3057     2     9      0  5072  3.8e-08        -
1204   5.035e-08  5.7326e-11     3065  318 3065     2     9      0  5084  5.1e-07        -
1207    5.05e-08  4.6176e-11 out 3075  320 3075     2     9      0  5101  1.4e-08        -
1212  5.0731e-08  4.6176e-11     3085  320 3085     2     9      0  5116  3.2e-07        -
1217  5.0958e-08   4.221e-11     3097  320 3097     2     9      0  5136  9.1e-11        -
1220  5.1084e-08   4.221e-11     3109  320 3109     2     9      0  5160  7.2e-11        -
1223  5.1211e-08   4.221e-11     3121  320 3121     2     9      0  5184  5.5e-11        -
1226  5.1338e-08   4.221e-11     3133  320 3133     2     9      0  5208    3e-11        -
-          当前进度:  16 % - 预处理
1229  5.1461e-08  3.8951e-11     3147  321 3147     2     9      0  5235    1e-08        -
1234  5.1656e-08  3.8951e-11     3157  322 3157     2     9      0  5250  1.8e-07        -
1240   5.189e-08  3.8951e-11     3169  322 3169     2     9      0  5268  4.3e-07        -
1243     5.2e-08   3.577e-11 out 3179  322 3179     2     9      0  5287  6.6e-12        -
1246  5.2107e-08   3.577e-11     3191  322 3191     2     9      0  5311  6.4e-12        -
1249  5.2215e-08   3.577e-11     3203  322 3203     2     9      0  5335  3.4e-12        -
1251  5.2286e-08   3.577e-11     3211  322 3211     2     9      0  5351  8.1e-13        -
1254  5.2393e-08   3.577e-11     3223  322 3223     2     9      0  5375  3.7e-12        -
1257    5.25e-08  3.5379e-11 out 3235  322 3235     2     9      0  5399  1.6e-11        -
1260  5.2606e-08  3.5379e-11     3247  322 3247     2     9      0  5423  2.6e-11        -
1263  5.2712e-08  3.5379e-11     3259  322 3259     2     9      0  5447  4.1e-11        -
1265  5.2815e-08  4.8821e-11     3269  325 3269     2    10      0  5464  2.7e-08        -
1268  5.2956e-08  4.3507e-11     3279  327 3279     2    10      0  5481  1.5e-08        -
1270  5.3058e-08  5.8324e-11     3285  330 3285     2    11      0  5490  6.1e-08        -
1272  5.3163e-08  5.2491e-11     3293  332 3293     2    11      0  5504  3.7e-08        -
1278  5.3463e-08  3.7119e-11     3309  333 3309     2    11      0  5530  6.6e-09        -
1281  5.3637e-08  6.2484e-11     3319  336 3319     2    11      0  5547  8.9e-08        -
1285  5.3887e-08  6.2484e-11     3327  337 3327     2    11      0  5560  3.9e-10        -
1287     5.4e-08  5.6672e-11 out 3335  339 3335     2    11      0  5574  5.4e-08        -
1293   5.434e-08  5.6672e-11     3347  339 3347     2    11      0  5594    4e-10        -
1296    5.45e-08  5.1649e-11 out 3357  339 3357     2    11      0  5614  4.2e-10        -
1299  5.4655e-08  5.1649e-11     3369  339 3369     2    11      0  5638  4.5e-10        -
1302   5.481e-08  5.1649e-11     3381  339 3381     2    11      0  5662  4.8e-10        -
1304  5.4908e-08  4.6485e-11     3391  340 3391     2    11      0  5681  1.1e-08        -
1308  5.5092e-08  4.5985e-11     3399  341 3399     2    11      0  5693  1.3e-07        -
1312  5.5276e-08  4.5985e-11     3407  341 3407     2    11      0  5705  2.7e-07        -
1317    5.55e-08  4.3069e-11 out 3419  341 3419     2    11      0  5726  5.3e-10        -
1321  5.5672e-08  4.3069e-11     3431  341 3431     2    11      0  5750  5.5e-10        -
1324  5.5801e-08  4.3069e-11     3440  341 3440     2    11      0  5768  5.7e-10        -
1328  5.5965e-08  3.4653e-11     3455  342 3455     2    11      0  5797  2.2e-09        -
1331  5.6104e-08  6.9305e-11     3461  344 3461     2    11      0  5806  7.4e-08        -
1332  5.6166e-08  6.1669e-11     3467  345 3467     2    11      0  5817  4.2e-08        -
1334  5.6283e-08  5.5502e-11     3475  347 3475     2    11      0  5831  2.6e-08        -
1338    5.65e-08  5.3098e-11 out 3485  348 3485     2    11      0  5849  4.3e-10        -
1340  5.6627e-08  6.0158e-11     3495  351 3495     2    12      0  5866  4.3e-08        -
1343  5.6815e-08  6.7266e-11     3503  354 3503     2    13      0  5880  7.6e-08        -
1345  5.6938e-08   6.244e-11     3511  356 3511     2    13      0  5894  5.6e-08        -
1349  5.7094e-08   6.244e-11     3519  358 3519     2    13      0  5906  5.8e-08        -
1351  5.7206e-08  5.6196e-11     3527  360 3527     2    13      0  5920  3.4e-08        -
1356  5.7465e-08  3.4584e-11     3537  361 3537     2    13      0  5935  2.9e-09        -
1360  5.7663e-08   5.921e-11     3549  363 3549     2    13      0  5955  4.4e-08        -
-          当前进度:  17 % - 求解线性方程组
1362  5.7775e-08  5.3289e-11     3557  365 3557     2    13      0  5969  2.7e-08        -
1366  5.7968e-08  3.2338e-11     3565  367 3565     2    13      0  5981  2.3e-09        -
1370  5.8097e-08  3.2338e-11     3573  367 3573     2    13      0  5993  4.3e-08        -
1374  5.8226e-08  3.2338e-11     3581  367 3581     2    13      0  6005  8.7e-08        -
1379  5.8388e-08  3.2338e-11     3591  367 3591     2    13      0  6020  1.4e-07        -
1382  5.8476e-08  2.3637e-11     3601  368 3601     2    13      0  6037  6.8e-10        -
1385  5.8571e-08  4.7273e-11     3607  370 3607     2    13      0  6046  2.3e-08        -
1390  5.8807e-08  4.7273e-11     3617  370 3617     2    13      0  6061    5e-07        -
1394  5.8975e-08  2.5452e-11     3625  371 3625     2    13      0  6073  1.2e-09        -
1399  5.9102e-08  2.5452e-11     3635  371 3635     2    13      0  6088  2.4e-08        -
1404  5.9229e-08  2.5452e-11     3645  371 3645     2    13      0  6103  4.7e-08        -
1407  5.9351e-08  4.5813e-11     3655  373 3655     2    13      0  6120  2.2e-08        -
1410  5.9471e-08  2.8568e-11     3661  375 3661     2    13      0  6129  2.1e-09        -
1415  5.9614e-08  2.8568e-11     3671  375 3671     2    13      0  6144  4.2e-08        -
1417  5.9719e-08  4.7935e-11     3679  377 3679     2    13      0  6158  2.7e-08        -
1419   5.981e-08  4.3141e-11     3687  379 3687     2    13      0  6172  1.6e-08        -
1423   5.997e-08  3.0077e-11     3699  381 3699     2    13      0  6192  2.5e-09        -
1426   6.009e-08  6.0155e-11     3705  383 3705     2    13      0  6201  7.6e-08        -
1428  6.0194e-08  5.1973e-11     3713  385 3713     2    13      0  6215  3.8e-08        -
1429  6.0241e-08  4.6776e-11     3719  386 3719     2    13      0  6226  2.1e-08        -
1431   6.035e-08  5.1502e-11     3729  389 3729     2    14      0  6243  3.1e-08        -
1433  6.0453e-08   4.683e-11     3739  392 3739     2    15      0  6260  1.9e-08        -
1436  6.0607e-08  6.0393e-11     3747  395 3747     2    16      0  6272  7.5e-08        -
1438  6.0724e-08  6.2813e-11     3757  398 3757     2    17      0  6290  9.1e-08        -
1440  6.0837e-08  5.6531e-11     3765  400 3765     2    17      0  6304  5.5e-08        -
1443     6.1e-08  5.3009e-11 out 3775  400 3775     2    17      0  6323  8.9e-11        -
1446  6.1159e-08  5.3009e-11     3787  400 3787     2    17      0  6347  8.6e-11        -
1449  6.1318e-08  5.3009e-11     3799  400 3799     2    17      0  6371  8.5e-11        -
1452  6.1462e-08  3.7965e-11     3813  401 3813     2    17      0  6398  6.8e-09        -
1456  6.1614e-08  3.7965e-11     3821  402 3821     2    17      0  6410  8.2e-08        -
1461  6.1804e-08  3.7965e-11     3831  402 3831     2    17      0  6425  2.1e-07        -
1466  6.1978e-08  2.2207e-11     3841  403 3841     2    17      0  6440  3.3e-10        -
1470  6.2133e-08  4.4415e-11     3849  404 3849     2    17      0  6452  8.5e-08        -
1474  6.2311e-08  4.4415e-11     3857  404 3857     2    17      0  6464  2.3e-07        -
1478  6.2472e-08  2.7925e-11     3865  405 3865     2    17      0  6476  7.7e-10        -
1482  6.2634e-08  5.0266e-11     3875  406 3875     2    17      0  6493  6.1e-10        -
1484  6.2735e-08  5.0266e-11     3883  406 3883     2    17      0  6509  6.1e-10        -
1487  6.2885e-08  5.0266e-11     3895  406 3895     2    17      0  6533    6e-10        -
1490     6.3e-08  3.2182e-11 out 3903  407 3903     2    17      0  6547  7.1e-09        -
1492  6.3122e-08  5.7928e-11     3911  409 3911     2    17      0  6561  2.7e-08        -
1496  6.3354e-08  5.7928e-11     3919  410 3919     2    17      0  6573  3.6e-07        -
1498  6.3456e-08  4.4035e-11     3927  411 3927     2    17      0  6587  7.7e-09        -
1501  6.3611e-08  6.6601e-11     3935  414 3935     2    18      0  6599  6.4e-08        -
-          当前进度:  19 % - 正在组装残差
1503  6.3731e-08  5.9941e-11     3943  416 3943     2    18      0  6613    4e-08        -
1507  6.3955e-08  4.4831e-11     3955  417 3955     2    18      0  6633    1e-08        -
1509  6.4069e-08  6.8787e-11     3961  420 3961     2    19      0  6642  8.7e-08        -
1511  6.4193e-08  6.1909e-11     3969  422 3969     2    19      0  6656  5.3e-08        -
1516    6.45e-08  6.0835e-11 out 3979  422 3979     2    19      0  6673  1.3e-09        -
1521  6.4804e-08  6.0835e-11     3989  422 3989     2    19      0  6693    9e-10        -
1525     6.5e-08  3.7078e-11 out 3997  423 3997     2    19      0  6707  2.1e-08        -
1528  6.5175e-08  6.3622e-11     4007  425 4007     2    19      0  6724  6.5e-08        -
1530  6.5296e-08  5.7259e-11     4015  427 4015     2    19      0  6738    4e-08        -
1533  6.5455e-08  4.4872e-11     4025  429 4025     2    19      0  6755  1.2e-08        -
1537  6.5635e-08  4.4872e-11     4033  430 4033     2    19      0  6767  1.7e-07        -
1543  6.5904e-08  4.4872e-11     4045  430 4045     2    19      0  6785  5.2e-07        -
1547  6.6051e-08  5.1277e-11     4053  432 4053     2    19      0  6797    3e-08        -
1551  6.6256e-08  5.1277e-11     4061  432 4061     2    19      0  6809  5.5e-07        -
1555  6.6455e-08  4.4894e-11     4073  433 4073     2    19      0  6829  1.8e-08        -
1558   6.659e-08  4.4894e-11     4079  434 4079     2    19      0  6838  1.6e-07        -
1564  6.6859e-08  4.4894e-11     4091  434 4091     2    19      0  6856  5.6e-07        -
1569  6.7026e-08  2.5532e-11     4101  435 4101     2    19      0  6871  9.2e-09        -
1572  6.7179e-08  5.1063e-11     4107  436 4107     2    19      0  6880  2.9e-07        -
1578  6.7467e-08   3.298e-11     4119  437 4119     2    19      0  6898  3.7e-09        -
1581  6.7623e-08  5.7494e-11     4129  439 4129     2    19      0  6915  5.8e-08        -
1586  6.7911e-08  5.7494e-11     4139  440 4139     2    19      0  6930  8.6e-07        -
1588     6.8e-08  4.4538e-11 out 4147  442 4147     2    19      0  6944  1.5e-08        -
1590   6.811e-08  6.5517e-11     4153  444 4153     2    20      0  6953    1e-07        -
1592  6.8287e-08  1.1793e-10     4160  446 4160     2    20      0  6964        0        -
1598    7.05e-08       5e-10 out 4166  448 4166     2    20      0  6964        0        -
1607     7.5e-08       5e-10 out 4175  448 4175     2    20      0  6964        0        -
1617       8e-08       5e-10 out 4185  448 4185     2    20      0  6964        0        -
1627     8.5e-08       5e-10 out 4195  448 4195     2    20      0  6964        0        -
1635     8.9e-08       5e-10 out 4203  448 4203     2    20      0  6964        0        -
1645     9.4e-08       5e-10 out 4213  448 4213     2    20      0  6964        0        -
1655     9.9e-08       5e-10 out 4223  448 4223     2    20      0  6964        0        -
1664   1.035e-07       5e-10 out 4232  448 4232     2    20      0  6964        0        -
1674   1.085e-07       5e-10 out 4242  448 4242     2    20      0  6964        0        -
1684   1.135e-07       5e-10 out 4252  448 4252     2    20      0  6964        0        -
1689    1.16e-07       5e-10 out 4257  448 4257     2    20      0  6964        0        -
1694   1.185e-07       5e-10 out 4262  448 4262     2    20      0  6964        0        -
1704   1.235e-07       5e-10 out 4272  448 4272     2    20      0  6964        0        -
1711    1.27e-07       5e-10 out 4279  448 4279     2    20      0  6964        0        -
1721    1.32e-07       5e-10 out 4289  448 4289     2    20      0  6964        0        -
1730   1.365e-07       5e-10 out 4298  448 4298     2    20      0  6964        0        -
1739    1.41e-07       5e-10 out 4307  448 4307     2    20      0  6964        0        -
1749    1.46e-07       5e-10 out 4317  448 4317     2    20      0  6964        0        -
1758   1.505e-07       5e-10 out 4326  448 4326     2    20      0  6964        0        -
1767    1.55e-07       5e-10 out 4335  448 4335     2    20      0  6964        0        -
1776   1.595e-07       5e-10 out 4344  448 4344     2    20      0  6964        0        -
1784   1.635e-07       5e-10 out 4352  448 4352     2    20      0  6964        0        -
1794   1.685e-07       5e-10 out 4362  448 4362     2    20      0  6964        0        -
1804   1.735e-07       5e-10 out 4372  448 4372     2    20      0  6964        0        -
1812   1.775e-07       5e-10 out 4380  448 4380     2    20      0  6964        0        -
1822   1.825e-07       5e-10 out 4390  448 4390     2    20      0  6964        0        -
----       当前进度:  42 % - 正在组装残差
1832   1.875e-07       5e-10 out 4400  448 4400     2    20      0  6964        0        -
1841    1.92e-07       5e-10 out 4409  448 4409     2    20      0  6964        0        -
1850   1.965e-07       5e-10 out 4418  448 4418     2    20      0  6964        0        -
1857       2e-07       5e-10 out 4425  448 4425     2    20      0  6964        0        -
1866   2.045e-07       5e-10 out 4434  448 4434     2    20      0  6964        0        -
1876   2.095e-07       5e-10 out 4444  448 4444     2    20      0  6964        0        -
1884   2.135e-07       5e-10 out 4452  448 4452     2    20      0  6964        0        -
1892   2.175e-07       5e-10 out 4460  448 4460     2    20      0  6964        0        -
1902   2.225e-07       5e-10 out 4470  448 4470     2    20      0  6964        0        -
1911    2.27e-07       5e-10 out 4479  448 4479     2    20      0  6964        0        -
1920   2.315e-07       5e-10 out 4488  448 4488     2    20      0  6964        0        -
1929    2.36e-07       5e-10 out 4497  448 4497     2    20      0  6964        0        -
1939    2.41e-07       5e-10 out 4507  448 4507     2    20      0  6964        0        -
1947    2.45e-07       5e-10 out 4515  448 4515     2    20      0  6964        0        -
1956   2.495e-07       5e-10 out 4524  448 4524     2    20      0  6964        0        -
1965    2.54e-07       5e-10 out 4533  448 4533     2    20      0  6964        0        -
1974   2.585e-07       5e-10 out 4542  448 4542     2    20      0  6964        0        -
1984   2.635e-07       5e-10 out 4552  448 4552     2    20      0  6964        0        -
1994   2.685e-07       5e-10 out 4562  448 4562     2    20      0  6964        0        -
2003    2.73e-07       5e-10 out 4571  448 4571     2    20      0  6964        0        -
2013    2.78e-07       5e-10 out 4581  448 4581     2    20      0  6964        0        -
2021    2.82e-07       5e-10 out 4589  448 4589     2    20      0  6964        0        -
2030   2.865e-07       5e-10 out 4598  448 4598     2    20      0  6964        0        -
2040   2.915e-07       5e-10 out 4608  448 4608     2    20      0  6964        0        -
2048   2.955e-07       5e-10 out 4616  448 4616     2    20      0  6964        0        -
2058   3.005e-07       5e-10 out 4626  448 4626     2    20      0  6964        0        -
2068   3.055e-07       5e-10 out 4636  448 4636     2    20      0  6964        0        -
2077     3.1e-07       5e-10 out 4645  448 4645     2    20      0  6964        0        -
2087    3.15e-07       5e-10 out 4655  448 4655     2    20      0  6964        0        -
2097     3.2e-07       5e-10 out 4665  448 4665     2    20      0  6964        0        -
2106   3.245e-07       5e-10 out 4674  448 4674     2    20      0  6964        0        -
2116   3.295e-07       5e-10 out 4684  448 4684     2    20      0  6964        0        -
2126   3.345e-07       5e-10 out 4694  448 4694     2    20      0  6964        0        -
2134   3.385e-07       5e-10 out 4702  448 4702     2    20      0  6964        0        -
2142   3.425e-07       5e-10 out 4710  448 4710     2    20      0  6964        0        -
2150   3.465e-07       5e-10 out 4718  448 4718     2    20      0  6964        0        -
2158   3.505e-07       5e-10 out 4726  448 4726     2    20      0  6964        0        -
2167    3.55e-07       5e-10 out 4735  448 4735     2    20      0  6964        0        -
2177     3.6e-07       5e-10 out 4745  448 4745     2    20      0  6964        0        -
2185    3.64e-07       5e-10 out 4753  448 4753     2    20      0  6964        0        -
2194   3.685e-07       5e-10 out 4762  448 4762     2    20      0  6964        0        -
2202   3.725e-07       5e-10 out 4770  448 4770     2    20      0  6964        0        -
2209    3.76e-07       5e-10 out 4777  448 4777     2    20      0  6964        0        -
2217     3.8e-07       5e-10 out 4785  448 4785     2    20      0  6964        0        -
2226   3.845e-07       5e-10 out 4794  448 4794     2    20      0  6964        0        -
2234   3.885e-07       5e-10 out 4802  448 4802     2    20      0  6964        0        -
2243    3.93e-07       5e-10 out 4811  448 4811     2    20      0  6964        0        -
2252   3.975e-07       5e-10 out 4820  448 4820     2    20      0  6964        0        -
2260   4.015e-07       5e-10 out 4828  448 4828     2    20      0  6964        0        -
2269    4.06e-07       5e-10 out 4837  448 4837     2    20      0  6964        0        -
2278   4.105e-07       5e-10 out 4846  448 4846     2    20      0  6964        0        -
2286   4.145e-07       5e-10 out 4854  448 4854     2    20      0  6964        0        -
2295    4.19e-07       5e-10 out 4863  448 4863     2    20      0  6964        0        -
2304   4.235e-07       5e-10 out 4872  448 4872     2    20      0  6964        0        -
--------   当前进度:  86 % - 正在组装残差
2311    4.27e-07       5e-10 out 4879  448 4879     2    20      0  6964        0        -
2320   4.315e-07       5e-10 out 4888  448 4888     2    20      0  6964        0        -
2329    4.36e-07       5e-10 out 4897  448 4897     2    20      0  6964        0        -
2336   4.395e-07       5e-10 out 4904  448 4904     2    20      0  6964        0        -
2345    4.44e-07       5e-10 out 4913  448 4913     2    20      0  6964        0        -
2353    4.48e-07       5e-10 out 4921  448 4921     2    20      0  6964        0        -
2362   4.525e-07       5e-10 out 4930  448 4930     2    20      0  6964        0        -
2371    4.57e-07       5e-10 out 4939  448 4939     2    20      0  6964        0        -
2380   4.615e-07       5e-10 out 4948  448 4948     2    20      0  6964        0        -
2389    4.66e-07       5e-10 out 4957  448 4957     2    20      0  6964        0        -
2398   4.705e-07       5e-10 out 4966  448 4966     2    20      0  6964        0        -
2407    4.75e-07       5e-10 out 4975  448 4975     2    20      0  6964        0        -
2416   4.795e-07       5e-10 out 4984  448 4984     2    20      0  6964        0        -
2426   4.845e-07       5e-10 out 4994  448 4994     2    20      0  6964        0        -
2434   4.885e-07       5e-10 out 5002  448 5002     2    20      0  6964        0        -
2442   4.925e-07       5e-10 out 5010  448 5010     2    20      0  6964        0        -
2451    4.97e-07       5e-10 out 5019  448 5019     2    20      0  6964        0        -
2457       5e-07       5e-10 out 5025  448 5025     2    20      0  6964        0        -
---------- 当前进度: 100 % - 
求解时间：4 s。
物理内存: 1.22 GB
虚拟内存: 1.23 GB
结束时间：2026年9月4日 10:11:38。
----- Study 2 - Single_Muon_Diagnostic/解 2 (sol2) 中的“瞬态求解器 1” ----------------->
           当前进度:   0 % - 
-          当前进度:  13 % - 正在计算
Memory: 1222/1521 1229/1936
--         当前进度:  21 % - 正在计算
--         当前进度:  29 % - 正在计算
---        当前进度:  39 % - 正在计算
Memory: 1223/1521 1230/1936
----       当前进度:  49 % - 正在计算
-----      当前进度:  58 % - 正在计算
------     当前进度:  67 % - 正在计算
-------    当前进度:  77 % - 正在计算
--------   当前进度:  86 % - 正在计算
---------  当前进度:  95 % - 正在计算
---------- 当前进度: 100 % - 正在计算
           当前进度:   0 % - 
---        当前进度:  34 % - 正在计算
---------  当前进度:  95 % - 正在计算
Memory: 1219/1521 1226/1936
BRIDGE_CASE_COMPLETE=bridge_gap40p4_n1e23_V23_5kV
BRIDGE_CASE_START=bridge_gap40p4_V12_1kV_V23_5kV
           当前进度:   0 % - Study 1 - 3D Electrostatics stationary
           当前进度:   3 % - Study 1 - 3D Electrostatics stationary
Memory: 1227/1521 1234/1936
<---- Study 1 - 3D Electrostatics stationary/解 1 (sol1) 中的“编译方程: 稳态” -----------
开始于 2026年9月4日 10:11:42。
几何形函数: 二次拉格朗日单元
几何形函数: 二次拉格朗日单元
在 Intel64 Family 6 Model 186 Stepping 2, GenuineIntel 上运行。
在以下位置使用 1 个插槽： 陈红星 上（共 1 个内核）。
可用内存：15.90 GB。
           当前进度:   3 % - 编译方程: 稳态
           当前进度:   6 % - 编译方程: 稳态
Memory: 1245/1521 1253/1936
           当前进度:   7 % - 编译方程: 稳态
Memory: 1246/1521 1254/1936
时间：1。
物理内存: 1.25 GB
虚拟内存: 1.25 GB
Warning: 自由空间采用真空条件，这会导致某些材料属性被忽略。请考虑为忽略的材料添加合适的物理场特征。

  - 节点: 自由空间 1

  - 物理场: Electrostatics: four finite-thickness rounded ring electrodes (es)

  - Materials: Natural Neon gas, representative relative permittivity (mat_gas), Representative alumina ceramic; epsilon_r=9.4 assumption (mat_diel)

  - Quantities: 相对介电常数, 相对介电常数
结束时间：2026年9月4日 10:11:43。
----- Study 1 - 3D Electrostatics stationary/解 1 (sol1) 中的“编译方程: 稳态” ---------->
<---- Study 1 - 3D Electrostatics stationary/解 1 (sol1) 中的“因变量 1” --------------
开始于 2026年9月4日 10:11:43。
           当前进度:   7 % - 因变量 1
求解时间：1 s。
物理内存: 1.25 GB
虚拟内存: 1.25 GB
结束时间：2026年9月4日 10:11:44。
----- Study 1 - 3D Electrostatics stationary/解 1 (sol1) 中的“因变量 1” ------------->
<---- Study 1 - 3D Electrostatics stationary/解 1 (sol1) 中的“稳态求解器 1” ------------
开始于 2026年9月4日 10:11:44。
线性求解器 
求解的自由度数：106954。
--         当前进度:  24 % - 组装稀疏模式
Memory: 1257/1521 1265/1936
---        当前进度:  36 % - 组装矩阵
Memory: 1279/1521 1291/1936
找到对称矩阵。
缩放因变量：
电势 (comp1.V): 1
已使用正交零空间函数。
---        当前进度:  38 % - 组装延展
Memory: 1323/1521 1341/1936
-----      当前进度:  56 % - 组装矩阵
Memory: 1306/1521 1320/1936
Iter      SolEst     Damping    Stepsize #Res #Jac #Sol LinIt   LinErr   LinRes
--------   当前进度:  82 % - 求解线性方程组
Memory: 1321/1521 1341/1936
   1        0.79   1.0000000        0.79    1    1    1     4  1.6e-05  2.9e-08
---------- 当前进度: 100 % - 
Memory: 1299/1521 1314/1936
求解时间：3 s。
物理内存: 1.32 GB
虚拟内存: 1.34 GB
结束时间：2026年9月4日 10:11:47。
----- Study 1 - 3D Electrostatics stationary/解 1 (sol1) 中的“稳态求解器 1” ----------->
           当前进度:   0 % - Study 2 - Single_Muon_Diagnostic
           当前进度:   3 % - Study 2 - Single_Muon_Diagnostic
Memory: 1377/1521 1992/1992
<---- Study 2 - Single_Muon_Diagnostic/解 2 (sol2) 中的“编译方程: 瞬态” -----------------
开始于 2026年9月4日 10:11:48。
几何形函数: 二次拉格朗日单元
几何形函数: 二次拉格朗日单元
在 Intel64 Family 6 Model 186 Stepping 2, GenuineIntel 上运行。
在以下位置使用 1 个插槽： 陈红星 上（共 1 个内核）。
可用内存：15.90 GB。
           当前进度:   3 % - 生成方程
Memory: 1510/1521 1986/1992
           当前进度:   4 % - 编译方程: 瞬态
Memory: 1595/1595 1996/1996
           当前进度:   5 % - 编译方程: 瞬态
Memory: 1592/1608 1994/2011
时间：1。
物理内存: 1.69 GB
虚拟内存: 2.01 GB
Warning: 自由空间采用真空条件，这会导致某些材料属性被忽略。请考虑为忽略的材料添加合适的物理场特征。

  - 节点: 自由空间 1

  - 物理场: Electrostatics: four finite-thickness rounded ring electrodes (es)

  - Materials: Natural Neon gas, representative relative permittivity (mat_gas), Representative alumina ceramic; epsilon_r=9.4 assumption (mat_diel)

  - Quantities: 相对介电常数, 相对介电常数
结束时间：2026年9月4日 10:11:49。
----- Study 2 - Single_Muon_Diagnostic/解 2 (sol2) 中的“编译方程: 瞬态” ---------------->
<---- Study 2 - Single_Muon_Diagnostic/解 2 (sol2) 中的“因变量 1” --------------------
开始于 2026年9月4日 10:11:49。
不求解变量的值: 解 1 (sol1).
           当前进度:   5 % - 因变量 1
Memory: 1679/1691 1971/2011
求解时间：1 s。
物理内存: 1.69 GB
虚拟内存: 1.99 GB
结束时间：2026年9月4日 10:11:50。
----- Study 2 - Single_Muon_Diagnostic/解 2 (sol2) 中的“因变量 1” ------------------->
<---- Study 2 - Single_Muon_Diagnostic/解 2 (sol2) 中的“瞬态求解器 1” ------------------
开始于 2026年9月4日 10:11:50。
瞬态求解器（广义 α）
求解的自由度数：3（加上 4 个内部自由度）。
找到非对称矩阵。
缩放因变量：
颗粒位置 (comp1.qcpt): 1
Step        Time    Stepsize      Res  Jac  Sol Order Tfail NLfail LinIt   LinErr   LinRes
   0           0           - out    2    3    2                  0     0        0        0
   1    6.25e-11    6.25e-11       10    7   10     2     3      0    18  4.8e-08        -
   5   3.125e-10    6.25e-11       18    7   18     2     3      0    31  1.3e-10        -
   8       5e-10    6.25e-11 out   24    7   24     2     3      0    43  1.5e-10        -
  11   6.875e-10    6.25e-11       30    7   30     2     3      0    55  1.7e-10        -
  12  7.4375e-10   5.625e-11       36    8   36     2     3      0    66  1.2e-07        -
  13       8e-10   5.625e-11       38    9   38     2     3      0    69  1.2e-07        -
  16  9.5625e-10   4.375e-11       48   10   48     2     3      0    87  3.9e-08        -
  18  1.0437e-09   4.375e-11       52   11   52     2     3      0    93    2e-07        -
  21   1.175e-09   4.375e-11       58   11   58     2     3      0   102    7e-07        -
  23  1.2625e-09   4.375e-11       62   11   62     2     3      0   109  3.1e-11        -
  26  1.3937e-09   4.375e-11       68   11   68     2     3      0   121  3.5e-11        -
  28  1.4687e-09   3.125e-11       76   12   76     2     3      0   136  7.1e-09        -
  31  1.5625e-09   3.125e-11       82   13   82     2     3      0   145  6.2e-08        -
  34  1.6563e-09   3.125e-11       88   13   88     2     3      0   154  1.4e-07        -
  36  1.7188e-09   3.125e-11       92   13   92     2     3      0   160  1.9e-07        -
  39  1.8438e-09    6.25e-11       98   14   98     2     3      0   169  2.2e-07        -
  41  1.9531e-09  4.6875e-11      106   15  106     2     3      0   184  5.4e-08        -
           当前进度:   7 % - 组装矩阵
Memory: 1258/1691 1268/2011
  43  2.0469e-09  4.6875e-11      110   16  110     2     3      0   190  2.7e-07        -
  47  2.2344e-09  4.6875e-11      118   16  118     2     3      0   203  5.7e-11        -
  50   2.375e-09  4.6875e-11      124   16  124     2     3      0   215  7.4e-11        -
  52  2.4609e-09  3.9063e-11      132   17  132     2     3      0   230  2.1e-08        -
  54  2.5391e-09  3.9063e-11      136   18  136     2     3      0   236    1e-07        -
  58  2.6953e-09  3.9063e-11      144   18  144     2     3      0   248  4.2e-07        -
  62  2.8516e-09  3.9063e-11      152   18  152     2     3      0   260  7.4e-07        -
  64  2.9297e-09  3.9063e-11      156   18  156     2     3      0   266    9e-07        -
  66       3e-09  3.5156e-11 out  164   18  164     2     3      0   282  5.4e-10        -
  68  3.0703e-09  3.5156e-11      172   18  172     2     3      0   298  5.4e-10        -
  70  3.1406e-09  3.5156e-11      180   18  180     2     3      0   314  5.3e-10        -
  72  3.2109e-09  3.5156e-11      188   18  188     2     3      0   330  5.3e-10        -
  74  3.2812e-09  3.5156e-11      196   18  196     2     3      0   346  5.2e-10        -
  76  3.3516e-09  3.5156e-11      204   18  204     2     3      0   362  5.1e-10        -
  78  3.4219e-09  3.5156e-11      212   18  212     2     3      0   378  5.1e-10        -
  80  3.4785e-09  2.1484e-11      218   19  218     2     3      0   389  5.5e-10        -
  83  3.5859e-09  4.2969e-11      224   20  224     2     3      0   398  8.6e-08        -
  87  3.7578e-09  4.2969e-11      232   20  232     2     3      0   410  3.6e-07        -
  91  3.9297e-09  4.2969e-11      240   20  240     2     3      0   422  6.2e-07        -
  92  3.9648e-09  3.5156e-11      246   21  246     2     3      0   433  6.5e-09        -
  95  4.0703e-09  3.5156e-11      252   22  252     2     3      0   442  5.9e-08        -
  99  4.2109e-09  3.5156e-11      260   22  260     2     3      0   454  1.7e-07        -
 103  4.3516e-09  3.5156e-11      268   22  268     2     3      0   466  2.8e-07        -
 106   4.457e-09  3.5156e-11      274   22  274     2     3      0   475  3.6e-07        -
 107     4.5e-09  4.2969e-11 out  280   23  280     2     3      0   486  2.1e-08        -
 110  4.6289e-09  4.2969e-11      286   24  286     2     3      0   495    2e-07        -
 114  4.8008e-09  4.2969e-11      294   24  294     2     3      0   507  5.5e-07        -
 117  4.9297e-09  4.2969e-11      300   24  300     2     3      0   516  8.3e-07        -
 118  4.9648e-09  3.5156e-11      306   25  306     2     3      0   527  8.9e-09        -
 121  5.1055e-09  7.0312e-11      312   27  312     2     3      0   536  2.9e-07        -
 122  5.1687e-09  6.3281e-11      318   28  318     2     3      0   547  1.7e-07        -
 125  5.3586e-09  6.3281e-11      324   29  324     2     3      0   557  3.7e-10        -
 126  5.4155e-09  5.6953e-11      330   30  330     2     3      0   568  9.9e-08        -
 129  5.5422e-09  4.2227e-11      336   31  336     2     3      0   577    2e-07        -
 133  5.7111e-09  4.2227e-11      344   31  344     2     3      0   589  5.5e-07        -
 137    5.88e-09  4.2227e-11      352   31  352     2     3      0   601  9.1e-07        -
 139  5.9611e-09  3.8867e-11      358   31  358     2     3      0   612  3.2e-10        -
 141  6.0389e-09  3.8867e-11      366   31  366     2     3      0   628  3.2e-10        -
 144  6.1555e-09  3.8867e-11      378   31  378     2     3      0   652  3.2e-10        -
 147  6.2721e-09  3.8867e-11      390   31  390     2     3      0   676  3.2e-10        -
 150  6.3887e-09  3.8867e-11      402   31  402     2     3      0   700  3.2e-10        -
 152  6.4638e-09  3.6231e-11      412   32  412     2     3      0   719  1.4e-08        -
 154  6.5362e-09  3.6231e-11      416   33  416     2     3      0   725  7.3e-08        -
 159  6.7174e-09  3.6231e-11      426   33  426     2     3      0   740    4e-07        -
 164  6.8985e-09  3.6231e-11      436   33  436     2     3      0   755  7.8e-07        -
 166  6.9674e-09  3.2616e-11      444   34  444     2     3      0   769  1.3e-08        -
           当前进度:   8 % - 
 168  7.0326e-09  3.2616e-11      448   35  448     2     3      0   775  6.8e-08        -
 172  7.1631e-09  3.2616e-11      456   35  456     2     3      0   787  3.1e-07        -
 177  7.3262e-09  3.2616e-11      466   35  466     2     3      0   802  6.4e-07        -
 182  7.4783e-09  2.1685e-11      476   36  476     2     3      0   817  2.4e-09        -
 185  7.5867e-09   4.337e-11      482   37  482     2     3      0   826  3.7e-07        -
 188  7.7168e-09   4.337e-11      488   37  488     2     3      0   836  5.8e-11        -
 192  7.8903e-09   4.337e-11      496   37  496     2     3      0   852  9.6e-11        -
 194  7.9668e-09  3.3151e-11      504   38  504     2     3      0   867  1.7e-08        -
 198  8.0995e-09  3.3151e-11      512   39  512     2     3      0   879  2.1e-07        -
 203  8.2652e-09  3.3151e-11      522   39  522     2     3      0   894  4.7e-07        -
 208   8.431e-09  3.3151e-11      532   39  532     2     3      0   909  6.7e-07        -
 212  8.5359e-09  3.5882e-11      540   41  540     2     3      0   921  1.8e-08        -
 217  8.7153e-09  3.5882e-11      550   41  550     2     3      0   936  3.4e-07        -
 222  8.8947e-09  3.5882e-11      560   41  560     2     3      0   951  6.1e-07        -
 225       9e-09  3.4708e-11 out  568   41  568     2     3      0   966  1.1e-10        -
 227  9.1303e-09  6.0882e-11      576   43  576     2     3      0   980  2.2e-07        -
 231  9.3738e-09  6.0882e-11      584   44  584     2     3      0   995  4.3e-10        -
 234     9.5e-09  3.2647e-11 out  590   45  590     2     3      0  1005    5e-08        -
 237  9.6632e-09  6.5293e-11      596   46  596     2     3      0  1015  3.7e-10        -
 241  9.9179e-09  5.8764e-11      608   47  608     2     3      0  1038  1.8e-07        -
 245  1.0082e-08  4.1062e-11      616   48  616     2     3      0  1050  3.5e-07        -
 249  1.0246e-08  4.1062e-11      624   48  624     2     3      0  1062  7.8e-07        -
 253  1.0411e-08  4.1062e-11      632   48  632     2     3      0  1076  1.2e-10        -
 257  1.0548e-08   4.832e-11      640   50  640     2     3      0  1089  4.2e-08        -
 260  1.0693e-08   4.832e-11      646   50  646     2     3      0  1098  5.2e-07        -
 263  1.0829e-08  4.3488e-11      656   50  656     2     3      0  1117  7.2e-10        -
 265  1.0916e-08  4.3488e-11      664   50  664     2     3      0  1133  7.2e-10        -
 267     1.1e-08  4.2225e-11 out  672   52  672     2     3      0  1147  1.8e-08        -
 272  1.1211e-08  4.2225e-11      682   52  682     2     3      0  1162  3.6e-07        -
 276   1.138e-08  4.2225e-11      690   52  690     2     3      0  1174  6.4e-07        -
 278  1.1461e-08  3.8874e-11      696   52  696     2     3      0  1185  1.8e-10        -
 280  1.1539e-08  3.8874e-11      704   52  704     2     3      0  1201  1.8e-10        -
 282  1.1617e-08  3.8874e-11      712   52  712     2     3      0  1217  1.9e-10        -
 284  1.1694e-08  3.8874e-11      720   52  720     2     3      0  1233  1.8e-10        -
 287  1.1811e-08  3.8874e-11      732   52  732     2     3      0  1257    2e-10        -
 290  1.1928e-08  3.8874e-11      744   52  744     2     3      0  1281  2.1e-10        -
 292     1.2e-08  3.6195e-11 out  752   54  752     2     3      0  1295  9.3e-09        -
 294  1.2138e-08   6.515e-11      760   56  760     2     3      0  1309  1.8e-07        -
 298  1.2398e-08   6.515e-11      768   57  768     2     3      0  1323  7.9e-10        -
 299  1.2449e-08   5.093e-11      774   58  774     2     3      0  1334  5.8e-08        -
 303  1.2653e-08   5.093e-11      782   59  782     2     3      0  1346  7.6e-07        -
 308  1.2907e-08   5.093e-11      792   59  792     2     3      0  1365  3.9e-10        -
 310     1.3e-08   4.628e-11 out  800   59  800     2     3      0  1381  6.7e-10        -
 313  1.3139e-08   4.628e-11      812   59  812     2     3      0  1405  6.8e-10        -
 316  1.3278e-08   4.628e-11      824   59  824     2     3      0  1429    7e-10        -
 318   1.337e-08   4.628e-11      832   59  832     2     3      0  1445  7.1e-10        -
           当前进度:   9 % - 正在组装残差
 320  1.3458e-08  4.1742e-11      842   60  842     2     3      0  1464  2.5e-08        -
 323  1.3583e-08  4.1742e-11      848   61  848     2     3      0  1473  2.3e-07        -
 328  1.3792e-08  4.1742e-11      858   61  858     2     3      0  1488  7.8e-07        -
 332  1.3959e-08  4.1292e-11      866   61  866     2     3      0  1503    5e-10        -
 336  1.4124e-08  4.1292e-11      874   61  874     2     3      0  1519  4.6e-10        -
 341   1.433e-08  4.1292e-11      884   61  884     2     3      0  1539  4.2e-10        -
 345  1.4477e-08  2.2895e-11      892   62  892     2     3      0  1554  2.4e-09        -
 348  1.4592e-08   4.579e-11      898   63  898     2     3      0  1563    4e-07        -
 353  1.4821e-08   4.579e-11      908   63  908     2     3      0  1582  1.9e-10        -
 356  1.4956e-08  4.3945e-11      915   63  915     2     3      0  1596  1.8e-10        -
 358  1.5044e-08  4.3945e-11      921   63  921     2     3      0  1608  1.8e-10        -
 361  1.5176e-08  4.3945e-11      930   63  930     2     3      0  1626  1.8e-10        -
 364  1.5308e-08  4.3945e-11      939   63  939     2     3      0  1644  1.8e-10        -
 368   1.547e-08  3.0273e-11      950   64  950     2     3      0  1665  9.9e-09        -
 373  1.5621e-08  3.0273e-11      960   64  960     2     3      0  1680  1.9e-07        -
 378  1.5772e-08  3.0273e-11      970   64  970     2     3      0  1695  3.4e-07        -
 381  1.5863e-08  3.0273e-11      976   64  976     2     3      0  1704  4.2e-07        -
 384  1.5954e-08  3.0273e-11      982   64  982     2     3      0  1713  4.9e-07        -
 386     1.6e-08  2.2951e-11 out  990   66  990     2     3      0  1727    2e-09        -
 389  1.6138e-08  4.5903e-11      996   67  996     2     3      0  1736  5.5e-07        -
 392  1.6275e-08  4.5903e-11     1002   67 1002     2     3      0  1746  1.8e-10        -
 395  1.6413e-08  4.5903e-11     1008   67 1008     2     3      0  1758  2.8e-10        -
 398  1.6543e-08  4.3437e-11     1017   67 1017     2     3      0  1776  3.5e-10        -
 401  1.6674e-08  4.3437e-11     1026   67 1026     2     3      0  1794  3.7e-10        -
 403  1.6761e-08  4.3437e-11     1032   67 1032     2     3      0  1806  3.8e-10        -
 406  1.6891e-08  4.3437e-11     1041   67 1041     2     3      0  1824  4.1e-10        -
 408  1.6967e-08  3.2816e-11     1050   68 1050     2     3      0  1841  1.2e-08        -
 410  1.7066e-08  6.5633e-11     1054   70 1054     2     3      0  1847  3.7e-07        -
 413  1.7256e-08  5.9069e-11     1064   71 1064     2     3      0  1866  2.1e-07        -
 415  1.7374e-08  5.9069e-11     1068   72 1068     2     3      0  1872  9.6e-07        -
 418    1.75e-08  3.3413e-11 out 1074   73 1074     2     3      0  1882  4.8e-08        -
 421  1.7658e-08   5.808e-11     1084   75 1084     2     3      0  1899  1.4e-07        -
 423  1.7769e-08  5.2272e-11     1092   77 1092     2     3      0  1913  7.6e-08        -
 425  1.7873e-08  5.2272e-11     1096   78 1096     2     3      0  1919  3.4e-07        -
 427  1.7963e-08  3.7256e-11     1104   79 1104     2     3      0  1933  1.2e-08        -
 430  1.8075e-08  3.7256e-11     1110   80 1110     2     3      0  1942  9.8e-08        -
 435  1.8261e-08  3.7256e-11     1120   80 1120     2     3      0  1957  3.1e-07        -
 439   1.841e-08  3.7256e-11     1128   80 1128     2     3      0  1969  4.7e-07        -
 441  1.8474e-08  2.6464e-11     1136   81 1136     2     3      0  1983  1.7e-09        -
 444  1.8579e-08  5.2928e-11     1142   83 1142     2     3      0  1992  5.6e-08        -
 448  1.8791e-08  5.2928e-11     1150   83 1150     2     3      0  2004  9.4e-07        -
 453  1.9052e-08  5.1521e-11     1160   83 1160     2     3      0  2024  1.3e-09        -
 457  1.9258e-08  5.1521e-11     1168   83 1168     2     3      0  2040  1.4e-09        -
 461  1.9456e-08  4.3915e-11     1180   84 1180     2     3      0  2063  2.8e-08        -
 465  1.9632e-08  4.3915e-11     1188   85 1188     2     3      0  2075  3.8e-07        -
 469  1.9807e-08  4.3915e-11     1196   85 1196     2     3      0  2087  8.5e-07        -
 473   1.997e-08  3.0425e-11     1208   86 1208     2     3      0  2109  4.9e-09        -
-          当前进度:  10 % - 组装矩阵
 475  2.0061e-08  6.0851e-11     1212   88 1212     2     3      0  2115  1.6e-07        -
 480  2.0365e-08  6.0851e-11     1222   88 1222     2     3      0  2134  1.2e-09        -
 484  2.0537e-08  3.7023e-11     1230   89 1230     2     3      0  2147  1.2e-07        -
 486  2.0678e-08  6.6446e-11     1238   91 1238     2     3      0  2161  2.5e-07        -
 488  2.0804e-08  5.9801e-11     1246   93 1246     2     3      0  2175  1.5e-07        -
 491  2.0962e-08  3.8319e-11     1252   95 1252     2     3      0  2184  1.7e-08        -
 496  2.1153e-08  3.8319e-11     1262   95 1262     2     3      0  2199  3.8e-07        -
 501  2.1345e-08  3.8319e-11     1272   95 1272     2     3      0  2214  7.9e-07        -
 504   2.146e-08  3.8319e-11     1278   95 1278     2     3      0  2224  1.9e-10        -
 507   2.154e-08  4.0171e-11     1284   97 1284     2     3      0  2233    3e-08        -
 511  2.1701e-08  4.0171e-11     1292   97 1292     2     3      0  2245  5.4e-07        -
 515  2.1862e-08  4.0171e-11     1300   97 1300     2     3      0  2258  1.7e-10        -
 518  2.1971e-08  2.9061e-11     1310   98 1310     2     3      0  2277  7.1e-09        -
 521  2.2087e-08  5.8123e-11     1316  100 1316     2     3      0  2286  2.3e-07        -
 523  2.2192e-08  5.2311e-11     1324  102 1324     2     3      0  2300  1.4e-07        -
 527  2.2401e-08  5.2311e-11     1332  102 1332     2     3      0  2315  4.3e-10        -
 529    2.25e-08  4.9476e-11 out 1338  102 1338     2     3      0  2327    4e-10        -
 532  2.2648e-08  4.9476e-11     1347  102 1347     2     3      0  2345  4.2e-10        -
 535  2.2797e-08  4.9476e-11     1358  102 1358     2     3      0  2367  6.4e-11        -
 538  2.2945e-08  4.9476e-11     1368  102 1368     2     3      0  2387  3.4e-10        -
 541  2.3055e-08  5.4713e-11     1374  104 1374     2     3      0  2396  1.5e-07        -
 546  2.3328e-08  5.4713e-11     1384  104 1384     2     3      0  2415  6.9e-10        -
 550    2.35e-08  3.1147e-11 out 1392  105 1392     2     3      0  2429  4.2e-08        -
 554  2.3749e-08  6.2294e-11     1400  106 1400     2     3      0  2444  9.3e-10        -
 558  2.3968e-08  3.1971e-11     1408  107 1408     2     3      0  2459  1.1e-08        -
 562  2.4192e-08  6.3942e-11     1416  108 1416     2     3      0  2473  8.1e-10        -
 566  2.4442e-08  5.8173e-11     1428  109 1428     2     3      0  2496  2.2e-07        -
 570  2.4675e-08  5.8173e-11     1436  110 1436     2     3      0  2511  6.9e-10        -
 575  2.4954e-08  4.6393e-11     1450  111 1450     2     3      0  2538  4.8e-08        -
 577  2.5046e-08  4.6393e-11     1454  112 1454     2     3      0  2544  2.2e-07        -
 581  2.5232e-08  4.6393e-11     1462  112 1462     2     3      0  2556  9.1e-07        -
 585  2.5418e-08  4.6393e-11     1470  112 1470     2     3      0  2572    5e-10        -
 586  2.5459e-08  4.1232e-11     1476  113 1476     2     3      0  2583  1.8e-08        -
 589  2.5582e-08  4.1232e-11     1482  114 1482     2     3      0  2592  1.6e-07        -
 593  2.5747e-08  4.1232e-11     1490  114 1490     2     3      0  2604  4.3e-07        -
 597  2.5912e-08  4.1232e-11     1498  114 1498     2     3      0  2616  6.8e-07        -
 600     2.6e-08  2.3226e-11 out 1504  115 1504     2     3      0  2625  4.4e-09        -
 604  2.6186e-08  4.6452e-11     1512  116 1512     2     3      0  2637  3.6e-07        -
 608  2.6372e-08  4.6452e-11     1520  116 1520     2     3      0  2649  8.1e-07        -
 610  2.6459e-08  4.0967e-11     1528  117 1528     2     3      0  2663  1.7e-08        -
 614  2.6623e-08  4.0967e-11     1536  118 1536     2     3      0  2675  2.2e-07        -
 618  2.6787e-08  4.0967e-11     1544  118 1544     2     3      0  2687    5e-07        -
 623  2.6975e-08   2.468e-11     1554  119 1554     2     3      0  2702  1.6e-09        -
 627  2.7148e-08   4.936e-11     1562  120 1562     2     3      0  2714  4.7e-07        -
 632  2.7395e-08   4.936e-11     1572  120 1572     2     3      0  2732  6.1e-10        -
 636  2.7556e-08  5.5759e-11     1580  122 1580     2     3      0  2745  1.1e-07        -
 641  2.7835e-08  5.5759e-11     1590  122 1590     2     3      0  2763  9.3e-10        -
-          当前进度:  12 % - 正在组装残差
 643  2.7945e-08  5.4843e-11     1594  122 1594     2     3      0  2771  3.2e-09        -
 646   2.811e-08  5.4843e-11     1600  122 1600     2     3      0  2783  3.4e-09        -
 650  2.8329e-08  5.4843e-11     1608  122 1608     2     3      0  2799  3.6e-09        -
 654    2.85e-08  3.0628e-11 out 1616  123 1616     2     3      0  2813  2.6e-08        -
 658  2.8745e-08  6.1255e-11     1624  124 1624     2     3      0  2827  9.1e-10        -
 662  2.8964e-08  3.5607e-11     1632  125 1632     2     3      0  2842  1.3e-08        -
 666  2.9171e-08  6.4093e-11     1644  127 1644     2     3      0  2862  2.6e-07        -
 668  2.9293e-08  5.7684e-11     1652  129 1652     2     3      0  2876  1.6e-07        -
 671  2.9454e-08   4.597e-11     1662  131 1662     2     3      0  2893  5.2e-08        -
 675  2.9638e-08   4.597e-11     1670  132 1670     2     3      0  2905  6.7e-07        -
 679  2.9822e-08   4.597e-11     1678  132 1678     2     3      0  2920  3.9e-10        -
 683       3e-08  4.3133e-11 out 1688  132 1688     2     3      0  2940    1e-09        -
 686  3.0129e-08  4.3133e-11     1697  132 1697     2     3      0  2958  9.2e-10        -
 689  3.0259e-08  4.3133e-11     1706  132 1706     2     3      0  2976  8.5e-10        -
 693  3.0431e-08  4.3133e-11     1718  132 1718     2     3      0  3000  7.2e-10        -
 694  3.0466e-08  3.4336e-11     1724  133 1724     2     3      0  3011  1.2e-08        -
 697  3.0569e-08  3.4336e-11     1730  134 1730     2     3      0  3020  1.1e-07        -
 702   3.074e-08  3.4336e-11     1740  134 1740     2     3      0  3035  3.3e-07        -
 706  3.0878e-08  3.4336e-11     1748  134 1748     2     3      0  3047  4.8e-07        -
 710  3.1122e-08  6.1154e-11     1756  135 1756     2     3      0  3062    1e-09        -
 715  3.1428e-08  6.1154e-11     1766  135 1766     2     3      0  3082  2.5e-09        -
 718  3.1572e-08  7.1924e-11     1772  137 1772     2     3      0  3091  5.5e-07        -
 723  3.1924e-08  6.4732e-11     1786  138 1786     2     3      0  3118  3.1e-07        -
 726  3.2076e-08  7.5646e-11     1792  140 1792     2     3      0  3127  6.2e-07        -
 728  3.2209e-08  6.6922e-11     1800  142 1800     2     3      0  3141    3e-07        -
 730   3.233e-08   6.023e-11     1808  144 1808     2     3      0  3155  1.5e-07        -
 733    3.25e-08   5.491e-11 out 1818  144 1818     2     3      0  3174  1.1e-09        -
 736  3.2665e-08   5.491e-11     1830  144 1830     2     3      0  3198  1.1e-09        -
 739  3.2829e-08   5.491e-11     1842  144 1842     2     3      0  3222  1.1e-09        -
 742   3.297e-08  3.0359e-11     1852  145 1852     2     3      0  3241  3.1e-09        -
 745  3.3115e-08  5.4646e-11     1860  146 1860     2     3      0  3255  1.8e-09        -
 748  3.3279e-08  5.4646e-11     1872  146 1872     2     3      0  3279  1.8e-09        -
 751  3.3443e-08  5.4646e-11     1884  146 1884     2     3      0  3303  1.8e-09        -
 754  3.3557e-08  5.6758e-11     1890  148 1890     2     3      0  3312  6.4e-08        -
 758  3.3784e-08  5.6758e-11     1898  148 1898     2     3      0  3325  8.2e-10        -
 762     3.4e-08  5.1348e-11 out 1910  148 1910     2     3      0  3349  1.1e-09        -
 764  3.4103e-08  5.1348e-11     1918  148 1918     2     3      0  3365  1.1e-09        -
 767  3.4257e-08  5.1348e-11     1930  148 1930     2     3      0  3389    1e-09        -
 770  3.4411e-08  5.1348e-11     1942  148 1942     2     3      0  3413  9.6e-10        -
 771  3.4455e-08  4.4608e-11     1948  149 1948     2     3      0  3424  2.2e-08        -
 775  3.4678e-08  8.9216e-11     1956  151 1956     2     3      0  3436  7.4e-07        -
 777  3.4836e-08  7.8699e-11     1964  153 1964     2     3      0  3450  4.2e-07        -
 779  3.4953e-08  4.6671e-11     1972  155 1972     2     3      0  3464  3.2e-08        -
 782  3.5169e-08  7.5942e-11     1982  157 1982     2     3      0  3482  3.7e-07        -
-          当前进度:  13 % - 正在组装残差
 784  3.5314e-08  6.8348e-11     1990  159 1990     2     3      0  3496  2.2e-07        -
 786  3.5441e-08  5.9039e-11     1998  161 1998     2     3      0  3510  1.1e-07        -
 789  3.5618e-08  5.9039e-11     2004  162 2004     2     3      0  3519  9.9e-07        -
 793  3.5854e-08  5.9039e-11     2012  162 2012     2     3      0  3535  1.5e-09        -
 795  3.5957e-08  4.3363e-11     2020  163 2020     2     3      0  3550  2.4e-08        -
 798  3.6157e-08  7.0089e-11     2030  166 2030     2     3      0  3567  2.8e-07        -
 800   3.629e-08   6.308e-11     2038  168 2038     2     3      0  3581  1.7e-07        -
 803  3.6458e-08  4.1928e-11     2044  170 2044     2     3      0  3590  2.1e-08        -
 806  3.6584e-08  4.1928e-11     2050  170 2050     2     3      0  3599  2.8e-07        -
 809   3.671e-08  4.1928e-11     2056  170 2056     2     3      0  3608  5.6e-07        -
 813  3.6877e-08  4.1928e-11     2064  170 2064     2     3      0  3620  9.2e-07        -
 817   3.704e-08   4.036e-11     2072  170 2072     2     3      0  3636  4.1e-09        -
 821  3.7202e-08   4.036e-11     2080  170 2080     2     3      0  3652  3.9e-09        -
 824  3.7323e-08   4.036e-11     2089  170 2089     2     3      0  3670  3.4e-10        -
 827  3.7444e-08   4.036e-11     2098  170 2098     2     3      0  3688  3.3e-10        -
 828  3.7472e-08  2.8019e-11     2104  171 2104     2     3      0  3699    3e-09        -
 830  3.7556e-08  5.6039e-11     2108  173 2108     2     3      0  3705    2e-07        -
 833  3.7724e-08  5.6039e-11     2114  173 2114     2     3      0  3715  6.6e-10        -
 837  3.7946e-08  5.3864e-11     2123  173 2123     2     3      0  3733  1.4e-09        -
 839  3.8054e-08  5.3864e-11     2129  173 2129     2     3      0  3745  1.4e-09        -
 841  3.8162e-08  5.3864e-11     2135  173 2135     2     3      0  3757  1.4e-09        -
 844  3.8323e-08  5.3864e-11     2144  173 2144     2     3      0  3775  1.3e-09        -
 847  3.8465e-08  3.4543e-11     2152  174 2152     2     3      0  3790  8.8e-09        -
 850  3.8638e-08  6.9086e-11     2158  175 2158     2     3      0  3800  4.9e-10        -
 854  3.8915e-08  6.9086e-11     2166  175 2166     2     3      0  3816  2.8e-09        -
 857  3.9043e-08  4.2742e-11     2172  176 2172     2     3      0  3825  2.8e-07        -
 859  3.9205e-08  7.6935e-11     2180  178 2180     2     3      0  3840  5.9e-07        -
 861  3.9351e-08  6.9242e-11     2188  180 2188     2     3      0  3854  3.2e-07        -
 864    3.95e-08   3.971e-11 out 2194  182 2194     2     3      0  3863  8.4e-08        -
 867  3.9688e-08  6.9039e-11     2204  184 2204     2     3      0  3880  2.2e-07        -
 869  3.9819e-08  6.2136e-11     2212  186 2212     2     3      0  3894  1.1e-07        -
 872       4e-08   5.926e-11 out 2220  187 2220     2     3      0  3909  1.7e-09        -
 875  4.0178e-08   5.926e-11     2229  187 2229     2     3      0  3927  1.8e-09        -
 878  4.0356e-08   5.926e-11     2238  187 2238     2     3      0  3945  1.8e-09        -
 880  4.0457e-08  4.2589e-11     2247  188 2247     2     3      0  3962  1.1e-08        -
 884  4.0628e-08  4.2589e-11     2255  189 2255     2     3      0  3974  1.5e-07        -
 888  4.0841e-08  8.5178e-11     2263  190 2263     2     3      0  3986  2.8e-07        -
 890  4.0957e-08  4.2676e-11     2271  192 2271     2     3      0  4000    9e-09        -
 893  4.1162e-08  7.6816e-11     2281  194 2281     2     3      0  4017  1.6e-07        -
 896  4.1393e-08  7.6816e-11     2287  195 2287     2     3      0  4027  1.7e-09        -
 897  4.1446e-08  5.3691e-11     2293  196 2293     2     3      0  4038  2.9e-08        -
 899  4.1554e-08  5.3691e-11     2297  197 2297     2     3      0  4044  1.7e-07        -
 904  4.1822e-08  5.3691e-11     2307  197 2307     2     3      0  4059  7.9e-07        -
 907  4.1965e-08  3.5235e-11     2313  198 2313     2     3      0  4069  3.1e-09        -
-          当前进度:  15 % - 正在组装残差
 909   4.207e-08   7.047e-11     2317  199 2317     2     3      0  4075    1e-07        -
 912  4.2282e-08   7.047e-11     2323  199 2323     2     3      0  4085  1.2e-09        -
 915  4.2461e-08  3.8591e-11     2329  200 2329     2     3      0  4096  5.4e-09        -
 918  4.2654e-08  7.7181e-11     2335  201 2335     2     3      0  4105  8.9e-07        -
 922  4.2943e-08  5.7047e-11     2347  202 2347     2     3      0  4128  3.4e-08        -
 926  4.3171e-08  5.7047e-11     2355  203 2355     2     3      0  4140  4.5e-07        -
 931   4.345e-08  5.0336e-11     2369  204 2369     2     3      0  4164  1.2e-08        -
 935  4.3651e-08  5.0336e-11     2377  205 2377     2     3      0  4176  1.7e-07        -
 939  4.3852e-08  5.0336e-11     2385  205 2385     2     3      0  4188  3.9e-07        -
 944  4.4097e-08  4.8655e-11     2395  205 2395     2     3      0  4207  4.4e-09        -
 948  4.4292e-08  4.8655e-11     2403  205 2403     2     3      0  4223  4.5e-09        -
 951  4.4438e-08  4.8655e-11     2409  205 2409     2     3      0  4235  4.5e-09        -
 954  4.4562e-08  6.2105e-11     2415  207 2415     2     3      0  4244  2.6e-08        -
 958  4.4811e-08  6.2105e-11     2423  207 2423     2     3      0  4256  4.3e-07        -
 961  4.4967e-08  3.2633e-11     2429  208 2429     2     3      0  4265  1.5e-09        -
 964  4.5131e-08  6.5266e-11     2435  209 2435     2     3      0  4274  2.6e-07        -
 968  4.5392e-08  6.5266e-11     2443  209 2443     2     3      0  4286  9.7e-07        -
 970    4.55e-08  5.4202e-11 out 2451  211 2451     2     3      0  4300  1.9e-08        -
 973  4.5694e-08  8.5871e-11     2459  213 2459     2     4      0  4313    2e-07        -
 975  4.5849e-08  7.7284e-11     2467  215 2467     2     4      0  4327  9.7e-08        -
 978  4.6076e-08   7.558e-11     2476  215 2476     2     4      0  4345  5.9e-10        -
 980  4.6227e-08   7.558e-11     2482  215 2482     2     4      0  4357  6.1e-10        -
 983  4.6439e-08  6.1051e-11     2494  216 2494     2     4      0  4380  3.7e-08        -
 986  4.6622e-08  6.1051e-11     2500  217 2500     2     4      0  4389  3.1e-07        -
 989  4.6805e-08  6.1051e-11     2506  217 2506     2     4      0  4398  7.2e-07        -
 992  4.6964e-08  3.6322e-11     2512  218 2512     2     4      0  4407  1.8e-09        -
 995  4.7145e-08  7.2643e-11     2518  219 2518     2     4      0  4416  2.4e-07        -
 999  4.7432e-08  6.8392e-11     2527  219 2527     2     4      0  4431  5.5e-10        -
1002  4.7637e-08  6.8392e-11     2536  219 2536     2     4      0  4449  4.8e-10        -
1005  4.7842e-08  6.8392e-11     2545  219 2545     2     4      0  4467  4.9e-10        -
1007  4.7955e-08  4.4823e-11     2550  220 2550     2     4      0  4476  2.2e-09        -
1010  4.8134e-08  8.9645e-11     2556  221 2556     2     4      0  4485  3.1e-08        -
1012  4.8296e-08  8.0681e-11     2566  222 2566     2     4      0  4504  1.8e-08        -
1014  4.8438e-08  6.1745e-11     2574  224 2574     2     4      0  4518    5e-09        -
1017  4.8623e-08  6.1745e-11     2580  225 2580     2     4      0  4527  1.6e-07        -
1022  4.8932e-08  6.1745e-11     2590  225 2590     2     4      0  4542  2.5e-07        -
1025  4.9068e-08  6.7787e-11     2596  227 2596     2     4      0  4551  3.7e-08        -
1030  4.9407e-08  6.7787e-11     2606  227 2606     2     4      0  4566  6.8e-07        -
1032    4.95e-08  4.6639e-11 out 2614  229 2614     2     4      0  4580  7.4e-09        -
1035  4.9733e-08  9.3278e-11     2620  230 2620     2     4      0  4590  8.3e-10        -
1038       5e-08  8.6763e-11 out 2630  230 2630     2     4      0  4610  2.8e-09        -
1041   5.026e-08  8.6763e-11     2642  230 2642     2     4      0  4634    3e-09        -
1043  5.0424e-08  7.6473e-11     2652  231 2652     2     4      0  4653  1.1e-07        -
1046  5.0653e-08  7.6473e-11     2658  232 2658     2     4      0  4663  8.8e-10        -
-          当前进度:  16 % - 正在组装残差
1050  5.0941e-08  5.8817e-11     2670  233 2670     2     4      0  4686  3.2e-08        -
1051     5.1e-08  5.8817e-11 out 2672  234 2672     2     4      0  4689    3e-08        -
1054  5.1176e-08  5.8817e-11     2678  234 2678     2     4      0  4698  3.5e-07        -
1058  5.1412e-08  5.8817e-11     2686  234 2686     2     4      0  4710  8.2e-07        -
1059  5.1456e-08  4.4142e-11     2692  235 2692     2     4      0  4721  8.7e-09        -
1062  5.1668e-08  7.9455e-11     2700  237 2700     2     4      0  4735  7.7e-09        -
1065  5.1906e-08  7.9455e-11     2712  237 2712     2     4      0  4759  7.4e-09        -
1068  5.2047e-08  4.6949e-11     2718  238 2718     2     4      0  4768  8.2e-08        -
1070  5.2225e-08  8.4508e-11     2726  240 2726     2     4      0  4782    2e-07        -
1073  5.2447e-08  5.2815e-11     2732  242 2732     2     4      0  4791  2.1e-08        -
1076  5.2694e-08  8.8384e-11     2742  244 2742     2     4      0  4810  2.7e-07        -
1079  5.2935e-08  6.4609e-11     2752  246 2752     2     4      0  4828  2.6e-08        -
1081  5.3098e-08  9.8168e-11     2758  249 2758     2     5      0  4840  5.9e-07        -
1083  5.3275e-08  8.8351e-11     2766  251 2766     2     5      0  4856  3.9e-07        -
1085  5.3432e-08  6.8389e-11     2774  252 2774     2     5      0  4873  1.2e-07        -
1088  5.3637e-08  6.8389e-11     2780  253 2780     2     5      0  4882  8.2e-07        -
1092   5.391e-08  6.8389e-11     2788  253 2788     2     5      0  4898  1.9e-09        -
1095  5.4045e-08  4.4834e-11     2794  254 2794     2     5      0  4907  8.1e-08        -
1099  5.4404e-08  8.9668e-11     2802  255 2802     2     5      0  4926  6.5e-09        -
1102  5.4596e-08  9.6494e-11     2808  257 2808     2     5      0  4936  4.5e-07        -
1103  5.4683e-08  8.6845e-11     2814  258 2814     2     5      0  4949  2.3e-07        -
1106  5.4929e-08  7.1486e-11     2824  260 2824     2     5      0  4970  6.5e-08        -
1110  5.5214e-08  7.1486e-11     2832  261 2832     2     5      0  4982  9.2e-07        -
1115  5.5571e-08  7.1285e-11     2842  261 2842     2     5      0  5002  7.3e-09        -
1120  5.5928e-08  7.1285e-11     2852  261 2852     2     5      0  5022  9.4e-09        -
1123  5.6072e-08  7.2292e-11     2858  263 2858     2     5      0  5031  2.2e-08        -
1128  5.6431e-08  6.9271e-11     2869  263 2869     2     5      0  5049  2.6e-09        -
1132     5.7e-08  1.8073e-10 out 2875  264 2875     2     5      0  5055        0        -
1136    5.85e-08       5e-10 out 2879  266 2879     2     5      0  5055        0        -
1145     6.3e-08       5e-10 out 2888  266 2888     2     5      0  5055        0        -
1153     6.7e-08       5e-10 out 2896  266 2896     2     5      0  5055        0        -
1159       7e-08       5e-10 out 2902  266 2902     2     5      0  5055        0        -
1167     7.4e-08       5e-10 out 2910  266 2910     2     5      0  5055        0        -
1174    7.75e-08       5e-10 out 2917  266 2917     2     5      0  5055        0        -
1181     8.1e-08       5e-10 out 2924  266 2924     2     5      0  5055        0        -
1190    8.55e-08       5e-10 out 2933  266 2933     2     5      0  5055        0        -
1199       9e-08       5e-10 out 2942  266 2942     2     5      0  5055        0        -
1206    9.35e-08       5e-10 out 2949  266 2949     2     5      0  5055        0        -
1215     9.8e-08       5e-10 out 2958  266 2958     2     5      0  5055        0        -
1224   1.025e-07       5e-10 out 2967  266 2967     2     5      0  5055        0        -
1232   1.065e-07       5e-10 out 2975  266 2975     2     5      0  5055        0        -
1236   1.085e-07       5e-10 out 2979  266 2979     2     5      0  5055        0        -
1241    1.11e-07       5e-10 out 2984  266 2984     2     5      0  5055        0        -
1248   1.145e-07       5e-10 out 2991  266 2991     2     5      0  5055        0        -
1254   1.175e-07       5e-10 out 2997  266 2997     2     5      0  5055        0        -
1257    1.19e-07       5e-10 out 3000  266 3000     2     5      0  5055        0        -
1260   1.205e-07       5e-10 out 3003  266 3003     2     5      0  5055        0        -
--         当前进度:  29 % - 正在组装残差
1267    1.24e-07       5e-10 out 3010  266 3010     2     5      0  5055        0        -
1275    1.28e-07       5e-10 out 3018  266 3018     2     5      0  5055        0        -
1282   1.315e-07       5e-10 out 3025  266 3025     2     5      0  5055        0        -
1288   1.345e-07       5e-10 out 3031  266 3031     2     5      0  5055        0        -
1295    1.38e-07       5e-10 out 3038  266 3038     2     5      0  5055        0        -
1301    1.41e-07       5e-10 out 3044  266 3044     2     5      0  5055        0        -
1307    1.44e-07       5e-10 out 3050  266 3050     2     5      0  5055        0        -
1315    1.48e-07       5e-10 out 3058  266 3058     2     5      0  5055        0        -
1323    1.52e-07       5e-10 out 3066  266 3066     2     5      0  5055        0        -
1330   1.555e-07       5e-10 out 3073  266 3073     2     5      0  5055        0        -
1338   1.595e-07       5e-10 out 3081  266 3081     2     5      0  5055        0        -
1345    1.63e-07       5e-10 out 3088  266 3088     2     5      0  5055        0        -
1351    1.66e-07       5e-10 out 3094  266 3094     2     5      0  5055        0        -
1359     1.7e-07       5e-10 out 3102  266 3102     2     5      0  5055        0        -
1367    1.74e-07       5e-10 out 3110  266 3110     2     5      0  5055        0        -
1375    1.78e-07       5e-10 out 3118  266 3118     2     5      0  5055        0        -
1383    1.82e-07       5e-10 out 3126  266 3126     2     5      0  5055        0        -
1391    1.86e-07       5e-10 out 3134  266 3134     2     5      0  5055        0        -
1399     1.9e-07       5e-10 out 3142  266 3142     2     5      0  5055        0        -
1407    1.94e-07       5e-10 out 3150  266 3150     2     5      0  5055        0        -
1416   1.985e-07       5e-10 out 3159  266 3159     2     5      0  5055        0        -
1423    2.02e-07       5e-10 out 3166  266 3166     2     5      0  5055        0        -
1431    2.06e-07       5e-10 out 3174  266 3174     2     5      0  5055        0        -
1440   2.105e-07       5e-10 out 3183  266 3183     2     5      0  5055        0        -
1448   2.145e-07       5e-10 out 3191  266 3191     2     5      0  5055        0        -
1457    2.19e-07       5e-10 out 3200  266 3200     2     5      0  5055        0        -
1466   2.235e-07       5e-10 out 3209  266 3209     2     5      0  5055        0        -
1475    2.28e-07       5e-10 out 3218  266 3218     2     5      0  5055        0        -
1484   2.325e-07       5e-10 out 3227  266 3227     2     5      0  5055        0        -
1493    2.37e-07       5e-10 out 3236  266 3236     2     5      0  5055        0        -
1501    2.41e-07       5e-10 out 3244  266 3244     2     5      0  5055        0        -
1510   2.455e-07       5e-10 out 3253  266 3253     2     5      0  5055        0        -
1519     2.5e-07       5e-10 out 3262  266 3262     2     5      0  5055        0        -
1523    2.52e-07       5e-10 out 3266  266 3266     2     5      0  5055        0        -
1531    2.56e-07       5e-10 out 3274  266 3274     2     5      0  5055        0        -
1540   2.605e-07       5e-10 out 3283  266 3283     2     5      0  5055        0        -
1548   2.645e-07       5e-10 out 3291  266 3291     2     5      0  5055        0        -
1555    2.68e-07       5e-10 out 3298  266 3298     2     5      0  5055        0        -
1563    2.72e-07       5e-10 out 3306  266 3306     2     5      0  5055        0        -
1570   2.755e-07       5e-10 out 3313  266 3313     2     5      0  5055        0        -
1578   2.795e-07       5e-10 out 3321  266 3321     2     5      0  5055        0        -
1586   2.835e-07       5e-10 out 3329  266 3329     2     5      0  5055        0        -
1593    2.87e-07       5e-10 out 3336  266 3336     2     5      0  5055        0        -
1598   2.895e-07       5e-10 out 3341  266 3341     2     5      0  5055        0        -
1606   2.935e-07       5e-10 out 3349  266 3349     2     5      0  5055        0        -
1614   2.975e-07       5e-10 out 3357  266 3357     2     5      0  5055        0        -
1622   3.015e-07       5e-10 out 3365  266 3365     2     5      0  5055        0        -
1630   3.055e-07       5e-10 out 3373  266 3373     2     5      0  5055        0        -
1638   3.095e-07       5e-10 out 3381  266 3381     2     5      0  5055        0        -
1645    3.13e-07       5e-10 out 3388  266 3388     2     5      0  5055        0        -
1651    3.16e-07       5e-10 out 3394  266 3394     2     5      0  5055        0        -
1657    3.19e-07       5e-10 out 3400  266 3400     2     5      0  5055        0        -
1665    3.23e-07       5e-10 out 3408  266 3408     2     5      0  5055        0        -
------     当前进度:  67 % - 
1668   3.245e-07       5e-10 out 3411  266 3411     2     5      0  5055        0        -
1676   3.285e-07       5e-10 out 3419  266 3419     2     5      0  5055        0        -
1683    3.32e-07       5e-10 out 3426  266 3426     2     5      0  5055        0        -
1688   3.345e-07       5e-10 out 3431  266 3431     2     5      0  5055        0        -
1695    3.38e-07       5e-10 out 3438  266 3438     2     5      0  5055        0        -
1702   3.415e-07       5e-10 out 3445  266 3445     2     5      0  5055        0        -
1709    3.45e-07       5e-10 out 3452  266 3452     2     5      0  5055        0        -
1715    3.48e-07       5e-10 out 3458  266 3458     2     5      0  5055        0        -
1719     3.5e-07       5e-10 out 3462  266 3462     2     5      0  5055        0        -
1725    3.53e-07       5e-10 out 3468  266 3468     2     5      0  5055        0        -
1730   3.555e-07       5e-10 out 3473  266 3473     2     5      0  5055        0        -
1737    3.59e-07       5e-10 out 3480  266 3480     2     5      0  5055        0        -
1746   3.635e-07       5e-10 out 3489  266 3489     2     5      0  5055        0        -
1755    3.68e-07       5e-10 out 3498  266 3498     2     5      0  5055        0        -
1763    3.72e-07       5e-10 out 3506  266 3506     2     5      0  5055        0        -
1772   3.765e-07       5e-10 out 3515  266 3515     2     5      0  5055        0        -
1780   3.805e-07       5e-10 out 3523  266 3523     2     5      0  5055        0        -
1787    3.84e-07       5e-10 out 3530  266 3530     2     5      0  5055        0        -
1795    3.88e-07       5e-10 out 3538  266 3538     2     5      0  5055        0        -
1801    3.91e-07       5e-10 out 3544  266 3544     2     5      0  5055        0        -
1809    3.95e-07       5e-10 out 3552  266 3552     2     5      0  5055        0        -
1817    3.99e-07       5e-10 out 3560  266 3560     2     5      0  5055        0        -
1824   4.025e-07       5e-10 out 3567  266 3567     2     5      0  5055        0        -
1829    4.05e-07       5e-10 out 3572  266 3572     2     5      0  5055        0        -
1837    4.09e-07       5e-10 out 3580  266 3580     2     5      0  5055        0        -
1845    4.13e-07       5e-10 out 3588  266 3588     2     5      0  5055        0        -
1851    4.16e-07       5e-10 out 3594  266 3594     2     5      0  5055        0        -
1859     4.2e-07       5e-10 out 3602  266 3602     2     5      0  5055        0        -
1867    4.24e-07       5e-10 out 3610  266 3610     2     5      0  5055        0        -
1874   4.275e-07       5e-10 out 3617  266 3617     2     5      0  5055        0        -
1882   4.315e-07       5e-10 out 3625  266 3625     2     5      0  5055        0        -
1890   4.355e-07       5e-10 out 3633  266 3633     2     5      0  5055        0        -
1897    4.39e-07       5e-10 out 3640  266 3640     2     5      0  5055        0        -
1904   4.425e-07       5e-10 out 3647  266 3647     2     5      0  5055        0        -
1911    4.46e-07       5e-10 out 3654  266 3654     2     5      0  5055        0        -
1916   4.485e-07       5e-10 out 3659  266 3659     2     5      0  5055        0        -
1923    4.52e-07       5e-10 out 3666  266 3666     2     5      0  5055        0        -
1931    4.56e-07       5e-10 out 3674  266 3674     2     5      0  5055        0        -
1938   4.595e-07       5e-10 out 3681  266 3681     2     5      0  5055        0        -
1946   4.635e-07       5e-10 out 3689  266 3689     2     5      0  5055        0        -
1952   4.665e-07       5e-10 out 3695  266 3695     2     5      0  5055        0        -
1959     4.7e-07       5e-10 out 3702  266 3702     2     5      0  5055        0        -
1967    4.74e-07       5e-10 out 3710  266 3710     2     5      0  5055        0        -
1974   4.775e-07       5e-10 out 3717  266 3717     2     5      0  5055        0        -
1981    4.81e-07       5e-10 out 3724  266 3724     2     5      0  5055        0        -
1986   4.835e-07       5e-10 out 3729  266 3729     2     5      0  5055        0        -
1991    4.86e-07       5e-10 out 3734  266 3734     2     5      0  5055        0        -
1994   4.875e-07       5e-10 out 3737  266 3737     2     5      0  5055        0        -
2000   4.905e-07       5e-10 out 3743  266 3743     2     5      0  5055        0        -
2005    4.93e-07       5e-10 out 3748  266 3748     2     5      0  5055        0        -
2008   4.945e-07       5e-10 out 3751  266 3751     2     5      0  5055        0        -
2013    4.97e-07       5e-10 out 3756  266 3756     2     5      0  5055        0        -
2019       5e-07       5e-10 out 3762  266 3762     2     5      0  5055        0        -
---------- 当前进度: 100 % - 
求解时间：3 s。
物理内存: 1.68 GB
虚拟内存: 1.97 GB
结束时间：2026年9月4日 10:11:54。
----- Study 2 - Single_Muon_Diagnostic/解 2 (sol2) 中的“瞬态求解器 1” ----------------->
           当前进度:   0 % - 
-          当前进度:  10 % - 正在计算
Memory: 1260/1691 1270/2011
-          当前进度:  18 % - 正在计算
Memory: 1264/1691 1275/2011
--         当前进度:  23 % - 正在计算
Memory: 1262/1691 1272/2011
--         当前进度:  28 % - 正在计算
Memory: 1264/1691 1274/2011
---        当前进度:  34 % - 正在计算
Memory: 1262/1691 1272/2011
------     当前进度:  66 % - 正在计算
-------    当前进度:  75 % - 正在计算
Memory: 1259/1691 1269/2011
--------   当前进度:  83 % - 正在计算
---------  当前进度:  91 % - 正在计算
---------  当前进度:  99 % - 正在计算
Memory: 1256/1691 1266/2011
---------- 当前进度: 100 % - 正在计算
           当前进度:   0 % - 
---        当前进度:  34 % - 正在计算
---------  当前进度:  95 % - 正在计算
Memory: 1253/1691 1263/2011
BRIDGE_CASE_COMPLETE=bridge_gap40p4_V12_1kV_V23_5kV
BRIDGE_CASE_START=bridge_gap40p4_V12_2kV_V23_5kV
           当前进度:   0 % - Study 1 - 3D Electrostatics stationary
           当前进度:   3 % - Study 1 - 3D Electrostatics stationary
<---- Study 1 - 3D Electrostatics stationary/解 1 (sol1) 中的“编译方程: 稳态” -----------
开始于 2026年9月4日 10:11:58。
几何形函数: 二次拉格朗日单元
几何形函数: 二次拉格朗日单元
在 Intel64 Family 6 Model 186 Stepping 2, GenuineIntel 上运行。
在以下位置使用 1 个插槽： 陈红星 上（共 1 个内核）。
可用内存：15.90 GB。
           当前进度:   3 % - 编译方程: 稳态
           当前进度:   6 % - 编译方程: 稳态
Memory: 1279/1691 1289/2011
           当前进度:   7 % - 编译方程: 稳态
Memory: 1274/1691 1284/2011
时间：1。
物理内存: 1.28 GB
虚拟内存: 1.29 GB
Warning: 自由空间采用真空条件，这会导致某些材料属性被忽略。请考虑为忽略的材料添加合适的物理场特征。

  - 节点: 自由空间 1

  - 物理场: Electrostatics: four finite-thickness rounded ring electrodes (es)

  - Materials: Natural Neon gas, representative relative permittivity (mat_gas), Representative alumina ceramic; epsilon_r=9.4 assumption (mat_diel)

  - Quantities: 相对介电常数, 相对介电常数
结束时间：2026年9月4日 10:11:59。
----- Study 1 - 3D Electrostatics stationary/解 1 (sol1) 中的“编译方程: 稳态” ---------->
<---- Study 1 - 3D Electrostatics stationary/解 1 (sol1) 中的“因变量 1” --------------
开始于 2026年9月4日 10:11:59。
           当前进度:   7 % - 因变量 1
Memory: 1277/1691 1287/2011
求解时间：0 s。
物理内存: 1.28 GB
虚拟内存: 1.29 GB
结束时间：2026年9月4日 10:11:59。
----- Study 1 - 3D Electrostatics stationary/解 1 (sol1) 中的“因变量 1” ------------->
<---- Study 1 - 3D Electrostatics stationary/解 1 (sol1) 中的“稳态求解器 1” ------------
开始于 2026年9月4日 10:11:59。
线性求解器 
求解的自由度数：106954。
--         当前进度:  23 % - 组装稀疏模式
Memory: 1301/1691 1311/2011
--         当前进度:  29 % - 组装矩阵
Memory: 1307/1691 1320/2011
---        当前进度:  38 % - 组装矩阵
Memory: 1318/1691 1332/2011
找到对称矩阵。
缩放因变量：
电势 (comp1.V): 1
已使用正交零空间函数。
---        当前进度:  38 % - 组装延展
Memory: 1343/1691 1356/2011
-----      当前进度:  56 % - 组装矩阵
Memory: 1320/1691 1331/2011
Iter      SolEst     Damping    Stepsize #Res #Jac #Sol LinIt   LinErr   LinRes
--------   当前进度:  82 % - 求解线性方程组
Memory: 1324/1691 1338/2011
   1         0.8   1.0000000         0.8    1    1    1     4  1.6e-05  2.9e-08
---------- 当前进度: 100 % - 
Memory: 1311/1691 1322/2011
求解时间：5 s。
物理内存: 1.34 GB
虚拟内存: 1.36 GB
结束时间：2026年9月4日 10:12:04。
----- Study 1 - 3D Electrostatics stationary/解 1 (sol1) 中的“稳态求解器 1” ----------->
           当前进度:   0 % - Study 2 - Single_Muon_Diagnostic
Memory: 1266/1691 1276/2011
           当前进度:   3 % - Study 2 - Single_Muon_Diagnostic
Memory: 1270/1691 1282/2011
<---- Study 2 - Single_Muon_Diagnostic/解 2 (sol2) 中的“编译方程: 瞬态” -----------------
开始于 2026年9月4日 10:12:04。
几何形函数: 二次拉格朗日单元
几何形函数: 二次拉格朗日单元
在 Intel64 Family 6 Model 186 Stepping 2, GenuineIntel 上运行。
在以下位置使用 1 个插槽： 陈红星 上（共 1 个内核）。
可用内存：15.90 GB。
           当前进度:   3 % - 编译方程: 瞬态
Memory: 1277/1691 1288/2011
           当前进度:   4 % - 编译方程: 瞬态
Memory: 1277/1691 1285/2011
           当前进度:   5 % - 编译方程: 瞬态
Memory: 1275/1691 1285/2011
时间：1。
物理内存: 1.28 GB
虚拟内存: 1.29 GB
Warning: 自由空间采用真空条件，这会导致某些材料属性被忽略。请考虑为忽略的材料添加合适的物理场特征。

  - 节点: 自由空间 1

  - 物理场: Electrostatics: four finite-thickness rounded ring electrodes (es)

  - Materials: Natural Neon gas, representative relative permittivity (mat_gas), Representative alumina ceramic; epsilon_r=9.4 assumption (mat_diel)

  - Quantities: 相对介电常数, 相对介电常数
结束时间：2026年9月4日 10:12:06。
----- Study 2 - Single_Muon_Diagnostic/解 2 (sol2) 中的“编译方程: 瞬态” ---------------->
<---- Study 2 - Single_Muon_Diagnostic/解 2 (sol2) 中的“因变量 1” --------------------
开始于 2026年9月4日 10:12:06。
不求解变量的值: 解 1 (sol1).
           当前进度:   5 % - 因变量 1
Memory: 1261/1691 1270/2011
求解时间：0 s。
物理内存: 1.27 GB
虚拟内存: 1.28 GB
结束时间：2026年9月4日 10:12:06。
----- Study 2 - Single_Muon_Diagnostic/解 2 (sol2) 中的“因变量 1” ------------------->
<---- Study 2 - Single_Muon_Diagnostic/解 2 (sol2) 中的“瞬态求解器 1” ------------------
开始于 2026年9月4日 10:12:06。
瞬态求解器（广义 α）
求解的自由度数：3（加上 4 个内部自由度）。
找到非对称矩阵。
缩放因变量：
颗粒位置 (comp1.qcpt): 1
Step        Time    Stepsize      Res  Jac  Sol Order Tfail NLfail LinIt   LinErr   LinRes
   0           0           - out    2    3    2                  0     0        0        0
   1    6.25e-11    6.25e-11       10    7   10     2     3      0    18  4.8e-08        -
   4     2.5e-10    6.25e-11       16    7   16     2     3      0    27  8.8e-07        -
   9   5.625e-10    6.25e-11       26    7   26     2     3      0    47  3.1e-10        -
  12  7.4375e-10   5.625e-11       36    8   36     2     3      0    66  1.2e-07        -
  15   9.125e-10   5.625e-11       42    9   42     2     3      0    76  2.2e-10        -
  17       1e-09   4.375e-11 out   50   11   50     2     3      0    90    4e-08        -
  22  1.2187e-09   4.375e-11       60   11   60     2     3      0   105  8.5e-07        -
  25    1.35e-09   4.375e-11       66   11   66     2     3      0   117  6.7e-11        -
  28  1.4687e-09   3.125e-11       76   12   76     2     3      0   136  7.2e-09        -
  30  1.5313e-09   3.125e-11       80   13   80     2     3      0   142  3.5e-08        -
  34  1.6563e-09   3.125e-11       88   13   88     2     3      0   154  1.4e-07        -
  39  1.8438e-09    6.25e-11       98   14   98     2     3      0   169  2.2e-07        -
  41  1.9531e-09  4.6875e-11      106   15  106     2     3      0   184  5.5e-08        -
  45  2.1406e-09  4.6875e-11      114   16  114     2     3      0   196  7.1e-07        -
  49  2.3281e-09  4.6875e-11      122   16  122     2     3      0   211  1.4e-10        -
  52  2.4609e-09  3.9063e-11      132   17  132     2     3      0   230  2.2e-08        -
  56  2.6172e-09  3.9063e-11      140   18  140     2     3      0   242  2.6e-07        -
  59  2.7344e-09  3.9063e-11      146   18  146     2     3      0   251    5e-07        -
  64  2.9297e-09  3.9063e-11      156   18  156     2     3      0   266  9.1e-07        -
  67  3.0352e-09  3.5156e-11      168   18  168     2     3      0   290  1.1e-09        -
  69  3.1055e-09  3.5156e-11      176   18  176     2     3      0   306  1.1e-09        -
  72  3.2109e-09  3.5156e-11      188   18  188     2     3      0   330  1.1e-09        -
  75  3.3164e-09  3.5156e-11      200   18  200     2     3      0   354    1e-09        -
           当前进度:   7 % - 正在组装残差
Memory: 1261/1691 1271/2011
  77  3.3867e-09  3.5156e-11      208   18  208     2     3      0   370    1e-09        -
  79   3.457e-09  3.5156e-11      216   18  216     2     3      0   386    1e-09        -
  81     3.5e-09  2.1484e-11 out  220   19  220     2     3      0   392  2.7e-09        -
  83  3.5859e-09  4.2969e-11      224   20  224     2     3      0   398  8.6e-08        -
  87  3.7578e-09  4.2969e-11      232   20  232     2     3      0   410  3.6e-07        -
  91  3.9297e-09  4.2969e-11      240   20  240     2     3      0   422  6.2e-07        -
  93       4e-09  3.5156e-11 out  248   22  248     2     3      0   436  6.6e-09        -
  97  4.1406e-09  3.5156e-11      256   22  256     2     3      0   448  1.1e-07        -
 102  4.3164e-09  3.5156e-11      266   22  266     2     3      0   463  2.5e-07        -
 106   4.457e-09  3.5156e-11      274   22  274     2     3      0   475  3.6e-07        -
 107     4.5e-09  4.2969e-11 out  280   23  280     2     3      0   486  2.1e-08        -
 110  4.6289e-09  4.2969e-11      286   24  286     2     3      0   495    2e-07        -
 115  4.8438e-09  4.2969e-11      296   24  296     2     3      0   510  6.5e-07        -
 118  4.9648e-09  3.5156e-11      306   25  306     2     3      0   527  8.7e-09        -
 121  5.1055e-09  7.0312e-11      312   27  312     2     3      0   536  2.8e-07        -
 122  5.1687e-09  6.3281e-11      318   28  318     2     3      0   547  1.7e-07        -
 124  5.2953e-09  6.3281e-11      322   29  322     2     3      0   553  8.6e-07        -
 126  5.4155e-09  5.6953e-11      330   30  330     2     3      0   568  9.9e-08        -
 128     5.5e-09  4.2227e-11 out  334   31  334     2     3      0   574  1.1e-07        -
 132  5.6689e-09  4.2227e-11      342   31  342     2     3      0   586  4.6e-07        -
 136  5.8378e-09  4.2227e-11      350   31  350     2     3      0   598  8.2e-07        -
 138  5.9223e-09  4.2227e-11      354   31  354     2     3      0   604    1e-06        -
 140       6e-09  3.8867e-11 out  362   31  362     2     3      0   620  6.4e-10        -
 143  6.1166e-09  3.8867e-11      374   31  374     2     3      0   644  6.4e-10        -
 145  6.1943e-09  3.8867e-11      382   31  382     2     3      0   660  6.5e-10        -
 147  6.2721e-09  3.8867e-11      390   31  390     2     3      0   676  6.5e-10        -
 149  6.3498e-09  3.8867e-11      398   31  398     2     3      0   692  6.4e-10        -
 152  6.4638e-09  3.6231e-11      412   32  412     2     3      0   719  1.4e-08        -
 154  6.5362e-09  3.6231e-11      416   33  416     2     3      0   725  7.3e-08        -
 159  6.7174e-09  3.6231e-11      426   33  426     2     3      0   740    4e-07        -
 163  6.8623e-09  3.6231e-11      434   33  434     2     3      0   752    7e-07        -
 166  6.9674e-09  3.2616e-11      444   34  444     2     3      0   769  1.3e-08        -
 169  7.0652e-09  3.2616e-11      450   35  450     2     3      0   778  1.3e-07        -
 172  7.1631e-09  3.2616e-11      456   35  456     2     3      0   787  3.1e-07        -
 176  7.2935e-09  3.2616e-11      464   35  464     2     3      0   799  5.7e-07        -
 181  7.4566e-09  3.2616e-11      474   35  474     2     3      0   814  9.1e-07        -
 184  7.5434e-09   4.337e-11      480   37  480     2     3      0   823  7.4e-08        -
 188  7.7168e-09   4.337e-11      488   37  488     2     3      0   836  1.2e-10        -
 192  7.8903e-09   4.337e-11      496   37  496     2     3      0   852  1.9e-10        -
 194  7.9668e-09  3.3151e-11      504   38  504     2     3      0   867  1.7e-08        -
 197  8.0663e-09  3.3151e-11      510   39  510     2     3      0   876  1.5e-07        -
 202  8.2321e-09  3.3151e-11      520   39  520     2     3      0   891  4.2e-07        -
           当前进度:   8 % - 正在组装残差
 206  8.3647e-09  3.3151e-11      528   39  528     2     3      0   903  5.9e-07        -
 210  8.4821e-09  1.7941e-11      536   40  536     2     3      0   915  5.7e-10        -
 213  8.5718e-09  3.5882e-11      542   41  542     2     3      0   924  8.7e-08        -
 217  8.7153e-09  3.5882e-11      550   41  550     2     3      0   936  3.4e-07        -
 221  8.8588e-09  3.5882e-11      558   41  558     2     3      0   948  5.6e-07        -
 224  8.9653e-09  3.4708e-11      565   41  565     2     3      0   960  2.2e-10        -
 227  9.1304e-09  6.1003e-11      576   43  576     2     3      0   980  2.3e-07        -
 231  9.3744e-09  6.1003e-11      584   44  584     2     3      0   995  8.7e-10        -
 235  9.5323e-09  3.2283e-11      592   45  592     2     3      0  1008  8.5e-08        -
 238   9.726e-09  6.4567e-11      598   46  598     2     3      0  1019  9.8e-10        -
 241  9.9132e-09   5.811e-11      608   47  608     2     3      0  1038  1.7e-07        -
 244  1.0043e-08  4.3386e-11      614   48  614     2     3      0  1047  3.2e-07        -
 249   1.026e-08  4.3386e-11      624   48  624     2     3      0  1063  2.3e-10        -
 253  1.0434e-08  4.3386e-11      632   48  632     2     3      0  1079  3.3e-10        -
 255    1.05e-08   3.307e-11 out  640   50  640     2     3      0  1093  6.6e-09        -
 260  1.0665e-08   3.307e-11      650   50  650     2     3      0  1108  1.3e-07        -
 264  1.0798e-08   3.307e-11      658   50  658     2     3      0  1120  2.2e-07        -
 269  1.0963e-08   3.307e-11      668   50  668     2     3      0  1135  3.3e-07        -
 272  1.1037e-08  3.7023e-11      674   52  674     2     3      0  1144  9.1e-09        -
 275  1.1148e-08  3.7023e-11      680   52  680     2     3      0  1153  1.2e-07        -
 280  1.1333e-08  3.7023e-11      690   52  690     2     3      0  1168  2.9e-07        -
 284  1.1472e-08  2.7862e-11      702   53  702     2     3      0  1188  2.1e-09        -
 287  1.1611e-08  5.5725e-11      708   55  708     2     3      0  1197  3.4e-07        -
 292   1.189e-08  5.5725e-11      718   55  718     2     3      0  1215  9.8e-10        -
 296   1.211e-08  5.4964e-11      726   55  726     2     3      0  1231  5.3e-09        -
 301  1.2385e-08  5.4964e-11      736   55  736     2     3      0  1251  5.2e-09        -
 304    1.25e-08  3.0145e-11 out  742   56  742     2     3      0  1261  2.1e-08        -
 308  1.2741e-08   6.029e-11      750   57  750     2     3      0  1275    1e-09        -
 312  1.2961e-08  3.8985e-11      758   58  758     2     3      0  1290  1.6e-08        -
 316  1.3117e-08  3.8985e-11      766   58  766     2     3      0  1302  2.7e-07        -
 321  1.3312e-08  3.8985e-11      776   58  776     2     3      0  1317    6e-07        -
 325  1.3464e-08  3.5582e-11      786   58  786     2     3      0  1334    4e-10        -
 327  1.3571e-08  7.1163e-11      792   59  792     2     3      0  1345  3.5e-07        -
 329   1.369e-08  5.9597e-11      800   61  800     2     3      0  1359  1.5e-07        -
 330  1.3744e-08  5.3638e-11      806   62  806     2     3      0  1370  9.5e-08        -
 333  1.3905e-08  5.3638e-11      812   63  812     2     3      0  1379  9.2e-07        -
 335     1.4e-08  4.7546e-11 out  820   65  820     2     3      0  1393  6.1e-08        -
 339   1.419e-08  4.7546e-11      828   65  828     2     3      0  1406  3.2e-10        -
 343   1.438e-08  4.7546e-11      836   65  836     2     3      0  1422  5.7e-10        -
 345  1.4464e-08  3.6045e-11      844   66  844     2     3      0  1437  2.2e-08        -
 348  1.4572e-08  3.6045e-11      850   67  850     2     3      0  1446  2.1e-07        -
 353  1.4752e-08  3.6045e-11      860   67  860     2     3      0  1461    7e-07        -
 357  1.4896e-08  3.6045e-11      868   67  868     2     3      0  1474  1.5e-10        -
 360     1.5e-08  3.3729e-11 out  878   67  878     2     3      0  1494  5.7e-11        -
-          当前进度:  10 % - 
 363  1.5101e-08  3.3729e-11      890   67  890     2     3      0  1518  5.7e-11        -
 366  1.5202e-08  3.3729e-11      902   67  902     2     3      0  1542  5.9e-11        -
 369  1.5304e-08  3.3729e-11      914   67  914     2     3      0  1566  6.1e-11        -
 372  1.5405e-08  3.3729e-11      926   67  926     2     3      0  1590  6.4e-11        -
 374  1.5469e-08  3.0764e-11      935   68  935     2     3      0  1607  9.6e-09        -
 376  1.5531e-08  3.0764e-11      939   69  939     2     3      0  1613    5e-08        -
 381  1.5685e-08  3.0764e-11      949   69  949     2     3      0  1628  2.3e-07        -
 385  1.5808e-08  3.0764e-11      957   69  957     2     3      0  1640  3.6e-07        -
 388  1.5931e-08  6.1528e-11      963   70  963     2     3      0  1649  2.8e-07        -
 392  1.6069e-08  3.4651e-11      971   71  971     2     3      0  1661  1.9e-07        -
 395  1.6232e-08  5.8649e-11      981   73  981     2     3      0  1678    2e-07        -
 398  1.6408e-08  5.8649e-11      987   74  987     2     3      0  1688  7.1e-10        -
 399  1.6454e-08  4.6074e-11      993   75  993     2     3      0  1699    6e-08        -
 402  1.6592e-08  4.6074e-11      999   76  999     2     3      0  1708  5.3e-07        -
 406  1.6796e-08  6.5209e-11     1009   78 1009     2     4      0  1726  3.5e-07        -
 408  1.6913e-08  5.8688e-11     1017   80 1017     2     4      0  1740  2.1e-07        -
 410     1.7e-08  4.3522e-11 out 1025   82 1025     2     4      0  1754  4.7e-08        -
 412  1.7108e-08   6.452e-11     1031   84 1031     2     5      0  1764  3.5e-07        -
 413  1.7166e-08  5.8068e-11     1037   85 1037     2     5      0  1775    2e-07        -
 416   1.734e-08  5.8068e-11     1043   86 1043     2     5      0  1785  7.3e-10        -
 418  1.7449e-08  5.0807e-11     1051   87 1051     2     5      0  1800  8.7e-08        -
 421  1.7602e-08  5.0807e-11     1057   88 1057     2     5      0  1809  6.8e-07        -
 426  1.7856e-08  5.0807e-11     1067   88 1067     2     5      0  1828  9.8e-10        -
 429     1.8e-08   4.677e-11 out 1077   88 1077     2     5      0  1848  4.7e-10        -
 432   1.814e-08   4.677e-11     1089   88 1089     2     5      0  1872  5.3e-10        -
 434  1.8234e-08   4.677e-11     1097   88 1097     2     5      0  1888  5.1e-10        -
 437  1.8374e-08   4.677e-11     1109   88 1109     2     5      0  1912  5.3e-10        -
 439   1.846e-08  3.9534e-11     1119   89 1119     2     5      0  1931  1.3e-08        -
 443  1.8619e-08  3.9534e-11     1127   90 1127     2     5      0  1943  1.6e-07        -
 448  1.8816e-08  3.9534e-11     1137   90 1137     2     5      0  1958  4.1e-07        -
 452  1.8967e-08  3.2561e-11     1149   91 1149     2     5      0  1978  5.2e-09        -
 455   1.913e-08  6.5122e-11     1155   93 1155     2     5      0  1987  8.6e-07        -
 459  1.9391e-08  6.5122e-11     1163   93 1163     2     5      0  2003  3.5e-09        -
 461    1.95e-08  5.4635e-11 out 1171   95 1171     2     5      0  2017  8.1e-08        -
 466  1.9773e-08  5.4635e-11     1181   95 1181     2     5      0  2035  1.2e-09        -
 470  1.9969e-08  3.1461e-11     1189   96 1189     2     5      0  2050  5.8e-09        -
 474  2.0157e-08  6.2921e-11     1197   97 1197     2     5      0  2062  9.1e-07        -
 478  2.0409e-08  6.2921e-11     1205   97 1205     2     5      0  2078  2.8e-09        -
 480    2.05e-08  4.5506e-11 out 1213   99 1213     2     5      0  2092  3.6e-08        -
 485  2.0728e-08  4.5506e-11     1223   99 1223     2     5      0  2107  7.9e-07        -
 489   2.091e-08  4.5506e-11     1231   99 1231     2     5      0  2122  7.1e-10        -
 494  2.1136e-08  4.5221e-11     1241   99 1241     2     5      0  2142  5.9e-10        -
 499  2.1362e-08  4.5221e-11     1251   99 1251     2     5      0  2162  8.5e-10        -
 502  2.1476e-08  2.3896e-11     1257  100 1257     2     5      0  2173  2.1e-09        -
 506  2.1643e-08  4.7792e-11     1265  101 1265     2     5      0  2185  6.3e-07        -
 512   2.193e-08  4.7792e-11     1277  101 1277     2     5      0  2208  9.2e-10        -
-          当前进度:  11 % - 正在组装残差
 514     2.2e-08  3.4937e-11 out 1285  103 1285     2     5      0  2222  1.7e-08        -
 519  2.2175e-08  3.4937e-11     1295  103 1295     2     5      0  2237  3.6e-07        -
 524  2.2349e-08  3.4937e-11     1305  103 1305     2     5      0  2252  6.9e-07        -
 527  2.2454e-08  3.4937e-11     1311  103 1311     2     5      0  2261  8.8e-07        -
 530  2.2546e-08  4.5822e-11     1317  105 1317     2     5      0  2270  6.4e-08        -
 534  2.2729e-08  4.5822e-11     1325  105 1325     2     5      0  2283  3.7e-10        -
 539  2.2956e-08  4.3801e-11     1336  105 1336     2     5      0  2305  3.5e-10        -
 543  2.3131e-08  4.3801e-11     1348  105 1348     2     5      0  2329  2.7e-10        -
 547  2.3307e-08  4.3801e-11     1360  105 1360     2     5      0  2353  1.6e-10        -
 551  2.3469e-08  3.0994e-11     1375  106 1375     2     5      0  2382  7.7e-09        -
 554  2.3593e-08  6.1989e-11     1381  108 1381     2     5      0  2391  2.4e-07        -
 558  2.3841e-08  6.1989e-11     1389  108 1389     2     5      0  2407  2.3e-09        -
 560  2.3951e-08  4.8536e-11     1397  109 1397     2     5      0  2422  7.6e-08        -
 563  2.4097e-08  4.8536e-11     1403  110 1403     2     5      0  2431  6.5e-07        -
 564  2.4166e-08  6.8852e-11     1407  112 1407     2     6      0  2438  4.8e-07        -
 566   2.429e-08  6.1967e-11     1415  114 1415     2     6      0  2452  2.9e-07        -
 569  2.4457e-08  4.3104e-11     1425  115 1425     2     6      0  2471  4.6e-08        -
 572  2.4609e-08  6.5852e-11     1433  118 1433     2     7      0  2484  3.7e-07        -
 573  2.4668e-08  5.9267e-11     1439  119 1439     2     7      0  2495  2.1e-07        -
 576  2.4846e-08  5.9267e-11     1445  120 1445     2     7      0  2505    1e-09        -
 578  2.4953e-08  4.7356e-11     1453  121 1453     2     7      0  2520  5.3e-08        -
 582  2.5142e-08  4.7356e-11     1461  122 1461     2     7      0  2532    6e-07        -
 587  2.5379e-08  4.7356e-11     1471  122 1471     2     7      0  2550  9.6e-10        -
 589  2.5463e-08  3.6898e-11     1479  123 1479     2     7      0  2565    1e-08        -
 591  2.5537e-08  3.6898e-11     1483  124 1483     2     7      0  2571  4.8e-08        -
 596  2.5721e-08  3.6898e-11     1493  124 1493     2     7      0  2586  2.3e-07        -
 601  2.5906e-08  3.6898e-11     1503  124 1503     2     7      0  2601  4.1e-07        -
 603  2.5971e-08  2.8613e-11     1511  125 1511     2     7      0  2615  2.4e-09        -
 606  2.6114e-08  5.7226e-11     1517  127 1517     2     7      0  2624  3.8e-07        -
 610  2.6343e-08  5.7226e-11     1525  127 1525     2     7      0  2638    2e-09        -
 612   2.645e-08  4.9708e-11     1533  128 1533     2     7      0  2653    4e-08        -
 616  2.6649e-08  4.9708e-11     1541  129 1541     2     7      0  2665  5.4e-07        -
 620  2.6848e-08  4.9708e-11     1549  129 1549     2     7      0  2679  1.2e-09        -
 624     2.7e-08  2.6315e-11 out 1557  130 1557     2     7      0  2693    1e-08        -
 628  2.7211e-08  5.2629e-11     1565  131 1565     2     7      0  2705  8.9e-07        -
 633  2.7461e-08  3.9483e-11     1579  132 1579     2     7      0  2732  1.7e-08        -
 636   2.765e-08  7.0911e-11     1589  135 1589     2     7      0  2749  3.2e-07        -
 638  2.7785e-08  6.3819e-11     1597  137 1597     2     7      0  2763  1.9e-07        -
 641  2.7956e-08  4.3878e-11     1607  139 1607     2     7      0  2780    3e-08        -
 643  2.8068e-08  6.7881e-11     1613  142 1613     2     8      0  2789  2.7e-07        -
 644  2.8129e-08  6.1093e-11     1619  143 1619     2     8      0  2800  1.6e-07        -
 646  2.8251e-08  6.1093e-11     1623  144 1623     2     8      0  2806  8.3e-07        -
 650  2.8467e-08   3.278e-11     1631  145 1631     2     8      0  2821  6.8e-09        -
 652  2.8533e-08   3.278e-11     1635  145 1635     2     8      0  2827  6.3e-08        -
-          当前进度:  12 % - 组装矩阵
 654  2.8657e-08  5.9003e-11     1643  147 1643     2     8      0  2841  1.4e-07        -
 656  2.8775e-08  5.9003e-11     1647  148 1647     2     8      0  2847    7e-07        -
 659  2.8947e-08  5.3322e-11     1657  149 1657     2     8      0  2866  8.8e-08        -
 662  2.9107e-08  5.3322e-11     1663  150 1663     2     8      0  2875  8.2e-07        -
 665  2.9267e-08  5.3322e-11     1669  150 1669     2     8      0  2887  1.3e-09        -
 668  2.9427e-08  5.3322e-11     1675  150 1675     2     8      0  2899    2e-09        -
 670    2.95e-08  3.6712e-11 out 1683  152 1683     2     8      0  2913  1.6e-08        -
 675  2.9684e-08  3.6712e-11     1693  152 1693     2     8      0  2928  3.2e-07        -
 680  2.9867e-08  3.6712e-11     1703  152 1703     2     8      0  2943    6e-07        -
 683   2.997e-08  2.9726e-11     1713  153 1713     2     8      0  2960  5.5e-09        -
 686  3.0059e-08  2.9726e-11     1719  154 1719     2     8      0  2969  4.8e-08        -
 691  3.0208e-08  2.9726e-11     1729  154 1729     2     8      0  2984  1.5e-07        -
 695  3.0327e-08  2.9726e-11     1737  154 1737     2     8      0  2996  2.2e-07        -
 698    3.05e-08  5.6783e-11 out 1745  155 1745     2     8      0  3011  3.5e-09        -
 702  3.0727e-08  5.6783e-11     1757  155 1757     2     8      0  3035  3.4e-09        -
 705  3.0897e-08  5.6783e-11     1766  155 1766     2     8      0  3053  3.1e-09        -
 706  3.0949e-08  5.1258e-11     1772  156 1772     2     8      0  3064    9e-08        -
 710  3.1154e-08  5.1258e-11     1780  157 1780     2     8      0  3077  6.5e-10        -
 713  3.1308e-08  5.1258e-11     1786  157 1786     2     8      0  3089  1.2e-09        -
 717  3.1572e-08  7.2445e-11     1798  159 1798     2     8      0  3112  5.5e-07        -
 719   3.171e-08  6.5201e-11     1806  161 1806     2     8      0  3126  3.1e-07        -
 723  3.1953e-08  4.7153e-11     1818  163 1818     2     8      0  3148  5.5e-08        -
 725  3.2047e-08  4.7153e-11     1822  164 1822     2     8      0  3154  2.6e-07        -
 726  3.2114e-08   6.708e-11     1826  166 1826     2     9      0  3161  3.1e-07        -
 727  3.2175e-08  6.0372e-11     1832  167 1832     2     9      0  3172  1.9e-07        -
 731  3.2416e-08  6.0372e-11     1840  168 1840     2     9      0  3186  1.7e-09        -
 732  3.2458e-08  4.1954e-11     1846  169 1846     2     9      0  3197    2e-08        -
 735  3.2584e-08  4.1954e-11     1852  170 1852     2     9      0  3206  1.7e-07        -
 739  3.2752e-08  4.1954e-11     1860  170 1860     2     9      0  3218  4.6e-07        -
 744   3.296e-08   4.023e-11     1870  170 1870     2     9      0  3234  2.3e-09        -
 746  3.3062e-08  6.2235e-11     1876  172 1876     2    10      0  3244    1e-07        -
 748  3.3174e-08  5.6011e-11     1884  172 1884     2    10      0  3260  1.9e-09        -
 751  3.3342e-08  5.6011e-11     1896  172 1896     2    10      0  3284  1.9e-09        -
 753  3.3449e-08  5.0849e-11     1906  173 1906     2    10      0  3303  3.5e-08        -
 756  3.3602e-08  5.0849e-11     1912  174 1912     2    10      0  3312  3.2e-07        -
 761  3.3856e-08  5.0849e-11     1922  174 1922     2    10      0  3328  1.4e-09        -
 764     3.4e-08  4.6603e-11 out 1932  174 1932     2    10      0  3348  5.1e-10        -
 766  3.4093e-08  4.6603e-11     1940  174 1940     2    10      0  3364    5e-10        -
 769  3.4233e-08  4.6603e-11     1952  174 1952     2    10      0  3388  4.6e-10        -
 771  3.4326e-08  4.6603e-11     1960  174 1960     2    10      0  3404  4.2e-10        -
 774   3.446e-08  4.0286e-11     1974  175 1974     2    10      0  3431  1.4e-08        -
 777  3.4621e-08  8.0572e-11     1980  177 1980     2    10      0  3440  5.9e-07        -
 779  3.4766e-08  7.2515e-11     1988  179 1988     2    10      0  3454  2.5e-07        -
-          当前进度:  13 % - 组装稀疏模式
 782  3.4955e-08  4.4541e-11     1994  180 1994     2    10      0  3465  2.3e-08        -
 785  3.5134e-08  8.9081e-11     2000  181 2000     2    10      0  3474  7.4e-07        -
 787    3.55e-08  1.8822e-10 out 2002  182 2002     2    10      0  3474        0        -
 791     3.7e-08       5e-10 out 2006  183 2006     2    10      0  3474        0        -
 797       4e-08       5e-10 out 2012  183 2012     2    10      0  3474        0        -
 805     4.4e-08       5e-10 out 2020  183 2020     2    10      0  3474        0        -
 814    4.85e-08       5e-10 out 2029  183 2029     2    10      0  3474        0        -
 821     5.2e-08       5e-10 out 2036  183 2036     2    10      0  3474        0        -
 829     5.6e-08       5e-10 out 2044  183 2044     2    10      0  3474        0        -
 837       6e-08       5e-10 out 2052  183 2052     2    10      0  3474        0        -
 844    6.35e-08       5e-10 out 2059  183 2059     2    10      0  3474        0        -
 849     6.6e-08       5e-10 out 2064  183 2064     2    10      0  3474        0        -
 857       7e-08       5e-10 out 2072  183 2072     2    10      0  3474        0        -
 865     7.4e-08       5e-10 out 2080  183 2080     2    10      0  3474        0        -
 874    7.85e-08       5e-10 out 2089  183 2089     2    10      0  3474        0        -
 883     8.3e-08       5e-10 out 2098  183 2098     2    10      0  3474        0        -
 892    8.75e-08       5e-10 out 2107  183 2107     2    10      0  3474        0        -
 901     9.2e-08       5e-10 out 2116  183 2116     2    10      0  3474        0        -
 910    9.65e-08       5e-10 out 2125  183 2125     2    10      0  3474        0        -
 918   1.005e-07       5e-10 out 2133  183 2133     2    10      0  3474        0        -
 926   1.045e-07       5e-10 out 2141  183 2141     2    10      0  3474        0        -
 935    1.09e-07       5e-10 out 2150  183 2150     2    10      0  3474        0        -
 944   1.135e-07       5e-10 out 2159  183 2159     2    10      0  3474        0        -
 954   1.185e-07       5e-10 out 2169  183 2169     2    10      0  3474        0        -
 962   1.225e-07       5e-10 out 2177  183 2177     2    10      0  3474        0        -
 967    1.25e-07       5e-10 out 2182  183 2182     2    10      0  3474        0        -
 976   1.295e-07       5e-10 out 2191  183 2191     2    10      0  3474        0        -
 983    1.33e-07       5e-10 out 2198  183 2198     2    10      0  3474        0        -
 990   1.365e-07       5e-10 out 2205  183 2205     2    10      0  3474        0        -
 999    1.41e-07       5e-10 out 2214  183 2214     2    10      0  3474        0        -
1008   1.455e-07       5e-10 out 2223  183 2223     2    10      0  3474        0        -
1017     1.5e-07       5e-10 out 2232  183 2232     2    10      0  3474        0        -
1026   1.545e-07       5e-10 out 2241  183 2241     2    10      0  3474        0        -
1034   1.585e-07       5e-10 out 2249  183 2249     2    10      0  3474        0        -
1043    1.63e-07       5e-10 out 2258  183 2258     2    10      0  3474        0        -
1052   1.675e-07       5e-10 out 2267  183 2267     2    10      0  3474        0        -
1059    1.71e-07       5e-10 out 2274  183 2274     2    10      0  3474        0        -
1068   1.755e-07       5e-10 out 2283  183 2283     2    10      0  3474        0        -
1077     1.8e-07       5e-10 out 2292  183 2292     2    10      0  3474        0        -
1085    1.84e-07       5e-10 out 2300  183 2300     2    10      0  3474        0        -
1093    1.88e-07       5e-10 out 2308  183 2308     2    10      0  3474        0        -
1100   1.915e-07       5e-10 out 2315  183 2315     2    10      0  3474        0        -
1106   1.945e-07       5e-10 out 2321  183 2321     2    10      0  3474        0        -
1115    1.99e-07       5e-10 out 2330  183 2330     2    10      0  3474        0        -
1124   2.035e-07       5e-10 out 2339  183 2339     2    10      0  3474        0        -
1131    2.07e-07       5e-10 out 2346  183 2346     2    10      0  3474        0        -
1139    2.11e-07       5e-10 out 2354  183 2354     2    10      0  3474        0        -
1148   2.155e-07       5e-10 out 2363  183 2363     2    10      0  3474        0        -
1156   2.195e-07       5e-10 out 2371  183 2371     2    10      0  3474        0        -
1165    2.24e-07       5e-10 out 2380  183 2380     2    10      0  3474        0        -
1174   2.285e-07       5e-10 out 2389  183 2389     2    10      0  3474        0        -
1183    2.33e-07       5e-10 out 2398  183 2398     2    10      0  3474        0        -
-----      当前进度:  50 % - 
1191    2.37e-07       5e-10 out 2406  183 2406     2    10      0  3474        0        -
1200   2.415e-07       5e-10 out 2415  183 2415     2    10      0  3474        0        -
1207    2.45e-07       5e-10 out 2422  183 2422     2    10      0  3474        0        -
1215    2.49e-07       5e-10 out 2430  183 2430     2    10      0  3474        0        -
1222   2.525e-07       5e-10 out 2437  183 2437     2    10      0  3474        0        -
1230   2.565e-07       5e-10 out 2445  183 2445     2    10      0  3474        0        -
1238   2.605e-07       5e-10 out 2453  183 2453     2    10      0  3474        0        -
1244   2.635e-07       5e-10 out 2459  183 2459     2    10      0  3474        0        -
1252   2.675e-07       5e-10 out 2467  183 2467     2    10      0  3474        0        -
1258   2.705e-07       5e-10 out 2473  183 2473     2    10      0  3474        0        -
1266   2.745e-07       5e-10 out 2481  183 2481     2    10      0  3474        0        -
1275    2.79e-07       5e-10 out 2490  183 2490     2    10      0  3474        0        -
1280   2.815e-07       5e-10 out 2495  183 2495     2    10      0  3474        0        -
1288   2.855e-07       5e-10 out 2503  183 2503     2    10      0  3474        0        -
1296   2.895e-07       5e-10 out 2511  183 2511     2    10      0  3474        0        -
1302   2.925e-07       5e-10 out 2517  183 2517     2    10      0  3474        0        -
1309    2.96e-07       5e-10 out 2524  183 2524     2    10      0  3474        0        -
1317       3e-07       5e-10 out 2532  183 2532     2    10      0  3474        0        -
1323    3.03e-07       5e-10 out 2538  183 2538     2    10      0  3474        0        -
1331    3.07e-07       5e-10 out 2546  183 2546     2    10      0  3474        0        -
1339    3.11e-07       5e-10 out 2554  183 2554     2    10      0  3474        0        -
1346   3.145e-07       5e-10 out 2561  183 2561     2    10      0  3474        0        -
1354   3.185e-07       5e-10 out 2569  183 2569     2    10      0  3474        0        -
1363    3.23e-07       5e-10 out 2578  183 2578     2    10      0  3474        0        -
1370   3.265e-07       5e-10 out 2585  183 2585     2    10      0  3474        0        -
1379    3.31e-07       5e-10 out 2594  183 2594     2    10      0  3474        0        -
1388   3.355e-07       5e-10 out 2603  183 2603     2    10      0  3474        0        -
1394   3.385e-07       5e-10 out 2609  183 2609     2    10      0  3474        0        -
1402   3.425e-07       5e-10 out 2617  183 2617     2    10      0  3474        0        -
1411    3.47e-07       5e-10 out 2626  183 2626     2    10      0  3474        0        -
1416   3.495e-07       5e-10 out 2631  183 2631     2    10      0  3474        0        -
1425    3.54e-07       5e-10 out 2640  183 2640     2    10      0  3474        0        -
1433    3.58e-07       5e-10 out 2648  183 2648     2    10      0  3474        0        -
1441    3.62e-07       5e-10 out 2656  183 2656     2    10      0  3474        0        -
1449    3.66e-07       5e-10 out 2664  183 2664     2    10      0  3474        0        -
1458   3.705e-07       5e-10 out 2673  183 2673     2    10      0  3474        0        -
1466   3.745e-07       5e-10 out 2681  183 2681     2    10      0  3474        0        -
1475    3.79e-07       5e-10 out 2690  183 2690     2    10      0  3474        0        -
1483    3.83e-07       5e-10 out 2698  183 2698     2    10      0  3474        0        -
1491    3.87e-07       5e-10 out 2706  183 2706     2    10      0  3474        0        -
1499    3.91e-07       5e-10 out 2714  183 2714     2    10      0  3474        0        -
1506   3.945e-07       5e-10 out 2721  183 2721     2    10      0  3474        0        -
1515    3.99e-07       5e-10 out 2730  183 2730     2    10      0  3474        0        -
1524   4.035e-07       5e-10 out 2739  183 2739     2    10      0  3474        0        -
1530   4.065e-07       5e-10 out 2745  183 2745     2    10      0  3474        0        -
1539    4.11e-07       5e-10 out 2754  183 2754     2    10      0  3474        0        -
1548   4.155e-07       5e-10 out 2763  183 2763     2    10      0  3474        0        -
1557     4.2e-07       5e-10 out 2772  183 2772     2    10      0  3474        0        -
1566   4.245e-07       5e-10 out 2781  183 2781     2    10      0  3474        0        -
1575    4.29e-07       5e-10 out 2790  183 2790     2    10      0  3474        0        -
1583    4.33e-07       5e-10 out 2798  183 2798     2    10      0  3474        0        -
1591    4.37e-07       5e-10 out 2806  183 2806     2    10      0  3474        0        -
--------   当前进度:  89 % - 正在组装残差
1598   4.405e-07       5e-10 out 2813  183 2813     2    10      0  3474        0        -
1606   4.445e-07       5e-10 out 2821  183 2821     2    10      0  3474        0        -
1615    4.49e-07       5e-10 out 2830  183 2830     2    10      0  3474        0        -
1622   4.525e-07       5e-10 out 2837  183 2837     2    10      0  3474        0        -
1630   4.565e-07       5e-10 out 2845  183 2845     2    10      0  3474        0        -
1639    4.61e-07       5e-10 out 2854  183 2854     2    10      0  3474        0        -
1645    4.64e-07       5e-10 out 2860  183 2860     2    10      0  3474        0        -
1653    4.68e-07       5e-10 out 2868  183 2868     2    10      0  3474        0        -
1662   4.725e-07       5e-10 out 2877  183 2877     2    10      0  3474        0        -
1669    4.76e-07       5e-10 out 2884  183 2884     2    10      0  3474        0        -
1677     4.8e-07       5e-10 out 2892  183 2892     2    10      0  3474        0        -
1686   4.845e-07       5e-10 out 2901  183 2901     2    10      0  3474        0        -
1691    4.87e-07       5e-10 out 2906  183 2906     2    10      0  3474        0        -
1698   4.905e-07       5e-10 out 2913  183 2913     2    10      0  3474        0        -
1707    4.95e-07       5e-10 out 2922  183 2922     2    10      0  3474        0        -
1714   4.985e-07       5e-10 out 2929  183 2929     2    10      0  3474        0        -
1717       5e-07       5e-10 out 2932  183 2932     2    10      0  3474        0        -
---------- 当前进度: 100 % - 
求解时间：4 s。
物理内存: 1.26 GB
虚拟内存: 1.27 GB
结束时间：2026年9月4日 10:12:10。
----- Study 2 - Single_Muon_Diagnostic/解 2 (sol2) 中的“瞬态求解器 1” ----------------->
           当前进度:   0 % - 
Memory: 1248/1691 1257/2011
-          当前进度:  14 % - 正在计算
--         当前进度:  23 % - 正在计算
---        当前进度:  31 % - 正在计算
---        当前进度:  39 % - 正在计算
----       当前进度:  47 % - 正在计算
-----      当前进度:  55 % - 正在计算
------     当前进度:  62 % - 正在计算
-------    当前进度:  70 % - 正在计算
-------    当前进度:  76 % - 正在计算
--------   当前进度:  83 % - 正在计算
---------  当前进度:  90 % - 正在计算
---------  当前进度:  97 % - 正在计算
---------- 当前进度: 100 % - 正在计算
           当前进度:   0 % - 
---        当前进度:  34 % - 正在计算
---------  当前进度:  95 % - 正在计算
Memory: 1245/1691 1254/2011
BRIDGE_CASE_COMPLETE=bridge_gap40p4_V12_2kV_V23_5kV
CHECKPOINT_TRANSPORT_BRIDGE_SAVED=E:\imp\imp\project\muon-ion_beam\stage1_3d_feasibility\temporary\results\stage1_3d_after_transport_bridge.mph
TRANSPORT_BRIDGE_COMPLETE
类运行时: 203 s.
总时间: 203 s.
